prompt,regime,layer,head,T,entropy,gini,value_spectral,margin_top16,mass_top16,oracle_rl2_s16,jl_rl2_s16,quant4_rl2
short_qa,short,0,0,44,1.67835322666034,0.8791341724143706,0.04463648828029218,0.4048867844517048,0.9759219442638304,0.02550623836625111,0.3483373500373473,0.32889758966205734
short_qa,short,0,1,44,0.007229709560885638,0.9771911758401731,0.04463648828029218,0.18859498840652122,0.9999991494322752,7.210902598054535e-07,0.062022315035450214,0.7107373365516322
short_qa,short,0,2,44,2.6755842367392573,0.7075553730045064,0.04463648828029218,0.06692754115607613,0.8610868402087529,0.15361797374479516,0.3050068273788421,0.5938525321309839
short_qa,short,0,3,44,3.199307437880459,0.5220105193614487,0.04463648828029218,0.04014889892224005,0.7266181237915919,0.22449799295573258,0.4707009120164408,0.24673424558492568
short_qa,short,0,4,44,0.9753605163726061,0.9487217364725158,0.04463648828029218,0.13266904158334114,0.9999989121659572,8.361449060360028e-07,4.647999752231107e-05,0.20290609558314862
short_qa,short,0,5,44,0.05560291162125228,0.9766401046785572,0.04463648828029218,0.3104403759964498,0.9999999999979823,1.0891744984444942e-12,3.805349138658587e-11,0.17301957860512632
short_qa,short,0,6,44,2.2884531918464273,0.8201181757530782,0.04463648828029218,0.09231005477585086,0.9519587946738478,0.023276944192019294,0.2342342209218465,0.31023939034717246
short_qa,short,0,7,44,2.746143518170536e-05,0.9772726379487242,0.20701054247703493,0.7491671903937345,0.9999999999989986,3.136446073828827e-15,5.430444460787005e-06,0.1982954483516108
short_qa,short,0,8,44,2.267373434142517,0.8332878776612488,0.20701054247703493,0.1930690890710025,0.9930024260083906,0.014044886885535646,0.10391734026155072,1.8716670674318876
short_qa,short,0,9,44,2.5115208774043403,0.7860658805684799,0.20701054247703493,0.11815432940590398,0.9428979395216018,0.05189827123527073,0.7561684919798644,0.42726882080494505
short_qa,short,0,10,44,3.3687501784135065,0.4850378549167271,0.20701054247703493,0.17075393378650006,0.7229215169948069,0.4556526428412384,0.8250339551949176,1.306172859482905
short_qa,short,0,11,44,1.214006844614353,0.9359816842086892,0.20701054247703493,0.061976774922442246,0.9939622603779299,0.006175042789222962,1.4785656552683395,0.6414920552476171
short_qa,short,0,12,44,3.1793809066319647,0.5939643962037809,0.20701054247703493,0.30176549430132127,0.8324029341592442,0.2031336650294639,1.2125324113345841,0.6906249734838358
short_qa,short,0,13,44,0.5985412905156475,0.9662753627792097,0.20701054247703493,0.9647789302593139,0.9999688204651123,2.7597530928705704e-05,1.1227812402078812,0.21848817270008317
short_qa,short,1,0,44,2.388801619007322,0.8125638742805599,0.26417271549636684,0.5295177452065483,0.9957201088731087,0.008968261220489224,0.01486949648699707,0.34221962374073983
short_qa,short,1,1,44,2.701113360926078,0.7453130104380951,0.26417271549636684,0.28400332165879616,0.9331734021717357,0.12324185600998587,0.14199917581301297,0.17973229182641093
short_qa,short,1,2,44,2.56357876357508,0.7776553270973768,0.26417271549636684,0.3129911169542172,0.9753715883732951,0.06984159922220454,0.1597987544969204,0.227710996093186
short_qa,short,1,3,44,3.1424794020511815,0.6024490855948864,0.26417271549636684,0.02187208461759571,0.8229219229474379,0.2079024778889652,0.46980151851490964,0.16505464710854126
short_qa,short,1,4,44,2.244613466385,0.831068427863266,0.26417271549636684,0.04081587663323116,0.9642610746353966,0.04179367436137023,0.06470831364706899,0.12839501389769578
short_qa,short,1,5,44,2.972111189120436,0.6389985891329999,0.26417271549636684,0.003952236546194587,0.8167899042015947,0.2580043873479741,1.302380864549379,0.15780017829835213
short_qa,short,1,6,44,2.3737557591088034,0.8142466855481124,0.26417271549636684,0.013022778175274086,0.9646881349386276,0.057685884219137076,0.14328763933633004,0.12212865830433219
short_qa,short,1,7,44,3.3403442375045826,0.5096985583773495,0.042272410849242145,0.05262877756928219,0.7368827620448393,0.07306456092895004,0.13094391482125067,0.17427743383547814
short_qa,short,1,8,44,1.2538514566637895,0.9379301684229113,0.042272410849242145,0.4628184340450687,0.9996435588348548,0.00023901524149129476,0.0011785991611126096,0.21061842300441364
short_qa,short,1,9,44,1.0306067834367592,0.9497651565741753,0.042272410849242145,0.6776142969828811,0.9995852676170094,0.00022267758490154995,0.008935226160337078,0.2746055943291656
short_qa,short,1,10,44,2.5698907083359415,0.7641241498954489,0.042272410849242145,0.0795108005060996,0.9232440458845523,0.027480053922752972,0.29410368529624004,0.11382064241767495
short_qa,short,1,11,44,2.691043985876657,0.7240763127821237,0.042272410849242145,0.039540531272734825,0.89338349095012,0.04439141311252189,0.4204474429324926,0.22685045410452398
short_qa,short,1,12,44,2.8195297514704074,0.6618384541000846,0.042272410849242145,0.06838733255065677,0.8307644444073166,0.07186661965438138,0.16228916115251643,0.18723744263328151
short_qa,short,1,13,44,2.1275242815782023,0.7813920968256421,0.042272410849242145,0.09403629331444563,0.9003985049926485,0.061993965573949615,0.10284403739669375,0.4734572558949247
short_qa,short,2,0,44,1.9582467910927108,0.8711067513674133,0.20694485644783683,0.32257399913764395,0.9764558194403061,0.035819809117304494,0.0601453798039116,0.26437204570679235
short_qa,short,2,1,44,2.7637724254861125,0.6982844426000214,0.20694485644783683,0.03217206658014149,0.8538303249856928,0.27891507217170947,0.3647416129201043,0.5029785390352587
short_qa,short,2,2,44,2.386915573372233,0.809275892273375,0.20694485644783683,0.4250006935930273,0.9595444670552385,0.06430349925851621,0.22579222744206068,0.4855833935725693
short_qa,short,2,3,44,1.111756215579722,0.943750510559937,0.20694485644783683,0.44648962388564684,0.9990302424837313,0.0010731675784266877,0.006177952572778847,0.37832043638401436
short_qa,short,2,4,44,1.7659566216500755,0.8931815109139254,0.20694485644783683,0.21025184081561932,0.9879092610943345,0.017784235048807866,0.06415145104935116,0.3877779709324376
short_qa,short,2,5,44,3.160702019665152,0.568485358118677,0.20694485644783683,0.018178582043400837,0.775033164170986,0.5106718318533605,0.5825740723326694,0.24466155469643674
short_qa,short,2,6,44,1.328252063894718,0.9270686571778651,0.20694485644783683,0.09892417375601781,0.9907320085045322,0.01293594687907288,0.04041302760454843,0.22248223321800778
short_qa,short,2,7,44,2.4009754658330937,0.8117121826919476,0.20705139725565083,0.18425371700355697,0.9781028933971364,0.07141046425480119,0.07838146945433402,0.23170638789883571
short_qa,short,2,8,44,2.037676564690379,0.866517116681539,0.20705139725565083,0.08212058179321247,0.9934883583577853,0.015917443186126277,0.01767075173624967,0.5468118155750323
short_qa,short,2,9,44,2.1040935193720918,0.8582741129792212,0.20705139725565083,0.022962781155932532,0.995181533919882,0.008665911313867656,0.015820367736319542,0.9897014573549935
short_qa,short,2,10,44,2.315046910553129,0.8239158956548575,0.20705139725565083,0.4363280706253079,0.9701174496477672,0.06486495218043174,0.1104170988272497,0.6554446190117956
short_qa,short,2,11,44,2.469760844122961,0.7878434143943465,0.20705139725565083,0.056511774708965845,0.9827273745089418,0.049727700528125016,0.06160443963649471,0.29352986569992895
short_qa,short,2,12,44,2.211719862761484,0.8437512854729884,0.20705139725565083,0.008399244625678648,0.9942387585204239,0.01695932437164506,0.029634194062568463,0.4454361688449596
short_qa,short,2,13,44,2.326611760169267,0.81866916567934,0.20705139725565083,0.015518429443218906,0.9594546686482691,0.12900044152696052,0.13003581691720173,0.22610151421551444
short_qa,short,3,0,44,1.566264570737162,0.9154556307228089,0.08752490936291162,0.36564603702070464,0.9991676322969306,0.0013371721575183258,0.007689963982679949,0.759538353871884
short_qa,short,3,1,44,2.0678186676442385,0.8632296904740215,0.08752490936291162,0.05510910243218303,0.9861040409447351,0.013996240108136144,0.033207890212382324,0.3042740220898717
short_qa,short,3,2,44,2.6593969707203624,0.7429110263513755,0.08752490936291162,0.10793131161083735,0.9020791920584703,0.09199275086463571,0.21113948245687425,0.2069994514597434
short_qa,short,3,3,44,2.8071953442529094,0.6691086176067261,0.08752490936291162,0.13478025906291435,0.8422427344013821,0.24275350594382197,0.32099239881015507,0.3595122886374045
short_qa,short,3,4,44,1.5601567856244045,0.9164758229957299,0.08752490936291162,0.13580358871683984,0.9980179384110373,0.0031681676559142734,0.011124497538862844,0.7892264678205145
short_qa,short,3,5,44,0.37000023968275386,0.9695246593744808,0.08752490936291162,0.5374156624005604,0.9999942289414195,5.144908353242015e-05,0.0008686886328662486,0.6335497034658617
short_qa,short,3,6,44,2.599484410435486,0.7347002395156643,0.08752490936291162,0.06320585396271561,0.8919463424499126,0.1682363302637037,0.8508738587230856,0.3931584133624933
short_qa,short,3,7,44,1.3605730178083317,0.9324914245780072,0.24439732761373023,0.6499742566053079,0.9991452058654982,0.0016872972927865623,0.00919153537724847,0.21752366836630985
short_qa,short,3,8,44,1.3504677246880235,0.9150282608151697,0.24439732761373023,0.15308231333371936,0.98497072929999,0.01487445265721504,0.39224356549159184,0.1478543264141417
short_qa,short,3,9,44,2.5814388452903136,0.7513047905773533,0.24439732761373023,0.04617481221178421,0.9169278783787036,0.13694486014152402,2.702346160847807,0.3318121134555654
short_qa,short,3,10,44,1.1224942519523105,0.941506660820565,0.24439732761373023,0.14204881473548525,0.9982351121319069,0.0024401929078141,0.014311680595404502,0.17043766598615032
short_qa,short,3,11,44,0.4585889213290138,0.9602426673312191,0.24439732761373023,0.41981830836787637,0.9963019479192611,0.011852721224310156,0.09708212460110935,0.16400494801919396
short_qa,short,3,12,44,1.7349666097365384,0.9020745808015366,0.24439732761373023,0.13413440027946422,0.9961237924980838,0.0044552882011715715,0.6993462626324467,0.26428404010739304
short_qa,short,3,13,44,0.9823106582261671,0.9309969988064463,0.24439732761373023,0.07196391591534024,0.9861180033415633,0.045519050328644645,0.09550220052631075,0.15669029558451664
short_qa,short,4,0,44,1.9342088296153586,0.8770148195934631,0.2212882200403526,0.08208686500106666,0.995894028688792,0.005753241366617986,0.01891459777072962,0.25188488670048925
short_qa,short,4,1,44,2.4830911477723285,0.7858936191424881,0.2212882200403526,0.14157117136881103,0.9542747085592699,0.07219765078113094,0.4463174766717662,0.20401406971750743
short_qa,short,4,2,44,1.5862722230080621,0.8944867435924068,0.2212882200403526,0.19755953731066134,0.9753557677450406,0.03285575124641681,0.07994350113460559,0.18650456380914432
short_qa,short,4,3,44,2.921919089763148,0.6644592917124182,0.2212882200403526,0.23045262951028178,0.867311468995862,0.23350907036410157,0.9388549413694146,0.35556598275500356
short_qa,short,4,4,44,2.1681878478631242,0.8494185918711911,0.2212882200403526,0.3519355952926433,0.9838617655144464,0.02392145416351619,0.2026022740297422,0.23657287432012683
short_qa,short,4,5,44,1.6565015128728922,0.9078666539384439,0.2212882200403526,0.08562875996536157,0.9945387451903412,0.009685891559902056,0.02448754393851297,0.24250003762570949
short_qa,short,4,6,44,1.6070354234898772,0.908034732505484,0.2212882200403526,0.1170245783221322,0.989946236711243,0.011864240497955078,0.6753807328913524,0.31649758208230255
short_qa,short,4,7,44,3.0832308674711753,0.6105718999614086,0.21238852225454596,0.056217288870128446,0.8110966548720723,0.24155377428594327,0.4486471564393664,0.1248948434191895
short_qa,short,4,8,44,2.6083936129779715,0.715913738197646,0.21238852225454596,0.05671569223979844,0.8650297793213073,0.23081984019941695,0.3554182481434354,0.33272335265659464
short_qa,short,4,9,44,2.942837752906719,0.6531653135331901,0.21238852225454596,0.061950821485675434,0.8343646625747864,0.2081283067520611,0.36829181406951095,0.18356685431172365
short_qa,short,4,10,44,2.4151241572971744,0.7591038199219621,0.21238852225454596,0.0031020879950141023,0.8869436534225305,0.22007767290920555,0.32807235873720414,0.24033577155773897
short_qa,short,4,11,44,3.078710724822275,0.6262474230574848,0.21238852225454596,0.0300189679864431,0.8369284838559834,0.2072363219319791,0.6544321851035961,0.1588644580147493
short_qa,short,4,12,44,0.6246971230391101,0.9643747112787225,0.21238852225454596,0.14468765496514635,0.9994317540997851,0.000655134511072766,0.0027863448719353747,0.13532502028125326
short_qa,short,4,13,44,3.0222514182460385,0.6438353742982224,0.21238852225454596,0.05276398392388071,0.8359841410945162,0.22258300997833302,0.75326810930305,0.20084008130501876
short_qa,short,5,0,44,0.2752613347144104,0.9631378861672825,0.20123355076339985,0.2003405538779619,0.9935788659380971,0.02182685270399099,0.12879824046666508,0.21691941118558866
short_qa,short,5,1,44,2.107191872880824,0.8292247439567103,0.20123355076339985,0.3478066990276054,0.9493456866751677,0.07749717861412629,1.1939070528985587,0.23034756524067526
short_qa,short,5,2,44,0.7231827434779258,0.9419373590364358,0.20123355076339985,0.060495269561079645,0.9858683627068779,0.04459481080702523,0.0968951165748186,0.23553464350395326
short_qa,short,5,3,44,1.8444236318227971,0.885510063950581,0.20123355076339985,0.02379975782093746,0.9822088546122791,0.018858975270103027,0.04588112863760895,0.16678386899457281
short_qa,short,5,4,44,2.3294400196365075,0.7887813545477976,0.20123355076339985,0.018965017200847978,0.9305814429769316,0.08098821143893624,1.0949792264241875,0.22636760762962077
short_qa,short,5,5,44,2.4172379393662933,0.7665269673778561,0.20123355076339985,0.1267935887191296,0.9121355617021351,0.09585529071496202,0.973282364514975,0.20997297794402736
short_qa,short,5,6,44,2.0124389467024355,0.8604149165463334,0.20123355076339985,0.07975852028791852,0.972886058583859,0.027276621794792608,0.3980339053264358,0.17184331518371643
short_qa,short,5,7,44,2.78971047916403,0.7201087865100259,0.1944994518958703,0.26230231897703815,0.9477230456015208,0.04666617155187384,0.23469587371088446,0.19827227258655658
short_qa,short,5,8,44,2.1947180855499835,0.8245929577059226,0.1944994518958703,0.320128586807828,0.9580356670704178,0.04075426731463511,0.20313492378994752,0.2274783356498826
short_qa,short,5,9,44,0.5257947747406654,0.9677787213175978,0.1944994518958703,0.0823450868720208,0.9996440718999288,0.0003886641307420047,0.016769167968762502,0.14295981513137493
short_qa,short,5,10,44,2.074045201280075,0.8241145231392729,0.1944994518958703,0.1891564561650707,0.942125827918567,0.08642890191519725,0.46986651143112096,0.2043467954142742
short_qa,short,5,11,44,1.4826053630306788,0.8846752782731291,0.1944994518958703,0.07473796126018861,0.9681031714559258,0.062048194144967206,0.34809466056308436,0.31875981733250425
short_qa,short,5,12,44,2.7500007643894073,0.721647267090968,0.1944994518958703,0.13382473303518783,0.8999454420852507,0.1076695587897823,0.3430772488138559,0.22367731009168787
short_qa,short,5,13,44,2.820909093897298,0.7056096378007021,0.1944994518958703,0.0929110619040645,0.918750813555171,0.08147201370462939,0.2856824372646272,0.20099749474750345
short_qa,short,6,0,44,1.6791671669471857,0.8319069840888415,0.14900938877097095,0.27065276968774654,0.9279841135553206,0.1301179882504799,0.5051094632572865,0.27957373479115566
short_qa,short,6,1,44,2.7529356755329837,0.7155873491638417,0.14900938877097095,0.16811907786083147,0.8823410896180658,0.1643109763053776,0.548600128258612,0.24072088535144925
short_qa,short,6,2,44,1.7470215120942885,0.8208006201131226,0.14900938877097095,0.031197705320225033,0.911236917391516,0.18207302421169613,0.4114945385620742,0.26974451594536053
short_qa,short,6,3,44,2.4903407908356923,0.7359276153489983,0.14900938877097095,0.053154671452370295,0.8897387029858776,0.1706000425747432,0.6451092556630634,0.2262527773442946
short_qa,short,6,4,44,1.6987697646619873,0.9058900966468809,0.14900938877097095,0.052255194059918075,0.9967599784137843,0.0051164750332167545,0.021236969559848676,0.5119582070394738
short_qa,short,6,5,44,2.6612426545240946,0.7185908806058507,0.14900938877097095,0.038662834457502626,0.8809937141780406,0.16740523429914503,0.6104871466682396,0.23189278639901914
short_qa,short,6,6,44,1.9860648963532375,0.8693432724722555,0.14900938877097095,0.4831466289473578,0.9851414373928791,0.018880813184958323,0.1978080413131207,0.2876578440827321
short_qa,short,6,7,44,2.50158333120995,0.7700287490128126,0.12023948633577525,0.19745666466508016,0.920905366897944,0.07162960917640479,0.1634192314561275,0.23912484932190356
short_qa,short,6,8,44,1.8017235235562408,0.8683022321612814,0.12023948633577525,0.06836179456421654,0.9680741032916206,0.05862228777753121,0.4138971420508133,0.34346614408920867
short_qa,short,6,9,44,0.8878136973001121,0.9481982805182774,0.12023948633577525,0.058313912564258885,0.9977351924156521,0.003957141086512847,0.018493991637210234,0.27098515735425627
short_qa,short,6,10,44,1.9940211074016319,0.8641170019228311,0.12023948633577525,0.013582364199518082,0.9793842048566856,0.018921685531282328,0.7165636899571448,0.164481720233906
short_qa,short,6,11,44,1.9729472657150806,0.8716576564793964,0.12023948633577525,0.2066031527679204,0.9818749917245123,0.03139510680596171,0.10563236889824923,0.1720286554926556
short_qa,short,6,12,44,1.8227189331455218,0.8816447180548053,0.12023948633577525,0.2680097984748149,0.9846402588912919,0.014006897284752112,0.2716073327112101,0.16796904483680258
short_qa,short,6,13,44,1.5701640349044792,0.8778377324988782,0.12023948633577525,0.067168256021362,0.9651458742006438,0.033208994138203544,0.1030498625693939,0.17858174515555722
short_qa,short,7,0,44,0.858646995794535,0.9472078878871738,0.22031631481087757,0.016140488612783166,0.9971334324596797,0.008147998999436856,0.4190508879053799,0.3298126003732481
short_qa,short,7,1,44,1.9219676486688135,0.8581339842825092,0.22031631481087757,0.13327432056507504,0.966630981272539,0.05882740628547487,1.105692054965132,0.3185034199796665
short_qa,short,7,2,44,1.9671595217118956,0.8612337660472508,0.22031631481087757,0.4383911635320539,0.9760774808653174,0.038611550005745995,1.0528424762153168,0.38664604593042673
short_qa,short,7,3,44,1.2690420147417125,0.9317868115824908,0.22031631481087757,0.05079107355210333,0.9959115035270238,0.00758033633775989,1.0811900467084286,0.5047209036491098
short_qa,short,7,4,44,0.9408386775139573,0.9500768805161964,0.22031631481087757,0.16991333855658475,0.9962661690843616,0.004042599312188305,0.8084287411864973,0.277261090501667
short_qa,short,7,5,44,1.9414934347344106,0.8595698583303532,0.22031631481087757,0.13799753279174176,0.9696518631812602,0.047598046935766726,1.2169521362497113,0.5046019233949194
short_qa,short,7,6,44,0.857921498102425,0.9459688224648292,0.22031631481087757,0.1171234041154543,0.9943874346730441,0.005100442139126697,0.1161149185052409,0.10056968025595533
short_qa,short,7,7,44,1.571458554935105,0.9154376295646071,0.15830921998670427,0.25230840538098054,0.995183876060238,0.007273460800580952,0.3482485897344193,1.1363319650163846
short_qa,short,7,8,44,1.5881255169410071,0.9151240721597987,0.15830921998670427,0.004112663253867055,0.9978728739290413,0.002785126833129426,0.09217286524793027,0.6179197866619792
short_qa,short,7,9,44,1.7792939416985936,0.8885434292794081,0.15830921998670427,0.07955999666701263,0.9855536607190641,0.018094809589032108,0.49446798862941554,0.692341778864819
short_qa,short,7,10,44,1.82943214485966,0.8795784327615146,0.15830921998670427,0.05021957761167162,0.979075627494351,0.022335160259459516,1.0259542891330864,1.1466159874231787
short_qa,short,7,11,44,1.311466582725353,0.9342504301667564,0.15830921998670427,0.1263320202914766,0.9982385513992923,0.002870351998229406,1.05631637220802,0.743358036790681
short_qa,short,7,12,44,1.8255536122717348,0.8826693513546003,0.15830921998670427,0.11240994627539713,0.9828896411103167,0.023735975786095702,0.9465364795630655,0.68039201174104
short_qa,short,7,13,44,2.077095031242955,0.8622537180513977,0.15830921998670427,0.031445949777876514,0.9850250959816156,0.013799148381144101,0.7083257446144365,0.2601862694022494
short_qa,short,8,0,44,2.4175888235534857,0.7884698752409871,0.22030021126103783,0.39743955906900297,0.9368529782725576,0.07743818835730908,0.6052763038502089,0.4401283177012569
short_qa,short,8,1,44,2.3546030216575513,0.7858339896052197,0.22030021126103783,0.10162671756076946,0.9130381881907238,0.11350996875312133,0.17668448551889882,0.3759254626486639
short_qa,short,8,2,44,2.35160337618689,0.8127409503365648,0.22030021126103783,0.18498487190770874,0.9633497905883492,0.04195272991288317,0.059019400221073715,0.26902431389893583
short_qa,short,8,3,44,0.008229934652280804,0.9772200304349806,0.22030021126103783,0.3779759517223127,0.9999999997188259,3.1273707745274587e-10,7.570458266360765e-09,0.5598841992132264
short_qa,short,8,4,44,1.7244595278012644,0.901279182513676,0.22030021126103783,0.014738541922021398,0.9930835397318584,0.007724789378363826,0.015983341896838324,0.24505888417639668
short_qa,short,8,5,44,1.9780608735253473,0.8716086050696847,0.22030021126103783,0.2252133268919394,0.9954735917680747,0.00548699589919357,0.3120889528082997,0.4305360798517208
short_qa,short,8,6,44,1.5135643029522499,0.8927934655993205,0.22030021126103783,0.04377217905582853,0.9696605465087496,0.04392197882134174,2.185843540874028,0.43928464668832595
short_qa,short,8,7,44,0.9247641318239275,0.9549065744902702,0.23550863922897666,0.015123964073895824,0.9999798188449555,1.7060158719111004e-05,0.29236904460872776,0.18546541822547397
short_qa,short,8,8,44,1.5262355073014977,0.9188638410964505,0.23550863922897666,0.30847175596662524,0.9964947918838233,0.005176808008488433,0.9255017802713701,0.16125600871134563
short_qa,short,8,9,44,1.999704529486625,0.8713226419582631,0.23550863922897666,0.09362016618318192,0.9860111913062605,0.01836994990655995,0.8095129601180282,0.22399381619969025
short_qa,short,8,10,44,1.8016865430722757,0.8653383420235357,0.23550863922897666,0.11069351940054872,0.9719625740678964,0.05621978915807894,2.9551830160775188,0.23389511402707702
short_qa,short,8,11,44,1.8766660793674463,0.8807643982363459,0.23550863922897666,0.002575019147724955,0.9850342045984721,0.018994025235602667,1.8408693908189817,0.14445137008582062
short_qa,short,8,12,44,1.4283420554042963,0.9209521226201133,0.23550863922897666,0.0057719132997124944,0.9915712579623841,0.013678622317306975,1.4548887781144062,0.17250944835384432
short_qa,short,8,13,44,1.903917943658075,0.8754306970935674,0.23550863922897666,0.04545418643292187,0.9820062028142619,0.026527121314007945,1.939374686847959,0.15878603910807615
short_qa,short,9,0,44,0.7794216144448368,0.9522788651114176,0.15895539269424191,0.06289532999441239,0.9961916579116843,0.00869377566457576,0.041199382834895715,0.18320244726041457
short_qa,short,9,1,44,1.168398343027434,0.9349186895485939,0.15895539269424191,0.1825054181128225,0.993042688780637,0.006402953480400235,0.029458671374921665,0.2423256750838824
short_qa,short,9,2,44,2.408219347026061,0.8076437005196158,0.15895539269424191,0.05650104271317513,0.9546862967286411,0.05842648354607483,0.35525734068273557,0.1800139512152675
short_qa,short,9,3,44,2.4294590769852817,0.7883760095037353,0.15895539269424191,0.0059290874635462565,0.9397503790705298,0.08410591019138261,0.2046979615158318,0.18596815756676852
short_qa,short,9,4,44,0.6659410115775344,0.9467423494428568,0.15895539269424191,0.004195836115200358,0.9901634496390205,0.021545461731307232,0.0815907039518562,0.11978794843963793
short_qa,short,9,5,44,2.292867934385226,0.8313533813939936,0.15895539269424191,0.05874850913616125,0.9797846212955494,0.021463982295158116,0.5741095959682464,0.14392004203750733
short_qa,short,9,6,44,2.098827956079428,0.8550665338789618,0.15895539269424191,0.07329588177622393,0.981766297586316,0.01897910364057155,0.5941483652769005,0.0924413559390398
short_qa,short,9,7,44,8.243542803983739e-05,0.9772721694644493,0.06052422719234062,0.13706629470621934,0.9999999978833178,1.6086808540277813e-08,1.7279002927243898e-06,0.13406658723495593
short_qa,short,9,8,44,0.02355244950810568,0.9769874674306199,0.06052422719234062,0.640278332653077,0.9999967359440763,2.6404213884141074e-05,0.000407087711216471,0.1345817768422689
short_qa,short,9,9,44,0.0063825736004401315,0.977203151965768,0.06052422719234062,0.37553570521626156,0.9999995241853111,3.5132250319257803e-06,7.275486628973968e-05,0.13420196797655237
short_qa,short,9,10,44,0.16162952867115932,0.9742088208920346,0.06052422719234062,0.0519137607677429,0.9998302224363897,0.0014541337420569676,8.772299526500401,0.15946409436495426
short_qa,short,9,11,44,0.2676750227164975,0.9677723072258053,0.06052422719234062,0.0927225139080523,0.9972597272466849,0.024653753403748997,9.326300961953288,0.16994065144442064
short_qa,short,9,12,44,1.6001773106048123,0.8547985525790474,0.06052422719234062,0.008189435492919728,0.942866752903724,0.1941747209529718,2.980579504712165,0.18548873837105212
short_qa,short,9,13,44,0.5820101004596261,0.9596920784115484,0.06052422719234062,0.10984642269715472,0.998169626610727,0.01825148569546448,9.563679830547498,0.29705306433038176
short_qa,short,10,0,44,2.249588804272532,0.796019007090941,0.1433307684074574,0.13010887196932686,0.9203655304894154,0.1654325838360364,0.4194133947806282,0.3750109171136759
short_qa,short,10,1,44,1.2394453618250978,0.8862167079376218,0.1433307684074574,0.0112030982136897,0.9568701080345251,0.08270466655073269,0.1925697642721725,0.19702452415899427
short_qa,short,10,2,44,1.1056566509965666,0.946246823788281,0.1433307684074574,0.04661484058082088,0.999321348879718,0.001500085961508478,0.003762204216239763,0.5690163963539928
short_qa,short,10,3,44,1.9458337669212011,0.8646052180331392,0.1433307684074574,0.24437068444308263,0.9717712742226426,0.04946399512876485,0.17857655289114072,0.40573276055061624
short_qa,short,10,4,44,2.50820402301868,0.7692421643573065,0.1433307684074574,0.23079038889525494,0.932602588393216,0.12413973784533144,0.24432788967397456,0.19485738008534756
short_qa,short,10,5,44,2.5825669656638515,0.7543481274859317,0.1433307684074574,0.07457540226518145,0.9071686887834274,0.18567188403210955,0.26525829121160194,0.30487416088749675
short_qa,short,10,6,44,0.5815484520108479,0.9661277587925586,0.1433307684074574,0.07233910134176735,0.9999426402919174,6.527382399651083e-05,0.00639330561419977,0.1425685220890913
short_qa,short,10,7,44,1.5671255506453998,0.8892741374888687,0.17755698262077757,0.006354294812275896,0.9678498087325421,0.03844430293131534,0.07620874575910824,0.09691973005463676
short_qa,short,10,8,44,2.0384953819755913,0.8541413168853292,0.17755698262077757,0.027966516575919087,0.9639534604413825,0.030888426313582004,0.2834483368560245,0.21290387862277715
short_qa,short,10,9,44,2.1841752831556636,0.8217158811807149,0.17755698262077757,0.022978784068905078,0.9416362709149589,0.0683562322139269,0.22398808123958533,0.25949240456194195
short_qa,short,10,10,44,2.351499941034741,0.8054029146350797,0.17755698262077757,0.37647177464314785,0.9415189012851891,0.046551425249723444,0.8610259104023754,0.14795905166242704
short_qa,short,10,11,44,0.9692155151048617,0.9412827532472968,0.17755698262077757,0.12802710689280827,0.9955402206930167,0.0040850003903690835,0.04560917814574167,0.10787893185841595
short_qa,short,10,12,44,1.8812983970472907,0.8827313061589668,0.17755698262077757,0.20759799668016354,0.9898115626724059,0.010134400002508974,0.028221689900322252,0.2184151955571241
short_qa,short,10,13,44,1.8759784142830116,0.8612005640505118,0.17755698262077757,0.4134360540225468,0.9666337342568175,0.07138475823847935,0.2609256156163644,0.28766084660867836
short_qa,short,11,0,44,1.5973769510550984,0.9052219987401486,0.08398935203237815,0.011728768851304139,0.9877645980161309,0.01905374701515505,0.0805181605451935,0.6314237772422135
short_qa,short,11,1,44,0.2975307864101248,0.9686641425588239,0.08398935203237815,0.08234030674674653,0.9983501868310625,0.0029545163578111396,0.01007317587317389,0.15776534757415048
short_qa,short,11,2,44,1.3101945037371552,0.9073282084768489,0.08398935203237815,0.30218793831707824,0.9775280101415766,0.04120148120892482,0.10060079260959923,0.3772021722255831
short_qa,short,11,3,44,2.0604601782198153,0.761337044368906,0.08398935203237815,0.014342119561612243,0.8839280999653233,0.2174385177746492,0.43662445577599707,0.33480768040311504
short_qa,short,11,4,44,1.4715581747284117,0.902492741036612,0.08398935203237815,0.018805157832332497,0.9823035060538767,0.01703594206389904,0.05582411703485285,0.1802225685520394
short_qa,short,11,5,44,2.4960821060664258,0.7803196966486179,0.08398935203237815,0.014777538810344382,0.9318416116196083,0.09040029000541289,0.40208446320507785,0.3203664910211919
short_qa,short,11,6,44,1.8566299610913755,0.8019497292621401,0.08398935203237815,0.0019260488477264026,0.9077616031445067,0.19648645007677956,0.3673653219989095,0.36366601030075013
short_qa,short,11,7,44,5.0421984346228575e-05,0.9772722352253512,0.05915338626770568,0.7132333513911178,0.9999999676845978,6.401363172267849e-07,3.3327184720827774e-05,0.16016811143225895
short_qa,short,11,8,44,0.5054914265512981,0.9497271589973413,0.05915338626770568,0.046085226383675515,0.9878419347972012,0.15897846570787533,0.5427759724295621,2.4716014287964416
short_qa,short,11,9,44,0.003327804932067304,0.9772215512944004,0.05915338626770568,0.038984542844886505,0.9999946676410977,0.00010007691761942177,0.002238242686499745,0.16004948810867867
short_qa,short,11,10,44,0.25185397687463956,0.9686595797818754,0.05915338626770568,0.0010385812806150696,0.9978737400335093,0.04345015574684153,0.4325703183261186,2.13349605457103
short_qa,short,11,11,44,0.00019289959958596398,0.9772706606485575,0.05915338626770568,0.3186858994331221,0.9999997083323654,5.567726805777729e-06,0.0001323090509781231,0.16020063766395395
short_qa,short,11,12,44,0.1586189642895043,0.97322351007199,0.05915338626770568,0.07101432286249487,0.9991529109957868,0.016583572905080116,0.15113344539418103,1.6524558970937258
short_qa,short,11,13,44,1.22113543569055e-06,0.9772727223754345,0.05915338626770568,0.7801937021809096,0.9999999998695547,2.361948277133539e-09,1.207411232600461e-06,0.16013934212802552
short_qa,short,12,0,44,0.427418512893011,0.9703761632404091,0.20743760400716305,0.33858365099167465,0.9999757315253698,2.2615879135131998e-05,0.0035616105664312858,0.14198847623468352
short_qa,short,12,1,44,2.326622159502314,0.821467828276202,0.20743760400716305,0.09882031165869032,0.9643966756184742,0.03616029202912805,0.1312175302736199,0.18079516276045865
short_qa,short,12,2,44,2.3352177206925866,0.8202247196371615,0.20743760400716305,0.5033509601899917,0.9720431406746635,0.0459008529128604,0.09769979942919245,0.23879041852784147
short_qa,short,12,3,44,0.9499601973528062,0.9251091918044477,0.20743760400716305,0.03890133504195026,0.9780450984338118,0.07716566748686869,0.0741124429415329,0.2993755814262937
short_qa,short,12,4,44,1.9941065358327155,0.8109577815854336,0.20743760400716305,0.21140815816878877,0.9230924413694597,0.13261352493580159,0.17760443433637266,0.2488909974377802
short_qa,short,12,5,44,3.0268741049870584,0.6512337343173562,0.20743760400716305,0.07915298833848361,0.8651997165300434,0.14512547196949152,0.21436410484676766,0.21750668998603484
short_qa,short,12,6,44,2.3573894103492767,0.8074307324198112,0.20743760400716305,0.036494575045676214,0.940968283457383,0.05729098631210468,0.21171672592149893,0.23602439815322002
short_qa,short,12,7,44,2.6221499261781047,0.7674088579963855,0.1601431302170569,0.3059952604829781,0.9528063876337637,0.07888489837932178,0.3953441849549043,0.26328501943119453
short_qa,short,12,8,44,1.7742539594219184,0.8889475139588515,0.1601431302170569,0.33440654777264145,0.9898087968581429,0.015292354684847732,0.19503715398858648,0.491624699258224
short_qa,short,12,9,44,2.6359835285772766,0.7575712735578904,0.1601431302170569,0.2859735619192456,0.9423917336711166,0.1161752173984863,1.3336139709901567,0.33839248027551017
short_qa,short,12,10,44,2.460569514441251,0.7983539935920085,0.1601431302170569,0.008652742228231869,0.9552604891494413,0.07240454238818475,0.7290074303011207,0.35196247828078475
short_qa,short,12,11,44,2.2234586131673355,0.8263059763763043,0.1601431302170569,0.028572887513336642,0.9539237543341551,0.08086413002190293,0.4252495911234183,0.4404732175978322
short_qa,short,12,12,44,2.3254498660562906,0.8212478317113323,0.1601431302170569,0.03570404828818208,0.9673172277779931,0.04557638535553799,0.4966442970390432,0.3784952523638297
short_qa,short,12,13,44,2.03661826958346,0.8622139870151089,0.1601431302170569,0.33303346446000326,0.9809082777187342,0.02675715061956743,0.34711895830019984,0.24814892666275065
short_qa,short,13,0,44,2.2724248146637493,0.8357950579187801,0.14418260531143076,0.0824285644487115,0.9865704793379975,0.014810718989578574,0.5432029094826242,0.2809829516198856
short_qa,short,13,1,44,1.4885400590740439,0.9181581451537799,0.14418260531143076,0.052011725899380856,0.9932150285347792,0.01018141942196733,0.19874886271748834,0.35646745069157
short_qa,short,13,2,44,0.4974496165050444,0.9637785839296469,0.14418260531143076,0.2534657607448718,0.9985109457370793,0.002921054595496441,0.21149364700493345,0.14019474676579533
short_qa,short,13,3,44,0.6720769182455302,0.9616338906692317,0.14418260531143076,0.060311882338061285,0.9981298626998625,0.001991904498909745,0.039940540598810075,0.15441047158922086
short_qa,short,13,4,44,2.081636014850102,0.8616969429421513,0.14418260531143076,0.1591713047387584,0.9863512471742407,0.015284240448013114,0.52239058393645,0.31588885232460484
short_qa,short,13,5,44,2.381677715880169,0.8065463752036305,0.14418260531143076,0.25442698705418465,0.9571624861139084,0.056212315257854695,0.8389539397566131,0.46034995055452993
short_qa,short,13,6,44,2.431008286753726,0.8062935118776976,0.14418260531143076,0.2840586357750716,0.9790061991059102,0.02731479580818144,0.6235202265385245,0.21153505098824826
short_qa,short,13,7,44,1.945331061611323,0.8575332529272394,0.17837636019466152,0.23677009919151804,0.9658850752917324,0.054371339321762246,0.3192195023700259,0.23862999925760614
short_qa,short,13,8,44,0.10279204935934101,0.9746218840883873,0.17837636019466152,0.04576800854010177,0.999320452804454,0.002534549271754567,0.016804074999023276,0.17498455001687682
short_qa,short,13,9,44,0.7035711859412193,0.9548115021322506,0.17837636019466152,0.22852170729038823,0.9955730670503482,0.014020242075324296,3.983222167960726,0.32531356541531004
short_qa,short,13,10,44,1.937328989662621,0.8641219867936111,0.17837636019466152,0.047539857287208775,0.9780700688443915,0.03736567751273487,0.5045647476440532,0.28216074343284553
short_qa,short,13,11,44,0.9259291010402924,0.9272713071081956,0.17837636019466152,0.01519566598308586,0.979667864148273,0.0753020738575374,0.3008331449486754,0.2656975220535266
short_qa,short,13,12,44,0.7241357580597462,0.9578364046755335,0.17837636019466152,0.1424942202374746,0.996884256861318,0.009281786872179225,3.283322684066337,0.3922484423542279
short_qa,short,13,13,44,2.5222040854230015,0.7881040718718936,0.17837636019466152,0.12137252500506968,0.962038912878934,0.04421776692219744,0.6506114305488704,0.2329963501319184
short_qa,short,14,0,44,2.07632697128176,0.847581797615906,0.23214070995040892,0.0948443283562268,0.9649772883447507,0.06176394996061299,0.6291704041180258,0.25917111977536095
short_qa,short,14,1,44,0.5383580496671122,0.9650333744277296,0.23214070995040892,0.03477977797574372,0.9986632966850986,0.0013442248396843938,0.1228752176391892,0.12720566373178746
short_qa,short,14,2,44,2.4111597773852695,0.8063612364995351,0.23214070995040892,0.1410150605723941,0.9821255974877968,0.021835890333104638,0.9623634297570093,0.202519721214878
short_qa,short,14,3,44,0.8016255777926606,0.9363369067729661,0.23214070995040892,0.1053998691473641,0.9863508279761857,0.045395570811453914,6.649576839019934,0.45946454585898433
short_qa,short,14,4,44,1.9021681390949736,0.877877437386438,0.23214070995040892,0.07842490499866273,0.9849898736167128,0.015065326413129208,0.3467108299388519,0.3120204836978871
short_qa,short,14,5,44,1.999267690348953,0.8720722569957114,0.23214070995040892,0.012674369348471437,0.9947587515930946,0.0060635644513325326,0.12348265940040552,0.10931162513842216
short_qa,short,14,6,44,1.618606674342057,0.8802364837693041,0.23214070995040892,0.06187986885835173,0.9613180458485893,0.051756859438050105,1.9054217977303018,0.8085731598755409
short_qa,short,14,7,44,2.008256374051329,0.870360442747272,0.12194871963357608,0.058731398524981326,0.9846067879935697,0.024049396155911115,0.16635864456742652,0.3932529859549274
short_qa,short,14,8,44,2.4325072357173374,0.7671059595405367,0.12194871963357608,0.006229537793626783,0.9134676024725754,0.1747175226560823,1.050079471861397,0.3036136151175911
short_qa,short,14,9,44,2.210893471629283,0.8356732799481307,0.12194871963357608,0.15669200183125143,0.9674878229371272,0.04386177648399177,0.09749068861308403,0.1991867497884775
short_qa,short,14,10,44,0.40129991317937924,0.9698337752601863,0.12194871963357608,0.03386377393892204,0.9997967588977825,0.00021492546047877946,0.010248817638126243,0.14420418326635961
short_qa,short,14,11,44,2.1079451707761367,0.855534235165036,0.12194871963357608,0.05723121709049561,0.9796759753892686,0.019642833821488268,0.06740694023517016,0.18814944650946078
short_qa,short,14,12,44,2.3041279473184053,0.802322976546675,0.12194871963357608,0.020726158634429392,0.9459269943180907,0.06836398935495207,0.5158827592428263,0.3612879139030858
short_qa,short,14,13,44,1.9225302262448438,0.8817654915515912,0.12194871963357608,0.16131773472712396,0.998539452411982,0.001796556822990338,0.030671613578655305,0.24824626341816142
short_qa,short,15,0,44,2.373539232888186,0.8024417574486956,0.12201256768540071,0.2136793417605074,0.9423970077652915,0.08332092750029524,0.8179713964378952,0.18633169183697082
short_qa,short,15,1,44,1.2923034494545251,0.9244807970178488,0.12201256768540071,0.11562771040968123,0.9888693418396403,0.015029791736531139,0.6000252175235744,0.09724356433369913
short_qa,short,15,2,44,1.0908194735419119,0.9437402630386938,0.12201256768540071,0.08473769922757057,0.9998980941904749,0.00014571348421987533,0.009667583422107448,0.18690216569253376
short_qa,short,15,3,44,1.5071014492211514,0.915642769253148,0.12201256768540071,0.21476577683203146,0.9906287774111511,0.011893083089896636,0.1647235763234937,0.14262144757437997
short_qa,short,15,4,44,2.0116896583116537,0.8481066787626953,0.12201256768540071,0.2309815337808252,0.9635789817017484,0.05860281282379077,2.0572825297573667,0.30765283063320764
short_qa,short,15,5,44,1.5660983030374729,0.8963948723071616,0.12201256768540071,0.2970289553125385,0.9776665846914443,0.04028724407619818,0.6154942619511413,0.17693737339146026
short_qa,short,15,6,44,2.8662522546121134,0.6982559229387653,0.12201256768540071,0.2985074384367159,0.90133353576583,0.15638792039811192,0.4331341524071614,0.1379804325482387
short_qa,short,15,7,44,2.3176547542973207,0.8264810015430086,0.10391730138967352,0.35788261377939135,0.9900553510190983,0.012950457162467703,0.15521300737745053,0.3220110216989529
short_qa,short,15,8,44,1.529803271823529,0.9136868259111979,0.10391730138967352,0.07377928165770209,0.9973057901706192,0.0036506285533029824,0.03037949008349929,0.24606493537368643
short_qa,short,15,9,44,1.3819147597312322,0.9265735977412279,0.10391730138967352,0.04950369086341411,0.9991133478354178,0.0010697286072186688,0.006295427810764477,0.2831779483259266
short_qa,short,15,10,44,2.087078082264323,0.8552355654204559,0.10391730138967352,0.1452134351377068,0.9740970571423899,0.04403666074112792,0.05173479779981718,0.23954519970944374
short_qa,short,15,11,44,2.1189528366734836,0.8367530256205499,0.10391730138967352,0.1271883673607661,0.9644772109552341,0.05096339564454973,0.1158682397964295,0.23772338868566056
short_qa,short,15,12,44,2.031366146939337,0.8701939784102901,0.10391730138967352,0.004946512760394928,0.9922315051108421,0.010441716704048138,0.01151682022129877,0.24778931173825933
short_qa,short,15,13,44,2.2213207612695807,0.840207370959381,0.10391730138967352,0.35660539145310644,0.9779256867245639,0.030610528280156365,0.03363383416066399,0.24484224256661125
short_qa,short,16,0,44,0.7771533935633793,0.9502628453904698,0.23519977997025962,0.039767678490361114,0.9988602616430073,0.001208623244186364,0.02034726215987226,0.1418453708738079
short_qa,short,16,1,44,0.0070215872507709744,0.9771588464059119,0.23519977997025962,0.13797882602937594,0.9999797949980601,0.0002843854213615835,0.0011438247295714233,0.14074427640353993
short_qa,short,16,2,44,0.956810008565059,0.9430039475111204,0.23519977997025962,0.0694317660783006,0.9952749725029093,0.02741000456926385,0.14013551578451985,0.20188828490079902
short_qa,short,16,3,44,0.6403461237480672,0.9539370330936816,0.23519977997025962,0.3925898777948147,0.9962748272764941,0.0426302603969524,0.1562433488382099,0.2114279449295815
short_qa,short,16,4,44,0.09566836183535762,0.9754342110569428,0.23519977997025962,0.2447283330675467,0.9996901866523932,0.004641178026701046,0.015543455071006297,0.15383322522513948
short_qa,short,16,5,44,1.1595659829591183,0.9333568323258369,0.23519977997025962,0.8075678289452433,0.9955309601347193,0.015922754692273465,0.1867433970025542,0.3499176734688868
short_qa,short,16,6,44,1.29310662206381,0.924020001293745,0.23519977997025962,0.6117598841146368,0.9933954068081101,0.007068910526964814,0.030742471996649794,0.15109785761424438
short_qa,short,16,7,44,2.1038168871294785,0.8545337421944027,0.28324335241425175,0.20757429389071813,0.97949770473643,0.0375144691533814,0.7399200758016691,0.7143306556196993
short_qa,short,16,8,44,0.8906512218216432,0.9397701070303928,0.28324335241425175,0.018753169472563336,0.9865557586813837,0.0580174245799791,4.3025017053696315,0.9016739806657814
short_qa,short,16,9,44,0.07422998933192759,0.9744370148917024,0.28324335241425175,0.014786889400516756,0.998879139034278,0.013468220494530203,0.04630054355171978,0.23400283380311293
short_qa,short,16,10,44,1.1003373190434655,0.9398122544712177,0.28324335241425175,0.36355314166588704,0.9948228067352304,0.012248215469510914,0.19350308384463882,0.6641426212056877
short_qa,short,16,11,44,2.211297870262823,0.8403212415752231,0.28324335241425175,0.06652079565139069,0.9764957865079478,0.03884675757235203,0.9551871030202571,0.6108040537951347
short_qa,short,16,12,44,0.9943142970971892,0.9317051223018289,0.28324335241425175,0.0018888419933740241,0.9880667143538363,0.045560254542197455,0.2504208315426206,1.6308093381689923
short_qa,short,16,13,44,2.430826718970662,0.773627350033149,0.28324335241425175,0.05459731664817857,0.9138075275865911,0.14592032554577575,1.2581307042481575,0.7788789485353725
short_qa,short,17,0,44,1.3323412415397824,0.9082475458365494,0.10209537365213611,0.2666171711339489,0.984677408326001,0.01173847522907769,0.06234188325561662,0.14951466204353026
short_qa,short,17,1,44,1.6050941475257023,0.9035461776250888,0.10209537365213611,0.13209942169525934,0.9879240931391,0.005972861907757737,0.019303198170175118,0.11242641817387668
short_qa,short,17,2,44,1.8840966679246112,0.8560689443029307,0.10209537365213611,0.03971426591668337,0.9640354681708236,0.024277885509099664,0.06695759575651851,0.1289798019513974
short_qa,short,17,3,44,1.2672259880430885,0.9170176847904223,0.10209537365213611,0.22509747522552104,0.9812011050150791,0.015534063108100103,0.04223257506525538,0.1905465594341746
short_qa,short,17,4,44,0.308144137764943,0.9678642536908266,0.10209537365213611,0.27331717070313033,0.9970150226321488,0.0020696320175593932,0.003215208152276269,0.15234091471671452
short_qa,short,17,5,44,0.07856792451765338,0.9740416771004081,0.10209537365213611,0.31686282749260997,0.9984229945266224,0.001198699550232629,0.0020499185753271943,0.1597448870896616
short_qa,short,17,6,44,0.5635846460695908,0.9613317639694909,0.10209537365213611,0.2162140789864475,0.9964342799187164,0.002632260948366034,0.026018894774493408,0.14645873159767736
short_qa,short,17,7,44,1.2686202663553763,0.9260483196923306,0.24356965767999086,0.02006442978565115,0.9911809083677084,0.02993069094591198,0.09010616877070712,0.3358133710422259
short_qa,short,17,8,44,1.7188656978756918,0.895130623505312,0.24356965767999086,0.1796995836856814,0.9889115212050276,0.012816910649347951,0.06655662468076357,0.23751333093248364
short_qa,short,17,9,44,1.2673814429732768,0.910522022263346,0.24356965767999086,0.008703799547063795,0.9707940961120858,0.08066611491684031,0.17401005291224936,0.20518614432751536
short_qa,short,17,10,44,1.114031816157592,0.9281127021208131,0.24356965767999086,0.08517897019663145,0.9867910076411873,0.04315889293063138,0.13690399790401386,0.24942043481044143
short_qa,short,17,11,44,1.6577953219179007,0.8767006775309313,0.24356965767999086,0.3461528571931689,0.9664396438564251,0.09200710361697073,0.18581884850965438,0.26503899399761505
short_qa,short,17,12,44,1.0055294400395425,0.9242648007298917,0.24356965767999086,0.0561884729220381,0.9816437803125591,0.08809935711786089,0.25063356237709983,0.27180731579100426
short_qa,short,17,13,44,0.46677241036683037,0.9640869515183824,0.24356965767999086,0.04627838140966212,0.997364741732397,0.01214462413631597,0.05777275484371381,0.2152056713369981
short_qa,short,18,0,44,1.968015522309263,0.8698134454086746,0.1347786724838145,0.16104343239080876,0.985606377613717,0.024725512461252735,0.5372843830684586,0.45080475643237816
short_qa,short,18,1,44,1.28777846266306,0.9210602106119784,0.1347786724838145,0.024390259876246212,0.9847085562355562,0.026701187859799917,0.0501690207531373,0.21531389477461377
short_qa,short,18,2,44,1.5140509134190643,0.9061610357943536,0.1347786724838145,0.0024564526309243107,0.9815503930405338,0.039448356772756335,0.11540621030522683,0.6678351608903683
short_qa,short,18,3,44,0.3922739950163969,0.9671429771283413,0.1347786724838145,0.37595655302644904,0.9984965529580416,0.01169490374807643,0.032588244249947426,0.29488393355970083
short_qa,short,18,4,44,1.3487774046378935,0.9120754502035006,0.1347786724838145,0.25332442045676284,0.9840274883152094,0.01588063757982693,0.047665065362856265,0.18100412621495024
short_qa,short,18,5,44,1.1343185519381382,0.9230197132506234,0.1347786724838145,0.28264508501651253,0.9833690352475623,0.05468504794251067,0.15989955735486036,0.483596555477948
short_qa,short,18,6,44,1.3092860547986076,0.9220433334823188,0.1347786724838145,0.004874633831521535,0.9887772784059252,0.012864610960656048,0.02639596615522517,0.19795648818016498
short_qa,short,18,7,44,1.4436856737091208,0.9054162389978789,0.18028806225669602,0.14209837188597563,0.9784250656729191,0.06878921412632921,1.0910583644209302,0.3446431437592203
short_qa,short,18,8,44,1.757300854448355,0.8808231913272774,0.18028806225669602,0.07075220392145631,0.9728183851483846,0.05999014635886295,1.047440181448079,0.302124298845829
short_qa,short,18,9,44,1.5811951646399445,0.8984653481741056,0.18028806225669602,0.037444876876641775,0.9768887288063735,0.038465083347884135,0.16418064607579533,0.20301735959163708
short_qa,short,18,10,44,1.511445039056005,0.9096913935240891,0.18028806225669602,0.16787214447047116,0.9841585458841591,0.02580395335006682,0.9692354039748995,0.33097042357656287
short_qa,short,18,11,44,2.2717756969558063,0.8314442590565144,0.18028806225669602,0.0034375478292121286,0.9708357357130447,0.04316167141475486,0.8212953178485336,0.34429106885894306
short_qa,short,18,12,44,1.2726787707465272,0.9302544638529167,0.18028806225669602,0.06482831008098922,0.9908686310357879,0.021639112238540644,1.0902019493311916,0.24317704020209216
short_qa,short,18,13,44,0.635785902323514,0.9572733417796214,0.18028806225669602,0.12419157353394539,0.9976838999610164,0.0024533597685809515,0.09434329950008029,0.1622322633228082
short_qa,short,19,0,44,0.9682167108457946,0.9462190050055805,0.20467858311243028,0.10894434845951828,0.9938038907844471,0.016891915642393385,3.349296836221092,0.585710897787826
short_qa,short,19,1,44,1.5580266486267453,0.9157978059388253,0.20467858311243028,0.1718551871558054,0.9947506169949801,0.00598404282097667,1.057616639066762,0.3246359796199819
short_qa,short,19,2,44,0.6396503080257686,0.9575007761456727,0.20467858311243028,0.3127218585599323,0.9988342074444351,0.001248258196498253,0.11367432392119564,0.1296896092964456
short_qa,short,19,3,44,0.2979309083929313,0.9727229451630034,0.20467858311243028,0.3783474409841201,0.9999147717324596,0.0003211122591021956,5.296108088998248,0.2856361381373456
short_qa,short,19,4,44,1.5054799221919977,0.9081301775145444,0.20467858311243028,0.005507704575111738,0.9815277888050778,0.03353450377280864,2.203291651782,0.20560142221118585
short_qa,short,19,5,44,1.4990518640015398,0.8979104431998199,0.20467858311243028,0.048650683318353316,0.9716529113626049,0.050275775902455445,1.9887537663470327,0.38331711865631185
short_qa,short,19,6,44,1.3535106685476086,0.9203972023932349,0.20467858311243028,0.01023041915007461,0.9922947183807979,0.009285664471215004,0.08421839866633417,0.13083983690710863
short_qa,short,19,7,44,1.859298443493279,0.875608619790791,0.14650223662071984,0.04798003996410882,0.9750270519318615,0.04218739521818688,0.1808427354243125,0.2672765359402107
short_qa,short,19,8,44,0.9181362440729877,0.9472612135597926,0.14650223662071984,0.04338987165249186,0.9964002673817488,0.005678936515769362,0.009215137876236014,0.21877510135701428
short_qa,short,19,9,44,1.6636026452092147,0.8917371094644365,0.14650223662071984,0.1465813197809731,0.9736977668208351,0.042150589222908666,0.22930448917483012,0.3121345727423931
short_qa,short,19,10,44,1.6226355093981377,0.9098121829298265,0.14650223662071984,0.4518640210822751,0.9963191859555025,0.005694731644247702,0.10509470606029703,0.350045339701038
short_qa,short,19,11,44,1.3089777825002207,0.932764497451283,0.14650223662071984,0.018663850403140003,0.9953557212230484,0.005697203347350772,0.02190897044375461,0.20163165659294424
short_qa,short,19,12,44,1.6636362704917544,0.887641404319455,0.14650223662071984,0.0018839095761342683,0.9689302001799154,0.05332040630734695,1.1301837662831091,0.33802838841787636
short_qa,short,19,13,44,0.7959796854380896,0.9488959140544626,0.14650223662071984,0.10879761199708415,0.9945905724692273,0.01566006919033051,0.04912388975137152,0.32552091689876517
short_qa,short,20,0,44,0.2833381890337379,0.9675124744443043,0.22048814737952097,0.28456423769283834,0.9968233896516502,0.009626735506648042,5.4926261323813845,0.2684487149222708
short_qa,short,20,1,44,1.7330384389314872,0.8862285516227962,0.22048814737952097,0.19866379267009027,0.9769416474411395,0.030390073151363738,0.14541493824892818,0.19578179921264527
short_qa,short,20,2,44,1.6991635180592923,0.8903469227289094,0.22048814737952097,0.09171420034619437,0.9761805385476269,0.025927340115998596,1.1432405804821295,0.13543910942165624
short_qa,short,20,3,44,1.4151099522678903,0.9072179063364103,0.22048814737952097,0.014566280124626019,0.977579693832771,0.035474949203732516,2.125517912822118,0.23087342968922728
short_qa,short,20,4,44,1.093447532362518,0.9237768340680287,0.22048814737952097,0.01956732157869734,0.977508054026328,0.053555751561925186,3.0905873641205006,0.2204995491484893
short_qa,short,20,5,44,0.45082770838312614,0.9589025175070488,0.22048814737952097,0.06887252688138101,0.9937107735098563,0.021756913980199355,0.12134713164338419,0.3051515491350533
short_qa,short,20,6,44,1.8083578898720531,0.8862817285395693,0.22048814737952097,0.4323713416118573,0.9909861746853741,0.009196893947275655,0.0455927935081808,0.10598077673319503
short_qa,short,20,7,44,1.2698299672609208,0.9324451098374186,0.12020820131172037,0.18223420869528884,0.9951024095805037,0.004138243647335359,0.306530820650508,0.3817863620489655
short_qa,short,20,8,44,0.9390094231995704,0.9364677892572963,0.12020820131172037,0.700800881269172,0.9898445227554046,0.0077165527150201045,0.6782729259273607,0.32692136272726835
short_qa,short,20,9,44,0.8851722453137266,0.9444395899538791,0.12020820131172037,0.047995779056023036,0.9920371651892027,0.0059489254955850815,1.1053466359459434,0.585867558283793
short_qa,short,20,10,44,0.9128741991506075,0.9434663515961975,0.12020820131172037,0.4964028754213752,0.9931386555078573,0.0056355114353310275,0.9964507931551904,0.47940382959251326
short_qa,short,20,11,44,1.2879960831726094,0.9207842636962978,0.12020820131172037,0.005214571625288489,0.9878885027115136,0.009558736025673384,0.7266202834568339,0.5534265802469068
short_qa,short,20,12,44,1.0980107268912862,0.937743619952176,0.12020820131172037,0.1463228412908606,0.9933280566669106,0.005977328937073593,0.12615314085916823,0.30110710867648904
short_qa,short,20,13,44,1.4924495612824993,0.9049011896487295,0.12020820131172037,0.10518679409009124,0.9783016429677777,0.013199696315823272,0.10236429265403146,0.1777730100220249
short_qa,short,21,0,44,0.9568636242653554,0.9310925727303879,0.09622293912423342,0.05634559965503261,0.9863230009834285,0.007524353050451196,0.01922474933602784,0.15644107586889827
short_qa,short,21,1,44,1.2769399024729873,0.9257587940475311,0.09622293912423342,0.133089015916795,0.992935541268989,0.005843072907642422,0.014520866420560873,0.2692237477267734
short_qa,short,21,2,44,1.407912274782591,0.9232299042261031,0.09622293912423342,0.08872585121574517,0.9938812963347965,0.004408001485473417,0.009885414414417797,0.29150886901409223
short_qa,short,21,3,44,1.1314431405445164,0.92626747884521,0.09622293912423342,0.14432812353132718,0.9866007668968381,0.0098832659744916,0.028981513624533165,0.15330691126745633
short_qa,short,21,4,44,1.1506663883311876,0.9292520117887318,0.09622293912423342,0.3130567859970075,0.9900202121815856,0.0055862622212859,0.014072109723474351,0.17633484518302697
short_qa,short,21,5,44,0.9160453777565527,0.9268672472062657,0.09622293912423342,0.1936588449045571,0.9818064393520174,0.012542087920718582,0.02102825827549101,0.10881589306631631
short_qa,short,21,6,44,1.014535740167203,0.9199810300885045,0.09622293912423342,0.22605673362209444,0.9832452694360017,0.010303555511040348,0.07359050199364417,0.11063611864594829
short_qa,short,21,7,44,0.5281353557256991,0.95801967879386,0.2800376421270003,0.20099991479976165,0.9946407616762112,0.016286190379394598,0.1139658346091544,0.1662396589155311
short_qa,short,21,8,44,1.321558948578646,0.9166352012610542,0.2800376421270003,0.23883567098363168,0.9858775107606166,0.037171513493211156,0.08547773638267611,0.2466797277214184
short_qa,short,21,9,44,0.1485709139109355,0.9748069807176672,0.2800376421270003,0.3913598563706979,0.9999256641172342,8.80282347694817e-05,0.02201796560997074,0.13177065265399093
short_qa,short,21,10,44,0.8778003811003293,0.9373788875246333,0.2800376421270003,0.18487543831420616,0.9911349921430767,0.03725836546208992,0.12023180589811933,0.7878686496325765
short_qa,short,21,11,44,1.1095395343396317,0.9292095765331123,0.2800376421270003,0.019059370165107836,0.9849943264639295,0.042212387171891075,0.0862766214982213,0.7894677103881476
short_qa,short,21,12,44,0.9068051651627049,0.9256636388873674,0.2800376421270003,0.1264906820062497,0.9802698788756745,0.08851194697379208,0.2355247529302368,0.43537219509271435
short_qa,short,21,13,44,1.2048654078772458,0.9295381072678633,0.2800376421270003,0.09020883330701057,0.9922462069599978,0.010437240016936048,0.07836752044897488,0.39396742988791505
short_qa,short,22,0,44,2.51328775084202,0.7866014612503995,0.21728719986091072,0.11487428247279663,0.9477881943712728,0.12222304162202757,0.2694201250399601,0.2749628377923516
short_qa,short,22,1,44,2.4980272756815634,0.7929307977606321,0.21728719986091072,0.09700651468271548,0.9641600706405942,0.058146512073311896,0.34685300718668854,0.3742900042170667
short_qa,short,22,2,44,1.0194130748181593,0.9274079639320221,0.21728719986091072,0.20051418132972731,0.9876889288657313,0.012994498744433636,0.03740695518490839,0.1325551683810405
short_qa,short,22,3,44,2.5343829094339028,0.7814277534979474,0.21728719986091072,0.0036266836433007654,0.9471947071324079,0.10579036783939907,0.6052166654167719,0.42406814578494556
short_qa,short,22,4,44,2.4791605118955875,0.7886533381910946,0.21728719986091072,0.07949125050648043,0.9437259644449093,0.17873949344938944,0.7252126337437003,0.27605356071709247
short_qa,short,22,5,44,2.4688945223599195,0.7970945400811386,0.21728719986091072,0.1740479533602235,0.9623369939242934,0.10356613057090804,0.7686880911277936,0.4236107939837491
short_qa,short,22,6,44,2.6564108675641975,0.7485793156015028,0.21728719986091072,0.04333927864875431,0.9207801916879811,0.19618884235194442,0.9438648500981245,0.47654902286068224
short_qa,short,22,7,44,2.459316952447669,0.797116622093733,0.2130713185540074,0.04637523014751199,0.9502190080601356,0.17455322478719407,0.8602845007278823,0.3435323349815391
short_qa,short,22,8,44,2.4148310082079076,0.8036318756080886,0.2130713185540074,0.013436588381932957,0.950549414124122,0.11128792469162138,0.4245314834295415,0.17682133200854241
short_qa,short,22,9,44,2.3977392665183186,0.8055100465356869,0.2130713185540074,0.3954610831025258,0.9581082295723184,0.11340305037126597,0.5511111652313465,0.2859801637590938
short_qa,short,22,10,44,2.1951730036486077,0.8420737924353912,0.2130713185540074,0.15418143431232867,0.982749778021312,0.0335127457367248,0.22342669227746498,0.5094253625179215
short_qa,short,22,11,44,2.384109526820725,0.8131338342756266,0.2130713185540074,0.015380837636172373,0.9693993706661749,0.0466196165719412,0.09566016153766521,0.3166081525336396
short_qa,short,22,12,44,2.008982126867992,0.8661339042255526,0.2130713185540074,0.0959949237382478,0.980578712014645,0.04382874479831909,0.08533261993544768,0.26094115975272303
short_qa,short,22,13,44,2.5335669882113976,0.7842910137132162,0.2130713185540074,0.3186465348826024,0.9500656324594821,0.08685288413529628,0.6102399102192214,0.42177526829334616
short_qa,short,23,0,44,2.8009439318208504,0.7064916936089123,0.16667199710988548,0.10835009685581598,0.8800642270636275,0.10214123939794408,0.2351855791727716,0.11819679228815838
short_qa,short,23,1,44,0.04385908638340096,0.9768001147883784,0.16667199710988548,0.3685214633861964,0.9999961235482633,4.142536461039357e-06,0.0008184449906261534,0.15659710430921064
short_qa,short,23,2,44,1.9753357355979007,0.8469240766863027,0.16667199710988548,0.2688990718811217,0.9558908031485918,0.046223592741972575,0.25992155232577213,0.2150987631410591
short_qa,short,23,3,44,2.612644499107883,0.7670174011678573,0.16667199710988548,0.08746322553716013,0.9477779131883866,0.0420233263079046,0.2145605384392263,0.1537787779696432
short_qa,short,23,4,44,0.726083955356825,0.9564364916644258,0.16667199710988548,0.36724807591826103,0.9971112654786928,0.003006660597458634,0.1559336871125515,0.16855247978860444
short_qa,short,23,5,44,2.3280140593381287,0.8200148198866123,0.16667199710988548,0.2637981967188049,0.9621573936296601,0.033548136252468094,0.11128330761914812,0.12342247564033643
short_qa,short,23,6,44,1.0669253638684248,0.9314709006558707,0.16667199710988548,0.11025630530799546,0.9901719015021918,0.009263855038286748,0.05199956422998734,0.1472430253333538
short_qa,short,23,7,44,2.655864882483924,0.7542379167069516,0.240109908997253,0.3929863568187457,0.92943277755994,0.13449391632631302,0.23158080612506043,0.14580741709408299
short_qa,short,23,8,44,2.6780759199302024,0.7458432927661391,0.240109908997253,0.12686071248669784,0.9236578942232828,0.1348908362412525,0.18406725120884893,0.18602999328753175
short_qa,short,23,9,44,2.5439297383283095,0.7750293792344227,0.240109908997253,0.08039586824373224,0.93100341528992,0.10162823120843525,0.24706925886914502,0.25436241499842155
short_qa,short,23,10,44,2.7108463354792907,0.7369301712891787,0.240109908997253,0.044960437962463295,0.9190193112894119,0.14936522430535873,0.3886452818234198,0.2545005540726277
short_qa,short,23,11,44,1.6205687030441973,0.8871744103701829,0.240109908997253,0.26437367903529996,0.9755437047745555,0.027092738422674605,0.04142107383996982,0.24656281559277982
short_qa,short,23,12,44,2.303604401283703,0.8238384523243066,0.240109908997253,0.26167879515309433,0.9705436557574859,0.03668885079573591,0.07254270974157097,0.2699213725307955
short_qa,short,23,13,44,2.4884293392685004,0.7908168651305765,0.240109908997253,0.24981030779721447,0.9556477240090098,0.0560637507962479,0.11844579549821155,0.2884798624100714
short_chat,short,0,0,43,1.781186683068392,0.861263203565767,0.04449349616944695,0.45527696624758107,0.9660641883904377,0.036745030338873545,0.5545816627709209,0.34607382663209074
short_chat,short,0,1,43,0.010037916448144758,0.9766411195853366,0.04449349616944695,0.06280674676258968,0.9999990878177519,9.464739091959599e-07,0.1624788572628444,0.8881884265641278
short_chat,short,0,2,43,2.6959559519421012,0.6991592172857192,0.04449349616944695,0.037728629172534056,0.8590194012948028,0.15415766294207012,0.056612527463647165,0.5443915692096308
short_chat,short,0,3,43,3.207763173684349,0.5268413297304279,0.04449349616944695,0.025448732962530585,0.754798039350936,0.27470441203263624,0.3988637828480175,0.3176658201474427
short_chat,short,0,4,43,1.0113086200128703,0.9509189679156751,0.04449349616944695,0.5816442058899725,0.9999977681126748,1.3806446638861683e-06,4.775235918013821e-05,0.5554753786748168
short_chat,short,0,5,43,0.16154895645861997,0.9746388877682871,0.04449349616944695,0.012171330339867836,0.9999999999927629,1.1690421700213564e-11,1.0718376332844479e-10,0.2407171341102283
short_chat,short,0,6,43,1.9431527522921945,0.8588706290243482,0.04449349616944695,0.038143366915676324,0.9686769644409617,0.030384893153439747,0.4765033108916941,0.2993054199833138
short_chat,short,0,7,43,2.2120825723229467e-07,0.9767441850545286,0.1999175858663464,0.4359256968432703,0.9999999999989998,1.8656795923650614e-16,1.2477309805218111e-08,0.19829515492233732
short_chat,short,0,8,43,2.4353656841930533,0.8004336624481974,0.1999175858663464,0.3514965981581213,0.9851643101876052,0.030136535677656933,0.11849204286271903,1.5748792987693645
short_chat,short,0,9,43,2.6052607472132117,0.7647245264443026,0.1999175858663464,0.2947820830367789,0.9436472855597242,0.046291686011596465,0.5699436932948531,0.3869089612339451
short_chat,short,0,10,43,3.2350185947632735,0.5313986213719842,0.1999175858663464,0.04273848956918869,0.7636039665856614,0.3358234783103735,0.5434903043955258,0.9700967545428159
short_chat,short,0,11,43,1.244236087476411,0.9308429758768236,0.1999175858663464,0.085211504257245,0.9929142001272746,0.009738539426160212,1.0989612774497475,0.6061495086129087
short_chat,short,0,12,43,3.165241000610258,0.5886271242328206,0.1999175858663464,0.12936754607721923,0.8387982407722765,0.21089162324458136,1.2470762604605417,0.7623323299847943
short_chat,short,0,13,43,0.585859893115072,0.9657935796065324,0.1999175858663464,0.6604805901704225,0.99995871145747,4.7575115646531953e-05,1.3029966635143884,0.22535821973289527
short_chat,short,1,0,43,2.5373753938107546,0.7733860846323255,0.24051535868231422,0.15068760373602874,0.9923371656517151,0.016281566029304743,0.08668177327676158,0.26017520805659544
short_chat,short,1,1,43,2.581548768252483,0.7651241757536147,0.24051535868231422,0.33258991465151777,0.9432915115646994,0.07404779983533026,0.1000110085977152,0.1803173809209098
short_chat,short,1,2,43,2.6289372397494413,0.7532063624248663,0.24051535868231422,0.34585832966552044,0.973434347030335,0.03928235784241146,0.38612403485821084,0.22319033716303707
short_chat,short,1,3,43,3.0261533894823085,0.6423609189170881,0.24051535868231422,0.09461398019300837,0.8641212869026944,0.19718600895897012,0.4042613536492135,0.1689758121801707
short_chat,short,1,4,43,2.159648006364054,0.8424802719328482,0.24051535868231422,0.10432086843768751,0.9773123065144833,0.03276844316172026,0.06896884396862656,0.15023486308640308
short_chat,short,1,5,43,3.0462781766069114,0.6089968799778954,0.24051535868231422,0.07148839720401678,0.8060535915530807,0.3149436160682088,1.6500793233946143,0.16442456286637325
short_chat,short,1,6,43,2.4201566547921263,0.8038685853092615,0.24051535868231422,0.03806937521118137,0.9719934749978039,0.04348785271183503,0.12281775705659136,0.13289900661976742
short_chat,short,1,7,43,3.3496405520055124,0.49870444723150714,0.04515431167763315,0.011760435553810566,0.7451234391852141,0.07370449918463368,0.2330750922227791,0.20900258461333082
short_chat,short,1,8,43,1.2385523664713607,0.9381418903850075,0.04515431167763315,0.11722629390293804,0.9995984106266396,0.00022163027507418094,0.024071053531009096,0.2758930661286842
short_chat,short,1,9,43,1.0000688385745111,0.9498963620432336,0.04515431167763315,0.3049320626739629,0.9996151856360924,0.00022736669342435852,0.0036078355237246277,0.31508948948029425
short_chat,short,1,10,43,2.559903088533675,0.760624881853608,0.04515431167763315,0.006250674770441833,0.9153093707885833,0.03222823418507332,0.3304814779296245,0.16073505560537626
short_chat,short,1,11,43,2.6011441483841566,0.7478694013665997,0.04515431167763315,0.024262015509847856,0.915392200848856,0.035184286353179134,0.3962087987048437,0.3871097068941753
short_chat,short,1,12,43,3.135202293411173,0.5952271098139729,0.04515431167763315,0.23865104637371815,0.8225254850142554,0.07054141224193884,0.16613237989467147,0.24146428737053371
short_chat,short,1,13,43,3.249913749116813,0.5246202041678398,0.04515431167763315,0.1150354869041621,0.7539557655000676,0.07829029469641441,0.1459462749386434,0.43309256756722414
short_chat,short,2,0,43,1.9909505901115063,0.8618682543803777,0.20322304936491692,0.0816647585713497,0.9717395068543623,0.04937676193095402,0.07429651996378574,0.20194816645925986
short_chat,short,2,1,43,2.812896537031803,0.6812885688562239,0.20322304936491692,0.09407787139725343,0.8525757422446817,0.22625027053375807,0.46515460882280535,0.4046390568522157
short_chat,short,2,2,43,2.471647449973262,0.7897662922307389,0.20322304936491692,0.11045221151560014,0.9540622303465457,0.07559853260622386,0.29171513813622346,0.5308848804554094
short_chat,short,2,3,43,1.1472087255860512,0.9416520447024034,0.20322304936491692,0.17865604696454795,0.9989281120278265,0.001120707884283569,0.009817262219442785,0.3680603786189448
short_chat,short,2,4,43,1.7478144362720909,0.8913631935039859,0.20322304936491692,0.27158093362981717,0.9881745258033989,0.01551454962118847,0.09002653242378271,0.3355875210208487
short_chat,short,2,5,43,3.1413643045769075,0.5785069329493074,0.20322304936491692,0.020736701712916528,0.7919963560853684,0.4178708717370208,0.4556476737878,0.2392795750155979
short_chat,short,2,6,43,1.269493488875718,0.9287363659271104,0.20322304936491692,0.07907004132912121,0.9920522551617708,0.009913597273163694,0.04181322879333726,0.2963413978145778
short_chat,short,2,7,43,2.468019407135388,0.793059032166434,0.20284126425814303,0.2665878787555158,0.979761617535826,0.054774522576897404,0.09153348959305233,0.27645753650327437
short_chat,short,2,8,43,2.116812639828601,0.85107084064028,0.20284126425814303,0.8165635438856995,0.9923846664919636,0.02100445391274484,0.07518975112639709,0.5388278017554872
short_chat,short,2,9,43,2.2209990754436455,0.83661700033321,0.20284126425814303,0.6352653546988734,0.992666474712559,0.013952195372169025,0.027968079845960142,0.9244712548607887
short_chat,short,2,10,43,2.3650700958845743,0.8085577952068068,0.20284126425814303,0.18904848838104016,0.9628214665627287,0.09142195081399897,0.19986033685538263,0.6226392543640579
short_chat,short,2,11,43,2.550029163497655,0.7678946149274964,0.20284126425814303,0.1103959095988074,0.9833345559300372,0.05006271991251285,0.07324150279955952,0.23407360172204378
short_chat,short,2,12,43,2.3076329521590173,0.8240070027753166,0.20284126425814303,0.28225245540997435,0.9919145828479872,0.02231779080312663,0.04121095004123576,0.3615180206347829
short_chat,short,2,13,43,2.480278600333473,0.7889845963689004,0.20284126425814303,0.15918844230983353,0.9592111367023975,0.1327155653817963,0.15956161433185104,0.24425300878761322
short_chat,short,3,0,43,1.578946940692605,0.9112402324543527,0.08664490488460304,0.3364794888817526,0.9989459629315975,0.0013848047961348548,0.004954163526262618,0.43100113233176995
short_chat,short,3,1,43,2.091382508756318,0.8561023128031292,0.08664490488460304,0.10218785515967133,0.9835686538009188,0.017852941990432723,0.031299446757570605,0.4527854085382402
short_chat,short,3,2,43,2.725715537205712,0.7172110705364049,0.08664490488460304,0.00288854057671184,0.888680790221275,0.09810147383539908,0.270927023854692,0.2360310486611215
short_chat,short,3,3,43,2.7988041926843974,0.6577161887439751,0.08664490488460304,0.004012715351961571,0.8332208686186585,0.2585271519937935,0.29427369031162426,0.24737905029014778
short_chat,short,3,4,43,1.615559704271671,0.9065924201024483,0.08664490488460304,0.029530159427556768,0.997311635009537,0.003818652112250159,0.010403548087841188,0.3184750444058668
short_chat,short,3,5,43,0.3195600543156455,0.9703521201475981,0.08664490488460304,0.0018866062699895991,0.9999916259747635,6.021907756857257e-05,0.00042401343241791224,0.47664507187590555
short_chat,short,3,6,43,2.5932529853071458,0.722981538772498,0.08664490488460304,0.08163885010346128,0.8819711877859999,0.18258088225534289,0.8493471326674652,0.2990435482418022
short_chat,short,3,7,43,1.3469529763554065,0.931839684582521,0.2225548545025559,0.6138877636385729,0.999394437176059,0.0011151399731489306,0.010739073249608393,0.49001755710207817
short_chat,short,3,8,43,1.323467374128548,0.9129990708451892,0.2225548545025559,0.09211120899766989,0.9812503544692196,0.01987415824293371,0.3869795467977205,0.24870146839211962
short_chat,short,3,9,43,2.6406789908531674,0.7339534546121528,0.2225548545025559,0.021123042583674145,0.9105957739698455,0.15520892889575968,2.167181597570377,0.4275085385261796
short_chat,short,3,10,43,1.1187806340329263,0.9391736023513668,0.2225548545025559,0.0645779378704745,0.9985647426570414,0.0017826776424251743,0.02069411699108196,0.19343228789045955
short_chat,short,3,11,43,0.44334514423456417,0.9597047847311031,0.2225548545025559,0.10461581741655479,0.9965390297108923,0.009884615925156928,0.08973048823773931,0.2055676365855973
short_chat,short,3,12,43,1.720546486188958,0.8993383554221358,0.2225548545025559,0.5729092604163526,0.9955890247767243,0.0046572199989853265,0.5954783503198269,0.49542948622161626
short_chat,short,3,13,43,1.0880208860735598,0.9180807468569028,0.2225548545025559,0.1842504690749216,0.9807365599351077,0.06660823761628308,0.11647912593339788,0.28206370661129726
short_chat,short,4,0,43,1.9362984351354702,0.870532862571599,0.21663764245459385,0.015156359628853977,0.9950736902255968,0.006281603399408283,0.01360197808834064,0.2663641268747683
short_chat,short,4,1,43,2.468593603797426,0.7835735984704139,0.21663764245459385,0.15016182555365942,0.9470496605502976,0.07970508557488803,0.3120918878816833,0.24298378355455647
short_chat,short,4,2,43,1.5342106594300888,0.8996638552867839,0.21663764245459385,0.025601567015885784,0.9783113800948402,0.029186260462917,0.0651287437120186,0.1476627404516493
short_chat,short,4,3,43,2.8920040485190737,0.6536754937254363,0.21663764245459385,0.37904337248149256,0.861610279269908,0.23529683256006015,1.335511881955513,0.3294092255718191
short_chat,short,4,4,43,2.0467838231869657,0.8604493277382357,0.21663764245459385,0.09758701614123577,0.9820587918912874,0.032267689589334354,0.20560106231050232,0.2603098895430371
short_chat,short,4,5,43,1.6908718644838503,0.9029712416645358,0.21663764245459385,0.13297122223521107,0.996059012095255,0.006552314689997082,0.024340001378242035,0.2524669703448283
short_chat,short,4,6,43,1.5683475470059824,0.9111601449644282,0.21663764245459385,0.08370743048677465,0.9938210667790969,0.0069501923985281315,0.016400875945438535,0.3504743323823366
short_chat,short,4,7,43,2.882479653335553,0.6672183751021012,0.21402867743480014,0.39795063582548984,0.8702847681195754,0.1820667741664553,0.23806071133392503,0.17190809520082706
short_chat,short,4,8,43,2.3624372897038404,0.7212783667335568,0.21402867743480014,0.026801587749682554,0.8589720887113168,0.24107832394152928,0.3926212046444965,0.2527121102388297
short_chat,short,4,9,43,2.837676508186904,0.6584206571636043,0.21402867743480014,0.012454246204256725,0.8313028385637956,0.19432854549898443,0.34894461589414744,0.17326893760361795
short_chat,short,4,10,43,2.30447298805131,0.7490102890207727,0.21402867743480014,0.06952918091482374,0.8801956034690737,0.21081349200201696,0.4460686815170307,0.4309668173632263
short_chat,short,4,11,43,3.183911687377485,0.5776680088239133,0.21402867743480014,0.01878300190595894,0.8042781177477166,0.23490344732561147,0.6049717271644712,0.17618740049642745
short_chat,short,4,12,43,0.6059478279076793,0.9639411371756181,0.21402867743480014,0.44488875941085126,0.9995519090177619,0.000444827531641112,0.0035928797296629275,0.10359622134488025
short_chat,short,4,13,43,3.1033402557541363,0.5950004845274408,0.21402867743480014,0.12168924290422822,0.8192323542484987,0.24677271181614852,0.9117611136973016,0.14492468450738902
short_chat,short,5,0,43,0.22429239313940894,0.965732700548092,0.19203170212838472,0.17465325102433304,0.9953117571130317,0.016471346778421245,0.09317629210510701,0.2010352167048536
short_chat,short,5,1,43,1.8754744604388458,0.8537653748993981,0.19203170212838472,0.06559481560894076,0.9595255626720608,0.06752847634070566,1.527118080248288,0.32711516962944653
short_chat,short,5,2,43,0.9727291076201353,0.9284487365711137,0.19203170212838472,0.11513846191853716,0.9836913354190516,0.04682175329522689,0.13723134432745154,0.2446068788303729
short_chat,short,5,3,43,1.7980238260386627,0.8893235965146377,0.19203170212838472,0.021099282461571,0.987891953038226,0.01466916148985171,0.03457850088418447,0.1438478107213806
short_chat,short,5,4,43,2.5439093851914976,0.7377797998151715,0.19203170212838472,0.04766646737661073,0.9027264710027865,0.11995436325013821,1.181183436131822,0.22105365118574713
short_chat,short,5,5,43,1.9292388044469295,0.8432882378177873,0.19203170212838472,0.15090862061839871,0.9570009279811115,0.06549535071323802,1.464607217628658,0.2797400706082452
short_chat,short,5,6,43,1.9165380244196837,0.8699396851984924,0.19203170212838472,0.35969132345516863,0.9795612407847059,0.024901180373672265,0.46722407182558734,0.20865761032726232
short_chat,short,5,7,43,2.491946621216237,0.7866261346878481,0.1853446263582945,0.11158356541406311,0.9610600203214796,0.03360882817631378,0.22754710775817294,0.235099969348987
short_chat,short,5,8,43,2.6281273288730223,0.7490505200638939,0.1853446263582945,0.0048820846839001675,0.9363651307558206,0.056890193190897186,0.40226467456873044,0.18871672436618517
short_chat,short,5,9,43,0.508289061228673,0.9672985911054762,0.1853446263582945,0.20224479784488647,0.9997888173254168,0.00022824343321237032,0.01463307150373759,0.10619647684995762
short_chat,short,5,10,43,1.9418220830593855,0.8150689852182105,0.1853446263582945,0.03883599543519134,0.9310949386362372,0.11997492896338915,0.768415193668544,0.2698797993034912
short_chat,short,5,11,43,1.7722926090470301,0.8458704193290102,0.1853446263582945,0.09918188036782372,0.9476477961073804,0.08830282876245125,0.42826118387356854,0.3013387850306662
short_chat,short,5,12,43,2.8968281231750987,0.6569916691485251,0.1853446263582945,0.014618822948824217,0.854259236867354,0.16703017873777978,0.6495140165565196,0.21828357519127717
short_chat,short,5,13,43,2.5240040561831463,0.7674428320761837,0.1853446263582945,0.041286099896736594,0.9400773151441462,0.05525278574273923,0.29536713909314216,0.221075959985916
short_chat,short,6,0,43,1.6553787946700464,0.8279006381937981,0.14821769614819846,0.17847058432668383,0.9269058711925923,0.14040336803752487,0.5219824192542766,0.2529839552021853
short_chat,short,6,1,43,2.7851503016389425,0.7047072218833843,0.14821769614819846,0.080861592300014,0.8856621447618381,0.15510249143476212,0.26766630375306444,0.23015972035684407
short_chat,short,6,2,43,1.71670136219994,0.7987551022171235,0.14821769614819846,0.0037345801757879826,0.8994734486904257,0.22699978283480332,0.3609252005306446,0.28500437251623495
short_chat,short,6,3,43,2.5941633202950904,0.6819282202429557,0.14821769614819846,0.33268602413534953,0.8646410866934183,0.28519553501025097,0.42361573145393894,0.23742509552888336
short_chat,short,6,4,43,1.6048802845247139,0.9104361822751614,0.14821769614819846,0.3227782561781609,0.9979852748852585,0.0032956806561110475,0.14089873646106293,0.3902277503804567
short_chat,short,6,5,43,2.680624218370447,0.6937714010152695,0.14821769614819846,0.31493839882518415,0.8826715527633824,0.22818813181777797,0.6417004550778771,0.19812947223228816
short_chat,short,6,6,43,2.0712513955304583,0.8564330151862164,0.14821769614819846,0.44664520243253136,0.9846688033283728,0.018242613820408204,0.2081514737566222,0.3070715094716788
short_chat,short,6,7,43,2.8143178205829282,0.6951709070404065,0.11478877041431929,0.006382754877862773,0.878226820075227,0.10385499536688415,0.17361603065720171,0.13608593327657773
short_chat,short,6,8,43,2.0403630791235767,0.8351013500049395,0.11478877041431929,0.01986213621184385,0.957235836527236,0.06991285581857967,0.39397210649881814,0.18877023792813233
short_chat,short,6,9,43,0.9025419479687338,0.946069805334704,0.11478877041431929,0.12989443255303623,0.9982113673985388,0.003480274961670283,0.03581148976325389,0.29103939853226457
short_chat,short,6,10,43,2.4078064166824906,0.8020913992052914,0.11478877041431929,0.16114769819872787,0.959686148924056,0.0402397992803336,0.2474704199596851,0.17536319608275955
short_chat,short,6,11,43,1.6959122211017936,0.8840645014152971,0.11478877041431929,0.008408165223650066,0.9758124143243437,0.04951516598370663,0.15758571861084972,0.18330939651693182
short_chat,short,6,12,43,2.598111374753551,0.7480098144121688,0.11478877041431929,0.0022154889440448855,0.9118441346031326,0.12152883418294626,0.9272009657681419,0.24930314910217127
short_chat,short,6,13,43,2.777059259935904,0.7141023793332681,0.11478877041431929,0.0890203660073281,0.8916046860745138,0.06714776109849863,0.18863203226020375,0.20512285802934124
short_chat,short,7,0,43,0.881138106394762,0.9439085916020158,0.223246144276695,0.34029912790849615,0.9936693367269601,0.018257858399378157,0.30656352066977166,0.33344627105492264
short_chat,short,7,1,43,1.5319579432076773,0.8932658920760422,0.223246144276695,0.07472352943640992,0.9794598858135984,0.045474894668820987,1.0064002156114815,0.36193058187254884
short_chat,short,7,2,43,1.9425567369026673,0.8640318481859842,0.223246144276695,0.2504995791489941,0.9736458898806594,0.037486599846779024,0.3737356715827179,0.2639717226621052
short_chat,short,7,3,43,0.9686559195008606,0.9439273045488106,0.223246144276695,0.1434339272463454,0.9974503583765975,0.005621776052728262,0.5856100559050041,0.45720668283195726
short_chat,short,7,4,43,1.1771190346172486,0.9364163510360363,0.223246144276695,0.09820415030370722,0.9949677526410117,0.0058451495743692475,1.0662764861295648,0.39782425288760803
short_chat,short,7,5,43,2.2458973583780066,0.8293266641245736,0.223246144276695,0.022677313323566928,0.9736748428722645,0.029596308416936758,0.9659475928589772,0.3680122046838763
short_chat,short,7,6,43,2.2127431126138903,0.8290266487484426,0.223246144276695,0.23681229992958475,0.9580014532000081,0.04928888336232757,1.1862961251282422,0.382376417818341
short_chat,short,7,7,43,1.6512400881543112,0.90436897345707,0.1527201256623032,0.011211215903847105,0.9918554152692745,0.012348098224695032,0.23922829515481064,1.0165860759955239
short_chat,short,7,8,43,1.4468474337824553,0.9214629259404566,0.1527201256623032,0.0939358831764796,0.9974199904755902,0.005556055861840796,0.07945601349574878,1.0065893484571997
short_chat,short,7,9,43,1.3347772148744284,0.9012215646131669,0.1527201256623032,0.4431490284118311,0.9813466301883584,0.0635761440627215,1.06366213552381,1.0824920328279644
short_chat,short,7,10,43,1.9260783906798822,0.8429448817460656,0.1527201256623032,0.03368653844342884,0.9519187490974479,0.08949315565337097,1.0831600657761355,0.41184006378214416
short_chat,short,7,11,43,1.3607831634682281,0.92939714516362,0.1527201256623032,0.2717276734408802,0.9985993911407286,0.002732085901004099,1.0452563858585906,0.7248399960165408
short_chat,short,7,12,43,1.7884531118856803,0.8745100001972,0.1527201256623032,0.1237426034628406,0.9780576778158201,0.041771992739507845,0.4355041523894604,0.47771503202889054
short_chat,short,7,13,43,2.2431819592955518,0.8344518072380809,0.1527201256623032,0.23330277294344803,0.9798316819911894,0.022163105138780847,0.5603268771431582,0.48774283098854393
short_chat,short,8,0,43,2.418219536166609,0.776250254312204,0.21445460985489648,0.09984885986146708,0.9212399561020117,0.10045168048202219,0.9148328658476692,0.4717190234050402
short_chat,short,8,1,43,2.1517518362472607,0.8252457714379576,0.21445460985489648,0.03665384954915751,0.945136089916809,0.07099097422266248,0.1561512332209011,0.2709248998109268
short_chat,short,8,2,43,2.487463433813665,0.7787946578984138,0.21445460985489648,0.009308812437897274,0.9324551085503279,0.10051589859753358,0.10370749121645013,0.2430039576908581
short_chat,short,8,3,43,0.006033101271224024,0.9766958650708274,0.21445460985489648,1.6100059113846328,0.9999999993493127,7.523320894642957e-10,3.977397273009851e-07,0.11848004786687417
short_chat,short,8,4,43,2.136203777564687,0.8505994342136148,0.21445460985489648,0.252025595287634,0.9837615067243799,0.01798336177410233,0.04916039509636363,0.17020896382822984
short_chat,short,8,5,43,2.0813706851526588,0.8555992597497859,0.21445460985489648,0.29245866530896336,0.992583712292975,0.009770042704034329,0.03677491373971816,0.177893737435181
short_chat,short,8,6,43,1.471440974641406,0.8853232305528572,0.21445460985489648,0.012430530285087116,0.9609897597568838,0.05645271984172531,2.4072088358083095,0.2926727407311124
short_chat,short,8,7,43,1.096519816530038,0.9459741381643814,0.23589108411046936,0.3081291583034096,0.9999698806683862,3.084205481042669e-05,0.0973017310950381,0.11195272348197922
short_chat,short,8,8,43,1.469946960038286,0.9176029339567665,0.23589108411046936,0.2780292177587951,0.9929306511275082,0.010906041368902015,1.5586513193423457,0.13867214410932874
short_chat,short,8,9,43,2.21535018460954,0.8298711300631724,0.23589108411046936,0.04769907375735016,0.9596494233405616,0.056061430424213625,0.9901309632730696,0.17747551606603665
short_chat,short,8,10,43,2.0691593180007786,0.8286932242634542,0.23589108411046936,0.11814037370667307,0.9522608957787945,0.08072999329786006,2.924815659054952,0.18976791590329045
short_chat,short,8,11,43,1.8724220841757542,0.8742005445952664,0.23589108411046936,0.00218016024334311,0.9845557531638,0.02009493996848264,2.469605714702,0.16100483458193796
short_chat,short,8,12,43,1.6787187730152677,0.8989856531072977,0.23589108411046936,0.016258971830393154,0.987881859899971,0.01592481072741131,1.4017068810851196,0.14957146661782483
short_chat,short,8,13,43,1.842871108578867,0.8669522932155123,0.23589108411046936,0.44369204664105677,0.9717573258253671,0.046425189343206996,1.6654443619633252,0.14886100203723093
short_chat,short,9,0,43,0.6805170411887376,0.9547623694080797,0.1472503569305792,0.36027520290325565,0.9970504868433111,0.006370143288938032,0.024957410405373588,0.15854061844242087
short_chat,short,9,1,43,1.2308422636008203,0.9271262283134983,0.1472503569305792,0.23604275143991815,0.9937511649413077,0.005598324712586994,0.02528035543765878,0.15471767453166538
short_chat,short,9,2,43,2.5387298687664828,0.7786035810750829,0.1472503569305792,0.27293560633585523,0.9505695514501992,0.0505501386463853,0.4178486723759505,0.10882719364150023
short_chat,short,9,3,43,2.561601637133214,0.7517557792930439,0.1472503569305792,0.08209700922007279,0.9115980268209711,0.0989803539005818,0.5343322237139048,0.18538244686904598
short_chat,short,9,4,43,1.1987882238777006,0.9227480700180526,0.1472503569305792,0.0982379758154801,0.9858345166595387,0.027986917959440468,0.16138161694483147,0.17305699060536614
short_chat,short,9,5,43,2.4223737826179086,0.8022995684389767,0.1472503569305792,0.3336168308251086,0.9639510431471863,0.031446854819235565,0.25475332179301036,0.19805063281458135
short_chat,short,9,6,43,2.476438633965673,0.7934275113437148,0.1472503569305792,0.14811628776597807,0.9739292452572309,0.0310827751272587,0.13969850281494076,0.10348585373439066
short_chat,short,9,7,43,0.00012436706074552407,0.9767434157944473,0.0622363384754355,0.01690691176736081,0.9999999993313389,5.126217072132497e-09,1.8122229855755865e-06,0.13405838574578452
short_chat,short,9,8,43,0.024109608524803483,0.9764836334489566,0.0622363384754355,0.4254306429929873,0.9999991294164304,6.756814686990405e-06,4.0528329074964905e-05,0.1323033733922976
short_chat,short,9,9,43,0.006648043907448746,0.9766888371299498,0.0622363384754355,0.18530431272794523,0.9999999018124913,7.633663657277079e-07,1.632605128477955e-05,0.13360390801267255
short_chat,short,9,10,43,0.13632166858791894,0.9745823622173622,0.0622363384754355,0.08433126857440598,0.9999300844569109,0.0006029536490244158,8.828104908047939,0.15964704206420416
short_chat,short,9,11,43,0.27887253423738834,0.9646961116988045,0.0622363384754355,0.024124296273129175,0.9953696632207135,0.04113286299266729,9.249179647489749,0.15664804185789902
short_chat,short,9,12,43,1.6438634043593203,0.8259482604451452,0.0622363384754355,0.05178429377744731,0.9174746965284671,0.2874199517266259,3.0893431308928996,0.19269850499001204
short_chat,short,9,13,43,0.5205719355052786,0.9642474166701509,0.0622363384754355,0.17840324937983887,0.9991341699903548,0.006814148488132513,8.749899441460638,0.2757592749702243
short_chat,short,10,0,43,2.6113809024621175,0.7314589272264681,0.14044088666157473,0.13259701594740614,0.8958955547026456,0.15485594251326448,0.4001191010737272,0.2643834768671359
short_chat,short,10,1,43,1.4393437012433576,0.8652742475672819,0.14044088666157473,0.03170994866761134,0.9474420878710051,0.11018928020703787,0.29780063398590145,0.19222796833395392
short_chat,short,10,2,43,1.0712042942269837,0.9467309538246923,0.14044088666157473,0.04174923308540546,0.999375787665403,0.0010521282756652422,0.0018880771893644746,0.566229647603337
short_chat,short,10,3,43,2.149559528103117,0.827841234864703,0.14044088666157473,0.24307272292657212,0.9524833243479983,0.0873036293541235,0.2089032293436859,0.2465034425907041
short_chat,short,10,4,43,2.464500062111318,0.7572171140118629,0.14044088666157473,0.044241220429066974,0.9122315717386951,0.1671020677193076,0.19455246184211772,0.2073705114879226
short_chat,short,10,5,43,2.5796695595696404,0.7379574152544502,0.14044088666157473,0.024951306718823618,0.8938521464718254,0.1784115628843392,0.3023845007457504,0.33969904243989685
short_chat,short,10,6,43,0.6198123977228961,0.9643233495818321,0.14044088666157473,0.2223286444183037,0.9999583569557216,4.880818299677125e-05,0.0022515429910023293,0.2406698889640096
short_chat,short,10,7,43,2.180842798048871,0.8156340778941804,0.16368761365296114,0.13878918679566077,0.9449941406750302,0.06439374168577996,0.14590203104116567,0.17941227403886897
short_chat,short,10,8,43,1.7766119411661985,0.8793341469723875,0.16368761365296114,0.014714754516635065,0.972752372241462,0.02677685032181916,0.361510453261328,0.21690555694147437
short_chat,short,10,9,43,2.498002746213381,0.7740711017517566,0.16368761365296114,0.007571264533039912,0.9289344452986101,0.08446481097543808,0.7637713035722445,0.17275744136209792
short_chat,short,10,10,43,2.5754564669576365,0.7463922680156625,0.16368761365296114,0.09048594176227098,0.9138455682915468,0.08617806364489058,0.7968782347892216,0.23931901513249654
short_chat,short,10,11,43,2.5289388213240653,0.7627084597656917,0.16368761365296114,0.04860650636373576,0.9369013436802367,0.07072840475889274,0.5950181443202566,0.16122508327013463
short_chat,short,10,12,43,2.7119638800366443,0.7391120588497772,0.16368761365296114,0.030301992622841833,0.9543974299673025,0.04943361314989925,0.385549391585152,0.1070621815874358
short_chat,short,10,13,43,2.3825370706144406,0.7895409131150622,0.16368761365296114,0.2381730373661064,0.9511596883969782,0.0691439604963615,0.8689127698043693,0.1608330357798424
short_chat,short,11,0,43,2.3231103663054427,0.8156415164038834,0.08282332557823927,0.12290554530190523,0.964598810278877,0.05439463738903798,0.1749321975152605,0.33509409902032616
short_chat,short,11,1,43,0.7461577110310623,0.9327754401377962,0.08282332557823927,0.0014361958951480958,0.9834897755072626,0.029385793591696036,0.09510707586659502,0.18926964287579323
short_chat,short,11,2,43,2.627781346188117,0.7498308502098013,0.08282332557823927,0.24057815013102601,0.9209061254115456,0.10597007832695127,0.2031708698324587,0.20768668909505175
short_chat,short,11,3,43,2.543386534874658,0.6865637481687894,0.08282332557823927,0.19473894323335195,0.8530005797336782,0.22935425841127613,0.36292594467331785,0.32309763773218286
short_chat,short,11,4,43,2.418258137362629,0.775524100328759,0.08282332557823927,0.12762049013960386,0.9287565365026998,0.08104313363151586,0.2071993171897331,0.24768880150101136
short_chat,short,11,5,43,2.6328410525086916,0.7359852459776106,0.08282332557823927,0.07969769996271481,0.8962979071034711,0.12624570925547476,0.19898856370752668,0.2278444701949431
short_chat,short,11,6,43,2.5284416816695865,0.7317330504137517,0.08282332557823927,0.06112219223192428,0.894713549396408,0.17747640703862766,0.36897664818573556,0.33447409725269345
short_chat,short,11,7,43,0.00014639168850790916,0.9767435947065165,0.06064000916200414,0.9049651933587697,0.9999999978856936,3.7685868774346736e-08,4.357348318159873e-06,0.16014108143867994
short_chat,short,11,8,43,0.91531697248736,0.9178433393528114,0.06064000916200414,0.09801212918145596,0.9760579012235686,0.15371047570224436,0.3965509357872049,1.9970469455740194
short_chat,short,11,9,43,0.008570437019338602,0.9766500432566899,0.06064000916200414,0.568623047175592,0.9999986939683762,2.586791081180742e-05,0.0014464459183895879,0.17655179268222462
short_chat,short,11,10,43,0.38272378018715014,0.9644227226212246,0.06064000916200414,0.04175364659226144,0.9981548139857076,0.029228447818890613,0.2150299699444667,3.103132592895387
short_chat,short,11,11,43,0.00023720339776680792,0.976742265779209,0.06064000916200414,1.0027030115083466,0.9999999746421749,4.785239053761335e-07,2.599225857736578e-05,0.16011866853295761
short_chat,short,11,12,43,0.25022173735950637,0.9717005944892951,0.06064000916200414,0.3425159984592723,0.9997391123001761,0.004761292615473401,0.07221288922036333,2.1228499023920273
short_chat,short,11,13,43,5.803553066095067e-06,0.9767441633768397,0.06064000916200414,0.018652717176294686,0.9999999999440743,1.0722309396809252e-09,3.817838620346377e-08,0.1601349915407981
short_chat,short,12,0,43,0.39410009800501006,0.9704877380611899,0.20894184489774614,0.07870994417343713,0.999976903139127,2.823216417269783e-05,0.0004324314987780948,0.14028098994654487
short_chat,short,12,1,43,2.2519949644273334,0.8264698163380426,0.20894184489774614,0.14413779641530144,0.9650163403134104,0.04165801812550466,0.1224659245204597,0.13787311824979132
short_chat,short,12,2,43,2.577738250341916,0.7666816419991901,0.20894184489774614,0.004509097952702046,0.9685532454829375,0.03135643719986584,0.1022306807188388,0.1189977762087036
short_chat,short,12,3,43,1.1049312540810567,0.9129608801972924,0.20894184489774614,0.00029301430652106664,0.9754829546573345,0.08282674867512939,0.11588941081845897,0.2697192861321599
short_chat,short,12,4,43,2.3807341556376262,0.7369502867129548,0.20894184489774614,0.01719674699453133,0.8786710511475987,0.22143149671898607,0.2742204999770851,0.1332797395781594
short_chat,short,12,5,43,3.09069346532988,0.6117777978433038,0.20894184489774614,0.012997396684783169,0.8273510787167434,0.16900117113715246,0.26236760751133487,0.10447093041774712
short_chat,short,12,6,43,2.6288525065246535,0.7391250699899209,0.20894184489774614,0.03872688005731284,0.9020107765836654,0.11319790841516258,0.22187051514120437,0.15917227067213158
short_chat,short,12,7,43,2.5705320785066132,0.7735056135725017,0.15571475476921293,0.04540726761802594,0.9548922634022161,0.05898627979197264,0.5264306204730906,0.15220364729071903
short_chat,short,12,8,43,2.216586587329542,0.833060793530992,0.15571475476921293,1.216532813199781,0.9871967958865556,0.018860144738725305,0.3273187548631098,0.30195161220438643
short_chat,short,12,9,43,2.786829341321173,0.7064667295318181,0.15571475476921293,0.13276339269770876,0.8988615584540453,0.14803045110200885,0.8917607800788839,0.23415867514167626
short_chat,short,12,10,43,2.4384599232698743,0.7759407737144226,0.15571475476921293,0.04955416463776796,0.9284724240207479,0.11361832783873278,0.9717018887660768,0.32406917543447866
short_chat,short,12,11,43,2.699737908983622,0.7053326765003446,0.15571475476921293,0.02906100721826288,0.8691860832954177,0.18760851874050752,0.5207458686109456,0.26142737394976495
short_chat,short,12,12,43,2.249930476935319,0.8197597717975079,0.15571475476921293,0.10470466194979622,0.9549972903431174,0.04535711281320428,0.4160306819361152,0.319282092879305
short_chat,short,12,13,43,2.5565566711880936,0.7703198270378234,0.15571475476921293,0.008965843179161936,0.944229175918179,0.07558160435505286,0.516950072197857,0.19949539157592225
short_chat,short,13,0,43,2.405416064413308,0.8026760540951549,0.1424369585662385,0.0151817270192387,0.9762867501672045,0.021326109033700056,0.512803085313523,0.15127750523392644
short_chat,short,13,1,43,1.317889484872202,0.9197684514110125,0.1424369585662385,0.00965911259534824,0.9930013136844154,0.013516845166447067,0.3113666137173197,0.361265939066278
short_chat,short,13,2,43,0.2978553511938175,0.9650976237805773,0.1424369585662385,0.2595365855660159,0.997798485761895,0.00407631097813433,0.06238049992996564,0.12061050811061333
short_chat,short,13,3,43,0.8228734388046053,0.9536370537518029,0.1424369585662385,0.01966337739046553,0.9970713186438034,0.0031698572351222787,0.035116096567120475,0.16997702597784584
short_chat,short,13,4,43,2.043512164679889,0.8593079769814785,0.1424369585662385,0.16653551288228918,0.9789188406429652,0.022861964420891452,1.1004229652427184,0.3208039295614879
short_chat,short,13,5,43,1.9061706686222704,0.846470049834317,0.1424369585662385,0.2026502633326035,0.9621211594828158,0.06370005708660498,0.7945780259353742,0.39439601991408646
short_chat,short,13,6,43,2.377289523680974,0.8134228893668667,0.1424369585662385,0.45322225122242044,0.9812063115274379,0.02802043674459459,0.20374376970993413,0.1631132880170496
short_chat,short,13,7,43,1.495819898358743,0.8475467134758357,0.17324761606162323,0.08090388646214874,0.9354544964614875,0.21196089869110296,0.7053022361817719,0.2836381541288704
short_chat,short,13,8,43,0.21724983628171698,0.9682214703324705,0.17324761606162323,0.04154243747790076,0.9970372222057443,0.010325226367762844,0.09577347587076089,0.1791891655799704
short_chat,short,13,9,43,0.2744255368102986,0.9631604087716398,0.17324761606162323,0.02830654111654285,0.9946196787689976,0.020256432543508042,0.09376958042909243,0.19054878940950443
short_chat,short,13,10,43,1.5115283568150366,0.8726386361148634,0.17324761606162323,0.09370708052281485,0.9649811322227243,0.09609803977878192,0.41662181782280083,0.3136658606407605
short_chat,short,13,11,43,1.0142659515723842,0.8922152337545391,0.17324761606162323,0.0258255936478049,0.9566871311240943,0.1502208335157957,0.46169240887747726,0.2292327132896241
short_chat,short,13,12,43,0.11615226097538156,0.9707433349709887,0.17324761606162323,0.14621642612369135,0.9969630581548514,0.01028981301374905,0.031652226347559015,0.17060869907083034
short_chat,short,13,13,43,2.527800926991633,0.7838396281413834,0.17324761606162323,0.4315671068847937,0.9726568950521195,0.03406579417748065,0.24080767140895556,0.17595585645677186
short_chat,short,14,0,43,2.759245087438796,0.7053782441203144,0.20194393784465994,0.026711650856878544,0.8953952751359316,0.13776878540018894,0.6291793340073124,0.3222920719929857
short_chat,short,14,1,43,0.5604529327387469,0.9626694042454674,0.20194393784465994,0.10635602232258456,0.9987513440864174,0.0013440938279380165,1.0032451498638533,0.13865162601797731
short_chat,short,14,2,43,2.30419213417144,0.8070066054186265,0.20194393784465994,0.21139682171589813,0.952251962967948,0.0624134919192534,1.7344356860189216,0.44182731562957717
short_chat,short,14,3,43,1.3697892100296394,0.8577928739142645,0.20194393784465994,0.06097477261654305,0.9413214511130936,0.17607813384680276,3.3063622357821303,0.4412832365751065
short_chat,short,14,4,43,1.177137203298237,0.9287532434904695,0.20194393784465994,0.28789248827002556,0.9902124820952449,0.02205029186995468,3.1818584046955523,0.9829406286094402
short_chat,short,14,5,43,2.483679286990584,0.792735237742603,0.20194393784465994,0.007025121450268568,0.9642906775777361,0.0349311767798833,0.679644424661564,0.20842863801066913
short_chat,short,14,6,43,1.563404578167835,0.8518489817870742,0.20194393784465994,0.19142467150298437,0.9469129672296548,0.10718801636043758,2.5676722242551016,0.8086138929740987
short_chat,short,14,7,43,2.388724999906099,0.8093422220501727,0.10728026459765315,0.5441688819378507,0.9744298957803083,0.0330777556009109,0.7205302464218134,0.1964941013786247
short_chat,short,14,8,43,2.6228391952659758,0.6829404995607281,0.10728026459765315,0.007770228916625044,0.851234663316504,0.19694549954169818,0.6526210975055519,0.2785972742679611
short_chat,short,14,9,43,2.857362646470264,0.695748705425314,0.10728026459765315,0.21608856815316013,0.8945496704302954,0.11900732695383066,0.703164143295394,0.19103630137362393
short_chat,short,14,10,43,0.39198677707156343,0.96859658665164,0.10728026459765315,0.012416691918320621,0.999822001550786,0.00014320518898753911,0.014372311280300929,0.15901308623498758
short_chat,short,14,11,43,2.6953076822298225,0.7390564599102316,0.10728026459765315,0.003323551442424577,0.9223401315917387,0.058473025047094035,0.9029879464465204,0.1416221790491062
short_chat,short,14,12,43,2.448479129182563,0.7786875446002496,0.10728026459765315,0.013882344673536995,0.9248458412707762,0.07430426176941732,0.27717388212999167,0.2749196671473552
short_chat,short,14,13,43,2.294797694594898,0.8272799322023594,0.10728026459765315,0.4117165272927117,0.9881617096652241,0.012237660052687884,0.3470434533533238,0.10170034686640848
short_chat,short,15,0,43,2.736219802067856,0.7119398999950947,0.12193307099116896,0.016262286722858565,0.8852670913893202,0.15538857340706536,0.8437347988630639,0.14336379601719293
short_chat,short,15,1,43,1.452698123910826,0.9088841681435155,0.12193307099116896,0.05908083661403385,0.9845764879947738,0.02235460167598612,0.5780626334530717,0.1291485815044786
short_chat,short,15,2,43,1.1158861691971407,0.9412403210207951,0.12193307099116896,0.2895418721786047,0.9999123293507006,0.00010647222125756318,0.09725298331790083,0.1745503070698216
short_chat,short,15,3,43,1.6846879713536556,0.8946617586816423,0.12193307099116896,0.0020342491622491465,0.9837388600069031,0.018557495380411595,0.053330278440535464,0.1806698942462047
short_chat,short,15,4,43,1.6659617069187198,0.8849512004881637,0.12193307099116896,0.024352314968503208,0.9758065594322771,0.04015292091610513,1.6247501798253476,0.20708666950674104
short_chat,short,15,5,43,1.6819715420183183,0.8884200435015814,0.12193307099116896,0.03924780850808407,0.9753171031682059,0.035560936259615185,0.11761064706532984,0.22668701828090948
short_chat,short,15,6,43,2.8364302447121106,0.6841754832949491,0.12193307099116896,0.08437670810478792,0.8677887406076107,0.2193860009328201,0.5288220141820414,0.2420439806831057
short_chat,short,15,7,43,2.6097708662479597,0.7648626683656642,0.10136892391474052,0.24303882707740243,0.9575520565836019,0.060301229996293455,0.2565827542479192,0.11453516728524896
short_chat,short,15,8,43,2.3274784695395154,0.8221558221450347,0.10136892391474052,0.06457587717157853,0.9807809012703859,0.025013340055735998,0.06258347796438195,0.12874946748678964
short_chat,short,15,9,43,1.8750806355842438,0.8836065653121562,0.10136892391474052,0.5432798139020634,0.9944615232833283,0.006523813078788845,0.009028865496113184,0.07632375252052673
short_chat,short,15,10,43,2.000510876054182,0.8238737278750538,0.10136892391474052,0.37815081448625243,0.9518043378363787,0.1082986002625866,0.21213391238443413,0.2326014474431931
short_chat,short,15,11,43,2.8596475387641203,0.6784335903930604,0.10136892391474052,0.015097813086397238,0.8770199997325947,0.13873256114287866,0.7836051648786284,0.1610956857516531
short_chat,short,15,12,43,2.139433183897317,0.8352080431412043,0.10136892391474052,0.12475884163662654,0.9588400330107743,0.07258428899837277,0.11138829842826835,0.13155784773111906
short_chat,short,15,13,43,2.8889052212020134,0.6864288353589892,0.10136892391474052,0.06045097322218673,0.8808281832073606,0.1448240485119974,0.3033338129861696,0.14499723512218554
short_chat,short,16,0,43,0.9720977356249341,0.9457676231291651,0.22720160858407526,0.21443049664211955,0.9985760657805469,0.0017044431439248746,0.12583352417214283,0.09954418443402836
short_chat,short,16,1,43,0.003306361737392995,0.976688278191891,0.22720160858407526,1.014471208340911,0.9999933894912989,0.00010704731861741917,0.0007748972698713051,0.14098892663013946
short_chat,short,16,2,43,0.4649799398345701,0.9580526759949205,0.22720160858407526,0.02426407217096127,0.9968247716796921,0.03958874950517831,0.2753493790916808,0.3373048518943521
short_chat,short,16,3,43,0.2608164179886179,0.9690557956747144,0.22720160858407526,0.5175653398906581,0.9990476474616143,0.012845426105416325,0.07047765524057215,0.23139100531028894
short_chat,short,16,4,43,0.0722651018929322,0.9749700079729727,0.22720160858407526,0.046360600850698486,0.999755830001964,0.003784454772013279,0.0200576263827773,0.15558418044462552
short_chat,short,16,5,43,0.7635471614086082,0.9383795763517373,0.22720160858407526,0.32249554135063674,0.9933064974773826,0.06842739404302495,0.5323986183116319,0.4312679676346585
short_chat,short,16,6,43,0.8195894588371823,0.9521145037284943,0.22720160858407526,0.12487410780301378,0.99742469213945,0.010417468217249634,0.15804388212144324,0.20150003081502038
short_chat,short,16,7,43,1.4610748356821512,0.9060984757567903,0.26556670283247347,0.4880611477748502,0.9857179176184713,0.03772501856835998,0.8348808730114796,0.6141407016891326
short_chat,short,16,8,43,0.43224655058295886,0.9511401992484987,0.26556670283247347,0.08917079623802637,0.9885430254294317,0.10958143747130998,8.971019942707443,0.8874460435261481
short_chat,short,16,9,43,0.05661863004681978,0.9745013506641572,0.26556670283247347,0.16017939340025222,0.9991693390575499,0.007802737512206593,0.026221900635817027,0.21909190491935485
short_chat,short,16,10,43,1.1510024420350768,0.9211677820248569,0.26556670283247347,0.5564906268449941,0.9855419433657171,0.053054282484329064,0.20653375917684133,0.5415466012830314
short_chat,short,16,11,43,1.927328081004658,0.8689899960728884,0.26556670283247347,0.322450982461743,0.985541851710865,0.032225797219582145,1.0086059369788931,0.46435684463318133
short_chat,short,16,12,43,0.4765955276595771,0.9579857594139684,0.26556670283247347,0.14831322825013915,0.9956092900055822,0.03831719969620319,0.4406795531181918,0.7219112987482564
short_chat,short,16,13,43,2.1181134550347087,0.8029807774234925,0.26556670283247347,0.09777725301907214,0.9307542898256416,0.16063794248035426,1.7511864410944413,0.5053786630844634
short_chat,short,17,0,43,2.6394483567942513,0.7465498590420999,0.10267675028941371,0.41310003695090014,0.96246725277629,0.0242786554956442,0.1430866784716128,0.12293209968027319
short_chat,short,17,1,43,0.932907155376181,0.9272068651552238,0.10267675028941371,0.04128629582034549,0.9831360278808414,0.011105271573373607,0.030633224199393037,0.13523763944124
short_chat,short,17,2,43,2.3430604848436687,0.7796578765789479,0.10267675028941371,0.01035958907478074,0.926769031705102,0.0408420663204229,0.13387019073797796,0.08896675381769173
short_chat,short,17,3,43,1.6266088893193849,0.879797881007924,0.10267675028941371,0.10812525353349933,0.9623689578488782,0.02591675243944378,0.08841758706402224,0.10582492755826779
short_chat,short,17,4,43,0.7068099532582811,0.943557409566377,0.10267675028941371,0.22264566674205444,0.9886126556074915,0.00838587268103948,0.020914028629901205,0.14484933565874905
short_chat,short,17,5,43,0.24682866733485667,0.9636213620458125,0.10267675028941371,0.08275183676008346,0.9937802364789404,0.004736382217046039,0.00910601191652578,0.15499571363968515
short_chat,short,17,6,43,0.7548403482256579,0.952179215294326,0.10267675028941371,0.02028137411418829,0.9959878218724355,0.0032187473257525084,0.04216344944929789,0.14233881835590179
short_chat,short,17,7,43,1.2029121689137507,0.9067869129592798,0.2189018488779814,0.005633987346851832,0.9747646302493165,0.07455851377278302,0.14607422197107517,0.5404903774444291
short_chat,short,17,8,43,2.0514581146794546,0.8518072684306812,0.2189018488779814,0.025618820014266852,0.9735663330426229,0.027897656065129877,0.06198713813036084,0.26110265159326296
short_chat,short,17,9,43,1.405643745417701,0.901620751434692,0.2189018488779814,0.11748253067772652,0.9725697042934462,0.06897070549460473,0.20214079646073935,0.24439194995289693
short_chat,short,17,10,43,1.0336568636459202,0.9357995239176145,0.2189018488779814,0.21785762040567214,0.9895384200366941,0.0340552329814758,0.07261401757447647,0.317397714739536
short_chat,short,17,11,43,1.180631564146943,0.8838300730168256,0.2189018488779814,0.00686519711832112,0.9573697379099356,0.20594654227866083,0.3943319084442466,0.3987775167415592
short_chat,short,17,12,43,1.77490440979735,0.8648469720184557,0.2189018488779814,0.531749555329351,0.972164813556998,0.06785839824321117,0.43388960824518136,0.34379233361795397
short_chat,short,17,13,43,0.6441816189195437,0.952536689634106,0.2189018488779814,0.053512498377783935,0.9939512251616709,0.024197412919733055,0.11962654052402683,0.28187580673166196
short_chat,short,18,0,43,2.10689820266285,0.835452581208521,0.12522536908227802,0.11974730364852526,0.9742693768069909,0.04357384637527205,0.5604656020173537,0.36345521865828395
short_chat,short,18,1,43,1.0220983342340972,0.9154561734218956,0.12522536908227802,0.018660600035319774,0.9763961430208798,0.24049927152597964,0.6389937842076252,1.0181858948537075
short_chat,short,18,2,43,1.902127607751733,0.8573438336809659,0.12522536908227802,0.0916243212413912,0.9572909147414532,0.05760164831011148,0.1492064456677924,0.3114885449825761
short_chat,short,18,3,43,0.616119171532118,0.9584596842685157,0.12522536908227802,0.936067900926842,0.9983917013316903,0.01304099686791255,0.04435008760596286,0.5112278737815615
short_chat,short,18,4,43,1.9189216918404546,0.8394348897499136,0.12522536908227802,0.2772963604608618,0.9555603411347879,0.0884825888161003,0.8538548375698235,0.5640400775879186
short_chat,short,18,5,43,1.4259635383518328,0.8572254938092798,0.12522536908227802,0.17002686334086725,0.9442375203323888,0.38211387186290535,0.9269542481204501,1.1477175275859435
short_chat,short,18,6,43,1.6650351836479638,0.8577973114123973,0.12522536908227802,0.010510375868573618,0.9436922089819362,0.12565344860575234,0.19292633655228153,0.47218416755213
short_chat,short,18,7,43,1.481834391131129,0.8929398680833892,0.16568027925153936,0.008381581116259973,0.9678463941016383,0.07366357507842985,1.0160099287098885,0.3461369467258726
short_chat,short,18,8,43,1.6337091812799873,0.8919029521648026,0.16568027925153936,0.015005977427342998,0.9747011959693642,0.04140660238509479,0.9893075253642671,0.2587994838269522
short_chat,short,18,9,43,1.8489244508184624,0.8479101031097899,0.16568027925153936,0.06640396814300908,0.9464766335068768,0.0826486662304429,1.0065422231394912,0.17812503795693557
short_chat,short,18,10,43,1.5027858189663652,0.8756624716549221,0.16568027925153936,0.08125066179172213,0.9633241314602815,0.11841078184709018,1.0018932780735377,0.3569580678212565
short_chat,short,18,11,43,2.1213094793341365,0.8283142367141673,0.16568027925153936,0.1279568933501123,0.9508916411887249,0.05209284789802476,1.0392950880323495,0.29312581238151536
short_chat,short,18,12,43,1.7166220254658817,0.8799576159017151,0.16568027925153936,0.306808711984071,0.9783101133277872,0.04107110228723333,1.1217967596128597,0.3862996818888156
short_chat,short,18,13,43,2.549865478834974,0.7695674953440065,0.16568027925153936,0.07452266109785755,0.929547039560538,0.05649285293440405,0.5347263905416297,0.2817956107833739
short_chat,short,19,0,43,0.9994362982174341,0.93617504306112,0.18839109738416582,0.1702463602182549,0.989641296967276,0.029152654634405677,3.148620128665538,0.6298569297696589
short_chat,short,19,1,43,1.7959437948518402,0.8885127577317363,0.18839109738416582,0.00907929370386995,0.9860588261902292,0.014879024294103893,1.4067652526652084,0.5723040333566825
short_chat,short,19,2,43,1.5387161929054265,0.8985354237264181,0.18839109738416582,0.016855885717919072,0.9743564107620105,0.02499529713107796,0.0553020912811466,0.21798079975350437
short_chat,short,19,3,43,0.25217065252381143,0.9727095218000851,0.18839109738416582,0.04304782798769047,0.9998910074575934,0.0004229512294040684,5.527067559155721,0.2945420194950941
short_chat,short,19,4,43,1.776193841445061,0.8803092089623252,0.18839109738416582,0.26948886636735914,0.9810114489631243,0.03350033507576019,2.179522497596547,0.38818006771603697
short_chat,short,19,5,43,2.069511418201295,0.8047330479922796,0.18839109738416582,0.002557431867136639,0.9156999916544054,0.16035534335267704,2.3687441167179033,0.5302461700969526
short_chat,short,19,6,43,2.1296366781632017,0.8319505535174897,0.18839109738416582,0.06897053148921506,0.9533005922976008,0.05594338705911115,0.09921160283555348,0.3074458701703508
short_chat,short,19,7,43,2.4815923334548207,0.737272437263653,0.13683288476861213,0.003950827955369718,0.8913748553968114,0.12583993212512026,0.2914980265309256,0.16213264271291272
short_chat,short,19,8,43,0.9329275633361827,0.9470972766857234,0.13683288476861213,0.027001691921747728,0.9957310475141565,0.006338462179843501,0.04037581512348446,0.43487004416940456
short_chat,short,19,9,43,2.1166057842842974,0.8289593553095794,0.13683288476861213,0.13334275173285715,0.9507963649198126,0.05462507317425709,0.28765815426085783,0.26401069885815615
short_chat,short,19,10,43,2.3935186309676633,0.8085207756368432,0.13683288476861213,0.09283807101689234,0.9648536045797659,0.03426003928713957,0.32833600277627395,0.1645079330232738
short_chat,short,19,11,43,1.6573388288768793,0.9010596897198379,0.13683288476861213,0.21630829410132169,0.9872045526193673,0.015307117202901815,0.23470406348527237,0.22407988138786386
short_chat,short,19,12,43,1.6722501884763783,0.8862065373097814,0.13683288476861213,0.0069705725473681035,0.9718928291722619,0.03871354907868813,1.0116175143103212,0.16282718231773444
short_chat,short,19,13,43,1.3484044045518697,0.9150782840014059,0.13683288476861213,0.0077366385435651,0.9850821724999337,0.03351951632394495,0.15231796284329052,0.40219661093969566
short_chat,short,20,0,43,0.41139984531500584,0.9575091507670372,0.2212483135990201,0.05309867881470698,0.991645346480227,0.02955041816966984,4.26530898675768,0.3358374350505064
short_chat,short,20,1,43,2.142768433429584,0.7998463766273001,0.2212483135990201,0.12812651138826725,0.9251291052576828,0.10142746963409784,1.5579573965259461,0.23067815796084734
short_chat,short,20,2,43,2.2821072346787163,0.8063466516160328,0.2212483135990201,0.6637767186406069,0.9583377616906897,0.06385472354657236,1.1850258874431445,0.2872845469781718
short_chat,short,20,3,43,1.8171757188357809,0.8795834833243088,0.2212483135990201,0.005944464879764855,0.9816308292858905,0.018102703168517968,0.5572015619590902,0.17166107898422303
short_chat,short,20,4,43,1.4781088751588505,0.8976336221723589,0.2212483135990201,0.2631099407959856,0.9763210505685337,0.02736779958894035,1.1463288549687791,0.13288517626051746
short_chat,short,20,5,43,1.7926449388353316,0.8814947112951079,0.2212483135990201,0.17195519611134902,0.9808276097267884,0.01940587804063939,0.6769970500391296,0.13511833642286775
short_chat,short,20,6,43,2.436128373990673,0.8017406393929994,0.2212483135990201,0.08375779996874133,0.9676184047175856,0.03477122432358793,0.450157554395062,0.3080863244972892
short_chat,short,20,7,43,2.0802171517705563,0.8228080643078658,0.1094739048278543,0.03547059529186658,0.9423889106278107,0.03635207524714741,0.04790549921804959,0.1663234770194956
short_chat,short,20,8,43,1.4499895063207187,0.8938498348685541,0.1094739048278543,0.11104042902424194,0.9763452189763007,0.015669087213188864,0.3753703745040045,0.16101009731625418
short_chat,short,20,9,43,1.728451695815,0.8451248737156994,0.1094739048278543,0.010549372172977023,0.9480451815340724,0.0263651825377822,0.4900592143520481,0.1661605499938113
short_chat,short,20,10,43,1.2230280144516854,0.9153930551417848,0.1094739048278543,0.6968449660324119,0.9884469045089648,0.00839268404397902,0.39790561040340566,0.1471281596935834
short_chat,short,20,11,43,1.5718291798094242,0.8672191128583641,0.1094739048278543,0.006145706771934822,0.9627576245945774,0.022516524816337053,0.7515442673298772,0.14585693084212917
short_chat,short,20,12,43,1.3915585108225623,0.9120114771919876,0.1094739048278543,0.3037049166278818,0.9863254121113016,0.008428569437954447,0.7816468052193665,0.3086547551140059
short_chat,short,20,13,43,1.8720176630123033,0.8535777237927872,0.1094739048278543,0.18791326184807522,0.9646512052565177,0.022247122564314825,0.1293296680102703,0.19769184235666062
short_chat,short,21,0,43,1.888014278316061,0.8111773303864918,0.07981482152646362,0.17808523092876127,0.9299102750666246,0.03366338859261097,0.04037745240842127,0.10870335929196884
short_chat,short,21,1,43,1.6007815040046536,0.8784289233504304,0.07981482152646362,0.015775370260936672,0.9647707534360048,0.01735115375170868,0.10674256581049715,0.10266719944960587
short_chat,short,21,2,43,1.4347380497232283,0.8649994686140405,0.07981482152646362,0.2321226911700962,0.9526086308488192,0.025924144153424707,0.05851396557182913,0.08803412429394178
short_chat,short,21,3,43,1.7020488010389987,0.8420358226602066,0.07981482152646362,0.014938697905062526,0.9433841417543468,0.033809840944685705,0.04315351810738456,0.11969391133972224
short_chat,short,21,4,43,1.5723777960951972,0.8726034106306292,0.07981482152646362,0.38032911757238885,0.9653655843183111,0.01721375298462738,0.04114348944305627,0.1916083558261985
short_chat,short,21,5,43,1.372359254156202,0.8843297631491812,0.07981482152646362,0.08682814805763117,0.9694961709332268,0.017514507069235415,0.03783376956407639,0.13269403655296133
short_chat,short,21,6,43,1.4660509527255738,0.8888373733708087,0.07981482152646362,0.03244609994048031,0.9669203330036993,0.023989784472396736,0.04684930842101931,0.1714447303284126
short_chat,short,21,7,43,1.228286303601976,0.9149450361381711,0.27842075056868465,0.6301778684837069,0.986758322205227,0.042917823623393955,4.079209830270839,0.9690611598644595
short_chat,short,21,8,43,1.7091066844795826,0.861134724287206,0.27842075056868465,0.024909528861436048,0.9560268314011076,0.07834136668095525,0.5686468700634032,0.25864331840878135
short_chat,short,21,9,43,0.279517386600784,0.9709300673504973,0.27842075056868465,0.7097832032612077,0.999615518113187,0.0004035840497503644,0.026054345304978833,0.1122820431542297
short_chat,short,21,10,43,1.291456654539062,0.8862388073060568,0.27842075056868465,0.03750569268219328,0.9666416907157643,0.11849356644914424,0.42184648561127586,0.20524895997216358
short_chat,short,21,11,43,1.3016124169862722,0.8892260837372582,0.27842075056868465,0.027705854274864272,0.9623931312375898,0.09790218975697644,0.3678230352602752,0.41717529116772095
short_chat,short,21,12,43,2.158993283246952,0.774323391807968,0.27842075056868465,0.018030042190726903,0.9067615317181191,0.2777705227278305,0.6400628277184759,0.5075917868254913
short_chat,short,21,13,43,1.3843298947974927,0.8767307771664917,0.27842075056868465,0.03753768193787499,0.9606357262574257,0.1599600112191475,0.3740383003462797,0.3765156460488241
short_chat,short,22,0,43,3.234391681214065,0.5505167870837773,0.189955246696686,0.00487583557355542,0.7806329729612701,0.4575608045868027,0.5769767036701816,0.1573266096263949
short_chat,short,22,1,43,2.7744223273118753,0.7223605684963346,0.189955246696686,0.28327014200757894,0.9260817790636546,0.20050011558913958,0.2398949485644348,0.15978442082106314
short_chat,short,22,2,43,3.011711596723389,0.6453792530868092,0.189955246696686,0.05475977550964872,0.8662405240042214,0.21201998855810522,0.2978334696601237,0.17244459166503298
short_chat,short,22,3,43,2.873597513276799,0.6923822041034363,0.189955246696686,0.3886655375927841,0.910651041903867,0.1245874393139205,0.24749708405677906,0.14566937934592852
short_chat,short,22,4,43,3.0531522549017645,0.6228266699449705,0.189955246696686,0.158311594026868,0.8345877926661808,0.4146870918777078,0.5350647447386992,0.2201977020087593
short_chat,short,22,5,43,2.8712603903367224,0.6940288229076207,0.189955246696686,0.23531351234924625,0.92323735316267,0.14014812981106964,0.25732819311505456,0.20718628145453968
short_chat,short,22,6,43,3.0651427249965306,0.6278001068706003,0.189955246696686,0.07746819871140076,0.849125991889924,0.3099835888605441,0.33087110909506834,0.1979688664611849
short_chat,short,22,7,43,2.7234308258305813,0.7337126617338379,0.1863794041532563,0.00012803387095949859,0.928696883778045,0.15167270018071277,0.2989531014713853,0.22830190060973246
short_chat,short,22,8,43,2.8149930174103472,0.7078970457856054,0.1863794041532563,0.06568267692703689,0.9090971517757316,0.159094315341008,0.39091703738889166,0.2331195822582004
short_chat,short,22,9,43,2.854558953848901,0.6974081833643404,0.1863794041532563,0.3213567592114792,0.9089596649842144,0.2686373475341767,0.3318149873381777,0.20136003005402742
short_chat,short,22,10,43,2.7511961565449803,0.7285692221039667,0.1863794041532563,0.22808167513072597,0.9425281262995722,0.09977149155042327,0.16149167781986626,0.27487549243284454
short_chat,short,22,11,43,2.8481466338281054,0.6987277943923743,0.1863794041532563,0.6671519624053097,0.9245033102423057,0.19676649295333154,0.3111852113948522,0.1996040976765126
short_chat,short,22,12,43,2.3659759016410873,0.8121101286474101,0.1863794041532563,0.5504390079081425,0.9733746734697953,0.08483871468308703,0.24662212665277486,0.28045399538892585
short_chat,short,22,13,43,2.799094729047847,0.7157364253721211,0.1863794041532563,0.1518732393860196,0.9257323095703675,0.09510797256041462,0.6501400105921525,0.14729877606233976
short_chat,short,23,0,43,3.145483343167395,0.5912125095352704,0.15869392809467056,0.0031823375427612044,0.8090056007289702,0.13701553345873588,0.27584106409976406,0.08723918872502684
short_chat,short,23,1,43,0.0478820631500165,0.9760692885443079,0.15869392809467056,0.5353403053462173,0.9999960628416684,4.5061454421613736e-06,0.794027610047018,0.17837151739681445
short_chat,short,23,2,43,3.0405788496659167,0.6185495564278723,0.15869392809467056,0.16614982484329177,0.8213921006957889,0.1649750307134921,0.49174011533297896,0.1111398235612233
short_chat,short,23,3,43,2.9155415356989325,0.680771252655638,0.15869392809467056,0.26573124182589236,0.8958616734003477,0.08140782160021486,0.2248428169837159,0.3046053337043828
short_chat,short,23,4,43,1.766932641501234,0.8805217061152012,0.15869392809467056,0.2603612410775842,0.9789843941638566,0.020106591584982552,0.11270362155508204,0.22119298947526095
short_chat,short,23,5,43,2.5369542982624886,0.7750059198972543,0.15869392809467056,0.23880953347763834,0.9388969910820226,0.05376919395731349,0.12379270164434328,0.21595972599173874
short_chat,short,23,6,43,1.1569638465222891,0.9109714185108233,0.15869392809467056,0.24355441832136293,0.984293915707608,0.01425032520397218,0.06934639945757386,0.23336672433337668
short_chat,short,23,7,43,3.0799349665359816,0.6211436775881373,0.22869146241071436,0.0082382216101764,0.8496619736331865,0.3503995391883298,0.501971276945701,0.26097144223969315
short_chat,short,23,8,43,2.9935258161476583,0.652953706684089,0.22869146241071436,0.10363655888819867,0.8749952127030087,0.23921028936935745,0.3143268659392476,0.2321865572191466
short_chat,short,23,9,43,2.965865978356252,0.660406164270578,0.22869146241071436,0.2667154363973667,0.8907702762205195,0.20505953014444306,0.649098462596669,0.1895256805363188
short_chat,short,23,10,43,2.8593900019865606,0.6985245135338446,0.22869146241071436,0.21165789131146528,0.9086575051133668,0.11619841504435188,0.17540209544065577,0.20320080540735574
short_chat,short,23,11,43,3.003327243183495,0.6458474179206813,0.22869146241071436,0.13480193497708903,0.8745918344738537,0.25734771358785974,0.49395648920098173,0.29305603074370423
short_chat,short,23,12,43,2.851585693827612,0.698170625377426,0.22869146241071436,0.18386256865461537,0.901467365662373,0.14825787622118095,0.27058026905728777,0.24850454518198034
short_chat,short,23,13,43,2.857016271072513,0.6977311173813071,0.22869146241071436,0.1739669011755436,0.9109864162446786,0.13552548476821255,0.14571792612887918,0.1979490269053489
longdoc_qa,longdoc,0,0,3068,1.8859664589983403,0.9977719710669061,0.060095633882614,0.1062450651220388,0.964830757168897,0.02871099726866333,1.17119105425604,0.4163371762937962
longdoc_qa,longdoc,0,1,3068,0.02241127794027027,0.9996702373276355,0.060095633882614,0.27270918796716614,0.9999930585624802,5.239161214926512e-06,1.016053915231354,0.8918043509219608
longdoc_qa,longdoc,0,2,3068,3.3825057009682467,0.9780401841276184,0.060095633882614,0.07798295425320134,0.6897169738122476,0.3116340908416026,1.0446012502642714,0.6659255104053443
longdoc_qa,longdoc,0,3,3068,7.061363489812789,0.6891515695394944,0.060095633882614,0.03682251943789083,0.10696186124336529,0.33000652423836274,0.3511723037847674,0.11252448934926029
longdoc_qa,longdoc,0,4,3068,2.8414086174514646,0.9957470707629348,0.060095633882614,0.1926312529508749,0.9125170669091593,0.0407276987238751,1.4012826474008258,0.3005017379444267
longdoc_qa,longdoc,0,5,3068,0.9142748367708734,0.9993497372646276,0.060095633882614,0.6179837292237949,0.9999900476984839,1.0278876405607927e-05,0.8923161295385325,0.2862432844042716
longdoc_qa,longdoc,0,6,3068,2.8134841389634158,0.989597500505875,0.060095633882614,0.2027816377981253,0.8400516985238192,0.1307742864839239,0.6518900622226057,0.20210225820665273
longdoc_qa,longdoc,0,7,3068,0.30135648549856264,0.9996125282900363,0.20488831145422584,0.7367986254122343,0.9999999113359577,2.0148843564991872e-07,2.358535754163259,0.21013906375538394
longdoc_qa,longdoc,0,8,3068,5.146855137610952,0.9546416137481675,0.20488831145422584,0.07691557414608496,0.28406885335432946,0.29444215712874394,2.1628574127683162,1.6456360537464578
longdoc_qa,longdoc,0,9,3068,3.087787273668532,0.9932461531333288,0.20488831145422584,0.36007265998808435,0.8559738892041722,0.1634530167413055,1.910048789125314,0.9927291592689865
longdoc_qa,longdoc,0,10,3068,6.455118119952695,0.7144093546017086,0.20488831145422584,0.009622229181729836,0.22885257547550902,1.1943665363557248,0.9547485129425416,0.9589379252171739
longdoc_qa,longdoc,0,11,3068,1.705276974497111,0.9961072129462045,0.20488831145422584,0.09156628797177291,0.9369676141889443,0.07084226035703202,1.5652233678264642,0.33030556424769697
longdoc_qa,longdoc,0,12,3068,5.886275628540118,0.8961040708920893,0.20488831145422584,0.006451159738105616,0.24828633525214616,0.34829717625702566,0.7350350102859571,0.20081070625862157
longdoc_qa,longdoc,0,13,3068,0.7009206559505642,0.9992609573539308,0.20488831145422584,0.0062098768405576266,0.9926707408455331,0.007280994501223955,1.3669440318374955,0.7819718035783646
longdoc_qa,longdoc,1,0,3068,3.0462290501747553,0.9858681176007333,0.317002121528926,0.054764219012537474,0.8258694089049218,0.295581608076212,0.8392110012285842,0.4579736262198962
longdoc_qa,longdoc,1,1,3068,4.435040925666654,0.9565275501414863,0.317002121528926,0.1260415646305566,0.5503583022401118,0.8740486578602878,1.3077602002974988,0.13847194150931502
longdoc_qa,longdoc,1,2,3068,3.1754861212557772,0.9857355719363514,0.317002121528926,0.14682980770347864,0.8425822491220738,0.23313504461970713,0.5840665461385153,0.27788411187491746
longdoc_qa,longdoc,1,3,3068,4.459386905413227,0.9202162802063646,0.317002121528926,0.09446084527940579,0.6160584950028437,0.7926179828737098,2.745228039817209,0.24976803906576964
longdoc_qa,longdoc,1,4,3068,2.4921563421670427,0.9861752383247625,0.317002121528926,0.051312663491570376,0.8968202968661535,0.11748686585633912,0.5641486545298598,0.20580553705236573
longdoc_qa,longdoc,1,5,3068,5.506354420977496,0.866700199371075,0.317002121528926,0.17205566795013283,0.39199559201512296,1.2399196224981996,2.018092429690527,0.31237962625542015
longdoc_qa,longdoc,1,6,3068,3.801086638262757,0.947939595848801,0.317002121528926,0.033002734769757236,0.7348487811694119,0.5076307354372205,0.5606931653684301,0.1744627916166708
longdoc_qa,longdoc,1,7,3068,4.413954166256618,0.8857709408359943,0.0333138949438744,0.11469484739990321,0.6329746401143355,0.20296292346369615,0.3687379434074615,0.27774251879127176
longdoc_qa,longdoc,1,8,3068,1.2345264397913382,0.9990555565486857,0.0333138949438744,0.02700629175661362,0.9971789652024059,0.002111196694992271,0.10508973166897288,0.19688608358369483
longdoc_qa,longdoc,1,9,3068,1.0484967768699693,0.9989030710026765,0.0333138949438744,0.37170015739678774,0.9909706286843174,0.004564830428855611,0.012504651174158712,0.23570140013267618
longdoc_qa,longdoc,1,10,3068,2.781470104126781,0.9944035688815946,0.0333138949438744,0.01742967869228096,0.9085904927236305,0.04586680509543219,0.21475102473839291,0.16892440012105825
longdoc_qa,longdoc,1,11,3068,2.9143171381398236,0.9927723028825082,0.0333138949438744,0.051908373107437455,0.9048923549605344,0.0433916100112483,0.263539126115039,0.2681182386152852
longdoc_qa,longdoc,1,12,3068,4.98416060328975,0.896321401857824,0.0333138949438744,0.00042673146720062505,0.5293536229628307,0.22870642767274668,0.4630637850700479,0.7762012984123682
longdoc_qa,longdoc,1,13,3068,5.008747945112505,0.9253440394366319,0.0333138949438744,0.013340432467089158,0.46653092335303226,0.18552962896853675,0.4311749186982052,0.6778013034795676
longdoc_qa,longdoc,2,0,3068,2.7312398256304933,0.9821830248452793,0.12327281963904904,0.07609279318117679,0.8756634100106299,0.18796673348139076,0.2129696281884105,0.32825901668761615
longdoc_qa,longdoc,2,1,3068,3.5852123286307473,0.9723802645963356,0.12327281963904904,0.2307478480343086,0.7875534861853727,0.36841427871274957,0.42087569968100336,0.3197881097133657
longdoc_qa,longdoc,2,2,3068,2.052392319529761,0.9949184889798558,0.12327281963904904,0.07208953143620533,0.9272545829337372,0.07752056536133423,0.16476232447629147,0.2259105047476643
longdoc_qa,longdoc,2,3,3068,1.2188590750151242,0.998857127100199,0.12327281963904904,0.021233164502490354,0.9935484792101024,0.0061310297941006816,0.012080603708784452,0.241306160865479
longdoc_qa,longdoc,2,4,3068,1.820145439978082,0.9968516912471963,0.12327281963904904,0.02272284055371898,0.973219378544722,0.033005791989006626,0.14508843506273583,0.18474631766428123
longdoc_qa,longdoc,2,5,3068,5.754238530747921,0.8026264520229742,0.12327281963904904,0.007734105591275409,0.39874112560840297,1.4553329543643074,1.4959586390015807,0.40391578600752076
longdoc_qa,longdoc,2,6,3068,1.2400870245745117,0.9987686145378956,0.12327281963904904,0.30811871818775316,0.9902855188513972,0.01252808302944025,0.04658467471488316,0.16646675855435267
longdoc_qa,longdoc,2,7,3068,4.022674463934609,0.9653187009468563,0.18373000797627592,0.2953827990190092,0.6741841654991881,0.4264445921752828,4.771091414309025,0.272800107604683
longdoc_qa,longdoc,2,8,3068,2.206958033785514,0.9955015001490392,0.18373000797627592,0.4509554939030238,0.957385385910921,0.049308187954597626,3.171848709050171,0.4120391933565858
longdoc_qa,longdoc,2,9,3068,3.1735241411423067,0.9824737401910487,0.18373000797627592,0.03435007615450303,0.8138002155460428,0.2528254165231335,5.537407265159612,0.7662012526594049
longdoc_qa,longdoc,2,10,3068,2.707226683408243,0.987350189179634,0.18373000797627592,0.10204966900859702,0.8920444965879096,0.13919880977914775,0.9446308469967436,0.5077760697877989
longdoc_qa,longdoc,2,11,3068,4.513482494933115,0.9579157801290192,0.18373000797627592,0.09275360409889544,0.5666469275456346,0.7012820668587574,2.172782884112237,0.6198755047032877
longdoc_qa,longdoc,2,12,3068,2.922558520915805,0.9887477172793852,0.18373000797627592,0.0727788657618973,0.8543320346464806,0.19610622723668417,5.2268870730965125,0.4711124290288958
longdoc_qa,longdoc,2,13,3068,3.5456829604868516,0.9564190111949953,0.18373000797627592,0.05750338624327611,0.7367819676319243,0.35761255326821023,4.255435837454649,0.1552978288330902
longdoc_qa,longdoc,3,0,3068,0.8450792677123418,0.9986962271209674,0.04710381529667717,0.0007106610357574539,0.9878107113480571,0.0394474683392427,1.235632741277767,0.8655117952655359
longdoc_qa,longdoc,3,1,3068,2.0971201706836866,0.996766664896227,0.04710381529667717,0.051724337095151895,0.974826612787744,0.025831948712855504,0.83693809885082,0.3621286722133119
longdoc_qa,longdoc,3,2,3068,2.8209361066561125,0.9944424579945309,0.04710381529667717,0.07419345939912247,0.9159746012527077,0.0833741348913981,1.39955555826806,0.224511380628259
longdoc_qa,longdoc,3,3,3068,2.3347573513862123,0.9881505849319167,0.04710381529667717,0.037984201274075424,0.9049321914602211,0.1884750666008947,2.195646132723162,0.46544272810800835
longdoc_qa,longdoc,3,4,3068,1.1029423550559132,0.9991707598551881,0.04710381529667717,0.06428337297209286,0.9973032897527413,0.005961130266384276,3.2805503497748525,0.41448595546395145
longdoc_qa,longdoc,3,5,3068,0.9885059056330072,0.9990962595001839,0.04710381529667717,0.01871266570446295,0.9974928710328338,0.007097941407256034,0.3482892224593973,1.0387268543664716
longdoc_qa,longdoc,3,6,3068,2.901851742808583,0.994144942416369,0.04710381529667717,0.09336911566054873,0.9021867793474276,0.11151496375387616,1.1719634348637546,0.28612510521757173
longdoc_qa,longdoc,3,7,3068,2.798313300975953,0.9877631843138635,0.19152402738027302,0.05651183240859936,0.8200172526306662,0.23977530636747887,1.1241260307352143,0.5047019555927765
longdoc_qa,longdoc,3,8,3068,1.5823807078877112,0.9960531173736272,0.19152402738027302,0.07005090840541683,0.9527429579310693,0.05225705541184113,0.23064012177285836,0.5174459662127847
longdoc_qa,longdoc,3,9,3068,2.9566860171812643,0.9791007013664234,0.19152402738027302,0.41467657998289953,0.8771216078568621,0.13799101011753528,1.1449651105875855,0.26748407877102326
longdoc_qa,longdoc,3,10,3068,1.5166181557511949,0.9962467970207985,0.19152402738027302,0.028536066032192053,0.946789017387213,0.0551045128602196,0.06857023462057446,0.17849441189626206
longdoc_qa,longdoc,3,11,3068,2.5908292899659013,0.9712512172775045,0.19152402738027302,0.024313372230931662,0.763618235669906,0.20214120647030695,3.533423801885244,0.4234602636764102
longdoc_qa,longdoc,3,12,3068,1.8969361139402674,0.9966610625042147,0.19152402738027302,0.058084295819959664,0.9685965683250385,0.03402263954004419,0.5325148545748726,0.5345088833970641
longdoc_qa,longdoc,3,13,3068,2.8306747866428883,0.9548102217168768,0.19152402738027302,0.01725593693090488,0.760649851543952,0.2823625698644653,0.7504067235032577,0.5203659892886175
longdoc_qa,longdoc,4,0,3068,2.1369379555988806,0.9973157737100895,0.11424733848322073,0.05857998160450739,0.991713204083794,0.011202871106334146,0.3237421580994296,0.34671100641631275
longdoc_qa,longdoc,4,1,3068,2.3901346146385354,0.9969895577730118,0.11424733848322073,0.4639355167944301,0.986921612504699,0.018023510334847864,0.18652124571143242,0.25385345410760596
longdoc_qa,longdoc,4,2,3068,2.013736063029432,0.9910426946669645,0.11424733848322073,0.2048527365343049,0.9672993918054361,0.051635450109736615,0.531480433611574,0.16562050420274765
longdoc_qa,longdoc,4,3,3068,2.8528810425744426,0.9892152259840361,0.11424733848322073,0.07088134559352355,0.9099911146811298,0.14198027854150377,1.2300633141219874,0.2755635454880646
longdoc_qa,longdoc,4,4,3068,2.147159471924608,0.9977213689697468,0.11424733848322073,0.14679915219070105,0.9899312498911954,0.022620068933734336,0.198385319383666,0.3292100753272639
longdoc_qa,longdoc,4,5,3068,1.8385599439277285,0.9956355648161767,0.11424733848322073,0.11247061704061068,0.98168630312473,0.04175166136146212,2.644694381639936,0.27921098124563504
longdoc_qa,longdoc,4,6,3068,1.7661330992018143,0.997841911674782,0.11424733848322073,0.04765044962344689,0.9864695141382569,0.01572676946156363,0.5851155778383778,0.3085241702419643
longdoc_qa,longdoc,4,7,3068,2.7437983176134617,0.9918644136433428,0.11856220618197423,0.04314726021425752,0.9002490703378255,0.12750521612631058,0.5041086607166133,0.31759248634438575
longdoc_qa,longdoc,4,8,3068,2.8583873078891875,0.9880846461655987,0.11856220618197423,0.3177338213134995,0.8764486091511097,0.14282441849583186,0.2955068644494411,0.4410092809080234
longdoc_qa,longdoc,4,9,3068,3.2638693001368795,0.9928533631584395,0.11856220618197423,0.09608862557387965,0.8098598515302737,0.17403799098048456,0.3687034411002942,0.20621968162192525
longdoc_qa,longdoc,4,10,3068,2.664415314358063,0.9959472085103142,0.11856220618197423,0.11684807988050672,0.9280746668223219,0.11829127886679375,3.1631482342224535,0.35097139008324957
longdoc_qa,longdoc,4,11,3068,2.7709502594808586,0.9959293232618535,0.11856220618197423,0.676502342597697,0.9578436650948506,0.05448355518059535,0.3944618755783875,0.25218427383248043
longdoc_qa,longdoc,4,12,3068,1.1062436107688343,0.9987191726138769,0.11856220618197423,0.08639422107389905,0.9881928861312184,0.0171766309060674,2.020012884964132,0.2927563734021358
longdoc_qa,longdoc,4,13,3068,2.974152709447779,0.9885984784959709,0.11856220618197423,0.19471296671836447,0.8862416230615833,0.10762113573042079,0.5282106129586166,0.3062991835205799
longdoc_qa,longdoc,5,0,3068,0.5177594883590567,0.9994186676218834,0.13784674112049689,0.16268531570659572,0.995154296606036,0.015322771386667102,0.4866770296176036,0.21052817742874447
longdoc_qa,longdoc,5,1,3068,2.214317938670983,0.9976269437142713,0.13784674112049689,0.2602785959926299,0.9739642625315532,0.03456644759568793,2.0935632292822515,0.1975747500258734
longdoc_qa,longdoc,5,2,3068,0.7955538585234012,0.999159102092686,0.13784674112049689,0.019487663690371804,0.9894972369117304,0.02691074618148331,0.12179076891430168,0.19771124358474568
longdoc_qa,longdoc,5,3,3068,1.7215546846624958,0.998563763180051,0.13784674112049689,0.07981223348394106,0.9911807420838844,0.011431647432831604,0.03588284801343272,0.21120335458026962
longdoc_qa,longdoc,5,4,3068,2.489584140861698,0.9967035270243997,0.13784674112049689,0.02938227114317682,0.9406099987806824,0.08629627227229317,0.6259205587953315,0.16286864197407486
longdoc_qa,longdoc,5,5,3068,2.0627622270815604,0.9980137630022228,0.13784674112049689,0.0584849781046044,0.9907585309025781,0.017904101688686967,0.4586936033137654,0.20278001684535937
longdoc_qa,longdoc,5,6,3068,2.3532226970375056,0.9955390643526331,0.13784674112049689,0.025802404139265267,0.9535744155875051,0.06049543986254993,0.9447976261964164,0.18871341829998622
longdoc_qa,longdoc,5,7,3068,2.803747236073141,0.9959593137124079,0.1683530193340106,0.10079798337644208,0.9172545460758241,0.052767493165089815,1.2003695890371164,0.11298365705679274
longdoc_qa,longdoc,5,8,3068,3.0900183892046273,0.9945632849491165,0.1683530193340106,0.13893776090159715,0.8436871701861495,0.09500166107133992,1.258521808492063,0.15221731645772998
longdoc_qa,longdoc,5,9,3068,0.6278282403168463,0.9994403863105585,0.1683530193340106,0.08580980829333829,0.9977347965417789,0.0022374022532709484,1.1072149426455715,0.1000230713866659
longdoc_qa,longdoc,5,10,3068,2.1719267164278304,0.9958893328207575,0.1683530193340106,0.032707426396572536,0.9261671404545394,0.10012276129455866,2.043445245766525,0.35460139721938594
longdoc_qa,longdoc,5,11,3068,1.689437875836206,0.9976825733293261,0.1683530193340106,0.027207268226259185,0.9355044731241074,0.10622970419289963,0.899432782066442,0.3274300315887796
longdoc_qa,longdoc,5,12,3068,2.8553146686177184,0.9953169712632582,0.1683530193340106,0.060268532836181166,0.8758317186292167,0.10074574906993865,1.414324921475177,0.21640420012827796
longdoc_qa,longdoc,5,13,3068,2.19969322732039,0.9971067164250191,0.1683530193340106,0.08542666056245807,0.9218612635155579,0.08753041944206731,1.1532415076887177,0.2414591380159273
longdoc_qa,longdoc,6,0,3068,4.334816453701249,0.912760030574859,0.08503103709952492,0.023072856623695515,0.5697160888173456,0.7716400656562361,0.9149460752756841,0.3342536462597917
longdoc_qa,longdoc,6,1,3068,2.992345066394311,0.9907100995318006,0.08503103709952492,0.011383195276973623,0.8801413227243976,0.16380726543182367,0.4168708349358555,0.13259666758483077
longdoc_qa,longdoc,6,2,3068,3.044329715235224,0.9542394939010047,0.08503103709952492,0.278293707183944,0.7863071417496752,0.4382488400221745,0.7405578566367236,0.3081823898323362
longdoc_qa,longdoc,6,3,3068,3.8568919294467348,0.9487361720100544,0.08503103709952492,0.06545819924992102,0.7131367126949628,0.5997570676946902,0.7057619944278057,0.3890874282482902
longdoc_qa,longdoc,6,4,3068,1.9156593195341283,0.9960528448183699,0.08503103709952492,0.015961489657061456,0.9721993108547883,0.03996082873355357,0.0905987028904462,0.4058563624719714
longdoc_qa,longdoc,6,5,3068,2.8995819272906487,0.9888142064678521,0.08503103709952492,0.13713583600808477,0.8844556677012642,0.18975686913910564,0.834530874378824,0.331978877432738
longdoc_qa,longdoc,6,6,3068,2.295519936840822,0.9961320887246812,0.08503103709952492,0.7917843515249334,0.9786168903327823,0.025331275351413912,0.39504167888381064,0.2226631816809516
longdoc_qa,longdoc,6,7,3068,2.877608895656272,0.9924912770540638,0.11614329334269584,0.17087012826206793,0.898546434715498,0.11031655989046342,0.7161315269735633,0.17132140927505654
longdoc_qa,longdoc,6,8,3068,1.064091651220816,0.9982038257437243,0.11614329334269584,0.2316376782864955,0.9759771423060988,0.0608843456911612,0.32249660375927824,0.26650860659098624
longdoc_qa,longdoc,6,9,3068,0.7988630953348896,0.9991184912558806,0.11614329334269584,0.04571353130770195,0.9946664647343689,0.006271983291894421,1.1299325591068827,0.22670825344501924
longdoc_qa,longdoc,6,10,3068,2.197525942604617,0.9977483099483969,0.11614329334269584,0.19509049566001835,0.9920520055571246,0.010355659727151106,0.9496874336374664,0.2689534328742665
longdoc_qa,longdoc,6,11,3068,2.0023003211025383,0.997089748464609,0.11614329334269584,0.04281364591096537,0.9625520067843777,0.06302227606979931,0.5748990686820463,0.2500884405076105
longdoc_qa,longdoc,6,12,3068,1.9635882750259894,0.9980730159300922,0.11614329334269584,0.15142684162899878,0.9821660105657738,0.02321002349457751,1.3877306315830917,0.24479322767438963
longdoc_qa,longdoc,6,13,3068,3.098800255712238,0.9940684437936111,0.11614329334269584,0.05833117686907574,0.8459139697032635,0.10185709962837551,0.3798583430398023,0.1587563469425839
longdoc_qa,longdoc,7,0,3068,0.7096797363635268,0.9992887201478622,0.12459393429537051,0.26757472139281546,0.9982013753885748,0.004958839834643588,0.5841290470486226,0.30982702309425103
longdoc_qa,longdoc,7,1,3068,1.582474074136421,0.9984730177808696,0.12459393429537051,0.0412030051025285,0.9951767813181687,0.007771924123892212,1.368731782197567,0.38585275089840737
longdoc_qa,longdoc,7,2,3068,2.050666860000992,0.9972142203893211,0.12459393429537051,0.09443626573458808,0.9894088522391296,0.012000452891653355,1.343542707094303,0.33225419911543586
longdoc_qa,longdoc,7,3,3068,1.2756464926301643,0.9988083601736693,0.12459393429537051,0.0731557123592923,0.9961566197075928,0.007644326601418133,3.0220893841488494,0.2528591045472128
longdoc_qa,longdoc,7,4,3068,1.122996274414186,0.9981274268322433,0.12459393429537051,0.10474636600920828,0.9938063508407717,0.006057604084574911,1.0717689641500985,0.17101506095092087
longdoc_qa,longdoc,7,5,3068,2.067856628031926,0.9979325004311248,0.12459393429537051,0.30821817154946896,0.99584221831829,0.004254723427921594,1.3222385247830586,0.3500873464608881
longdoc_qa,longdoc,7,6,3068,2.073349468930581,0.997953423165737,0.12459393429537051,1.2305463758766395,0.9951503812956697,0.005326486843787309,1.3259567284822034,0.3742974974544185
longdoc_qa,longdoc,7,7,3068,0.701504384454374,0.999393897142041,0.07182109979631209,0.49103296914293537,0.9991339578974102,0.003100857274787473,0.6963353562441603,0.7358259120453452
longdoc_qa,longdoc,7,8,3068,1.6211573826378982,0.9985634974146635,0.07182109979631209,0.045269712137267604,0.9929557093532144,0.009997037307463354,0.6206689298911231,0.3474764872318221
longdoc_qa,longdoc,7,9,3068,1.359879099769898,0.9989455048474227,0.07182109979631209,0.3136137987468821,0.9969728413126228,0.006427685257454568,0.1693901129203098,0.5522577912354124
longdoc_qa,longdoc,7,10,3068,1.550317686665961,0.9985080345784868,0.07182109979631209,0.11880831983445939,0.9879933459814497,0.010854197745991778,1.0499628714411513,0.14165282552894434
longdoc_qa,longdoc,7,11,3068,1.0759044678543324,0.9992435245656036,0.07182109979631209,0.12827517971339386,0.9994622038000942,0.0016199364202083304,1.0387679949401754,1.1529250003404075
longdoc_qa,longdoc,7,12,3068,1.825471886364571,0.9982712397122457,0.07182109979631209,1.1005333298887168,0.9919110844324373,0.017904202376938613,1.319317461544268,0.7661629308020454
longdoc_qa,longdoc,7,13,3068,2.440422793065228,0.9956348348606681,0.07182109979631209,0.0985830444538438,0.954976291043705,0.042255187911608594,0.8783673350341973,0.21990959631074225
longdoc_qa,longdoc,8,0,3068,2.8937122513483606,0.990798001628287,0.05432459637634545,0.14690948417041483,0.8798390674012836,0.13818758339742768,0.7509450525450457,0.19782703877110025
longdoc_qa,longdoc,8,1,3068,2.42394528988502,0.9947942529485275,0.05432459637634545,0.34658845701324026,0.9449818289485904,0.06101051318082532,1.0848449961621263,0.20327615117773018
longdoc_qa,longdoc,8,2,3068,2.6743679291142493,0.995819949510482,0.05432459637634545,0.02739777606835503,0.9670257554416376,0.039743634967199765,0.3381055124167808,0.21959775379790686
longdoc_qa,longdoc,8,3,3068,0.00035151274853800437,0.9996740260020945,0.05432459637634545,0.47302130863295133,0.9999999999742402,2.8722192401259988e-11,7.838724110572993e-06,0.1345147054673069
longdoc_qa,longdoc,8,4,3068,2.087708897434518,0.9977299128658401,0.05432459637634545,0.387457317969389,0.9931544976930502,0.008288195836191193,0.16886596052366146,0.22559649710465893
longdoc_qa,longdoc,8,5,3068,2.014946800672276,0.997965213852887,0.05432459637634545,0.8810646723651914,0.9948837133706211,0.0061172779965109675,0.20653264049103698,0.2580395638782329
longdoc_qa,longdoc,8,6,3068,2.0572765335584013,0.997735320434543,0.05432459637634545,0.18188130930321478,0.987273866734416,0.013531906404099125,0.8101387656356558,0.30386221665974567
longdoc_qa,longdoc,8,7,3068,0.8975237207171336,0.9992783349508423,0.12109722531781385,0.0701575501385392,0.9978675923702278,0.00219731710056674,1.5229089103700115,0.17765352043921978
longdoc_qa,longdoc,8,8,3068,1.7454176263008672,0.9978490609601784,0.12109722531781385,0.6892242813069758,0.9894766587270194,0.013567823938531695,1.5031405610797681,0.143926266446808
longdoc_qa,longdoc,8,9,3068,2.0166277100723056,0.9974673717617885,0.12109722531781385,0.05492948464091629,0.97826858470142,0.027176603484722596,1.454485690335885,0.14109463067473563
longdoc_qa,longdoc,8,10,3068,2.061810464348455,0.995588884522898,0.12109722531781385,0.053567051157441536,0.9674364916200503,0.04837763731382078,2.3391407786175096,0.1720883197815301
longdoc_qa,longdoc,8,11,3068,1.838394004021977,0.9959727054027041,0.12109722531781385,0.12489245268174032,0.9782786626399724,0.03415026139287631,2.822720564138715,0.2247956963237292
longdoc_qa,longdoc,8,12,3068,1.838432857075683,0.9975209090062942,0.12109722531781385,0.04042259052439956,0.9857158623769057,0.0173973515257178,1.032139030349883,0.17256799273916126
longdoc_qa,longdoc,8,13,3068,2.1880020443821944,0.9944567085390664,0.12109722531781385,0.45088219404323926,0.9608171521512373,0.05720095061356194,2.2169671747941653,0.17519228215682178
longdoc_qa,longdoc,9,0,3068,0.960028717463325,0.999131986614267,0.10678800885898429,0.16709979495555594,0.9958455145092989,0.009733662658216688,0.6624796784313208,0.285174519642513
longdoc_qa,longdoc,9,1,3068,1.3312569944285502,0.9983203872386838,0.10678800885898429,0.1589824897540435,0.9913012806644614,0.00709542477394666,0.3554564159611859,0.13117870326771763
longdoc_qa,longdoc,9,2,3068,2.5074525252261703,0.9963806312363932,0.10678800885898429,0.13223920436593706,0.9623165859792189,0.03843958660367036,0.7184713336858836,0.18435248559715178
longdoc_qa,longdoc,9,3,3068,2.4349544920896973,0.9960109247513039,0.10678800885898429,0.2488412223639891,0.9583223661173581,0.036252167582278595,1.2797966871532553,0.28503252413881336
longdoc_qa,longdoc,9,4,3068,1.3826569029717701,0.9987269350560216,0.10678800885898429,0.1304607297279956,0.9867948667771447,0.020978802871184622,3.6142880280190712,0.48926219652350456
longdoc_qa,longdoc,9,5,3068,2.3912580600414195,0.9973366638025121,0.10678800885898429,0.392952229262292,0.9803792359203489,0.019427401955840813,0.7698184243325503,0.19095866663899183
longdoc_qa,longdoc,9,6,3068,2.3089413400520886,0.9973757087352624,0.10678800885898429,0.043545111228464606,0.9672709246968205,0.029660185123312987,0.8656119343235199,0.13914291792977176
longdoc_qa,longdoc,9,7,3068,0.0012794575293080999,0.9996738883488303,0.03524535864177072,0.17234133742478797,0.9999989013304815,7.941842364810269e-06,8.907221800531017,0.13548610901036723
longdoc_qa,longdoc,9,8,3068,0.18596310184226403,0.9996410785033426,0.03524535864177072,0.7634315752971474,0.9999695183254419,0.00023922951794512582,9.988327767330818,3.0848458588917946
longdoc_qa,longdoc,9,9,3068,0.260758650330845,0.9996254599528944,0.03524535864177072,0.2531643015525695,0.9999847875991111,0.00011161916670908766,9.90065272614927,4.182672629056694
longdoc_qa,longdoc,9,10,3068,0.15257841581302561,0.999632133561098,0.03524535864177072,0.4629077975506277,0.9997595947250624,0.0018958090148458828,9.808426962252236,1.2393514182059058
longdoc_qa,longdoc,9,11,3068,0.24026812838033662,0.9993863611210808,0.03524535864177072,0.002865333524374236,0.9942967251353168,0.04610914534275437,11.218892539721388,1.973695613515865
longdoc_qa,longdoc,9,12,3068,2.020548014057248,0.9930830201513756,0.03524535864177072,0.14622291048438285,0.8921506928923234,0.24719394615820153,3.4229413509021187,1.2987783047598236
longdoc_qa,longdoc,9,13,3068,1.1747970135766608,0.998843133954951,0.03524535864177072,0.019329150611888224,0.9904504494896291,0.02063416333294069,2.462525874282134,1.0327720384100045
longdoc_qa,longdoc,10,0,3068,2.401269766480838,0.996651642298386,0.048521722896413495,0.08836636935726805,0.9420193769164282,0.04902928999803999,0.521512320421658,0.2354307169293677
longdoc_qa,longdoc,10,1,3068,2.553206176631258,0.9938582494702148,0.048521722896413495,0.06078054349176476,0.8722814319302854,0.16543708016958855,0.561294521519891,0.2351753549208041
longdoc_qa,longdoc,10,2,3068,1.5909742763775767,0.9985787875952966,0.048521722896413495,0.1988802372016263,0.9951407958865738,0.009593561252199508,1.2838453042020834,0.20738778138229605
longdoc_qa,longdoc,10,3,3068,2.34144981337703,0.9971218357041364,0.048521722896413495,0.43789254429132685,0.9723888386184112,0.031097259431944555,0.7866246076517905,0.20763471178089637
longdoc_qa,longdoc,10,4,3068,2.634753039316728,0.9890968271013213,0.048521722896413495,0.25669503001778793,0.9094462433539638,0.14852998032356396,1.6000059208431026,0.1874107227015783
longdoc_qa,longdoc,10,5,3068,2.693618675852029,0.9938595035423045,0.048521722896413495,0.16249818002627547,0.9470109190877303,0.05714669512917321,1.4101447825155125,0.159909112095833
longdoc_qa,longdoc,10,6,3068,0.5016716537484154,0.9995254430166842,0.048521722896413495,0.39727542454974074,0.9993929721325615,0.0006859616257306865,0.012402231324319921,0.1603589648515473
longdoc_qa,longdoc,10,7,3068,1.7384596875136027,0.9977247021138385,0.17817137577224684,0.024504464808031923,0.9545254070607102,0.04456858067687955,0.18278314030402468,0.13323652519504345
longdoc_qa,longdoc,10,8,3068,2.6732810488928735,0.9964852841885319,0.17817137577224684,0.03599080043321656,0.9516644661265616,0.034297714052111246,0.822067656478704,0.1649936305869075
longdoc_qa,longdoc,10,9,3068,2.69042192201622,0.995397670247673,0.17817137577224684,0.15888740843409832,0.9154705183015927,0.06328768667690977,0.7632514535583426,0.29970638730929444
longdoc_qa,longdoc,10,10,3068,3.008278488107246,0.9946291105974797,0.17817137577224684,0.3068523838371644,0.8935821143548895,0.06279409552048251,0.654826921355135,0.17502197369759773
longdoc_qa,longdoc,10,11,3068,2.610462004779413,0.9965822076498859,0.17817137577224684,0.0024589578761160524,0.960303612468906,0.03809283429226436,0.2791348270896549,0.14323245887730374
longdoc_qa,longdoc,10,12,3068,2.248309105417431,0.9969992295949385,0.17817137577224684,0.06056210718386801,0.9682631992362867,0.029563501170514993,0.11960529437645481,0.15797697721677773
longdoc_qa,longdoc,10,13,3068,2.797085909781599,0.9930079060898135,0.17817137577224684,0.13960076727943127,0.9295598687883976,0.05161125816367702,0.529627947114332,0.16804241998654249
longdoc_qa,longdoc,11,0,3068,2.303348330104827,0.9966649510181447,0.08182035777747723,0.16703610850363537,0.9733466962339894,0.03158760975715406,1.535667945779591,0.2937968844777024
longdoc_qa,longdoc,11,1,3068,2.5714655987786603,0.9896670009592011,0.08182035777747723,0.0372126417617733,0.8552699798022769,0.19974224541359994,0.4705049599623533,0.22586999532104432
longdoc_qa,longdoc,11,2,3068,2.4575173837816258,0.9883918829941016,0.08182035777747723,0.2728137724386639,0.9121693410724859,0.14495197651916972,1.4651700032228927,0.2027353490932
longdoc_qa,longdoc,11,3,3068,3.283254452969005,0.9805211121887033,0.08182035777747723,0.03855888283559583,0.7909777077006418,0.18951834718584132,1.3679987456643221,0.18151562967209817
longdoc_qa,longdoc,11,4,3068,2.6309624730738745,0.9962063253185578,0.08182035777747723,0.14085918070184533,0.9341497192540414,0.0379334352193814,0.24190450739701364,0.23876708553146267
longdoc_qa,longdoc,11,5,3068,2.717586895034195,0.9934094020424648,0.08182035777747723,0.03927768381999863,0.9269600594351621,0.06878540058392403,1.631798585832421,0.1545837349411215
longdoc_qa,longdoc,11,6,3068,2.729286011784954,0.98871449531417,0.08182035777747723,0.0406868754669083,0.9002729282865709,0.10530032807840017,1.6452563396198876,0.13343709693335928
longdoc_qa,longdoc,11,7,3068,0.0002783743423061943,0.9996740326071168,0.02797231218456622,0.011375714649549451,0.9999997540508494,5.5657907383053454e-06,0.0007038568533827824,0.16015536035574257
longdoc_qa,longdoc,11,8,3068,0.4430964397507884,0.9988505571626147,0.02797231218456622,0.05546965083586475,0.9819786870175702,0.30029695580409876,0.9778654242180777,0.39556328377597305
longdoc_qa,longdoc,11,9,3068,0.08002974352976382,0.9996576049982575,0.02797231218456622,0.007119385383420607,0.9998592461006769,0.0023368664937283455,0.023325682207010937,0.1728216577667094
longdoc_qa,longdoc,11,10,3068,0.17292701915372816,0.9995861387761394,0.02797231218456622,0.16811726430378204,0.998293372346425,0.03163952433718012,0.48575581786972283,0.37287455761333316
longdoc_qa,longdoc,11,11,3068,0.0014852067459962398,0.9996738322898029,0.02797231218456622,0.12084771000672845,0.9999980171574161,3.142220438220889e-05,0.00046560898143558434,0.16023232495282674
longdoc_qa,longdoc,11,12,3068,0.1550492959888127,0.999610790606431,0.02797231218456622,0.20528474741470237,0.9990962448529106,0.01573430261453707,0.4454307394443708,0.30660581694241035
longdoc_qa,longdoc,11,13,3068,1.607124460523116e-05,0.9996740534943345,0.02797231218456622,0.10175226009789817,0.9999999884048584,2.072240049792224e-07,2.6996471235513007e-05,0.16014043801309946
longdoc_qa,longdoc,12,0,3068,0.38770827187277423,0.9995539574190562,0.05955830095376292,0.003795253300792112,0.9991424899182797,0.001100873332908404,0.005566131520430121,0.1108979621046216
longdoc_qa,longdoc,12,1,3068,2.2869089650406784,0.997415859858823,0.05955830095376292,0.27476960696598685,0.9676249760171696,0.03533920997732829,0.1886064340335142,0.31816505950203816
longdoc_qa,longdoc,12,2,3068,2.8308078628679096,0.9877002078121239,0.05955830095376292,0.5885781246021757,0.9326831318367218,0.08474057567978993,0.10182544460391527,0.29677354157993646
longdoc_qa,longdoc,12,3,3068,2.619605127865056,0.9950913531847437,0.05955830095376292,0.02452888623911198,0.875636110631603,0.17435952260013976,0.4906460615336848,0.31614600861877806
longdoc_qa,longdoc,12,4,3068,3.1989413433293152,0.9751380941583125,0.05955830095376292,0.005902961049110367,0.7848604572596644,0.3821610095071054,0.35382896702064337,0.2779219164895314
longdoc_qa,longdoc,12,5,3068,3.0631959482196867,0.9939191496213083,0.05955830095376292,0.06135869773442604,0.8669474147670214,0.12684315657495662,0.2317265435918316,0.2711002174315577
longdoc_qa,longdoc,12,6,3068,2.229136570397993,0.9975745814780017,0.05955830095376292,0.15847649908964812,0.983035218293744,0.019546605146125138,0.4834453320601943,0.2663466546514133
longdoc_qa,longdoc,12,7,3068,2.2862008755505836,0.9965137053791119,0.14737133413884718,0.32372398738652386,0.9768314015183864,0.023921034716239513,1.0714534658713193,0.16212526620012224
longdoc_qa,longdoc,12,8,3068,2.4164766201314425,0.996454854045091,0.14737133413884718,0.7678932007082349,0.986615781922991,0.016405176206394666,1.070203046407309,0.18977004730261973
longdoc_qa,longdoc,12,9,3068,2.6187298530101186,0.9911163292377039,0.14737133413884718,0.1322919346319802,0.949762723516331,0.06182025713168955,0.890066366888663,0.15068530795078103
longdoc_qa,longdoc,12,10,3068,2.5584655518655577,0.9939794321569608,0.14737133413884718,0.19991498260275797,0.9408666391433724,0.06744420523142497,0.9249935919788538,0.3199347083311454
longdoc_qa,longdoc,12,11,3068,2.2362095468796412,0.9945012290845882,0.14737133413884718,0.00783722033740708,0.9372262476404105,0.08017827816676994,0.8218343610741269,0.2819360737828536
longdoc_qa,longdoc,12,12,3068,2.252066891592888,0.997469595902911,0.14737133413884718,0.27247412105755586,0.9865057542729891,0.015748443083620327,0.2789032702133762,0.19386850540004927
longdoc_qa,longdoc,12,13,3068,2.5347582029741034,0.9895787517252211,0.14737133413884718,0.047678283090731854,0.9307325293700183,0.0696743645346288,0.7770202831306676,0.19105228509815958
longdoc_qa,longdoc,13,0,3068,2.7279146297539487,0.991666886261879,0.08497576401747682,0.08872034095451564,0.8791202186663329,0.16016559962709356,1.236876515370375,0.2698114038128961
longdoc_qa,longdoc,13,1,3068,1.842058212511072,0.9983408840049292,0.08497576401747682,0.053785635279816724,0.9956805717142801,0.005822441161226382,1.041666451093829,0.16010898361391052
longdoc_qa,longdoc,13,2,3068,1.7212602948176179,0.9922875967184492,0.08497576401747682,0.22810108482797542,0.8685081021037128,0.29524423738868294,0.5965162428701369,0.22742226486454803
longdoc_qa,longdoc,13,3,3068,0.8768531592572513,0.9989376986660241,0.08497576401747682,0.08453683221299091,0.9936758968323568,0.00754183521893965,1.0983584171944667,0.12772591645469467
longdoc_qa,longdoc,13,4,3068,2.1803531602095414,0.9978330047657001,0.08497576401747682,0.54152803702685,0.991288882523368,0.009426270022745285,0.27651083125903086,0.20837373237648507
longdoc_qa,longdoc,13,5,3068,1.7319680731132832,0.9981972321744541,0.08497576401747682,0.04097115483471514,0.9931099662587097,0.009036829702702052,1.0114466856531708,0.24863329163703052
longdoc_qa,longdoc,13,6,3068,4.192637458976419,0.9681143372019756,0.08497576401747682,0.055502046380192294,0.5887606108953896,0.813985308031597,1.5140821023551778,0.18710640630813144
longdoc_qa,longdoc,13,7,3068,2.051827448427309,0.9920718325987482,0.07784954943573,0.07206971221199243,0.896876149338821,0.2576175506158196,0.8391839660656042,0.31458156266410997
longdoc_qa,longdoc,13,8,3068,0.2971753047409083,0.9993000984233169,0.07784954943573,0.06548912473974022,0.9887316381042958,0.039876329808574425,4.3637023918233755,0.17856640381024882
longdoc_qa,longdoc,13,9,3068,0.25122011168821373,0.9994970354958591,0.07784954943573,0.08352375125606581,0.995603626665275,0.015932962278609283,5.179463258873794,0.1845574261640912
longdoc_qa,longdoc,13,10,3068,1.9400494317180978,0.9976246071085964,0.07784954943573,0.19923732290892548,0.9749298117325007,0.04859055082953338,0.24807657103597244,0.4730951334191873
longdoc_qa,longdoc,13,11,3068,1.0184798127696684,0.9976633767099042,0.07784954943573,0.09804034457865818,0.9732772807932513,0.09862363376148743,0.34529449566345527,0.5757294761553802
longdoc_qa,longdoc,13,12,3068,0.11125642971310105,0.9996338276920674,0.07784954943573,0.3250948953688262,0.9994819182478492,0.0018943246786532672,0.06779915515959951,0.1747974188689525
longdoc_qa,longdoc,13,13,3068,3.7933467919319654,0.987164724641837,0.07784954943573,0.15112538028819067,0.6855913169136216,0.24435168672609486,0.930063565681568,0.2643136977507969
longdoc_qa,longdoc,14,0,3068,3.1619945177051374,0.9884704629091967,0.08669671798305977,0.02675396142992259,0.8438995737428808,0.16519580699398756,1.0170076156013599,0.19716304857338451
longdoc_qa,longdoc,14,1,3068,0.46757205647141814,0.9994853729966411,0.08669671798305977,0.14898977300842375,0.9983323294183318,0.0016814341069770155,0.9930711299291993,0.10015605192566948
longdoc_qa,longdoc,14,2,3068,2.3518587650221203,0.9967444537739727,0.08669671798305977,0.07167519392666,0.9687987211322783,0.038206614656349315,0.4438624146624707,0.2770022687683534
longdoc_qa,longdoc,14,3,3068,1.69543426688241,0.9868463681227161,0.08669671798305977,0.002616262491986987,0.8725941409096613,0.457008279660033,4.068378814820296,0.30430690721616815
longdoc_qa,longdoc,14,4,3068,1.8028195859039595,0.9984643302778985,0.08669671798305977,0.28710897344849595,0.9937110692465874,0.007337094442237961,2.4175149458005896,0.1303164295497664
longdoc_qa,longdoc,14,5,3068,3.1864226548576404,0.9881964515223605,0.08669671798305977,0.015317428520660759,0.8066474548543957,0.20793686950069074,1.358819506776971,0.18976689120982848
longdoc_qa,longdoc,14,6,3068,1.8177844562591423,0.997635791843626,0.08669671798305977,0.13338254020763962,0.9663680567619581,0.05128482362428046,2.653328934250288,0.24580351740683176
longdoc_qa,longdoc,14,7,3068,2.4227881100790394,0.996109740407994,0.13996774056418604,0.03047105389903937,0.9715426316598473,0.027579738068672404,0.5865951378687506,0.1346208794441121
longdoc_qa,longdoc,14,8,3068,3.734333848528191,0.9609494850794663,0.13996774056418604,0.029116967783238135,0.7101742503826414,0.34193192598909095,0.8926196674459141,0.2038390965160807
longdoc_qa,longdoc,14,9,3068,3.6320763762075288,0.9867345052712727,0.13996774056418604,0.006360443288510265,0.7224534433986873,0.26569007390125243,0.622336245836741,0.17964602112718212
longdoc_qa,longdoc,14,10,3068,0.3444757859941094,0.9995567346413223,0.13996774056418604,0.5978445005401112,0.9995547883471098,0.0005145090205934012,1.2686026381148052,0.12719833984930723
longdoc_qa,longdoc,14,11,3068,2.2352936303474045,0.9972888940603778,0.13996774056418604,0.18387119308306143,0.9578647912338287,0.0353413397784092,0.07428747093997926,0.09919099786351018
longdoc_qa,longdoc,14,12,3068,3.103789094183438,0.9909422333189172,0.13996774056418604,0.13655247041431018,0.8410365882956018,0.1018150377815436,0.6659611579712991,0.13494532428410924
longdoc_qa,longdoc,14,13,3068,4.3979062042286206,0.9362006026371088,0.13996774056418604,0.029082815105900606,0.637318998402971,0.3132436609663871,1.0026310935718548,0.14342324132957993
longdoc_qa,longdoc,15,0,3068,2.3672465863087067,0.993488365905875,0.07840430061030934,0.11282401266062791,0.9591687307478889,0.07011984704396906,2.968479521918463,0.262226261875892
longdoc_qa,longdoc,15,1,3068,1.8086426761713779,0.9945780950309776,0.07840430061030934,0.0786913585153366,0.9500677689720243,0.08252367717958298,1.2030502628872581,0.156187439778867
longdoc_qa,longdoc,15,2,3068,1.1803371666890026,0.9990756461240154,0.07840430061030934,0.2129915070743733,0.9965016201879915,0.006914675637570256,2.5329037304262667,0.4844117249549705
longdoc_qa,longdoc,15,3,3068,1.6943448945549566,0.9984228805752082,0.07840430061030934,0.2076812465395781,0.9951870136807928,0.006651230516811394,2.662523881304555,0.42862254168431924
longdoc_qa,longdoc,15,4,3068,1.8240070726909754,0.9980827992306722,0.07840430061030934,0.021136625522456765,0.9853413854348526,0.024235532140322112,2.827149027966651,0.23738939580404264
longdoc_qa,longdoc,15,5,3068,1.6416092547844496,0.9976216719512977,0.07840430061030934,0.16724439985997375,0.9849554437920077,0.03772070685976929,3.639611561499299,0.2840893377197143
longdoc_qa,longdoc,15,6,3068,4.964455440457982,0.9499370893016102,0.07840430061030934,0.08139882731509396,0.4421786466107564,0.4628976676012632,2.0386209795922934,0.1002215290569499
longdoc_qa,longdoc,15,7,3068,4.800819874044972,0.9215530553209967,0.14310255048544318,0.09541787140943025,0.5708755213335245,0.51162849049135,1.414709054478766,0.13996359148999707
longdoc_qa,longdoc,15,8,3068,4.409862092029472,0.9533630933102246,0.14310255048544318,0.05779723068235976,0.6287041111793444,0.37959256510014205,1.7532586376151573,0.2339883030219668
longdoc_qa,longdoc,15,9,3068,2.236469618419576,0.985989742006521,0.14310255048544318,0.1868177869348413,0.9376390062980187,0.06253212182757155,1.5579330093754302,0.1401154402344703
longdoc_qa,longdoc,15,10,3068,4.346617854629926,0.9191012382130104,0.14310255048544318,0.08800267752204549,0.6341966216360346,0.5290621928424842,1.9248329004850633,0.29983122214703295
longdoc_qa,longdoc,15,11,3068,3.4250825945436283,0.9821799449328611,0.14310255048544318,0.04722439184993288,0.8393231540113828,0.14188892346170864,2.159132615540656,0.18977051868601602
longdoc_qa,longdoc,15,12,3068,5.953474531351139,0.8417716062729097,0.14310255048544318,0.020486052980828173,0.29309643309917505,0.7159287284875293,1.889870903712953,0.1010207618572321
longdoc_qa,longdoc,15,13,3068,3.696011687762933,0.9689250901236109,0.14310255048544318,0.008166450828160254,0.7506898971077222,0.22970162825850501,1.4804639748618673,0.18660130114694778
longdoc_qa,longdoc,16,0,3068,1.3074998221164407,0.9988811041482413,0.13441881128990793,0.36970472313471614,0.9966100882649731,0.003739110345949062,0.9690350300358223,0.20955215842825425
longdoc_qa,longdoc,16,1,3068,0.05186342936653696,0.9996453198691813,0.13441881128990793,0.01455243275350604,0.9992437843188321,0.009822340283183191,33.01322560526917,0.23014530645703946
longdoc_qa,longdoc,16,2,3068,2.023086251379631,0.9980768229601861,0.13441881128990793,0.41218681599835616,0.994953448523636,0.005737780731414073,1.7961967457569417,0.6970054081160897
longdoc_qa,longdoc,16,3,3068,1.4061369839545084,0.9975742336675987,0.13441881128990793,0.00872912147963234,0.9371924799259228,0.20244396823583774,6.581024401981491,0.4823690587924046
longdoc_qa,longdoc,16,4,3068,0.15257820670257144,0.9995862592479927,0.13441881128990793,0.0945207896532212,0.9981960649694394,0.02316617994121879,27.584182797319645,0.39158650189843913
longdoc_qa,longdoc,16,5,3068,1.6565121283803286,0.9981472796500314,0.13441881128990793,0.49278581169380153,0.9833596337536284,0.05210458989743359,4.774137484331659,0.678546716469606
longdoc_qa,longdoc,16,6,3068,1.736086110570244,0.9984715306725777,0.13441881128990793,0.7213113159594808,0.9937030194876616,0.006910640182596086,0.9784486644681138,0.7748020290782209
longdoc_qa,longdoc,16,7,3068,3.290497022999613,0.9844693453686453,0.40062273731326437,0.03422559592669172,0.802681218890934,0.1833805104151928,2.3948766904798315,0.3003768632673818
longdoc_qa,longdoc,16,8,3068,0.25278954816040433,0.9994877696318151,0.40062273731326437,0.3819060982515916,0.9974399330521609,0.01809465149774751,0.3382129778466901,0.24308173949272335
longdoc_qa,longdoc,16,9,3068,0.6371343676200165,0.997733936085967,0.40062273731326437,0.0038422866135698897,0.9589543912710616,0.3663149070958099,0.8227961275703393,0.5158166256301593
longdoc_qa,longdoc,16,10,3068,0.9174736443279587,0.9989618563595873,0.40062273731326437,0.22144363831757463,0.9941994065888303,0.023075438359186864,5.34297942108749,0.4607749270763289
longdoc_qa,longdoc,16,11,3068,2.190318882024146,0.9977775561724065,0.40062273731326437,0.15777686085016995,0.9904345799932117,0.01140922765806936,2.6189632911716196,0.30863667481236506
longdoc_qa,longdoc,16,12,3068,1.6175222673420326,0.998357291205008,0.40062273731326437,0.15743175868492543,0.9842375320240306,0.02698162762887539,0.981993800980345,0.604972428664418
longdoc_qa,longdoc,16,13,3068,3.811776873296498,0.9594056647917641,0.40062273731326437,0.39483867794039673,0.7539001584401017,0.3578530086879347,1.0520073120793734,0.3215861615143482
longdoc_qa,longdoc,17,0,3068,3.3626531871286494,0.9752562153038626,0.03719121072713547,0.2860995223757099,0.84378376816846,0.08566712093384234,0.28482892457466674,0.16673529506910978
longdoc_qa,longdoc,17,1,3068,1.122578318686898,0.9931740972075604,0.03719121072713547,0.11965648961832454,0.9451974704515567,0.04100095291451095,1.2096525029680936,0.12936259051009832
longdoc_qa,longdoc,17,2,3068,2.335984265743229,0.9935515474829915,0.03719121072713547,0.05765127811196091,0.9331925202959772,0.040769733046499834,1.0907908961842525,0.14416147128964932
longdoc_qa,longdoc,17,3,3068,2.174956153739379,0.9876155587459174,0.03719121072713547,0.02119991469829685,0.9199364019948765,0.06069972975482479,0.08856439696241433,0.1274927547336112
longdoc_qa,longdoc,17,4,3068,0.5414919974112409,0.9964073008952988,0.03719121072713547,0.009113321591255108,0.9757285469713196,0.018166182059967784,0.033869936007342574,0.14796237537223425
longdoc_qa,longdoc,17,5,3068,0.3000301060163428,0.9961054853165173,0.03719121072713547,0.0061714204532492545,0.9840682060267746,0.012525561068491231,0.020054098195790435,0.1552971033467546
longdoc_qa,longdoc,17,6,3068,1.5918222092738372,0.9983957118867447,0.03719121072713547,0.13136222758582683,0.9891889282435491,0.007771550701339999,0.3880532914770025,0.4509381288690491
longdoc_qa,longdoc,17,7,3068,1.888654065350956,0.9914200943896758,0.21739132755199814,0.1762593429906083,0.9414070929996788,0.08245892846448936,0.27443455006935735,0.340812233903887
longdoc_qa,longdoc,17,8,3068,2.388733621389574,0.9928993195246562,0.21739132755199814,0.36006627771565913,0.9408386267039097,0.040030812358274014,0.45711561606305534,0.24237346239154658
longdoc_qa,longdoc,17,9,3068,1.3805187750721015,0.9945398953598374,0.21739132755199814,0.03794325124050246,0.9481541264482561,0.22743660174668573,10.19837516836511,0.45142090335766816
longdoc_qa,longdoc,17,10,3068,1.8022029338968277,0.9969928284358287,0.21739132755199814,0.26751147700735434,0.9779476500056195,0.04327936179036352,2.850521354996965,0.4776295998914496
longdoc_qa,longdoc,17,11,3068,4.043911412687358,0.9198351545016069,0.21739132755199814,0.03530941436857571,0.621342580173858,0.5882365215521095,2.3974189515210114,0.16791597461249264
longdoc_qa,longdoc,17,12,3068,2.556771432569281,0.9914441066618443,0.21739132755199814,0.09863048044589995,0.901407959882944,0.10814536243003937,0.42267937574185094,0.28289978750578476
longdoc_qa,longdoc,17,13,3068,0.6487438201387775,0.998816325560074,0.21739132755199814,0.351028195008114,0.9930985242125717,0.02654184743180729,6.580744576985915,0.40630047090643084
longdoc_qa,longdoc,18,0,3068,3.025952014827512,0.9849194959798331,0.042376143659819274,0.1402273343878404,0.8718995497534414,0.11687027542562245,0.7461577390241644,0.616185237324723
longdoc_qa,longdoc,18,1,3068,1.8358740831734008,0.9827824405783655,0.042376143659819274,0.049354394357485454,0.8833261906970392,0.5898007735735238,7.300977874380212,1.5390722185699306
longdoc_qa,longdoc,18,2,3068,1.782712142953475,0.9970636369275563,0.042376143659819274,0.14208587741182566,0.9716506072222981,0.06682822056590625,4.679014869448191,0.6145031096760563
longdoc_qa,longdoc,18,3,3068,0.46623728231568384,0.999280794346654,0.042376143659819274,0.1305477077925863,0.9956326276818882,0.039281880771987354,12.00756411395978,2.361696683864672
longdoc_qa,longdoc,18,4,3068,2.475908915222095,0.9923625086315967,0.042376143659819274,0.1296121532634018,0.9165911421349442,0.06358377429041266,0.5555366403134708,0.4806192111189808
longdoc_qa,longdoc,18,5,3068,1.3181943161128977,0.9898156135450977,0.042376143659819274,0.019243981981217573,0.9394718431593496,0.8087129631557096,16.414205945816217,3.39299008534471
longdoc_qa,longdoc,18,6,3068,2.4656908135017885,0.9839709392749483,0.042376143659819274,0.13174010469530195,0.8944065929099819,0.1305788338957258,1.5392074735522832,0.7563995438314152
longdoc_qa,longdoc,18,7,3068,1.686738377373319,0.9953126618366799,0.20670308814923793,0.0709930588226344,0.9708985686807706,0.030380664865488474,0.13770837304409164,0.180122784329371
longdoc_qa,longdoc,18,8,3068,1.8652995077439638,0.9971140031407612,0.20670308814923793,0.6003957576782941,0.9777277284666281,0.03016573827247655,1.252599647229564,0.27397700239692363
longdoc_qa,longdoc,18,9,3068,2.082708570766135,0.9850082065425049,0.20670308814923793,0.06571635498992823,0.9103669086957641,0.08891913954158881,0.14661328377153102,0.09965335661012567
longdoc_qa,longdoc,18,10,3068,2.528431484575573,0.9814561554761805,0.20670308814923793,0.15719235744834115,0.8915720797484948,0.14640835409835581,0.3094292294457033,0.31006122816730336
longdoc_qa,longdoc,18,11,3068,2.3687640075799523,0.9955050119904557,0.20670308814923793,0.037172369110805015,0.9697938586873397,0.02683131275757677,0.3579939751927993,0.6609790875625703
longdoc_qa,longdoc,18,12,3068,1.7910118586979686,0.9931687701875891,0.20670308814923793,0.08124291569484621,0.9329284512890302,0.1272601177036957,0.2000047276800091,0.4142112534864827
longdoc_qa,longdoc,18,13,3068,2.801358584119334,0.9875369696209542,0.20670308814923793,0.43161172699339767,0.8988224850358815,0.07850274304743984,0.165869922477385,0.32642441332196415
longdoc_qa,longdoc,19,0,3068,0.922116477961176,0.9991341255983551,0.20738758956643963,0.13885100220041302,0.9961460683884348,0.011785027816650499,3.875200772399153,0.3269751950085844
longdoc_qa,longdoc,19,1,3068,1.8824920701951218,0.9983016224164518,0.20738758956643963,0.05553982445352901,0.9946743385819194,0.005244543141176332,2.2901167810913163,0.33226695356618735
longdoc_qa,longdoc,19,2,3068,1.7900824177991623,0.9923645856117818,0.20738758956643963,0.008896709919016033,0.9344261163592046,0.05619603525397299,0.906885235449813,0.19522121030242187
longdoc_qa,longdoc,19,3,3068,0.3612080937923914,0.9995347390048431,0.20738758956643963,0.19000445964847756,0.9990317654194653,0.0025840597529441264,5.206220360606814,0.2240742280438191
longdoc_qa,longdoc,19,4,3068,1.451614413822686,0.9975918970957355,0.20738758956643963,0.07032591028654878,0.9870077179795481,0.014091747198114707,1.2011887162147064,0.3271998021278341
longdoc_qa,longdoc,19,5,3068,1.6234802015042333,0.9932144697177494,0.20738758956643963,0.11096732554796507,0.9476974663621296,0.10886844685290581,3.5292960348112103,0.3529014205737755
longdoc_qa,longdoc,19,6,3068,3.862635611270467,0.977803443409144,0.20738758956643963,0.015067986783260157,0.6961973435250157,0.2675785524568498,1.5664675439655986,0.3787834783036843
longdoc_qa,longdoc,19,7,3068,4.017693774182447,0.9556089758624732,0.1047547684983249,0.42274226288472194,0.7510365774526319,0.19753430731151528,1.3407741104151307,0.06326560840165842
longdoc_qa,longdoc,19,8,3068,1.1200632418214715,0.9976739918878416,0.1047547684983249,0.05372768554343299,0.981114111577065,0.01820449446631425,0.9262247673471041,0.26149607544863973
longdoc_qa,longdoc,19,9,3068,2.3553717148291455,0.9942716131598756,0.1047547684983249,0.10032580764913757,0.9491387140565269,0.04425876507121528,0.12788895321594537,0.17679215413225952
longdoc_qa,longdoc,19,10,3068,2.280658301203628,0.9952154304494764,0.1047547684983249,0.14457001326236085,0.9484439416752035,0.05187821617265086,1.1204619113098642,0.22467934947120433
longdoc_qa,longdoc,19,11,3068,1.5975259965823905,0.9976063469210931,0.1047547684983249,0.2769248413366894,0.9815854097118348,0.029956078111082092,0.19268902976067326,0.22419654237522782
longdoc_qa,longdoc,19,12,3068,1.5402483114191619,0.9951308816647262,0.1047547684983249,0.1749678272416455,0.96593152072108,0.05636576377367613,0.15999082539202772,0.21087495431900838
longdoc_qa,longdoc,19,13,3068,1.5999641975039944,0.9981415595780773,0.1047547684983249,0.06644757576650262,0.9819394369265699,0.025550139507453478,0.19260195865183147,0.26092880626072373
longdoc_qa,longdoc,20,0,3068,0.29427170382157386,0.9988638766837622,0.2702454546728484,0.07209090598549572,0.990460992512692,0.026894819956781724,0.05066901717722038,0.2618707652712288
longdoc_qa,longdoc,20,1,3068,1.9615776055590841,0.9847601318772178,0.2702454546728484,0.22231621172815874,0.8710278688374755,0.30691414376543696,3.0656158308765034,0.3004652923918252
longdoc_qa,longdoc,20,2,3068,2.202432308605953,0.9928447704609429,0.2702454546728484,0.19470282888316515,0.9404403081021587,0.07479975090740272,0.8312724111193471,0.32589526957663656
longdoc_qa,longdoc,20,3,3068,1.831243756680803,0.9959596255734372,0.2702454546728484,0.432041900155117,0.9603400597996185,0.042050389967310114,1.4276059268170394,0.25342880931708245
longdoc_qa,longdoc,20,4,3068,1.782564237796834,0.9955660765700768,0.2702454546728484,0.07533510786901498,0.9527949879001609,0.05007674661948669,1.3892096857606164,0.22674410257605626
longdoc_qa,longdoc,20,5,3068,2.0536587391873953,0.9866031455211796,0.2702454546728484,0.08764991514502674,0.884749088011275,0.21409851906630242,2.3692050844739536,0.3714729855537319
longdoc_qa,longdoc,20,6,3068,3.9220073040823067,0.9538697650803464,0.2702454546728484,0.01053175429464659,0.6587519568356414,0.35143738549411524,1.2559977786850574,0.22379876791856365
longdoc_qa,longdoc,20,7,3068,2.47408900897669,0.9923175668024411,0.11301976197800086,0.19928920357743585,0.9352000438119927,0.036510385538905385,1.4722087976441744,0.2242498342649764
longdoc_qa,longdoc,20,8,3068,2.1060340747560127,0.9916218952724417,0.11301976197800086,0.5674894738232448,0.8955698444552144,0.06303819301087923,0.8053136148405389,0.14517791952472267
longdoc_qa,longdoc,20,9,3068,1.850244882885262,0.9831200293030801,0.11301976197800086,0.018410365953415386,0.8689088666120062,0.06801492951654953,1.320243714830773,0.100035690712953
longdoc_qa,longdoc,20,10,3068,2.1611339319788008,0.9915408704913612,0.11301976197800086,0.16751510754330923,0.8926715689123242,0.06144656700932613,0.722220934911921,0.1309624216701935
longdoc_qa,longdoc,20,11,3068,3.2163185868449196,0.9686227592213908,0.11301976197800086,0.03611282580120201,0.6920656967078148,0.1729051467023813,1.4251355950918496,0.10553171936703098
longdoc_qa,longdoc,20,12,3068,3.3611258261459853,0.9838031155413144,0.11301976197800086,0.004733975954230196,0.761703745677982,0.13783889951801925,0.35815553484417606,0.25773826796431
longdoc_qa,longdoc,20,13,3068,2.1713639336719646,0.9951048312401235,0.11301976197800086,0.27571317160709796,0.9526163342644364,0.025217373768795362,1.662009853012622,0.15024448424176867
longdoc_qa,longdoc,21,0,3068,1.695256057182497,0.9834546781759506,0.1079380695908388,0.004961626864647517,0.8783565179761637,0.04806590055132112,0.11697274876160267,0.13755802097790795
longdoc_qa,longdoc,21,1,3068,1.5811384600385503,0.9903736893497557,0.1079380695908388,0.02819881341399233,0.8905002995546099,0.0489394586661111,0.13006655554820692,0.09566367767523623
longdoc_qa,longdoc,21,2,3068,1.5955836907607468,0.9919853748652616,0.1079380695908388,0.3949505985760391,0.9290612343789147,0.027045723603120804,0.15965363675722893,0.08581023598199652
longdoc_qa,longdoc,21,3,3068,3.149254950888234,0.9850245885454716,0.1079380695908388,0.0012837066732553915,0.7625118166506946,0.10803785613261518,0.2385687969014168,0.1012659280689667
longdoc_qa,longdoc,21,4,3068,2.1014998759004455,0.9947473434946543,0.1079380695908388,0.007613903472837524,0.934909018023493,0.031605739500281796,0.8162735711337124,0.18681572380014902
longdoc_qa,longdoc,21,5,3068,2.0572721269028516,0.9952798868449584,0.1079380695908388,0.07692127058832687,0.9394803217313011,0.024448870074740555,1.4185695694173264,0.1432738647184406
longdoc_qa,longdoc,21,6,3068,1.9750916549924735,0.9929549428271309,0.1079380695908388,0.08120323165808152,0.9159119144616168,0.030982382610143612,0.1557412026532309,0.11096134375924056
longdoc_qa,longdoc,21,7,3068,0.8953826594845955,0.9988077001615402,0.2535022479478252,0.5353935390807703,0.9917222105714812,0.03341205640144627,6.105923545586737,1.0496206892640183
longdoc_qa,longdoc,21,8,3068,2.4722734552248555,0.9829078249472474,0.2535022479478252,0.06680453120343532,0.8339933696529731,0.33432889467075866,6.0975175602883445,0.38637424866960285
longdoc_qa,longdoc,21,9,3068,0.4921963205320005,0.9993866871632779,0.2535022479478252,0.07442095461505982,0.9963864210050197,0.0037967631685523,1.291407560644435,0.13723518778373892
longdoc_qa,longdoc,21,10,3068,1.6839280124585168,0.9925347754616753,0.2535022479478252,0.20450862204772635,0.9394483742943684,0.16518034533503864,4.97629291932944,0.23562636436378026
longdoc_qa,longdoc,21,11,3068,1.720121806804594,0.9913418713403919,0.2535022479478252,0.10564318778203541,0.8940722605422917,0.4562679760133958,10.870121476322051,0.3785159353980575
longdoc_qa,longdoc,21,12,3068,1.9862443233570528,0.9879239573481885,0.2535022479478252,0.09101399608617688,0.8854648811760458,0.48150892662757666,9.664775293297353,0.9973178081094408
longdoc_qa,longdoc,21,13,3068,2.3735533831925717,0.9892223507551114,0.2535022479478252,0.05711751312418256,0.8571522358106288,0.20562683805352602,4.438245409802064,0.5658166097709456
longdoc_qa,longdoc,22,0,3068,5.295191489365777,0.9173773432369937,0.40640311442899457,0.05380454573373328,0.43558638601840705,0.7045670432761798,3.387784805698709,0.21359536186929134
longdoc_qa,longdoc,22,1,3068,4.296322402188754,0.9640537449033084,0.40640311442899457,0.0814272057096792,0.6038546789569553,0.31473729511740334,1.5516410287049118,0.12326115220061884
longdoc_qa,longdoc,22,2,3068,4.343706055132639,0.9590903014765589,0.40640311442899457,0.02500107719291922,0.6366334471382635,0.5587468955117186,2.02417803751586,0.2591632364542781
longdoc_qa,longdoc,22,3,3068,4.643656415329392,0.9482528148125183,0.40640311442899457,0.03572665296258215,0.5820065756469914,0.4632715500924102,2.1086759542839784,0.20758828263054746
longdoc_qa,longdoc,22,4,3068,5.014496687869096,0.934273281848321,0.40640311442899457,0.051017333525951614,0.49200114590863553,0.7098687125927822,5.905301055486056,0.24590416360633335
longdoc_qa,longdoc,22,5,3068,3.516452614316661,0.9780496195485529,0.40640311442899457,0.13918266429659099,0.757702618083547,0.31759335090385554,1.1749506183847038,0.21206059212165712
longdoc_qa,longdoc,22,6,3068,4.6208623798273525,0.9521913984924819,0.40640311442899457,0.03717132104987009,0.5673070687286178,0.6607909573885571,1.4481610120238493,0.19182037225057694
longdoc_qa,longdoc,22,7,3068,4.449709665952485,0.9646494949962544,0.40832458646799924,0.07383789321674161,0.5793798978302432,0.6723240716374056,0.9099709199209852,0.24737927134024496
longdoc_qa,longdoc,22,8,3068,4.277749280802661,0.9620869962315634,0.40832458646799924,0.29108776859779084,0.6629220431094659,0.5336145980634046,0.8301793994629723,0.2569662464296219
longdoc_qa,longdoc,22,9,3068,3.992650414161116,0.9719523737732986,0.40832458646799924,0.023954416412586,0.709178098306227,0.44385681951105693,1.9172504133555013,0.37597232718976487
longdoc_qa,longdoc,22,10,3068,3.9859059874200486,0.9759760751396788,0.40832458646799924,0.04413305430737857,0.7119804706530678,0.5254928604474244,0.8004339213628365,0.2885439749069468
longdoc_qa,longdoc,22,11,3068,4.668654815599329,0.951209592683886,0.40832458646799924,0.12293804880275605,0.5573382054732866,0.7125795693285059,1.5157382360168221,0.3093494384361795
longdoc_qa,longdoc,22,12,3068,3.446551060446275,0.9815333566761097,0.40832458646799924,0.021800047030069436,0.772874768279632,0.38230579642296025,0.6859710085570885,0.1400655155832626
longdoc_qa,longdoc,22,13,3068,4.822672064944646,0.9482324541144194,0.40832458646799924,0.11411441223283347,0.5030883990585078,0.7883588817244064,0.9739125719356898,0.22096732949223885
longdoc_qa,longdoc,23,0,3068,4.349517687369743,0.9525249979245465,0.17713672612492057,0.1994151322109594,0.6489538083389197,0.2984903239048692,1.6877412285045261,0.13506707988204425
longdoc_qa,longdoc,23,1,3068,0.05203258781294937,0.9996619001470296,0.17713672612492057,0.17274062399371637,0.9999420553759399,5.519548703042379e-05,1.6488396434797898,0.1878582267661157
longdoc_qa,longdoc,23,2,3068,5.145856658645607,0.9133406853012798,0.17713672612492057,0.06081272136678084,0.5007534160599502,0.35637571909911236,2.039325089490162,0.1638778101280874
longdoc_qa,longdoc,23,3,3068,4.527620163028615,0.9448994459892445,0.17713672612492057,0.006332298452975671,0.6108830027405422,0.33983477217534,1.3114803193021394,0.13824424266730373
longdoc_qa,longdoc,23,4,3068,1.735760141475072,0.9941624430394526,0.17713672612492057,0.14818709839262478,0.9188259728641698,0.07724090372486385,1.4484546746441016,0.1577908145756863
longdoc_qa,longdoc,23,5,3068,3.0752924276067746,0.9882655036430171,0.17713672612492057,0.20450280735350068,0.8704738874809561,0.09774568691673428,0.467256109076432,0.20239675583822228
longdoc_qa,longdoc,23,6,3068,1.3380142775664199,0.9971618723709724,0.17713672612492057,0.28960827615602014,0.966725111034073,0.03158250333652529,1.3705086637029296,0.17312959693534594
longdoc_qa,longdoc,23,7,3068,4.1389940035114545,0.96137785840686,0.38635252578591256,0.3966636646599082,0.6720932836585034,0.22370882919872884,1.1146023755624495,0.1172621579956746
longdoc_qa,longdoc,23,8,3068,4.3597352206738424,0.9504496594540293,0.38635252578591256,0.025996369959000454,0.6455218072316453,0.6402870602672849,4.711020799470457,0.2803842727632449
longdoc_qa,longdoc,23,9,3068,4.123117522000206,0.9645788104555092,0.38635252578591256,0.018013090040373214,0.7011885115218938,0.517527092348193,5.312324673511867,0.2372262198738658
longdoc_qa,longdoc,23,10,3068,4.082207548559645,0.9630059147156111,0.38635252578591256,0.04352841357139692,0.7119668980523868,0.3649916374348975,2.582068459499529,0.3795790419822507
longdoc_qa,longdoc,23,11,3068,4.367383020585383,0.9491852552320816,0.38635252578591256,0.031895105896410314,0.6541009975448737,0.5902130135548871,5.1534601585479045,0.24303828036420275
longdoc_qa,longdoc,23,12,3068,4.005621370596069,0.9726961274152637,0.38635252578591256,0.3155290024350217,0.7160620918645308,0.33476189386561195,4.561588639358852,0.31799450064605955
longdoc_qa,longdoc,23,13,3068,4.654193614132826,0.9489029431472531,0.38635252578591256,0.007868141446410348,0.5805079232289847,0.681552079047993,1.788139812278806,0.15983589054513772
needle,needle,0,0,2130,1.7419480201800375,0.9972892697287018,0.060462945179208645,0.047890292272001034,0.970011106494198,0.030585747156688842,1.2864856382801024,0.33813705995151044
needle,needle,0,1,2130,0.0077385820331304575,0.9995283891304696,0.060462945179208645,0.4585441649362565,0.9999926359481641,6.718763015345281e-06,1.0138453246623582,1.24855541398987
needle,needle,0,2,2130,3.1811432551550394,0.9757646541310779,0.060462945179208645,0.0007007967213894517,0.7215796798557766,0.31568925693933686,0.8006019871169056,0.42722723223568654
needle,needle,0,3,2130,6.6132120560434835,0.7080089791653609,0.060462945179208645,0.018751534957232252,0.1458505576587776,0.3953364324808557,0.20541875026373582,0.11128700981359012
needle,needle,0,4,2130,2.35645439211609,0.9962170436220499,0.060462945179208645,0.5821569177489252,0.9750475986357119,0.010428923799640654,1.313057703718913,0.28663152156993676
needle,needle,0,5,2130,1.323040086285222,0.998486000313388,0.060462945179208645,0.7976050112370956,0.9999866567124696,1.7206289164374768e-05,1.1353919452977137,0.5307568182259119
needle,needle,0,6,2130,2.931846899294971,0.9862678636332405,0.060462945179208645,0.20642631214769835,0.8564683600932791,0.10626345965123235,0.6833801149815203,0.3203419274263945
needle,needle,0,7,2130,0.15676744103763826,0.999492593864282,0.2108276482373334,0.5520818046008458,0.9999985150000744,1.5393656248384557e-06,2.128686269531822,0.21002429319566782
needle,needle,0,8,2130,5.031348862226227,0.9447436322983843,0.2108276482373334,0.001148257251202267,0.291818887755609,0.28419085337745,2.3162050595064847,1.6482160692545802
needle,needle,0,9,2130,3.0937413987878117,0.9898200796572062,0.2108276482373334,0.1713317676466417,0.8364634447604221,0.191015896224461,2.3831564514583423,0.6628179759643356
needle,needle,0,10,2130,5.983530833650593,0.7166584204825958,0.2108276482373334,0.01922919228184128,0.2721278003726651,1.186104598540299,0.8406194543349905,0.8112959000359431
needle,needle,0,11,2130,1.7147892977878667,0.9944954492481501,0.2108276482373334,0.018877375002006147,0.9370179399328138,0.06866966982669684,1.2318644808973216,0.5804665734084612
needle,needle,0,12,2130,5.803248327303754,0.8621985141206933,0.2108276482373334,0.009008771761784828,0.2628972565818463,0.47513864152515994,0.6851191196337755,0.3777348681191148
needle,needle,0,13,2130,0.7044131285518759,0.9989419157080897,0.2108276482373334,0.022815948095669114,0.9926702153107596,0.0070408077563222544,1.21270677993319,0.33228545510276003
needle,needle,1,0,2130,3.1012900546051347,0.9798287816639093,0.3239955089028945,0.03983223133598912,0.8026997400534153,0.3340876840790009,0.7205568865291025,0.3730391437265447
needle,needle,1,1,2130,4.133000101649141,0.9556258074058982,0.3239955089028945,0.06720441212919637,0.5987921169994919,0.782920005095995,1.951613714374644,0.169994817645757
needle,needle,1,2,2130,3.1004319995846408,0.9811044873720509,0.3239955089028945,0.23079156464464035,0.831083077335066,0.2682645989159005,0.4643717569239878,0.24444603668422607
needle,needle,1,3,2130,4.46540050190297,0.9034184416269269,0.3239955089028945,0.005358187932224645,0.6125592438489139,0.7686760623064168,3.4620675604180438,0.3120785442645548
needle,needle,1,4,2130,2.451176127757442,0.9801376374347518,0.3239955089028945,0.006501185838317269,0.886629164382318,0.13144878042981076,1.1849633890320541,0.158227801998365
needle,needle,1,5,2130,5.214844443912865,0.8485372585978429,0.3239955089028945,0.07434455133229623,0.45017113168661543,1.0842397312591836,1.890555038063272,0.2889741335359469
needle,needle,1,6,2130,3.6458274474215764,0.9407804378354597,0.3239955089028945,0.059385000350480555,0.7285311229222332,0.4916724308238873,0.925974367967063,0.21116833206245725
needle,needle,1,7,2130,4.193082051576849,0.8877683645752555,0.03352900134551008,0.03933608838539726,0.6645540811850357,0.17010149147240164,0.4276664906327173,0.1450263275195959
needle,needle,1,8,2130,1.2787261598135526,0.9985701371036609,0.03352900134551008,0.012687292899393299,0.9972002896982097,0.002052395745623765,0.7437168486620459,0.24540719713735015
needle,needle,1,9,2130,1.0036318971564433,0.9985260155832917,0.03352900134551008,0.05831567482226063,0.9903475865285365,0.0051658152910264475,0.01166719159873196,0.3441144238713017
needle,needle,1,10,2130,2.7807793300640475,0.9913631298472397,0.03352900134551008,0.014200851328595832,0.8914531521305442,0.05531223017221956,0.28577154053652604,0.12922175610588976
needle,needle,1,11,2130,2.7603645737996603,0.9898537076711731,0.03352900134551008,0.013820409491330565,0.9116162640367979,0.04765231364809766,0.7304197255574627,0.39139796550136924
needle,needle,1,12,2130,4.57126905114292,0.894273309592154,0.03352900134551008,0.0026354431845447834,0.5871346315798355,0.19717404298654687,0.38347957316808146,0.8393841710814238
needle,needle,1,13,2130,4.913703027149354,0.9117043931797041,0.03352900134551008,0.048853142357643264,0.4826153750319139,0.20825636343499412,0.37733072579030186,0.6638461740282389
needle,needle,2,0,2130,2.657082949979161,0.9766988879519279,0.12614117233860145,0.05505263804057847,0.8763464408300139,0.18739962500010574,0.21516631992874724,0.29330447342486476
needle,needle,2,1,2130,3.5818164526569998,0.9629242926682091,0.12614117233860145,0.0337321028384725,0.7701123748725752,0.4058528634687078,0.5443500767419679,0.24744141490810023
needle,needle,2,2,2130,2.0471247027735386,0.9929169904290237,0.12614117233860145,0.01392804851779772,0.93154354243786,0.07147984139508466,0.42515191160017685,0.17048445148527203
needle,needle,2,3,2130,1.0781307862582747,0.9984941479489232,0.12614117233860145,0.1284420687395098,0.9943007275259036,0.005348449401685961,0.012426345920445033,0.3100688452245699
needle,needle,2,4,2130,1.8140610827301211,0.9955603565252212,0.12614117233860145,0.12596160412078916,0.9690255491209134,0.03553362491896885,0.05348729518488523,0.19908725410144776
needle,needle,2,5,2130,5.645694655668175,0.7701260700491203,0.12614117233860145,0.052734700032409876,0.4021406014398286,1.5040508987179402,1.5076179560813254,0.5204279253840275
needle,needle,2,6,2130,1.3031893288118248,0.9979587723176623,0.12614117233860145,0.13995095671745617,0.985151515273698,0.017271306577032717,0.034775616538340874,0.2057493950906848
needle,needle,2,7,2130,3.818695414658513,0.9614052107675052,0.18832515783181275,0.09183043252659218,0.6977362056525267,0.39732192422536067,0.73331430066775,0.2158408422799072
needle,needle,2,8,2130,2.0985017043404004,0.9945681155452293,0.18832515783181275,0.1286888081158608,0.9628587771844443,0.0437890550713536,0.15226368166610274,0.5633897403159296
needle,needle,2,9,2130,2.9400413166744688,0.9820730823383929,0.18832515783181275,0.12585520919197535,0.841813545858486,0.21240153532618186,3.704316433890032,0.8401058146668975
needle,needle,2,10,2130,2.5973341121583364,0.9852070393138598,0.18832515783181275,0.03785244497878537,0.9035015447674885,0.12416585028572497,0.41499040056673087,0.4359430894296129
needle,needle,2,11,2130,4.3703835995741995,0.951493225524561,0.18832515783181275,0.23728632855727483,0.5964728375478023,0.6336292553013605,1.6677809447424534,0.5868147413051188
needle,needle,2,12,2130,2.8070325980172823,0.9862061357098159,0.18832515783181275,0.16741317104634845,0.8676554606822864,0.17180433963615727,3.929219402340207,0.5901862608625469
needle,needle,2,13,2130,3.5010401118367156,0.9469557026943957,0.18832515783181275,0.006443573880943632,0.7381038074923287,0.3758084554399463,0.5928833298074481,0.18348667558710324
needle,needle,3,0,2130,0.8653009819047378,0.9983547784596679,0.04873047095737082,0.011965513264811989,0.9888214605653113,0.03078018146157477,0.23814703104193854,0.6239871201269552
needle,needle,3,1,2130,2.1463234171527974,0.9960923849174373,0.04873047095737082,0.1723214367741548,0.9753160298452184,0.020012749346111323,0.6270087340607521,0.16424841437216786
needle,needle,3,2,2130,2.703826987199221,0.9939343054020217,0.04873047095737082,0.07639120046871817,0.9275844102637226,0.0648554711780092,0.4415404091571492,0.19458151611687813
needle,needle,3,3,2130,2.338482200753752,0.987121416629555,0.04873047095737082,0.004367806886953041,0.9070872910836814,0.16784642782129552,0.6865333925489852,0.42234597429390686
needle,needle,3,4,2130,1.0921185145148915,0.9988528934495576,0.04873047095737082,0.23842216508878877,0.9977718390471292,0.004436286204760007,1.146365464430951,0.23159054658731165
needle,needle,3,5,2130,0.9538499021646376,0.9988644964660701,0.04873047095737082,0.007693375241483835,0.9982468581919661,0.005060424167691549,0.4516402408273463,0.9877422435229345
needle,needle,3,6,2130,2.841141320545935,0.9929938719608025,0.04873047095737082,0.03947048803874598,0.8995947214743872,0.11060559102342377,0.8914410996083579,0.2248495362803119
needle,needle,3,7,2130,2.572903373077268,0.9881028654415477,0.19797634969253838,0.012909874564108748,0.8520233261188422,0.19097778233483612,0.30604741446087785,0.1946035492096617
needle,needle,3,8,2130,1.429747994307097,0.9963551224669133,0.19797634969253838,0.0123520222886917,0.9672910979725798,0.03591577255210566,0.188033782776663,0.209107367139185
needle,needle,3,9,2130,2.8539605815981446,0.9801515178367082,0.19797634969253838,0.06702500118992205,0.885948274297297,0.12183420537120129,0.6344183234546203,0.4129022075827579
needle,needle,3,10,2130,1.2960921020183638,0.9964044477325023,0.19797634969253838,0.027197176428394698,0.9626506114370982,0.03765256570787709,0.1577271627670828,0.13728829350989344
needle,needle,3,11,2130,2.06122490253947,0.9795527243882215,0.19797634969253838,0.007628096296439679,0.8314094110914758,0.13674756811154226,0.37493103059108873,0.2978035922220696
needle,needle,3,12,2130,1.8168991906293515,0.9963255310912391,0.19797634969253838,0.0018825370979165257,0.9737211503830234,0.027753802348243893,0.43809864527406156,0.218903658559761
needle,needle,3,13,2130,2.3945043770257524,0.964671891273935,0.19797634969253838,0.012114182220745562,0.8149548753215555,0.19602594051621294,0.6275440528600853,0.2784252912717933
needle,needle,4,0,2130,2.095528294904653,0.9966259263563545,0.12061861459031999,0.3149817178266714,0.9953102894036006,0.00613812685365318,1.441695684436141,0.2786369176812961
needle,needle,4,1,2130,2.3154763030381686,0.9961883358902784,0.12061861459031999,0.25682751629009637,0.9894608312360367,0.02052266569639728,1.5668385196486487,0.342375465492032
needle,needle,4,2,2130,1.780605072686161,0.9941559161907018,0.12061861459031999,0.062255106722841624,0.9798041784500361,0.02994249460388255,0.8809948463981582,0.28596186164277215
needle,needle,4,3,2130,2.7612839357649444,0.9896791162319389,0.12061861459031999,0.01613498267670943,0.9192040431376793,0.1259890250632705,4.500006597640447,0.4456123952717555
needle,needle,4,4,2130,2.0668714313414194,0.9970945824514719,0.12061861459031999,0.1369178457999345,0.9915344287982338,0.01908552233585168,1.4252563516498156,0.6954186091694793
needle,needle,4,5,2130,1.7399856256307284,0.9960360198577112,0.12061861459031999,0.03280343268372743,0.986745286742277,0.030052838367392278,2.5353342618271615,0.3253054854586928
needle,needle,4,6,2130,1.7002717701335852,0.997531474686958,0.12061861459031999,0.13239516048900324,0.9887692179600278,0.013937747712980807,1.590869465928485,0.3068261501672093
needle,needle,4,7,2130,2.738687949404328,0.9900497728984015,0.129252215261569,0.018049980298977086,0.9049139601184452,0.13177506849420587,0.46338062097258054,0.2638030110426381
needle,needle,4,8,2130,2.5794121436513464,0.9875791720288586,0.129252215261569,0.04867936595980993,0.8912558444202401,0.14190758626763256,0.3619418933231368,0.4874364534701126
needle,needle,4,9,2130,3.1327169425659376,0.9909916098177005,0.129252215261569,0.39797744630964105,0.8476682284060371,0.14678212021296866,0.2951639341763634,0.24457804090454918
needle,needle,4,10,2130,2.530888240314815,0.9950742059396127,0.129252215261569,0.1421106237441041,0.9602512775719728,0.08878618913817961,0.5402476027816704,0.28411522983760984
needle,needle,4,11,2130,2.6261168397397783,0.9949514477744527,0.129252215261569,0.47693733578522846,0.9867537061094723,0.02443609786766938,0.5684021300260289,0.2477983168059286
needle,needle,4,12,2130,1.0400869293461676,0.998398670153594,0.129252215261569,0.11560532718027972,0.9888146088826562,0.014761297531530933,0.04519493117110897,0.2668805495399333
needle,needle,4,13,2130,2.9247001215967847,0.987515674129796,0.129252215261569,0.015257362359172078,0.8944441916530342,0.13280561139211938,0.4826018748362401,0.2645988251611057
needle,needle,5,0,2130,0.4794802779083732,0.9992665197401038,0.15093520196299173,0.30425245994984973,0.9977900821176456,0.0067609989626675766,0.20582518673955283,0.19269251558134884
needle,needle,5,1,2130,1.993038403620557,0.9973026094823028,0.15093520196299173,0.042651734565208876,0.9949531163626151,0.009682109292568448,3.539765109293371,0.21133751995552585
needle,needle,5,2,2130,0.8694769236154243,0.9985841895203049,0.15093520196299173,0.010708879354225154,0.9865243406077607,0.03358889001723833,0.7587324369490616,0.20232542345419355
needle,needle,5,3,2130,1.6747541603133858,0.9979680233771905,0.15093520196299173,0.03907842223430702,0.9907040410147793,0.014562350844141191,0.27651406827459685,0.2621372523152507
needle,needle,5,4,2130,2.44465952291133,0.9957147159178913,0.15093520196299173,0.09546163782566319,0.9791003282791838,0.04530172995708693,3.166341440760469,0.22309810648358436
needle,needle,5,5,2130,1.9873293249052828,0.9973851054792795,0.15093520196299173,0.24025815243591353,0.9944362947091752,0.008591583721274427,1.1085910273984156,0.17410554964289784
needle,needle,5,6,2130,2.2399499298429566,0.9936248188183994,0.15093520196299173,0.0745463116480849,0.9621881631466077,0.05692172239713329,2.365013789435379,0.1924392337227898
needle,needle,5,7,2130,2.6883406219390995,0.9947737795034283,0.18156944766874633,0.12619783116694538,0.9408462907838319,0.04097029368376259,1.0157277759383163,0.13970910338088327
needle,needle,5,8,2130,2.94804660962459,0.9928669269152963,0.18156944766874633,0.007571953661543729,0.8752657589206241,0.0658036172232928,1.2079293457517475,0.1380776029080067
needle,needle,5,9,2130,0.5756863658775995,0.9992297350386352,0.18156944766874633,0.0746826234377389,0.9982580640545149,0.0016504597104082242,0.04196780945754386,0.08144081378820232
needle,needle,5,10,2130,2.2315918107526667,0.994162769239262,0.18156944766874633,0.290394374573125,0.9497349212217198,0.0641337635209873,1.7232554370419841,0.3280695587582767
needle,needle,5,11,2130,1.5203547956726353,0.9968488545694341,0.18156944766874633,0.03777602220339915,0.9591399916165854,0.08698666161131405,0.7986710941682115,0.37194951978367435
needle,needle,5,12,2130,2.8987371141536733,0.9929407171415715,0.18156944766874633,0.13111871446290024,0.8923253579943057,0.10952479951374114,1.7757137417383186,0.19291379283725504
needle,needle,5,13,2130,1.8913874211493733,0.9966369563725448,0.18156944766874633,0.33071131695376277,0.9568550259715206,0.062167536342642424,1.10744657395759,0.3583494776428641
needle,needle,6,0,2130,4.550176004759598,0.8963240319436298,0.09104040151843963,0.016264710005257754,0.5278335218764835,0.7819103871351242,0.8268894525080914,0.15981044891802182
needle,needle,6,1,2130,2.9506096771890906,0.9889580551205823,0.09104040151843963,0.0146188138128025,0.8866248016851658,0.20212797208548597,0.2136555216809064,0.30696919991300653
needle,needle,6,2,2130,3.3155599828992264,0.9473919347371847,0.09104040151843963,0.010129913858211381,0.7383834802304149,0.5367462507558193,0.58124163924993,0.2746261237895164
needle,needle,6,3,2130,3.9448517937914738,0.9349092301010369,0.09104040151843963,0.005852697058918999,0.7006403210723168,0.5611065194718188,0.6180673269139186,0.22737669143344114
needle,needle,6,4,2130,1.8310184899645363,0.9953679989125856,0.09104040151843963,0.19295789055610602,0.9727281603392042,0.03755989243951546,0.04868480041766103,0.19932700021793373
needle,needle,6,5,2130,2.8987194952394666,0.9864291201044063,0.09104040151843963,0.07583086213821844,0.8978261880696526,0.1583091182710241,0.186508185936989,0.22468222432754448
needle,needle,6,6,2130,2.205342042116125,0.9951812993025221,0.09104040151843963,0.134538271558851,0.973775883742046,0.028885425696964256,0.11964750725580112,0.2836732960057094
needle,needle,6,7,2130,2.895811075911785,0.9883171824892901,0.12416910394776765,0.06765494202446298,0.9054869708742832,0.10548455724361214,0.7253537439068065,0.15508368648900897
needle,needle,6,8,2130,1.2889435403129976,0.9965896425092347,0.12416910394776765,0.036716264576676316,0.9711414898653484,0.07010478347432426,0.7181855806611201,0.22673460259304856
needle,needle,6,9,2130,0.706656133126324,0.9989975066109722,0.12416910394776765,0.3111104994643341,0.9970041476261259,0.0034808368326179743,1.1460234536625329,0.45229852914596974
needle,needle,6,10,2130,2.206154563958314,0.9967106427540253,0.12416910394776765,0.1329240308028874,0.9956338163959267,0.0045280255285266935,0.6474623779168382,0.2503090017757253
needle,needle,6,11,2130,1.9436251604609167,0.9960404517088915,0.12416910394776765,0.5998726345065633,0.9701171021333396,0.05015998711722333,0.566547360312506,0.208505962722404
needle,needle,6,12,2130,1.9318149776776883,0.997322379220565,0.12416910394776765,0.2530941244092162,0.9903751509163213,0.013593140968071665,0.4821773282784779,0.28027412942486885
needle,needle,6,13,2130,3.003247990793776,0.9914450976621901,0.12416910394776765,0.2780792581980469,0.8934980193042197,0.06912729262623798,0.47861749835862316,0.2429961934507059
needle,needle,7,0,2130,0.7472176733065659,0.9989487149721393,0.13552960429108782,1.168485512691463,0.9990220996645356,0.0031183863477412515,4.219016534510732,0.23548429994195857
needle,needle,7,1,2130,1.6119703620213772,0.9977313112631006,0.13552960429108782,0.5331424727485485,0.9915289001106842,0.015176856707694964,2.6072704111655107,0.27600562217752445
needle,needle,7,2,2130,2.0710118739837946,0.9960975957986411,0.13552960429108782,0.16864853521253664,0.9864401533736686,0.014605099953853635,1.7409256757918314,0.2195888119396795
needle,needle,7,3,2130,1.0694911549608221,0.9985449896461553,0.13552960429108782,0.017961002064260434,0.9963256469660009,0.009030488024830686,3.512089307928293,0.21439834983917638
needle,needle,7,4,2130,1.128546238482195,0.9976757262078955,0.13552960429108782,0.06404351173065592,0.9927908555898094,0.006658829953746486,1.1864127615739792,0.2361583791001365
needle,needle,7,5,2130,2.194302858577626,0.9967028967926139,0.13552960429108782,0.3704016697162533,0.996255175394172,0.0038393168905412967,1.3696895662885022,0.23874883021349072
needle,needle,7,6,2130,2.0360087347431763,0.9971597962985903,0.13552960429108782,0.28447935216737186,0.9959910627188037,0.004138180420925382,1.4056860479785873,0.4693135963714243
needle,needle,7,7,2130,0.8057070507091665,0.999083522844138,0.07924544281350547,0.05678347156311503,0.9994226009470125,0.0020406749106980614,0.8908864374387298,1.1960739880417255
needle,needle,7,8,2130,1.6329369511245124,0.9978834383435884,0.07924544281350547,0.12294518733200377,0.9946198634099247,0.006755697121423775,1.033108211849955,0.2796147630628195
needle,needle,7,9,2130,1.2518813134633908,0.9986137179988841,0.07924544281350547,0.6107436500715355,0.9976397798177951,0.006293077098651452,1.2746140946098348,0.8432973866129149
needle,needle,7,10,2130,1.582854210164304,0.9978421667415619,0.07924544281350547,0.20654921869329845,0.9930627464720263,0.006338716676201733,1.0972957750850898,0.2261012036492866
needle,needle,7,11,2130,1.130360673290594,0.9988708404173501,0.07924544281350547,0.08188406150464811,0.9997314219052882,0.0008633174721347539,1.1741422508292245,0.7248495795224886
needle,needle,7,12,2130,1.7941529413961956,0.9976610690782477,0.07924544281350547,0.18961434123507193,0.9970322311696319,0.00869069515803265,1.3485796519318212,0.7276197362438914
needle,needle,7,13,2130,2.4808191208679777,0.9928574540826322,0.07924544281350547,0.19423274978676153,0.946082397530719,0.05387379315665828,1.1664466737884527,0.2717436372485658
needle,needle,8,0,2130,2.932406311482201,0.9849671595557348,0.06445098615596037,0.026961509418519825,0.8722635156393295,0.16714234467047395,0.9729145395490555,0.20634734915818023
needle,needle,8,1,2130,2.390115993872471,0.9936417637648683,0.06445098615596037,0.032901617462052,0.9478823473844632,0.057161156705251556,0.2266358174039947,0.2571656392127867
needle,needle,8,2,2130,2.6555106246621007,0.9944837935200923,0.06445098615596037,0.43908736240456037,0.9591508256601462,0.04445699856653265,0.24667643653772797,0.1698740477024769
needle,needle,8,3,2130,0.004551216744502481,0.9995298703343107,0.06445098615596037,0.6667439753214239,0.9999999987275184,1.4788711789324254e-09,2.553312246296584e-05,0.13971544437560401
needle,needle,8,4,2130,2.17477058363627,0.9965909852118943,0.06445098615596037,0.02091870692744635,0.9902225434211389,0.011327182691592873,0.22295753072321609,0.15494165511435787
needle,needle,8,5,2130,1.9843617158232116,0.9972194460559081,0.06445098615596037,0.010662366222312869,0.9904989408705323,0.010702533703850364,0.11474318862252368,0.1897791927354944
needle,needle,8,6,2130,2.0939063741401265,0.9967157104731074,0.06445098615596037,0.17214439284961003,0.9852755034635331,0.016036000309951535,0.032112518194660974,0.14514611156829862
needle,needle,8,7,2130,0.8834920933200736,0.9989953698954781,0.13120636411539788,0.10958744576845625,0.9980892816318984,0.001917692834487424,0.14550836855691418,0.18598653282714106
needle,needle,8,8,2130,1.679674913412368,0.9972690882634733,0.13120636411539788,0.2853958458938566,0.9871435579215165,0.015747162795174394,2.5324410449387753,0.2034472468526683
needle,needle,8,9,2130,2.009718688908217,0.9965218143583754,0.13120636411539788,0.13939173526510729,0.9778518837914062,0.028297225443971945,1.4037332071579978,0.19649936812679786
needle,needle,8,10,2130,2.121595079550583,0.9937457688753121,0.13120636411539788,0.14320316995693494,0.9576920814279486,0.06862545458836931,2.4453758725002395,0.3346395915617845
needle,needle,8,11,2130,1.8094278596424376,0.9949878405732503,0.13120636411539788,0.13146980828459043,0.9739051910700611,0.03947947148251153,1.6640974157561788,0.18648298229086643
needle,needle,8,12,2130,1.7782846201294193,0.9968029920102657,0.13120636411539788,0.13140867895171837,0.98356559755743,0.022137461268964972,2.173922065099018,0.2901925637644656
needle,needle,8,13,2130,2.093623956489359,0.9932513953453713,0.13120636411539788,0.4599132028520465,0.9637621139371414,0.05197703732542856,1.8557095777543227,0.18055663150303522
needle,needle,9,0,2130,0.9627929564818192,0.9987164267072292,0.11875226536812251,0.20287069737322927,0.9924713165921762,0.01613089316986313,2.982182070325078,0.31217474040489895
needle,needle,9,1,2130,1.4283635442813458,0.9976522791460046,0.11875226536812251,0.06429666045840321,0.9849351496796401,0.012723586023020646,0.32240878795383776,0.20403152312906825
needle,needle,9,2,2130,2.7669098688280096,0.9937115099692911,0.11875226536812251,0.6350595791430806,0.929871155626219,0.065371085761135,0.4037527735010266,0.2779133237794991
needle,needle,9,3,2130,2.550532224963333,0.9939300057514036,0.11875226536812251,0.0662792900676954,0.9343154493002398,0.06079822483655991,0.7689528035997099,0.37994357395518397
needle,needle,9,4,2130,1.093070193811251,0.9984022485596711,0.11875226536812251,0.13817515172159744,0.9894958556997218,0.02420709335892696,2.783848200524407,0.29743224226387993
needle,needle,9,5,2130,2.46778758378075,0.9958502861217687,0.11875226536812251,0.32140350113032534,0.974612015811273,0.02059810483185451,0.28932399643269713,0.5019162965632361
needle,needle,9,6,2130,2.5256050970928556,0.9955303470974256,0.11875226536812251,0.01926195284266874,0.964377222629918,0.0326226935698342,0.28811232349065097,0.4399246751271836
needle,needle,9,7,2130,0.0005624642600676828,0.9995303772801231,0.038571114633565766,0.26282501850495876,0.9999992558472678,5.528694371217029e-06,10.636948414823731,0.13410847135628282
needle,needle,9,8,2130,0.1260840358089051,0.9994966718934788,0.038571114633565766,0.19343357621120383,0.9999777737437267,0.00016195119873740684,10.01350478169066,1.7325339948441976
needle,needle,9,9,2130,0.12457964434862055,0.9995014724411392,0.038571114633565766,0.29921742813152363,0.9999918544211198,5.751389165209241e-05,9.978816712919286,1.8877315154610486
needle,needle,9,10,2130,0.15562776745983534,0.9994753095300676,0.038571114633565766,0.2354027032522623,0.9998660140597474,0.0010882275132086225,9.960506035148835,2.3106529352302
needle,needle,9,11,2130,0.15843573243147602,0.9993251023820569,0.038571114633565766,0.1520779693075065,0.9971031603676155,0.021790154910971936,9.484932453398821,1.0677652454821698
needle,needle,9,12,2130,1.8587634816614305,0.9927788060865579,0.038571114633565766,0.06531846395850716,0.90497963281794,0.26059633473379556,3.445094796785623,1.4897679324342734
needle,needle,9,13,2130,1.0464471513251181,0.9985202634610394,0.038571114633565766,0.05748891649257448,0.9929397985933742,0.022779262271136632,3.921694317527702,1.7198073178104405
needle,needle,10,0,2130,2.4440757250445846,0.99475663413174,0.05224114464576809,0.021145768881224658,0.9205934336169898,0.06609746408358966,1.1781533293876998,0.18472662170545942
needle,needle,10,1,2130,2.6161458903581347,0.9919752851229682,0.05224114464576809,0.0003397049309610267,0.8473356809588951,0.1884792330751839,0.62920426054854,0.19112849098474388
needle,needle,10,2,2130,1.4425289735266085,0.9981412623941572,0.05224114464576809,0.250067827899521,0.9923762204168581,0.012991410227857604,1.2211436509058524,0.34963388852117444
needle,needle,10,3,2130,2.212370681346774,0.9962631345887359,0.05224114464576809,0.3295757381793112,0.973510645331815,0.030837723914956195,1.367437026556391,0.13946835646177264
needle,needle,10,4,2130,2.6717579070734776,0.9873025742829683,0.05224114464576809,0.025425084564993483,0.8696834535172986,0.1775982386051076,3.4426493668711413,0.16970991807001665
needle,needle,10,5,2130,2.671371667710269,0.9900676993884817,0.05224114464576809,0.5534956180021506,0.9363763614474163,0.08125160932336212,2.342476467856018,0.14302321013718167
needle,needle,10,6,2130,0.5695924358400184,0.9992806773426092,0.05224114464576809,0.008112993152347592,0.9991205005116733,0.001038813576604761,1.145973709315246,0.19561782970402125
needle,needle,10,7,2130,2.4143603770205067,0.9941456309167354,0.19516819598013985,0.20179607062831373,0.8757310975092567,0.13641753698418776,0.33550978086991823,0.2613431828734456
needle,needle,10,8,2130,2.614096296030974,0.995029536574793,0.19516819598013985,0.18273618751630316,0.9421766567750687,0.043395659272115236,0.8365959976741064,0.3538601610001948
needle,needle,10,9,2130,2.9286232093998024,0.9925020420907364,0.19516819598013985,0.25191993331054197,0.8724331767131877,0.14427130026257234,0.5098348591854388,0.2706284800193239
needle,needle,10,10,2130,3.007474388670196,0.9925027794467902,0.19516819598013985,0.017719912089456447,0.857810332598111,0.10703603814762995,0.55619122715089,0.18581855146297052
needle,needle,10,11,2130,2.573696762243546,0.9952496709587207,0.19516819598013985,0.0861173088963807,0.972170116058368,0.02574726824511536,0.07718330652176976,0.3880654718268642
needle,needle,10,12,2130,2.4241167460896533,0.9955325452311258,0.19516819598013985,0.009643997644542601,0.9534743292928387,0.03993743514873631,0.3668761677231303,0.6369876636964976
needle,needle,10,13,2130,2.932573608286116,0.990404114774768,0.19516819598013985,0.09077301244188796,0.8903738586813685,0.10678657290050933,0.626108913974341,0.22950766402471534
needle,needle,11,0,2130,2.298727497986171,0.9956545882041339,0.08512665424803278,0.3487346999176504,0.9679155139957349,0.035396766324938,0.7136764062444342,0.3632512143663766
needle,needle,11,1,2130,2.088727583088055,0.9894479525610389,0.08512665424803278,0.2537361206211477,0.8868409654777932,0.20754223796991192,1.0793606933644453,0.1476614301536847
needle,needle,11,2,2130,2.3024621242977075,0.9894221998876115,0.08512665424803278,0.015721636682883844,0.90499918298128,0.16145490319279243,1.046179563109353,0.2747385160152665
needle,needle,11,3,2130,3.105621951072603,0.9780780856115282,0.08512665424803278,0.0005931968323258374,0.7936921041252852,0.23828746697250017,1.4009991705641978,0.33730342932345725
needle,needle,11,4,2130,2.447311398942439,0.9954485048119297,0.08512665424803278,0.7382503202826696,0.9525298886450668,0.03088273831944632,0.6105495283926592,0.11537496426306797
needle,needle,11,5,2130,2.7254889591522753,0.9909051501268985,0.08512665424803278,0.5344248229526869,0.9145662184142159,0.09174504685930525,2.4564366210907282,0.3124427170269909
needle,needle,11,6,2130,2.7373693116089526,0.9843370620668108,0.08512665424803278,0.0042441522913438945,0.8559370007564785,0.2059937319838012,1.3713253906579685,0.48940901274987353
needle,needle,11,7,2130,0.000588271197533937,0.9995304536857567,0.03003503796298639,0.01677532461450859,0.9999997379979498,5.413227264259942e-06,0.0015906270766691442,0.16018189669383562
needle,needle,11,8,2130,0.5138651050467478,0.9981076559826755,0.03003503796298639,0.014883001958151176,0.9755129123985042,0.3888055946974857,0.9793091893540912,0.7690671837511036
needle,needle,11,9,2130,0.06248655274919261,0.9995103869996467,0.03003503796298639,0.003424650407879426,0.9998821057160614,0.0018026074382397317,0.04375555924638208,0.2263021474580477
needle,needle,11,10,2130,0.1507445685118206,0.9994177329190922,0.03003503796298639,0.07868237172867332,0.9987802452181651,0.021710724126953417,0.38052693102559926,0.245872393494107
needle,needle,11,11,2130,0.0022707352327372967,0.9995301760730296,0.03003503796298639,0.15409305721445676,0.9999988308140266,1.8824161369777077e-05,0.00612358989290619,0.16055223795885845
needle,needle,11,12,2130,0.14705648270595373,0.9994327365766809,0.03003503796298639,0.02321566103741013,0.9988604267147021,0.019593100951596915,0.25350794683571864,0.28727496890346405
needle,needle,11,13,2130,2.393722523061823e-05,0.9995305134008019,0.03003503796298639,0.30188112047284044,0.9999999796239926,3.717828554604665e-07,3.956499748833754e-05,0.16013371478842214
needle,needle,12,0,2130,0.40886506964945035,0.9993506911439088,0.06522868208468437,0.12269257244174536,0.9992110299764783,0.0010305602908685773,0.0985084014995173,0.10693264146486116
needle,needle,12,1,2130,2.1580357440229943,0.9967211057191783,0.06522868208468437,0.22118440316412746,0.9689512871848529,0.03471665530455478,0.816734535937658,0.23039947013377973
needle,needle,12,2,2130,2.9657376832156626,0.985987005367899,0.06522868208468437,0.5166501667566159,0.9072572665183475,0.111425411771909,0.14388010852257477,0.15771770856180745
needle,needle,12,3,2130,2.4625304181550014,0.9944962686462638,0.06522868208468437,0.08596364067060724,0.9048792231199034,0.13294163791353736,0.7801016619044499,0.2954966367656837
needle,needle,12,4,2130,3.368244051251844,0.968394598309094,0.06522868208468437,0.10618206242058426,0.7469153937635311,0.46121767368859673,0.5085463227828617,0.29828417557131887
needle,needle,12,5,2130,3.149799910405293,0.9904988028756065,0.06522868208468437,0.05430396725685416,0.8298804302213371,0.1840417870518143,0.7370582848920897,0.2216594779344536
needle,needle,12,6,2130,2.339465021061936,0.9960295683523789,0.06522868208468437,0.47763731921775765,0.9689077097936812,0.03549263344456569,0.5832807296110291,0.3578209985562407
needle,needle,12,7,2130,2.090580126117533,0.9963955767016087,0.14883214779161616,0.41915289221581453,0.9855407151659855,0.012604995671435547,1.1659840553654526,0.16399715210729274
needle,needle,12,8,2130,2.3590188201389553,0.9950165834972553,0.14883214779161616,0.31591604871772416,0.980679167138781,0.02622607183212162,0.6034074831978895,0.14789519432952244
needle,needle,12,9,2130,2.4551442502452767,0.9884220639802764,0.14883214779161616,0.6891132871531753,0.9500715348504664,0.044582689676887964,1.0942508699070517,0.1368135239392095
needle,needle,12,10,2130,2.3926288458656835,0.9926714543156666,0.14883214779161616,0.0023318270024552668,0.9528095326838076,0.05754291081086678,0.7980768134550608,0.24626735834060456
needle,needle,12,11,2130,2.356936104338253,0.9921957451769579,0.14883214779161616,0.2701709099681293,0.9237755450758656,0.08691214055372155,1.1602881382925094,0.2335511791684357
needle,needle,12,12,2130,2.095927005514959,0.996824580609549,0.14883214779161616,0.16615030432516265,0.9914018611855392,0.012136589637574873,0.21181515268176188,0.16364899158846327
needle,needle,12,13,2130,2.662735732239729,0.9869370307506689,0.14883214779161616,0.1400055752655791,0.9162691278044539,0.08089048788411404,0.696088119324573,0.126929532244653
needle,needle,13,0,2130,3.038312599466266,0.9901998676721367,0.09596617344597949,0.09772052071647419,0.8712250083906231,0.09469348470815456,1.0156348403033095,0.2985517586683918
needle,needle,13,1,2130,1.754039862351597,0.9975980733682451,0.09596617344597949,0.4875202420258033,0.9894644062556954,0.012902513811729811,0.5218103301423104,0.3679757061759599
needle,needle,13,2,2130,0.9166924195444677,0.9965445916940632,0.09596617344597949,0.10447979094629023,0.9659227644373066,0.06262284508838403,0.24388725902670172,0.1325224523929857
needle,needle,13,3,2130,0.8438250396325755,0.998128714069994,0.09596617344597949,0.050336623980533624,0.9854219242346278,0.015836131247964933,0.04167744258493719,0.15754440733523306
needle,needle,13,4,2130,2.2208390884808162,0.9967304671906836,0.09596617344597949,0.4375029290048116,0.9916944334670545,0.010345139704658965,0.30344143236835075,0.33053409492236724
needle,needle,13,5,2130,1.9218209935246258,0.9956438790182349,0.09596617344597949,0.08671616199370158,0.9473691834801115,0.07015223616606053,0.9863547384453301,0.3229823423214833
needle,needle,13,6,2130,3.313065879492503,0.9830731936748841,0.09596617344597949,0.20920263309239084,0.8106647031977223,0.20321005689709765,1.3414661279650333,0.19400217037562667
needle,needle,13,7,2130,1.8884403343392628,0.9929096130194174,0.08389295106346373,0.1798299711435165,0.9104648423107492,0.21138464377758734,0.8987813971588586,0.20393550768539448
needle,needle,13,8,2130,0.2453005376688382,0.9990969637829488,0.08389295106346373,0.11039008315005061,0.9899642999240678,0.03888899323008064,5.014182815616142,0.17961306997723786
needle,needle,13,9,2130,0.24545179705593312,0.9992834845655082,0.08389295106346373,0.09873614268827069,0.9959790588470699,0.014928317835545334,4.698054671891488,0.1760510552702701
needle,needle,13,10,2130,1.5768008184349682,0.9970904890831637,0.08389295106346373,0.21754145537482916,0.9823090226375046,0.03886940864037808,0.98096180856532,0.19596690581564702
needle,needle,13,11,2130,0.7881863304291638,0.9971603035755409,0.08389295106346373,0.02674359607584087,0.9751752648670841,0.08542792488743564,0.4026859453510611,0.16542035131149663
needle,needle,13,12,2130,0.10661725089258216,0.9994681646592323,0.08389295106346373,0.11066989526656101,0.9992465696674668,0.0026851289330346506,0.06034852332821519,0.17023642598508368
needle,needle,13,13,2130,3.352772768260342,0.9894083949255618,0.08389295106346373,0.09358243624336282,0.7722418255210441,0.1723396234233919,1.0584515240232135,0.31384892189410496
needle,needle,14,0,2130,3.155366021312122,0.9868579718517265,0.10247878460408501,0.14849187183454005,0.844239540957522,0.15184380412531903,1.6273140433074844,0.1407021794233319
needle,needle,14,1,2130,0.5366346886034299,0.9991807376562197,0.10247878460408501,0.009525544899985583,0.9964545374827553,0.0033081137666489575,1.0370396932371522,0.1077838932507906
needle,needle,14,2,2130,2.404044502842871,0.9944280911633422,0.10247878460408501,0.012381368316197516,0.9517109522660058,0.056953546717126644,0.962473765004773,0.16308643087453906
needle,needle,14,3,2130,1.6536316263988353,0.9909788458569698,0.10247878460408501,0.02625635890340927,0.9067040424423497,0.23331713766273698,3.8943867218387345,0.27729629283181456
needle,needle,14,4,2130,1.9590734204267126,0.9973951960195071,0.10247878460408501,0.07172527396225492,0.98699341068667,0.01563835444557704,1.5945257695156316,0.3314017058014743
needle,needle,14,5,2130,2.8198486603234922,0.9889546282116993,0.10247878460408501,0.30969416273849104,0.8804439311359055,0.12038475382147017,1.204382641978627,0.1426361549182734
needle,needle,14,6,2130,2.1374223811615582,0.9957971730667774,0.10247878460408501,0.043948561813366815,0.9505747760131721,0.07000144142512271,1.942552252699686,0.25491004895986236
needle,needle,14,7,2130,2.6442720842330685,0.9936088749707802,0.15815482393631716,0.0208937380165386,0.925594458612344,0.06438437472230171,0.977835543574985,0.29376475415696035
needle,needle,14,8,2130,3.2495019297285097,0.9825018657187983,0.15815482393631716,0.08443216624987437,0.7972485760368335,0.18636713119313766,1.0263853439290973,0.33581174845405043
needle,needle,14,9,2130,3.3312317955943405,0.989915057094824,0.15815482393631716,0.27170429179266176,0.8017300983406067,0.15742621667442236,0.6505394159789317,0.18257765027437475
needle,needle,14,10,2130,0.38706444173512455,0.9992564366196071,0.15815482393631716,0.16752071515439537,0.997422554333502,0.0027492856696672324,1.0019152194942613,0.1136693875214419
needle,needle,14,11,2130,2.5938405707099874,0.9947815826690011,0.15815482393631716,0.04274092554947462,0.9129849572623536,0.07878656668433502,0.32066928070878764,0.33731613112670306
needle,needle,14,12,2130,2.91708138927698,0.9914371414188378,0.15815482393631716,0.009224531755035237,0.8431195122023225,0.11450278337020137,0.639998842127245,0.17275611877505084
needle,needle,14,13,2130,3.7018365439668304,0.9715506275468413,0.15815482393631716,0.06413683191926989,0.7446309328167162,0.25399107017621403,0.9589876450575509,0.20554191702149574
needle,needle,15,0,2130,2.523560392967753,0.992488852004531,0.08491215424985617,0.008891981121991854,0.9681849734582918,0.033818686426860346,2.270925635998942,0.3374672827675677
needle,needle,15,1,2130,1.4329820313854829,0.9964928474432238,0.08491215424985617,0.38194101866312025,0.9793858001109675,0.030162057084599098,1.0926013221453017,0.2728844991591934
needle,needle,15,2,2130,1.1621326771341955,0.9987129688975592,0.08491215424985617,0.011695992360477803,0.99653946622446,0.0062065499897431455,2.6924768423688716,0.16533413552876589
needle,needle,15,3,2130,1.5256280687319899,0.9981042894120545,0.08491215424985617,0.4003080567621051,0.995209801924954,0.008348466091373068,2.34895176995617,0.4096485373411552
needle,needle,15,4,2130,1.854377022489134,0.9971328983572993,0.08491215424985617,0.03819555235502614,0.9807112006559064,0.024172153406088907,3.227170313202439,0.2625403287592744
needle,needle,15,5,2130,1.5640918761348135,0.9967861608885621,0.08491215424985617,0.5646889702189712,0.9838024185937144,0.03777209856856631,3.1630376935403826,0.3406864595966119
needle,needle,15,6,2130,4.513676192851312,0.9437388896485531,0.08491215424985617,0.04143998718765296,0.5521708064360623,0.4388943692622663,2.118909275710553,0.19028556605422342
needle,needle,15,7,2130,3.765753125070199,0.9491355837576321,0.14909302632845478,0.0466158965490977,0.7745465404500255,0.19649623997460725,0.6424866715275042,0.12586336553541996
needle,needle,15,8,2130,3.640722099501574,0.9591410994449807,0.14909302632845478,0.223131061454791,0.788212212179837,0.16017672775020175,1.5079474905256713,0.2911248956591243
needle,needle,15,9,2130,2.069826111982086,0.9941135302654257,0.14909302632845478,0.27429414578068734,0.952313954306306,0.035529995407595494,1.2032707313540065,0.11890119668182829
needle,needle,15,10,2130,3.225536099461669,0.9668791572820618,0.14909302632845478,0.11387883276071342,0.8090580935494484,0.18781400627477346,2.238603513398118,0.48474187664467056
needle,needle,15,11,2130,3.4621420343591716,0.9781116391266288,0.14909302632845478,0.21556586043885728,0.7812725467956307,0.1793367544450065,1.1500828644167131,0.35666556166294483
needle,needle,15,12,2130,3.3486367881559964,0.9687350095401368,0.14909302632845478,0.13608872938161198,0.7805075193967052,0.1612301627490344,1.5092913374078551,0.39406555241119345
needle,needle,15,13,2130,3.46910028717072,0.973800440474004,0.14909302632845478,0.09729755596511591,0.7923500340125649,0.18410571137409162,1.4430385489564042,0.18059727836060502
needle,needle,16,0,2130,1.770339983601394,0.9960860721240707,0.1477746222723147,0.03357536193860344,0.9660899845879165,0.03325448912544236,1.2921700247487156,0.7427643912645902
needle,needle,16,1,2130,0.047104986120889335,0.9995023278564258,0.1477746222723147,0.12697991166375555,0.9995166473925708,0.007065246378413316,31.00583475979878,0.36533524126253386
needle,needle,16,2,2130,0.5744854904255425,0.9990569127986991,0.1477746222723147,0.5775808768905595,0.9955467715173439,0.03748077064395348,16.254151106279156,2.3003845206775795
needle,needle,16,3,2130,0.9734883881795761,0.9983478579928599,0.1477746222723147,0.14064324582756882,0.9835676632979856,0.06884013746417224,7.128096202277573,1.0728765215258194
needle,needle,16,4,2130,0.19344695121725541,0.9993739208793391,0.1477746222723147,0.5476815278735776,0.9983126165142665,0.02291247631588076,32.82615299505344,0.24382390332213116
needle,needle,16,5,2130,0.9139501911428007,0.9986011274618034,0.1477746222723147,0.7394159956497255,0.992229090036035,0.05797889538024639,18.241285956998073,1.1588770190908395
needle,needle,16,6,2130,1.2791356109510175,0.9983859343997497,0.1477746222723147,0.04865020852122637,0.9887650676628682,0.018069256743749647,3.50754839756485,1.2462789997345678
needle,needle,16,7,2130,2.702920725534039,0.9922681499596199,0.41403478434444924,0.5587846554648026,0.9394449440578155,0.05923769556310468,2.723594572025368,1.07306311748903
needle,needle,16,8,2130,0.22551942326020408,0.9992836014097497,0.41403478434444924,0.34942944116305963,0.9973993540222821,0.017729497387937557,32.101877669865075,2.445881049775835
needle,needle,16,9,2130,0.13872164761331207,0.9992981163023226,0.41403478434444924,0.006226157395875731,0.9947806309655659,0.04814247514445121,28.187433349601868,1.5826699030700904
needle,needle,16,10,2130,1.1146778053207929,0.9976712586143653,0.41403478434444924,0.010310297002388058,0.9814606175597765,0.04422869616869011,8.430061490739437,2.3882360103403593
needle,needle,16,11,2130,2.12132790277184,0.9968136893210783,0.41403478434444924,0.02891690720541984,0.9882892917020166,0.014482059789621736,1.7427011099385743,0.9034731408280259
needle,needle,16,12,2130,0.9532169857537134,0.9984060727968288,0.41403478434444924,0.15605472955170896,0.9808908955604905,0.08070208095752052,9.542073671106191,5.036193116004829
needle,needle,16,13,2130,3.2704414585047776,0.9650446765631863,0.41403478434444924,0.06651422125606254,0.8037143684435936,0.22718182895755204,2.077648848295328,0.8849598730519599
needle,needle,17,0,2130,3.558184018827985,0.9714261161379785,0.0398007422676058,0.03304264058586348,0.7388750337974115,0.1267461850132491,0.5782063238711385,0.11680953868208686
needle,needle,17,1,2130,1.7684160911101494,0.9852655424173768,0.0398007422676058,0.05052508529291888,0.8805196964890886,0.07591772096892263,1.0321389675718127,0.12073151541527825
needle,needle,17,2,2130,2.4369750425893324,0.9911031766259487,0.0398007422676058,0.17173957968291997,0.9284414517788009,0.0344033178235619,0.9883490250753396,0.15859048256171188
needle,needle,17,3,2130,2.0295209094330984,0.9895541574726298,0.0398007422676058,0.07836709925792684,0.9413914968945247,0.03982366081214334,0.5179619795632433,0.13558721866105866
needle,needle,17,4,2130,0.6867401723887472,0.996235020788689,0.0398007422676058,0.021247444785279512,0.9720538791051077,0.019900965782064507,1.0075334401294453,0.14225506792701303
needle,needle,17,5,2130,0.3078854490704784,0.9951563568157212,0.0398007422676058,0.11991088498492974,0.9862881128692829,0.011153191796169191,1.1083420825947008,0.1536835204982875
needle,needle,17,6,2130,1.6693435616750234,0.9979538888441798,0.0398007422676058,0.08015025509405138,0.9925913273165218,0.004642748322853509,0.43423230964042064,0.1897584510732218
needle,needle,17,7,2130,1.3274561694257168,0.9889385051368557,0.23272073348861005,0.012852462436591772,0.9356932252689493,0.23707082917958272,8.89204791287666,0.3773507800695017
needle,needle,17,8,2130,3.018405741889384,0.9775542329700978,0.23272073348861005,0.30182926566849755,0.873724243464021,0.12974745921002723,0.9115429493256667,0.16992392985659815
needle,needle,17,9,2130,1.2068546610267965,0.9951967718993985,0.23272073348861005,0.16512803468449544,0.9671723199294249,0.13902037958502683,3.916323232458104,0.34937275684295915
needle,needle,17,10,2130,1.2546452226617628,0.9978650491476488,0.23272073348861005,0.14457355777457792,0.9891116367635993,0.02673816975433348,3.210195575416888,0.45843869354823213
needle,needle,17,11,2130,3.3933833433697735,0.9319552943461756,0.23272073348861005,0.019738464918794385,0.6699500797142796,0.5804781823601167,1.8206529334921664,0.19713095651820972
needle,needle,17,12,2130,2.49517967438368,0.9833723188545708,0.23272073348861005,0.06350990694908232,0.868578799212582,0.19252540494379686,1.795204801563029,0.40516810589452407
needle,needle,17,13,2130,0.5313339167900257,0.9987788358151538,0.23272073348861005,0.01664364821529407,0.9950437443247321,0.017350590396356304,4.847500289080965,0.28816656835022436
needle,needle,18,0,2130,2.9380202918806275,0.9711459481494469,0.04459972163016461,0.09119229750751234,0.7892787627166158,0.4648068175441692,2.7027796509591657,0.4379128712950681
needle,needle,18,1,2130,2.0684156848112085,0.9765911945466217,0.04459972163016461,0.165994628655719,0.860913573039693,0.6274693340546582,5.814909125196028,0.8562876564367142
needle,needle,18,2,2130,1.5755840753851058,0.9968669324892127,0.04459972163016461,0.07521739730345178,0.9819633908610258,0.04589518909268822,3.452183304210361,1.0269248619031865
needle,needle,18,3,2130,0.5381083428694553,0.9989700188079786,0.04459972163016461,0.02353834200749283,0.9946708778321289,0.04452377467988001,10.769715229634137,0.8070274257869443
needle,needle,18,4,2130,3.0596254567673173,0.9672041806395402,0.04459972163016461,0.05915148036142792,0.8099367778115631,0.24552684931285335,2.2502248198720114,0.374129888227095
needle,needle,18,5,2130,1.68208378671256,0.9688986438104549,0.04459972163016461,0.11757918367010323,0.8794343217702335,1.5280089114897597,15.96837173219195,1.950407683889641
needle,needle,18,6,2130,2.3689926840615487,0.9700607042935239,0.04459972163016461,0.050903756218539264,0.8592402798044343,0.348363926196598,3.466802125968255,0.46211092326528225
needle,needle,18,7,2130,1.7125269653072503,0.9950149407522392,0.24087514991478215,0.016324037226564503,0.9618670726610877,0.04416505075207555,1.0313527603132442,0.33095268658377025
needle,needle,18,8,2130,1.8416338297602315,0.9962967643024216,0.24087514991478215,0.22668811911624775,0.9697770701464262,0.032321744393978294,0.2208211603882413,0.35149322704189123
needle,needle,18,9,2130,2.537951962962686,0.9722331194223766,0.24087514991478215,0.1318200503037541,0.8585687490691163,0.15421883104770417,0.2541338119922651,0.19224683566719972
needle,needle,18,10,2130,3.112302368683812,0.9767791622899298,0.24087514991478215,0.005231215289332347,0.8056991366396136,0.21343065881073509,0.46763140941671366,0.2880573466441417
needle,needle,18,11,2130,2.710346902516809,0.9893733572859531,0.24087514991478215,0.13817320316486725,0.9338715247210344,0.053923797502131506,0.5203002359992736,0.3720683308318052
needle,needle,18,12,2130,1.8678498533848333,0.9921622889930374,0.24087514991478215,0.0017724459792018976,0.9471940856856458,0.07836350368030735,1.0140460606802866,0.4506952829169389
needle,needle,18,13,2130,4.241794524929894,0.9461447534585697,0.24087514991478215,0.1917982791145587,0.6272457544134364,0.34976346749979137,1.1500827975460617,0.1641348181454137
needle,needle,19,0,2130,0.9752865911862141,0.9984573180206459,0.21559112030684738,0.029742803032918985,0.9895630540368218,0.03440182515216456,4.088069459911833,1.6302031274638626
needle,needle,19,1,2130,1.6687529904094085,0.9980049760267028,0.21559112030684738,0.0008317299212334817,0.9944646362864192,0.006136955415324958,0.8278975647805399,0.4428578255933069
needle,needle,19,2,2130,2.8445487153260633,0.9749965542854357,0.21559112030684738,0.3341541044222818,0.878708528558668,0.10863630890991366,0.6673811671334454,0.1690082334691591
needle,needle,19,3,2130,0.3076846282534006,0.9993803146549577,0.21559112030684738,0.1347830695804415,0.9991521901045404,0.0024475972102419616,5.434198989000081,0.8663583967578462
needle,needle,19,4,2130,1.282573716670888,0.9971430088880819,0.21559112030684738,0.35590454133551575,0.982643510097007,0.05193221332424063,4.417443673969749,1.2594720566894066
needle,needle,19,5,2130,2.202668710170654,0.9793314629726034,0.21559112030684738,0.03871644726581369,0.8791575755027711,0.3029247391160482,3.421448492215992,1.0494741499145783
needle,needle,19,6,2130,3.467192034412327,0.9720570129430028,0.21559112030684738,0.11088069824695834,0.7465951156703672,0.22072363867660738,0.7860319965268232,0.324038242176051
needle,needle,19,7,2130,4.868640120307616,0.9144342666753339,0.11694589285628854,0.00823730850249671,0.5146108930880738,0.39919997428516435,2.4494470150737846,0.07047639407934733
needle,needle,19,8,2130,1.1403854707700227,0.9972610447509911,0.11694589285628854,0.11599638714820237,0.9775764634625478,0.026901239143543757,0.042602255847130455,0.3551867317474582
needle,needle,19,9,2130,2.349468665868629,0.9921186574668658,0.11694589285628854,0.01229198535635323,0.9291599072037194,0.07144980778857352,0.12086836324034309,0.1820881270111204
needle,needle,19,10,2130,2.1503844152171325,0.9937024648352265,0.11694589285628854,0.15974748872889233,0.934008484232638,0.08770742273641059,2.4069654677568977,0.1944966121555113
needle,needle,19,11,2130,1.7412784168671314,0.9967194832530716,0.11694589285628854,0.11920610258437714,0.9728131278834314,0.03627946598489015,0.05025277717160934,0.19164452338909183
needle,needle,19,12,2130,1.8911038962499909,0.9885027036688318,0.11694589285628854,0.1063811913849797,0.9318653234586961,0.09897029927391637,0.9535669198852234,0.20765516706630485
needle,needle,19,13,2130,1.826212397383625,0.99658793587057,0.11694589285628854,0.09682564875032007,0.9526920452671658,0.05417103254836977,0.10630886420276224,0.24849248215347003
needle,needle,20,0,2130,0.26033336496083037,0.9983986249345066,0.30481724861183,0.3756031397111741,0.9925428180500271,0.018242317598294686,4.330406292508026,0.2659187802598601
needle,needle,20,1,2130,3.3485047127531216,0.976291105508929,0.30481724861183,0.1677946704904114,0.7519240818413238,0.2602181656397897,1.6744212543698573,0.26803462470064515
needle,needle,20,2,2130,2.473048377088245,0.9913253984525748,0.30481724861183,0.0295234425797144,0.9467663932654765,0.04935675598904741,2.828062713868219,0.20020072919832907
needle,needle,20,3,2130,1.6794055309549303,0.9966085251491348,0.30481724861183,0.004090326168033176,0.9743487435819527,0.023681191429888997,0.25506443191756195,0.36683065588407837
needle,needle,20,4,2130,2.0051224125196567,0.9936716493823076,0.30481724861183,0.1969050382849078,0.9572581340550522,0.040931436765639255,0.9534103230136574,0.42953869298342484
needle,needle,20,5,2130,2.483833641439988,0.9793967052170798,0.30481724861183,0.04046196802626589,0.8461064548898076,0.24984721841389515,2.273319954952409,0.2516705379126652
needle,needle,20,6,2130,4.474836532429553,0.9385083571414833,0.30481724861183,0.15737858708065922,0.5905269992975317,0.5529440400469474,1.9169294721132715,0.1156170865031004
needle,needle,20,7,2130,2.189790575802363,0.990987002809664,0.1288824975501444,0.16164369141934287,0.9513059720192241,0.023586668423593256,1.139517334262977,0.15072836926583885
needle,needle,20,8,2130,1.894206000539982,0.9895867795985199,0.1288824975501444,0.01628980085085896,0.8937050887605895,0.054521532082761344,1.0052249020910464,0.16177250300720034
needle,needle,20,9,2130,2.57184291749115,0.9639533347022766,0.1288824975501444,0.021740315914623665,0.765654946684985,0.12669798520462358,1.6641002216827023,0.1125047844608144
needle,needle,20,10,2130,1.452896298011734,0.992734029078783,0.1288824975501444,0.15184099950619112,0.9350451399573835,0.034397357761665984,1.0146634041199931,0.1290170685363588
needle,needle,20,11,2130,3.028369574356336,0.9628929735382905,0.1288824975501444,0.0298312980166493,0.7233169452841336,0.16615423477726723,1.606970402231134,0.1102864524317438
needle,needle,20,12,2130,3.337008786675439,0.9728654520339746,0.1288824975501444,0.09436604335007015,0.7037017990573938,0.13810587036235153,1.1736222950340751,0.1484287781995585
needle,needle,20,13,2130,2.00683264480429,0.9943382846204083,0.1288824975501444,0.016574488069464266,0.9685884869975584,0.017651586017988656,1.06920558436403,0.295947438590396
needle,needle,21,0,2130,1.2598784830686964,0.9859892541883581,0.11836857215589919,0.0078279549028486,0.9156679268534917,0.035847801600503645,0.08975808838395954,0.10623299010590197
needle,needle,21,1,2130,1.4651080030126764,0.9864848653677634,0.11836857215589919,0.003460442171989264,0.8935060683834706,0.04699994239860456,0.09038807461097503,0.08576644661393583
needle,needle,21,2,2130,1.803378398307845,0.9871435911664787,0.11836857215589919,0.02369434668488246,0.8938463151386894,0.050549053698133145,0.20086840787852422,0.0874702691207933
needle,needle,21,3,2130,2.549323424287788,0.9796290743995909,0.11836857215589919,0.16004806948014894,0.7823361451192793,0.11264921220615359,1.605630239864117,0.11733929701786827
needle,needle,21,4,2130,1.4809233757625146,0.9911607990675295,0.11836857215589919,0.010590951679188887,0.9115546745751767,0.03594136789529772,0.6656697918868123,0.10967710664999836
needle,needle,21,5,2130,1.6117074931278967,0.9923829633775095,0.11836857215589919,0.03812051261993288,0.9220073964659016,0.03431239229386467,0.9683853105039596,0.14651265998365215
needle,needle,21,6,2130,2.246421214778139,0.9886186844314795,0.11836857215589919,0.030441937788451057,0.8813361293173432,0.03379100366562526,0.15780516743900472,0.15365161561303725
needle,needle,21,7,2130,0.83067082871908,0.9985453875013611,0.2694334256208496,0.14697903778798604,0.9939432463024743,0.02549493651769462,9.16687836768575,1.3981713386473875
needle,needle,21,8,2130,1.7791480917219857,0.9810611385123461,0.2694334256208496,0.008760622463681589,0.8632563668550831,0.8890049042130846,13.647673278948874,0.5347068024974959
needle,needle,21,9,2130,0.518303861086173,0.9991292831343649,0.2694334256208496,0.07856190861427192,0.9965005383568897,0.0037516803101686207,1.2918135219345004,0.14343034678721214
needle,needle,21,10,2130,1.210195699684729,0.9899871295094093,0.2694334256208496,0.09540859156151038,0.9255355279419101,0.47506369246334645,19.073162070896807,0.40968139245808227
needle,needle,21,11,2130,1.5672992302190425,0.9889617090894934,0.2694334256208496,0.0938885447214286,0.8885531701649587,0.5607254463367104,11.732474182310991,0.5335534622537011
needle,needle,21,12,2130,2.072684010742399,0.9828449314979539,0.2694334256208496,0.12117490146975252,0.8482243224409901,0.9116527391793704,9.644050902574943,0.8256592751938513
needle,needle,21,13,2130,1.4792154676195848,0.9880896715872299,0.2694334256208496,0.025289279304951506,0.8965112335870148,0.6108979218127613,11.627385271978197,1.0253464002151211
needle,needle,22,0,2130,5.101826809173385,0.906404430378809,0.41770675563314386,0.08370420556437885,0.4634100372539382,0.857219337729346,0.9833268949574846,0.21651416939294402
needle,needle,22,1,2130,4.6421548919919005,0.9425698748919046,0.41770675563314386,0.11177865541163357,0.5156519000265578,0.9088408585072184,0.8989564996667319,0.1393413653131346
needle,needle,22,2,2130,4.387098459733114,0.9438763550130225,0.41770675563314386,0.13210721078065646,0.6088719993570663,0.5343784543999427,1.0391875142445184,0.36625667046301535
needle,needle,22,3,2130,4.7159154575654245,0.9306618533374471,0.41770675563314386,0.10127159984662093,0.5298287700301404,0.8048502874583845,0.8855601291125036,0.17771300750727906
needle,needle,22,4,2130,4.884434828554638,0.9212869610342989,0.41770675563314386,0.26105593157335605,0.5098113886195831,0.8248716709642424,1.3511025528748064,0.25578078428015905
needle,needle,22,5,2130,4.400024005604481,0.9478911900374257,0.41770675563314386,0.31927819513244593,0.6089411508574025,0.5962774761809091,0.8492821535718562,0.2898241695037775
needle,needle,22,6,2130,4.714863243478618,0.9307123574705962,0.41770675563314386,0.1728752560481901,0.5491783362876478,0.631939554973437,0.9895579103266923,0.17040669885514736
needle,needle,22,7,2130,3.95176919372033,0.9648986967341832,0.41881166140931086,0.0945266591834395,0.6657575799437995,0.48429931342392707,1.0091946781709185,0.24971999134606576
needle,needle,22,8,2130,4.162257334850441,0.9580537888647847,0.41881166140931086,0.08264641349432367,0.6478904597977011,0.605881552606467,1.000379400970005,0.1766455568912661
needle,needle,22,9,2130,3.7324380995433217,0.9673302197748924,0.41881166140931086,0.10702946045596828,0.7231597846400087,0.42767577202896156,0.7120407091399097,0.3845860878169148
needle,needle,22,10,2130,3.8258993961798167,0.9691838694918417,0.41881166140931086,0.10101019234950748,0.7175507067605564,0.4508652834648275,0.6686272381964982,0.23910861916720072
needle,needle,22,11,2130,4.5998594595907125,0.9350552360563379,0.41881166140931086,0.006615188542344441,0.5533125470293059,0.9238747143800403,1.081531061542035,0.15980331341511853
needle,needle,22,12,2130,2.9331917089102992,0.9813078369046162,0.41881166140931086,0.06358861845848907,0.8155177961637362,0.30127460054307714,0.5130594598300086,0.2580431007632648
needle,needle,22,13,2130,4.401708872694847,0.9459913204620117,0.41881166140931086,0.0023056257269891134,0.5908454356278628,0.5764774598921509,1.0507788593932132,0.2899741651119307
needle,needle,23,0,2130,4.729245321049805,0.9291098284842673,0.20770301296732988,0.0057693531459251934,0.5302460160719905,0.4694580867166833,1.8925352464685046,0.14596431733763185
needle,needle,23,1,2130,0.043096144946941035,0.9995131223892096,0.20770301296732988,0.11657641582981704,0.9999275392177776,7.138641458123543e-05,0.0038283810731739028,0.17022830065627156
needle,needle,23,2,2130,5.2498962394866595,0.8918531046788533,0.20770301296732988,0.03375938138525747,0.42934979098417575,0.5070457885146824,1.4692315949875099,0.08860986367321223
needle,needle,23,3,2130,4.7108717896336545,0.9324884427223541,0.20770301296732988,0.17344439258615374,0.5244800318129038,0.4162175766716254,0.8659346674361642,0.10238665004616056
needle,needle,23,4,2130,2.125768519623054,0.9881337499962406,0.20770301296732988,0.3848275760239086,0.8947847625868789,0.10128755682685017,0.25423998914995377,0.14124095611720708
needle,needle,23,5,2130,2.9072944778291427,0.9876655738788976,0.20770301296732988,0.19263536740537734,0.8573563954441014,0.09945614506100549,0.3612237397186236,0.2378022320287506
needle,needle,23,6,2130,1.3528850314378527,0.9958426709517938,0.20770301296732988,0.010830862502552385,0.9630325101666818,0.0316226661495944,0.06631837583813772,0.15234373444447494
needle,needle,23,7,2130,4.800618731302334,0.9266849937246473,0.394985381270544,0.15008728282403672,0.5240710244111486,0.7998678061824435,1.7068885545502375,0.14909207385121936
needle,needle,23,8,2130,3.9803342465244556,0.9463260354632256,0.394985381270544,0.09459498129199506,0.6864074177255859,0.4496901195082231,2.8586747903931964,0.2264440861751446
needle,needle,23,9,2130,4.374926855454161,0.9468580328447285,0.394985381270544,0.013203209001542149,0.6217551692902682,0.6579177571664975,6.245015767888942,0.21373839151559676
needle,needle,23,10,2130,4.308965074646839,0.9395899580674065,0.394985381270544,0.19515612746811684,0.6520563070666833,0.4578828287146239,3.7685226955737274,0.16431239590093108
needle,needle,23,11,2130,4.7233085138381625,0.920740228384092,0.394985381270544,0.03259590417952296,0.5469095341144641,0.8083297234128716,1.8252920535077342,0.21987590456646405
needle,needle,23,12,2130,4.16901581991902,0.9603273033478186,0.394985381270544,0.06529783899838648,0.6322467343839178,0.5656366757182089,4.571907686150408,0.1853951509484898
needle,needle,23,13,2130,4.691420879593688,0.9368716824143395,0.394985381270544,0.029554660737760585,0.5276492924053704,0.5988257152656542,2.431514188945234,0.29463721838053897
needle_late,needle,0,0,3226,1.749554106014904,0.9981264296143041,0.06022486372473977,0.047939719807416736,0.9698146742502629,0.030741912374022674,1.1943485640603726,0.23878071530330172
needle_late,needle,0,1,3226,0.006042307172791552,0.9996887414605546,0.06022486372473977,0.16432481637957608,0.9999948480601123,5.190127108468342e-06,1.0671917315020099,1.1652107174472783
needle_late,needle,0,2,3226,3.320937654623143,0.9776853330358402,0.06022486372473977,0.0007096678356504071,0.7058828468537547,0.3299909956976177,1.108168779591929,0.7262292911718833
needle_late,needle,0,3,3226,7.107906745126862,0.6908544700210576,0.06022486372473977,0.008463505757276835,0.09991538778619183,0.2960853446943344,0.29791100111867036,0.07922849633657592
needle_late,needle,0,4,3226,2.7075412495317868,0.9965259811392057,0.06022486372473977,0.42704179429082956,0.9563975042114248,0.03220183118178154,0.552220277456664,0.18685806749601022
needle_late,needle,0,5,3226,0.9268185967745967,0.9993800977588736,0.06022486372473977,0.24321517807746318,0.9999836645078599,1.3991927193401835e-05,0.5285019918807878,0.2102158505153178
needle_late,needle,0,6,3226,2.948708258094474,0.9909099919392572,0.06022486372473977,0.018908886296856053,0.8549583091903759,0.1054888157620867,0.7362422523953349,0.33460594712813463
needle_late,needle,0,7,3226,0.490544723238496,0.9995822221885463,0.20841371131516068,0.3385885848492194,0.999998992219769,1.6740526987103258e-06,2.7768893719348897,0.21002708583530963
needle_late,needle,0,8,3226,5.156290397825954,0.9558134643762535,0.20841371131516068,0.005242033323611395,0.2868439022017769,0.29880005392242176,2.7095107737622404,1.8271371968469308
needle_late,needle,0,9,3226,3.0836475992260954,0.993341937557111,0.20841371131516068,0.23018049424255338,0.8390310493468209,0.18905875039739656,1.8456535056956223,0.8771383812819626
needle_late,needle,0,10,3226,6.523963898193281,0.7107796176339576,0.20841371131516068,0.03463348019164414,0.21922625995582684,1.2265236382574607,1.0359881637503925,1.0148387452219934
needle_late,needle,0,11,3226,1.6783042386078335,0.9964359580117679,0.20841371131516068,0.022859599949327958,0.9408192842844235,0.06491600317032277,1.9983048418638079,0.40563171348978805
needle_late,needle,0,12,3226,5.885317352232917,0.8990455121680282,0.20841371131516068,0.027379931556367865,0.24840732481657993,0.5690454116476459,0.7402627929652101,0.2827878519876352
needle_late,needle,0,13,3226,0.7113774334108401,0.9992915147127139,0.20841371131516068,0.002406411223461191,0.9924485947615951,0.007580312628591875,1.3294497601852415,0.20935308634448538
needle_late,needle,1,0,3226,3.1307733668654594,0.9853080166764795,0.32014083501431084,0.005618895593039852,0.8091090358258064,0.3405890588040579,0.927856565607279,0.15526512223580752
needle_late,needle,1,1,3226,4.43704711397806,0.956296947490728,0.32014083501431084,0.05750199340323214,0.5576378835984339,0.8795105612319449,1.1558649434391286,0.17017752050516496
needle_late,needle,1,2,3226,3.1521747155305344,0.9854884180299796,0.32014083501431084,0.11203452586643792,0.8222350698157772,0.26630790206258487,1.3734422017269532,0.21535847436093714
needle_late,needle,1,3,3226,4.7582622813554565,0.9095169289209789,0.32014083501431084,0.08144299532342236,0.5815385638257111,0.8631443664575308,3.0681881171798624,0.4130964707612319
needle_late,needle,1,4,3226,2.440735499529729,0.9855800659367099,0.32014083501431084,0.007931736464777295,0.886588506106746,0.1292994710650983,0.5410280645841585,0.35074645117829156
needle_late,needle,1,5,3226,5.43632590927025,0.8689537426776105,0.32014083501431084,0.025963863365871198,0.42213329720213394,1.1820975473735322,2.7573631000881917,0.31812686350340513
needle_late,needle,1,6,3226,3.8153421667280103,0.9454971362894546,0.32014083501431084,0.00906074901033982,0.7219723142539627,0.5234397895598853,0.6894206449715734,0.1623209597307547
needle_late,needle,1,7,3226,4.403286419969573,0.8877352940081928,0.0334002692586274,0.0329243475515284,0.6397372226257853,0.19096404517717422,0.38653728705576523,0.4162954320439534
needle_late,needle,1,8,3226,1.2955024380302964,0.9990341574982575,0.0334002692586274,0.1441321824689652,0.9970666271290267,0.0021057432679873634,0.05340421191386409,0.18094550345929
needle_late,needle,1,9,3226,1.0138808307808933,0.9989918578607073,0.0334002692586274,0.07538949710600207,0.9908625158686306,0.004626334248642584,0.16684831671793543,0.18647856370211752
needle_late,needle,1,10,3226,2.808917987416855,0.9938297770671146,0.0334002692586274,0.02522875592683249,0.8851612974354084,0.05861587076562818,0.6496344713475597,0.17067257093818605
needle_late,needle,1,11,3226,2.817077305381005,0.9923780934834279,0.0334002692586274,0.030966981145496675,0.9035772455574691,0.04955564024104869,0.7393205397058084,0.3819053142445172
needle_late,needle,1,12,3226,4.9144098752168475,0.8977520721718539,0.0334002692586274,0.14278916935623442,0.5421678917000148,0.21759399520571424,0.6118126496834041,0.8726630746762052
needle_late,needle,1,13,3226,5.165512327009766,0.9187732699014939,0.0334002692586274,0.022950383694592347,0.44014273902966455,0.24480734142522834,0.3961774865395124,0.9049771113109829
needle_late,needle,2,0,3226,2.675310122609609,0.9821464624137543,0.12373225443557,0.039207566091109314,0.8711278208692843,0.19712390948832254,0.21550547766159636,0.2306234502210796
needle_late,needle,2,1,3226,3.5987975909792316,0.9733716511625662,0.12373225443557,0.02833117214160552,0.7703328859289531,0.4062615755736742,0.5630645185572238,0.19301205753598805
needle_late,needle,2,2,3226,2.025882495547984,0.9950230784867204,0.12373225443557,0.06232674648872205,0.9287625720907386,0.07355746397157632,0.159845179862261,0.23199374147937138
needle_late,needle,2,3,3226,1.0522877597267228,0.9990085430990071,0.12373225443557,0.0495172386742766,0.9938471663853494,0.005860835869548124,0.011967217138784762,0.2125235397285104
needle_late,needle,2,4,3226,1.856716323488992,0.9965381227734263,0.12373225443557,0.2180819703358523,0.9624056725395658,0.04529521697047889,0.08121112814284363,0.16668100328337335
needle_late,needle,2,5,3226,5.902457965311594,0.7953772437384036,0.12373225443557,0.01946391295745542,0.37775639644055387,1.543277727396939,1.6668755172112968,0.39209127154838797
needle_late,needle,2,6,3226,1.3011416913489895,0.998616805733263,0.12373225443557,0.242147967115816,0.9844745480240654,0.018686206457364633,0.0435039905285713,0.18459994485698314
needle_late,needle,2,7,3226,4.0559035060297886,0.9631043142949566,0.18604292062304334,0.0899805687319386,0.6648654447589492,0.4527175932119085,0.847272673191627,0.250006481866026
needle_late,needle,2,8,3226,2.1845531208099978,0.9949411520360312,0.18604292062304334,0.08055583246297715,0.9527374214297628,0.05624008831602943,3.7473549690876418,0.26871362624468326
needle_late,needle,2,9,3226,3.2663851161582302,0.9801535546574618,0.18604292062304334,0.006246483935150593,0.7925552090110528,0.29157991911962916,5.159152477607904,0.643239026954825
needle_late,needle,2,10,3226,2.716437501636689,0.986949969122956,0.18604292062304334,0.0034887364836926338,0.8873177273012527,0.14774140745304085,1.1102857920093003,0.2342496135708795
needle_late,needle,2,11,3226,4.565795486544383,0.9572100842105176,0.18604292062304334,0.05023137769636321,0.5624854714430371,0.7187583181752393,1.3133103606680299,0.3854294220345746
needle_late,needle,2,12,3226,2.9065812280690917,0.9882864005144608,0.18604292062304334,0.11374574045208874,0.854211276912707,0.19439863781795516,4.440908652314829,0.21291071869766917
needle_late,needle,2,13,3226,3.623591164418205,0.9532837358646196,0.18604292062304334,0.16589231762446843,0.7259228433349012,0.39091881747172447,1.027739818224185,0.19585947323707134
needle_late,needle,3,0,3226,0.8487708978503207,0.9987812647087051,0.047454738844387896,0.037900778578901395,0.9884710418382259,0.03495103580669501,1.2352584049679667,0.6864157680405633
needle_late,needle,3,1,3226,2.170715140292492,0.9968128201488368,0.047454738844387896,0.19312766052366692,0.9740479390056062,0.02159207801106551,1.4311858551301169,0.1784935529288128
needle_late,needle,3,2,3226,2.724494829835466,0.9951015426817527,0.047454738844387896,0.0945387803633686,0.9258106036900882,0.06696913796010913,1.2205068306253328,0.15552112135470053
needle_late,needle,3,3,3226,2.3020731059303463,0.9888233559753705,0.047454738844387896,0.06141108305746501,0.9104305533175595,0.16802001925286555,2.8286639556607827,0.4312905501144039
needle_late,needle,3,4,3226,1.0778308562409549,0.9992346087396297,0.047454738844387896,0.005377252391060239,0.9971398718486418,0.006071899171729124,3.5485878828590356,0.5309032665294353
needle_late,needle,3,5,3226,0.8758987745860831,0.9991785589510157,0.047454738844387896,0.09902614496417428,0.9975117264893475,0.008979971414566669,0.5832080818491171,0.9727271980043943
needle_late,needle,3,6,3226,2.848830858195423,0.9948383206481841,0.047454738844387896,0.07421577286055214,0.8991164452167063,0.11015727903466987,1.164793051940462,0.2329314736478614
needle_late,needle,3,7,3226,2.8614590640606345,0.9876921040615375,0.19374718458337725,0.010239684626775158,0.8142694452225031,0.25184069718216057,1.9296594903221038,0.6521375192337621
needle_late,needle,3,8,3226,1.495830053954296,0.9964978276217538,0.19374718458337725,0.3942311228319326,0.9606692922625162,0.043637299627562846,0.2790083731166693,0.5668685199705306
needle_late,needle,3,9,3226,3.0381255579663007,0.9794776686328037,0.19374718458337725,0.5517334699927123,0.8703218594805235,0.1418205495595492,0.9931632934339236,0.29117839748029667
needle_late,needle,3,10,3226,1.3946657815010441,0.996440137702818,0.19374718458337725,0.018189748720331522,0.9517138642827607,0.04933125073100553,0.141205338258526,0.29272034802600544
needle_late,needle,3,11,3226,2.617577005704516,0.9737348324592138,0.19374718458337725,0.008708781763559159,0.7686025812454063,0.2001721927792624,3.3907422155081974,0.5268126380192547
needle_late,needle,3,12,3226,1.9039176236811706,0.9967195121209281,0.19374718458337725,0.0025834131793054382,0.9666974843755776,0.0356865202722769,0.7967327458673511,0.718066505684545
needle_late,needle,3,13,3226,2.927162493442764,0.9567566538540027,0.19374718458337725,0.026997497133235626,0.7568838966274389,0.2690343736934012,5.110191436307283,0.7453802110654026
needle_late,needle,4,0,3226,2.1197495323494784,0.9975289888328248,0.11469591703872274,0.6169366254634951,0.9934374191579263,0.009175546712306247,0.7050915833403323,0.27314550634020274
needle_late,needle,4,1,3226,2.3275003313002696,0.9973408797881442,0.11469591703872274,0.006753550670492547,0.9872132640647652,0.025824355436625864,0.4958240498753544,0.38243133694365067
needle_late,needle,4,2,3226,1.9390412851128078,0.9921929102566627,0.11469591703872274,0.06725425038839283,0.9680263663824641,0.04795435045732629,0.5272784728919533,0.2276626818088864
needle_late,needle,4,3,3226,2.7391550077278284,0.9917674512930543,0.11469591703872274,0.0942909410769528,0.9289688377476603,0.11443129576613613,2.6243499517586093,0.40761682223823237
needle_late,needle,4,4,3226,2.0890009213200735,0.9979653800617686,0.11469591703872274,0.024192460070660893,0.9901790257509696,0.02287102937392306,0.7640213500629017,0.5232310118885731
needle_late,needle,4,5,3226,1.8124287253413052,0.9961401670378344,0.11469591703872274,0.001983911366371771,0.9795462623714797,0.04125939603396754,2.500302134522262,0.28646772862384634
needle_late,needle,4,6,3226,1.7313187655880777,0.9980677575478842,0.11469591703872274,0.009105610080786697,0.9872011737493255,0.01661634631129838,0.9809223574315307,0.18550255170733057
needle_late,needle,4,7,3226,2.8560225753328483,0.9921406212910859,0.1198523578667623,0.009642028464423635,0.8740980599470173,0.18642332042015206,0.557499479296764,0.2018591436272854
needle_late,needle,4,8,3226,2.6457024696295433,0.9899199641569876,0.1198523578667623,0.10217022677941401,0.8920507143720176,0.13269462429268564,0.1624478587089667,0.4850945795163819
needle_late,needle,4,9,3226,3.232304532506669,0.9934232213371057,0.1198523578667623,0.1514531104742114,0.8244134791482641,0.16707618894155618,0.4979892729379684,0.19310297765490048
needle_late,needle,4,10,3226,2.584132980777759,0.9965297462993707,0.1198523578667623,0.1552574340873658,0.9532744501803588,0.10606829905319437,0.6559663923171818,0.4134734030287918
needle_late,needle,4,11,3226,2.6558763716611704,0.9965538469263657,0.1198523578667623,0.17379677487856604,0.981142233356251,0.03343895415926338,0.31551278663568033,0.5247370043463733
needle_late,needle,4,12,3226,1.0395781379288116,0.9989209491750234,0.1198523578667623,0.039072398273365394,0.9919484925918399,0.01217794044376232,1.7982500487838369,0.1581880251047896
needle_late,needle,4,13,3226,3.085216560140125,0.9901945513900321,0.1198523578667623,0.44059191113272567,0.8771855527539508,0.13003108293144888,0.3688443817238959,0.25271391499106377
needle_late,needle,5,0,3226,0.5334565571257927,0.9994837449109873,0.14127703900582825,0.3273486773366203,0.9971037191578529,0.008287023033913257,0.5500742817952028,0.20513661667196864
needle_late,needle,5,1,3226,2.139855879805483,0.9978222043425341,0.14127703900582825,0.13723510896401336,0.9715994827850493,0.03875820028027838,1.3141262116590033,0.21210458748465627
needle_late,needle,5,2,3226,0.8346622918615947,0.999122626300505,0.14127703900582825,0.428450862988349,0.9899778367978983,0.0245421321688594,0.7370381573803856,0.2304432975109845
needle_late,needle,5,3,3226,1.5954522905083475,0.9987387120091473,0.14127703900582825,0.08473184748963547,0.9928195944758118,0.010281587477157194,0.019689218042313238,0.2785069655870241
needle_late,needle,5,4,3226,2.4774923233038684,0.9970702482334867,0.14127703900582825,0.078971634449855,0.9724021243994398,0.044992499256007956,1.0357779083029974,0.2297452161331735
needle_late,needle,5,5,3226,1.9920231570223994,0.9982652530775806,0.14127703900582825,0.035315722557140994,0.9935833221661452,0.009102303202905702,0.40603200101944376,0.22741597802618024
needle_late,needle,5,6,3226,2.315249534294043,0.9954241361828081,0.14127703900582825,0.07588854066445894,0.9543625841743718,0.05945786220017649,0.713271541124565,0.2314751355060741
needle_late,needle,5,7,3226,2.68393407360571,0.9965284771499416,0.17191482908258934,0.0697736971510885,0.9260433589165012,0.05771147642802254,1.301621871391544,0.21824007467329853
needle_late,needle,5,8,3226,2.845787796567733,0.9956677506401445,0.17191482908258934,0.07299518245187953,0.8886628983512957,0.06800089925676302,1.597024623846466,0.2496044767638013
needle_late,needle,5,9,3226,0.6371146451984924,0.9994503167648385,0.17191482908258934,0.045003866335841636,0.9975292563074024,0.002168965008225259,1.1122541130423766,0.1160983124685382
needle_late,needle,5,10,3226,2.2142169726594934,0.9958523925266715,0.17191482908258934,0.16227519422075254,0.9426080433314261,0.07585257473243454,1.8265060139936773,0.34997103771006727
needle_late,needle,5,11,3226,1.8458411364872815,0.9973059535547801,0.17191482908258934,0.03527462828665673,0.9297062494355453,0.11879373129953463,0.9832339054484027,0.3816600924820673
needle_late,needle,5,12,3226,2.863767200379566,0.9954172492175561,0.17191482908258934,0.1391312616415572,0.8946719172943823,0.11003694429790484,1.4716267492072597,0.17217107703300213
needle_late,needle,5,13,3226,1.9326722799337688,0.9975668272214433,0.17191482908258934,0.05896648028359763,0.9489314275477966,0.07803659713300458,1.8663385161957633,0.2879487300703624
needle_late,needle,6,0,3226,4.757574322342329,0.9097589080344031,0.08648242182538146,0.07488055446687714,0.5272650379017834,0.8130752699926268,1.4883759745333291,0.3021516170639833
needle_late,needle,6,1,3226,2.915773264811144,0.9914764976457244,0.08648242182538146,0.014479996490674552,0.8943177417051927,0.17881014437816553,0.7961385156631748,0.1996310578679768
needle_late,needle,6,2,3226,3.2715019169696324,0.9456384550474247,0.08648242182538146,0.029021706754845056,0.769473389985307,0.48514661674336945,0.9856360701025465,0.3377755106523903
needle_late,needle,6,3,3226,3.9810500498714125,0.948332272812069,0.08648242182538146,0.07729355635682289,0.7071714621731322,0.5983581631013695,1.2389495306771332,0.35645328995990233
needle_late,needle,6,4,3226,1.8202740134564792,0.9964087213181678,0.08648242182538146,0.06844954124094116,0.9741406153208254,0.03566387854085261,1.2539961936846484,0.16519065250155104
needle_late,needle,6,5,3226,2.884931380954317,0.9896659588389629,0.08648242182538146,0.5004075902308109,0.9075145221783938,0.15649295692227924,1.3350616464628562,0.3205087633360648
needle_late,needle,6,6,3226,2.2223299653322623,0.9962105694753913,0.08648242182538146,0.19319435433760646,0.9733068693157066,0.02963679671811458,1.3708960460662143,0.14881920268786775
needle_late,needle,6,7,3226,3.0661132863453635,0.9907484508831093,0.11819622911384733,0.32127142804917863,0.862345865403191,0.12363743173127484,0.24191569433323704,0.156165709594595
needle_late,needle,6,8,3226,1.3065248351913528,0.9974480514293995,0.11819622911384733,0.048877078775385385,0.9618735520169966,0.09936925079286575,0.2688304622970835,0.2515499418747055
needle_late,needle,6,9,3226,0.7983154813264866,0.9991029586875314,0.11819622911384733,1.0012595401676094e-05,0.9929850051282021,0.008281501486599853,0.022642236549799508,0.5176672609626354
needle_late,needle,6,10,3226,2.3710224468379826,0.9974398595588426,0.11819622911384733,0.4566033083954686,0.9777027873224141,0.01987555499098694,0.08099694998789793,0.29053954612489
needle_late,needle,6,11,3226,2.1074806521609926,0.9968725083373087,0.11819622911384733,0.48735823111803445,0.9636520996810465,0.05512016729783719,0.22722853860367845,0.22991714147530692
needle_late,needle,6,12,3226,2.0004836997136017,0.9979677539696084,0.11819622911384733,0.010224955390769175,0.975464845273862,0.025592711671527192,0.9079894606134511,0.28648718942644735
needle_late,needle,6,13,3226,3.224139141226966,0.9928213783556581,0.11819622911384733,0.09331369951241975,0.8436401841112675,0.10484260843949374,0.28846711577908585,0.19499074196544228
needle_late,needle,7,0,3226,0.8035834984490777,0.9992017216038862,0.12545306629931335,0.4517307257435679,0.9953836527828895,0.01309686254405126,3.496129175676932,0.3147407393365011
needle_late,needle,7,1,3226,1.6105380000263463,0.9984005698752451,0.12545306629931335,0.03604646419162627,0.9920983360575099,0.014766665591230561,1.4060202278024263,0.37778372268144855
needle_late,needle,7,2,3226,2.058120788038236,0.9972753836701721,0.12545306629931335,0.2182030866775495,0.9877101781895337,0.014077907271673655,1.4622611126029232,0.29465098007650453
needle_late,needle,7,3,3226,1.2094418579117798,0.998854605423954,0.12545306629931335,0.021885613518931812,0.9951293602860087,0.010705039840205523,2.906357061597659,0.4022478432593462
needle_late,needle,7,4,3226,1.181563908790102,0.9977771473234109,0.12545306629931335,0.09756279218111885,0.9886942908573819,0.01088290828728885,1.0804210159710437,0.17375632318443562
needle_late,needle,7,5,3226,2.2237232817604164,0.9977294677973737,0.12545306629931335,0.5343348354670381,0.995113179235798,0.00436344357972129,1.218854323502487,0.1704096232955136
needle_late,needle,7,6,3226,2.128339873295108,0.9977773447847357,0.12545306629931335,0.06294971062003274,0.9800808907196528,0.0165045946739474,1.1931503991788734,0.2914873545599619
needle_late,needle,7,7,3226,0.9272511955854211,0.9993317270897879,0.07369903952569334,0.02968014394378571,0.9993339188267462,0.002234103788495904,1.0342811176945448,1.0468554670067496
needle_late,needle,7,8,3226,1.4305950776716687,0.9988436144529526,0.07369903952569334,0.06363146850954404,0.994956792713483,0.007305898660621744,1.1062929564982174,0.3286150194617673
needle_late,needle,7,9,3226,1.2944819100667153,0.9990437367482659,0.07369903952569334,0.06375464096111383,0.9953902714429355,0.00884624869539737,1.2833336252985141,0.4507262198034263
needle_late,needle,7,10,3226,1.5124301938849731,0.9986756994507316,0.07369903952569334,0.027193403242926628,0.992069052046333,0.007023512785031031,1.1316477887216194,0.13608667290245763
needle_late,needle,7,11,3226,1.184990402027454,0.9992178633320016,0.07369903952569334,0.12724247963120128,0.9989617872775794,0.0024125905957435062,1.1914944211353626,0.5424846123275474
needle_late,needle,7,12,3226,1.8276104075410267,0.9984086856186893,0.07369903952569334,0.08096452785771646,0.9934804303258441,0.01147677924085887,1.371831967731373,0.6668684264739426
needle_late,needle,7,13,3226,2.365585680988712,0.9954664488203925,0.07369903952569334,0.06709099959229903,0.95982928997137,0.04052705038258875,1.2109622935287438,0.2557854983711416
needle_late,needle,8,0,3226,3.0261963806034338,0.9872819843027844,0.055033898493220025,0.05153519367391368,0.8670605432055201,0.17802262085644702,1.1965249860650693,0.20708572071308126
needle_late,needle,8,1,3226,2.354855108102678,0.9941253844010813,0.055033898493220025,0.08396666295844568,0.9457499635417231,0.06122812673036994,1.1090707887864657,0.2531610014253562
needle_late,needle,8,2,3226,2.5647790960430235,0.9962299211122677,0.055033898493220025,0.20583002018588203,0.9777054913944259,0.029213113885322797,0.6411156968395784,0.3635106188122565
needle_late,needle,8,3,3226,0.005061905188458973,0.9996896175635107,0.055033898493220025,0.24590201038199666,0.9999999996390516,4.4821478511717263e-10,1.0959708107169672,0.17813586864756423
needle_late,needle,8,4,3226,2.1557021897583373,0.9976254066602347,0.055033898493220025,0.014518239080725692,0.9926241031612072,0.010002786398114407,0.30871473089355395,0.2928250734567387
needle_late,needle,8,5,3226,1.932354808065159,0.9981320421207508,0.055033898493220025,0.22483780448942525,0.9953621469987679,0.005979255654747633,1.1455641518287512,0.3414658268967133
needle_late,needle,8,6,3226,2.0598381354406747,0.9977596710877998,0.055033898493220025,0.033797027639494104,0.9916156949978315,0.010692161629624438,1.2206402704249986,0.2858693515379118
needle_late,needle,8,7,3226,0.8525984630877932,0.999348109194954,0.12428123685901889,0.1192458069693565,0.9982848846213158,0.0017699500454506616,1.355168800982831,0.25422909049165854
needle_late,needle,8,8,3226,1.6660029566619652,0.9980645594542402,0.12428123685901889,0.39217903689890043,0.9901330188903025,0.01323002259838188,2.9355338091556415,0.24960545750701263
needle_late,needle,8,9,3226,1.9931215680309826,0.9976388580309932,0.12428123685901889,0.2122038735270757,0.980701091895968,0.025349526798161263,2.0278488664719427,0.21543643186180475
needle_late,needle,8,10,3226,2.092660187688674,0.9958617383027757,0.12428123685901889,0.12220698766999005,0.9639501703150454,0.05676004779775228,3.112242415334171,0.23700962597520953
needle_late,needle,8,11,3226,1.8019020378163721,0.9960748560850298,0.12428123685901889,0.1277696399200634,0.9759790295122915,0.0379975280847302,2.96297414207067,0.23854319032684027
needle_late,needle,8,12,3226,1.8113278724412036,0.9977097885547481,0.12428123685901889,0.016389866921854512,0.9861645683811984,0.019548152716331674,2.937324198497124,0.2522547227130756
needle_late,needle,8,13,3226,2.093604165766435,0.9946383404368981,0.12428123685901889,0.4816888127167003,0.9659985774461199,0.04998789800464062,3.252722758248579,0.2260980869052475
needle_late,needle,9,0,3226,0.9307463230938382,0.9992314304826369,0.1074221561189305,0.017456394143847476,0.9977642033671718,0.005030443104094554,3.131431093527238,0.154958754576436
needle_late,needle,9,1,3226,1.3425084587781029,0.9982352064118923,0.1074221561189305,0.04701443892694446,0.9890706180972318,0.008654138513997035,0.3176162312725807,0.12061469811207746
needle_late,needle,9,2,3226,2.5894236798211976,0.9962177798459095,0.1074221561189305,0.08674540944472908,0.9667354300732476,0.03226914233610866,0.965481924016831,0.21501951607114864
needle_late,needle,9,3,3226,2.488840396128386,0.9959660087102304,0.1074221561189305,0.14880948305597075,0.954241110193178,0.045131014865418984,1.439805699083459,0.1787264075736453
needle_late,needle,9,4,3226,1.2969897878404946,0.9987287913489196,0.1074221561189305,0.014310887782166937,0.9817256763867316,0.0377999825719535,4.4971414303031,0.24453702227423774
needle_late,needle,9,5,3226,2.378296883107906,0.99750380554586,0.1074221561189305,0.8636128717925795,0.9891656297824708,0.01110770727997065,0.4985727965162628,0.17986109307523726
needle_late,needle,9,6,3226,2.4062195768877643,0.997315244036969,0.1074221561189305,0.047359308100093145,0.9696789250262557,0.027236640627525434,1.0862288842459549,0.21186118110148314
needle_late,needle,9,7,3226,0.0006313224387585548,0.9996899065315928,0.03608691211036654,0.051425779230026336,0.9999990660683183,7.612277656629318e-06,9.85429559935622,0.13386187409752723
needle_late,needle,9,8,3226,0.11025450689837414,0.999672737202254,0.03608691211036654,0.21892904673391023,0.9999890611120714,8.235459830123264e-05,9.973839019113424,1.5105385627934416
needle_late,needle,9,9,3226,0.20454440143266225,0.9996560928317028,0.03608691211036654,0.6424613015520464,0.999991379030503,6.212926167285979e-05,10.319826662058711,3.051988624268572
needle_late,needle,9,10,3226,0.1306871233301448,0.9996639523209664,0.03608691211036654,0.10703910414088824,0.999922531608859,0.0006357772030093265,10.032856588293773,1.7395400589140604
needle_late,needle,9,11,3226,0.15887208004723458,0.9995269935288061,0.03608691211036654,0.044448510803548835,0.9976058822115487,0.018433929058961688,9.606220452856938,1.8225453946335701
needle_late,needle,9,12,3226,1.7676735675823203,0.9946605220389595,0.03608691211036654,0.08548611065166645,0.9280837423591193,0.18587176993382695,3.387078324792145,1.5901078814413945
needle_late,needle,9,13,3226,0.9548074298557883,0.999086404704498,0.03608691211036654,0.12079092550108683,0.9948609626001521,0.017755556102764674,4.014632844392652,1.7938849528630436
needle_late,needle,10,0,3226,2.4453386226782317,0.9962860803731747,0.04763056409214433,0.13812265997991924,0.9200921870091219,0.07448958844486654,0.23730235483745876,0.31047823801789365
needle_late,needle,10,1,3226,2.632790422794776,0.993779288677787,0.04763056409214433,0.08059118873314919,0.8447320776911681,0.1907568026014211,1.6137495488716604,0.20894973105246015
needle_late,needle,10,2,3226,1.3896390911141394,0.9988122361490647,0.04763056409214433,0.0861468487224144,0.9953460869894643,0.00882917536474776,0.041741947800644504,0.3752437239908897
needle_late,needle,10,3,3226,2.1152477993064167,0.9977187164236595,0.04763056409214433,0.2334214137093955,0.9872668490933632,0.016960893278423178,0.18911738080972837,0.19844114799008652
needle_late,needle,10,4,3226,2.4191900006266547,0.9909416049118502,0.04763056409214433,0.11298723796835164,0.9177652499044083,0.1446709186544193,0.6077217235174945,0.19590942731734418
needle_late,needle,10,5,3226,2.667464809015605,0.9935086895995545,0.04763056409214433,0.4143951779907926,0.9336546365060432,0.06901405735190039,0.2794229512872338,0.16985936458644513
needle_late,needle,10,6,3226,0.559640484531384,0.9995313567071374,0.04763056409214433,0.1455730110053146,0.999444113562509,0.0006971226162369962,1.1467299156945472,0.13118527415950187
needle_late,needle,10,7,3226,1.999818273116789,0.997348387776938,0.18458151508677995,0.0048429430973904175,0.9423110649417449,0.06282276970946704,0.23794172387405685,0.14555811137185823
needle_late,needle,10,8,3226,2.4959987722407213,0.9971432636818829,0.18458151508677995,0.08783711729918098,0.9553151134995744,0.03615622277639518,0.8821268048571786,0.24766673807176712
needle_late,needle,10,9,3226,2.753902528482839,0.9952840300537259,0.18458151508677995,0.0656823202037855,0.894037609150353,0.10552043539713243,1.006727836147988,0.2509861365601001
needle_late,needle,10,10,3226,2.9798309228430755,0.9948967542410895,0.18458151508677995,0.11697865751130276,0.8791157392339934,0.07913938869129669,0.8975311075560304,0.22733773529484833
needle_late,needle,10,11,3226,2.8427595719996206,0.9959648558585666,0.18458151508677995,0.13630316307324775,0.9239035045588694,0.09010477172950092,0.5053424846608058,0.1843541384209663
needle_late,needle,10,12,3226,2.54059757648131,0.9966030275018741,0.18458151508677995,0.05872779631016445,0.939528375268783,0.05583729074557188,0.18224572025084332,0.1849032260989656
needle_late,needle,10,13,3226,2.9108776193968344,0.9928149428103519,0.18458151508677995,0.1532611271247455,0.8904521652814882,0.11619587319003756,1.004934498686816,0.20131899553427052
needle_late,needle,11,0,3226,2.30560063344528,0.9967259454115259,0.0816100906908455,0.04992268265011113,0.9621609828876434,0.0471100339128816,1.6064092529364888,0.36333326472238675
needle_late,needle,11,1,3226,2.0722575527547393,0.9931843529766896,0.0816100906908455,0.14122965503694207,0.9074823860949889,0.13905942514213732,1.114560500390068,0.1426053366294049
needle_late,needle,11,2,3226,2.6586518176821796,0.9892685010100617,0.0816100906908455,0.12535470898683165,0.8678980666983681,0.23901894653045752,1.2799561579060406,0.339171079103889
needle_late,needle,11,3,3226,3.159408123805254,0.9828205847560784,0.0816100906908455,0.03941263495630043,0.793020131468285,0.21880312408733393,1.3567137160914498,0.29341473803804685
needle_late,needle,11,4,3226,2.4644765305889482,0.9967224706875527,0.0816100906908455,0.06194326632052416,0.9400846959666733,0.039968439244148814,0.35022309725081924,0.25682341573217315
needle_late,needle,11,5,3226,2.8130564746756126,0.9922753809860752,0.0816100906908455,0.048888208325266636,0.8935248017152585,0.12718270020348416,1.4169008423919043,0.3840190583505863
needle_late,needle,11,6,3226,2.739567396495092,0.9872109145206116,0.0816100906908455,0.09524944015718528,0.8414846318661283,0.2555374833480317,1.6428255835319114,0.5727973268079302
needle_late,needle,11,7,3226,0.00011293135132314563,0.9996900044188994,0.028663469703546034,0.015201882398363509,0.9999996822355602,7.157920193472291e-06,0.00020798999894550374,0.16009372910291425
needle_late,needle,11,8,3226,0.4515914604711603,0.9989408218831837,0.028663469703546034,0.08929614429141353,0.9809080587155729,0.3068748831226509,0.9426149776001317,0.2754808428906938
needle_late,needle,11,9,3226,0.05316955246489766,0.9996800040417091,0.028663469703546034,0.023456266698755,0.9999146451299176,0.0013223810606405818,0.02861628129651476,0.6539839421175283
needle_late,needle,11,10,3226,0.13514481015543922,0.9996284938109328,0.028663469703546034,0.020463359810209525,0.9990494728621118,0.016701710224051366,0.23565870754163296,0.2524256554050696
needle_late,needle,11,11,3226,0.0011680475493979542,0.9996898290903365,0.028663469703546034,0.42357114738566004,0.9999985606347328,2.1439235126581717e-05,0.001160571775421311,0.1600764950434683
needle_late,needle,11,12,3226,0.09855963874790313,0.9996543229781221,0.028663469703546034,0.05379835519930154,0.9994304249482056,0.00966478113820936,0.16265255752058275,0.27426601644920096
needle_late,needle,11,13,3226,7.02300731042256e-06,0.9996900172829233,0.028663469703546034,0.033732509917768994,0.9999999794996294,3.8564248033969097e-07,6.286274981935632e-06,0.16013945563611123
needle_late,needle,12,0,3226,0.3901353309219075,0.999559305924759,0.05791361660882847,0.32564150322193264,0.9984979272967341,0.0017831392482298633,0.020284420120705818,0.2092469713829197
needle_late,needle,12,1,3226,2.1781493173870423,0.997771452782663,0.05791361660882847,0.1666837745933858,0.9700592558548318,0.03268249356556538,0.15683371800337156,0.34133010217183407
needle_late,needle,12,2,3226,2.953655770494895,0.9902518676441292,0.05791361660882847,0.20258769406206856,0.8940903518867805,0.14231091592186204,0.2471327918743152,0.235596254270229
needle_late,needle,12,3,3226,2.2552881385564554,0.9967216624006147,0.05791361660882847,0.0010089826755335096,0.9178301661769851,0.11919242019614773,0.45176975747970277,0.4350088661001915
needle_late,needle,12,4,3226,3.426036889400101,0.977214135243544,0.05791361660882847,0.0010549142126610178,0.7360182881487404,0.45776482901603727,0.7241541710699732,0.30737438233212594
needle_late,needle,12,5,3226,3.0517221582765814,0.9935544673177635,0.05791361660882847,0.045236628835902515,0.8396906527468313,0.18770050898421384,1.07572152284887,0.2857261847777951
needle_late,needle,12,6,3226,2.2979631665246347,0.9975075456078312,0.05791361660882847,0.15750832622680733,0.9785796608595769,0.023714429541352767,0.475806116437517,0.4317496420321667
needle_late,needle,12,7,3226,2.60592514455592,0.9958464522473327,0.1422798789924652,0.15772560390043022,0.9185616868524661,0.06950872186896552,0.7732071610125697,0.2562828415514405
needle_late,needle,12,8,3226,2.4612845419734954,0.9956704352135926,0.1422798789924652,0.10169728601253736,0.9570384733456013,0.05013920013712252,0.3734739174134949,0.2839387904587396
needle_late,needle,12,9,3226,2.7228675722554865,0.9910206161750393,0.1422798789924652,0.3036196317786377,0.9196907711684559,0.06728917976947801,0.6985975347443807,0.18129008898888238
needle_late,needle,12,10,3226,2.522455375072872,0.9937791038478047,0.1422798789924652,0.12073164778134204,0.919980214786247,0.09612815074060518,0.605939232178176,0.3372169350543583
needle_late,needle,12,11,3226,2.4935469276240436,0.9939872343942553,0.1422798789924652,0.42763174823151284,0.8988095808427934,0.1064609233549039,0.5803510391180232,0.31753475517214047
needle_late,needle,12,12,3226,2.1740455957076246,0.9976684739775887,0.1422798789924652,0.46853789095762943,0.9866932649183551,0.014413483183480312,0.28242835160021584,0.2592185200695955
needle_late,needle,12,13,3226,2.8819076566138238,0.9878582820454722,0.1422798789924652,0.05882383051635154,0.8780073852940544,0.12508576899710233,0.6950228470689456,0.24056583838141046
needle_late,needle,13,0,3226,2.804843214572089,0.9959467632628809,0.08712460047665223,0.22153183111743946,0.9225053088242157,0.05736561510082881,0.6671151772509636,0.24242439258459686
needle_late,needle,13,1,3226,1.6959360608307918,0.9985817382631451,0.08712460047665223,1.000861628486923,0.9949638459430681,0.006885089190477228,1.0175853248695896,0.4524340107759064
needle_late,needle,13,2,3226,0.8432422186561275,0.9983553659900246,0.08712460047665223,0.13876219371519793,0.9737760901899838,0.0442065912576115,0.22626076037287796,0.12214294414820613
needle_late,needle,13,3,3226,0.7931700338570506,0.999105405612583,0.08712460047665223,0.09057038210265844,0.9942245835174823,0.006621705377695753,1.1145652503433687,0.20476488665000622
needle_late,needle,13,4,3226,2.199227248982414,0.9978833185159394,0.08712460047665223,0.6515722754550746,0.9916859351336241,0.009628097586239748,0.9295779935340561,0.45567517371310234
needle_late,needle,13,5,3226,1.8886252729502662,0.9978426661900823,0.08712460047665223,0.045135252842471996,0.9607236729029996,0.05164392348223686,0.45086712826688125,0.38332733529666596
needle_late,needle,13,6,3226,3.230634514318704,0.9921540946556717,0.08712460047665223,0.18761271344118802,0.8337755811362606,0.1538023242024566,1.3382173110289348,0.2417744181855067
needle_late,needle,13,7,3226,2.0513812570753096,0.9957072569197752,0.07900249798118507,0.0032253803414428184,0.8879466984685113,0.23405783679199774,1.0380041605924544,0.30613217648011615
needle_late,needle,13,8,3226,0.31772296525742083,0.999352347185599,0.07900249798118507,0.06413777384745378,0.9884511232816852,0.04117853176489263,4.316948026777019,0.17736020550609216
needle_late,needle,13,9,3226,0.28208437407189735,0.9995060214291288,0.07900249798118507,0.05719563011807427,0.9949983248086043,0.017890247649872543,0.15275389902525496,0.18594243800070037
needle_late,needle,13,10,3226,1.7958279210260844,0.9979597362629609,0.07900249798118507,0.2675179146214677,0.9737526750465431,0.056412728857596954,0.5893165711360452,0.3807825223169365
needle_late,needle,13,11,3226,1.2021216251220435,0.9976535921273046,0.07900249798118507,0.06571816105181805,0.9462171127390471,0.18329981345609925,0.6883000326488469,0.2545507878513115
needle_late,needle,13,12,3226,0.14471797083506333,0.9996278184380406,0.07900249798118507,0.1101290695642323,0.9987556115218422,0.004308419896163543,0.08103039003483045,0.17227330211905767
needle_late,needle,13,13,3226,3.515516959204668,0.992146902945462,0.07900249798118507,0.010656677791648583,0.7267816593101494,0.1893120458267157,1.0834657485627581,0.3718162497802504
needle_late,needle,14,0,3226,3.4127267053401935,0.9896014416619663,0.09227469630874206,0.08671501661668268,0.7839655116962273,0.23591901269276927,1.011403500813467,0.12985345176457944
needle_late,needle,14,1,3226,0.5989268726521846,0.9993021296911067,0.09227469630874206,0.03267632128989639,0.9920240104011121,0.008649465527315176,0.12143335155750516,0.11590203416595672
needle_late,needle,14,2,3226,2.4101018520286908,0.9963479335939542,0.09227469630874206,0.2681392474926274,0.931403691888011,0.07137446116608533,0.9624942042065217,0.15403564897397515
needle_late,needle,14,3,3226,1.32723110368164,0.9960807634133786,0.09227469630874206,0.09038086055473027,0.9338667369179844,0.18990632492301704,4.373073155425165,0.26790979626757383
needle_late,needle,14,4,3226,2.0065934773985754,0.9981446618000414,0.09227469630874206,0.16532833263406932,0.9803460384473157,0.020672946224013805,0.4355931133713966,0.3922284214230414
needle_late,needle,14,5,3226,2.6136362735622773,0.9949104596737747,0.09227469630874206,0.031023295401687134,0.9023598545468381,0.09511862538069435,1.1803997477889465,0.18042366690649922
needle_late,needle,14,6,3226,2.0978317121130523,0.9974330139889485,0.09227469630874206,0.06916096767960767,0.9545852450714271,0.061732227487946885,3.026471245403286,0.6917294120138581
needle_late,needle,14,7,3226,2.141464121062752,0.9975256194223029,0.1466674265488677,0.6142555894655977,0.9804180874271154,0.014988150056135543,0.16226860618950253,0.23758674619623088
needle_late,needle,14,8,3226,2.9553399114169947,0.9904490305917854,0.1466674265488677,0.22777903646585496,0.8548474189107033,0.13815268242776788,0.47062932471791313,0.35000457432910825
needle_late,needle,14,9,3226,3.3894641758999757,0.9929451296387396,0.1466674265488677,0.024790750433639097,0.7743126824121401,0.1518586998920554,0.5174915662961237,0.2467106050220967
needle_late,needle,14,10,3226,0.3196615749741019,0.9995962502754285,0.1466674265488677,0.18202889440455894,0.9997660815410744,0.00023480061148757736,0.012434780433178073,0.1304062746218609
needle_late,needle,14,11,3226,2.1465453983420657,0.9977791825692089,0.1466674265488677,0.2562936733243184,0.9662531870304611,0.028885778413523966,0.0631555847986129,0.35180551391039017
needle_late,needle,14,12,3226,2.923988877237666,0.9946496636278425,0.1466674265488677,0.019451700209462297,0.8510066076528167,0.09023479999437901,0.4915294149718481,0.15148225044396751
needle_late,needle,14,13,3226,3.2958559462718746,0.9886251186328996,0.1466674265488677,0.0849033960553669,0.8175019686048703,0.15024719235391656,0.3802430059035956,0.16596625861613332
needle_late,needle,15,0,3226,2.538587013590992,0.995705038503331,0.08021144153324881,0.16064392311267417,0.9567197098691019,0.04321171815895641,0.5201834530773131,0.3003062360277144
needle_late,needle,15,1,3226,1.3616188451655193,0.9977359713151611,0.08021144153324881,0.06269956500940488,0.9796207175394618,0.028789130637290647,1.0957682656534748,0.2390349572964507
needle_late,needle,15,2,3226,1.3067220735939478,0.9989817161007669,0.08021144153324881,0.03906614877044223,0.99362957097981,0.009499618937033032,0.6671999885740869,0.4708021431212279
needle_late,needle,15,3,3226,1.5706035554878344,0.998509247960127,0.08021144153324881,0.36016503022310964,0.984888533370574,0.019728533202517544,1.2761209846671342,0.5170082545333169
needle_late,needle,15,4,3226,1.881410896308798,0.9979749351271765,0.08021144153324881,0.09964301787713925,0.9783993704318864,0.023334783819107443,1.5234788490567432,0.3697006847319757
needle_late,needle,15,5,3226,1.7324311058064472,0.9971773660165784,0.08021144153324881,0.0045428075980114,0.9556215180123608,0.06325731989891435,1.9399928408747722,0.4616469737789591
needle_late,needle,15,6,3226,4.5064775510459985,0.9634604666325274,0.08021144153324881,0.06314499078631419,0.544375442889628,0.39287225214048727,2.788833405667208,0.23699134806276914
needle_late,needle,15,7,3226,3.743701170222393,0.9642177109313795,0.13766991757204478,0.3680564725793545,0.7768396786250876,0.18719540276969823,1.5319372083562413,0.09551869544326558
needle_late,needle,15,8,3226,3.6562457668388415,0.9709499149170042,0.13766991757204478,0.10779055287492678,0.7784246257863165,0.19621967780380611,1.426015595462642,0.1578154802409489
needle_late,needle,15,9,3226,2.262437143569066,0.9948090877708871,0.13766991757204478,0.013490245244190735,0.9306140266412065,0.049140672728551785,1.3217087383650539,0.11263006667666428
needle_late,needle,15,10,3226,3.241637841576614,0.9719321550687338,0.13766991757204478,0.022319182867873266,0.7780094305918412,0.21172209947726184,2.1662024266289195,0.3441383307924863
needle_late,needle,15,11,3226,3.464418261096676,0.9809953737284058,0.13766991757204478,0.047682075281371805,0.7664950476151884,0.18063993430935965,1.962424949803959,0.23617959281380804
needle_late,needle,15,12,3226,3.342945215329769,0.9716714870100003,0.13766991757204478,0.038903623931625386,0.7714233567727969,0.14094494330562585,1.7411507333567995,0.14943712814433394
needle_late,needle,15,13,3226,3.526808229315771,0.9812423697911768,0.13766991757204478,0.19989381226319036,0.7864539727894536,0.18564774978131843,1.302015471562591,0.11083622347161225
needle_late,needle,16,0,3226,1.440897425620634,0.9985988027197296,0.13792464491661077,0.008830645508666635,0.9860360233115958,0.013736923839234456,1.0022131909060612,0.6049086250494132
needle_late,needle,16,1,3226,0.06596219830694106,0.9996691143412731,0.13792464491661077,0.06663846561467146,0.9995764757412603,0.006347646715447714,31.2598956653806,0.382194305773903
needle_late,needle,16,2,3226,0.7239862904223808,0.9993054400484348,0.13792464491661077,0.31257986368996704,0.9958685575243369,0.030871518331417495,15.661049545583978,0.5041448768831087
needle_late,needle,16,3,3226,0.6174601748662089,0.9992278800525443,0.13792464491661077,0.0766470603001137,0.987010996925129,0.0997663259166785,21.775317571126724,1.3768105044842451
needle_late,needle,16,4,3226,0.23009854314616845,0.9995778101348199,0.13792464491661077,0.0033160740487820917,0.998536786125691,0.020136813679395824,24.995793870439627,1.5339741341935746
needle_late,needle,16,5,3226,0.9396788778073006,0.9991161347256586,0.13792464491661077,0.09134070531926453,0.9933300190226443,0.04021322527117241,11.284401914354625,0.5251713180056585
needle_late,needle,16,6,3226,1.0611092734301737,0.9991194999693007,0.13792464491661077,0.20099555714115258,0.9910053435692768,0.021773669659586686,1.0207185324203494,0.7987090041571132
needle_late,needle,16,7,3226,2.237491288401375,0.9961160054929057,0.4047792423073191,0.20469561608919928,0.9456026375695099,0.07737754206939594,4.4784398576260065,0.6072002875107668
needle_late,needle,16,8,3226,0.26044129974665864,0.9995179481685286,0.4047792423073191,0.17817579692083285,0.9972803919095694,0.022388580116480275,0.416783561028729,0.32185927390564023
needle_late,needle,16,9,3226,0.29458556854109597,0.9993679369827265,0.4047792423073191,0.25918914082352007,0.9905708544504099,0.07923333535377229,0.4451958248007651,0.34964942335687543
needle_late,needle,16,10,3226,0.9221671721983877,0.9989864068868965,0.4047792423073191,0.29414224782375054,0.9938342385456588,0.01663593693628725,3.0268239240162975,0.4654073752437162
needle_late,needle,16,11,3226,2.02758331634767,0.9981363373491561,0.4047792423073191,0.16928866177476465,0.9931565434644364,0.007009733886388746,1.8197762661220822,0.682073728905603
needle_late,needle,16,12,3226,1.04411906959892,0.9987747277871454,0.4047792423073191,0.26002335844407654,0.9763774665042542,0.11203789776645008,9.333740535528243,0.5332147437870881
needle_late,needle,16,13,3226,3.4682805048122707,0.9770065148374791,0.4047792423073191,0.13542079447180977,0.7584071655715505,0.3289886686721529,4.1810264302959075,0.42461836696912414
needle_late,needle,17,0,3226,2.9542959569730165,0.9855832650093377,0.03826738294317739,0.012154364679794583,0.8736231267427217,0.06509758986682034,0.582299075820844,0.13286445177064996
needle_late,needle,17,1,3226,1.4569759056562157,0.9924614399442011,0.03826738294317739,0.10778509655408541,0.9143562157840087,0.05243617694305057,0.8981545614694677,0.12871286720468456
needle_late,needle,17,2,3226,2.4076733845495215,0.994550263258192,0.03826738294317739,0.18165408423040308,0.9300113376160242,0.040289687134583495,1.2387598496648997,0.11157275931542113
needle_late,needle,17,3,3226,2.130019604877223,0.9923469131670016,0.03826738294317739,0.11545021904268715,0.9341731659024775,0.04444301453343373,0.10306087178339589,0.11079292132383062
needle_late,needle,17,4,3226,0.7739191422187042,0.9971480345176091,0.03826738294317739,0.06311945477720471,0.9695317801778917,0.02117810813420265,0.07405679229028746,0.14114454005909163
needle_late,needle,17,5,3226,0.3111901721611477,0.9969546644081148,0.03826738294317739,0.022470626402428806,0.9863499479916911,0.01100490318573481,0.017059012445419595,0.15470577637388327
needle_late,needle,17,6,3226,1.8597933975715049,0.9983187662839279,0.03826738294317739,0.4074412605327775,0.9898053507246212,0.006512647450182994,0.4521001390121656,0.2669762217065791
needle_late,needle,17,7,3226,1.2309715243079495,0.9931173550923738,0.22494680709359252,0.18930520368357495,0.9513083516655099,0.14947882008087413,1.0670982832219265,0.27162226986728155
needle_late,needle,17,8,3226,2.7748202186412483,0.9881688333903533,0.22494680709359252,0.1698852610017072,0.9123316532132515,0.08126238193658035,1.0705915291186079,0.33552877056181235
needle_late,needle,17,9,3226,1.1488547260729973,0.9964083100566226,0.22494680709359252,0.30611294464207006,0.9671763226524641,0.1561476827472574,9.169030933648825,0.38592834649521773
needle_late,needle,17,10,3226,1.1980600077535093,0.9982055468302317,0.22494680709359252,0.36577689579155503,0.984211162979461,0.047296394915521574,4.693020477363966,0.5337581339629567
needle_late,needle,17,11,3226,3.686569882729681,0.9311421134462536,0.22494680709359252,0.011804755229038122,0.6360130748177917,0.5798395583448548,2.767288914010654,0.14885530319101065
needle_late,needle,17,12,3226,2.373583310828105,0.9892473207665514,0.22494680709359252,0.09828319252788553,0.8893277356378027,0.15948123475778503,1.499578989039083,0.1707800463693915
needle_late,needle,17,13,3226,0.4902714308265008,0.9991251681187829,0.22494680709359252,0.16773220521245769,0.995238290708146,0.017909845222480632,5.1940563562794475,0.2913841526777433
needle_late,needle,18,0,3226,2.8433641286610483,0.9824824611074419,0.04297758615588147,0.12544644321699394,0.847144489621413,0.2658391786470138,3.0068403679477527,0.5552749859423298
needle_late,needle,18,1,3226,2.1807542095310315,0.9845423930951143,0.04297758615588147,0.03560816416747414,0.8580033636450269,0.5040297522776706,4.0180374299413515,0.7911430995323582
needle_late,needle,18,2,3226,1.5573936303947868,0.9978916164098979,0.04297758615588147,0.33962889115543327,0.98160275969705,0.050679435434478184,3.9013539766152556,0.477541607600602
needle_late,needle,18,3,3226,0.5018739178197228,0.9993355999296336,0.04297758615588147,0.30818384755828987,0.9968545322656605,0.029012675653607538,11.198755460517368,1.0060063142130322
needle_late,needle,18,4,3226,2.7187201754066854,0.9822431972397107,0.04297758615588147,0.16596766040113575,0.8728147622153347,0.17965331347818553,2.321702833944782,0.8708201070575069
needle_late,needle,18,5,3226,1.3329691375176664,0.9864296729092737,0.04297758615588147,0.024896126710857835,0.9137550388137325,1.6586903557591623,24.871569964388318,2.899262025749974
needle_late,needle,18,6,3226,2.237548334627287,0.9793773836013803,0.04297758615588147,0.011076287875782853,0.872379388806285,0.38878953856268306,4.058518285152408,0.786016508512304
needle_late,needle,18,7,3226,1.5674795455591723,0.9966613717438432,0.21916443798910235,0.31380614582116584,0.9730772001275309,0.027694174769834354,0.047743665411127775,0.17093608750834952
needle_late,needle,18,8,3226,1.8142493223907994,0.9973722319946926,0.21916443798910235,0.10596258772746747,0.9741251006686334,0.033506697797716485,0.09423299559603719,0.310144737438179
needle_late,needle,18,9,3226,2.2284378498491106,0.9816275866252938,0.21916443798910235,0.027070819582599714,0.8925377773550726,0.10922558843302767,0.1391005327459849,0.11476572033268012
needle_late,needle,18,10,3226,2.850252106635267,0.9846759577100045,0.21916443798910235,0.11538588934578042,0.8688701020920478,0.0999328881297366,0.521565998268513,0.3137745298128505
needle_late,needle,18,11,3226,2.8001614913971675,0.992125996782684,0.21916443798910235,0.24490211394361605,0.9127201727457357,0.07173703137146552,0.5884809087013165,0.4282074666249452
needle_late,needle,18,12,3226,1.619691735477458,0.9941689514674493,0.21916443798910235,0.02420030432804543,0.9615824275605128,0.0645784021260007,0.15726142464614165,0.3906428180934752
needle_late,needle,18,13,3226,3.493640002915446,0.975694371138406,0.21916443798910235,0.005387440730135307,0.7842655758276214,0.20710668230118212,0.45231281387677097,0.18784061555696915
needle_late,needle,19,0,3226,0.889780266335118,0.9988925786422884,0.21109087234393076,0.018836135456174574,0.9845946674895116,0.04545240675347735,6.095375157299048,2.3331951161623348
needle_late,needle,19,1,3226,1.6327324695395338,0.9986216001524696,0.21109087234393076,0.17133157398590448,0.9895471574606088,0.010395546891381661,1.5516846748469215,0.7127279144864954
needle_late,needle,19,2,3226,2.9169135884120645,0.9800738523559944,0.21109087234393076,0.004768700909394852,0.8767683443315992,0.10907619254439378,0.9997798592988563,0.1737532257226873
needle_late,needle,19,3,3226,0.36147353098698626,0.999476412791032,0.21109087234393076,0.10441624782893655,0.9958728938056876,0.010847330899134826,6.1563077843626,1.8902341351452743
needle_late,needle,19,4,3226,1.3798077298795195,0.9967779452356932,0.21109087234393076,0.3941985636704892,0.9600352163020424,0.1046645542008167,5.651977423288302,1.3650970113820216
needle_late,needle,19,5,3226,2.5920311138510312,0.9815086694446533,0.21109087234393076,0.010348363462888255,0.814856786615209,0.3644082065959589,3.858404710353162,1.1515599209637186
needle_late,needle,19,6,3226,2.9817768412360737,0.982797446987759,0.21109087234393076,0.1421761062135718,0.8061048431332998,0.18546819836129352,1.3933294417597417,0.19431540983599452
needle_late,needle,19,7,3226,4.557346493194344,0.9428771553178655,0.108211613996938,0.040435856957004024,0.5819095831810179,0.3823236838738748,1.3080409893900806,0.12414192075136754
needle_late,needle,19,8,3226,1.0878397883356121,0.9978896376386929,0.108211613996938,0.1321075734480761,0.9823997961764529,0.02204568602646334,2.1528647505869496,0.36470965573797093
needle_late,needle,19,9,3226,2.1853163074142494,0.99449348248197,0.108211613996938,0.008998460084482574,0.9496582950198098,0.058756623866156536,0.3071926917320471,0.20441121595690934
needle_late,needle,19,10,3226,2.0651536977328293,0.9953610419383315,0.108211613996938,0.09225114958810421,0.9459652273605289,0.07112279985784886,1.2084972966320922,0.33045371338527263
needle_late,needle,19,11,3226,1.6419523008969583,0.9975099946766398,0.108211613996938,0.053703851841151895,0.9753815884044,0.03837386359475133,1.1144578141403725,0.2471027056594917
needle_late,needle,19,12,3226,1.805431451734008,0.9929275774714781,0.108211613996938,0.04282881102175118,0.9424987278802677,0.09269650924805019,0.9892511587814729,0.2876102285026743
needle_late,needle,19,13,3226,1.7040000383213574,0.9977140528066366,0.108211613996938,0.3312263168752345,0.974499862042251,0.03747662205120122,1.181178045276422,0.1918290692780344
needle_late,needle,20,0,3226,0.2607185726185039,0.998737798638545,0.2861569630409375,0.461612425336706,0.9928938524044867,0.015917909459532097,0.0717942509139222,0.26100003423862717
needle_late,needle,20,1,3226,2.953415216191951,0.9865140990785547,0.2861569630409375,0.009248321312815388,0.8004295659705434,0.21680366879807936,1.498657167378719,0.2467578253668606
needle_late,needle,20,2,3226,2.526465202510872,0.9937971388644624,0.2861569630409375,0.1027851681662586,0.9280048469492218,0.06376930204403065,3.7405171455855832,0.2093841520065076
needle_late,needle,20,3,3226,1.7562402343834698,0.9970545816011228,0.2861569630409375,0.04824670188794755,0.9666124286476734,0.03054769981225617,0.33737836770813234,0.29334409277622603
needle_late,needle,20,4,3226,1.9799190640534412,0.9953928524334859,0.2861569630409375,0.07300264011558211,0.9608105622648472,0.03694561605400258,1.4964919769755591,0.27925085968280194
needle_late,needle,20,5,3226,2.592176825346513,0.9837798838554694,0.2861569630409375,0.09203202651048015,0.8466082076458339,0.20997642803268732,2.054241845457228,0.3459930807021383
needle_late,needle,20,6,3226,3.6055458249511974,0.9765991873634254,0.2861569630409375,0.037981368350582745,0.7717933378047942,0.2701773156652853,1.426331523609123,0.1364074394401247
needle_late,needle,20,7,3226,2.425138623120949,0.9909680497046139,0.11885077883012207,0.08783407619868733,0.9133222721316939,0.04014043181081983,1.1694977779136815,0.14432906422637143
needle_late,needle,20,8,3226,1.7060798539504967,0.9934372536508979,0.11885077883012207,0.13090807243171154,0.9102875729341512,0.04137644040995061,1.5014551496765183,0.14672326112357725
needle_late,needle,20,9,3226,2.2363749846191077,0.9788575174327984,0.11885077883012207,0.04782424481457115,0.8088296976956174,0.09772871133723174,1.4998200755058282,0.09834266784115193
needle_late,needle,20,10,3226,1.3735529222739749,0.995183441916898,0.11885077883012207,0.022726537140965064,0.9423524873711812,0.03003527427470105,1.8111605269267674,0.10833982049868517
needle_late,needle,20,11,3226,2.188337131106758,0.983187809935431,0.11885077883012207,0.00865558090138041,0.8309744733299229,0.10022035061426975,2.025404580918948,0.08994824044549829
needle_late,needle,20,12,3226,2.6656359357564865,0.9854630522427997,0.11885077883012207,0.0009354825949299261,0.8091114246333486,0.11423752430373624,0.8942738477735401,0.1527059286945444
needle_late,needle,20,13,3226,2.1615046108785774,0.9944580076439138,0.11885077883012207,0.023572154977336446,0.9300506107092821,0.036815251106421476,1.2216366729678452,0.33410380038958964
needle_late,needle,21,0,3226,1.2343475356900249,0.9906923206602685,0.11202474786685614,0.02689033835629706,0.9125661364671485,0.03582213785485559,0.08812139277851086,0.0809307566431921
needle_late,needle,21,1,3226,1.4434062137917496,0.9929379247790611,0.11202474786685614,0.11689800849989496,0.9263682992940353,0.03198337205886532,0.15853220136407764,0.1109430912269213
needle_late,needle,21,2,3226,1.4359802893778055,0.9937937315440917,0.11202474786685614,0.2699811856511376,0.9339639346950989,0.03086665070370345,0.18157328536472442,0.11527423257582452
needle_late,needle,21,3,3226,2.150066590645642,0.9885035282550292,0.11202474786685614,0.005026533270934053,0.8358045185555827,0.10457735221833528,1.7037454726703252,0.07822164288609865
needle_late,needle,21,4,3226,1.0948103068962818,0.9952968157667921,0.11202474786685614,0.12323068013736727,0.9431889772049223,0.020783875051198206,2.4043028138545006,0.0721319205876103
needle_late,needle,21,5,3226,1.263740685072794,0.9960719224777033,0.11202474786685614,0.008305555027372069,0.9459189427384425,0.0257893440369577,0.9405698274866909,0.08164401078915842
needle_late,needle,21,6,3226,2.2750001171003764,0.9940628827345467,0.11202474786685614,0.07004254961528211,0.9143662799866982,0.0347876092020154,0.25963678673617635,0.18041546825140278
needle_late,needle,21,7,3226,0.9795471757243698,0.9987204328453869,0.25507132263968246,0.04125497137264311,0.9893567065701235,0.039833962811698265,7.295216546949632,1.3369571512051062
needle_late,needle,21,8,3226,1.553891163148446,0.9867563504423726,0.25507132263968246,0.04943729177804013,0.880438853255331,0.7481912454177496,13.923666396791779,0.2592138590320417
needle_late,needle,21,9,3226,0.484245443669294,0.9993958066330615,0.25507132263968246,0.3013625003609657,0.9964881466329807,0.003645041516910293,1.367319799101508,0.10889299412159893
needle_late,needle,21,10,3226,0.9363982140488849,0.9936842099187031,0.25507132263968246,0.15091486436309554,0.9432001769616126,0.28867091759523766,7.572043886648122,0.17414200073794425
needle_late,needle,21,11,3226,1.3683345400688522,0.99391160643051,0.25507132263968246,0.31521860230191345,0.9286716406565186,0.32250353344366106,7.659621053163152,0.37654098459719865
needle_late,needle,21,12,3226,1.704541521670727,0.9902484593306237,0.25507132263968246,0.012084785689681077,0.8856305364608873,0.7537171747328136,10.92133100601768,0.7063788008370104
needle_late,needle,21,13,3226,1.1964895032910718,0.9924813180883058,0.25507132263968246,0.06509567820128659,0.9231064975109542,0.41887424217759606,10.148005196727672,0.3152577573878749
needle_late,needle,22,0,3226,5.390853659501214,0.9152693031087973,0.41478957214844897,0.09738245408310853,0.4120874510142796,0.8915745135211263,1.1654990595540542,0.180992563191346
needle_late,needle,22,1,3226,4.623151221924085,0.9560374870129913,0.41478957214844897,0.025519493102387436,0.539489061657744,0.6005661025543272,1.3866094956253932,0.13792579905333627
needle_late,needle,22,2,3226,4.45045606116595,0.955231794971146,0.41478957214844897,0.020542783207353477,0.6121914218790137,0.5153163838535743,0.8423607483713113,0.4230862534312072
needle_late,needle,22,3,3226,4.817006627969105,0.9414284054787109,0.41478957214844897,0.010624296920000553,0.5373587239507479,0.7588023852643825,1.2277696488764276,0.21419830415583682
needle_late,needle,22,4,3226,5.075946571932711,0.9346622683908381,0.41478957214844897,0.08847798606018831,0.46925818551193554,0.7337946226541329,1.2426720727061944,0.17083038322576205
needle_late,needle,22,5,3226,4.504551330749643,0.9579691742395448,0.41478957214844897,0.02080738481918054,0.5993303992947976,0.5575791818466334,1.5558522248523874,0.2046306353793002
needle_late,needle,22,6,3226,4.917767546764623,0.9400507695080017,0.41478957214844897,0.047296699631877104,0.5214865722651267,0.6973780553625238,1.1522103914907438,0.20863128264605257
needle_late,needle,22,7,3226,4.217135009818669,0.9698980325282232,0.4158927710539365,0.0009875889778250269,0.6267848623358011,0.5268127333788256,1.051716454132401,0.2505164679464162
needle_late,needle,22,8,3226,4.278132983683494,0.9632663964323216,0.4158927710539365,0.11756718487013629,0.6507500964368462,0.5499456074790144,0.8786809077512888,0.1922074946511433
needle_late,needle,22,9,3226,3.953878183729474,0.9732810175911409,0.4158927710539365,0.04590906941444839,0.6901023858720247,0.4160782831858841,0.6484103219933013,0.4898471433883505
needle_late,needle,22,10,3226,4.019325227862521,0.9733201517247172,0.4158927710539365,0.030449436008074926,0.6892593953891233,0.5440802526765889,0.774545422572386,0.2100333310860711
needle_late,needle,22,11,3226,4.71687405724383,0.9472436690935522,0.4158927710539365,0.09447163010601223,0.5468742205166374,0.7691043162742721,1.0686643978786947,0.25468221878171843
needle_late,needle,22,12,3226,3.2384991983997047,0.9838350952576196,0.4158927710539365,0.0017995883292609705,0.8028399136579633,0.30346843424656317,0.6625489130073313,0.2246898760043554
needle_late,needle,22,13,3226,4.551988058456724,0.9562015529591431,0.4158927710539365,0.01549533730760011,0.5777440898200469,0.5107598582685922,0.6515428243674458,0.3132701129170011
needle_late,needle,23,0,3226,4.778633665031361,0.941302659961436,0.18424594182840862,0.04956338529561799,0.5334276723115022,0.5209633160575672,1.6781826464086316,0.1331469179987779
needle_late,needle,23,1,3226,0.045785710727087134,0.9996773298700011,0.18424594182840862,0.24591989674216386,0.9999075770919957,8.468613108903512e-05,1.8276231197363664,0.1218397759657219
needle_late,needle,23,2,3226,5.355381706979687,0.9162895447625606,0.18424594182840862,0.0582351162638326,0.41030454898235175,0.5615142701715089,1.214842546408518,0.10471741957048772
needle_late,needle,23,3,3226,4.813567236473468,0.9385111450796251,0.18424594182840862,0.00044815756251370686,0.5279167466086852,0.4814089333318155,0.8930985943857327,0.15606679563892714
needle_late,needle,23,4,3226,2.3737609431458635,0.989485151629343,0.18424594182840862,0.11824395332223947,0.8797122836918981,0.11700190823570229,2.025328101409992,0.1024097341282417
needle_late,needle,23,5,3226,3.1130891933273244,0.9892507316545001,0.18424594182840862,0.05539034507602947,0.8444281907403922,0.10664576625696734,1.1467040710843759,0.20677906911721064
needle_late,needle,23,6,3226,1.1525653903271826,0.9975926084800202,0.18424594182840862,0.2261861168601218,0.9726214594969148,0.025514621524843618,1.8886296716367017,0.11360148750385098
needle_late,needle,23,7,3226,4.841506340232823,0.9432018592830587,0.39262712056645543,0.09447371495096846,0.5313492945688479,0.6384050161977656,3.6892226574271163,0.22354329142416332
needle_late,needle,23,8,3226,4.025211316227015,0.9589263935120663,0.39262712056645543,0.01175764067327556,0.6817298627642358,0.45611570811117386,1.4766358679127578,0.1358951497972661
needle_late,needle,23,9,3226,4.461274290093211,0.9587771838166238,0.39262712056645543,0.005531913287211587,0.5964256677882493,0.62177198675109,4.127997012400579,0.28906911055915985
needle_late,needle,23,10,3226,4.39530252923238,0.9524866382422982,0.39262712056645543,0.05569390608618807,0.6280499621810682,0.5075421980314246,2.325446538701753,0.3635767155220152
needle_late,needle,23,11,3226,4.789086114123014,0.9362911526265432,0.39262712056645543,0.0040625900363018275,0.5390770901469532,0.8306978819916424,5.747252495825911,0.25519488975518734
needle_late,needle,23,12,3226,4.275826159528247,0.9694816809322235,0.39262712056645543,0.1406343993496728,0.6091386834786797,0.5673451079137357,7.415655862464072,0.27839633873754105
needle_late,needle,23,13,3226,4.799609655813125,0.9506122289939325,0.39262712056645543,0.11883561595882997,0.5130943871279519,0.716851700392822,2.9146192902197257,0.33497509804122416
agent_prefix,agent,0,0,857,1.7792984799210012,0.9937140642534833,0.05176916145104987,0.04132173874936029,0.9769947471790756,0.020572131338285036,0.14640480327558178,0.4108006708777561
agent_prefix,agent,0,1,857,0.015707954530760456,0.9988239338492312,0.05176916145104987,0.5976767878037208,0.9999896870795033,8.671258901532671e-06,0.545459176961779,0.6871297754838867
agent_prefix,agent,0,2,857,3.5084247686645265,0.954366924484025,0.05176916145104987,0.00309655999811298,0.7062177720704158,0.23035928744345718,0.8391857533400167,0.5510254562885241
agent_prefix,agent,0,3,857,6.035170450337835,0.6241780595249622,0.05176916145104987,0.01559825716444152,0.15876689354563595,0.24663794513920326,0.6375391190346201,0.19276316377272726
agent_prefix,agent,0,4,857,1.9991067741226107,0.9933786678615336,0.05176916145104987,0.7316395034670791,0.9965319825929146,0.002795265184384217,0.8671118699537363,0.29112161865187114
agent_prefix,agent,0,5,857,1.3748263434229164,0.9961093993099515,0.05176916145104987,0.38721121508757506,0.9999957789183072,4.3948732724267e-06,1.0014761021216212,0.9655970037987411
agent_prefix,agent,0,6,857,2.675185932779362,0.9725580348590962,0.05176916145104987,0.06298241078843603,0.8606413093926624,0.1272036839625511,0.6623660687445615,0.33427931372383946
agent_prefix,agent,0,7,857,0.1142460188806614,0.9987505002668016,0.1848139142450228,0.08800646106030285,0.9999780010027696,1.7734222867545247e-05,0.013982549471040058,0.20983276170180357
agent_prefix,agent,0,8,857,4.811341857047254,0.8936264593399867,0.1848139142450228,0.00414533169691822,0.2966326020455224,0.14224663181166905,0.38332991852838294,0.7400864294047015
agent_prefix,agent,0,9,857,3.180405874991736,0.973827371104868,0.1848139142450228,0.1010992940437987,0.8453827732249706,0.20294580850987498,2.084247256436942,0.8284030980375494
agent_prefix,agent,0,10,857,5.951276235981787,0.6548932113663007,0.1848139142450228,0.05622846396320824,0.172278053376297,1.1178932750135573,1.064642088329896,0.8852172765432424
agent_prefix,agent,0,11,857,1.8146173965464436,0.9864842047550471,0.1848139142450228,0.036826779013267696,0.9303784103335399,0.08122312394031493,0.2498972024891901,0.7614585335172503
agent_prefix,agent,0,12,857,5.098010428352878,0.8414144688286441,0.1848139142450228,0.058503797525986556,0.33922677303600174,0.38799900733256293,1.8358360434102012,0.2891431600554637
agent_prefix,agent,0,13,857,0.7000718982698935,0.9975571894634813,0.1848139142450228,0.023556931335789955,0.9929532899487115,0.007344466912409899,0.2098960800094159,0.21659689895112783
agent_prefix,agent,1,0,857,3.275167775877807,0.9636295675767239,0.2746857175454035,0.03134914051412352,0.7990038313417274,0.2695016316621685,0.9187593673566447,0.2746029229534003
agent_prefix,agent,1,1,857,4.588297663796087,0.8689479843578438,0.2746857175454035,0.02383831329423458,0.5123204421960245,0.4956362181964019,0.5624997254472577,0.2826807084129767
agent_prefix,agent,1,2,857,2.724055487112084,0.9758200287968912,0.2746857175454035,0.18416407980813965,0.8710723615496904,0.12145622152363587,0.14330540218572566,0.16117240754183254
agent_prefix,agent,1,3,857,5.599797647150584,0.6962820592361268,0.2746857175454035,0.03726188624345195,0.3094372563506559,1.317095968272476,2.745498667540607,0.11436327882531201
agent_prefix,agent,1,4,857,2.7762012212525375,0.9723906080468445,0.2746857175454035,0.27325672930125133,0.873713162224357,0.1506026240566538,0.2965222996307648,0.21662183653237538
agent_prefix,agent,1,5,857,5.441822405445278,0.7546638214225949,0.2746857175454035,0.02374058198928708,0.3355359910840728,0.7582143463003612,1.9811739370240222,0.10125098831847798
agent_prefix,agent,1,6,857,4.1801188735604455,0.890984287142359,0.2746857175454035,0.03326294711353395,0.5915767119272444,0.417260487725257,0.5891939391349951,0.12374897021458796
agent_prefix,agent,1,7,857,5.836503596367874,0.6465146870652263,0.03694723908264172,0.029261568946196803,0.2398056353686277,0.19106550940315287,0.21747378671042686,0.42713600470128066
agent_prefix,agent,1,8,857,1.2201202430959586,0.9968538103500102,0.03694723908264172,0.052963976963660286,0.998482106672895,0.0009593323860987417,0.003547451592526245,0.1917704945552246
agent_prefix,agent,1,9,857,1.012263172734857,0.9971874816138603,0.03694723908264172,0.1118198708629734,0.9960872950548435,0.0020260710952259677,0.005757903641730367,0.229413349816082
agent_prefix,agent,1,10,857,2.8365038604257546,0.9824421483509769,0.03694723908264172,0.0856290208050936,0.8875556347359307,0.059177785776660254,0.1374420757274009,0.15207555830483238
agent_prefix,agent,1,11,857,3.2222292252772053,0.9625250987372004,0.03694723908264172,0.06145991800481454,0.8170285122673265,0.07667460318948949,0.16895779799266378,0.19318495701368324
agent_prefix,agent,1,12,857,4.8287782290483925,0.8284412684205157,0.03694723908264172,0.07308818856716925,0.5064225063528541,0.3016513765625102,0.490289226352341,0.5409559391361498
agent_prefix,agent,1,13,857,5.674936924611449,0.7260463299961969,0.03694723908264172,0.056149885079037176,0.23951536186489078,0.16228703947122697,0.27785239463121925,0.2827273016732461
agent_prefix,agent,2,0,857,2.36502334631365,0.9754164745437159,0.18143929223000735,0.041796447320685104,0.920273994017853,0.08980288376318055,0.13077550476693298,0.2614236177040547
agent_prefix,agent,2,1,857,2.994499362469128,0.9706854304626015,0.18143929223000735,0.020032627982192963,0.8618001181179631,0.17447159663754408,1.2982498955842647,0.31393374277060626
agent_prefix,agent,2,2,857,2.640755804447004,0.9774192436649545,0.18143929223000735,0.11745457307760887,0.8759080938873676,0.13278255812735631,0.7213235109301043,0.32177396694811294
agent_prefix,agent,2,3,857,0.9354778503178834,0.9973513581647575,0.18143929223000735,0.20249568006822471,0.9974943086636822,0.002338573958044098,0.028663911964730074,0.20938550885706322
agent_prefix,agent,2,4,857,1.8924504410050762,0.9922744247163088,0.18143929223000735,0.0030691706640944005,0.9804819342375027,0.019084745126041712,0.24595253148351015,0.21277141897621404
agent_prefix,agent,2,5,857,5.641345197107862,0.6859228851399334,0.18143929223000735,0.016244015905556353,0.3046338174007037,1.2164348908490008,2.4041312266228276,0.3980571764205587
agent_prefix,agent,2,6,857,1.669232450061247,0.9940143952700813,0.18143929223000735,0.13974877183052925,0.9841266327707009,0.01867783454323746,0.24573001904334693,0.2134061562672714
agent_prefix,agent,2,7,857,4.043908823174075,0.9224071832117714,0.17871704903406635,0.033189291708822566,0.6215305481533371,0.38867892483975464,0.8263421123735237,0.15158308906087384
agent_prefix,agent,2,8,857,2.430276318895038,0.9833375708176518,0.17871704903406635,0.05022520988214296,0.926784650646153,0.09642101287525547,3.7524518399090225,0.6849277522305414
agent_prefix,agent,2,9,857,3.550312710287151,0.9424440563987102,0.17871704903406635,0.09851260947444018,0.7217592249984022,0.4469029208392192,1.6651183000857417,0.9139850180140465
agent_prefix,agent,2,10,857,3.089430709914974,0.960697519498646,0.17871704903406635,0.1626533842437361,0.8471935582735862,0.2105466728315531,0.4025126148773069,0.6255358244317846
agent_prefix,agent,2,11,857,4.609722860980902,0.8938571038104494,0.17871704903406635,0.1458069237293742,0.4664747104021332,0.5666452489292497,0.7740068161900759,0.26276372833086314
agent_prefix,agent,2,12,857,2.9796160969422405,0.9702410436490181,0.17871704903406635,0.07537286194920512,0.8374033385393824,0.21494538493356422,0.7739417438341106,0.6495190689380227
agent_prefix,agent,2,13,857,4.387516934033983,0.8847107211198759,0.17871704903406635,0.14960825296187608,0.573822445821218,0.5410916831063536,0.9507979206819456,0.31324560920916655
agent_prefix,agent,3,0,857,1.0877818930978638,0.9927402647552319,0.08051501851240914,0.006504124847444892,0.9598976848120879,0.17421749573621922,6.918189191173287,0.817722770088077
agent_prefix,agent,3,1,857,1.9572277783351038,0.993090785955047,0.08051501851240914,0.05917807218509097,0.987860752924705,0.011702215264466097,0.051751930560779334,0.2944588792871492
agent_prefix,agent,3,2,857,2.449864858459434,0.9890023747118898,0.08051501851240914,0.03312616990787287,0.9539503154532675,0.0456003669994513,0.08510283256010676,0.23401126492169808
agent_prefix,agent,3,3,857,3.9121853488910623,0.8887870366035595,0.08051501851240914,0.0804863769124946,0.6619373827657073,0.4028945756826511,1.3361566637925726,0.1827358445312075
agent_prefix,agent,3,4,857,1.2392603491412062,0.9966806505093206,0.08051501851240914,0.03460929009642122,0.996989318230226,0.005708805745172798,0.06989245446040525,0.8852610491263159
agent_prefix,agent,3,5,857,1.1672850134435784,0.9966850842633459,0.08051501851240914,0.007514870263131357,0.995297102019015,0.008824003836652489,0.07243541492871354,0.7709255087032283
agent_prefix,agent,3,6,857,2.7321452086396145,0.9832545318526084,0.08051501851240914,0.02977248938150101,0.9047673118357972,0.10749018326720396,0.4296003722399482,0.19707225909221282
agent_prefix,agent,3,7,857,2.1752929826024054,0.9829785221717698,0.2560330718536675,0.056186002433197046,0.8940216522324098,0.1240681827151148,0.25870947727524374,0.2227067204466607
agent_prefix,agent,3,8,857,1.7722185153684002,0.9847826055923098,0.2560330718536675,0.015578572493645026,0.9435694601380052,0.060028006117236465,0.3910681410830411,0.16484793824535987
agent_prefix,agent,3,9,857,3.6661140926350013,0.8885876822689508,0.2560330718536675,0.23687267968399306,0.7149538480084799,0.408871140816381,3.950656920686634,0.7891734978636955
agent_prefix,agent,3,10,857,1.7657044470961003,0.9876511342707731,0.2560330718536675,0.08980063442570696,0.930969712138095,0.06917904772477373,0.14175912026312418,0.16864938244083685
agent_prefix,agent,3,11,857,1.6614900534813668,0.9705706993638623,0.2560330718536675,0.00597077114507627,0.8638732713794005,0.11500218770117959,0.21694789014820345,0.17923891547185994
agent_prefix,agent,3,12,857,2.1643115444785765,0.9896362884583865,0.2560330718536675,0.01983267546595613,0.9637940138579728,0.039574926020847494,1.2435919990934914,0.3301095819718138
agent_prefix,agent,3,13,857,2.01469873205998,0.9541501197893713,0.2560330718536675,0.05284018422365122,0.8310068943559605,0.18052561208437135,0.46195773173512483,0.19007812572463748
agent_prefix,agent,4,0,857,1.9291447540994389,0.9935032635776987,0.18733724735094254,0.364592128586116,0.9956861874871378,0.0045010257008104996,0.6357682463611178,0.23444980208818558
agent_prefix,agent,4,1,857,2.0151194149122826,0.9913999916627726,0.18733724735094254,0.17653195342738837,0.9853271968023215,0.016471665820623507,0.35082627685698925,0.26349623216071616
agent_prefix,agent,4,2,857,2.0935083948986426,0.983112229519307,0.18733724735094254,0.1128890247708707,0.9538799106984024,0.055882838840102714,0.35071382418973157,0.21439355525954545
agent_prefix,agent,4,3,857,2.7820227226875627,0.9586545312337849,0.18733724735094254,0.14742773866132364,0.8612918055929081,0.3258979105690187,1.8265677187305442,0.3769894920507607
agent_prefix,agent,4,4,857,1.86828995138151,0.9940299399268622,0.18733724735094254,0.037454957577127246,0.9964178789871126,0.004707506808895565,0.18669190692048104,0.29858127796035067
agent_prefix,agent,4,5,857,1.4112363986558758,0.9925416316588831,0.18733724735094254,0.029658860605993098,0.9789290172386126,0.04467239059180346,2.426554253745207,0.33368440192745885
agent_prefix,agent,4,6,857,1.5384542469285427,0.9953586197353923,0.18733724735094254,0.10606152272872471,0.9950138814366576,0.005256677517563424,0.9879755016483426,0.2425335296517425
agent_prefix,agent,4,7,857,4.0624775139864635,0.8976463756809367,0.2486690159432551,0.09368940875496135,0.6294228486101788,0.5598442713782269,2.529298165901035,0.2689150883160159
agent_prefix,agent,4,8,857,4.103366799416124,0.8907821064530026,0.2486690159432551,0.08135093377998004,0.6001131375383295,0.6064178946357313,0.7875059530615556,0.37635446965848246
agent_prefix,agent,4,9,857,4.079747979462714,0.9352956826759924,0.2486690159432551,0.054740997419148396,0.6214105674324025,0.39658060994580674,0.5879871971239695,0.2201523804854543
agent_prefix,agent,4,10,857,2.319688518457945,0.9845978914910523,0.2486690159432551,0.1482334127231688,0.9309507468265179,0.07667480481311745,0.49189546241701854,0.39211636154159046
agent_prefix,agent,4,11,857,3.06364468628026,0.9679114396139901,0.2486690159432551,0.030332277573484667,0.8512155267878464,0.1652719896098572,1.0314457564008788,0.2441825705720218
agent_prefix,agent,4,12,857,0.9649249889805638,0.9963806210261336,0.2486690159432551,0.004272200912893709,0.9884292679139401,0.01372964870868858,1.835449750563029,0.28052950116422126
agent_prefix,agent,4,13,857,4.6242621319178845,0.8455979955462638,0.2486690159432551,0.03923392084937238,0.49242330728138134,0.6214357688588195,1.0093991431367222,0.18522999394578477
agent_prefix,agent,5,0,857,0.5579303595909111,0.9963599827954546,0.19210063021229049,0.005385261682507192,0.9832650637945229,0.05443391555001975,0.1640600742441414,0.21953147647947893
agent_prefix,agent,5,1,857,1.7307556786756273,0.9930937516282978,0.19210063021229049,0.15742099808878596,0.9751502169642963,0.03432142034684558,2.0093285199731175,0.23763058815134067
agent_prefix,agent,5,2,857,1.36646441703064,0.9916219120961626,0.19210063021229049,0.13357501712785425,0.951288831283643,0.1081981685408988,3.367015641958152,0.23644159414298452
agent_prefix,agent,5,3,857,1.996250322794448,0.9921509392108198,0.19210063021229049,0.14041428304998016,0.9719516662579732,0.025654699754385148,0.36214460091126677,0.15146818795942854
agent_prefix,agent,5,4,857,2.2248801628619574,0.9894844744647933,0.19210063021229049,0.12279154605136888,0.9596513457327078,0.05138200118661771,1.4685949607490776,0.25284910039691383
agent_prefix,agent,5,5,857,1.881932463441275,0.991149398931692,0.19210063021229049,0.11960741491493287,0.9644778294676316,0.05387417818639537,0.7458240922487762,0.31426589484591716
agent_prefix,agent,5,6,857,2.8458779002319283,0.9610660028052024,0.19210063021229049,0.21378312611708594,0.8581508254693434,0.14441574776622937,0.7640736736548248,0.11463475996974548
agent_prefix,agent,5,7,857,2.928556212856701,0.9798081348827635,0.23453830726130798,0.3597299871085833,0.8908849910722006,0.09537427561612917,1.1869291439733154,0.12700170798032684
agent_prefix,agent,5,8,857,3.620965601315498,0.9551449004668223,0.23453830726130798,0.03043419142996362,0.7170842395592077,0.3086413403024176,1.4922954395173464,0.12345846747798016
agent_prefix,agent,5,9,857,0.6608272890210554,0.9975853651681622,0.23453830726130798,0.12534077684846778,0.9942980697992829,0.006010811057843228,1.9802950737965828,0.2663644228972384
agent_prefix,agent,5,10,857,2.3633834905385664,0.954629669377046,0.23453830726130798,0.09790212224899797,0.8592980863628202,0.26062696722961776,2.735753568610856,0.22789472531778654
agent_prefix,agent,5,11,857,2.028294018538766,0.9724157811402546,0.23453830726130798,0.24121894846684278,0.8719390848608211,0.2498594850993074,2.819588025319811,0.26669683073386824
agent_prefix,agent,5,12,857,3.5830857859121044,0.9408814412997574,0.23453830726130798,0.053067566018614176,0.706722884149562,0.3441605334322476,1.9129119211884587,0.21134276843353925
agent_prefix,agent,5,13,857,3.265192567686335,0.9664969668905424,0.23453830726130798,0.12000306638524272,0.7789581413880093,0.22401486589486555,2.9167375847494137,0.12762774087403495
agent_prefix,agent,6,0,857,5.403822037020131,0.7266504122698252,0.1584148395512589,0.0031613977308984076,0.32011431261766915,0.9151427232200701,1.1499427089737406,0.09862845190290755
agent_prefix,agent,6,1,857,2.8834568530507565,0.9762947908058506,0.1584148395512589,0.023023049590466194,0.8814937842787055,0.17087550514627114,0.391218292151546,0.2272084397273479
agent_prefix,agent,6,2,857,4.02119458533289,0.8176440115731661,0.1584148395512589,0.11835252027724064,0.5836615950204099,0.9637229644845327,1.5840704741276017,0.23843118172567407
agent_prefix,agent,6,3,857,5.048823423793227,0.729973763429478,0.1584148395512589,0.07173337590253936,0.4391021331227938,0.9115317073670819,1.1070412215951393,0.13207375903739524
agent_prefix,agent,6,4,857,1.7592768534758962,0.9926557582977753,0.1584148395512589,0.2718735155363028,0.9803260110052754,0.0220214606630463,0.19338667163984885,0.3656901878398349
agent_prefix,agent,6,5,857,3.368736244999777,0.9488835651349043,0.1584148395512589,0.2750373175544043,0.8170037777054003,0.24096893096941965,0.3706080537810181,0.16624904537946572
agent_prefix,agent,6,6,857,2.25983131640836,0.9887481554665385,0.1584148395512589,0.12834460851588858,0.9742703747315385,0.025705410765185253,0.09890239558627183,0.2447188699396398
agent_prefix,agent,6,7,857,4.040478463233187,0.9092031081068118,0.15239737457948646,0.24933173288285815,0.6594826791379623,0.2452567759334239,0.7891098988604389,0.1328805298020992
agent_prefix,agent,6,8,857,3.1991956763419567,0.95601654028483,0.15239737457948646,0.01353151705668676,0.7833176911376689,0.291937412388803,0.7079133909187776,0.20044900982236374
agent_prefix,agent,6,9,857,0.8630814243487426,0.9967732966968303,0.15239737457948646,0.043377866366649975,0.9932456059246725,0.00778181763662209,0.02206973396314798,0.17739425300263498
agent_prefix,agent,6,10,857,2.6955188583743572,0.9845714528122766,0.15239737457948646,0.029810705908160706,0.9527521516938345,0.034277293984575546,0.2756839478097946,0.4249371256176629
agent_prefix,agent,6,11,857,2.7380094814739113,0.9774937179182318,0.15239737457948646,0.05631629845713837,0.8860947687521512,0.1276174424897538,0.6072685776233052,0.21124919933044414
agent_prefix,agent,6,12,857,1.9150904527045236,0.9919845734470477,0.15239737457948646,0.39963873892041146,0.9767226246793032,0.024167986445587503,0.1993005195954399,0.634152721849271
agent_prefix,agent,6,13,857,3.91103069027408,0.9411320325433591,0.15239737457948646,0.017927460561979025,0.6720667189509528,0.21878153742866915,0.43119113194097397,0.12164062809390276
agent_prefix,agent,7,0,857,0.8060056987340122,0.9969849455743939,0.17544817257635298,0.0030061474467393268,0.9963600355477962,0.009959812210856088,0.49081279170800096,0.32254255452101444
agent_prefix,agent,7,1,857,1.7296313749722478,0.9928053241143788,0.17544817257635298,0.16304488187441635,0.9855694067999732,0.022502737008276635,0.9147983248379805,0.19410510172827883
agent_prefix,agent,7,2,857,2.394297402421177,0.9833959315362333,0.17544817257635298,0.06267585929264374,0.9574804531834867,0.046436669900065695,0.9385008412610161,0.29457749817365836
agent_prefix,agent,7,3,857,1.0526625725487224,0.9964786697152997,0.17544817257635298,0.09723109811731945,0.9953372129312281,0.011406760687381765,0.991256870374719,0.42883229862508265
agent_prefix,agent,7,4,857,1.219112155641779,0.9947491357723212,0.17544817257635298,0.2797682473796854,0.9901823298525865,0.009132098119064798,0.8206492455248867,0.1343945174379733
agent_prefix,agent,7,5,857,2.092785848211328,0.992225863101499,0.17544817257635298,0.09496463259683097,0.9923332545404887,0.007080999392868181,0.9426577400326744,0.24298291295721072
agent_prefix,agent,7,6,857,2.0338867761225594,0.9925719193442687,0.17544817257635298,0.16035525317207622,0.9910059359889991,0.008195518788437767,1.119153059243153,0.32397389600896614
agent_prefix,agent,7,7,857,1.4606434288119936,0.9954069165853404,0.11879931726404139,0.3944874386564212,0.990177367256017,0.01692116770424292,1.1868459115957564,0.770061580959921
agent_prefix,agent,7,8,857,2.188617667046099,0.9901537008153646,0.11879931726404139,0.0691756538060293,0.9510457344537768,0.045111236150357954,1.1017392945637485,0.32435344243127945
agent_prefix,agent,7,9,857,0.9847428871935643,0.9967996081126315,0.11879931726404139,0.3876281897178293,0.9942304294820106,0.01784130520917952,1.1380581102744294,2.6316414065044285
agent_prefix,agent,7,10,857,1.6474089003127297,0.9941987554146341,0.11879931726404139,0.1689371149510146,0.9885241972926017,0.010546111355914616,1.1362960125521866,0.5454361208084848
agent_prefix,agent,7,11,857,1.5478946447876603,0.9957349275979136,0.11879931726404139,0.04465265325535661,0.9995223635139198,0.00047890424052229646,1.1230477127428649,0.6035299798802333
agent_prefix,agent,7,12,857,1.8133363406973804,0.9916058422106492,0.11879931726404139,0.19656162262450128,0.9733792590685891,0.042780382938737205,1.3300118712654323,1.2833629031379223
agent_prefix,agent,7,13,857,2.789053618205197,0.9796537359438735,0.11879931726404139,0.027324566024415464,0.8971184423001596,0.06700525232464914,1.0901499801415566,0.20158849345208216
agent_prefix,agent,8,0,857,3.479687017141873,0.9344112479858664,0.18155435700073747,0.015518104184700121,0.7606337306622871,0.3254773766381756,1.2377525657864932,0.24718333521681335
agent_prefix,agent,8,1,857,2.7786650207272574,0.9754674940374876,0.18155435700073747,0.2064211476412261,0.9047634810738518,0.10626981459272876,0.5578339358097842,0.3590630675222295
agent_prefix,agent,8,2,857,2.5774054872638974,0.9863940342686618,0.18155435700073747,0.11165193296508136,0.9603153037970155,0.044070848926619825,0.28674475635615737,0.264737868015703
agent_prefix,agent,8,3,857,0.009270549891989346,0.9988295950661454,0.18155435700073747,0.5960196758169332,0.9999999975291642,2.8446132543662563e-09,5.532025388655346e-05,0.1287431261506298
agent_prefix,agent,8,4,857,2.042436627542142,0.9928956432122352,0.18155435700073747,0.300670299890367,0.9946304390123041,0.005888305552544575,0.08230912523796596,0.27093210606529905
agent_prefix,agent,8,5,857,2.083987850936812,0.9917964408708227,0.18155435700073747,0.08997801500635205,0.9859212470426828,0.015533911864044979,0.1677061397205146,0.21766242791908513
agent_prefix,agent,8,6,857,2.2277204830339175,0.9875263502399374,0.18155435700073747,0.006643814155800953,0.9702973799464089,0.036695158987892405,1.1566936017677485,0.2601832030251174
agent_prefix,agent,8,7,857,0.9527078706791875,0.9974553644740985,0.20382276138161554,0.07030511983627896,0.9985607259678339,0.0014049591551575768,1.3004214367336024,0.12855286571359106
agent_prefix,agent,8,8,857,1.607865130848924,0.9939911204235218,0.20382276138161554,0.025604495791212933,0.987389326218107,0.015742605992286097,2.9558238405760533,0.150982801115597
agent_prefix,agent,8,9,857,2.0151595951665064,0.9914599013910903,0.20382276138161554,0.0751495579321535,0.977290244094888,0.026582721629260914,2.3902624549437004,0.1449568530241949
agent_prefix,agent,8,10,857,1.9240438129389124,0.9878988070430653,0.20382276138161554,0.23123544028922716,0.9628453727203101,0.05345734520557126,2.960556104869859,0.4714541187720438
agent_prefix,agent,8,11,857,1.856311139477758,0.9893678956129824,0.20382276138161554,0.21621780316812123,0.9738990606532358,0.03696222610083425,2.9065878624214436,0.329038942272172
agent_prefix,agent,8,12,857,1.8482370867759195,0.992369960179786,0.20382276138161554,0.15556926585495479,0.9838890000174972,0.019450156886996677,2.876350357654319,0.1454899390698997
agent_prefix,agent,8,13,857,2.0681193870836267,0.9847163680062776,0.20382276138161554,0.2511924487030095,0.9556883490432755,0.06235208008918966,3.1507952714278025,0.22940807018736126
agent_prefix,agent,9,0,857,1.1947581240352374,0.996589676053643,0.1785407729003401,0.026239796239831747,0.9973398424625064,0.005772388267051487,0.6153275515472766,0.5373737491058947
agent_prefix,agent,9,1,857,1.4026005106673072,0.9955108988978172,0.1785407729003401,0.003224758054907184,0.9953741313616792,0.0039546787321508604,0.04722610115758233,0.1313782550947798
agent_prefix,agent,9,2,857,2.7411900674617042,0.980960399432778,0.1785407729003401,0.12140052466749607,0.9103468542574804,0.08091372979795881,1.434690731469647,0.2621519790994553
agent_prefix,agent,9,3,857,2.7327713582876294,0.9788441796922019,0.1785407729003401,0.2942795899401931,0.926505647203181,0.07895757782729794,1.4039191080605005,0.35116059735786337
agent_prefix,agent,9,4,857,0.8971462288534651,0.9959471443386251,0.1785407729003401,0.15004800578644328,0.986135917979644,0.033358385927634605,0.47001236534355245,0.29696566937698554
agent_prefix,agent,9,5,857,2.133820513906752,0.9923221919720825,0.1785407729003401,0.4087804215754116,0.9937385143084658,0.007247482385739548,1.2181312723816748,0.2891480007605974
agent_prefix,agent,9,6,857,2.9227678753626316,0.9803058083866132,0.1785407729003401,0.24260461016515245,0.9087171404231275,0.07192195503978133,1.294343829776015,0.155691246226419
agent_prefix,agent,9,7,857,0.0010930214953586762,0.9988324973269158,0.054444308948744635,0.03465860330641668,0.9999982344000633,1.3726783538548454e-05,8.33342305229718,0.13315968144341436
agent_prefix,agent,9,8,857,0.20816110562115797,0.9986664416189974,0.054444308948744635,0.0032283790113663002,0.9996313016524443,0.0033142135269589017,10.010954313861564,1.2360636481345801
agent_prefix,agent,9,9,857,0.14431760277035166,0.9987470429242524,0.054444308948744635,0.39240030801654413,0.9999412062714261,0.0005307757225509022,9.679602731175523,0.7504766622856838
agent_prefix,agent,9,10,857,0.3083336580954401,0.9983694238496612,0.054444308948744635,0.12781796582198357,0.997915406468748,0.02114692498843162,10.608380398338294,1.5418102457693148
agent_prefix,agent,9,11,857,0.23815470864487412,0.9978945175703133,0.054444308948744635,0.12517129817876338,0.9942149008795973,0.0465090446226671,10.048985830833134,1.4327500864042735
agent_prefix,agent,9,12,857,2.747513173417072,0.9609127437097148,0.054444308948744635,0.01845570327518331,0.8003547783582792,0.3332813913230586,1.7984867880323698,0.8379698069412255
agent_prefix,agent,9,13,857,1.5875446531037933,0.9929432908684227,0.054444308948744635,0.08300019016845717,0.9621569938863771,0.05243777271424659,1.2719340946980386,0.5332789655616146
agent_prefix,agent,10,0,857,2.815172863840299,0.9710007347252221,0.09013436337650822,0.07788823047559124,0.8383721422676411,0.29317369318876546,0.8533892470584564,0.2084956508124547
agent_prefix,agent,10,1,857,2.4821413587893337,0.9652023100601309,0.09013436337650822,0.018679613857203847,0.8158025870389674,0.4144541961124075,0.7387975672222693,0.17860215881484737
agent_prefix,agent,10,2,857,1.49829119625374,0.9957803568417547,0.09013436337650822,0.3148798031495197,0.9964664084143894,0.005712647629935757,0.010593027549128185,0.5585606224134891
agent_prefix,agent,10,3,857,2.0484426952681174,0.99259014717115,0.09013436337650822,0.03967681532789591,0.9843151746776082,0.027432614570856724,0.18964421621903954,0.18589885953197025
agent_prefix,agent,10,4,857,2.6265335155048346,0.9686407498495093,0.09013436337650822,0.06929607868974941,0.8408927572330571,0.34299304904994504,0.912056732419415,0.20349564140527368
agent_prefix,agent,10,5,857,2.768353186774587,0.9784379895705806,0.09013436337650822,0.025467780466112533,0.9137514049302503,0.13513973423450001,2.8931876561568517,0.16524785544252862
agent_prefix,agent,10,6,857,0.6865348176322283,0.9980775676604221,0.09013436337650822,0.03136696276416995,0.9992671876117649,0.0009782527209833962,0.023122095115964546,0.1649672598692372
agent_prefix,agent,10,7,857,2.803759787984479,0.9668563165114862,0.2294248650599023,0.08508407738458645,0.8465774783568311,0.1558226513643805,0.6037968865807452,0.19873140999746938
agent_prefix,agent,10,8,857,3.1167754874767706,0.9739701057833536,0.2294248650599023,0.3626052391162886,0.8168467097011243,0.12613695727713364,0.9712012473955394,0.3201845044776329
agent_prefix,agent,10,9,857,4.262131410602334,0.910739571273313,0.2294248650599023,0.015028069845663516,0.6032834353144899,0.3397711962555034,0.8006150415169645,0.19786710603453148
agent_prefix,agent,10,10,857,3.6108196733971294,0.9553806869913058,0.2294248650599023,0.04302339766385499,0.7341362146274955,0.21206157042388815,0.8296698107410442,0.3945838795983297
agent_prefix,agent,10,11,857,3.8365787664188353,0.9490950479464993,0.2294248650599023,0.21696710456102908,0.6872767759566981,0.22583876327886176,0.4583916359848975,0.16305712915482387
agent_prefix,agent,10,12,857,4.153660041570653,0.9286297011365203,0.2294248650599023,0.11848207192970794,0.6270067002824558,0.30472371848798796,0.597878601735173,0.2701964084434349
agent_prefix,agent,10,13,857,3.7028170169040213,0.9311391684561147,0.2294248650599023,0.19176081904041542,0.7236252831691796,0.3223706331949348,0.9855471389215594,0.14684654077788087
agent_prefix,agent,11,0,857,2.724300448269288,0.9797272361921703,0.10636537062199672,0.025004480585566036,0.9190426245066017,0.08282519090130411,0.25863046005134416,0.17875252504586178
agent_prefix,agent,11,1,857,4.066901444860365,0.8902717450590979,0.10636537062199672,0.09571665180306876,0.5816338562112036,0.5804022624371428,1.513145609379908,0.16551901401963942
agent_prefix,agent,11,2,857,4.35258774309377,0.8527704335400818,0.10636537062199672,0.006253135609796789,0.5875249126831888,0.65494281471613,1.293868081813401,0.13980971347214427
agent_prefix,agent,11,3,857,4.4678132545542635,0.8213333789084705,0.10636537062199672,0.012797084684833315,0.5395586459951962,0.7571780725902746,1.255822974416888,0.13840573823980604
agent_prefix,agent,11,4,857,4.114215367653211,0.9258316492622403,0.10636537062199672,0.05117929073509586,0.6267534575339483,0.22011781050994766,1.1008917525825126,0.13610095192422558
agent_prefix,agent,11,5,857,3.064230704852715,0.9566826584725533,0.10636537062199672,0.006078605233832635,0.8533662811774472,0.14299761672711728,0.23206607548221225,0.1523881264823851
agent_prefix,agent,11,6,857,3.2718452210499867,0.947246594073412,0.10636537062199672,0.125352377620493,0.836026668381867,0.18683473111757273,0.3065441210032283,0.14938675164867085
agent_prefix,agent,11,7,857,6.03074235389952e-05,0.9988330967367189,0.037484904976777714,0.24495719326669274,0.999999897069791,1.8801602519028924e-06,6.770497631066721e-05,0.16015304762489485
agent_prefix,agent,11,8,857,1.3332557990395908,0.9835236918581544,0.037484904976777714,0.009492157755292663,0.9207495006389502,0.4580128813432171,1.0179949578412104,0.33430593321686936
agent_prefix,agent,11,9,857,0.07603093661851149,0.9987828243372161,0.037484904976777714,0.4039078563518341,0.9998610007905508,0.0024783223940211276,0.026551283604229446,0.18782687746792356
agent_prefix,agent,11,10,857,0.3309530490655964,0.9980041855360902,0.037484904976777714,0.03235655437982654,0.9965052646758089,0.06307531693829574,0.784837165321883,0.3297204916718483
agent_prefix,agent,11,11,857,0.0013544776140127536,0.9988319233005198,0.037484904976777714,0.013719633155796274,0.9999945704225521,9.606960869567232e-05,0.0015549385111126135,0.16038572028066933
agent_prefix,agent,11,12,857,0.39606287430173504,0.9981339251191033,0.037484904976777714,0.263595426144807,0.9967257114758197,0.03861365078162561,0.2638960553334029,0.48740207527584056
agent_prefix,agent,11,13,857,4.341885282848703e-07,0.9988331385918695,0.037484904976777714,0.1607236952386195,0.9999999982433346,3.114027659229399e-08,3.0731341587124387e-07,0.16013917603082317
agent_prefix,agent,12,0,857,0.520672598486337,0.9982945974912992,0.09554548537067958,0.2550527175069872,0.9992140552947633,0.0009370046656480389,0.014231212629188047,0.11547591542360366
agent_prefix,agent,12,1,857,2.581097464993011,0.9856422371972808,0.09554548537067958,0.1150706429495938,0.9318911055190917,0.0819281195868492,0.7787759837647726,0.12338292872064188
agent_prefix,agent,12,2,857,3.01437283379263,0.9728061383443186,0.09554548537067958,0.6401389633844952,0.9156050213126378,0.10739128210374871,0.16324533022919996,0.14900632996585714
agent_prefix,agent,12,3,857,2.857987933122284,0.9608865782670509,0.09554548537067958,0.022621302577005675,0.783473780232926,0.41001750946987914,0.6901660511263688,0.17725584670233882
agent_prefix,agent,12,4,857,3.1600949612579083,0.9392679301526928,0.09554548537067958,0.04338520989008998,0.7852924871536283,0.32469384802780143,0.45348579069899864,0.1460577191055326
agent_prefix,agent,12,5,857,3.4259859898532907,0.9641852510534431,0.09554548537067958,0.08448433367577568,0.80770152617664,0.158446339666206,0.35566284683056654,0.11338872566484623
agent_prefix,agent,12,6,857,2.5156989105462384,0.987034493679247,0.09554548537067958,0.4430619082781968,0.9520520974870339,0.05632509930300765,0.3247984561037892,0.12614099917970906
agent_prefix,agent,12,7,857,2.976668124295625,0.9791982875279356,0.17582703827084098,0.014226222026326063,0.893874954167333,0.12281876967321377,1.4513351912125423,0.3153099703655213
agent_prefix,agent,12,8,857,2.36163548362228,0.9896513885857549,0.17582703827084098,0.11843777702567015,0.9601419963454904,0.05130179924988744,1.1005307247138028,0.414909175911337
agent_prefix,agent,12,9,857,2.8084499749448426,0.9790428295946001,0.17582703827084098,0.11283738809866772,0.91716115522664,0.07132661563886812,1.3435938395486902,0.34100665214516634
agent_prefix,agent,12,10,857,2.7349753986881638,0.9832181677529884,0.17582703827084098,0.18902304608339593,0.9150043365326869,0.10648863402254903,1.269660095726413,0.4624416464442623
agent_prefix,agent,12,11,857,2.280833604125184,0.9800849932497223,0.17582703827084098,0.504325538958891,0.9164773732660559,0.12236005103275595,1.0937534387987877,0.5203492795866757
agent_prefix,agent,12,12,857,2.213125628311898,0.9913693337743702,0.17582703827084098,0.5004269305153017,0.9831995067380116,0.018180873107843873,1.0213546196924672,0.44166970585362114
agent_prefix,agent,12,13,857,2.984400390165466,0.968821519087464,0.17582703827084098,0.030547290665249083,0.8804621077090018,0.13208523603536726,1.2718622149049825,0.3660455747045394
agent_prefix,agent,13,0,857,3.0845029094383767,0.961360263643194,0.1491216743757954,0.13456633528357287,0.7960952139384211,0.2529402825788506,1.2573646441539241,0.17017414307118597
agent_prefix,agent,13,1,857,1.9028443083897355,0.9937658818161083,0.1491216743757954,0.46598530699459184,0.9883654216307534,0.01839584637012862,1.9691037156058164,0.5142126396789879
agent_prefix,agent,13,2,857,1.2597342772146427,0.9847613398910181,0.1491216743757954,0.04061300864213946,0.9266113674832622,0.12879465062860262,2.040216660840086,0.14417854186594647
agent_prefix,agent,13,3,857,0.7415268551146772,0.9973777586361247,0.1491216743757954,0.03988388987384628,0.9956139732710889,0.00457803194225946,0.05355185351407002,0.18336093436590872
agent_prefix,agent,13,4,857,2.277861709546999,0.9913993385805323,0.1491216743757954,0.25818863271342885,0.9854849887014138,0.01859390341153321,1.1608956085022404,0.2229887164179651
agent_prefix,agent,13,5,857,2.770399183915708,0.9794039516395837,0.1491216743757954,0.1606227349539271,0.904362546898254,0.1148705740305802,1.0551832567535007,0.19135928538950223
agent_prefix,agent,13,6,857,3.6374818377122753,0.9208993201667595,0.1491216743757954,0.16004338792176087,0.7358589909495533,0.3430608056558256,1.1995419165989705,0.18223326523333724
agent_prefix,agent,13,7,857,2.6179170755737475,0.9521154109337528,0.10515379410086853,0.00596251944717352,0.8018973707553697,0.5365092194629364,0.9182965309303907,0.25597033892687887
agent_prefix,agent,13,8,857,0.23053871432455103,0.9973689258862074,0.10515379410086853,0.05161537571310815,0.9891614531397595,0.037982659063175245,4.758291196605361,0.17613814502280303
agent_prefix,agent,13,9,857,0.33154380178580994,0.9978295902195402,0.10515379410086853,0.0958119737010974,0.9938054782111698,0.0237115562812869,4.924655438605472,0.20906380782267378
agent_prefix,agent,13,10,857,2.325077997939799,0.9884872370024854,0.10515379410086853,0.007956015559774876,0.9445523559178641,0.09280232177932979,0.9268842767740914,0.31515458772433746
agent_prefix,agent,13,11,857,1.569589491792909,0.9846428137869103,0.10515379410086853,0.021589801014088916,0.9211282130917698,0.2819215859869867,5.8138771285818285,0.33291664569724716
agent_prefix,agent,13,12,857,0.2674167009202175,0.9980483898252129,0.10515379410086853,0.09016680752728412,0.9949828793745877,0.016878521680707304,0.1587668245839301,0.17832208647304781
agent_prefix,agent,13,13,857,4.059628245691248,0.9244524710916663,0.10515379410086853,0.014453917110829106,0.5784259151773715,0.5439969029684262,1.487486012367022,0.2415920318642029
agent_prefix,agent,14,0,857,3.323009357830227,0.9692575449884829,0.2052159014723251,0.17319011683001018,0.8141850765373986,0.20677848224084228,2.032417493983576,0.2661376105584294
agent_prefix,agent,14,1,857,0.6029986113616994,0.9980151824860239,0.2052159014723251,0.035650231405297106,0.9972783994573244,0.002851048607180141,0.017592582579319952,0.10125610922316654
agent_prefix,agent,14,2,857,2.4374310807368165,0.9858394748692136,0.2052159014723251,0.20195234354020752,0.9216022513422619,0.09310662671335936,1.758693800040662,0.19336033940871494
agent_prefix,agent,14,3,857,2.778791029198149,0.948293585447915,0.2052159014723251,0.10213655908607056,0.8068809337102043,0.3614950734121462,2.9067851701524665,0.3432357798544041
agent_prefix,agent,14,4,857,1.9284140133255836,0.9925252330189369,0.2052159014723251,0.04804248351449436,0.9782967164955363,0.02911217440384262,2.7982252713323854,0.2368369688880889
agent_prefix,agent,14,5,857,3.238255299056754,0.9631737317688579,0.2052159014723251,0.025628483268168356,0.8108089712389113,0.21938427282638326,1.3243402181984447,0.20828531210787474
agent_prefix,agent,14,6,857,2.0389167905688517,0.989458403657788,0.2052159014723251,0.23464970991268475,0.9564199404790481,0.06927871166709706,1.8851421712207328,0.21240625889475917
agent_prefix,agent,14,7,857,2.7850063767046214,0.9712882200843529,0.20640449512250353,0.13505430540588037,0.8933343059697565,0.09406664172005494,0.528825604947682,0.12510504220915628
agent_prefix,agent,14,8,857,3.886254133873395,0.8850389425140025,0.20640449512250353,0.051246865825125276,0.6740721765204252,0.35710632116485236,0.9216304748184672,0.26125664170749757
agent_prefix,agent,14,9,857,4.138613362542321,0.9288755986782005,0.20640449512250353,0.06351823885774799,0.6121187612207283,0.26731414616077137,1.0620991609057706,0.1325236864961713
agent_prefix,agent,14,10,857,0.46255947457085345,0.998150763405177,0.20640449512250353,0.1386052381900722,0.9983155787413335,0.001741048147627963,0.9285334163514796,0.22191546720110103
agent_prefix,agent,14,11,857,3.3324925737502316,0.9635057522582063,0.20640449512250353,0.020177730444149944,0.7784608062223466,0.1781019240520885,0.33218202476887454,0.18960799834470438
agent_prefix,agent,14,12,857,4.3815544241651825,0.9178474468209784,0.20640449512250353,0.12976350731613984,0.5390625509663436,0.31695073267191887,1.1125595671169406,0.13686946230233787
agent_prefix,agent,14,13,857,3.0632532953336753,0.9594944542620653,0.20640449512250353,0.057402988791082965,0.7945991094728733,0.18724880843871905,0.4362019089778182,0.08951729644948611
agent_prefix,agent,15,0,857,2.789811362159622,0.9778020264713079,0.11013337186985325,0.24749455783939434,0.9277430131568422,0.08474721280710969,1.0325774998142467,0.2281318452904102
agent_prefix,agent,15,1,857,2.2662277095142525,0.9821138831922575,0.11013337186985325,0.05692773389856187,0.9212385788030509,0.08427021844814142,0.7038306892873074,0.14638767340557043
agent_prefix,agent,15,2,857,1.1457687340610192,0.9969303367115045,0.11013337186985325,0.07687898212737032,0.9979477582125669,0.0026583302299539274,0.6970451914724082,0.23242677758789226
agent_prefix,agent,15,3,857,1.8949175741396518,0.9936370044648914,0.11013337186985325,0.4371305397998082,0.9939125540532177,0.006359710194810333,0.5089740574881717,0.16894410242373895
agent_prefix,agent,15,4,857,2.169719437544013,0.9914757522873576,0.11013337186985325,0.33506495921186996,0.9748418258473851,0.032170477959993976,1.051464956810046,0.23718505887280017
agent_prefix,agent,15,5,857,2.069063191455946,0.9915814855279633,0.11013337186985325,0.13458213649336948,0.9857891630233834,0.021707531581744828,0.9229683175519212,0.2479448399048957
agent_prefix,agent,15,6,857,4.563689667075268,0.8801943182005542,0.11013337186985325,0.11896741901489039,0.5053951992296922,0.5563562240351801,1.0367562344100874,0.11923136802312237
agent_prefix,agent,15,7,857,4.487901236272538,0.8980551420919686,0.17960407167874948,0.11518202254534682,0.5282228171785279,0.38706982195558853,1.112404672388247,0.11431258188724845
agent_prefix,agent,15,8,857,3.4925139099217484,0.9534325629108764,0.17960407167874948,0.05299867544493875,0.7709339998634769,0.25243768869335614,1.674743652829391,0.16216230350796984
agent_prefix,agent,15,9,857,3.8754411356324567,0.9314798017221928,0.17960407167874948,0.007758411627960982,0.6993932360673036,0.2937427057611136,1.2584185814558,0.1917813214261926
agent_prefix,agent,15,10,857,3.5146116674902492,0.942643628529056,0.17960407167874948,0.029639183546958492,0.7650031419188527,0.2504225627845614,1.8247829582495363,0.21741547514537923
agent_prefix,agent,15,11,857,3.5884051278740587,0.9469463127483972,0.17960407167874948,0.0060917587307960375,0.7366415952553004,0.22277710663441347,1.5024530833207066,0.11634916418599466
agent_prefix,agent,15,12,857,4.196403816514458,0.9138835894638558,0.17960407167874948,0.01942600974180886,0.608962436061323,0.2569000280336837,0.8608184028728393,0.09404746276060125
agent_prefix,agent,15,13,857,4.692120076978868,0.8972819995933556,0.17960407167874948,0.008902003621744647,0.42266162037052385,0.3535879287874273,0.8627385615821594,0.16809256144161375
agent_prefix,agent,16,0,857,1.5879217901420188,0.9912356749195669,0.23155620753934544,0.23443997615084955,0.9583141158227403,0.08562213040522273,4.330038671146062,0.5053320471439453
agent_prefix,agent,16,1,857,0.02381744137862351,0.9987969717488472,0.23155620753934544,0.1400516779347747,0.9997898893202054,0.002651434481517552,25.82697191474589,0.1389881349115763
agent_prefix,agent,16,2,857,1.0364204478096912,0.9917118824974163,0.23155620753934544,0.03513012206064037,0.9504273238549652,0.22702711153435523,10.479600750934697,0.3010323996239875
agent_prefix,agent,16,3,857,0.9639934028184122,0.9937019547690646,0.23155620753934544,0.05285033385182425,0.9532274513350949,0.24583999979530338,12.87157550507254,0.7369834529703256
agent_prefix,agent,16,4,857,0.27639652483272625,0.9983243162961944,0.23155620753934544,0.02032243635562736,0.9980435864880198,0.017077133309060067,20.321882216085175,0.22846371294123907
agent_prefix,agent,16,5,857,0.2081260758481409,0.9983479538603325,0.23155620753934544,0.15615669965960177,0.9978196753476595,0.03045561898775835,27.83656492813255,0.21973040881460604
agent_prefix,agent,16,6,857,0.3076236958146216,0.9978353174447259,0.23155620753934544,0.021859773554686157,0.9931412722618101,0.08798969439862969,24.861515127873307,0.9521080553310687
agent_prefix,agent,16,7,857,3.503149542304148,0.9511656592267718,0.3932149530049233,0.07267650723412222,0.6785283811565351,0.2454406033671768,2.5534537804026383,0.5454872562018065
agent_prefix,agent,16,8,857,0.4718530195420909,0.9959175237438305,0.3932149530049233,0.07674693702566238,0.9816352920287517,0.10751272621356868,19.564338732207517,0.3846762143300067
agent_prefix,agent,16,9,857,0.15714321914030915,0.9979120974119984,0.3932149530049233,0.04884752433637862,0.9927026486315065,0.05445269934843978,0.08823743544773306,0.21480298018402144
agent_prefix,agent,16,10,857,0.803654436263722,0.9967906440596012,0.3932149530049233,0.21000068908756786,0.9926610010250203,0.0200522963168463,4.941948293890148,0.21299230196022528
agent_prefix,agent,16,11,857,2.5124045614771866,0.9786689359911362,0.3932149530049233,0.07731515079977047,0.8648273130702289,0.2859148792144454,8.693496495159575,0.5541488374521001
agent_prefix,agent,16,12,857,0.46219451509191956,0.9970925848384438,0.3932149530049233,0.14556484518330226,0.9878534557699258,0.07986014790951723,19.508116301015168,0.5085920342210735
agent_prefix,agent,16,13,857,2.7352567923948925,0.9588974268399447,0.3932149530049233,0.0823697547525688,0.860993821091312,0.2790362751242206,4.346668356247272,0.5031524532539203
agent_prefix,agent,17,0,857,3.4703605296690885,0.9555035753709622,0.06987044230853254,0.14624050095006647,0.7690880203620362,0.1088134083986705,0.7344381491320223,0.17074561788838288
agent_prefix,agent,17,1,857,2.6915133779404776,0.9521094653315806,0.06987044230853254,0.018764619217049194,0.7890391161135605,0.09571375355336587,0.9128669979677136,0.12752456243245858
agent_prefix,agent,17,2,857,2.570107748279153,0.9791275549751727,0.06987044230853254,0.01856622701436006,0.8583238093710639,0.08287250840382077,0.9280023634980297,0.18153959872054942
agent_prefix,agent,17,3,857,2.2444482525891303,0.9822355006558652,0.06987044230853254,0.02137325768333831,0.9225226402335198,0.041873552391032194,0.6621832633176372,0.13212254620811417
agent_prefix,agent,17,4,857,1.360826729505895,0.9874256609062692,0.06987044230853254,0.16136673056329265,0.9378901689005934,0.03480480886337902,0.7570967322011498,0.13384293302654238
agent_prefix,agent,17,5,857,0.5020285945326534,0.9942097844479907,0.06987044230853254,0.014451307380952017,0.9733312468797253,0.018402483292951556,0.7785994738861814,0.15001012022143848
agent_prefix,agent,17,6,857,1.3229333005879513,0.9953702187987913,0.06987044230853254,0.017564058439285546,0.9817451355417876,0.012225756602114675,0.22087711870622326,0.17169618152020147
agent_prefix,agent,17,7,857,1.0134010965089504,0.9850952868642652,0.28769249504628847,0.05850335741682322,0.9390424188109971,0.3498322068834621,0.7715463898662819,0.34414662268286383
agent_prefix,agent,17,8,857,3.842940635118817,0.9284915831025178,0.28769249504628847,0.09624927846100118,0.6890891648585423,0.24896067078146789,0.6961425555273909,0.2837183940498315
agent_prefix,agent,17,9,857,1.0327388419670143,0.9955274946556694,0.28769249504628847,0.2529952163474709,0.9893751299392339,0.025831655508937727,4.23847563144365,0.5369460432429957
agent_prefix,agent,17,10,857,1.0235246073031903,0.9971503699971891,0.28769249504628847,0.11182425494763226,0.9976329253579921,0.004673011517706612,0.976230704786278,0.6451436201142962
agent_prefix,agent,17,11,857,2.367113693324843,0.9364031048962027,0.28769249504628847,0.058112984246224464,0.8176982438783422,0.5554763147849258,1.383655592248813,0.4587667503271449
agent_prefix,agent,17,12,857,2.6927088463048117,0.9375152835642585,0.28769249504628847,0.014308610563660284,0.7729457136456227,0.6465573470103666,6.905157329454098,0.3169048775482566
agent_prefix,agent,17,13,857,0.4076134381243688,0.9978475154443031,0.28769249504628847,0.13537561766929418,0.995115551537716,0.01842509037170937,7.935690475530906,0.35205369865262404
agent_prefix,agent,18,0,857,3.655769707120943,0.9341264963104202,0.04433875563947832,0.1752008935867151,0.6840317568360785,0.3530090339474208,1.7877345847316806,0.30507625440789754
agent_prefix,agent,18,1,857,2.8837750933772996,0.9521053553107911,0.04433875563947832,0.06747216493910901,0.8277487250039233,0.20272119619140722,1.4691482754877387,0.2008917964739108
agent_prefix,agent,18,2,857,1.7773203564861944,0.9939666134664971,0.04433875563947832,0.4620066711219355,0.9882031693414874,0.014298138683333662,1.8858414494457292,0.45697179752135775
agent_prefix,agent,18,3,857,0.7503419048322676,0.9975297804027357,0.04433875563947832,0.010488973902155863,0.9957647855929362,0.024823090492300366,8.742311498556061,1.683402023880914
agent_prefix,agent,18,4,857,2.1697048176507003,0.966051001032802,0.04433875563947832,0.033034523346743505,0.8657970694739023,0.5446741422365136,5.193577164356945,1.0866450353497397
agent_prefix,agent,18,5,857,2.166721543627221,0.9417493227450227,0.04433875563947832,0.0037356652289606274,0.821416740198167,1.0727423667973732,6.708760266914868,1.0697470444998507
agent_prefix,agent,18,6,857,2.90598178982946,0.945145754598098,0.04433875563947832,0.029837495599129404,0.8033676441329057,0.4133739000648121,2.6097859151338327,0.41646315469742995
agent_prefix,agent,18,7,857,1.5597186832242131,0.9914207173438836,0.2678328582785319,0.07780620544121719,0.96418577198687,0.0529621244280232,0.9211269087117856,0.47284172165567645
agent_prefix,agent,18,8,857,1.7264375551623155,0.9935104559147634,0.2678328582785319,0.5979734407330275,0.9873443665122931,0.01128769028511717,1.1696454724429417,0.24742429039166464
agent_prefix,agent,18,9,857,2.4100080164343463,0.9639312443755231,0.2678328582785319,0.29542664376770356,0.8749489992717698,0.13099544645845518,0.9359351414548758,0.2598104278664253
agent_prefix,agent,18,10,857,1.983167941419509,0.9851324504482376,0.2678328582785319,0.14661300269103528,0.94601683092568,0.05065377571564066,0.9119016365826114,0.31343857203085457
agent_prefix,agent,18,11,857,2.248950223164116,0.9834543054626318,0.2678328582785319,0.09936684283619734,0.9425398896854608,0.056024297248421895,0.7598520781521177,0.2647521656743893
agent_prefix,agent,18,12,857,1.6004470174436538,0.9943658031245927,0.2678328582785319,0.13404733628066468,0.9857902052298141,0.014057860414501189,0.36683696617339423,0.2699915546881175
agent_prefix,agent,18,13,857,3.983970819363882,0.9229451180377064,0.2678328582785319,0.006614052917333413,0.637761977252129,0.21355378287271184,1.0642685653524762,0.2830045087613174
agent_prefix,agent,19,0,857,0.8772448712220291,0.9961835329234066,0.20702588833724056,0.12468833818890523,0.9901966114663326,0.026421265809238686,5.46100030981086,0.5198201011619028
agent_prefix,agent,19,1,857,1.685522141652207,0.9951428995052466,0.20702588833724056,0.0708935983859229,0.9966072685928165,0.0034686284337590713,0.8809855441858807,0.287121708528297
agent_prefix,agent,19,2,857,3.765428683584406,0.9312722482698698,0.20702588833724056,0.08682697223430402,0.7075755716246908,0.26113878485673453,1.0298313096860914,0.1821208043426173
agent_prefix,agent,19,3,857,0.3474859609924415,0.9984291555463712,0.20702588833724056,0.05939322951885728,0.9989869994527925,0.003028980203824662,0.3707406602935804,0.3251411806705136
agent_prefix,agent,19,4,857,0.537872585271526,0.9975820591279573,0.20702588833724056,0.16945404297093525,0.9935883539289617,0.02272371028576099,0.3517571833339887,0.34764834030266734
agent_prefix,agent,19,5,857,1.7937968670627804,0.9764551164075538,0.20702588833724056,0.06327543606059649,0.927432950814758,0.14296347698484307,2.762733787671864,0.48959000557316246
agent_prefix,agent,19,6,857,3.699524318989721,0.9421781686188276,0.20702588833724056,0.0033026125800423856,0.7191448172443339,0.2044566537246614,2.3604954496802124,0.3554069619804386
agent_prefix,agent,19,7,857,3.8204807229249846,0.904679228688865,0.15321520902238697,0.008162816788147786,0.6734533355712241,0.36798175997807836,1.2958660801540947,0.11253458279937084
agent_prefix,agent,19,8,857,0.8678169631770378,0.9974962831562211,0.15321520902238697,0.004640378422815061,0.9981834793142085,0.0017893776163172986,0.0184681779450784,0.3519704962156251
agent_prefix,agent,19,9,857,1.880194648687732,0.9917456573998382,0.15321520902238697,0.15203306838918396,0.9740739137315723,0.024761838246456804,0.024761838246456645,0.17965422795500005
agent_prefix,agent,19,10,857,1.5718944051768275,0.995339700946415,0.15321520902238697,0.045634267954393515,0.9924483742696895,0.0070793993827144314,0.009330049645480034,0.10288089383809446
agent_prefix,agent,19,11,857,1.4942908342623233,0.9958357341470565,0.15321520902238697,0.11027474892394196,0.9964492683823034,0.004192377563131279,0.01041794540929407,0.20504842092496847
agent_prefix,agent,19,12,857,1.6196036884122087,0.9936969546077247,0.15321520902238697,0.12788046662135955,0.985041185097479,0.013746263460082217,0.02062894967363158,0.15322702233982566
agent_prefix,agent,19,13,857,1.6699509760162377,0.9950306223921764,0.15321520902238697,0.0023245280234656107,0.9908648206289887,0.010577763596464921,0.018127186526578406,0.27515019618943826
agent_prefix,agent,20,0,857,0.15229007266406944,0.9984612199662078,0.2795717853349855,0.1371695035002114,0.9979646691552656,0.006536947308060412,0.036908773413578025,0.2573426846632669
agent_prefix,agent,20,1,857,2.8566283809006903,0.9605467743762591,0.2795717853349855,0.14900535443508645,0.8047592205430659,0.2170279169538112,2.3167433525059296,0.2815314620814534
agent_prefix,agent,20,2,857,1.452038798474509,0.9926348792938399,0.2795717853349855,0.0960260562167532,0.9683110388972412,0.06114158235123182,3.837034903619423,0.3759731834761755
agent_prefix,agent,20,3,857,2.0872498957670835,0.985225440896604,0.2795717853349855,0.14483733995643977,0.9420809413550214,0.05211832757149624,1.074001141884031,0.242365354027585
agent_prefix,agent,20,4,857,1.9046349974850711,0.991802388782379,0.2795717853349855,0.005392233170807614,0.9737360396593296,0.02365268275931741,0.7971787275100239,0.29840532790564045
agent_prefix,agent,20,5,857,1.1712338475335542,0.9870429034391026,0.2795717853349855,0.09909307264174672,0.9332025496145882,0.20953328231446158,6.168250327971051,0.36256469816399484
agent_prefix,agent,20,6,857,2.791677812557604,0.9648800392055797,0.2795717853349855,0.1187684882208746,0.8012091135535221,0.2691648997104029,1.9084886750144652,0.3059679339626389
agent_prefix,agent,20,7,857,1.8102534692920598,0.9798133895446075,0.1192313711588459,0.04894912868855972,0.9109396446635685,0.047865904173353915,1.2566550364936193,0.12256871973736437
agent_prefix,agent,20,8,857,3.0928251206425825,0.9529489469001283,0.1192313711588459,0.08811104452072671,0.7452991381149093,0.12240314429415301,0.9509606656938286,0.2644379482123186
agent_prefix,agent,20,9,857,1.8078437456493868,0.9772514141953844,0.1192313711588459,0.04027456309688393,0.8981279325949219,0.043232923665231925,1.7601250736124339,0.12577359542767796
agent_prefix,agent,20,10,857,2.2479958494468466,0.9636186432916121,0.1192313711588459,0.10829411995271987,0.8198224049048614,0.09142490336968484,1.0154869535002096,0.12351910972348688
agent_prefix,agent,20,11,857,3.2837747790910017,0.9485516423273205,0.1192313711588459,0.00535956087414835,0.7345947317077804,0.11148863842906236,0.5348057281884814,0.15817016708410095
agent_prefix,agent,20,12,857,2.4364300417434253,0.9814459935715742,0.1192313711588459,0.33204065507195835,0.8920481864797151,0.062324367707442395,1.2765134896577686,0.4136735751005556
agent_prefix,agent,20,13,857,2.138908248711207,0.9834542936928891,0.1192313711588459,0.05178396032633703,0.9278514562628835,0.04426103568076653,0.9509419175738275,0.16578810398138807
agent_prefix,agent,21,0,857,1.8898825056764783,0.9621276705486675,0.09423820221663982,0.1247030826072435,0.8646250345009056,0.061319208194420265,0.11695647781792874,0.09447786326972753
agent_prefix,agent,21,1,857,1.9155504835522121,0.977710087235248,0.09423820221663982,0.004924873335422575,0.8792109998156709,0.053383438296250904,0.1510918403482003,0.12608200362167685
agent_prefix,agent,21,2,857,2.300943521850518,0.9692314783789306,0.09423820221663982,0.030844309640667866,0.8268889363618868,0.070865168530667,0.19117192102292616,0.08189920223913796
agent_prefix,agent,21,3,857,2.9784579123571397,0.9655027615352062,0.09423820221663982,0.00591039951381811,0.8200762959983567,0.10391070016697992,0.6965456816259915,0.19585212727954696
agent_prefix,agent,21,4,857,2.6829703329647634,0.9691435086840368,0.09423820221663982,0.004632610543921167,0.8095694960548011,0.0795936440581758,1.2688843869163908,0.11674047876567417
agent_prefix,agent,21,5,857,2.6460988792515447,0.9702736840366775,0.09423820221663982,0.017176104738843456,0.8361939529390976,0.08751877022068659,1.1952556994679944,0.09734445080930518
agent_prefix,agent,21,6,857,2.853704166143475,0.9610862692122113,0.09423820221663982,0.022055342483815465,0.7935538008805187,0.06535757179932149,0.2644653100192655,0.09169754921322722
agent_prefix,agent,21,7,857,1.102453647358134,0.9946488039778977,0.3252305319700261,0.06713866951654568,0.9774122315515762,0.04856165894433564,4.844212890594628,1.2050008349571724
agent_prefix,agent,21,8,857,2.6144194462667993,0.9632282089469656,0.3252305319700261,0.03378898464927538,0.8249384485555596,0.29844843146685873,0.5602496203772005,0.2693746264530636
agent_prefix,agent,21,9,857,0.3335287054482716,0.9984303120552463,0.3252305319700261,0.24349318621414362,0.9989037977260193,0.001126441444218222,1.8558581025092278,0.10826382221594288
agent_prefix,agent,21,10,857,1.991043616508837,0.9784514753461044,0.3252305319700261,0.007591333673715894,0.8771718043307642,0.17942493160346623,2.891669130469352,0.15437210972042406
agent_prefix,agent,21,11,857,2.3742985140310706,0.975997903483801,0.3252305319700261,0.08710065847356363,0.86700973859038,0.2010764250039728,0.46652942924913365,0.5310286314262931
agent_prefix,agent,21,12,857,2.1503306091553442,0.9771258419090354,0.3252305319700261,0.16195988625942226,0.8987573516494661,0.2383808885624312,5.0466645835685195,0.7435869123184021
agent_prefix,agent,21,13,857,2.376536682702116,0.9712749241241762,0.3252305319700261,0.004447485927011829,0.8400992066002669,0.28756558257085985,3.9512582147419835,0.6624942132250282
agent_prefix,agent,22,0,857,4.565480342990911,0.8684872996024279,0.33496476455058405,0.006056209829861103,0.5684910010680378,0.6149846148943744,1.4979893950784866,0.3886531455568189
agent_prefix,agent,22,1,857,4.277600350848406,0.9200058766577524,0.33496476455058405,0.015961376530922777,0.5777264655743981,0.7643429411146307,1.555160966788169,0.37904637038717803
agent_prefix,agent,22,2,857,4.310034828421066,0.9178398120551348,0.33496476455058405,0.07983910107184666,0.5823301848152033,0.6653119413488694,1.870717608733324,0.23342502296130596
agent_prefix,agent,22,3,857,4.0241032136326504,0.9256282666189061,0.33496476455058405,0.22846338266434074,0.6451063203080339,0.3866530660271986,1.1295544820720327,0.32048725266249384
agent_prefix,agent,22,4,857,4.351947320238821,0.8937429147225943,0.33496476455058405,0.15550329804490381,0.6196052275837235,0.5175315001061311,1.1716742152725252,0.34024799286754226
agent_prefix,agent,22,5,857,4.128637121958194,0.9275642717732235,0.33496476455058405,0.027969102717904093,0.6396686875505591,0.4314583960476734,1.921012539959177,0.2744494645316337
agent_prefix,agent,22,6,857,4.464093539735125,0.9038831558951428,0.33496476455058405,0.058770874186329536,0.5521674797797331,0.6722723874379389,1.4573373998171135,0.3674888512742329
agent_prefix,agent,22,7,857,4.191742356389212,0.9293568095407846,0.3091701201779124,0.006651925033251516,0.5948005193560343,0.4080624985108295,2.5377037873883777,0.14145126209621753
agent_prefix,agent,22,8,857,3.9866957730859234,0.9415393560665373,0.3091701201779124,0.0026229287486003727,0.660732114375556,0.5031306844229285,3.754143692483461,0.2776492417395468
agent_prefix,agent,22,9,857,4.107082343524949,0.9340663967237686,0.3091701201779124,0.028783178516071928,0.6348769986966201,0.4923093022518516,3.9830116990871045,0.24069215597374555
agent_prefix,agent,22,10,857,4.102747467747981,0.9331263267488235,0.3091701201779124,0.029214219384886775,0.6497213832732633,0.4576471020517827,2.7610457723357547,0.4546153642104235
agent_prefix,agent,22,11,857,4.485893226025019,0.9062701620203083,0.3091701201779124,0.04054656905181453,0.5408650628025494,0.698325995286005,3.0677252127892918,0.260939235042086
agent_prefix,agent,22,12,857,3.03227034278081,0.9692763169452643,0.3091701201779124,0.07750985228120477,0.8314210604367782,0.21385908238210413,4.384250838709739,0.21784570352257865
agent_prefix,agent,22,13,857,4.29502689247406,0.922308941621234,0.3091701201779124,0.13317371425491853,0.5816094983921446,0.4811980553365659,2.8620898796568617,0.23554159291754986
agent_prefix,agent,23,0,857,4.68808759291793,0.8830443742096168,0.20654741893729064,0.017087880521768017,0.4922343463148022,0.3531698410676228,1.4715422381424417,0.09363398393347942
agent_prefix,agent,23,1,857,0.04286436124638619,0.9988007159098903,0.20654741893729064,0.5922403322446108,0.9998902731826197,8.075964369127033e-05,1.2854015681767847,0.15814442205430973
agent_prefix,agent,23,2,857,5.101247932453624,0.8238680885179439,0.20654741893729064,0.027681637737044795,0.3915056173863055,0.3962071580054366,1.0104576280103041,0.10977023765044015
agent_prefix,agent,23,3,857,4.1695424753629435,0.9132697839971887,0.20654741893729064,0.03601913050964711,0.6091943373204463,0.3511479496433674,0.9455056966821219,0.11865535644995823
agent_prefix,agent,23,4,857,2.4823635179920176,0.9743306744657415,0.20654741893729064,0.019584741156785768,0.868102016679376,0.09722505801672052,1.3884013076600934,0.13315922635924718
agent_prefix,agent,23,5,857,2.7167194618999924,0.9780064734467688,0.20654741893729064,0.19529329173519983,0.895122327677326,0.0672996462505792,0.415149391443973,0.13337882242757046
agent_prefix,agent,23,6,857,1.3832002507519092,0.9910601845755774,0.20654741893729064,0.2520023896371839,0.9626178260143095,0.027701291139978268,0.10581127814294053,0.10499886252883753
agent_prefix,agent,23,7,857,4.634503847738523,0.8898135411108141,0.29956279692653265,0.04939532915579026,0.503003290196288,0.7183316808543088,1.9725655125253772,0.22333598236803107
agent_prefix,agent,23,8,857,4.068947283985072,0.9187084556344903,0.29956279692653265,0.11988461249956384,0.6442213717562408,0.43575362492317965,1.0956205416038702,0.18445117806232553
agent_prefix,agent,23,9,857,4.111866375069818,0.9194277256568447,0.29956279692653265,0.1797569388659177,0.6424505388214705,0.5324226719129513,2.01309655842235,0.16019363712297136
agent_prefix,agent,23,10,857,4.594956713546134,0.8870222031449303,0.29956279692653265,0.04951342263305847,0.5259638811721088,0.6948122843860076,1.326265444375804,0.3928501415009101
agent_prefix,agent,23,11,857,4.259122017673578,0.9136237492212602,0.29956279692653265,0.006455225416225119,0.5902714509105623,0.4917485548579376,1.836956081391128,0.20725040405322598
agent_prefix,agent,23,12,857,4.388193461232425,0.9188173947688638,0.29956279692653265,0.007159552777151745,0.5370057281926582,0.7050180758694469,2.34278258519115,0.2930412535796568
agent_prefix,agent,23,13,857,4.239438851518267,0.9139140048191381,0.29956279692653265,0.018616134211178803,0.5925395719835592,0.3420373414500038,0.8148022772628093,0.07883018927934769
code_retrieval,code,0,0,161,1.8402862133070406,0.9615876592086339,0.06437871313366833,0.0426307487497013,0.9736382852172785,0.0200539223051502,1.7108265060496504,0.4749271356670527
code_retrieval,code,0,1,161,0.02016647286612476,0.9937017188420444,0.06437871313366833,0.1183715434374335,0.9999908218489958,8.473451576816593e-06,0.001450899853500976,0.8118763243851955
code_retrieval,code,0,2,161,3.2754510869431215,0.8490677663356097,0.06437871313366833,0.04948074274426517,0.7782152999334283,0.19003583092898488,0.24742255485540623,0.6400293512048111
code_retrieval,code,0,3,161,4.611177714820561,0.5027526226986438,0.06437871313366833,0.010621297244284733,0.35728189831908536,0.32901226995913696,0.39430654057319847,0.3320398293565497
code_retrieval,code,0,4,161,0.7477408830325986,0.989370026886802,0.06437871313366833,0.9299304667126265,0.9999912109469437,6.216668413664136e-06,0.049487786868038446,0.23360792039099468
code_retrieval,code,0,5,161,0.0406031668977798,0.9936813556917191,0.06437871313366833,0.29862499970045064,0.9999999999264859,6.985981907988363e-11,2.6033948077511275e-06,0.19744201103247966
code_retrieval,code,0,6,161,2.3669011650457144,0.926144523127778,0.06437871313366833,0.009916778183253427,0.9004821209943734,0.09645237110185839,0.9480284380252917,0.4292661306615669
code_retrieval,code,0,7,161,0.009255035256021773,0.9937684610057919,0.29770065862745027,0.01743760473044631,0.9999999948298143,5.583718145829189e-09,1.6334677334952492,0.23541588805482153
code_retrieval,code,0,8,161,3.576653148990562,0.8306506410195159,0.29770065862745027,0.0929357947002245,0.6950129483788654,0.14423330815095742,0.3419815856541548,1.1723954208971796
code_retrieval,code,0,9,161,2.906272045874064,0.9102697498441877,0.29770065862745027,0.043222646763979355,0.8879997372682826,0.16058942741048599,0.7817440231773501,0.6547859337404294
code_retrieval,code,0,10,161,3.543877094345608,0.8040118045139871,0.29770065862745027,0.013042776677451684,0.6970222473680232,0.2930762002072568,1.2382649078580639,0.4782700002846692
code_retrieval,code,0,11,161,1.4357587306232433,0.9726405775913816,0.29770065862745027,0.012312487029248587,0.9761649786233897,0.025944836831678378,1.6116154176255941,0.8104444325725498
code_retrieval,code,0,12,161,3.9180621066902552,0.761822962505584,0.29770065862745027,0.005715317928348895,0.5880307831794341,0.3339088285152162,1.2594502994251557,0.445419081044254
code_retrieval,code,0,13,161,0.6533458898638137,0.9899595253232267,0.29770065862745027,0.42127636270032554,0.9989430119704139,0.0010938244938006384,1.1758534216728718,0.23968561884101622
code_retrieval,code,1,0,161,2.965880354104401,0.9015776057285262,0.4575885801024232,0.027220147767064162,0.8596131614758857,0.1488006945497672,1.1067804364254261,0.25362769597968815
code_retrieval,code,1,1,161,3.8160281461871444,0.7787986290594564,0.4575885801024232,0.025933113602413904,0.6454720441783469,0.5044498157173122,0.6495124560053851,0.14561515598386726
code_retrieval,code,1,2,161,2.9391579758135213,0.9015656074248269,0.4575885801024232,0.02818663952137168,0.8544096062367769,0.1937479035544713,0.7199220126940268,0.17335133728144492
code_retrieval,code,1,3,161,3.7131592957588087,0.7675900800621973,0.4575885801024232,0.004058558970870596,0.6760160118184557,0.42124780987947086,1.2107374062622098,0.11462374522927629
code_retrieval,code,1,4,161,2.5640489834536013,0.9155240925081763,0.4575885801024232,0.29120267293968904,0.8982158159358834,0.12046415342086429,0.3198986320719558,0.15822659306534123
code_retrieval,code,1,5,161,4.1604498197831745,0.6898648762243298,0.4575885801024232,0.02689180024994453,0.5589209324130988,0.7047061594998038,1.1429939319262097,0.11393144632942724
code_retrieval,code,1,6,161,3.659301942807188,0.8050224077160287,0.4575885801024232,0.030407982990702465,0.7051013452919128,0.362288200285432,0.5598851954985848,0.16748688015596697
code_retrieval,code,1,7,161,4.649901981337611,0.501701526852759,0.04305566088690192,0.05937295199663595,0.3388344624067862,0.17684641466271042,0.18861100036126177,0.143157479467337
code_retrieval,code,1,8,161,1.1938214750953047,0.9837872929699215,0.04305566088690192,0.13263005139599215,0.9990804862290752,0.00056309141388726,0.013726786104837038,0.20140742024865593
code_retrieval,code,1,9,161,1.0688397345927676,0.9848366095784531,0.04305566088690192,0.022913384344860788,0.9968391212625812,0.0015602614073667901,0.005917655552639096,0.24410800431829088
code_retrieval,code,1,10,161,2.709585239473321,0.9269193645171583,0.04305566088690192,0.040006321110396925,0.9088875437166862,0.03506163631747487,0.06306740912862892,0.1694027324388374
code_retrieval,code,1,11,161,2.5610062176316375,0.9243213929905664,0.04305566088690192,0.09551280874640611,0.9127209951867531,0.04728949497224275,0.41424728166720554,0.21738319603022413
code_retrieval,code,1,12,161,4.0270559842568066,0.7232863968185089,0.04305566088690192,0.038353729105438106,0.580476475399428,0.14697417409423624,0.42965347798326126,0.24034517840569286
code_retrieval,code,1,13,161,4.170599664269494,0.6905877029829323,0.04305566088690192,0.09861649846442333,0.5361604480268204,0.1429949140494454,0.2112047179846982,0.2342602895480774
code_retrieval,code,2,0,161,2.423048838238257,0.9166035968819152,0.2731451385245962,0.03995356532550964,0.9073283182713362,0.10272345249414712,0.12153736716273024,0.33963449512568844
code_retrieval,code,2,1,161,2.7484464805668245,0.911817859818607,0.2731451385245962,0.14769219415138224,0.8847062678868262,0.18075947089236832,0.23682818321812796,0.5966385123704634
code_retrieval,code,2,2,161,3.403362650741812,0.8434225993059606,0.2731451385245962,0.014998227468950631,0.7390089574804911,0.279092228092341,0.29497235867106697,0.538269044606561
code_retrieval,code,2,3,161,1.1887109454950575,0.9833736409409087,0.2731451385245962,0.5118524487233174,0.9970302208113366,0.0032836905823029534,0.005433544572019026,0.2731247111843323
code_retrieval,code,2,4,161,1.738294090673229,0.9666242816593527,0.2731451385245962,0.1540411104928623,0.976125016033541,0.02659220899946874,0.20804273040011972,0.46553610278515595
code_retrieval,code,2,5,161,4.464360300206212,0.5939514503038098,0.2731451385245962,0.04229004405858916,0.4042756947384853,1.011827314250259,2.0061802937191824,0.2675893836892016
code_retrieval,code,2,6,161,1.354988952399302,0.9789283389760863,0.2731451385245962,0.20659329555053318,0.9913440524041709,0.01062674156291376,0.028491541931652133,0.4208736130030003
code_retrieval,code,2,7,161,3.3581203229229226,0.8585327014824856,0.29423661661397005,4.280275993551186e-05,0.7381826293141521,0.3451478969430185,0.23053585261468623,0.3153540281166831
code_retrieval,code,2,8,161,2.4477920334096788,0.9359028194782518,0.29423661661397005,0.06259379113176067,0.9152189839372271,0.0867806810871094,0.12905304730004222,0.8425240589361039
code_retrieval,code,2,9,161,2.9618438067148993,0.8997557816063884,0.29423661661397005,0.025103864475198634,0.840493954923317,0.19702451352089473,0.3017501094103289,1.0313295725341425
code_retrieval,code,2,10,161,3.510962074783614,0.8346856623290555,0.29423661661397005,0.011934970082197793,0.7210450374568209,0.5308029318836955,0.5702395345776863,1.365398248827739
code_retrieval,code,2,11,161,3.5134655867167783,0.8431821288308745,0.29423661661397005,0.12053450595179527,0.7109333161741925,0.18026800975564858,0.20403521641390435,0.21138499659589163
code_retrieval,code,2,12,161,2.7551886816044022,0.9150885909013368,0.29423661661397005,0.14518278852929,0.8671110957108418,0.13143971991352635,0.14514618488492345,0.5960981209942086
code_retrieval,code,2,13,161,3.7046574356055366,0.8042381059102549,0.29423661661397005,0.06185996479886313,0.6845031744492589,0.5746757527541505,0.49789085122116244,0.5050430611428011
code_retrieval,code,3,0,161,2.014782809002658,0.9584524379022932,0.1155339880095199,0.0496679963167459,0.9583489209737623,0.050598780999394515,0.23124396445360282,0.8764772793769284
code_retrieval,code,3,1,161,2.0357221014799953,0.9620571499202263,0.1155339880095199,0.47146668410322423,0.9844409786931999,0.013476907279208125,0.8566120681064501,0.291594278179146
code_retrieval,code,3,2,161,2.778984584263858,0.9203523779741164,0.1155339880095199,0.18047575288327167,0.9026079082924073,0.10119829999974836,0.46039440098235024,0.1951257871110315
code_retrieval,code,3,3,161,4.01142091373972,0.7061123782063137,0.1155339880095199,0.02009231011787005,0.5637681566349799,0.29447572528403837,0.501716381957255,0.1266082745101694
code_retrieval,code,3,4,161,1.2598507230728178,0.9807580724154383,0.1155339880095199,0.126720941954245,0.9920213348188488,0.020221217572293206,3.056045256896704,0.6764270011400862
code_retrieval,code,3,5,161,1.3793142904929376,0.9808735998155517,0.1155339880095199,0.10710114692486261,0.998667698293383,0.0015940461754036942,0.004070146346066458,0.9566378612812021
code_retrieval,code,3,6,161,3.1628928719961924,0.8648677082006142,0.1155339880095199,0.2577384565027421,0.8165278756581685,0.184911041894781,0.9848982991857943,0.1530447424187959
code_retrieval,code,3,7,161,1.458676907591141,0.9763983708544584,0.3835236967921533,0.11081535526215092,0.9855087939982401,0.01677503990196518,0.0562018963397325,0.16822422310062227
code_retrieval,code,3,8,161,1.4392596661501833,0.963149398436994,0.3835236967921533,0.03876222274259611,0.9617125815843632,0.03819528833386082,0.07004919623733857,0.1621425924090559
code_retrieval,code,3,9,161,3.0135016115522415,0.8451564978135468,0.3835236967921533,0.12248217821940344,0.7863825379952313,0.30785106742531854,1.9279333686055655,0.5322607013393779
code_retrieval,code,3,10,161,1.433767774587639,0.9747956119241764,0.3835236967921533,0.04067325119719811,0.9821896651546105,0.01716667142846736,0.03268047778679575,0.20413428736028089
code_retrieval,code,3,11,161,0.6969700805408076,0.9754388150868806,0.3835236967921533,0.10883222388963887,0.9756939920227248,0.04558278211569512,0.04702404547475371,0.14936202545992078
code_retrieval,code,3,12,161,1.905479959788725,0.9629374548076927,0.3835236967921533,0.060298955724071845,0.9741907740918636,0.027127187051343912,0.0455225202736679,0.23165622420968346
code_retrieval,code,3,13,161,1.112136512579404,0.961139565298178,0.3835236967921533,0.28328175508468156,0.95777956610642,0.08462102031231765,0.08814339796505571,0.1546425191381902
code_retrieval,code,4,0,161,1.8305170523241865,0.968949378225607,0.36910025298098936,0.1317878753317583,0.9939938363896981,0.007291112758489384,1.3689333764583718,0.5647266703990372
code_retrieval,code,4,1,161,2.2284867040726652,0.9406823121823525,0.36910025298098936,0.019784981011361502,0.9420324534088965,0.08844118935123403,0.6721705972774455,0.24770707229962474
code_retrieval,code,4,2,161,1.8766622419459218,0.9465722346104258,0.36910025298098936,0.07834475397511476,0.9343719259690172,0.07039409718647073,0.284916487692024,0.12155014531261261
code_retrieval,code,4,3,161,3.229144449074099,0.8446409049012196,0.36910025298098936,0.14704960952911295,0.785478185851753,0.3796226641619441,2.569465553201527,0.28750868535148216
code_retrieval,code,4,4,161,1.6749604688828228,0.9716100793978542,0.36910025298098936,0.016578569427589507,0.9890257995040885,0.016096237852299855,0.7398763466888285,0.17146750327576676
code_retrieval,code,4,5,161,1.366632784371555,0.9740760619772291,0.36910025298098936,0.021967074546203058,0.9827406146606297,0.0330428850804844,2.2957868834203916,0.23819169413073166
code_retrieval,code,4,6,161,1.6867474923248071,0.9715185463471776,0.36910025298098936,0.11376064335413627,0.9881728605293486,0.013319533946726607,0.8291208658379818,0.39347334566309955
code_retrieval,code,4,7,161,3.8694728891146726,0.7361301935052573,0.43063141447486264,0.08394023723648036,0.6277173359317056,0.6045623303470865,0.858552947925766,0.20669912124991885
code_retrieval,code,4,8,161,3.3504893568350687,0.8160083705762465,0.43063141447486264,0.15007366907144082,0.7252951465974641,0.37760754495749693,0.798012738604591,0.46050470430430196
code_retrieval,code,4,9,161,3.4757052037000067,0.8424292168091705,0.43063141447486264,0.048002824693507584,0.7415453938248306,0.24063424655331905,0.6198256349147718,0.24266027013857455
code_retrieval,code,4,10,161,2.7971259190475224,0.9033248487056291,0.43063141447486264,0.005432357261383913,0.877302871760234,0.1798895879909161,0.41989691872534046,0.31067923989627916
code_retrieval,code,4,11,161,3.041338541703176,0.889552223675264,0.43063141447486264,0.19567842149510106,0.8583880730262322,0.19543231022478907,0.7887033583368721,0.25480211131550157
code_retrieval,code,4,12,161,0.7207525390555578,0.9886894598307489,0.43063141447486264,0.07901498416045172,0.9969233486098427,0.003431609323761535,1.9234024889268113,0.22927064023850982
code_retrieval,code,4,13,161,3.822470485013516,0.7430940609186225,0.43063141447486264,0.026135726736288056,0.6245259029674571,0.40862651039759584,0.914789512066178,0.20686597096836912
code_retrieval,code,5,0,161,1.4179329232455067,0.958813996512706,0.414547553265609,0.02092233937791299,0.9493149409006864,0.10692862514423758,0.9315518427921538,0.21946650571625761
code_retrieval,code,5,1,161,2.313391622067482,0.9446928134745564,0.414547553265609,0.04841079605899434,0.9527771965813804,0.04952581357593273,0.7177150395361427,0.269098264722576
code_retrieval,code,5,2,161,2.819656597215542,0.8884547165806088,0.414547553265609,0.38317015410098954,0.8336859176234873,0.20725201284526693,1.2760953584324657,0.33071103706272786
code_retrieval,code,5,3,161,2.391671101022987,0.9378762425093148,0.414547553265609,0.10720169275432445,0.936197482840623,0.06155874158776813,0.4912510927683167,0.2802488886022474
code_retrieval,code,5,4,161,2.852911628817687,0.895079294021993,0.414547553265609,0.26232413046247727,0.8415258923298152,0.19985523805337935,1.4786910956093344,0.2661390984283171
code_retrieval,code,5,5,161,2.8095239690711966,0.9100991563927006,0.414547553265609,0.27152674889954564,0.8909605344179127,0.11304398031035907,1.0579164550739037,0.26073037724913595
code_retrieval,code,5,6,161,2.8579872869705665,0.8879813280192572,0.414547553265609,0.05129961863230026,0.846879594112014,0.16811806687377764,0.7546017467409187,0.21873991517266905
code_retrieval,code,5,7,161,2.6027415235927984,0.9316616821808752,0.3352713195073568,0.1340228809875268,0.945500255500357,0.05244882259954348,0.5820450123007396,0.10491422004856689
code_retrieval,code,5,8,161,3.2109458390176933,0.8768617290220712,0.3352713195073568,0.22958783553272766,0.8318342075186234,0.17806277016850822,1.298782232568488,0.1509512120621993
code_retrieval,code,5,9,161,0.8396333488575138,0.9869601335953835,0.3352713195073568,0.0481760978046033,0.9958664251297045,0.005059110055661458,1.67347226422296,0.2187559831621312
code_retrieval,code,5,10,161,2.4862627525939236,0.8735307761556923,0.3352713195073568,0.0002761132572866032,0.8320100311968919,0.3252323711447494,1.1324134969903863,0.3042978710770165
code_retrieval,code,5,11,161,2.161806572521323,0.9158654393277932,0.3352713195073568,0.01080795182013361,0.8992779923819165,0.2221590503736638,2.6445718113917622,0.4044144547883616
code_retrieval,code,5,12,161,3.8278849156866173,0.7745677131565792,0.3352713195073568,0.039355438588852376,0.6474405767085801,0.3934256401652268,1.3576265711224436,0.18483926077324733
code_retrieval,code,5,13,161,2.6630156695925775,0.9227745316865695,0.3352713195073568,0.05799724985241195,0.9078188573116146,0.09622738445283717,1.0859491371107266,0.11257604630056314
code_retrieval,code,6,0,161,3.6574188848775613,0.7729156766404829,0.23778826979993625,0.03610348906991234,0.6610091983298237,0.35168315372848763,0.8026392164981904,0.13803850145595115
code_retrieval,code,6,1,161,2.9929511440021708,0.8962310005969321,0.23778826979993625,0.041171282725297687,0.8622532074981031,0.21777844511370995,0.9371408246451407,0.23798263394858446
code_retrieval,code,6,2,161,2.7480358118240833,0.8293804492108303,0.23778826979993625,0.07180124005434507,0.7549834902259001,0.5910727282046088,0.8740114397205672,0.28523027347874935
code_retrieval,code,6,3,161,4.089024379504817,0.6945479692060056,0.23778826979993625,0.07080373062340684,0.5325783398931739,0.4066483403046348,0.8180521407428496,0.10902779137277734
code_retrieval,code,6,4,161,1.776639110998301,0.9695489286292274,0.23778826979993625,0.13158727059482178,0.9843821202102465,0.021378062941798472,0.40261698420314984,0.2981344784470557
code_retrieval,code,6,5,161,3.7469085308289314,0.7831059006665333,0.23778826979993625,0.1346823042946408,0.679497369239618,0.34595115304989427,0.6181795163024966,0.17686823933818457
code_retrieval,code,6,6,161,2.171017221859152,0.9563829042927798,0.23778826979993625,0.12095292199558827,0.980251040502989,0.021973252784582512,1.2532556205688186,0.2436480050921432
code_retrieval,code,6,7,161,3.3024590462500347,0.8587682060455938,0.2774018885057724,0.017967488699713208,0.8078900579119724,0.18870237045377378,0.27319567031155817,0.16035731379509563
code_retrieval,code,6,8,161,2.5857298133872724,0.9188149350871754,0.2774018885057724,0.07664482345853241,0.8934864970471462,0.13722895471197663,0.3163898365482747,0.21505231190960142
code_retrieval,code,6,9,161,0.8127268664370185,0.98570958137975,0.2774018885057724,0.08369600928912835,0.9917310111563615,0.01005408796649861,0.30293706936865367,0.17686914912548474
code_retrieval,code,6,10,161,2.5689154183565353,0.9377878049625793,0.2774018885057724,0.19849918209912865,0.95840494139172,0.03666890811764365,0.7881626803338032,0.2016733688658325
code_retrieval,code,6,11,161,2.307850089118874,0.9429370471257406,0.2774018885057724,0.08001526299540274,0.9367109800669228,0.08929675505347108,0.7812242456953609,0.21340426672773752
code_retrieval,code,6,12,161,2.150806485415189,0.9535810844569754,0.2774018885057724,0.34710351174314447,0.9702211875774125,0.03520216127085033,1.153277855712214,0.3324349268296349
code_retrieval,code,6,13,161,2.843592929925682,0.9154168122018652,0.2774018885057724,0.06392869382813604,0.88994514852907,0.07786435577253437,0.17305514180843842,0.19696890229369426
code_retrieval,code,7,0,161,0.9596658332437982,0.9857786982553399,0.38015147182055536,0.501254491388317,0.9991938236304433,0.0018751426526529334,0.3824789334115062,0.5521235660499197
code_retrieval,code,7,1,161,1.5233327658900242,0.9731448940051387,0.38015147182055536,0.4530020652808746,0.9881293120169229,0.02120938559685198,1.0563781612265872,0.36114466108643845
code_retrieval,code,7,2,161,1.9259864305776209,0.9580817589530877,0.38015147182055536,0.06393759589051395,0.9735855847162916,0.032837172773033156,0.7442859785370161,0.38535659610382755
code_retrieval,code,7,3,161,1.1796298029748444,0.9819803647715617,0.38015147182055536,0.16695627235077293,0.9953099201509812,0.008693282952688772,1.0703341173202239,0.5789215731510882
code_retrieval,code,7,4,161,0.9665752790158236,0.9841363241739782,0.38015147182055536,6.228367867144868e-05,0.9927378436069959,0.006935814021508094,1.032257464192735,0.18427945740416504
code_retrieval,code,7,5,161,2.009068496257389,0.9616739483488005,0.38015147182055536,0.03176955327024977,0.982199151193233,0.018894640235210168,1.064767465002682,0.3452560912631315
code_retrieval,code,7,6,161,1.8530031538818008,0.9687532230138735,0.38015147182055536,0.31283059864804486,0.9922899467924982,0.007789933651560759,0.43587449838115716,0.32849639104266976
code_retrieval,code,7,7,161,1.3500229341076184,0.9682459208207221,0.25114051671794774,0.05505623058419573,0.9590255846324297,0.14556401696873508,1.1745721127631574,1.0206470628073117
code_retrieval,code,7,8,161,1.8153838829220457,0.9671602451135052,0.25114051671794774,0.029687230156175026,0.9792885837375531,0.026398145255907238,0.5250197945607921,0.2699039249311425
code_retrieval,code,7,9,161,1.0676356678078884,0.9809493345546256,0.25114051671794774,0.4824388183240247,0.9917321692991959,0.026831442701343813,1.1746600550876822,1.6252034374885544
code_retrieval,code,7,10,161,1.677134310245156,0.9679550110177975,0.25114051671794774,0.6005736793104437,0.9817603362724086,0.020311384264591902,1.1167988560683735,0.23630876371952939
code_retrieval,code,7,11,161,1.090713706685266,0.9852513557083817,0.25114051671794774,0.019612442911649985,0.9984395320387857,0.00335791305290247,1.136834201009238,0.8111793831839046
code_retrieval,code,7,12,161,1.9103679562838003,0.9565544305912214,0.25114051671794774,0.03079943000228713,0.9570078441178099,0.08719907922505557,1.3910251812420624,0.7982195727203347
code_retrieval,code,7,13,161,2.8870112384952824,0.9040180773439724,0.25114051671794774,0.036040812321582294,0.8609519198374561,0.129203292569619,1.1482921067368719,0.17671665210242737
code_retrieval,code,8,0,161,2.9665592750717584,0.8865731255896024,0.4097851261688881,0.005486022482457997,0.8279653478992824,0.19950551980166117,0.8587906353782851,0.25022189894592545
code_retrieval,code,8,1,161,2.4238925394490627,0.9337831774494451,0.4097851261688881,0.1417938140185413,0.9168278843408061,0.08900637256785891,0.7582421914049703,0.23575430979476109
code_retrieval,code,8,2,161,2.6257164073991683,0.9323031682687175,0.4097851261688881,0.03364317856286192,0.9458401849786936,0.06404437064385334,0.3388205488893893,0.19880810825244652
code_retrieval,code,8,3,161,0.0015885421165745548,0.9937863770654087,0.4097851261688881,0.3011436589013101,0.9999999995830818,4.4691607779471085e-10,2.4513779658785717e-06,0.1356651635512261
code_retrieval,code,8,4,161,1.9764258519708338,0.9641297343271871,0.4097851261688881,0.06973870061118248,0.9909676994375075,0.010109803477165953,0.0825163326004707,0.29965988172215535
code_retrieval,code,8,5,161,1.9571778139918674,0.9664987963019015,0.4097851261688881,0.028219249068932584,0.9963784546843338,0.003910157444107272,0.007065113647681952,0.3658583834873189
code_retrieval,code,8,6,161,1.6972325683277303,0.9716308161629713,0.4097851261688881,0.18466218889589925,0.9887803936895599,0.013917723886105477,1.069201109453778,0.34912263056750953
code_retrieval,code,8,7,161,1.0611529775708866,0.9858682978185821,0.36135534699328903,0.36629929181308185,0.9995843329574957,0.0004565941058383963,0.25242076210817943,0.14073269147947207
code_retrieval,code,8,8,161,1.5299245272886453,0.9751925580309034,0.36135534699328903,0.062336727356849586,0.9871598094832224,0.014655491409970467,1.0999939359144937,0.18662626552787712
code_retrieval,code,8,9,161,2.2646224007264966,0.9392705473064218,0.36135534699328903,0.20034350482338592,0.9261600542958721,0.08298364644207355,1.2486674265576536,0.19168623183631664
code_retrieval,code,8,10,161,2.1999165506609173,0.9332122361003764,0.36135534699328903,0.04331118948774115,0.9135857442945482,0.1532775032561836,1.631460695218489,0.26118060568074
code_retrieval,code,8,11,161,1.8018022287765223,0.9651787447615146,0.36135534699328903,0.4174211267757091,0.9843489813869815,0.0224879728623568,1.169205895821257,0.2250046359918253
code_retrieval,code,8,12,161,1.6564640577612115,0.9676734809320667,0.36135534699328903,0.08427011504165272,0.9698591671944518,0.03769900456375253,1.4057298675125198,0.23507065008488648
code_retrieval,code,8,13,161,1.8729901391392865,0.9594699130098101,0.36135534699328903,0.2625595330708146,0.9718030257391216,0.03627861826464049,1.5250232581331957,0.20787197385225037
code_retrieval,code,9,0,161,0.42553835651753197,0.9907294463443774,0.36121065040485684,0.3528470421836296,0.999278824360466,0.0014681562598147647,0.02076569534456993,0.17291319064607494
code_retrieval,code,9,1,161,1.1354272896549786,0.9814397337419816,0.36121065040485684,0.4775005119997555,0.991960362202727,0.007444533973910936,0.040000481509349,0.31724155190075304
code_retrieval,code,9,2,161,2.6399433482253936,0.9283413813642306,0.36121065040485684,0.3633169244061709,0.9471700974122745,0.058278699015400705,0.36262719237161667,0.19129348318214762
code_retrieval,code,9,3,161,2.4664215976506836,0.9379243714256915,0.36121065040485684,0.03266209928626873,0.9381184361365232,0.06372694569183529,0.2970850634297593,0.35740142654124296
code_retrieval,code,9,4,161,1.0135294277215685,0.9852341738738074,0.36121065040485684,0.040338573359463226,0.9961721401068147,0.006295864732552464,1.091348328166217,0.38354346655607274
code_retrieval,code,9,5,161,2.3599824635716833,0.950629259580652,0.36121065040485684,0.5318429812115131,0.9934753462374839,0.007366000115550771,0.3046780453189033,0.27271396373439355
code_retrieval,code,9,6,161,2.3601836025906007,0.9501121434010802,0.36121065040485684,0.0025777055922313608,0.984336809020804,0.01563156574494481,0.2766386523740236,0.2094816105942768
code_retrieval,code,9,7,161,0.00014133324855017997,0.993788425395286,0.11042135782239353,0.3122623997477998,0.9999997499738137,1.6779840597197529e-06,3.252236925381298e-05,0.13400375558481267
code_retrieval,code,9,8,161,0.06658354437774967,0.9934511107524606,0.11042135782239353,0.07336222615754906,0.9998870798855988,0.0008446586505895942,8.931018110113284,1.30608640077529
code_retrieval,code,9,9,161,0.01376970475244818,0.9937345079660029,0.11042135782239353,0.042282357712519314,0.9999831510778909,0.00011752489006349367,8.553745735661463,0.2347625772096436
code_retrieval,code,9,10,161,0.23049488925725703,0.9921552282787613,0.11042135782239353,0.1835711642113207,0.9984713252582583,0.012783593397475711,9.962607778445276,3.5468625178972495
code_retrieval,code,9,11,161,0.2522923416503775,0.9901519264118852,0.11042135782239353,0.03344191105875627,0.9939166300643151,0.05016569593692907,9.171600161533604,2.7658839655504313
code_retrieval,code,9,12,161,2.08845694031618,0.9228168233039746,0.11042135782239353,0.09110890373622293,0.8796253876547235,0.26427207646140716,2.10399689145885,1.264338763358273
code_retrieval,code,9,13,161,0.904680369344295,0.9829997214374715,0.11042135782239353,0.21692551929178627,0.9906118702873067,0.057283098552736916,6.627868749069338,3.587405601739235
code_retrieval,code,10,0,161,2.7713286135560926,0.8991875604179609,0.3123799915011071,0.004419788022637761,0.8499998832744082,0.19178621905468604,0.6494268130386637,0.15651392013934265
code_retrieval,code,10,1,161,2.0577464001157244,0.9299566518297486,0.3123799915011071,0.1743225048917436,0.8955928440158861,0.18170314448826475,0.4320879407301377,0.2938780792647836
code_retrieval,code,10,2,161,1.4046424944585179,0.9803006524276022,0.3123799915011071,0.008126270322859064,0.9977011314048614,0.0031640878925804556,0.05576554551366,0.6146546998229959
code_retrieval,code,10,3,161,1.8901031488758198,0.9645013118126332,0.3123799915011071,0.27296926740135463,0.9832816000207492,0.02801328872914603,0.24863801933994337,0.25377755250869494
code_retrieval,code,10,4,161,2.6097378257208397,0.9044286365768154,0.3123799915011071,0.08431255359079515,0.8734878678466359,0.203897944804579,1.4569483813372928,0.24767845363024454
code_retrieval,code,10,5,161,2.856336543475577,0.8940435535559608,0.3123799915011071,0.1777993600764578,0.8617004092928653,0.1826647599165077,1.0594382726964457,0.18331902962068922
code_retrieval,code,10,6,161,0.6394612307362175,0.9901045118380003,0.3123799915011071,0.021004648211459198,0.999602830809316,0.0004355009616830306,0.28948457855094645,0.3273495897345561
code_retrieval,code,10,7,161,1.8884535819547303,0.9616050310014819,0.37831523728744837,0.0406097512787178,0.9671589397548812,0.041557526116433055,0.4684938607366608,0.28120010211272967
code_retrieval,code,10,8,161,2.472346908705989,0.9449987267911171,0.37831523728744837,0.3066405727368391,0.9728385616628135,0.02576065821418287,0.4264522363875511,0.2559498334441253
code_retrieval,code,10,9,161,2.4521507488970156,0.942538603665005,0.37831523728744837,0.558261724121417,0.9467215686155248,0.08878738363674125,0.7195762521001031,0.2991382003404118
code_retrieval,code,10,10,161,2.5442551270428293,0.9367918232127224,0.37831523728744837,0.06708780227866384,0.9397733183878317,0.07875203523476024,0.9103369451394303,0.35542287024706254
code_retrieval,code,10,11,161,2.4559522197875383,0.9443232406459879,0.37831523728744837,0.03887115679774,0.9794896502301993,0.0389857986661221,0.8928711608785885,0.3151221230613863
code_retrieval,code,10,12,161,2.402120936171246,0.9440991929574729,0.37831523728744837,0.12941404944152457,0.959124206409933,0.04946938598369211,0.4259292743397921,0.16539561225084637
code_retrieval,code,10,13,161,2.887914051554834,0.900735019636756,0.37831523728744837,0.24782749435350548,0.8653868669227178,0.21320120041495205,1.0467480072857176,0.16931130858849147
code_retrieval,code,11,0,161,2.3398274096716767,0.9508152341562158,0.22694418590525342,0.11557235986113135,0.9840625042520394,0.01648344135101208,0.5689717072132898,0.24401758395380962
code_retrieval,code,11,1,161,0.9226917014479727,0.9748486075805453,0.22694418590525342,0.10537683199273395,0.96995600684135,0.05308099313287723,0.24237760811974615,0.17783001751850736
code_retrieval,code,11,2,161,2.8272387363329656,0.9099158410276674,0.22694418590525342,0.3238084514203252,0.8912893655478767,0.11253163502830364,0.5106786141338319,0.3303181182734345
code_retrieval,code,11,3,161,2.7582354393890434,0.883561199929526,0.22694418590525342,0.1177243843286866,0.8242357354988764,0.2719598484769589,0.8067650370862165,0.3649213079916192
code_retrieval,code,11,4,161,2.1869703303517674,0.9551953538520435,0.22694418590525342,0.23855664895739714,0.9670643624701797,0.029624954185479405,0.1308800047690248,0.1547057389875848
code_retrieval,code,11,5,161,2.8017965139217584,0.9171517705765879,0.22694418590525342,0.013840041767560152,0.921717620220072,0.08114033957508139,0.4478820490963837,0.2501457199020699
code_retrieval,code,11,6,161,2.641410890567151,0.9080917588315477,0.22694418590525342,0.09406146247193314,0.8801479804151071,0.17273199152858174,0.7080356643152507,0.4049743512161963
code_retrieval,code,11,7,161,4.916918445752877e-06,0.9937888010252974,0.10750259138195992,0.002955841428699202,0.9999999787944714,3.0265236808901976e-07,1.3965644826998256e-06,0.1601384809623891
code_retrieval,code,11,8,161,0.952813293046002,0.9645477039160985,0.10750259138195992,0.0824481286977885,0.94967976839047,0.37361495355091534,0.7975339515020538,3.0641579353579536
code_retrieval,code,11,9,161,0.04605408358670125,0.9935265992315165,0.10750259138195992,0.6869733670626381,0.9998543513405869,0.0025245856659879967,0.02032740752051971,0.7057704861442691
code_retrieval,code,11,10,161,0.20930614287583266,0.9913303910996328,0.10750259138195992,0.015915125037514244,0.9963525350012334,0.067602540604445,0.5276256064682946,1.676157023934368
code_retrieval,code,11,11,161,0.0002831192682506208,0.9937875416664581,0.10750259138195992,0.1533705456756156,0.9999989087451406,1.6876093103194935e-05,0.00019227665305390751,0.1600998566207608
code_retrieval,code,11,12,161,0.49594667656305425,0.9889396843045066,0.10750259138195992,0.20465008537729368,0.9951892674523577,0.04441354661141668,0.3310431390239985,4.377650709638507
code_retrieval,code,11,13,161,3.652735055302447e-05,0.993788734952087,0.10750259138195992,0.12278014948897642,0.9999999767654913,4.229134008278879e-07,1.8240284890506725e-05,0.16010475955730222
code_retrieval,code,12,0,161,0.5362463700541352,0.9903371834483383,0.43062307677779477,0.029806437485585313,0.9983995129597035,0.001792269978258093,0.00991414411463878,0.1322790554316024
code_retrieval,code,12,1,161,2.1307351156679277,0.9512371579522279,0.43062307677779477,0.3414825108381412,0.9619291702301408,0.04087791383432035,0.6327720683265011,0.12392417539851529
code_retrieval,code,12,2,161,2.9951209396378027,0.8932796659781463,0.43062307677779477,0.02842855330275107,0.8752928819445176,0.15686028071994831,0.2065599575377341,0.19106634802845918
code_retrieval,code,12,3,161,2.2327972521026194,0.9157418784601413,0.43062307677779477,0.06216078059426611,0.8799455095918783,0.1812607882893348,0.6096919934070594,0.35173729686482574
code_retrieval,code,12,4,161,3.099029226109403,0.8203147000328195,0.43062307677779477,0.009439356354390416,0.7318993809620551,0.4226583916147482,0.46418568504476426,0.19175502206844472
code_retrieval,code,12,5,161,3.4373015509168936,0.84555016637499,0.43062307677779477,0.1402738194398765,0.7549957314547064,0.28807130694104,0.6008588339306216,0.14750527298372326
code_retrieval,code,12,6,161,2.591023343083175,0.9331720235940545,0.43062307677779477,0.2470684406237753,0.9382760555645903,0.07531468607485237,0.444409399066816,0.15102400540965374
code_retrieval,code,12,7,161,2.690630392160963,0.9241838910334323,0.3246455240635357,0.5315299405518434,0.9428131638048747,0.06015265907419703,0.509806583972606,0.1404533995777612
code_retrieval,code,12,8,161,2.334449386876392,0.9518153210695929,0.3246455240635357,0.10118413698426121,0.9793073156195955,0.025714485636149784,0.7133958442658692,0.2862670343969686
code_retrieval,code,12,9,161,2.6689762145453595,0.9298633512701407,0.3246455240635357,0.20301129387265338,0.936980513424026,0.0652132606755533,0.48513467541759336,0.15235333546687194
code_retrieval,code,12,10,161,2.7028700228608904,0.9215838455926919,0.3246455240635357,0.07764010842914493,0.9166752943219325,0.08823052857672373,1.0045867718104808,0.2368075966578743
code_retrieval,code,12,11,161,2.642601874375166,0.911501264986162,0.3246455240635357,0.09427772864737527,0.8988688496297051,0.12683424273882726,0.9994681952745779,0.21535827377452457
code_retrieval,code,12,12,161,2.157941362021509,0.9595647013648476,0.3246455240635357,0.1706681396070473,0.9901397473241338,0.012660538006225895,0.48626911142373475,0.23240972895443304
code_retrieval,code,12,13,161,2.8355721716432267,0.9089804455727244,0.3246455240635357,0.42733650167044934,0.9008945912403872,0.10576311659195067,0.8550062794124785,0.1766750544907894
code_retrieval,code,13,0,161,2.2286612805266963,0.9540728485807315,0.3042342398425503,0.006691531216422852,0.9758759742867421,0.02202383579960761,0.6207909552413381,0.14142515921214388
code_retrieval,code,13,1,161,1.5941444904325996,0.976085447971439,0.3042342398425503,0.08957240959713131,0.9956524568299904,0.005299063739239329,0.015114795982752057,0.27233153299900403
code_retrieval,code,13,2,161,0.3788953446576294,0.9872205371112511,0.3042342398425503,0.19409268751267872,0.9907446617476474,0.01416488390575847,0.0733132832737841,0.1203216134146234
code_retrieval,code,13,3,161,0.8537352070654756,0.9856414136565416,0.3042342398425503,0.22894642084299033,0.9938370233868767,0.006571351603256249,0.017914972242950796,0.19172224320396378
code_retrieval,code,13,4,161,2.189231258302109,0.9582922320010914,0.3042342398425503,0.06562203573304703,0.9899874255904203,0.012284592597340183,0.09075821449375863,0.2276057417223183
code_retrieval,code,13,5,161,1.8621306516280467,0.9590737360358949,0.3042342398425503,0.006396460665776704,0.9663759255370726,0.049091557508511914,0.44289382173186537,0.24072900353830962
code_retrieval,code,13,6,161,2.9273690966988015,0.8937655399480092,0.3042342398425503,0.17601239271172586,0.8479236200385808,0.1858801784157652,1.3090824354562267,0.1386287875295589
code_retrieval,code,13,7,161,1.6022896254676455,0.9454608827311201,0.32989102343645715,0.11788065693604066,0.9193971681527203,0.2059563321518199,0.8147360903929296,0.2767944968970306
code_retrieval,code,13,8,161,0.4009505304290347,0.9865409289785556,0.32989102343645715,0.03443754766280849,0.9873826542599974,0.04147948558990526,4.563738876875849,0.2007563878054419
code_retrieval,code,13,9,161,0.3848448058362396,0.9874252938037991,0.32989102343645715,0.022830550617484846,0.9892815845353135,0.03843440016478432,4.7580308221398475,0.1968397491127783
code_retrieval,code,13,10,161,2.0622974495348503,0.9505472286329382,0.32989102343645715,0.05407844641817139,0.9540682479306861,0.06451383047148329,1.090369194260459,0.39889076231209003
code_retrieval,code,13,11,161,1.3716306651948609,0.9504904588686625,0.32989102343645715,0.07567623751710473,0.9313979519324068,0.2131766717352286,0.7717812262034941,0.3073508279730333
code_retrieval,code,13,12,161,0.2307614547536116,0.9910808134363629,0.32989102343645715,0.19103144849512388,0.9964875692802677,0.01258477092405664,5.059795012935579,0.17977512913662727
code_retrieval,code,13,13,161,2.8192203886305016,0.9191160354807153,0.32989102343645715,0.1307811447259848,0.9067246552331879,0.0936117754898844,1.2139706394248615,0.4785512493347642
code_retrieval,code,14,0,161,2.9398111702606906,0.9096829403125902,0.43088092402772665,0.24637031872733273,0.9078506267633006,0.09194052265492336,0.67862863431594,0.09892809372246957
code_retrieval,code,14,1,161,0.41582365153477374,0.991346010208499,0.43088092402772665,0.05771753362961185,0.9987911320404486,0.0011282342197236287,0.09162937675403102,0.11619984454758059
code_retrieval,code,14,2,161,2.5153157960425245,0.9382803020051124,0.43088092402772665,0.21529221775780227,0.962252062671402,0.03570900332945436,0.46870908174288434,0.1369893235053277
code_retrieval,code,14,3,161,1.30240435800911,0.9567085581085881,0.43088092402772665,0.07258707682048948,0.9311726843226595,0.18124883179492196,3.1845967587143678,0.30266992097164863
code_retrieval,code,14,4,161,1.2785525582779098,0.9801499052602777,0.43088092402772665,0.05520721269246476,0.992269448595542,0.011638601907606684,2.2029517832901835,0.7664630675178138
code_retrieval,code,14,5,161,2.3542294022866277,0.9404988348092957,0.43088092402772665,0.4796635898281576,0.949757531508902,0.05424227273727265,0.2474138418890822,0.12897300524215122
code_retrieval,code,14,6,161,1.53173540519664,0.9668654487333262,0.43088092402772665,0.03393156593033009,0.9692134459447749,0.052034873809723485,2.5627455936208023,0.49147254213675445
code_retrieval,code,14,7,161,2.2326003691119096,0.9513561770848454,0.2985948072738483,0.13798991472047373,0.981945540838388,0.017651974977771243,0.23255582990144338,0.14299316022700245
code_retrieval,code,14,8,161,3.257230570368895,0.8510839741930941,0.2985948072738483,0.06719975835777348,0.7549868772210443,0.3104432538872971,0.6753093277941496,0.3026884499813896
code_retrieval,code,14,9,161,2.9457648392099687,0.9107194762568949,0.2985948072738483,0.003478025445224464,0.8860732821913313,0.13154630999800157,0.3935411613530258,0.18813913951486083
code_retrieval,code,14,10,161,0.31326400980351243,0.9919328836278608,0.2985948072738483,0.013042967969830288,0.9997784780860219,0.0002387979647688004,0.03624106276622049,0.11329171117075651
code_retrieval,code,14,11,161,2.2724443576693556,0.9523176479659685,0.2985948072738483,0.28195992816046633,0.9682307038161856,0.03297797234695236,0.07210355439023487,0.1785163709084409
code_retrieval,code,14,12,161,3.167385464579168,0.8855477586265874,0.2985948072738483,0.0037360644573354307,0.8051097430332931,0.12902961611484512,0.5305580587535317,0.2444597038157154
code_retrieval,code,14,13,161,3.1781812029677403,0.8827334633377978,0.2985948072738483,0.01598659102899047,0.8109536113067946,0.17236883720058946,0.5853935098172673,0.17178674608890843
code_retrieval,code,15,0,161,2.7736366603611082,0.9165664354809018,0.31894236170515766,0.09047991282950019,0.9178250501512929,0.09225348255826797,0.38472359108699095,0.2403685340962647
code_retrieval,code,15,1,161,1.3499453356698188,0.9735730033552502,0.31894236170515766,0.053298831036709515,0.9773372713908246,0.025499877951278713,0.9811396558247001,0.3674763526647305
code_retrieval,code,15,2,161,1.04278127345497,0.9860734885250062,0.31894236170515766,0.17709313154620077,0.9989112100646461,0.0010797865872080473,0.9434880967914449,0.17801169526448174
code_retrieval,code,15,3,161,1.611866440562489,0.9748041048122703,0.31894236170515766,0.08229524947717604,0.9938250245990699,0.009423094618422211,0.5828359215149453,0.31849439595671936
code_retrieval,code,15,4,161,1.8881868850249999,0.9618609675820575,0.31894236170515766,0.009781985221233302,0.9733264355725463,0.03949368272864369,2.4050805317316453,0.36647819670270065
code_retrieval,code,15,5,161,1.5159852334802124,0.9667695418030988,0.31894236170515766,0.4233303565378992,0.974638541697466,0.04030343572120423,0.337416489756519,0.36149289873599216
code_retrieval,code,15,6,161,3.793581238444074,0.7747552354473447,0.31894236170515766,0.019387646220315302,0.6457208999811799,0.31950996822675565,1.129531894303119,0.22891748820025976
code_retrieval,code,15,7,161,3.0113962641725136,0.8972989344213967,0.2795484173996868,0.2089098163550389,0.8826437353643303,0.13271017905617755,0.3059080034417142,0.18730982256138037
code_retrieval,code,15,8,161,3.1672774665514662,0.8825862871852409,0.2795484173996868,0.07119137484252214,0.8080905338691521,0.1741235953259256,1.0032047775859538,0.3066128139471827
code_retrieval,code,15,9,161,2.1770038525162057,0.9571933489941565,0.2795484173996868,0.1678443617476295,0.9815251256047304,0.0184967002746318,0.08244165743411884,0.19577315390111377
code_retrieval,code,15,10,161,2.532007885898185,0.9152482091347379,0.2795484173996868,0.09480510278834431,0.8697627897439305,0.19929779835741135,2.0442132060290064,0.3642989408474594
code_retrieval,code,15,11,161,3.225973445937308,0.873994258960043,0.2795484173996868,0.114319043735855,0.8002391723175172,0.2478789195392996,0.7710218247839626,0.2554087260532665
code_retrieval,code,15,12,161,2.9740007449223396,0.8821957729223784,0.2795484173996868,0.13247326069785004,0.8023158042976279,0.22308827034539536,1.5167356129261376,0.400174174362009
code_retrieval,code,15,13,161,3.339864260165892,0.8658802854110885,0.2795484173996868,0.06034408446353545,0.7482284721611132,0.2548967447697819,1.2735815986989398,0.2979681489915681
code_retrieval,code,16,0,161,2.1494073930126993,0.9467944496436306,0.34450839637781516,0.031287160723205254,0.9415485803304261,0.09529404502588253,2.086239514901818,0.3933858975023109
code_retrieval,code,16,1,161,0.017910631522023372,0.9936906815572915,0.34450839637781516,0.29874626140469784,0.9999131842008343,0.0011234129328249792,0.0021635751554915502,0.14130162757531162
code_retrieval,code,16,2,161,1.018307877322293,0.9800216182776885,0.34450839637781516,0.05149547189159698,0.9854174026724535,0.043355882141238644,5.196115372396113,0.6032841272333298
code_retrieval,code,16,3,161,0.42025416819952727,0.9887412153756373,0.34450839637781516,0.5251845226751088,0.9933349371611326,0.06334488996274157,0.264292710870731,0.3524316888680748
code_retrieval,code,16,4,161,0.2594915214186782,0.9915253632942741,0.34450839637781516,0.02154109396154169,0.9980268578553408,0.02326681682506584,0.07978753192365647,0.22413367843902846
code_retrieval,code,16,5,161,1.5734448101140532,0.9745574382170394,0.34450839637781516,0.31089216385652074,0.9884421250150026,0.017465128884272322,1.7920479192828054,0.5578679609657106
code_retrieval,code,16,6,161,1.188377474756349,0.9798143395805264,0.34450839637781516,0.29648700794775884,0.9901496196821068,0.025597293840677295,0.8121179357891017,0.45081455639712215
code_retrieval,code,16,7,161,1.883536706941463,0.9325228701544073,0.5477893131808321,0.004284618505157489,0.8876556807006856,0.25543804801671555,4.514931141703654,0.7453259741960281
code_retrieval,code,16,8,161,0.389005918772029,0.988701882650215,0.5477893131808321,0.00044231056004040425,0.9941116206820748,0.041802955795305435,11.844624991944336,0.8552932323578966
code_retrieval,code,16,9,161,0.07869383616879409,0.992716182912176,0.5477893131808321,0.03628513474366635,0.9981551938700953,0.013015927572111959,0.10472728550812742,0.2077647067984182
code_retrieval,code,16,10,161,1.324614210351933,0.975404713871123,0.5477893131808321,0.17367650267032775,0.9870809141792908,0.029377004480875973,5.19599362816133,1.3182915646378797
code_retrieval,code,16,11,161,2.155481973150467,0.9580741204989633,0.5477893131808321,0.003589680640785353,0.9850299692410249,0.022888397456380896,0.8597485618600091,0.7697868824791758
code_retrieval,code,16,12,161,0.9212606772902012,0.9815927788324185,0.5477893131808321,0.09168194875315105,0.9876184155460995,0.055647722282035315,11.25972981418945,2.403728586240366
code_retrieval,code,16,13,161,2.5896880080893325,0.8945114934228143,0.5477893131808321,0.38679445094544596,0.8621251833174273,0.21046688444547518,3.9076688863641427,0.6796619155091765
code_retrieval,code,17,0,161,2.7224282811047855,0.9287425242805556,0.08721166140882404,0.2357041452493216,0.9571728502803414,0.019306115026767146,0.019306115026767132,0.10342073364286959
code_retrieval,code,17,1,161,2.295410300615671,0.8810802017426167,0.08721166140882404,0.050898332845358496,0.8229051123112681,0.08664263394158157,0.2055047717189321,0.09767701157597324
code_retrieval,code,17,2,161,2.22389723920149,0.9419633381341391,0.08721166140882404,0.5159098593282136,0.9507585496223311,0.023855564224566844,0.08804133022493021,0.12176706412978303
code_retrieval,code,17,3,161,1.9361385450297979,0.947042338458571,0.08721166140882404,0.021652185635710808,0.9356628530205152,0.040928889562579424,0.21829711898900328,0.14863810724694668
code_retrieval,code,17,4,161,0.8315118556336233,0.9713951363497232,0.08721166140882404,0.3844303371517288,0.9664062153797363,0.02103868717725439,0.05122192720702321,0.1367583612586057
code_retrieval,code,17,5,161,0.25888922810142856,0.9878065775441951,0.08721166140882404,0.07790935172065261,0.9898849469229507,0.007162599777525885,0.012652486094400148,0.1553875993536485
code_retrieval,code,17,6,161,0.7849080595657296,0.9862849822929044,0.08721166140882404,0.04591666227931235,0.9939119215928555,0.004097472098952571,0.05754968905633251,0.14039234518587945
code_retrieval,code,17,7,161,1.2846983740721634,0.9732384506929209,0.44791106128304964,0.3702401833158451,0.9790959717338441,0.05208676675755404,0.09368085973262122,0.4040563322275596
code_retrieval,code,17,8,161,2.2860805469099508,0.9528955026362506,0.44791106128304964,0.006818813335355944,0.9801718478236017,0.01783122490950751,0.02923521538238944,0.28051857655417534
code_retrieval,code,17,9,161,1.1908925742939709,0.9691526284219034,0.44791106128304964,0.037531866155744,0.964589735511003,0.11718028877229364,4.747862652451243,0.37590574513246566
code_retrieval,code,17,10,161,1.516855006643668,0.9623320116862925,0.44791106128304964,0.2996808269971627,0.9557317768785385,0.10623398951761702,3.228426783276529,0.352608499273943
code_retrieval,code,17,11,161,1.5806079807182751,0.9355233348710131,0.44791106128304964,0.024527346075432277,0.9098763215906972,0.41680186169266376,0.6735104317902806,0.4142710762870899
code_retrieval,code,17,12,161,1.94538375383262,0.9531920951812985,0.44791106128304964,0.1776347467361008,0.9552530883932698,0.04404746615197269,0.700948321557306,0.3071597699376166
code_retrieval,code,17,13,161,0.7645230276367356,0.9836062201209425,0.44791106128304964,0.28111333371804115,0.9889344257220973,0.03846643159280105,5.2783780718191675,0.28548579915673905
code_retrieval,code,18,0,161,2.11851464900514,0.9539819080168402,0.12858009380368499,0.12477795951077031,0.9569776829480312,0.058428455084699044,1.2777779601703518,0.39419861625447133
code_retrieval,code,18,1,161,1.1368863061156973,0.9588948801279451,0.12858009380368499,0.10545900920207885,0.9453645729843523,0.7180067029634587,1.8212520075987506,1.1410358565913488
code_retrieval,code,18,2,161,1.8514326679759505,0.9597652378763434,0.12858009380368499,0.03439039482994932,0.9635114041214929,0.04693893419667936,1.5092399052270369,0.5369548048485994
code_retrieval,code,18,3,161,0.5007669607100296,0.9877237545427238,0.12858009380368499,0.17509313838711194,0.9928644294957254,0.053600789885614675,0.8601658379443425,1.7385816638405658
code_retrieval,code,18,4,161,2.580819758454844,0.9048830481594068,0.12858009380368499,0.01764623377626595,0.8640167317276525,0.22363781537213512,2.273600517044874,0.5807900425116223
code_retrieval,code,18,5,161,0.9355547289009399,0.9583586071423275,0.12858009380368499,0.06895226347187222,0.9385176361363972,0.6678619640387516,12.844367168042277,1.191749103661365
code_retrieval,code,18,6,161,1.9687652622331369,0.9156825461062794,0.12858009380368499,0.038567822277080666,0.8690550655209744,0.5579690581308973,1.6842736108619127,0.6309998284649048
code_retrieval,code,18,7,161,1.7440085224660973,0.9657845025837488,0.2768290351525423,0.14592248071344027,0.9736141587832058,0.0336029879310362,0.15591709179557273,0.4129000137343802
code_retrieval,code,18,8,161,1.8858725359353596,0.965811710070759,0.2768290351525423,0.6124495873987206,0.9845628089272423,0.01893039531867439,0.13512358722859208,0.3627485283700749
code_retrieval,code,18,9,161,1.8449161743082787,0.9451467464503561,0.2768290351525423,0.08447197005207707,0.9272973277788694,0.0759434140646415,0.19596783758273426,0.3196831859792844
code_retrieval,code,18,10,161,2.0282152720086692,0.9446174813483372,0.2768290351525423,0.0995709408324088,0.9282851574287391,0.14318906998181902,1.1741016047557622,0.3337042895136899
code_retrieval,code,18,11,161,1.9365959108635795,0.96335903024935,0.2768290351525423,0.7580633649679402,0.9857324867976737,0.012102382486840438,1.0567737087092803,0.2538163994305819
code_retrieval,code,18,12,161,2.172134060940206,0.9450267278189017,0.2768290351525423,0.10715579523099228,0.9414844976011277,0.11871393488196395,0.5898431088653936,0.37863659600174493
code_retrieval,code,18,13,161,2.5341656976622247,0.9280500576605951,0.2768290351525423,0.07133889450630959,0.9083184307845364,0.11290859933263152,1.1827530337302306,0.17715202724366658
code_retrieval,code,19,0,161,1.3947348314437116,0.9720800586507025,0.35870143595750614,0.1290374911656107,0.9737428845467054,0.05951083096273686,2.669226773817223,0.6163766868966237
code_retrieval,code,19,1,161,1.7219448477685635,0.9722393903268656,0.35870143595750614,0.04150389405677357,0.9912457352287052,0.010420282481721088,0.44778967121891444,0.503859869723528
code_retrieval,code,19,2,161,2.2774661123682245,0.937311923146078,0.35870143595750614,0.17547219694022997,0.9107729338752356,0.08080869826143311,0.5212720045272328,0.45321450313924594
code_retrieval,code,19,3,161,0.3343746203991185,0.9918908619128353,0.35870143595750614,0.08919880065495533,0.9986682388353447,0.003984585327188546,5.257354283105372,0.35024087221785827
code_retrieval,code,19,4,161,1.105686558721279,0.9756339377228503,0.35870143595750614,0.04216833694982647,0.9773507597071309,0.08439296031107729,5.498859281747998,0.5184813200756956
code_retrieval,code,19,5,161,2.312710173602041,0.9024589995026557,0.35870143595750614,0.23779146081063818,0.8710624876581367,0.25103696044199547,2.078233652120042,0.4576104565168287
code_retrieval,code,19,6,161,2.9781783375646973,0.897417244627522,0.35870143595750614,0.015589447657937683,0.8459118686208097,0.14408139586905608,1.134343730396425,0.2659012848329223
code_retrieval,code,19,7,161,2.641958983945929,0.8933275195543204,0.34870763194607546,0.032903184317020884,0.8548384418751518,0.15642072429835616,0.3425582630712712,0.13522221647062158
code_retrieval,code,19,8,161,0.9515499786664583,0.9838441102592903,0.34870763194607546,0.03209879995258991,0.9948525444889361,0.0053352824875590975,0.023975237376314993,0.2637755193869635
code_retrieval,code,19,9,161,1.9989813344097767,0.9575835057118411,0.34870763194607546,0.1789769550136313,0.9677556420305563,0.02491991357659896,0.06085133837300621,0.16476454993587372
code_retrieval,code,19,10,161,2.0501482305351746,0.9595989531398533,0.34870763194607546,0.15543626509607034,0.9770690551844645,0.01987567532664076,0.43559778326628795,0.14773234842348434
code_retrieval,code,19,11,161,1.517958864052437,0.9739377730406233,0.34870763194607546,0.03145242959944161,0.9831140511894493,0.02181752520343387,0.05991967441526938,0.3319470572586334
code_retrieval,code,19,12,161,1.6980865832287138,0.9652622585721911,0.34870763194607546,0.10744917872295945,0.9698584093698897,0.029218253463831823,0.08814778902946808,0.16856545557195976
code_retrieval,code,19,13,161,1.5351740033613805,0.9738568720321253,0.34870763194607546,0.037501003930821675,0.9845657455392172,0.015845203471260928,0.06920074152530954,0.24883180040138891
code_retrieval,code,20,0,161,0.16361019072294328,0.991294961572737,0.39015144101128885,0.07559360464149556,0.9960175350486653,0.011204080891880845,3.8415359204374626,0.26071703813668695
code_retrieval,code,20,1,161,1.9868938741514854,0.9232654145310795,0.39015144101128885,0.021665915033346028,0.8722642793254326,0.2970275646810017,3.03511770815798,0.3781718426209389
code_retrieval,code,20,2,161,2.0487269603501614,0.9450144851918376,0.39015144101128885,0.03681432857091593,0.9358864555108624,0.10445288739086672,1.9864374944856251,0.2616124430620499
code_retrieval,code,20,3,161,1.7545127952449628,0.9634338128529236,0.39015144101128885,0.006910467588876479,0.9627350513457995,0.03569553306335309,0.3942686855556601,0.2542096152504488
code_retrieval,code,20,4,161,1.669746045818853,0.9664643531617774,0.39015144101128885,0.05363395184310926,0.9682990500104981,0.032904967049124184,0.49893381224346334,0.36169561778080084
code_retrieval,code,20,5,161,1.0417773022327341,0.9674747465281089,0.39015144101128885,0.18833572679043709,0.9588736994798938,0.12691114325587022,4.722057823202345,0.3462824365397202
code_retrieval,code,20,6,161,2.69502321238105,0.8943625353450575,0.39015144101128885,0.018106180495868873,0.8331735173591207,0.17785258758373723,1.7423071965132868,0.21687585195312956
code_retrieval,code,20,7,161,2.2544743708947284,0.9375971456264226,0.13754911076261708,0.04575603121706173,0.9326896279764281,0.029899047369719652,0.6575484315792532,0.12923016959734182
code_retrieval,code,20,8,161,1.7799903607725387,0.9524942179039223,0.13754911076261708,0.3317284311762274,0.9420180784810845,0.026668747541405333,0.6526832703487246,0.14889490829207833
code_retrieval,code,20,9,161,1.8485325365691119,0.9165066188337263,0.13754911076261708,0.005985800658546481,0.8743642076861647,0.04916027759951834,0.8975315858082132,0.08900477350449423
code_retrieval,code,20,10,161,1.9908552249111342,0.9416723591016609,0.13754911076261708,0.2704035460911891,0.9220287836735956,0.028303747391535312,0.7617932558866157,0.10264849784386394
code_retrieval,code,20,11,161,2.356546687423573,0.9154058438807959,0.13754911076261708,0.021786750304449987,0.856663130012249,0.059312931155030266,0.9809211425321775,0.1126708297703628
code_retrieval,code,20,12,161,1.8790075997723128,0.9322011025420477,0.13754911076261708,0.18380198085753818,0.8882054430144023,0.05805645112121683,0.6324687949961806,0.11376868143768443
code_retrieval,code,20,13,161,2.3168208869179554,0.9281840823647186,0.13754911076261708,0.17196547623318859,0.9019843015494882,0.045964832970613496,0.23658922418460704,0.13323497546179336
code_retrieval,code,21,0,161,1.5382384101185131,0.9222025594418521,0.08868242426399564,0.005274725850744844,0.8856952385941567,0.04474271964534678,0.09722163203879439,0.13140896678315903
code_retrieval,code,21,1,161,1.4416573248493325,0.9519602558789313,0.08868242426399564,0.01249949454446142,0.9271866170973547,0.03691428905427069,0.0968402309978614,0.13482531593387398
code_retrieval,code,21,2,161,2.1733628183242177,0.9340584211617627,0.08868242426399564,0.037443695078319905,0.9051529813365623,0.050669625388113974,0.09049012531651951,0.24734738649057827
code_retrieval,code,21,3,161,1.8956167533170056,0.9310214160033234,0.08868242426399564,0.005642310202304657,0.889616543743828,0.04656588764936848,0.08977326063739058,0.19090050418590324
code_retrieval,code,21,4,161,1.7340023020918065,0.952036558318054,0.08868242426399564,0.03658796496782557,0.9346143673984926,0.02890259144268401,0.0618817246661007,0.19077917295992028
code_retrieval,code,21,5,161,2.041364276429975,0.9457732749606338,0.08868242426399564,0.0691508323994845,0.9298295274769433,0.026600791317936176,0.43517495088147573,0.21832666644243756
code_retrieval,code,21,6,161,2.524242347722998,0.9029316262178018,0.08868242426399564,0.06854957769332426,0.8454253483074354,0.07197664450751974,0.13528078507562954,0.09705863775712087
code_retrieval,code,21,7,161,1.0433080960480072,0.9752745193864326,0.5320238991787234,0.24089020398883632,0.9781578034935635,0.07603595612473384,4.816919713188354,1.6096736124275604
code_retrieval,code,21,8,161,2.089060343550636,0.9224374240694356,0.5320238991787234,0.012627712576343875,0.8653845070876153,0.39459855799563237,0.8907861022265311,0.465406656495156
code_retrieval,code,21,9,161,0.38600932377504404,0.9905746483632921,0.5320238991787234,0.12951220984043843,0.9964162498864728,0.003803235762807639,1.3972991903083345,0.11039790363315986
code_retrieval,code,21,10,161,1.5087510502554846,0.950991464726266,0.5320238991787234,0.11076993321769324,0.9256226356434478,0.2662164884290201,1.2703837053990836,0.5461937858494126
code_retrieval,code,21,11,161,1.4208135641045858,0.9555794032094762,0.5320238991787234,0.09371272484800697,0.9348691402885776,0.21753250455139858,0.9109549930954204,1.088438193424566
code_retrieval,code,21,12,161,2.0290562175505493,0.9016407531667241,0.5320238991787234,0.05469017134802767,0.8561444666986421,0.6252155293566878,1.6353164973918821,1.104576612376978
code_retrieval,code,21,13,161,1.8818231928109648,0.9453373529340628,0.5320238991787234,0.12941174864841365,0.9262021581555286,0.1734740452201822,0.9369435534177818,0.6737468151530142
code_retrieval,code,22,0,161,4.196309254537853,0.6802303043063581,0.4621232047968393,0.00937398472905393,0.5183596450707354,0.7377351121110842,1.0480159698181526,0.3351321710706982
code_retrieval,code,22,1,161,3.555228808891041,0.831640794961324,0.4621232047968393,0.03647933648952506,0.7263496562349498,0.3674108651958827,0.7708203569997836,0.3090814616822668
code_retrieval,code,22,2,161,3.506504474484637,0.8372058156314527,0.4621232047968393,0.03132232860657158,0.7254202118067685,0.36459703257600495,0.9684844050465904,0.3265922782557589
code_retrieval,code,22,3,161,3.7217801658484087,0.8035511723788854,0.4621232047968393,0.22853779349443748,0.6925926023038701,0.4075663098496788,0.8819776476232599,0.3824953673693995
code_retrieval,code,22,4,161,4.072387845037316,0.7131581395677418,0.4621232047968393,0.11742701521435883,0.544782902642081,0.5670058945763259,1.253252924754319,0.2623664377333208
code_retrieval,code,22,5,161,3.2965184291742604,0.865855678964199,0.4621232047968393,0.04790616127836955,0.8011966213580155,0.25756020769847887,0.5886445991190467,0.28411830740454336
code_retrieval,code,22,6,161,3.8406681358591213,0.7820310320988924,0.4621232047968393,0.024366677504136902,0.6308246716112169,0.6777047211645842,1.0065038898444685,0.27858803858899855
code_retrieval,code,22,7,161,3.3965883368793346,0.8487751138832784,0.4627732855006481,0.0325512114176405,0.7662336986642833,0.3582446558191626,0.7917881126520457,0.3065857516925041
code_retrieval,code,22,8,161,3.3746278094054176,0.8576117563279054,0.4627732855006481,0.06829914558264782,0.793720107957645,0.2865786768458898,0.9457662864693529,0.30634925733091056
code_retrieval,code,22,9,161,3.5019546651642983,0.8441541452220244,0.4627732855006481,0.059006754404903106,0.7416462598048678,0.45536018563273994,0.6076491397779248,0.3243550128309804
code_retrieval,code,22,10,161,2.840026867303682,0.9104662547790808,0.4627732855006481,0.1256670771127517,0.8869605095663914,0.13253459972724554,0.31787303302742514,0.4564125170179246
code_retrieval,code,22,11,161,3.6407231409338046,0.8207797201193626,0.4627732855006481,0.016017004621732056,0.7166218789169864,0.47480504232638915,0.8360180950441471,0.3394221193782929
code_retrieval,code,22,12,161,2.8083958716966757,0.9053751868546416,0.4627732855006481,0.1514945527832019,0.8700184514206265,0.20698459046796744,0.5783825988066822,0.3897105227003734
code_retrieval,code,22,13,161,3.6912060288755146,0.809346681277858,0.4627732855006481,0.026379132235546443,0.6775957823572338,0.506314820368631,1.1136239410456215,0.26451215944228834
code_retrieval,code,23,0,161,3.8736739714420416,0.7748794222932337,0.3192909667246685,0.03585565327060003,0.6297139416487934,0.36809226447094484,0.8334808747436663,0.11905483821929652
code_retrieval,code,23,1,161,0.0445618382172161,0.9936605062716135,0.3192909667246685,0.1315621776277638,0.9999722496041227,2.044769836095699e-05,1.3091201305764026,0.1562310787661287
code_retrieval,code,23,2,161,3.984548246813239,0.7430760946329205,0.3192909667246685,0.069201373370956,0.5916108406608334,0.325515187840283,0.7234379145220975,0.19149653113488055
code_retrieval,code,23,3,161,3.601838301195591,0.8221402887648293,0.3192909667246685,0.05381195726327981,0.7130276178673459,0.20856490461258098,0.6283681583931333,0.20577381977944892
code_retrieval,code,23,4,161,1.8804444597366,0.9468071279178105,0.3192909667246685,0.15332821485331216,0.9303297039916582,0.05873524291690534,1.249954458546647,0.12004250160906009
code_retrieval,code,23,5,161,2.8521687832666753,0.8995156788264131,0.3192909667246685,0.10338384861292149,0.8549629712023578,0.11261212002865253,0.4641526994044122,0.19353512922294566
code_retrieval,code,23,6,161,1.0650532341229038,0.9723907856909406,0.3192909667246685,0.010099888656970535,0.9697000651279231,0.023609949097735543,0.08778787828453008,0.13847740115743232
code_retrieval,code,23,7,161,3.7729572426884865,0.7953464756317326,0.47457982841117863,0.14358630447557452,0.6567649171912527,0.4622688726422482,1.224597136815517,0.13723275650398578
code_retrieval,code,23,8,161,3.839069123785777,0.7806711383975531,0.47457982841117863,0.09389608341984435,0.6225064827609273,0.46761209739027065,1.2127294686792256,0.17083153089751163
code_retrieval,code,23,9,161,3.7453252594677866,0.7956137186224707,0.47457982841117863,0.014115392981951302,0.6572210308026885,0.49920287243943223,0.972883795315837,0.19521311794943186
code_retrieval,code,23,10,161,3.7742347725806216,0.79275003827538,0.47457982841117863,0.12004863846286007,0.6600875778749771,0.5374804257571775,0.766977913106765,0.16668734683272526
code_retrieval,code,23,11,161,3.546511809183184,0.8249112836404947,0.47457982841117863,0.0341263678167234,0.7165354849949748,0.3610170953267762,0.7477296015555911,0.23237018360514142
code_retrieval,code,23,12,161,3.667085057352132,0.816075761159185,0.47457982841117863,0.06347231666530817,0.6909979913700107,0.4638917610997793,1.0914454624610328,0.2098604103747241
code_retrieval,code,23,13,161,3.755981180088142,0.794676765641354,0.47457982841117863,0.11627796128304269,0.6692228238265229,0.5860286948048845,0.9860485837739471,0.2740561128975419
