regime,policy,block_size,budget,rl2_med,rl2_p90,read_ratio,pass10,mass,support,over_read,n,model,ctx
agent,block_oracle,16,0.0025,0.2593081768647728,0.9814370660820142,0.00244140625,0.27380952380952384,0.6254803857232503,0.3752903600464576,0.975609756097561,336,0.5B,32768
agent,block_oracle,16,0.005,0.19104536614031475,0.8157521634553627,0.0048828125,0.35119047619047616,0.6741296175769457,0.4024571718931475,0.975609756097561,336,0.5B,32768
agent,block_oracle,16,0.01,0.13098983543084133,0.6521322762942268,0.009765625,0.4255952380952381,0.7238580555689947,0.4277547909407665,0.975609756097561,336,0.5B,32768
agent,block_oracle,16,0.02,0.09009171028131116,0.5175478551896189,0.02001953125,0.5446428571428571,0.7770167070332841,0.4634237078977933,1.0,336,0.5B,32768
agent,block_oracle,16,0.05,0.041472992903340805,0.33043630281350367,0.0498046875,0.6904761904761905,0.8438424806807172,0.5111148638833203,0.9957291031116535,336,0.5B,32768
agent,block_oracle,16,0.1,0.023695310946660834,0.22397050744289337,0.10009765625,0.75,0.8921930419298104,0.5655488469418893,1.000915471467806,336,0.5B,32768
agent,block_oracle,16,0.15,0.01416824016505399,0.17118490512412626,0.14990234375,0.7827380952380952,0.9180605130044619,0.6043089377736448,0.9991863303498779,336,0.5B,32768
agent,block_oracle,32,0.0025,0.2510148520134564,1.0127938651768567,0.0029296875,0.2619047619047619,0.6150497295422567,0.359284262485482,1.170731707317073,336,0.5B,32768
agent,block_oracle,32,0.005,0.20166582786228404,0.8810350534914504,0.0048828125,0.33035714285714285,0.6542706579083235,0.35335002903600465,0.975609756097561,336,0.5B,32768
agent,block_oracle,32,0.01,0.14495020400706687,0.7059525253317219,0.009765625,0.4226190476190476,0.7060593801338018,0.38793916957026714,0.975609756097561,336,0.5B,32768
agent,block_oracle,32,0.02,0.1021363940506687,0.5681034691280666,0.01953125,0.4851190476190476,0.7581443920315547,0.4194613821138211,0.975609756097561,336,0.5B,32768
agent,block_oracle,32,0.05,0.0505828008203764,0.37660501023987925,0.0498046875,0.6547619047619048,0.8266894736654309,0.4770784305180278,0.9957291031116535,336,0.5B,32768
agent,block_oracle,32,0.1,0.02573894630889899,0.23737051207319143,0.099609375,0.7410714285714286,0.8767900799915935,0.532964238487583,0.996032956972841,336,0.5B,32768
agent,block_oracle,32,0.15,0.016159792987879062,0.18156220276789042,0.150390625,0.7797619047619048,0.9061751891875777,0.5760339174319036,1.0024410089503661,336,0.5B,32768
agent,block_oracle,64,0.0025,0.7145054232864532,1.3072152072593686,0.001953125,0.12797619047619047,0.4948462022558574,0.2035060975609756,0.7804878048780488,336,0.5B,32768
agent,block_oracle,64,0.005,0.2030401103439964,0.9294604379302782,0.005859375,0.3273809523809524,0.6407233125694288,0.33039343786295006,1.170731707317073,336,0.5B,32768
agent,block_oracle,64,0.01,0.15986248074728376,0.8171922584798004,0.009765625,0.39285714285714285,0.6834527489436015,0.3356471399535424,0.975609756097561,336,0.5B,32768
agent,block_oracle,64,0.02,0.11510154761822891,0.6292966570544594,0.01953125,0.4642857142857143,0.738773724504435,0.37419697299651566,0.975609756097561,336,0.5B,32768
agent,block_oracle,64,0.05,0.0607868006731766,0.43113716392995727,0.05078125,0.6190476190476191,0.80903953576644,0.4415711525610854,1.0152532031726662,336,0.5B,32768
agent,block_oracle,64,0.1,0.033885198698146865,0.29572067612224606,0.099609375,0.7053571428571429,0.8570604151444213,0.4923628972492263,0.996032956972841,336,0.5B,32768
agent,block_oracle,64,0.15,0.020608569658705424,0.21149789432855493,0.150390625,0.7529761904761905,0.8874982798380544,0.5377151623464682,1.0024410089503661,336,0.5B,32768
agent,block_oracle,128,0.0025,0.5815051566233097,1.246420106276255,0.00390625,0.16666666666666666,0.5184215462243854,0.281068524970964,1.5609756097560976,336,0.5B,32768
agent,block_oracle,128,0.005,0.5815051566233097,1.246420106276255,0.00390625,0.16666666666666666,0.5184215462243854,0.20107433217189316,0.7804878048780488,336,0.5B,32768
agent,block_oracle,128,0.01,0.16299406776314979,0.7932121422523128,0.01171875,0.3898809523809524,0.6823001227405892,0.33639118757259,1.170731707317073,336,0.5B,32768
agent,block_oracle,128,0.02,0.1269358835797033,0.6620794283571638,0.01953125,0.44047619047619047,0.7276174279900952,0.3403201219512195,0.975609756097561,336,0.5B,32768
agent,block_oracle,128,0.05,0.06692384734609366,0.4496662144780692,0.05078125,0.5922619047619048,0.8013879254116093,0.4146819343966995,1.0152532031726662,336,0.5B,32768
agent,block_oracle,128,0.1,0.036311647266082506,0.3004464302584503,0.1015625,0.6994047619047619,0.8516822828104184,0.47613507563538077,1.0155630149527006,336,0.5B,32768
agent,block_oracle,128,0.15,0.02430695794767596,0.22899921481305374,0.1484375,0.7410714285714286,0.8803451011803538,0.5138015081948157,0.9894222945484134,336,0.5B,32768
agent,block_oracle,256,0.0025,0.4835111392903625,1.225571125738536,0.0078125,0.17559523809523808,0.5497293023708126,0.3493031358885017,3.1219512195121952,336,0.5B,32768
agent,block_oracle,256,0.005,0.4835111392903625,1.225571125738536,0.0078125,0.17559523809523808,0.5497293023708126,0.27110554587688734,1.5609756097560976,336,0.5B,32768
agent,block_oracle,256,0.01,0.4835111392903625,1.225571125738536,0.0078125,0.17559523809523808,0.5497293023708126,0.19741761033681765,0.7804878048780488,336,0.5B,32768
agent,block_oracle,256,0.02,0.1294080527172638,0.6798374701805577,0.0234375,0.44345238095238093,0.7265762281661916,0.34104602206736356,1.170731707317073,336,0.5B,32768
agent,block_oracle,256,0.05,0.08003956283778346,0.48535037458452895,0.046875,0.5476190476190477,0.7855365610239269,0.36125759028443594,0.937156802928615,336,0.5B,32768
agent,block_oracle,256,0.1,0.042131189408145545,0.32150543007701593,0.1015625,0.6726190476190477,0.8442936952764158,0.4487535783309357,1.0155630149527006,336,0.5B,32768
agent,block_oracle,256,0.15,0.028023092232582685,0.2416180290204017,0.1484375,0.7202380952380952,0.874116490518545,0.49084258398233177,0.9894222945484134,336,0.5B,32768
agent,centroid,16,0.0025,0.5403105029215414,1.9353731843984354,0.00244140625,0.13988095238095238,0.42648399294018835,0.38915505226480834,0.975609756097561,336,0.5B,32768
agent,centroid,16,0.005,0.4133344141281978,1.4304545033644316,0.0048828125,0.17559523809523808,0.5036212208794674,0.4121479384436701,0.975609756097561,336,0.5B,32768
agent,centroid,16,0.01,0.3222214971003392,1.147423869971533,0.009765625,0.24702380952380953,0.5786816870815982,0.43582135598141697,0.975609756097561,336,0.5B,32768
agent,centroid,16,0.02,0.20084498866949635,0.8756905600604288,0.02001953125,0.3273809523809524,0.6623758576372096,0.4717624854819976,1.0,336,0.5B,32768
agent,centroid,16,0.05,0.1186210384256372,0.7092808215511432,0.0498046875,0.4791666666666667,0.7550086490228944,0.5254383480054621,0.9957291031116535,336,0.5B,32768
agent,centroid,16,0.1,0.057312939832403986,0.4728594636995008,0.10009765625,0.6101190476190477,0.8235493652072514,0.5833315169216908,1.000915471467806,336,0.5B,32768
agent,centroid,16,0.15,0.03530687000237768,0.3174102717671743,0.14990234375,0.6547619047619048,0.863695142013508,0.6236105864233407,0.9991863303498779,336,0.5B,32768
agent,centroid,32,0.0025,0.5337695970019256,1.8614848792448413,0.0029296875,0.15476190476190477,0.4173164256142495,0.3916957026713125,1.170731707317073,336,0.5B,32768
agent,centroid,32,0.005,0.46828298037958027,1.648320160305265,0.0048828125,0.17559523809523808,0.46578925196757703,0.3757440476190476,0.975609756097561,336,0.5B,32768
agent,centroid,32,0.01,0.3643720066591638,1.362027729023616,0.009765625,0.22321428571428573,0.5400756277507823,0.40289271196283394,0.975609756097561,336,0.5B,32768
agent,centroid,32,0.02,0.27500052415133713,1.0568701130060032,0.01953125,0.26785714285714285,0.6182602968813417,0.4313117015098722,0.975609756097561,336,0.5B,32768
agent,centroid,32,0.05,0.15357146094767182,0.8249940034983629,0.0498046875,0.40476190476190477,0.7194733132531239,0.48928462477120194,0.9957291031116535,336,0.5B,32768
agent,centroid,32,0.1,0.07930709751698273,0.6125187064984349,0.099609375,0.5386904761904762,0.7920646076334391,0.5471313410930438,0.996032956972841,336,0.5B,32768
agent,centroid,32,0.15,0.04788247351120225,0.45042775917799727,0.150390625,0.6071428571428571,0.8335264132044605,0.5922001530473866,1.0024410089503661,336,0.5B,32768
agent,centroid,64,0.0025,0.539984809498615,1.9124906826929764,0.001953125,0.13095238095238096,0.3730107672901237,0.2691637630662021,0.7804878048780488,336,0.5B,32768
agent,centroid,64,0.005,0.4554907656848364,1.64845169988557,0.005859375,0.17559523809523808,0.4575396774435728,0.368593931475029,1.170731707317073,336,0.5B,32768
agent,centroid,64,0.01,0.3875505984246622,1.5063787473685233,0.009765625,0.20833333333333334,0.5004727606959504,0.35708841463414637,0.975609756097561,336,0.5B,32768
agent,centroid,64,0.02,0.32362663733195596,1.2669648475623196,0.01953125,0.24702380952380953,0.5735267005374014,0.3898310467479674,0.975609756097561,336,0.5B,32768
agent,centroid,64,0.05,0.2081076703911413,0.9378488229972438,0.05078125,0.3601190476190476,0.6829014533798091,0.45184345855486796,1.0152532031726662,336,0.5B,32768
agent,centroid,64,0.1,0.1245623374345006,0.7658912909119834,0.099609375,0.4583333333333333,0.7566565708904618,0.5035983114637371,0.996032956972841,336,0.5B,32768
agent,centroid,64,0.15,0.08247565481332514,0.6376928398535211,0.150390625,0.5327380952380952,0.8016269072542793,0.550077008020458,1.0024410089503661,336,0.5B,32768
agent,centroid,128,0.0025,0.48255792211713155,1.8195598525018,0.00390625,0.16071428571428573,0.39557970323984276,0.3747096399535424,1.5609756097560976,336,0.5B,32768
agent,centroid,128,0.005,0.48255792211713155,1.8195598525018,0.00390625,0.16071428571428573,0.39557970323984276,0.2719221835075493,0.7804878048780488,336,0.5B,32768
agent,centroid,128,0.01,0.39775405079851567,1.6863100842734566,0.01171875,0.20833333333333334,0.49184452405198187,0.3707807055749129,1.170731707317073,336,0.5B,32768
agent,centroid,128,0.02,0.3352113636338898,1.3982048219626093,0.01953125,0.24404761904761904,0.5512413678590511,0.36639808362369336,0.975609756097561,336,0.5B,32768
agent,centroid,128,0.05,0.23195326215429307,1.0288326511743757,0.05078125,0.34226190476190477,0.6527152731591,0.42698618495598356,1.0152532031726662,336,0.5B,32768
agent,centroid,128,0.1,0.1469027652385313,0.8783493779966498,0.1015625,0.4226190476190476,0.7277169749041213,0.4871425301887615,1.0155630149527006,336,0.5B,32768
agent,centroid,128,0.15,0.09906167954630998,0.7814998142029841,0.1484375,0.5029761904761905,0.7738375669191384,0.525597296485722,0.9894222945484134,336,0.5B,32768
agent,centroid,256,0.0025,0.39992706377600723,1.9336141594773553,0.0078125,0.17261904761904762,0.4121558614618004,0.47513792102206737,3.1219512195121952,336,0.5B,32768
agent,centroid,256,0.005,0.39992706377600723,1.9336141594773553,0.0078125,0.17261904761904762,0.4121558614618004,0.3776313879210221,1.5609756097560976,336,0.5B,32768
agent,centroid,256,0.01,0.39992706377600723,1.9336141594773553,0.0078125,0.17261904761904762,0.4121558614618004,0.2764862804878049,0.7804878048780488,336,0.5B,32768
agent,centroid,256,0.02,0.3332707115936957,1.7050837582922744,0.0234375,0.25,0.5269678790138611,0.38226353803716606,1.170731707317073,336,0.5B,32768
agent,centroid,256,0.05,0.24243671072706213,1.2255460346722957,0.046875,0.3244047619047619,0.6145716120944861,0.3839903105842703,0.937156802928615,336,0.5B,32768
agent,centroid,256,0.1,0.17577425887123055,0.9725137352698521,0.1015625,0.38095238095238093,0.6967035994415555,0.4632049493584434,1.0155630149527006,336,0.5B,32768
agent,centroid,256,0.15,0.1379098424521853,0.932007433318675,0.1484375,0.4375,0.7330362783747069,0.5039448448215739,0.9894222945484134,336,0.5B,32768
agent,centroid_ub,16,0.0025,0.5646073280444677,1.9276814749561813,0.00244140625,0.15773809523809523,0.4282179667985797,0.22709785133565624,0.975609756097561,336,0.5B,32768
agent,centroid_ub,16,0.005,0.3700199860764342,1.475428536221571,0.0048828125,0.20535714285714285,0.5057244640632981,0.24706010452961674,0.975609756097561,336,0.5B,32768
agent,centroid_ub,16,0.01,0.26251210442208,1.2767903769625106,0.009765625,0.27976190476190477,0.5707992781990024,0.2770397793263647,0.975609756097561,336,0.5B,32768
agent,centroid_ub,16,0.02,0.17699222102342604,0.9515796106550309,0.02001953125,0.37797619047619047,0.6392381580601503,0.31893328977932633,1.0,336,0.5B,32768
agent,centroid_ub,16,0.05,0.10456972981845253,0.6211402069736969,0.0498046875,0.49404761904761907,0.7256329225170033,0.38143539905284873,0.9957291031116535,336,0.5B,32768
agent,centroid_ub,16,0.1,0.05123914859706752,0.3910834514413122,0.10009765625,0.6398809523809523,0.7919422343623611,0.4510159190316346,1.000915471467806,336,0.5B,32768
agent,centroid_ub,16,0.15,0.03505369963061715,0.30002912105365054,0.14990234375,0.6845238095238095,0.8303811043638122,0.5025820692394126,0.9991863303498779,336,0.5B,32768
agent,centroid_ub,32,0.0025,0.5597929043078507,1.8498050615565096,0.0029296875,0.14583333333333334,0.4227679798581105,0.258855981416957,1.170731707317073,336,0.5B,32768
agent,centroid_ub,32,0.005,0.4315334949408646,1.5762189860823712,0.0048828125,0.20833333333333334,0.4788495477123698,0.25181475029036005,0.975609756097561,336,0.5B,32768
agent,centroid_ub,32,0.01,0.30955126660884247,1.3736579261808968,0.009765625,0.25892857142857145,0.5431325027269072,0.2783282520325203,0.975609756097561,336,0.5B,32768
agent,centroid_ub,32,0.02,0.19610418395373183,1.073739560496461,0.01953125,0.34226190476190477,0.6087705187380874,0.3125862006387921,0.975609756097561,336,0.5B,32768
agent,centroid_ub,32,0.05,0.11618873745956695,0.7998950385559589,0.0498046875,0.4642857142857143,0.6914355827763602,0.3783793108457538,0.9957291031116535,336,0.5B,32768
agent,centroid_ub,32,0.1,0.06800888970711594,0.48205108979654077,0.099609375,0.5803571428571429,0.7687330644118883,0.44469934754493806,0.996032956972841,336,0.5B,32768
agent,centroid_ub,32,0.15,0.04555134903461543,0.3463406501722439,0.150390625,0.6428571428571429,0.815027650674949,0.4982618708590027,1.0024410089503661,336,0.5B,32768
agent,centroid_ub,64,0.0025,0.8349491092699042,2.0577032730006817,0.001953125,0.09523809523809523,0.30013357533946183,0.19348867595818817,0.7804878048780488,336,0.5B,32768
agent,centroid_ub,64,0.005,0.5220707299890832,1.6352654272935165,0.005859375,0.17559523809523808,0.44169938719779933,0.28079631242741,1.170731707317073,336,0.5B,32768
agent,centroid_ub,64,0.01,0.32562875827020316,1.4204694784182001,0.009765625,0.24404761904761904,0.525141609293606,0.2773755081300813,0.975609756097561,336,0.5B,32768
agent,centroid_ub,64,0.02,0.21633699953970353,1.3175770519077736,0.01953125,0.31845238095238093,0.5915875108223886,0.30803117740998837,0.975609756097561,336,0.5B,32768
agent,centroid_ub,64,0.05,0.13370167998462204,0.8798444387305677,0.05078125,0.44345238095238093,0.6789944277578362,0.37480388738778003,1.0152532031726662,336,0.5B,32768
agent,centroid_ub,64,0.1,0.08385846020907889,0.6336978635121636,0.099609375,0.5386904761904762,0.7487847256266555,0.434017938881381,0.996032956972841,336,0.5B,32768
agent,centroid_ub,64,0.15,0.054895573627509534,0.5232911257698973,0.150390625,0.5982142857142857,0.788778010214983,0.4871871246464411,1.0024410089503661,336,0.5B,32768
agent,centroid_ub,128,0.0025,0.7954599316663563,1.8192002799504707,0.00390625,0.125,0.34924173430752536,0.2761324041811847,1.5609756097560976,336,0.5B,32768
agent,centroid_ub,128,0.005,0.7954599316663563,1.8192002799504707,0.00390625,0.125,0.34924173430752536,0.20412311265969804,0.7804878048780488,336,0.5B,32768
agent,centroid_ub,128,0.01,0.35750730193497304,1.410375979089066,0.01171875,0.24702380952380953,0.5313957224816169,0.2941165795586527,1.170731707317073,336,0.5B,32768
agent,centroid_ub,128,0.02,0.25191227889665146,1.29025287196289,0.01953125,0.3005952380952381,0.5897644783635443,0.2923018292682927,0.975609756097561,336,0.5B,32768
agent,centroid_ub,128,0.05,0.14004604386700475,0.9027468337575175,0.05078125,0.4226190476190476,0.6805504322631508,0.3621019640314942,1.0152532031726662,336,0.5B,32768
agent,centroid_ub,128,0.1,0.08624568093878168,0.6068135994811583,0.1015625,0.5238095238095238,0.7547866351588474,0.4296585509394481,1.0155630149527006,336,0.5B,32768
agent,centroid_ub,128,0.15,0.06260759078127837,0.525338470384294,0.1484375,0.5803571428571429,0.788860171228358,0.47418959955829365,0.9894222945484134,336,0.5B,32768
agent,centroid_ub,256,0.0025,0.8008782510244294,1.557581956691743,0.0078125,0.15178571428571427,0.39832205013676447,0.3315548780487805,3.1219512195121952,336,0.5B,32768
agent,centroid_ub,256,0.005,0.8008782510244294,1.557581956691743,0.0078125,0.15178571428571427,0.39832205013676447,0.26626016260162605,1.5609756097560976,336,0.5B,32768
agent,centroid_ub,256,0.01,0.8008782510244294,1.557581956691743,0.0078125,0.15178571428571427,0.39832205013676447,0.19821610046457605,0.7804878048780488,336,0.5B,32768
agent,centroid_ub,256,0.02,0.2689319471528346,1.2789910546479442,0.0234375,0.2976190476190476,0.5791808797752256,0.3161431112078978,1.170731707317073,336,0.5B,32768
agent,centroid_ub,256,0.05,0.15996367103930081,0.9635185597159062,0.046875,0.39285714285714285,0.6687091818413768,0.3306985240710073,0.937156802928615,336,0.5B,32768
agent,centroid_ub,256,0.1,0.09212213464825483,0.6660496055187247,0.1015625,0.5148809523809523,0.7463803746825379,0.4130674469971083,1.0155630149527006,336,0.5B,32768
agent,centroid_ub,256,0.15,0.06547114358387326,0.5357694970228487,0.1484375,0.5744047619047619,0.7869559089691642,0.4599921538998024,0.9894222945484134,336,0.5B,32768
agent,interval_cover,16,0.02,0.023911940928755405,0.17610099028330145,0.11964053199404762,0.7767857142857143,0.9103776627676726,1.0,5.976190476190476,336,0.5B,32768
agent,interval_cover,16,0.05,0.008426244564928714,0.09061785125054192,0.2471255347842262,0.9255952380952381,0.9577999390647142,1.0,4.94070135680874,336,0.5B,32768
agent,interval_cover,32,0.02,0.017119545915915566,0.1289458949894652,0.1790219261532738,0.8363095238095238,0.9278023410188948,1.0,8.942363530778165,336,0.5B,32768
agent,interval_cover,32,0.05,0.005494317483272549,0.059570410221588294,0.33657691592261907,0.9672619047619048,0.9702636664071923,1.0,6.729074057933118,336,0.5B,32768
agent,interval_cover,64,0.02,0.013248450084531625,0.08834116659115013,0.27342006138392855,0.9166666666666666,0.9456718929013247,1.0,13.65766550522648,336,0.5B,32768
agent,interval_cover,64,0.05,0.0036073842881268977,0.032937535805093635,0.45798456101190477,0.9940476190476191,0.9822248340404206,1.0,9.156338069089747,336,0.5B,32768
agent,interval_cover,128,0.02,0.010133911260849936,0.06557025320578957,0.34872581845238093,0.9375,0.9583731728976401,1.0,17.419279907084785,336,0.5B,32768
agent,interval_cover,128,0.05,0.0022262868187944602,0.021495968188328753,0.536376953125,0.9970238095238095,0.9877036690618132,1.0,10.723611958511288,336,0.5B,32768
agent,interval_cover,256,0.02,0.0065684010353598814,0.05255648480909254,0.41796875,0.9613095238095238,0.9675144794068328,1.0,20.878048780487806,336,0.5B,32768
agent,interval_cover,256,0.05,0.0014460915979870963,0.015079329970330955,0.60498046875,1.0,0.9910631259794352,1.0,12.095179987797437,336,0.5B,32768
agent,maxsketch,16,0.0025,0.820809473582871,2.226077353591144,0.00244140625,0.026785714285714284,0.0862268655373436,0.05320847851335656,0.975609756097561,336,0.5B,32768
agent,maxsketch,16,0.005,0.7577541229197085,1.8653194122801313,0.0048828125,0.02976190476190476,0.11276896497372611,0.06309886759581881,0.975609756097561,336,0.5B,32768
agent,maxsketch,16,0.01,0.7186588724415994,1.8315945996377632,0.009765625,0.03571428571428571,0.14854537581871852,0.08142784552845528,0.975609756097561,336,0.5B,32768
agent,maxsketch,16,0.02,0.7129494246817055,1.632107372482431,0.02001953125,0.05654761904761905,0.20731523796398044,0.11253266550522649,1.0,336,0.5B,32768
agent,maxsketch,16,0.05,0.5276845912991166,1.5818935541202332,0.0498046875,0.09226190476190477,0.3104364612940045,0.1619635956884279,0.9957291031116535,336,0.5B,32768
agent,maxsketch,16,0.1,0.38049846040278656,1.5150377482292607,0.10009765625,0.17857142857142858,0.4274554896899855,0.22483361669354954,1.000915471467806,336,0.5B,32768
agent,maxsketch,16,0.15,0.2620619090015218,1.079264029223605,0.14990234375,0.27380952380952384,0.527623032050126,0.27965172033011737,0.9991863303498779,336,0.5B,32768
agent,maxsketch,32,0.0025,0.7222708466646106,2.158496354872729,0.0029296875,0.03571428571428571,0.0868499904008101,0.06228222996515679,1.170731707317073,336,0.5B,32768
agent,maxsketch,32,0.005,0.6840033289879617,2.0350720713838975,0.0048828125,0.03869047619047619,0.11214537934876584,0.06676466318234611,0.975609756097561,336,0.5B,32768
agent,maxsketch,32,0.01,0.6802401738804289,1.8545869402502069,0.009765625,0.044642857142857144,0.15056844275961914,0.08370535714285714,0.975609756097561,336,0.5B,32768
agent,maxsketch,32,0.02,0.5945371223631448,1.7301346402952942,0.01953125,0.05654761904761905,0.21058900016457122,0.11172056475029037,0.975609756097561,336,0.5B,32768
agent,maxsketch,32,0.05,0.49484026401629355,1.5947826963381582,0.0498046875,0.10119047619047619,0.3037824422750547,0.16120275138731516,0.9957291031116535,336,0.5B,32768
agent,maxsketch,32,0.1,0.36759815402965174,1.511813185678724,0.099609375,0.1875,0.42603894202311554,0.21940617870584306,0.996032956972841,336,0.5B,32768
agent,maxsketch,32,0.15,0.28716356564639556,1.445845552371717,0.150390625,0.2619047619047619,0.5029358663091131,0.27622692181022124,1.0024410089503661,336,0.5B,32768
agent,maxsketch,64,0.0025,0.6967238277445262,2.2756066400568615,0.001953125,0.03273809523809524,0.05337043470674573,0.0429006968641115,0.7804878048780488,336,0.5B,32768
agent,maxsketch,64,0.005,0.6135801066256972,2.019010795777808,0.005859375,0.047619047619047616,0.10498816521506583,0.07634654471544715,1.170731707317073,336,0.5B,32768
agent,maxsketch,64,0.01,0.5934501284334728,1.8784480916542485,0.009765625,0.0625,0.1415986235717066,0.08801538908246226,0.975609756097561,336,0.5B,32768
agent,maxsketch,64,0.02,0.5565294030784496,1.684687789874086,0.01953125,0.07142857142857142,0.19578323309918244,0.11441546893147503,0.975609756097561,336,0.5B,32768
agent,maxsketch,64,0.05,0.5222267344703357,1.5937401551500563,0.05078125,0.10416666666666667,0.2908985391220187,0.16213065458031903,1.0152532031726662,336,0.5B,32768
agent,maxsketch,64,0.1,0.3644147969969836,1.5178399026401481,0.099609375,0.1875,0.3944298809522178,0.21656167807373178,0.996032956972841,336,0.5B,32768
agent,maxsketch,64,0.15,0.30599055853558166,1.4038733074642016,0.150390625,0.2619047619047619,0.48041525352906306,0.2703036004882018,1.0024410089503661,336,0.5B,32768
agent,maxsketch,128,0.0025,0.6790511339706329,2.0987177984883933,0.00390625,0.044642857142857144,0.06578994330802344,0.0662383855981417,1.5609756097560976,336,0.5B,32768
agent,maxsketch,128,0.005,0.6790511339706329,2.0987177984883933,0.00390625,0.044642857142857144,0.06578994330802344,0.052319250871080136,0.7804878048780488,336,0.5B,32768
agent,maxsketch,128,0.01,0.6087763348490041,1.828915914834598,0.01171875,0.05654761904761905,0.13602837141334248,0.09888574332171893,1.170731707317073,336,0.5B,32768
agent,maxsketch,128,0.02,0.5759480814905258,1.7320216752256534,0.01953125,0.06547619047619048,0.18026051650699615,0.11444269018583043,0.975609756097561,336,0.5B,32768
agent,maxsketch,128,0.05,0.4806725105646573,1.6262852442770224,0.05078125,0.11011904761904762,0.30425765715501135,0.16386843022749065,1.0152532031726662,336,0.5B,32768
agent,maxsketch,128,0.1,0.3909073615042803,1.4819025737327094,0.1015625,0.18452380952380953,0.3868543895910384,0.21795849862679278,1.0155630149527006,336,0.5B,32768
agent,maxsketch,128,0.15,0.3064114914471149,1.3368890508207734,0.1484375,0.25,0.46570819305451205,0.2663932639776822,0.9894222945484134,336,0.5B,32768
agent,maxsketch,256,0.0025,0.6620960526283663,2.055212045858335,0.0078125,0.044642857142857144,0.08142678461465049,0.09607288037166087,3.1219512195121952,336,0.5B,32768
agent,maxsketch,256,0.005,0.6620960526283663,2.055212045858335,0.0078125,0.044642857142857144,0.08142678461465049,0.08219004065040651,1.5609756097560976,336,0.5B,32768
agent,maxsketch,256,0.01,0.6620960526283663,2.055212045858335,0.0078125,0.044642857142857144,0.08142678461465049,0.0662020905923345,0.7804878048780488,336,0.5B,32768
agent,maxsketch,256,0.02,0.5971154100147014,1.734126049462194,0.0234375,0.0744047619047619,0.17301702876760364,0.1297727932636469,1.170731707317073,336,0.5B,32768
agent,maxsketch,256,0.05,0.5235566037000687,1.5729500963658567,0.046875,0.10416666666666667,0.25852205415444685,0.1547891426247131,0.937156802928615,336,0.5B,32768
agent,maxsketch,256,0.1,0.3946192817966435,1.531714214734249,0.1015625,0.18154761904761904,0.3783063566474965,0.2187050438118488,1.0155630149527006,336,0.5B,32768
agent,maxsketch,256,0.15,0.32785729190588353,1.3153506286102203,0.1484375,0.23809523809523808,0.4457763515759024,0.2637609457941028,0.9894222945484134,336,0.5B,32768
agent,recent_sink_routed,16,0.0025,0.4192966289126956,1.1124381190566353,0.00244140625,0.2261904761904762,0.5536033579946402,0.26426393728222997,0.975609756097561,336,0.5B,32768
agent,recent_sink_routed,16,0.005,0.20670899177791546,0.9552201791453299,0.0048828125,0.34226190476190477,0.6457630675257164,0.37271341463414637,0.975609756097561,336,0.5B,32768
agent,recent_sink_routed,16,0.01,0.14199802518281546,0.7138338426726676,0.009765625,0.4107142857142857,0.7019463734522017,0.4212761324041812,0.975609756097561,336,0.5B,32768
agent,recent_sink_routed,16,0.02,0.10088565388736692,0.5525794371897716,0.02001953125,0.49404761904761907,0.7577211822691934,0.4654199332171893,1.0,336,0.5B,32768
agent,recent_sink_routed,16,0.05,0.052714248109627694,0.3765797226944896,0.0498046875,0.6577380952380952,0.8275558694918255,0.5231685261047677,0.9957291031116535,336,0.5B,32768
agent,recent_sink_routed,16,0.1,0.028395566425463266,0.24001442222724312,0.10009765625,0.7440476190476191,0.8795883597958698,0.5823297659008675,1.000915471467806,336,0.5B,32768
agent,recent_sink_routed,16,0.15,0.017783411839576324,0.19080641695565406,0.14990234375,0.7767857142857143,0.9079227699040583,0.6230239451354178,0.9991863303498779,336,0.5B,32768
agent,recent_sink_routed,32,0.0025,0.4108901695381907,1.09018169903382,0.0029296875,0.2261904761904762,0.558079454118347,0.27384581881533104,1.170731707317073,336,0.5B,32768
agent,recent_sink_routed,32,0.005,0.21907059719125704,1.0236363675073545,0.0048828125,0.31845238095238093,0.6216960807197205,0.3252576945412311,0.975609756097561,336,0.5B,32768
agent,recent_sink_routed,32,0.01,0.1575997628762146,0.7663470711993962,0.009765625,0.4107142857142857,0.6862168499060645,0.3825221399535424,0.975609756097561,336,0.5B,32768
agent,recent_sink_routed,32,0.02,0.11180687124809835,0.5891066186360232,0.01953125,0.46726190476190477,0.7419451446065344,0.42210184378629495,0.975609756097561,336,0.5B,32768
agent,recent_sink_routed,32,0.05,0.059074944125672754,0.4063535718589315,0.0498046875,0.6130952380952381,0.8125528736439434,0.48610868996775036,0.9957291031116535,336,0.5B,32768
agent,recent_sink_routed,32,0.1,0.03325396851605875,0.2644282656876682,0.099609375,0.7142857142857143,0.8641315562180436,0.5455946568435125,0.996032956972841,336,0.5B,32768
agent,recent_sink_routed,32,0.15,0.02071329775525778,0.20212441917435636,0.150390625,0.7589285714285714,0.8942850346597769,0.5912484501530474,1.0024410089503661,336,0.5B,32768
agent,recent_sink_routed,64,0.0025,0.41088984681051355,1.0707323355208098,0.00390625,0.2261904761904762,0.561469927000436,0.28335511033681765,1.5609756097560976,336,0.5B,32768
agent,recent_sink_routed,64,0.005,0.2403632895790058,1.0235032090721354,0.005859375,0.30952380952380953,0.6092509906197414,0.3005045005807201,1.170731707317073,336,0.5B,32768
agent,recent_sink_routed,64,0.01,0.18125745514041874,0.8929902150896294,0.009765625,0.36904761904761907,0.6610749517826701,0.3246588269454123,0.975609756097561,336,0.5B,32768
agent,recent_sink_routed,64,0.02,0.1302109155796006,0.7060424533986662,0.01953125,0.44345238095238093,0.7226160028904505,0.3735345891405343,0.975609756097561,336,0.5B,32768
agent,recent_sink_routed,64,0.05,0.0652022736156459,0.4578381443380347,0.05078125,0.5833333333333334,0.7983850236031355,0.4462034050960226,1.0152532031726662,336,0.5B,32768
agent,recent_sink_routed,64,0.1,0.036881295514961804,0.30104010265814474,0.099609375,0.6785714285714286,0.8471074209612035,0.5008028539459727,0.996032956972841,336,0.5B,32768
agent,recent_sink_routed,64,0.15,0.024298091838340828,0.22367451002986988,0.150390625,0.7321428571428571,0.8779338355101355,0.5483721763725832,1.0024410089503661,336,0.5B,32768
agent,recent_sink_routed,128,0.0025,0.25208217303112823,1.0068564303851437,0.0078125,0.30952380952380953,0.6062572903947812,0.405705574912892,3.1219512195121952,336,0.5B,32768
agent,recent_sink_routed,128,0.005,0.25208217303112823,1.0068564303851437,0.0078125,0.30952380952380953,0.6062572903947812,0.2933180894308943,1.5609756097560976,336,0.5B,32768
agent,recent_sink_routed,128,0.01,0.19701469000950625,0.9043801384534723,0.01171875,0.36607142857142855,0.6575240710430562,0.31306257259001163,1.170731707317073,336,0.5B,32768
agent,recent_sink_routed,128,0.02,0.13950536263928343,0.7263479177426144,0.01953125,0.4255952380952381,0.7103269438963826,0.3319450493612079,0.975609756097561,336,0.5B,32768
agent,recent_sink_routed,128,0.05,0.07154765471399124,0.46346069250668087,0.05078125,0.5654761904761905,0.7930624717356684,0.4148617042912345,1.0152532031726662,336,0.5B,32768
agent,recent_sink_routed,128,0.1,0.04004809425408434,0.31523468830468726,0.1015625,0.6636904761904762,0.8434528061173222,0.4809749044567476,1.0155630149527006,336,0.5B,32768
agent,recent_sink_routed,128,0.15,0.02641623251246449,0.23682560334004177,0.1484375,0.7232142857142857,0.8729273194461975,0.521635500213104,0.9894222945484134,336,0.5B,32768
agent,recent_sink_routed,256,0.0025,0.19401355674114773,0.9059633566170198,0.015625,0.3601190476190476,0.65503151767876,0.5211236933797909,6.2439024390243905,336,0.5B,32768
agent,recent_sink_routed,256,0.005,0.19401355674114773,0.9059633566170198,0.015625,0.3601190476190476,0.65503151767876,0.4101154181184669,3.1219512195121952,336,0.5B,32768
agent,recent_sink_routed,256,0.01,0.19401355674114773,0.9059633566170198,0.015625,0.3601190476190476,0.65503151767876,0.3018201945412311,1.5609756097560976,336,0.5B,32768
agent,recent_sink_routed,256,0.02,0.1507193371773746,0.7401093489608899,0.0234375,0.4255952380952381,0.7042808723095645,0.31724557200929154,1.170731707317073,336,0.5B,32768
agent,recent_sink_routed,256,0.05,0.08957357099205374,0.539725377078823,0.046875,0.5386904761904762,0.7747105248382592,0.3559008105987972,0.937156802928615,336,0.5B,32768
agent,recent_sink_routed,256,0.1,0.046022672933686226,0.3289269354322168,0.1015625,0.6428571428571429,0.8360653277832797,0.4498034642602845,1.0155630149527006,336,0.5B,32768
agent,recent_sink_routed,256,0.15,0.029850121940795487,0.253135169295602,0.1484375,0.7053571428571429,0.8667663174361337,0.4949284890929521,0.9894222945484134,336,0.5B,32768
agent,token_oracle,0,0.0025,0.16343270029538132,0.6859935874091652,0.00250244140625,0.38095238095238093,0.7191562336594712,1.0,1.0,336,0.5B,32768
agent,token_oracle,0,0.005,0.11125508375525345,0.5445311087210445,0.0050048828125,0.46726190476190477,0.7676076878332222,1.0,1.0,336,0.5B,32768
agent,token_oracle,0,0.01,0.07547852635320737,0.4375216498500485,0.010009765625,0.5654761904761905,0.8129696461890099,1.0,1.0,336,0.5B,32768
agent,token_oracle,0,0.02,0.04906433048798001,0.37598787932701294,0.02001953125,0.6666666666666666,0.8554538434326424,1.0,1.0,336,0.5B,32768
agent,token_oracle,0,0.05,0.02041263766754265,0.2495500666287495,0.050018310546875,0.7619047619047619,0.9091271036098478,1.0,1.0,336,0.5B,32768
agent,token_oracle,0,0.1,0.0091240240686226,0.15914326624292624,0.100006103515625,0.8184523809523809,0.945564809115199,1.0,1.0,336,0.5B,32768
agent,token_oracle,0,0.15,0.004757223585842477,0.11231670516671172,0.1500244140625,0.8809523809523809,0.9637557899504536,1.0,1.0,336,0.5B,32768
lenshift,block_oracle,16,0.0025,0.05515287148594,0.6776065554984424,0.0020982119339860474,0.6309523809523809,0.8729875179978992,0.44828869047619047,0.8297991071428571,336,0.5B,32768
lenshift,block_oracle,16,0.005,0.03032250466814933,0.5837233969319638,0.0045985693966782305,0.7023809523809523,0.8981108301191719,0.4557017543859649,0.9188909774436089,336,0.5B,32768
lenshift,block_oracle,16,0.01,0.023582118443906883,0.49154890814651353,0.009651492688947255,0.7232142857142857,0.910180620367972,0.42600250626566416,0.9642857142857143,336,0.5B,32768
lenshift,block_oracle,16,0.02,0.017546326389796352,0.388098869412527,0.01976580549514227,0.7529761904761905,0.9227929490446867,0.40929667919799495,0.9874060150375938,336,0.5B,32768
lenshift,block_oracle,16,0.05,0.011074841879962095,0.292431908733535,0.04926165140238258,0.7886904761904762,0.9412016316893579,0.4232581453634085,0.9843515037593985,336,0.5B,32768
lenshift,block_oracle,16,0.1,0.006446317886092323,0.2192775898912589,0.09983321543335766,0.8244047619047619,0.9569457142100345,0.47581120389177256,0.9979641540660497,336,0.5B,32768
lenshift,block_oracle,16,0.15,0.0043601686408702,0.16867488748633247,0.14956050902687368,0.8601190476190477,0.9661808773420825,0.5199597043873729,0.9968775080256821,336,0.5B,32768
lenshift,block_oracle,32,0.0025,0.7041876552409967,1.2678099312002304,0.0011761776827888613,0.09523809523809523,0.5951319308352014,0.19543650793650796,0.4651537698412698,336,0.5B,32768
lenshift,block_oracle,32,0.005,0.04401159698984701,0.6327921177556175,0.0038185795310591185,0.6696428571428571,0.8865309681282829,0.3578320802005012,0.7630325814536341,336,0.5B,32768
lenshift,block_oracle,32,0.01,0.02599117971251136,0.5335843260226467,0.0088365404635225,0.7202380952380952,0.906164829521225,0.3798245614035088,0.8828634085213032,336,0.5B,32768
lenshift,block_oracle,32,0.02,0.01928047315415908,0.43096836836873886,0.018946933722654106,0.7440476190476191,0.9190831905018955,0.3740366541353384,0.9464990601503759,336,0.5B,32768
lenshift,block_oracle,32,0.05,0.012235419013601761,0.3296296651974043,0.04928203304711233,0.7767857142857143,0.9373843549010833,0.39482769423558894,0.9847587719298245,336,0.5B,32768
lenshift,block_oracle,32,0.1,0.007381558433722093,0.24597987420995795,0.09816003918292808,0.8095238095238095,0.952678944097949,0.44483312018857046,0.9812385591414028,336,0.5B,32768
lenshift,block_oracle,32,0.15,0.005166515259389498,0.18948451079358317,0.14873160321390316,0.8422619047619048,0.9623880743353245,0.49558587479935795,0.9913525364499733,336,0.5B,32768
lenshift,block_oracle,64,0.0025,0.47333122945089146,1.139760458540478,0.0024973786069239895,0.16071428571428573,0.7046108105654975,0.3721478174603175,0.9876612103174603,336,0.5B,32768
lenshift,block_oracle,64,0.005,0.47333122945089146,1.139760458540478,0.0024973786069239895,0.16071428571428573,0.7046108105654975,0.23226817042606515,0.4990288220551379,336,0.5B,32768
lenshift,block_oracle,64,0.01,0.027753679407625832,0.5373038177521194,0.008816942728205438,0.7142857142857143,0.9033040880206782,0.3593828320802005,0.8809053884711779,336,0.5B,32768
lenshift,block_oracle,64,0.02,0.020295279757421653,0.4439456440290142,0.01892341644027363,0.7351190476190477,0.9172202373438875,0.3517622180451128,0.9453242481203008,336,0.5B,32768
lenshift,block_oracle,64,0.05,0.013198786539722129,0.34122769217804255,0.04926635485885868,0.7767857142857143,0.9351248582042269,0.37299812030075186,0.9844454887218045,336,0.5B,32768
lenshift,block_oracle,64,0.1,0.007952696946615958,0.2617296732548424,0.09983791888983376,0.8005952380952381,0.950633627395193,0.4269305273452193,0.9980111712931619,336,0.5B,32768
lenshift,block_oracle,64,0.15,0.005740782236030525,0.2102047112934737,0.14703804531874384,0.8333333333333334,0.9599551624883154,0.4712183152755484,0.980064330858748,336,0.5B,32768
lenshift,block_oracle,128,0.0025,0.471631073727633,1.1325559513187073,0.0036312251814279942,0.1636904761904762,0.7062037204520715,0.38795882936507936,1.4360739087301586,336,0.5B,32768
lenshift,block_oracle,128,0.005,0.471631073727633,1.1325559513187073,0.0036312251814279942,0.1636904761904762,0.7062037204520715,0.2554197994987469,0.7255952380952381,336,0.5B,32768
lenshift,block_oracle,128,0.01,0.471631073727633,1.1325559513187073,0.0036312251814279942,0.1636904761904762,0.7062037204520715,0.15842731829573933,0.36279761904761904,336,0.5B,32768
lenshift,block_oracle,128,0.02,0.025437708273940443,0.49143269378187626,0.015596034547201381,0.7232142857142857,0.9108633348863626,0.2906015037593985,0.7791040100250626,336,0.5B,32768
lenshift,block_oracle,128,0.05,0.015665264990777472,0.3635830804190307,0.04255358177617568,0.7619047619047619,0.9302786109629204,0.3181516290726817,0.8503101503759398,336,0.5B,32768
lenshift,block_oracle,128,0.1,0.009601381022312505,0.2773947286243449,0.09649658340921577,0.7946428571428571,0.9480016917106749,0.3965323227763986,0.9646101331527872,336,0.5B,32768
lenshift,block_oracle,128,0.15,0.006544558506977386,0.22067131325809314,0.14369670983812582,0.8244047619047619,0.9576755533533526,0.44441065576511507,0.957793062800963,336,0.5B,32768
lenshift,block_oracle,256,0.0025,0.471631073727633,1.1203774896771153,0.0058989183304360045,0.16964285714285715,0.7080769216930206,0.39682539682539686,2.3328993055555554,336,0.5B,32768
lenshift,block_oracle,256,0.005,0.471631073727633,1.1203774896771153,0.0058989183304360045,0.16964285714285715,0.7080769216930206,0.26979949874686715,1.1787280701754386,336,0.5B,32768
lenshift,block_oracle,256,0.01,0.471631073727633,1.1203774896771153,0.0058989183304360045,0.16964285714285715,0.7080769216930206,0.17424812030075187,0.5893640350877193,336,0.5B,32768
lenshift,block_oracle,256,0.02,0.471631073727633,1.1203774896771153,0.0058989183304360045,0.16964285714285715,0.7080769216930206,0.10773026315789473,0.29468201754385964,336,0.5B,32768
lenshift,block_oracle,256,0.05,0.018314094124475308,0.37145957702878796,0.0426137860190697,0.7470238095238095,0.9279047599783057,0.2928258145363409,0.8515131578947368,336,0.5B,32768
lenshift,block_oracle,256,0.1,0.01156569233104348,0.30164210514831247,0.08307103724384976,0.7827380952380952,0.9425088573761496,0.33533783444920884,0.830404160084255,336,0.5B,32768
lenshift,block_oracle,256,0.15,0.008095373309908449,0.2344730154066738,0.13701403887688984,0.8095238095238095,0.9544786919111716,0.40716124933119313,0.9132505266853932,336,0.5B,32768
lenshift,centroid,16,0.0025,0.3767361408361652,1.9378966067993308,0.002074224305957962,0.2619047619047619,0.6832039419166919,0.4724702380952381,0.8203125,336,0.5B,32768
lenshift,centroid,16,0.005,0.11079876062200043,1.1320811388392331,0.004595747322792574,0.49404761904761907,0.801522461361628,0.46635338345864663,0.9183270676691729,336,0.5B,32768
lenshift,centroid,16,0.01,0.05766285520948186,0.7853383468412893,0.009650081652004426,0.5773809523809523,0.8477589051252056,0.4308114035087719,0.9641447368421053,336,0.5B,32768
lenshift,centroid,16,0.02,0.034522259650713406,0.665778542453277,0.019760161347370957,0.6309523809523809,0.8734268838960689,0.4144815162907268,0.9871240601503759,336,0.5B,32768
lenshift,centroid,16,0.05,0.017917623473967338,0.4628279142848688,0.04926024036543976,0.7053571428571429,0.9057333497716906,0.4345582706766918,0.9843233082706766,336,0.5B,32768
lenshift,centroid,16,0.1,0.009389914995623602,0.31023053690727403,0.09983039335947201,0.7619047619047619,0.9312468986104632,0.495013039444319,0.9979359437297826,336,0.5B,32768
lenshift,centroid,16,0.15,0.006176644877117806,0.2195209465614184,0.14955909798993083,0.8184523809523809,0.9529861793022819,0.5442656082798288,0.996868102929374,336,0.5B,32768
lenshift,centroid,32,0.0025,1.0439659278026023,4.0965766882979215,0.0004236246466136367,0.05654761904761905,0.3610950237929327,0.13368055555555558,0.16753472222222224,336,0.5B,32768
lenshift,centroid,32,0.005,0.22809294641516575,1.168524733381055,0.003771544966298167,0.38392857142857145,0.7643167265093245,0.3790413533834586,0.7536340852130325,336,0.5B,32768
lenshift,centroid,32,0.01,0.06927652012593327,0.9089895898882875,0.008816942728205438,0.5476190476190477,0.8333541082725453,0.387484335839599,0.8809053884711779,336,0.5B,32768
lenshift,centroid,32,0.02,0.040102964668430295,0.7026501216092971,0.018927335987337042,0.6160714285714286,0.8648998167709301,0.3806704260651629,0.9455200501253133,336,0.5B,32768
lenshift,centroid,32,0.05,0.02284945047894981,0.5481563666399529,0.04926635485885868,0.6755952380952381,0.8942245590690965,0.40579260651629073,0.9844454887218045,336,0.5B,32768
lenshift,centroid,32,0.1,0.010727271427821476,0.37001104750861646,0.09815220008880125,0.7380952380952381,0.9195828141069677,0.4598864690689335,0.9811601970962162,336,0.5B,32768
lenshift,centroid,32,0.15,0.007014321036150833,0.271485002443113,0.14872376411977634,0.7857142857142857,0.9377761352752989,0.5128682617710005,0.9913002859149278,336,0.5B,32768
lenshift,centroid,64,0.0025,0.572435315188871,1.9562349816579174,0.002344516271450897,0.13690476190476192,0.6041733667806813,0.4138144841269841,0.9272073412698413,336,0.5B,32768
lenshift,centroid,64,0.005,0.572435315188871,1.9562349816579174,0.002344516271450897,0.13690476190476192,0.6041733667806813,0.25272556390977446,0.46848370927318295,336,0.5B,32768
lenshift,centroid,64,0.01,0.062818927011869,0.8872251232813466,0.008844379557649325,0.5773809523809523,0.8404238297559982,0.36904761904761907,0.8836466165413535,336,0.5B,32768
lenshift,centroid,64,0.02,0.038640613406076024,0.7250130746587882,0.018939094628527282,0.6160714285714286,0.8631387420865493,0.3584194862155388,0.946107456140351,336,0.5B,32768
lenshift,centroid,64,0.05,0.0229490839404035,0.570661622362168,0.04927419395298551,0.6726190476190477,0.8946952000328106,0.38124060150375944,0.9846021303258145,336,0.5B,32768
lenshift,centroid,64,0.1,0.011446948642707597,0.371963872201029,0.09984183843689716,0.7470238095238095,0.9249119233203751,0.4397395872514356,0.9980503523157551,336,0.5B,32768
lenshift,centroid,64,0.15,0.007089612020065621,0.2534917443357929,0.14704196486580726,0.8065476190476191,0.9461236237893773,0.4861567432450508,0.9800904561262708,336,0.5B,32768
lenshift,centroid,128,0.0025,0.5586943290634929,2.3937489326113894,0.0025288917653138268,0.13988095238095238,0.5921155287428279,0.4089781746031746,1.000124007936508,336,0.5B,32768
lenshift,centroid,128,0.005,0.5586943290634929,2.3937489326113894,0.0025288917653138268,0.13988095238095238,0.5921155287428279,0.24906015037593987,0.5053258145363408,336,0.5B,32768
lenshift,centroid,128,0.01,0.5586943290634929,2.3937489326113894,0.0025288917653138268,0.13988095238095238,0.5921155287428279,0.1462875939849624,0.2526629072681704,336,0.5B,32768
lenshift,centroid,128,0.02,0.0678805657208581,0.9484907906986024,0.015651848897384375,0.5446428571428571,0.8245489765770699,0.30431547619047616,0.7818922305764411,336,0.5B,32768
lenshift,centroid,128,0.05,0.04086432947831167,0.7103182510113659,0.04258148895126718,0.5982142857142857,0.8560183278146877,0.3282550125313283,0.8508677944862155,336,0.5B,32768
lenshift,centroid,128,0.1,0.016423427998911097,0.43899562177920776,0.09651053699676151,0.7113095238095238,0.9094153350916847,0.40762055217031523,0.9647496175932194,336,0.5B,32768
lenshift,centroid,128,0.15,0.009269413469240257,0.3191887012919633,0.1437106634256716,0.7678571428571429,0.9284120380819344,0.4573363931246656,0.957886068753344,336,0.5B,32768
lenshift,centroid,256,0.0025,0.5672168672574649,2.536195353726918,0.002700881490456373,0.14285714285714285,0.5773935579062028,0.40271577380952384,1.0681423611111112,336,0.5B,32768
lenshift,centroid,256,0.005,0.5672168672574649,2.536195353726918,0.002700881490456373,0.14285714285714285,0.5773935579062028,0.237374686716792,0.5396929824561403,336,0.5B,32768
lenshift,centroid,256,0.01,0.5672168672574649,2.536195353726918,0.002700881490456373,0.14285714285714285,0.5773935579062028,0.13800125313283207,0.26984649122807014,336,0.5B,32768
lenshift,centroid,256,0.02,0.5672168672574649,2.536195353726918,0.002700881490456373,0.14285714285714285,0.5773935579062028,0.07979323308270676,0.13492324561403507,336,0.5B,32768
lenshift,centroid,256,0.05,0.06583673027381737,0.913814397633782,0.042681829356090537,0.5357142857142857,0.8198145510255281,0.30668859649122804,0.8528728070175438,336,0.5B,32768
lenshift,centroid,256,0.1,0.037052832715294436,0.7106175064946259,0.08310505891236018,0.6041666666666666,0.8538754932043003,0.3476438100253266,0.8307442513603652,336,0.5B,32768
lenshift,centroid,256,0.15,0.025282760856273574,0.5101105976483266,0.13704806054540025,0.6517857142857143,0.8764898653511256,0.4207756487426431,0.9134772940074906,336,0.5B,32768
lenshift,centroid_ub,16,0.0025,0.3617468999582669,2.4319330556700924,0.0021772300027844463,0.32142857142857145,0.6375753476342174,0.3899429563492064,0.8610491071428571,336,0.5B,32768
lenshift,centroid_ub,16,0.005,0.1032828100282718,1.4545254527954707,0.004663477096048344,0.49702380952380953,0.7515771477843801,0.3531641604010025,0.9318609022556391,336,0.5B,32768
lenshift,centroid_ub,16,0.01,0.07001102607351142,1.236391192026686,0.009710756240546053,0.5565476190476191,0.7828885957301501,0.3072681704260652,0.9702067669172931,336,0.5B,32768
lenshift,centroid_ub,16,0.02,0.04633253560028005,1.1362230017150112,0.01981378075119844,0.6101190476190477,0.8132451863688297,0.2916510025062657,0.9898026315789474,336,0.5B,32768
lenshift,centroid_ub,16,0.05,0.032863111720449596,0.6612654093165318,0.04930116043678178,0.6755952380952381,0.8499425632665437,0.31205513784461153,0.985140977443609,336,0.5B,32768
lenshift,centroid_ub,16,0.1,0.0218409933964959,0.4662761290152755,0.09986990239387121,0.7083333333333334,0.8750236011301937,0.37535889816695506,0.9983308884375235,336,0.5B,32768
lenshift,centroid_ub,16,0.15,0.0181778280220227,0.36645992794668997,0.1495957849504444,0.7410714285714286,0.8893573704943553,0.431051238964687,0.9971126354333868,336,0.5B,32768
lenshift,centroid_ub,32,0.0025,1.0382844157874125,3.2219307508550346,0.0013290400182619537,0.047619047619047616,0.3396620751183172,0.1974826388888889,0.5256076388888888,336,0.5B,32768
lenshift,centroid_ub,32,0.005,0.33259704319256356,2.399855609636579,0.004081189184307764,0.3541666666666667,0.6583668264668584,0.3076754385964912,0.8155075187969926,336,0.5B,32768
lenshift,centroid_ub,32,0.01,0.07408842605266988,1.4165339162305262,0.009044276457883369,0.5357142857142857,0.7541426335806252,0.2963502506265664,0.9036184210526315,336,0.5B,32768
lenshift,centroid_ub,32,0.02,0.05722981196845129,1.1888166918673866,0.01911939379344426,0.5654761904761905,0.7816489763448973,0.2866854636591479,0.9551143483709273,336,0.5B,32768
lenshift,centroid_ub,32,0.05,0.03800627958572684,0.9470823139598423,0.04943097583552201,0.6428571428571429,0.8249170665846315,0.31705827067669173,0.987734962406015,336,0.5B,32768
lenshift,centroid_ub,32,0.1,0.023654523299706576,0.6233832117131491,0.0982854646889573,0.6904761904761905,0.8682479528429742,0.3780623887258958,0.9824923518643898,336,0.5B,32768
lenshift,centroid_ub,32,0.15,0.01820230814955285,0.4782042998283068,0.1488413505316787,0.7202380952380952,0.8840120838088374,0.4350442248528625,0.99208404394061,336,0.5B,32768
lenshift,centroid_ub,64,0.0025,0.7976199110189814,2.6391126137226664,0.0025796890952556545,0.09821428571428571,0.4940711825393006,0.3565228174603175,1.0202132936507935,336,0.5B,32768
lenshift,centroid_ub,64,0.005,0.7976199110189814,2.6391126137226664,0.0025796890952556545,0.09821428571428571,0.4940711825393006,0.23038847117794484,0.5154761904761904,336,0.5B,32768
lenshift,centroid_ub,64,0.01,0.0636801644347894,1.21201241210005,0.008891414122410277,0.5773809523809523,0.7974362484232225,0.3095708020050125,0.8883458646616541,336,0.5B,32768
lenshift,centroid_ub,64,0.02,0.051155191158854495,1.0238395555716466,0.018982209646224817,0.6101190476190477,0.8226816504038643,0.2920426065162907,0.9482612781954888,336,0.5B,32768
lenshift,centroid_ub,64,0.05,0.028601009469552373,0.8148211346131089,0.04931338942361963,0.6696428571428571,0.854930445446513,0.31685776942355887,0.9853853383458647,336,0.5B,32768
lenshift,centroid_ub,64,0.1,0.018385791522022472,0.46710780842427535,0.0998810339075313,0.7291666666666666,0.8862062210796646,0.3806546051806715,0.9984421625416886,336,0.5B,32768
lenshift,centroid_ub,64,0.15,0.01323080820629794,0.36555045967495126,0.14706940169525115,0.75,0.9017683577869665,0.42984425160513645,0.9802733329989299,336,0.5B,32768
lenshift,centroid_ub,128,0.0025,0.9152527784904912,2.3595659051421976,0.004510301196810179,0.09226190476190477,0.4836014311735392,0.3721478174603175,1.7837301587301586,336,0.5B,32768
lenshift,centroid_ub,128,0.005,0.9152527784904912,2.3595659051421976,0.004510301196810179,0.09226190476190477,0.4836014311735392,0.26995614035087717,0.9012531328320802,336,0.5B,32768
lenshift,centroid_ub,128,0.01,0.9152527784904912,2.3595659051421976,0.004510301196810179,0.09226190476190477,0.4836014311735392,0.17706766917293232,0.4506265664160401,336,0.5B,32768
lenshift,centroid_ub,128,0.02,0.046867221828908755,1.0881886622375916,0.015958827823390854,0.6071428571428571,0.8121840778784888,0.25976660401002505,0.7972274436090225,336,0.5B,32768
lenshift,centroid_ub,128,0.05,0.02708301046794924,0.6731987690185088,0.042790792764453404,0.6785714285714286,0.8634480978227363,0.2858865914786967,0.8550501253132831,336,0.5B,32768
lenshift,centroid_ub,128,0.1,0.018743014928649007,0.4510093350593004,0.09669193363485624,0.7232142857142857,0.887089314291582,0.36727193510368866,0.9665629153188394,336,0.5B,32768
lenshift,centroid_ub,128,0.15,0.01508922325319529,0.3696397710026642,0.1438920600637663,0.7529761904761905,0.8988380153594765,0.41729889814071697,0.9590951461342964,336,0.5B,32768
lenshift,centroid_ub,256,0.0025,0.9657706041565558,1.7044489966240244,0.009437171855519852,0.07738095238095238,0.44978184768339735,0.3763020833333333,3.7322048611111107,336,0.5B,32768
lenshift,centroid_ub,256,0.005,0.9657706041565558,1.7044489966240244,0.009437171855519852,0.07738095238095238,0.44978184768339735,0.3084586466165413,1.8857456140350877,336,0.5B,32768
lenshift,centroid_ub,256,0.01,0.9657706041565558,1.7044489966240244,0.009437171855519852,0.07738095238095238,0.44978184768339735,0.22402882205513783,0.9428728070175438,336,0.5B,32768
lenshift,centroid_ub,256,0.02,0.9657706041565558,1.7044489966240244,0.009437171855519852,0.07738095238095238,0.44978184768339735,0.14902098997493735,0.4714364035087719,336,0.5B,32768
lenshift,centroid_ub,256,0.05,0.031998493103975206,0.9094742415663701,0.04394063109097614,0.6458333333333334,0.8414336816115167,0.27864661654135336,0.8780263157894737,336,0.5B,32768
lenshift,centroid_ub,256,0.1,0.019969336624181773,0.5515851036932506,0.08409168729916242,0.6934523809523809,0.8743380518293168,0.32396436721081273,0.8406068983675619,336,0.5B,32768
lenshift,centroid_ub,256,0.15,0.01570631725745933,0.39834632850445706,0.13793262392667124,0.7380952380952381,0.8932765413204535,0.3951697515382558,0.9193732443820224,336,0.5B,32768
lenshift,interval_cover,16,0.02,0.005477251593099946,0.14383839872358975,0.14639226074457598,0.8571428571428571,0.9693124613176836,1.0,7.313063909774436,336,0.5B,32768
lenshift,interval_cover,16,0.05,0.0016080882984580024,0.05204916874283981,0.3220481734283557,0.9791666666666666,0.9874029535953429,1.0,6.435200501253133,336,0.5B,32768
lenshift,interval_cover,32,0.02,0.00438959892831865,0.11117797962660045,0.21798764809616625,0.8869047619047619,0.9754802101426444,1.0,10.889630325814537,336,0.5B,32768
lenshift,interval_cover,32,0.05,0.0011276148531836373,0.03268249613497648,0.43838033027044243,0.9910714285714286,0.9915489650891898,1.0,8.759761904761906,336,0.5B,32768
lenshift,interval_cover,64,0.02,0.003367789581080626,0.07797225504808161,0.29934474580012693,0.9375,0.9809213332633123,1.0,14.953845551378446,336,0.5B,32768
lenshift,interval_cover,64,0.05,0.0006883362459794712,0.019450890711370405,0.5418374021367489,1.0,0.9942233551788885,1.0,10.827052005012531,336,0.5B,32768
lenshift,interval_cover,128,0.02,0.0023210227036496263,0.05487970045598907,0.3918385309663032,0.9613095238095238,0.9858515030846443,1.0,19.574396929824562,336,0.5B,32768
lenshift,interval_cover,128,0.05,0.000383818321193645,0.012037080568063817,0.636147348630228,1.0,0.9962007126513174,1.0,12.711563283208019,336,0.5B,32768
lenshift,interval_cover,256,0.02,0.001412964130298296,0.03763789667360075,0.49105512325564477,0.9761904761904762,0.9897095038573217,1.0,24.53078790726817,336,0.5B,32768
lenshift,interval_cover,256,0.05,0.0001708898809100191,0.006177416268141335,0.720995194948864,1.0,0.9974322385910835,1.0,14.407001879699248,336,0.5B,32768
lenshift,maxsketch,16,0.0025,1.4567129933549112,3.900454301813914,0.0024481490958075274,0.050595238095238096,0.13119955582052517,0.06417410714285714,0.9681919642857143,336,0.5B,32768
lenshift,maxsketch,16,0.005,1.3161732570916587,3.699358061759717,0.0049527396693281964,0.06547619047619048,0.172758475321425,0.06829573934837092,0.9896616541353384,336,0.5B,32768
lenshift,maxsketch,16,0.01,1.2000600307020517,3.458907361551164,0.009990141555226106,0.08630952380952381,0.22414520413474961,0.07230576441102757,0.9981203007518796,336,0.5B,32768
lenshift,maxsketch,16,0.02,1.1235893235651482,3.102763007185161,0.02006635636396475,0.11011904761904762,0.2978466569948657,0.08659147869674186,1.0024201127819548,336,0.5B,32768
lenshift,maxsketch,16,0.05,0.828033964084725,2.218594990362373,0.049509993904320405,0.19642857142857142,0.4371847311167053,0.12363721804511278,0.9893139097744361,336,0.5B,32768
lenshift,maxsketch,16,0.1,0.4911164780195718,1.791762659077411,0.10001100608815407,0.28869047619047616,0.5553141727591067,0.185274517916698,0.999741405250884,336,0.5B,32768
lenshift,maxsketch,16,0.15,0.3066410544527413,1.7059059863722161,0.1496959685733852,0.37202380952380953,0.6245937835878657,0.24164200441412523,0.997780397271268,336,0.5B,32768
lenshift,maxsketch,32,0.0025,1.5558883866983555,4.296625798555305,0.0015838105773837744,0.01488095238095238,0.0690311622871936,0.036582341269841265,0.6263640873015872,336,0.5B,32768
lenshift,maxsketch,32,0.005,1.3090814535590338,3.6557708474283506,0.004833742220482989,0.05654761904761905,0.1525382380768813,0.06284461152882205,0.9658834586466166,336,0.5B,32768
lenshift,maxsketch,32,0.01,1.2117722329844618,3.6696354000674747,0.009824266323502482,0.08035714285714286,0.19826185017271977,0.07175751879699248,0.9815476190476191,336,0.5B,32768
lenshift,maxsketch,32,0.02,1.0935837178668861,3.4076150846673774,0.019856268641365835,0.11904761904761904,0.27686610521322585,0.08587092731829574,0.9919251253132833,336,0.5B,32768
lenshift,maxsketch,32,0.05,0.9341165532427516,2.436974458143373,0.05005810336566804,0.2113095238095238,0.4019296523701681,0.12477130325814535,1.0002662907268172,336,0.5B,32768
lenshift,maxsketch,32,0.1,0.5571552608837029,1.915435487022918,0.09876756897775704,0.2857142857142857,0.5248329415665731,0.18149590009779584,0.9873116176433712,336,0.5B,32768
lenshift,maxsketch,32,0.15,0.3771952424684992,1.7268842020945134,0.14922546614389315,0.3541666666666667,0.6047977948015889,0.23787056079454255,0.9946443201578384,336,0.5B,32768
lenshift,maxsketch,64,0.0025,1.410793192660535,4.040784329358545,0.0032420925489723886,0.03273809523809524,0.09322885834370465,0.07335069444444445,1.2821800595238095,336,0.5B,32768
lenshift,maxsketch,64,0.005,1.410793192660535,4.040784329358545,0.0032420925489723886,0.03273809523809524,0.09322885834370465,0.05238095238095238,0.6478383458646617,336,0.5B,32768
lenshift,maxsketch,64,0.01,1.2124851566609833,3.4999755931913343,0.009847783605882959,0.08630952380952381,0.18225862152430364,0.07947994987468672,0.9838972431077695,336,0.5B,32768
lenshift,maxsketch,64,0.02,1.104741591292727,3.2330500816369154,0.019868027282556072,0.125,0.25217058459116604,0.0868656015037594,0.9925125313283208,336,0.5B,32768
lenshift,maxsketch,64,0.05,0.9771144680892689,2.5490113169855073,0.049979712424399775,0.21428571428571427,0.39824116112544367,0.12581766917293233,0.9986998746867167,336,0.5B,32768
lenshift,maxsketch,64,0.1,0.5457612475654972,2.0818007327590813,0.10033962091395059,0.33630952380952384,0.5361833750015388,0.18470404222773892,1.00302634218511,336,0.5B,32768
lenshift,maxsketch,64,0.15,0.3399477506498132,1.7283677327446147,0.14743783911921193,0.3898809523809524,0.6023018002187259,0.2349309456928839,0.9827291081460674,336,0.5B,32768
lenshift,maxsketch,128,0.0025,1.4012654310925152,3.905646029208671,0.006282406815120297,0.03571428571428571,0.09515255696195354,0.08165922619047619,2.484561011904762,336,0.5B,32768
lenshift,maxsketch,128,0.005,1.4012654310925152,3.905646029208671,0.006282406815120297,0.03571428571428571,0.09515255696195354,0.06362781954887217,1.2553571428571428,336,0.5B,32768
lenshift,maxsketch,128,0.01,1.4012654310925152,3.905646029208671,0.006282406815120297,0.03571428571428571,0.09515255696195354,0.046835839598997495,0.6276785714285714,336,0.5B,32768
lenshift,maxsketch,128,0.02,1.1426065847332607,3.437975466902828,0.019223967309096108,0.09821428571428571,0.19996936504147195,0.08161027568922306,0.9603383458646617,336,0.5B,32768
lenshift,maxsketch,128,0.05,1.0561032369581982,3.108362621688004,0.04567918538642344,0.1488095238095238,0.30169649628830025,0.10973057644110276,0.9127662907268169,336,0.5B,32768
lenshift,maxsketch,128,0.1,0.8418584013805299,2.3113420665976614,0.09888264687953884,0.25892857142857145,0.44730594842464616,0.17964498859048622,0.9884619724667116,336,0.5B,32768
lenshift,maxsketch,128,0.15,0.5636376878326814,1.867728192987892,0.14558044415680196,0.3333333333333333,0.5360115759862306,0.23046143492509363,0.9703488663723916,336,0.5B,32768
lenshift,maxsketch,256,0.0025,1.344572997784891,3.898527250754995,0.01236303534741611,0.03571428571428571,0.10331924288961745,0.0935639880952381,4.889322916666667,336,0.5B,32768
lenshift,maxsketch,256,0.005,1.344572997784891,3.898527250754995,0.01236303534741611,0.03571428571428571,0.10331924288961745,0.0780701754385965,2.4703947368421053,336,0.5B,32768
lenshift,maxsketch,256,0.01,1.344572997784891,3.898527250754995,0.01236303534741611,0.03571428571428571,0.10331924288961745,0.061701127819548875,1.2351973684210527,336,0.5B,32768
lenshift,maxsketch,256,0.02,1.344572997784891,3.898527250754995,0.01236303534741611,0.03571428571428571,0.10331924288961745,0.046647869674185466,0.6175986842105263,336,0.5B,32768
lenshift,maxsketch,256,0.05,1.0971707127716472,3.190984534304546,0.0511192031466751,0.125,0.25060977598437734,0.11473057644110275,1.021469298245614,336,0.5B,32768
lenshift,maxsketch,256,0.1,1.0052718072050673,2.686423096895493,0.09021558763103829,0.19047619047619047,0.353786895757774,0.160153213470749,0.901823328067404,336,0.5B,32768
lenshift,maxsketch,256,0.15,0.8291609886079994,2.3775461502257564,0.14310391754025534,0.25297619047619047,0.44254008390994154,0.22241171749598715,0.9538418773408239,336,0.5B,32768
lenshift,recent_sink_routed,16,0.0025,0.05734716732446431,0.7269673314848992,0.0045830479903071165,0.6190476190476191,0.8694674218823434,0.5066344246031745,1.8125,336,0.5B,32768
lenshift,recent_sink_routed,16,0.005,0.05734716732446431,0.7269673314848992,0.0045830479903071165,0.6190476190476191,0.8694674218823434,0.32731829573934834,0.9157894736842105,336,0.5B,32768
lenshift,recent_sink_routed,16,0.01,0.027067951997972513,0.5498681820647533,0.009640204393404626,0.7053571428571429,0.9012459287426999,0.41182644110275685,0.9631578947368421,336,0.5B,32768
lenshift,recent_sink_routed,16,0.02,0.019943409661512968,0.4443401828381853,0.01975451719959964,0.7410714285714286,0.9178259876989798,0.40957863408521306,0.9868421052631579,336,0.5B,32768
lenshift,recent_sink_routed,16,0.05,0.012902198578751068,0.33643188017025305,0.049254596217668443,0.7767857142857143,0.9356097423745376,0.4329041353383459,0.9842105263157895,336,0.5B,32768
lenshift,recent_sink_routed,16,0.1,0.007787571349646971,0.25956409319757434,0.09982616024864352,0.8035714285714286,0.9516563585583988,0.4943234534466762,0.9978936282253817,336,0.5B,32768
lenshift,recent_sink_routed,16,0.15,0.005673565074935336,0.20980323173796725,0.14955486487910236,0.8363095238095238,0.961325578114659,0.5437828133360085,0.9968398876404494,336,0.5B,32768
lenshift,recent_sink_routed,32,0.0025,0.04605224713805686,0.700849810069564,0.005425907390823368,0.6666666666666666,0.8815503988383115,0.5911458333333334,2.1458333333333335,336,0.5B,32768
lenshift,recent_sink_routed,32,0.005,0.04605224713805686,0.700849810069564,0.005425907390823368,0.6666666666666666,0.8815503988383115,0.3896303258145363,1.0842105263157895,336,0.5B,32768
lenshift,recent_sink_routed,32,0.01,0.028495300525204163,0.5571092989948194,0.008797344992888374,0.7113095238095238,0.8988677430494701,0.3654918546365915,0.8789473684210526,336,0.5B,32768
lenshift,recent_sink_routed,32,0.02,0.021019855746403335,0.4635140807262065,0.01891165779908339,0.7351190476190477,0.9143494374323042,0.37472587719298245,0.9447368421052632,336,0.5B,32768
lenshift,recent_sink_routed,32,0.05,0.013635289457202987,0.35132888453662436,0.049254596217668443,0.7678571428571429,0.933936698841782,0.4037781954887218,0.9842105263157895,336,0.5B,32768
lenshift,recent_sink_routed,32,0.1,0.008385185526057019,0.27442703588424266,0.09814044144761101,0.8005952380952381,0.9493208128573792,0.4589821710674792,0.981042654028436,336,0.5B,32768
lenshift,recent_sink_routed,32,0.15,0.005571427194977397,0.21893345271485717,0.1487120054785861,0.8303571428571429,0.9591741618824892,0.5123342613028358,0.9912219101123596,336,0.5B,32768
lenshift,recent_sink_routed,64,0.0025,0.032368017519876155,0.635800474183546,0.008797344992888374,0.6994047619047619,0.8916376546261873,0.6840897817460317,3.4791666666666665,336,0.5B,32768
lenshift,recent_sink_routed,64,0.005,0.032368017519876155,0.635800474183546,0.008797344992888374,0.6994047619047619,0.8916376546261873,0.48295739348370925,1.7578947368421052,336,0.5B,32768
lenshift,recent_sink_routed,64,0.01,0.032368017519876155,0.635800474183546,0.008797344992888374,0.6994047619047619,0.8916376546261873,0.31716791979949877,0.8789473684210526,336,0.5B,32768
lenshift,recent_sink_routed,64,0.02,0.022753060824607686,0.4952355149533588,0.01891165779908339,0.7202380952380952,0.9110603385902795,0.3457236842105263,0.9447368421052632,336,0.5B,32768
lenshift,recent_sink_routed,64,0.05,0.014383899286965356,0.35034630506349485,0.049254596217668443,0.7619047619047619,0.9317210741286855,0.3776441102756892,0.9842105263157895,336,0.5B,32768
lenshift,recent_sink_routed,64,0.1,0.008860491226778785,0.27583098450763344,0.09982616024864352,0.7976190476190477,0.9477751813797417,0.43820369116577645,0.9978936282253817,336,0.5B,32768
lenshift,recent_sink_routed,64,0.15,0.0065945067589763,0.22608808214544096,0.1470262866775536,0.8303571428571429,0.9575266637924261,0.48522145866773675,0.9799859550561798,336,0.5B,32768
lenshift,recent_sink_routed,128,0.0025,0.0278361059320336,0.5603450719864952,0.015540220197018385,0.7083333333333334,0.8982975202558504,0.7426215277777778,6.145833333333333,336,0.5B,32768
lenshift,recent_sink_routed,128,0.005,0.0278361059320336,0.5603450719864952,0.015540220197018385,0.7083333333333334,0.8982975202558504,0.5652568922305764,3.1052631578947363,336,0.5B,32768
lenshift,recent_sink_routed,128,0.01,0.0278361059320336,0.5603450719864952,0.015540220197018385,0.7083333333333334,0.8982975202558504,0.3973840852130326,1.5526315789473681,336,0.5B,32768
lenshift,recent_sink_routed,128,0.02,0.0278361059320336,0.5603450719864952,0.015540220197018385,0.7083333333333334,0.8982975202558504,0.2649592731829574,0.7763157894736841,336,0.5B,32768
lenshift,recent_sink_routed,128,0.05,0.01769286208815266,0.385022274203864,0.04251172101353843,0.75,0.9252445393712262,0.3198527568922306,0.8494736842105264,336,0.5B,32768
lenshift,recent_sink_routed,128,0.1,0.010379092225924327,0.2814105682859764,0.0964547226465785,0.7886904761904762,0.9449329563122587,0.40417418942300454,0.9641916798314902,336,0.5B,32768
lenshift,recent_sink_routed,128,0.15,0.007359284599493121,0.23225510741476896,0.1436548490754886,0.8214285714285714,0.9554805228608936,0.4552578668405564,0.9575140449438202,336,0.5B,32768
lenshift,recent_sink_routed,256,0.0025,0.02438174281221195,0.48819717973113336,0.029025970605278402,0.7142857142857143,0.9070849449996488,0.791232638888889,11.479166666666666,336,0.5B,32768
lenshift,recent_sink_routed,256,0.005,0.02438174281221195,0.48819717973113336,0.029025970605278402,0.7142857142857143,0.9070849449996488,0.6380012531328321,5.8,336,0.5B,32768
lenshift,recent_sink_routed,256,0.01,0.02438174281221195,0.48819717973113336,0.029025970605278402,0.7142857142857143,0.9070849449996488,0.4790413533834586,2.9,336,0.5B,32768
lenshift,recent_sink_routed,256,0.02,0.02438174281221195,0.48819717973113336,0.029025970605278402,0.7142857142857143,0.9070849449996488,0.34070332080200505,1.45,336,0.5B,32768
lenshift,recent_sink_routed,256,0.05,0.020430978709390892,0.39348939880863126,0.04251172101353843,0.7380952380952381,0.9202883464558125,0.28421365914786967,0.8494736842105264,336,0.5B,32768
lenshift,recent_sink_routed,256,0.1,0.012907028615083294,0.3030169387880367,0.08296897223831849,0.7648809523809523,0.9392110390006378,0.33794729055392564,0.8293838862559242,336,0.5B,32768
lenshift,recent_sink_routed,256,0.15,0.008918623864994264,0.24374023319467325,0.1369119738713586,0.8035714285714286,0.9514966191663984,0.4150291348983413,0.9125702247191011,336,0.5B,32768
lenshift,token_oracle,0,0.0025,0.026883765907219227,0.4476012106506863,0.0025285782015487543,0.7142857142857143,0.9073455188388623,1.0,1.0,336,0.5B,32768
lenshift,token_oracle,0,0.005,0.020500976201171785,0.38320030988930387,0.005004477690565242,0.7470238095238095,0.9221096159459912,1.0,1.0,336,0.5B,32768
lenshift,token_oracle,0,0.01,0.01454972844394374,0.2986840478432821,0.010008955381130485,0.7797619047619048,0.9372118568669,1.0,1.0,336,0.5B,32768
lenshift,token_oracle,0,0.02,0.009476405609746646,0.22134259003818413,0.02001791076226097,0.8125,0.952761130487608,1.0,1.0,336,0.5B,32768
lenshift,token_oracle,0,0.05,0.004608271001475966,0.12607347476814648,0.05004477690565242,0.8660714285714286,0.9725442726126274,1.0,1.0,336,0.5B,32768
lenshift,token_oracle,0,0.1,0.0018753084886419,0.07704740373219102,0.10003687509877258,0.9434523809523809,0.9846844946372086,1.0,1.0,336,0.5B,32768
lenshift,token_oracle,0,0.15,0.0010247100489863908,0.05186745550072878,0.15002897329189274,0.9880952380952381,0.9902341905056404,1.0,1.0,336,0.5B,32768
longdoc,block_oracle,16,0.0025,0.1834933763724823,0.7426201421527014,0.00244140625,0.38392857142857145,0.6270063861501307,0.40635888501742157,0.975609756097561,336,0.5B,32768
longdoc,block_oracle,16,0.005,0.11891138412033295,0.5410826323448821,0.0048828125,0.4523809523809524,0.6879465397079079,0.4363567073170732,0.975609756097561,336,0.5B,32768
longdoc,block_oracle,16,0.01,0.07750860134758608,0.3997992961156137,0.009765625,0.5476190476190477,0.7487931275652646,0.46859574622531935,0.975609756097561,336,0.5B,32768
longdoc,block_oracle,16,0.02,0.04419729202099529,0.2777564420415578,0.02001953125,0.6726190476190477,0.8094849845424876,0.5052037964576075,1.0,336,0.5B,32768
longdoc,block_oracle,16,0.05,0.018687368239804002,0.18375769415403137,0.0498046875,0.7857142857142857,0.8763414286709096,0.5489010430285598,0.9957291031116535,336,0.5B,32768
longdoc,block_oracle,16,0.1,0.009131734096251317,0.12826652443210101,0.10009765625,0.8601190476190477,0.9196408864419583,0.5958366028742897,1.000915471467806,336,0.5B,32768
longdoc,block_oracle,16,0.15,0.005141446970294915,0.08680021641522856,0.14990234375,0.9196428571428571,0.9422910191742928,0.6293323065597273,0.9991863303498779,336,0.5B,32768
longdoc,block_oracle,32,0.0025,0.19963118014248987,0.7533498200539962,0.0029296875,0.36904761904761907,0.6157422995741243,0.39427264808362367,1.170731707317073,336,0.5B,32768
longdoc,block_oracle,32,0.005,0.14454296692137353,0.6072478397856746,0.0048828125,0.43154761904761907,0.6635313915376365,0.3848359465737515,0.975609756097561,336,0.5B,32768
longdoc,block_oracle,32,0.01,0.09020970255777469,0.4193739361849097,0.009765625,0.5148809523809523,0.7271060925448977,0.42284589140534257,0.975609756097561,336,0.5B,32768
longdoc,block_oracle,32,0.02,0.05153849896418805,0.2959413936011895,0.01953125,0.6339285714285714,0.7887263568062112,0.4590229384436701,0.975609756097561,336,0.5B,32768
longdoc,block_oracle,32,0.05,0.02293778826495049,0.20301498956372926,0.0498046875,0.7708333333333334,0.8614623631155437,0.5136951974200296,0.9957291031116535,336,0.5B,32768
longdoc,block_oracle,32,0.1,0.011234558670987625,0.13182670745581734,0.099609375,0.8363095238095238,0.9068094493322554,0.5630340250228868,0.996032956972841,336,0.5B,32768
longdoc,block_oracle,32,0.15,0.00700909259890161,0.09659040943551919,0.150390625,0.9047619047619048,0.9310278279373259,0.6012207466387695,1.0024410089503661,336,0.5B,32768
longdoc,block_oracle,64,0.0025,0.4299593820574232,1.2546894453436044,0.001953125,0.1636904761904762,0.4840149727843274,0.23638937282229963,0.7804878048780488,336,0.5B,32768
longdoc,block_oracle,64,0.005,0.14718450061405836,0.6009776263311202,0.005859375,0.41369047619047616,0.6602267238930243,0.3821682636469222,1.170731707317073,336,0.5B,32768
longdoc,block_oracle,64,0.01,0.10439574404643842,0.43892894649424796,0.009765625,0.49107142857142855,0.7105208963380335,0.382313443670151,0.975609756097561,336,0.5B,32768
longdoc,block_oracle,64,0.02,0.060143437202090214,0.31535088380798787,0.01953125,0.6041666666666666,0.7751036125372944,0.4264345601045296,0.975609756097561,336,0.5B,32768
longdoc,block_oracle,64,0.05,0.02528932425865721,0.203079480433406,0.05078125,0.7619047619047619,0.8513152585693939,0.492377030128708,1.0152532031726662,336,0.5B,32768
longdoc,block_oracle,64,0.1,0.01287927536409578,0.13830285285525828,0.099609375,0.8273809523809523,0.8986253707169954,0.5395732522487177,0.996032956972841,336,0.5B,32768
longdoc,block_oracle,64,0.15,0.008446312331074717,0.1061818292889301,0.150390625,0.8869047619047619,0.9249816741419936,0.5814232680460305,1.0024410089503661,336,0.5B,32768
longdoc,block_oracle,128,0.0025,0.33332243657103755,1.241643897853888,0.00390625,0.21428571428571427,0.5183426799710722,0.32531213704994194,1.5609756097560976,336,0.5B,32768
longdoc,block_oracle,128,0.005,0.33332243657103755,1.241643897853888,0.00390625,0.21428571428571427,0.5183426799710722,0.23303208478513357,0.7804878048780488,336,0.5B,32768
longdoc,block_oracle,128,0.01,0.10354299006198958,0.4562449908279328,0.01171875,0.4880952380952381,0.7078641131709296,0.38080720092915216,1.170731707317073,336,0.5B,32768
longdoc,block_oracle,128,0.02,0.0727379943711957,0.34831389777389155,0.01953125,0.5684523809523809,0.759829161540377,0.3821228948896632,0.975609756097561,336,0.5B,32768
longdoc,block_oracle,128,0.05,0.0288597466180313,0.20874660628542568,0.05078125,0.7410714285714286,0.8386555516112945,0.45774317963915284,1.0152532031726662,336,0.5B,32768
longdoc,block_oracle,128,0.1,0.014304329994797828,0.14448228231639815,0.1015625,0.8214285714285714,0.8891404395312585,0.5167028132583519,1.0155630149527006,336,0.5B,32768
longdoc,block_oracle,128,0.15,0.010188326796161856,0.11523949687651228,0.1484375,0.8720238095238095,0.9153844897587005,0.551302355767368,0.9894222945484134,336,0.5B,32768
longdoc,block_oracle,256,0.0025,0.2715018845209661,1.2196326902472014,0.0078125,0.24404761904761904,0.5607496057815428,0.4266477932636469,3.1219512195121952,336,0.5B,32768
longdoc,block_oracle,256,0.005,0.2715018845209661,1.2196326902472014,0.0078125,0.24404761904761904,0.5607496057815428,0.3349121660859466,1.5609756097560976,336,0.5B,32768
longdoc,block_oracle,256,0.01,0.2715018845209661,1.2196326902472014,0.0078125,0.24404761904761904,0.5607496057815428,0.2406812572590012,0.7804878048780488,336,0.5B,32768
longdoc,block_oracle,256,0.02,0.07198934556445191,0.3471860424552076,0.0234375,0.5863095238095238,0.7602153094071836,0.38219094802555165,1.170731707317073,336,0.5B,32768
longdoc,block_oracle,256,0.05,0.037315604679615505,0.24874329050554694,0.046875,0.7053571428571429,0.8209780267071958,0.3979161219094105,0.937156802928615,336,0.5B,32768
longdoc,block_oracle,256,0.1,0.017447177489599702,0.1530388668915501,0.1015625,0.8125,0.8803663678779357,0.4863859947396719,1.0155630149527006,336,0.5B,32768
longdoc,block_oracle,256,0.15,0.01220454378121585,0.11956555970190186,0.1484375,0.8571428571428571,0.9078645281543939,0.5245039278933705,0.9894222945484134,336,0.5B,32768
longdoc,centroid,16,0.0025,0.32629121172715886,1.9136060168191549,0.00244140625,0.22321428571428573,0.41746926400004886,0.43307200929152145,0.975609756097561,336,0.5B,32768
longdoc,centroid,16,0.005,0.25657105134648117,1.8118868827143522,0.0048828125,0.25297619047619047,0.47793075612894453,0.44973141695702673,0.975609756097561,336,0.5B,32768
longdoc,centroid,16,0.01,0.22019801175513076,1.7505019050847386,0.009765625,0.29464285714285715,0.5441113723993898,0.47909407665505227,0.975609756097561,336,0.5B,32768
longdoc,centroid,16,0.02,0.17466136298070786,1.4348552749735528,0.02001953125,0.36607142857142855,0.6299935834603434,0.5135788690476191,1.0,336,0.5B,32768
longdoc,centroid,16,0.05,0.11030399438404476,1.0272722470813278,0.0498046875,0.47619047619047616,0.7390679452387592,0.5598270577297423,0.9957291031116535,336,0.5B,32768
longdoc,centroid,16,0.1,0.055272628183483205,0.6330047064526316,0.10009765625,0.6071428571428571,0.8194500681130049,0.6106512562302919,1.000915471467806,336,0.5B,32768
longdoc,centroid,16,0.15,0.028360075544522655,0.41455493910559216,0.14990234375,0.6994047619047619,0.8652791071918334,0.6474739916308264,0.9991863303498779,336,0.5B,32768
longdoc,centroid,32,0.0025,0.3002825986718408,1.913605500223146,0.0029296875,0.2113095238095238,0.4177203789824169,0.4393873403019744,1.170731707317073,336,0.5B,32768
longdoc,centroid,32,0.005,0.2667199738100376,1.817224225793356,0.0048828125,0.24107142857142858,0.4652306480850286,0.41517857142857145,0.975609756097561,336,0.5B,32768
longdoc,centroid,32,0.01,0.237198066241382,1.7564447323523082,0.009765625,0.28273809523809523,0.5260862870074022,0.4404217479674796,0.975609756097561,336,0.5B,32768
longdoc,centroid,32,0.02,0.19638517899095612,1.640985429647737,0.01953125,0.3125,0.5940340598276463,0.47152203106852497,0.975609756097561,336,0.5B,32768
longdoc,centroid,32,0.05,0.1352240823212239,1.3583480061509325,0.0498046875,0.4255952380952381,0.6978983335558862,0.5258178622272582,0.9957291031116535,336,0.5B,32768
longdoc,centroid,32,0.1,0.07313114017238245,0.8694459972477443,0.099609375,0.5446428571428571,0.7807593559779489,0.5757225685513754,0.996032956972841,336,0.5B,32768
longdoc,centroid,32,0.15,0.044951302095462026,0.6420938978846621,0.150390625,0.6458333333333334,0.8307090270363259,0.6155307983649114,1.0024410089503661,336,0.5B,32768
longdoc,centroid,64,0.0025,0.3882153430966762,1.9176881984527117,0.001953125,0.16071428571428573,0.37805880737878694,0.3354747386759582,0.7804878048780488,336,0.5B,32768
longdoc,centroid,64,0.005,0.2720130235912387,1.8415987338043436,0.005859375,0.22916666666666666,0.4699307287815476,0.430549506387921,1.170731707317073,336,0.5B,32768
longdoc,centroid,64,0.01,0.23568228032127253,1.8055958295418923,0.009765625,0.2708333333333333,0.5149511240774248,0.41323678861788615,0.975609756097561,336,0.5B,32768
longdoc,centroid,64,0.02,0.19530650110860676,1.6811751049733763,0.01953125,0.31845238095238093,0.5876784131770841,0.4444187354819976,0.975609756097561,336,0.5B,32768
longdoc,centroid,64,0.05,0.14741174889237518,1.3823513949116788,0.05078125,0.4017857142857143,0.6889867698356026,0.5047902321392255,1.0152532031726662,336,0.5B,32768
longdoc,centroid,64,0.1,0.07774314459858658,0.8124613933573468,0.099609375,0.5327380952380952,0.7796298330295718,0.551579733205458,0.996032956972841,336,0.5B,32768
longdoc,centroid,64,0.15,0.04337803263810158,0.6471433609917523,0.150390625,0.6517857142857143,0.8348794364791574,0.5941047696539966,1.0024410089503661,336,0.5B,32768
longdoc,centroid,128,0.0025,0.32167769121071854,1.9149097339057468,0.00390625,0.19345238095238096,0.41461240223321766,0.4442871660859466,1.5609756097560976,336,0.5B,32768
longdoc,centroid,128,0.005,0.32167769121071854,1.9149097339057468,0.00390625,0.19345238095238096,0.41461240223321766,0.32199114401858303,0.7804878048780488,336,0.5B,32768
longdoc,centroid,128,0.01,0.22904682669510432,1.8397963197880205,0.01171875,0.2708333333333333,0.5193833877637443,0.42896159988385596,1.170731707317073,336,0.5B,32768
longdoc,centroid,128,0.02,0.2024466123518772,1.7770424811785155,0.01953125,0.30357142857142855,0.5695997742127517,0.4163264009872241,0.975609756097561,336,0.5B,32768
longdoc,centroid,128,0.05,0.16148370248103022,1.6208428245879678,0.05078125,0.375,0.6665924643114168,0.4742257183532351,1.0152532031726662,336,0.5B,32768
longdoc,centroid,128,0.1,0.09472671765211113,1.2087572475268062,0.1015625,0.5029761904761905,0.7489872738134805,0.5301460758242876,1.0155630149527006,336,0.5B,32768
longdoc,centroid,128,0.15,0.06504195999049409,0.8647006883862771,0.1484375,0.5803571428571429,0.7962229488352071,0.56414550156922,0.9894222945484134,336,0.5B,32768
longdoc,centroid,256,0.0025,0.26494090694019334,1.914780951455171,0.0078125,0.23214285714285715,0.4737698130639532,0.5694686411149826,3.1219512195121952,336,0.5B,32768
longdoc,centroid,256,0.005,0.26494090694019334,1.914780951455171,0.0078125,0.23214285714285715,0.4737698130639532,0.45085656213705,1.5609756097560976,336,0.5B,32768
longdoc,centroid,256,0.01,0.26494090694019334,1.914780951455171,0.0078125,0.23214285714285715,0.4737698130639532,0.3257476771196283,0.7804878048780488,336,0.5B,32768
longdoc,centroid,256,0.02,0.19955158149855462,1.838360578700714,0.0234375,0.3005952380952381,0.5758081319195508,0.43298580865272934,1.170731707317073,336,0.5B,32768
longdoc,centroid,256,0.05,0.17291831137153496,1.6777484169587111,0.046875,0.35714285714285715,0.6404132300004417,0.4269099189401203,0.937156802928615,336,0.5B,32768
longdoc,centroid,256,0.1,0.12301062696310838,1.4594416329167141,0.1015625,0.46130952380952384,0.7201354289463701,0.504848002673758,1.0155630149527006,336,0.5B,32768
longdoc,centroid,256,0.15,0.09108755992500524,1.2469926888125653,0.1484375,0.5178571428571429,0.7619136995179487,0.5409105108683018,0.9894222945484134,336,0.5B,32768
longdoc,centroid_ub,16,0.0025,0.46017339497226395,1.5739090830090974,0.00244140625,0.20833333333333334,0.37987731952447784,0.2617958768873403,0.975609756097561,336,0.5B,32768
longdoc,centroid_ub,16,0.005,0.27665182716990155,1.2401132972675888,0.0048828125,0.27976190476190477,0.46540060849354375,0.2854057781649245,0.975609756097561,336,0.5B,32768
longdoc,centroid_ub,16,0.01,0.19260532468180708,0.9921258646513247,0.009765625,0.3541666666666667,0.5360100109768604,0.31309886759581884,0.975609756097561,336,0.5B,32768
longdoc,centroid_ub,16,0.02,0.1266012395960649,0.7694273396364777,0.02001953125,0.4523809523809524,0.6169268614272024,0.35134472996515675,1.0,336,0.5B,32768
longdoc,centroid_ub,16,0.05,0.057759266833750066,0.43930478057207967,0.0498046875,0.6041666666666666,0.7267321779043657,0.41572060489845725,0.9957291031116535,336,0.5B,32768
longdoc,centroid_ub,16,0.1,0.028520788598199735,0.32011034753905165,0.10009765625,0.7172619047619048,0.8092180903707273,0.4845223563944956,1.000915471467806,336,0.5B,32768
longdoc,centroid_ub,16,0.15,0.018205618531152174,0.22508671481171333,0.14990234375,0.7708333333333334,0.8541942458933088,0.5331176866596924,0.9991863303498779,336,0.5B,32768
longdoc,centroid_ub,32,0.0025,0.36728677106322505,1.7156321025132246,0.0029296875,0.22321428571428573,0.4133084994314813,0.3125725900116144,1.170731707317073,336,0.5B,32768
longdoc,centroid_ub,32,0.005,0.294333520222253,1.46065798183451,0.0048828125,0.28273809523809523,0.46969943914168494,0.29898011033681765,0.975609756097561,336,0.5B,32768
longdoc,centroid_ub,32,0.01,0.1923755753959403,1.189873848968114,0.009765625,0.3541666666666667,0.5477296688761831,0.328487950058072,0.975609756097561,336,0.5B,32768
longdoc,centroid_ub,32,0.02,0.12837628390411304,0.7891493096779078,0.01953125,0.44345238095238093,0.62506244172113,0.36419316202090596,0.975609756097561,336,0.5B,32768
longdoc,centroid_ub,32,0.05,0.06867878717090281,0.5935295847958477,0.0498046875,0.5684523809523809,0.719652726048492,0.4311227083878091,0.9957291031116535,336,0.5B,32768
longdoc,centroid_ub,32,0.1,0.03637757329229649,0.3867324442564567,0.099609375,0.6994047619047619,0.7990378720079815,0.4934300390891786,0.996032956972841,336,0.5B,32768
longdoc,centroid_ub,32,0.15,0.0249360968226768,0.26231958674812944,0.150390625,0.7351190476190477,0.8378745860021614,0.541776851098454,1.0024410089503661,336,0.5B,32768
longdoc,centroid_ub,64,0.0025,0.6465075187355076,1.7368159497394515,0.001953125,0.13095238095238096,0.3087379384276233,0.22310540069686413,0.7804878048780488,336,0.5B,32768
longdoc,centroid_ub,64,0.005,0.2889794883374205,1.4973246488004208,0.005859375,0.23511904761904762,0.4850793415750686,0.3332970383275261,1.170731707317073,336,0.5B,32768
longdoc,centroid_ub,64,0.01,0.2043069870332348,1.1582308316718835,0.009765625,0.3005952380952381,0.5502106389432292,0.3354202961672474,0.975609756097561,336,0.5B,32768
longdoc,centroid_ub,64,0.02,0.1378505748835974,0.992664246620413,0.01953125,0.41964285714285715,0.6274070098880786,0.3718151132404181,0.975609756097561,336,0.5B,32768
longdoc,centroid_ub,64,0.05,0.07045324328707211,0.6081207104147688,0.05078125,0.5744047619047619,0.7307327346875566,0.43986424649176326,1.0152532031726662,336,0.5B,32768
longdoc,centroid_ub,64,0.1,0.041113898526526874,0.42465064317042567,0.099609375,0.6815476190476191,0.7975826082466648,0.49654881787930305,0.996032956972841,336,0.5B,32768
longdoc,centroid_ub,64,0.15,0.028789415687125786,0.3732630623856771,0.150390625,0.7291666666666666,0.8315108770608106,0.5434913692897826,1.0024410089503661,336,0.5B,32768
longdoc,centroid_ub,128,0.0025,0.7557533899216544,1.5799184154677377,0.00390625,0.15773809523809523,0.3705954696990491,0.2847706155632985,1.5609756097560976,336,0.5B,32768
longdoc,centroid_ub,128,0.005,0.7557533899216544,1.5799184154677377,0.00390625,0.15773809523809523,0.3705954696990491,0.20751669570267128,0.7804878048780488,336,0.5B,32768
longdoc,centroid_ub,128,0.01,0.19494558703661485,1.1776270535996933,0.01171875,0.3244047619047619,0.5610189441250987,0.35250617015098723,1.170731707317073,336,0.5B,32768
longdoc,centroid_ub,128,0.02,0.1428075153537176,0.9749318174591439,0.01953125,0.4226190476190476,0.6352270169345756,0.3525107070267131,0.975609756097561,336,0.5B,32768
longdoc,centroid_ub,128,0.05,0.07386961671971631,0.68081696627285,0.05078125,0.5565476190476191,0.7261343901302961,0.42559705395275865,1.0152532031726662,336,0.5B,32768
longdoc,centroid_ub,128,0.1,0.04061765254463737,0.3821799535685245,0.1015625,0.6726190476190477,0.7994428455296335,0.48942575962334883,1.0155630149527006,336,0.5B,32768
longdoc,centroid_ub,128,0.15,0.026353007695130132,0.2567187010554931,0.1484375,0.7202380952380952,0.835850499012358,0.5288235208648145,0.9894222945484134,336,0.5B,32768
longdoc,centroid_ub,256,0.0025,0.751878190077063,1.543886737859657,0.0078125,0.1875,0.4006088462714664,0.32277148664343785,3.1219512195121952,336,0.5B,32768
longdoc,centroid_ub,256,0.005,0.751878190077063,1.543886737859657,0.0078125,0.1875,0.4006088462714664,0.25940040650406504,1.5609756097560976,336,0.5B,32768
longdoc,centroid_ub,256,0.01,0.751878190077063,1.543886737859657,0.0078125,0.1875,0.4006088462714664,0.18907883275261325,0.7804878048780488,336,0.5B,32768
longdoc,centroid_ub,256,0.02,0.13860000717017376,1.0241995350813116,0.0234375,0.4226190476190476,0.6343258581307671,0.3692608522067364,1.170731707317073,336,0.5B,32768
longdoc,centroid_ub,256,0.05,0.07985233052432138,0.7144032742017921,0.046875,0.5535714285714286,0.7201138009774584,0.38446788111217645,0.937156802928615,336,0.5B,32768
longdoc,centroid_ub,256,0.1,0.041347083428637084,0.3951371144647854,0.1015625,0.6726190476190477,0.8047469807121492,0.472349673772469,1.0155630149527006,336,0.5B,32768
longdoc,centroid_ub,256,0.15,0.02272365392990795,0.23593327364697275,0.1484375,0.7440476190476191,0.850983053828891,0.5144959122786625,0.9894222945484134,336,0.5B,32768
longdoc,interval_cover,16,0.02,0.012195486424975907,0.10021788171494303,0.10840570359002977,0.8988095238095238,0.9297870118410521,1.0,5.414997096399536,336,0.5B,32768
longdoc,interval_cover,16,0.05,0.0034322030781535626,0.053462209640697755,0.22456287202380953,0.9851190476190477,0.9684559978688217,1.0,4.489613294982423,336,0.5B,32768
longdoc,interval_cover,32,0.02,0.010209580895485803,0.08264889313035279,0.16120547340029762,0.9345238095238095,0.9421193058940206,1.0,8.052409988385598,336,0.5B,32768
longdoc,interval_cover,32,0.05,0.0028323297539458205,0.03811322412472414,0.30947730654761907,0.9970238095238095,0.9766863324658027,1.0,6.187280281240013,336,0.5B,32768
longdoc,interval_cover,64,0.02,0.008355837630451814,0.0693277313684994,0.21650623139880953,0.9523809523809523,0.9532192959669471,1.0,10.814750290360047,336,0.5B,32768
longdoc,interval_cover,64,0.05,0.002020513516359004,0.02959587215591212,0.38331821986607145,1.0,0.9825388419892211,1.0,7.663557918591476,336,0.5B,32768
longdoc,interval_cover,128,0.02,0.0062371970379413045,0.05405496888700223,0.27828543526785715,0.9732142857142857,0.9629942807439765,1.0,13.900696864111499,336,0.5B,32768
longdoc,interval_cover,128,0.05,0.001531381600418021,0.023174450608372026,0.45361328125,1.0,0.9870585994131763,1.0,9.068944478340452,336,0.5B,32768
longdoc,interval_cover,256,0.02,0.004313902355940344,0.04067620066865208,0.34751674107142855,0.9940476190476191,0.9715636790038177,1.0,17.358885017421603,336,0.5B,32768
longdoc,interval_cover,256,0.05,0.0010302008631026345,0.01648052037803464,0.5262509300595238,1.0,0.9904031475822653,1.0,10.521165635259596,336,0.5B,32768
longdoc,maxsketch,16,0.0025,0.781328865884763,2.052094816699066,0.00244140625,0.03273809523809524,0.06098786269952608,0.04878048780487805,0.975609756097561,336,0.5B,32768
longdoc,maxsketch,16,0.005,0.7074217929421657,1.982707220391068,0.0048828125,0.0625,0.09974053192382608,0.06070339721254356,0.975609756097561,336,0.5B,32768
longdoc,maxsketch,16,0.01,0.6189251168903533,1.8205293595899972,0.009765625,0.08333333333333333,0.1405219255712858,0.07456808943089431,0.975609756097561,336,0.5B,32768
longdoc,maxsketch,16,0.02,0.5035195585075932,1.7621778033854816,0.02001953125,0.12202380952380952,0.20750809500696216,0.1015080574912892,1.0,336,0.5B,32768
longdoc,maxsketch,16,0.05,0.41615065758476477,1.7060493393010812,0.0498046875,0.16964285714285715,0.3047247193168329,0.1546747436009181,0.9957291031116535,336,0.5B,32768
longdoc,maxsketch,16,0.1,0.30662917650683996,1.4528166728912197,0.10009765625,0.24107142857142858,0.4100175612639709,0.22102187686182195,1.000915471467806,336,0.5B,32768
longdoc,maxsketch,16,0.15,0.20612762433090748,1.229437379181142,0.14990234375,0.3482142857142857,0.49762465495018116,0.2756808429230113,0.9991863303498779,336,0.5B,32768
longdoc,maxsketch,32,0.0025,0.7128736078419462,1.9932937210165953,0.0029296875,0.05952380952380952,0.07210391637104466,0.05785423925667828,1.170731707317073,336,0.5B,32768
longdoc,maxsketch,32,0.005,0.6472403792053776,1.9481494466388838,0.0048828125,0.06547619047619048,0.09360444098821159,0.06070339721254355,0.975609756097561,336,0.5B,32768
longdoc,maxsketch,32,0.01,0.5771281615976183,1.8715974439563512,0.009765625,0.08630952380952381,0.13633012591115515,0.07532121080139373,0.975609756097561,336,0.5B,32768
longdoc,maxsketch,32,0.02,0.5264438981616699,1.7913399941527373,0.01953125,0.11011904761904762,0.19140155644636123,0.09916702961672474,0.975609756097561,336,0.5B,32768
longdoc,maxsketch,32,0.05,0.43108749633349674,1.72491214637105,0.0498046875,0.18154761904761904,0.29028518770492256,0.15205990877131817,0.9957291031116535,336,0.5B,32768
longdoc,maxsketch,32,0.1,0.32531065380316104,1.4896957095379453,0.099609375,0.22916666666666666,0.379213615067018,0.21669700074109594,0.996032956972841,336,0.5B,32768
longdoc,maxsketch,32,0.15,0.2320531022246562,1.4591627344733555,0.150390625,0.31845238095238093,0.4682131147428838,0.27130434150877597,1.0024410089503661,336,0.5B,32768
longdoc,maxsketch,64,0.0025,0.7376300360269106,1.97991349362003,0.001953125,0.050595238095238096,0.04684131090382296,0.04257404181184669,0.7804878048780488,336,0.5B,32768
longdoc,maxsketch,64,0.005,0.6277985521475784,1.935599655599145,0.005859375,0.07738095238095238,0.09254832263229198,0.06763574332171893,1.170731707317073,336,0.5B,32768
longdoc,maxsketch,64,0.01,0.5605443051084906,1.8619981940617238,0.009765625,0.07738095238095238,0.11772180345913232,0.07336128048780488,0.975609756097561,336,0.5B,32768
longdoc,maxsketch,64,0.02,0.522508462142163,1.758434945448716,0.01953125,0.11904761904761904,0.17181188996391192,0.09981580284552846,0.975609756097561,336,0.5B,32768
longdoc,maxsketch,64,0.05,0.4118546004201596,1.7395988885650226,0.05078125,0.18154761904761904,0.2860758400721213,0.15452402742671198,1.0152532031726662,336,0.5B,32768
longdoc,maxsketch,64,0.1,0.3531360530137425,1.7083185225894768,0.099609375,0.22916666666666666,0.37283971061836696,0.21605580743130334,0.996032956972841,336,0.5B,32768
longdoc,maxsketch,64,0.15,0.25305184390169844,1.5044665319509114,0.150390625,0.27976190476190477,0.44875314179185494,0.2705209423069472,1.0024410089503661,336,0.5B,32768
longdoc,maxsketch,128,0.0025,0.7035353822672932,1.9749631956684937,0.00390625,0.06547619047619048,0.06603597904551387,0.06326219512195122,1.5609756097560976,336,0.5B,32768
longdoc,maxsketch,128,0.005,0.7035353822672932,1.9749631956684937,0.00390625,0.06547619047619048,0.06603597904551387,0.04981489547038328,0.7804878048780488,336,0.5B,32768
longdoc,maxsketch,128,0.01,0.5691901332383915,1.9692659454640091,0.01171875,0.08630952380952381,0.11552416913293669,0.08144599303135888,1.170731707317073,336,0.5B,32768
longdoc,maxsketch,128,0.02,0.5140869309780582,1.9159486903157092,0.01953125,0.10416666666666667,0.16075172654589057,0.09796475754936121,0.975609756097561,336,0.5B,32768
longdoc,maxsketch,128,0.05,0.42987568797027886,1.653666163337021,0.05078125,0.16071428571428573,0.2916740730803503,0.15477461576454865,1.0152532031726662,336,0.5B,32768
longdoc,maxsketch,128,0.1,0.3553250813921467,1.6914789044214649,0.1015625,0.23214285714285715,0.3820947825292598,0.21589687141258698,1.0155630149527006,336,0.5B,32768
longdoc,maxsketch,128,0.15,0.30428415863785796,1.684316972609364,0.1484375,0.2916666666666667,0.4321736642414632,0.26481980607540007,0.9894222945484134,336,0.5B,32768
longdoc,maxsketch,256,0.0025,0.7028147849866051,1.9254132772738555,0.0078125,0.08035714285714286,0.08884718258230448,0.08950348432055749,3.1219512195121952,336,0.5B,32768
longdoc,maxsketch,256,0.005,0.7028147849866051,1.9254132772738555,0.0078125,0.08035714285714286,0.08884718258230448,0.07493103948896632,1.5609756097560976,336,0.5B,32768
longdoc,maxsketch,256,0.01,0.7028147849866051,1.9254132772738555,0.0078125,0.08035714285714286,0.08884718258230448,0.06085765098722416,0.7804878048780488,336,0.5B,32768
longdoc,maxsketch,256,0.02,0.5322723728749919,1.9034335452155333,0.0234375,0.11011904761904762,0.1567336181680629,0.10640788327526132,1.170731707317073,336,0.5B,32768
longdoc,maxsketch,256,0.05,0.43750976464316815,1.6738981581871784,0.046875,0.15178571428571427,0.2532669198220797,0.142533920218484,0.937156802928615,336,0.5B,32768
longdoc,maxsketch,256,0.1,0.3545608986769321,1.641792507301926,0.1015625,0.2261904761904762,0.3676904186777452,0.20968201897786884,1.0155630149527006,336,0.5B,32768
longdoc,maxsketch,256,0.15,0.29088463627075023,1.4321319714924037,0.1484375,0.28273809523809523,0.4247226832020161,0.2577740565306676,0.9894222945484134,336,0.5B,32768
longdoc,recent_sink_routed,16,0.0025,0.2729700036107865,0.9872497084648284,0.00244140625,0.30654761904761907,0.5711714913249153,0.33485772357723576,0.975609756097561,336,0.5B,32768
longdoc,recent_sink_routed,16,0.005,0.14049601141720192,0.6316569877635627,0.0048828125,0.44345238095238093,0.6535733461183361,0.41657592915214864,0.975609756097561,336,0.5B,32768
longdoc,recent_sink_routed,16,0.01,0.09364620578885396,0.41226668865690674,0.009765625,0.5119047619047619,0.7215359749412663,0.46403164924506385,0.975609756097561,336,0.5B,32768
longdoc,recent_sink_routed,16,0.02,0.05238458375000718,0.2925621679231759,0.02001953125,0.6369047619047619,0.7887417768927227,0.5071501161440186,1.0,336,0.5B,32768
longdoc,recent_sink_routed,16,0.05,0.023758866664851903,0.21117644192877058,0.0498046875,0.7559523809523809,0.8577738507081075,0.5575045759609518,0.9957291031116535,336,0.5B,32768
longdoc,recent_sink_routed,16,0.1,0.013500117850320176,0.1447244333456448,0.10009765625,0.8303571428571429,0.904164770026321,0.6095841143903395,1.000915471467806,336,0.5B,32768
longdoc,recent_sink_routed,16,0.15,0.008123996196180906,0.11270976385780726,0.14990234375,0.8809523809523809,0.9291085633076203,0.6468425500794297,0.9991863303498779,336,0.5B,32768
longdoc,recent_sink_routed,32,0.0025,0.27605148537132934,0.9872456521681086,0.0029296875,0.30952380952380953,0.5722611561277363,0.3369628339140534,1.170731707317073,336,0.5B,32768
longdoc,recent_sink_routed,32,0.005,0.1550607151677642,0.6976365000340892,0.0048828125,0.3898809523809524,0.6369314320651416,0.3626778455284553,0.975609756097561,336,0.5B,32768
longdoc,recent_sink_routed,32,0.01,0.1041181177510607,0.5279268363068399,0.009765625,0.49107142857142855,0.7035186239025222,0.4157774390243902,0.975609756097561,336,0.5B,32768
longdoc,recent_sink_routed,32,0.02,0.06308603500533322,0.3668644351882427,0.01953125,0.6041666666666666,0.7683802480226349,0.4598804079558653,0.975609756097561,336,0.5B,32768
longdoc,recent_sink_routed,32,0.05,0.02748345988269743,0.2123958961030457,0.0498046875,0.7380952380952381,0.8455292645217943,0.5218320549696388,0.9957291031116535,336,0.5B,32768
longdoc,recent_sink_routed,32,0.1,0.014525358299216671,0.14379029451788405,0.099609375,0.8095238095238095,0.8928086348203841,0.5738634712353052,0.996032956972841,336,0.5B,32768
longdoc,recent_sink_routed,32,0.15,0.009681545754951967,0.11211326079517789,0.150390625,0.8809523809523809,0.9190100352992943,0.6144241107753109,1.0024410089503661,336,0.5B,32768
longdoc,recent_sink_routed,64,0.0025,0.2755000240241533,0.9803621573951529,0.00390625,0.30952380952380953,0.5736579023305626,0.3401930894308943,1.5609756097560976,336,0.5B,32768
longdoc,recent_sink_routed,64,0.005,0.18950398770568933,0.6978566139199844,0.005859375,0.39285714285714285,0.6307391233520183,0.3479057781649245,1.170731707317073,336,0.5B,32768
longdoc,recent_sink_routed,64,0.01,0.1166824784854773,0.5382910485618326,0.009765625,0.4642857142857143,0.6873827636620016,0.3672873112659698,0.975609756097561,336,0.5B,32768
longdoc,recent_sink_routed,64,0.02,0.06958264939752361,0.35330276232550406,0.01953125,0.5892857142857143,0.7608601336099221,0.42314078832752616,0.975609756097561,336,0.5B,32768
longdoc,recent_sink_routed,64,0.05,0.028745218946742306,0.21650824232142646,0.05078125,0.7232142857142857,0.8386695378839064,0.4978155234027717,1.0152532031726662,336,0.5B,32768
longdoc,recent_sink_routed,64,0.1,0.016794234323407344,0.14897783374984308,0.099609375,0.8125,0.8877785752802897,0.5484809349434007,0.996032956972841,336,0.5B,32768
longdoc,recent_sink_routed,64,0.15,0.010513072099272283,0.11552513779376311,0.150390625,0.8779761904761905,0.9156964868955584,0.5921765420977179,1.0024410089503661,336,0.5B,32768
longdoc,recent_sink_routed,128,0.0025,0.18683235477023996,0.7829216440562179,0.0078125,0.38392857142857145,0.6182474142136949,0.4547038327526132,3.1219512195121952,336,0.5B,32768
longdoc,recent_sink_routed,128,0.005,0.18683235477023996,0.7829216440562179,0.0078125,0.38392857142857145,0.6182474142136949,0.3281975900116144,1.5609756097560976,336,0.5B,32768
longdoc,recent_sink_routed,128,0.01,0.12232766842114129,0.5488592835322244,0.01171875,0.44642857142857145,0.6802352043545673,0.34884944831591175,1.170731707317073,336,0.5B,32768
longdoc,recent_sink_routed,128,0.02,0.08078362428659,0.3966396752132112,0.01953125,0.5446428571428571,0.740337294443554,0.3698188879210221,0.975609756097561,336,0.5B,32768
longdoc,recent_sink_routed,128,0.05,0.032889221463911204,0.2359059982709476,0.05078125,0.7083333333333334,0.827287119306496,0.45902517504866497,1.0152532031726662,336,0.5B,32768
longdoc,recent_sink_routed,128,0.1,0.01838091245958877,0.1567263453453979,0.1015625,0.8065476190476191,0.8796080611583444,0.5233754014269729,1.0155630149527006,336,0.5B,32768
longdoc,recent_sink_routed,128,0.15,0.012195580081374236,0.12384988156997351,0.1484375,0.8571428571428571,0.9064619550474333,0.55972722693634,0.9894222945484134,336,0.5B,32768
longdoc,recent_sink_routed,256,0.0025,0.12316715442913444,0.5554590917346099,0.015625,0.44642857142857145,0.6780752063967445,0.5860191637630662,6.2439024390243905,336,0.5B,32768
longdoc,recent_sink_routed,256,0.005,0.12316715442913444,0.5554590917346099,0.015625,0.44642857142857145,0.6780752063967445,0.46212616144018587,3.1219512195121952,336,0.5B,32768
longdoc,recent_sink_routed,256,0.01,0.12316715442913444,0.5554590917346099,0.015625,0.44642857142857145,0.6780752063967445,0.33553825493612077,1.5609756097560976,336,0.5B,32768
longdoc,recent_sink_routed,256,0.02,0.0765537012768936,0.4124075709345767,0.0234375,0.5446428571428571,0.7368768529082476,0.35393528600464574,1.170731707317073,336,0.5B,32768
longdoc,recent_sink_routed,256,0.05,0.042784883137367655,0.2500600075141918,0.046875,0.6726190476190477,0.8062170752477704,0.39106307562683407,0.937156802928615,336,0.5B,32768
longdoc,recent_sink_routed,256,0.1,0.020723439399496432,0.16692015442817265,0.1015625,0.7827380952380952,0.8694874209751918,0.4889889126233344,1.0155630149527006,336,0.5B,32768
longdoc,recent_sink_routed,256,0.15,0.014732215338773476,0.1322160244249591,0.1484375,0.8422619047619048,0.8986377985056697,0.5305555959161532,0.9894222945484134,336,0.5B,32768
longdoc,token_oracle,0,0.0025,0.12095075114375142,0.5154664352689915,0.00250244140625,0.46130952380952384,0.7325078627371373,1.0,1.0,336,0.5B,32768
longdoc,token_oracle,0,0.005,0.07907179349215407,0.3766691466103784,0.0050048828125,0.5684523809523809,0.7864377190659673,1.0,1.0,336,0.5B,32768
longdoc,token_oracle,0,0.01,0.04804833273782144,0.2986250160469312,0.010009765625,0.6726190476190477,0.8381438799773846,1.0,1.0,336,0.5B,32768
longdoc,token_oracle,0,0.02,0.024953287338975366,0.22726120178235323,0.02001953125,0.7738095238095238,0.8842271634466412,1.0,1.0,336,0.5B,32768
longdoc,token_oracle,0,0.05,0.008307925689135192,0.14317520535736605,0.050018310546875,0.8571428571428571,0.9342067497845128,1.0,1.0,336,0.5B,32768
longdoc,token_oracle,0,0.1,0.0029473286702944423,0.083329301318368,0.100006103515625,0.9196428571428571,0.9632259087033378,1.0,1.0,336,0.5B,32768
longdoc,token_oracle,0,0.15,0.0013665268496201096,0.05479706842742865,0.1500244140625,0.9464285714285714,0.976413539544261,1.0,1.0,336,0.5B,32768
needle,block_oracle,16,0.0025,0.20723194094166877,0.7479011412592376,0.00244140625,0.3005952380952381,0.6133005729432052,0.352605981416957,0.975609756097561,336,0.5B,32768
needle,block_oracle,16,0.005,0.13750881661093867,0.5745163694711373,0.0048828125,0.40773809523809523,0.6731994391340196,0.39202235772357724,0.975609756097561,336,0.5B,32768
needle,block_oracle,16,0.01,0.09848315059298476,0.42173722694346993,0.009765625,0.5029761904761905,0.7336556659511954,0.42647539198606266,0.975609756097561,336,0.5B,32768
needle,block_oracle,16,0.02,0.05957301774320893,0.3013046460025071,0.02001953125,0.6220238095238095,0.7977513752423439,0.4752014372822299,1.0,336,0.5B,32768
needle,block_oracle,16,0.05,0.028407000289018998,0.20590319681091002,0.0498046875,0.7708333333333334,0.8750033597336807,0.5276954589035127,0.9957291031116535,336,0.5B,32768
needle,block_oracle,16,0.1,0.013099627863071176,0.1448492936113966,0.10009765625,0.8482142857142857,0.9252929964602744,0.578137487830042,1.000915471467806,336,0.5B,32768
needle,block_oracle,16,0.15,0.00792996775765828,0.10540753847135832,0.14990234375,0.8779761904761905,0.9490091770817843,0.6126442084156689,0.9991863303498779,336,0.5B,32768
needle,block_oracle,32,0.0025,0.22746813350186595,0.8608608222871164,0.0029296875,0.29464285714285715,0.5965242929942313,0.33431329849012775,1.170731707317073,336,0.5B,32768
needle,block_oracle,32,0.005,0.15638322196931834,0.6797405286773135,0.0048828125,0.37797619047619047,0.6444081062939695,0.3391768292682927,0.975609756097561,336,0.5B,32768
needle,block_oracle,32,0.01,0.1027630830688797,0.4741821746629916,0.009765625,0.49107142857142855,0.7067015249809775,0.38295768002322883,0.975609756097561,336,0.5B,32768
needle,block_oracle,32,0.02,0.06861994935823351,0.3490061012546036,0.01953125,0.5922619047619048,0.7680945200322817,0.4260307781649245,0.975609756097561,336,0.5B,32768
needle,block_oracle,32,0.05,0.032388144750821704,0.2165747207667149,0.0498046875,0.7321428571428571,0.8471923411945668,0.48787915105029195,0.9957291031116535,336,0.5B,32768
needle,block_oracle,32,0.1,0.016455538941161058,0.15195928402530334,0.099609375,0.8303571428571429,0.9017522693979843,0.5399537904878156,0.996032956972841,336,0.5B,32768
needle,block_oracle,32,0.15,0.009265096907352933,0.11803651850248087,0.150390625,0.8779761904761905,0.9308929905288456,0.5791069733426324,1.0024410089503661,336,0.5B,32768
needle,block_oracle,64,0.0025,0.5504139374680024,1.3120815722628572,0.001953125,0.15476190476190477,0.4704994656934199,0.18786295005807202,0.7804878048780488,336,0.5B,32768
needle,block_oracle,64,0.005,0.16916140299962898,0.783823144130194,0.005859375,0.36607142857142855,0.6318533543458965,0.3308834204413473,1.170731707317073,336,0.5B,32768
needle,block_oracle,64,0.01,0.12633346532136683,0.6018353046385246,0.009765625,0.44345238095238093,0.6822576269631375,0.34108231707317077,0.975609756097561,336,0.5B,32768
needle,block_oracle,64,0.02,0.07619181856503507,0.4202784383408681,0.01953125,0.5714285714285714,0.7446024738973361,0.3904344512195122,0.975609756097561,336,0.5B,32768
needle,block_oracle,64,0.05,0.03639057573533026,0.2476312700348713,0.05078125,0.7023809523809523,0.8239616245370924,0.4622555855777333,1.0152532031726662,336,0.5B,32768
needle,block_oracle,64,0.1,0.019487759980613747,0.15341631523991148,0.099609375,0.8005952380952381,0.876393742030634,0.5122943822020721,0.996032956972841,336,0.5B,32768
needle,block_oracle,64,0.15,0.01252235525395093,0.11646609722469568,0.150390625,0.8690476190476191,0.9075547512579343,0.5547241272424348,1.0024410089503661,336,0.5B,32768
needle,block_oracle,128,0.0025,0.4515275420961763,1.269165481024498,0.00390625,0.19642857142857142,0.49811280574327454,0.2571864111498258,1.5609756097560976,336,0.5B,32768
needle,block_oracle,128,0.005,0.4515275420961763,1.269165481024498,0.00390625,0.19642857142857142,0.49811280574327454,0.19056692799070848,0.7804878048780488,336,0.5B,32768
needle,block_oracle,128,0.01,0.11801014849539919,0.6207317841151501,0.01171875,0.4494047619047619,0.6767624616535806,0.34029290069686413,1.170731707317073,336,0.5B,32768
needle,block_oracle,128,0.02,0.09073034500256763,0.45442629450385186,0.01953125,0.5238095238095238,0.7262724042918739,0.35325929152148666,0.975609756097561,336,0.5B,32768
needle,block_oracle,128,0.05,0.040910530117783714,0.26860624431120184,0.05078125,0.6815476190476191,0.8072862990545386,0.4315621459077835,1.0152532031726662,336,0.5B,32768
needle,block_oracle,128,0.1,0.023570241894220894,0.18014079636873065,0.1015625,0.7797619047619048,0.8605967721635261,0.4905219640495807,1.0155630149527006,336,0.5B,32768
needle,block_oracle,128,0.15,0.015120605020906952,0.12789976394609254,0.1484375,0.8392857142857143,0.8891353761386321,0.5247382211631602,0.9894222945484134,336,0.5B,32768
needle,block_oracle,256,0.0025,0.3336340839835406,1.252916634392604,0.0078125,0.22916666666666666,0.532481127860321,0.3486135307781649,3.1219512195121952,336,0.5B,32768
needle,block_oracle,256,0.005,0.3336340839835406,1.252916634392604,0.0078125,0.22916666666666666,0.532481127860321,0.2824114401858304,1.5609756097560976,336,0.5B,32768
needle,block_oracle,256,0.01,0.3336340839835406,1.252916634392604,0.0078125,0.22916666666666666,0.532481127860321,0.2077253919860627,0.7804878048780488,336,0.5B,32768
needle,block_oracle,256,0.02,0.0936190937363766,0.49267453594496624,0.0234375,0.5119047619047619,0.723162529717516,0.3524608013937282,1.170731707317073,336,0.5B,32768
needle,block_oracle,256,0.05,0.05162083885246464,0.32038043838374913,0.046875,0.6488095238095238,0.788520960410296,0.3775966762543944,0.937156802928615,336,0.5B,32768
needle,block_oracle,256,0.1,0.027043857375386775,0.1920184255462334,0.1015625,0.7559523809523809,0.8507840911806691,0.46160105787814054,1.0155630149527006,336,0.5B,32768
needle,block_oracle,256,0.15,0.017000574447894694,0.1462713872702436,0.1484375,0.8214285714285714,0.88056032553126,0.49968639815568217,0.9894222945484134,336,0.5B,32768
needle,centroid,16,0.0025,0.4111046904830636,2.2470116286458066,0.00244140625,0.17559523809523808,0.3811986159123365,0.37260452961672474,0.975609756097561,336,0.5B,32768
needle,centroid,16,0.005,0.3208537187135465,2.087795309686786,0.0048828125,0.23214285714285715,0.4548383191941317,0.4039634146341463,0.975609756097561,336,0.5B,32768
needle,centroid,16,0.01,0.2674479266005966,1.9119213164073177,0.009765625,0.2916666666666667,0.5283331294326276,0.4367559523809524,0.975609756097561,336,0.5B,32768
needle,centroid,16,0.02,0.19728165275161041,1.4282379032675303,0.02001953125,0.37202380952380953,0.622288261749898,0.48560903019744484,1.0,336,0.5B,32768
needle,centroid,16,0.05,0.10249567814411617,0.7905504393068897,0.0498046875,0.49404761904761907,0.7405353738781802,0.54337720445103,0.9957291031116535,336,0.5B,32768
needle,centroid,16,0.1,0.048347375029865386,0.4880767332340026,0.10009765625,0.6398809523809523,0.8289543646351735,0.598149803100978,1.000915471467806,336,0.5B,32768
needle,centroid,16,0.15,0.023847661540786505,0.2908105041256095,0.14990234375,0.7321428571428571,0.8768844521142269,0.6351533137665155,0.9991863303498779,336,0.5B,32768
needle,centroid,32,0.0025,0.3958867773325299,2.2338619746137764,0.0029296875,0.18452380952380953,0.3718749202985918,0.3696283391405342,1.170731707317073,336,0.5B,32768
needle,centroid,32,0.005,0.3538623643774935,2.1678581778885477,0.0048828125,0.22916666666666666,0.42432798933199267,0.36518220092915216,0.975609756097561,336,0.5B,32768
needle,centroid,32,0.01,0.29031437000589755,2.059468839437801,0.009765625,0.25297619047619047,0.48875383892536967,0.3988367450638792,0.975609756097561,336,0.5B,32768
needle,centroid,32,0.02,0.22319405582195037,1.7555176512569917,0.01953125,0.3333333333333333,0.5721859322910623,0.4389018945993031,0.975609756097561,336,0.5B,32768
needle,centroid,32,0.05,0.12454241592386503,1.0329566244345818,0.0498046875,0.44345238095238093,0.6987937003802359,0.5019992591301315,0.9957291031116535,336,0.5B,32768
needle,centroid,32,0.1,0.06951503271364182,0.6921212347696271,0.099609375,0.5922619047619048,0.7803244783759602,0.5563369152970923,0.996032956972841,336,0.5B,32768
needle,centroid,32,0.15,0.03368689890182778,0.46651564363708603,0.150390625,0.6904761904761905,0.8414433731158224,0.5985539201441358,1.0024410089503661,336,0.5B,32768
needle,centroid,64,0.0025,0.5493913737945266,2.3395430656580687,0.001953125,0.13988095238095238,0.32655848627610035,0.27522502903600465,0.7804878048780488,336,0.5B,32768
needle,centroid,64,0.005,0.37470376024332486,2.19180810738243,0.005859375,0.22916666666666666,0.42662700128782965,0.37556257259001163,1.170731707317073,336,0.5B,32768
needle,centroid,64,0.01,0.3206899895050368,2.159794754453781,0.009765625,0.24702380952380953,0.47432029261327296,0.36912928281068524,0.975609756097561,336,0.5B,32768
needle,centroid,64,0.02,0.24779486269912032,1.7543795766714974,0.01953125,0.30654761904761907,0.5570152363275325,0.40649499128919864,0.975609756097561,336,0.5B,32768
needle,centroid,64,0.05,0.13864881703969328,1.3885846097502896,0.05078125,0.4226190476190476,0.684257009973279,0.47524078270722564,1.0152532031726662,336,0.5B,32768
needle,centroid,64,0.1,0.07847878610163782,0.6010196971929589,0.099609375,0.5744047619047619,0.773400600285164,0.5260282706308035,0.996032956972841,336,0.5B,32768
needle,centroid,64,0.15,0.04621066066377114,0.38436043196709135,0.150390625,0.6726190476190477,0.8221180483049191,0.5694083217094812,1.0024410089503661,336,0.5B,32768
needle,centroid,128,0.0025,0.47041658575158507,2.3167237878434745,0.00390625,0.17857142857142858,0.36951798853357154,0.3685757839721254,1.5609756097560976,336,0.5B,32768
needle,centroid,128,0.005,0.47041658575158507,2.3167237878434745,0.00390625,0.17857142857142858,0.36951798853357154,0.2760053716608595,0.7804878048780488,336,0.5B,32768
needle,centroid,128,0.01,0.31707881120844145,2.1693111305835373,0.01171875,0.25595238095238093,0.47529885778049585,0.38381968641114983,1.170731707317073,336,0.5B,32768
needle,centroid,128,0.02,0.26360795626424693,2.116862316525629,0.01953125,0.2857142857142857,0.5307794645644093,0.3813062572590012,0.975609756097561,336,0.5B,32768
needle,centroid,128,0.05,0.16057974716851106,1.5931038303361174,0.05078125,0.39880952380952384,0.6497480117889938,0.446740898922107,1.0152532031726662,336,0.5B,32768
needle,centroid,128,0.1,0.08567910365810891,1.0038076995316207,0.1015625,0.5327380952380952,0.7433454747590935,0.5036482627839052,1.0155630149527006,336,0.5B,32768
needle,centroid,128,0.15,0.0651265047044893,0.7298180961665487,0.1484375,0.5892857142857143,0.778779135417764,0.5382103868805456,0.9894222945484134,336,0.5B,32768
needle,centroid,256,0.0025,0.37948610205870403,2.2720197998107583,0.0078125,0.22023809523809523,0.42028907408490307,0.4830139372822299,3.1219512195121952,336,0.5B,32768
needle,centroid,256,0.005,0.37948610205870403,2.2720197998107583,0.0078125,0.22023809523809523,0.42028907408490307,0.39392784552845533,1.5609756097560976,336,0.5B,32768
needle,centroid,256,0.01,0.37948610205870403,2.2720197998107583,0.0078125,0.22023809523809523,0.42028907408490307,0.29135815911730545,0.7804878048780488,336,0.5B,32768
needle,centroid,256,0.02,0.27030937170979974,2.1061501637679516,0.0234375,0.27380952380952384,0.5268136765195706,0.3964775696864112,1.170731707317073,336,0.5B,32768
needle,centroid,256,0.05,0.20136890519169975,2.0345105244888115,0.046875,0.3392857142857143,0.6050759230537633,0.4009994479793138,0.937156802928615,336,0.5B,32768
needle,centroid,256,0.1,0.10480065145049551,1.586062791295241,0.1015625,0.4880952380952381,0.6994085396423898,0.4779923565398085,1.0155630149527006,336,0.5B,32768
needle,centroid,256,0.15,0.07922112954563473,1.4953580752445625,0.1484375,0.5446428571428571,0.7411693973305196,0.5143917819365338,0.9894222945484134,336,0.5B,32768
needle,centroid_ub,16,0.0025,0.4741806900033866,1.7053254412990129,0.00244140625,0.17857142857142858,0.37417953067272436,0.23602642276422767,0.975609756097561,336,0.5B,32768
needle,centroid_ub,16,0.005,0.2993735529540552,1.3841133440023166,0.0048828125,0.25,0.45062248557854995,0.2628302845528455,0.975609756097561,336,0.5B,32768
needle,centroid_ub,16,0.01,0.2038928727007081,1.056275676250473,0.009765625,0.3392857142857143,0.5445171744515905,0.2869483159117306,0.975609756097561,336,0.5B,32768
needle,centroid_ub,16,0.02,0.13529795907150638,0.7435124351011482,0.02001953125,0.43154761904761907,0.6148859184779861,0.3349257767131243,1.0,336,0.5B,32768
needle,centroid_ub,16,0.05,0.06750800549870696,0.4350479803221675,0.0498046875,0.5863095238095238,0.7077061664387784,0.4005890641796682,0.9957291031116535,336,0.5B,32768
needle,centroid_ub,16,0.1,0.037802852385029256,0.27907082547368667,0.10009765625,0.6994047619047619,0.7909898430866162,0.47033708967261,1.000915471467806,336,0.5B,32768
needle,centroid_ub,16,0.15,0.026460495953339734,0.2159829183715398,0.14990234375,0.7559523809523809,0.8347523768337672,0.5191733019489325,0.9991863303498779,336,0.5B,32768
needle,centroid_ub,32,0.0025,0.5687556370212279,1.9558189819179324,0.0029296875,0.15773809523809523,0.3641583384870729,0.2647357723577236,1.170731707317073,336,0.5B,32768
needle,centroid_ub,32,0.005,0.3975865171157724,1.7383508347377772,0.0048828125,0.24702380952380953,0.4344090527631288,0.2612151567944251,0.975609756097561,336,0.5B,32768
needle,centroid_ub,32,0.01,0.23647261720929078,1.5396889349583431,0.009765625,0.32142857142857145,0.5120541859045443,0.29023301393728224,0.975609756097561,336,0.5B,32768
needle,centroid_ub,32,0.02,0.15741639731218043,0.9461671828481042,0.01953125,0.4017857142857143,0.5967749334081389,0.3364002613240418,0.975609756097561,336,0.5B,32768
needle,centroid_ub,32,0.05,0.08079749679135222,0.5938148599195716,0.0498046875,0.5327380952380952,0.6935802977080234,0.40794510299543857,0.9957291031116535,336,0.5B,32768
needle,centroid_ub,32,0.1,0.0454171469117417,0.44123234630576824,0.099609375,0.6488095238095238,0.7623035940611599,0.4742233023816789,0.996032956972841,336,0.5B,32768
needle,centroid_ub,32,0.15,0.03164473684982842,0.345011731596664,0.150390625,0.7083333333333334,0.8033125987782148,0.5247715186562827,1.0024410089503661,336,0.5B,32768
needle,centroid_ub,64,0.0025,0.8206987089294406,2.0576140483115055,0.001953125,0.10119047619047619,0.29689024079045906,0.19185540069686413,0.7804878048780488,336,0.5B,32768
needle,centroid_ub,64,0.005,0.37435725572694123,1.6324477665855939,0.005859375,0.22023809523809523,0.45870931112055496,0.29101335656213706,1.170731707317073,336,0.5B,32768
needle,centroid_ub,64,0.01,0.2423569469617864,1.2981001167912858,0.009765625,0.28869047619047616,0.5241898410264207,0.29174833042973286,0.975609756097561,336,0.5B,32768
needle,centroid_ub,64,0.02,0.1599829446728896,0.9368851489135086,0.01953125,0.4017857142857143,0.6097533364860068,0.3372032883275261,0.975609756097561,336,0.5B,32768
needle,centroid_ub,64,0.05,0.08369610882252324,0.6413616328399787,0.05078125,0.5327380952380952,0.7025185025754761,0.41294960632208955,1.0152532031726662,336,0.5B,32768
needle,centroid_ub,64,0.1,0.052396246630595875,0.48038687100010635,0.099609375,0.6339285714285714,0.7667792194743855,0.46975038871209146,0.996032956972841,336,0.5B,32768
needle,centroid_ub,64,0.15,0.03185333717279325,0.3303770262311215,0.150390625,0.7023809523809523,0.807196862642242,0.5186223797899958,1.0024410089503661,336,0.5B,32768
needle,centroid_ub,128,0.0025,0.8251245073241258,1.7006044876342294,0.00390625,0.10714285714285714,0.33658158639626323,0.24833042973286876,1.5609756097560976,336,0.5B,32768
needle,centroid_ub,128,0.005,0.8251245073241258,1.7006044876342294,0.00390625,0.10714285714285714,0.33658158639626323,0.18490490708478513,0.7804878048780488,336,0.5B,32768
needle,centroid_ub,128,0.01,0.26770813853635617,1.1511609198506405,0.01171875,0.2916666666666667,0.5235286654008924,0.29949731416957026,1.170731707317073,336,0.5B,32768
needle,centroid_ub,128,0.02,0.15879679654268553,0.941600461608515,0.01953125,0.38392857142857145,0.597773839588229,0.31444178281068524,0.975609756097561,336,0.5B,32768
needle,centroid_ub,128,0.05,0.07655496996786249,0.5744076454557256,0.05078125,0.5565476190476191,0.712195237963388,0.3965796507742817,1.0152532031726662,336,0.5B,32768
needle,centroid_ub,128,0.1,0.044223752466033064,0.4354886244706729,0.1015625,0.6547619047619048,0.7713059133362007,0.4606238284144906,1.0155630149527006,336,0.5B,32768
needle,centroid_ub,128,0.15,0.03161638394354757,0.33326077544105526,0.1484375,0.7261904761904762,0.810476995904915,0.5009456488046805,0.9894222945484134,336,0.5B,32768
needle,centroid_ub,256,0.0025,0.8298181201879258,1.6506894948760402,0.0078125,0.14285714285714285,0.3572454039195825,0.29453397212543553,3.1219512195121952,336,0.5B,32768
needle,centroid_ub,256,0.005,0.8298181201879258,1.6506894948760402,0.0078125,0.14285714285714285,0.3572454039195825,0.24177918118466898,1.5609756097560976,336,0.5B,32768
needle,centroid_ub,256,0.01,0.8298181201879258,1.6506894948760402,0.0078125,0.14285714285714285,0.3572454039195825,0.18036803135888502,0.7804878048780488,336,0.5B,32768
needle,centroid_ub,256,0.02,0.16956800290012267,0.9810877326623251,0.0234375,0.3898809523809524,0.6072096790129523,0.332121987514518,1.170731707317073,336,0.5B,32768
needle,centroid_ub,256,0.05,0.09342867031122412,0.6886728536348561,0.046875,0.5178571428571429,0.6926053046255263,0.3604495336877887,0.937156802928615,336,0.5B,32768
needle,centroid_ub,256,0.1,0.046342613722999235,0.42951385122290553,0.1015625,0.6458333333333334,0.7798072770361204,0.4456338913349899,1.0155630149527006,336,0.5B,32768
needle,centroid_ub,256,0.15,0.0333133006485981,0.3194448231846455,0.1484375,0.7261904761904762,0.8154468661229834,0.4859230307257158,0.9894222945484134,336,0.5B,32768
needle,interval_cover,16,0.02,0.015694768518429214,0.11322723681976837,0.11460803803943452,0.8839285714285714,0.9393902017690918,1.0,5.7248112659698025,336,0.5B,32768
needle,interval_cover,16,0.05,0.005705745419640779,0.046555430718539514,0.23284040178571427,0.9732142857142857,0.974187573968085,1.0,4.655103285975769,336,0.5B,32768
needle,interval_cover,32,0.02,0.011644275213653705,0.08768477750920663,0.17570568266369047,0.9107142857142857,0.9511305382638533,1.0,8.7767131242741,336,0.5B,32768
needle,interval_cover,32,0.05,0.004117106843493543,0.03284657247524651,0.32485525948660715,0.9910714285714286,0.9815616171924495,1.0,6.494726749760306,336,0.5B,32768
needle,interval_cover,64,0.02,0.008559789174354038,0.05489635590203558,0.26332891555059523,0.9732142857142857,0.9638438789618112,1.0,13.153600464576076,336,0.5B,32768
needle,interval_cover,64,0.05,0.002934298954302997,0.021191113008975606,0.42921665736607145,1.0,0.9882054742019497,1.0,8.581190621459077,336,0.5B,32768
needle,interval_cover,128,0.02,0.005424590157799565,0.03656941839152937,0.3664434523809524,0.9910714285714286,0.9747856965931329,1.0,18.30429732868757,336,0.5B,32768
needle,interval_cover,128,0.05,0.0008844542868709541,0.01068823886825504,0.5354817708333334,1.0,0.9930804968086451,1.0,10.705714866788693,336,0.5B,32768
needle,interval_cover,256,0.02,0.004032847137875925,0.028205641035595724,0.4300130208333333,0.9940476190476191,0.9805257906539363,1.0,21.479674796747968,336,0.5B,32768
needle,interval_cover,256,0.05,0.0005319204366419992,0.008298107303941381,0.5983770461309523,1.0,0.9948147440524083,1.0,11.96315988262297,336,0.5B,32768
needle,maxsketch,16,0.0025,0.7434048138275733,2.4857788281857074,0.00244140625,0.03571428571428571,0.07254263936621534,0.04101335656213705,0.975609756097561,336,0.5B,32768
needle,maxsketch,16,0.005,0.6776967424374223,2.3387782899271063,0.0048828125,0.05357142857142857,0.09995442769767918,0.05253702090592335,0.975609756097561,336,0.5B,32768
needle,maxsketch,16,0.01,0.5920083007406527,2.2633735016809355,0.009765625,0.08928571428571429,0.15057348916117982,0.07132876016260162,0.975609756097561,336,0.5B,32768
needle,maxsketch,16,0.02,0.4828738640456606,2.0996223896252957,0.02001953125,0.11904761904761904,0.20710535305271444,0.09468005952380952,1.0,336,0.5B,32768
needle,maxsketch,16,0.05,0.4082346330564679,1.8812462727610253,0.0498046875,0.17261904761904762,0.2992645512505862,0.14742584037886053,0.9957291031116535,336,0.5B,32768
needle,maxsketch,16,0.1,0.30860742284813464,1.6240919220769285,0.10009765625,0.22023809523809523,0.40132753903452895,0.216173874188064,1.000915471467806,336,0.5B,32768
needle,maxsketch,16,0.15,0.24145066321492406,1.4449699304871657,0.14990234375,0.27380952380952384,0.4726952716340636,0.2742096991359603,0.9991863303498779,336,0.5B,32768
needle,maxsketch,32,0.0025,0.7124435296273222,2.2977164625494155,0.0029296875,0.03869047619047619,0.06771497477958936,0.04427990708478514,1.170731707317073,336,0.5B,32768
needle,maxsketch,32,0.005,0.6633416235432783,2.213500850195995,0.0048828125,0.05952380952380952,0.08558018165792552,0.05328106852497096,0.975609756097561,336,0.5B,32768
needle,maxsketch,32,0.01,0.5896711812662212,2.1816745368928214,0.009765625,0.09226190476190477,0.12337811415504749,0.06926901858304298,0.975609756097561,336,0.5B,32768
needle,maxsketch,32,0.02,0.5252070586276134,2.141315169570746,0.01953125,0.125,0.18102856757815664,0.089571537456446,0.975609756097561,336,0.5B,32768
needle,maxsketch,32,0.05,0.39800647228724373,1.849679488701642,0.0498046875,0.16666666666666666,0.2689995778579997,0.1403004154682007,0.9957291031116535,336,0.5B,32768
needle,maxsketch,32,0.1,0.3129068019834088,1.6336210104356668,0.099609375,0.22321428571428573,0.37752380735484997,0.20888279785518113,0.996032956972841,336,0.5B,32768
needle,maxsketch,32,0.15,0.24883857871219697,1.5308842975412458,0.150390625,0.28869047619047616,0.4502335189688272,0.2662219332403425,1.0024410089503661,336,0.5B,32768
needle,maxsketch,64,0.0025,0.7343802700613655,2.5020620966406684,0.001953125,0.041666666666666664,0.03942952263843101,0.03077816492450639,0.7804878048780488,336,0.5B,32768
needle,maxsketch,64,0.005,0.5850377602892428,2.286964781783073,0.005859375,0.06845238095238096,0.08304996016677355,0.05580357142857143,1.170731707317073,336,0.5B,32768
needle,maxsketch,64,0.01,0.5546650088288443,2.1538745587029595,0.009765625,0.09226190476190477,0.109252891915872,0.06916013356562137,0.975609756097561,336,0.5B,32768
needle,maxsketch,64,0.02,0.4775397121777135,2.06073581051781,0.01953125,0.12797619047619047,0.16581731714631284,0.08929932491289198,0.975609756097561,336,0.5B,32768
needle,maxsketch,64,0.05,0.3520065107215635,1.8793732409818016,0.05078125,0.18452380952380953,0.26493916035780124,0.1390111566286063,1.0152532031726662,336,0.5B,32768
needle,maxsketch,64,0.1,0.3174333841906656,1.7013076586190534,0.099609375,0.22023809523809523,0.34735192868619835,0.20370148364502957,0.996032956972841,336,0.5B,32768
needle,maxsketch,64,0.15,0.2708745915880181,1.5576576087345708,0.150390625,0.2767857142857143,0.4268975025716617,0.2608955451586656,1.0024410089503661,336,0.5B,32768
needle,maxsketch,128,0.0025,0.681441959627978,2.4550552640472043,0.00390625,0.05952380952380952,0.047247196232810096,0.047619047619047616,1.5609756097560976,336,0.5B,32768
needle,maxsketch,128,0.005,0.681441959627978,2.4550552640472043,0.00390625,0.05952380952380952,0.047247196232810096,0.0388175087108014,0.7804878048780488,336,0.5B,32768
needle,maxsketch,128,0.01,0.5752121391721585,2.2509237149013197,0.01171875,0.09226190476190477,0.1048115160091504,0.07741724738675958,1.170731707317073,336,0.5B,32768
needle,maxsketch,128,0.02,0.528242755525502,2.1843527149586937,0.01953125,0.11607142857142858,0.1354980010158564,0.08620517566782811,0.975609756097561,336,0.5B,32768
needle,maxsketch,128,0.05,0.40935633153977385,1.9983333439083566,0.05078125,0.16666666666666666,0.23842023152991162,0.13533949272204304,1.0152532031726662,336,0.5B,32768
needle,maxsketch,128,0.1,0.3259503245633184,1.7046232995427375,0.1015625,0.22916666666666666,0.34494845732239987,0.2040674905909877,1.0155630149527006,336,0.5B,32768
needle,maxsketch,128,0.15,0.2844658641092417,1.5333355687201249,0.1484375,0.2648809523809524,0.4084557381447839,0.25423544112518887,0.9894222945484134,336,0.5B,32768
needle,maxsketch,256,0.0025,0.6386797415041969,2.38814131411646,0.0078125,0.07142857142857142,0.06193832911740205,0.07719947735191637,3.1219512195121952,336,0.5B,32768
needle,maxsketch,256,0.005,0.6386797415041969,2.38814131411646,0.0078125,0.07142857142857142,0.06193832911740205,0.06591173054587689,1.5609756097560976,336,0.5B,32768
needle,maxsketch,256,0.01,0.6386797415041969,2.38814131411646,0.0078125,0.07142857142857142,0.06193832911740205,0.05299978222996516,0.7804878048780488,336,0.5B,32768
needle,maxsketch,256,0.02,0.5447079529483518,2.2457355483799404,0.0234375,0.11011904761904762,0.14248401042791048,0.09703923490127757,1.170731707317073,336,0.5B,32768
needle,maxsketch,256,0.05,0.4600902993300051,2.0949127815542705,0.046875,0.1636904761904762,0.21198708720810888,0.12567368314012609,0.937156802928615,336,0.5B,32768
needle,maxsketch,256,0.1,0.36346348783497484,1.8379899876838266,0.1015625,0.20833333333333334,0.32454798088352216,0.2000550372727669,1.0155630149527006,336,0.5B,32768
needle,maxsketch,256,0.15,0.2877333439167071,1.672985432206115,0.1484375,0.26785714285714285,0.40863048339485075,0.2533012950908598,0.9894222945484134,336,0.5B,32768
needle,recent_sink_routed,16,0.0025,0.33643709793339843,1.0370027629113654,0.00244140625,0.24702380952380953,0.5400470892903846,0.2765316492450639,0.975609756097561,336,0.5B,32768
needle,recent_sink_routed,16,0.005,0.15934349210151352,0.6924435670961013,0.0048828125,0.3601190476190476,0.6295119896694509,0.37202380952380953,0.975609756097561,336,0.5B,32768
needle,recent_sink_routed,16,0.01,0.10325198320841417,0.4891048214216269,0.009765625,0.4880952380952381,0.6991707515094624,0.4229366289198606,0.975609756097561,336,0.5B,32768
needle,recent_sink_routed,16,0.02,0.06766090927147136,0.3599756295621076,0.02001953125,0.5922619047619048,0.7634835939520506,0.47927101480836237,1.0,336,0.5B,32768
needle,recent_sink_routed,16,0.05,0.033334742016394275,0.2435062367900509,0.0498046875,0.7172619047619048,0.8422303999439608,0.5409040065080334,0.9957291031116535,336,0.5B,32768
needle,recent_sink_routed,16,0.1,0.01765857554589073,0.1644299832400285,0.10009765625,0.8154761904761905,0.8980561400745687,0.5970971925541654,1.000915471467806,336,0.5B,32768
needle,recent_sink_routed,16,0.15,0.010851877240075693,0.11971239631839148,0.14990234375,0.8541666666666666,0.928778065867524,0.6344903909488938,0.9991863303498779,336,0.5B,32768
needle,recent_sink_routed,32,0.0025,0.3364184393569417,1.03654933907858,0.0029296875,0.24702380952380953,0.5414030251803819,0.280161149825784,1.170731707317073,336,0.5B,32768
needle,recent_sink_routed,32,0.005,0.20260229818493133,0.9006872880553158,0.0048828125,0.33630952380952384,0.5952311713193317,0.31721835075493615,0.975609756097561,336,0.5B,32768
needle,recent_sink_routed,32,0.01,0.11646134112991971,0.5861145217514077,0.009765625,0.44642857142857145,0.6724955665908,0.37732288037166084,0.975609756097561,336,0.5B,32768
needle,recent_sink_routed,32,0.02,0.07764966206477783,0.4211767206834278,0.01953125,0.5625,0.736184229098514,0.4289207680023229,0.975609756097561,336,0.5B,32768
needle,recent_sink_routed,32,0.05,0.03791611133752899,0.2653256561154055,0.0498046875,0.6845238095238095,0.8140434215314836,0.4984419942473634,0.9957291031116535,336,0.5B,32768
needle,recent_sink_routed,32,0.1,0.019318784019948795,0.16785786467418193,0.099609375,0.7976190476190477,0.8696654593368419,0.5547057776421523,0.996032956972841,336,0.5B,32768
needle,recent_sink_routed,32,0.15,0.01231862540049555,0.12907971885359293,0.150390625,0.8452380952380952,0.9025979264627596,0.5975265411290634,1.0024410089503661,336,0.5B,32768
needle,recent_sink_routed,64,0.0025,0.3363918677284724,1.0262412289345977,0.00390625,0.25,0.542971152251487,0.2840810104529617,1.5609756097560976,336,0.5B,32768
needle,recent_sink_routed,64,0.005,0.20603453964172763,0.9530516951185048,0.005859375,0.32142857142857145,0.5870053745542294,0.3019925958188153,1.170731707317073,336,0.5B,32768
needle,recent_sink_routed,64,0.01,0.13324730263675166,0.6520976480933761,0.009765625,0.4166666666666667,0.6538986849877568,0.3285514663182346,0.975609756097561,336,0.5B,32768
needle,recent_sink_routed,64,0.02,0.08410379250305874,0.4511614037234579,0.01953125,0.5595238095238095,0.7243315160360234,0.3882703614982579,0.975609756097561,336,0.5B,32768
needle,recent_sink_routed,64,0.05,0.0428002200046398,0.29745461504653925,0.05078125,0.6815476190476191,0.8064570944840441,0.4690977367151864,1.0152532031726662,336,0.5B,32768
needle,recent_sink_routed,64,0.1,0.0222351694060176,0.18465476601335468,0.099609375,0.7797619047619048,0.8586772799413758,0.5231656058822675,0.996032956972841,336,0.5B,32768
needle,recent_sink_routed,64,0.15,0.01509497744908342,0.13673925355422284,0.150390625,0.8363095238095238,0.8893131797625637,0.5675908839939556,1.0024410089503661,336,0.5B,32768
needle,recent_sink_routed,128,0.0025,0.27047136487964063,0.9996090620808343,0.0078125,0.2916666666666667,0.5697750053857723,0.36959204413472707,3.1219512195121952,336,0.5B,32768
needle,recent_sink_routed,128,0.005,0.27047136487964063,0.9996090620808343,0.0078125,0.2916666666666667,0.5697750053857723,0.2768038617886179,1.5609756097560976,336,0.5B,32768
needle,recent_sink_routed,128,0.01,0.14514707471483318,0.7061494494036555,0.01171875,0.4107142857142857,0.6446844188961739,0.31396087398373984,1.170731707317073,336,0.5B,32768
needle,recent_sink_routed,128,0.02,0.09324996505795186,0.5002836878225109,0.01953125,0.5208333333333334,0.7019000810585617,0.34128193960511033,0.975609756097561,336,0.5B,32768
needle,recent_sink_routed,128,0.05,0.04648623918309452,0.3194139100039551,0.05078125,0.6696428571428571,0.7929612144447976,0.43370485778203904,1.0152532031726662,336,0.5B,32768
needle,recent_sink_routed,128,0.1,0.02756104356703081,0.2160924154894073,0.1015625,0.7648809523809523,0.8469498334780022,0.49744703343650554,1.0155630149527006,336,0.5B,32768
needle,recent_sink_routed,128,0.15,0.018302760592788847,0.16202266388739822,0.1484375,0.8154761904761905,0.8757836907085722,0.5340239838815917,0.9894222945484134,336,0.5B,32768
needle,recent_sink_routed,256,0.0025,0.14561366310940038,0.7243250733997555,0.015625,0.40773809523809523,0.6451002400499264,0.5042102206736353,6.2439024390243905,336,0.5B,32768
needle,recent_sink_routed,256,0.005,0.14561366310940038,0.7243250733997555,0.015625,0.40773809523809523,0.6451002400499264,0.4095709930313589,3.1219512195121952,336,0.5B,32768
needle,recent_sink_routed,256,0.01,0.14561366310940038,0.7243250733997555,0.015625,0.40773809523809523,0.6451002400499264,0.30617559523809523,1.5609756097560976,336,0.5B,32768
needle,recent_sink_routed,256,0.02,0.1039364972172681,0.5090011775726853,0.0234375,0.4851190476190476,0.6966298512330393,0.32612423780487804,1.170731707317073,336,0.5B,32768
needle,recent_sink_routed,256,0.05,0.05809916018656274,0.3820083604440734,0.046875,0.625,0.7725964508325467,0.37116490891658677,0.937156802928615,336,0.5B,32768
needle,recent_sink_routed,256,0.1,0.029705715262217575,0.22891625664834325,0.1015625,0.7470238095238095,0.8385867336112269,0.46487332345205395,1.0155630149527006,336,0.5B,32768
needle,recent_sink_routed,256,0.15,0.019888256977569095,0.176647646516212,0.1484375,0.8065476190476191,0.868642955050541,0.5053536314851408,0.9894222945484134,336,0.5B,32768
needle,token_oracle,0,0.0025,0.1280484334474704,0.47462300124043655,0.00250244140625,0.44047619047619047,0.7395496973878427,1.0,1.0,336,0.5B,32768
needle,token_oracle,0,0.005,0.08882828759066877,0.37605200925301074,0.0050048828125,0.5357142857142857,0.7971855296177882,1.0,1.0,336,0.5B,32768
needle,token_oracle,0,0.01,0.058623223520544464,0.29493156880849436,0.010009765625,0.625,0.8490161477498057,1.0,1.0,336,0.5B,32768
needle,token_oracle,0,0.02,0.03475301307227123,0.2054557325846973,0.02001953125,0.7529761904761905,0.8952641499072113,1.0,1.0,336,0.5B,32768
needle,token_oracle,0,0.05,0.014454772387465932,0.133296583870482,0.050018310546875,0.875,0.9454159164849807,1.0,1.0,336,0.5B,32768
needle,token_oracle,0,0.1,0.006152493441386877,0.07308999584991563,0.100006103515625,0.9523809523809523,0.9716565328830232,1.0,1.0,336,0.5B,32768
needle,token_oracle,0,0.15,0.0031051804866672464,0.04366491761283858,0.1500244140625,0.9880952380952381,0.9825500285904101,1.0,1.0,336,0.5B,32768
