regime,policy,block_size,budget,rl2_med,rl2_p90,read_ratio,pass10,mass,support,over_read,n,model,ctx
agent,block_oracle,16,0.0025,0.699085871970454,1.3457204450862528,0.001953125,0.0744047619047619,0.41765233196265944,0.22477324263038548,0.7619047619047619,336,1.5B,8192
agent,block_oracle,16,0.005,0.30333057282293374,0.7695172471874503,0.005859375,0.20535714285714285,0.6093305090776853,0.39162311265969807,1.170731707317073,336,1.5B,8192
agent,block_oracle,16,0.01,0.1750893850742842,0.6219143820314705,0.009765625,0.27976190476190477,0.6799687653986454,0.4048344947735192,0.975609756097561,336,1.5B,8192
agent,block_oracle,16,0.02,0.09957023866794518,0.43195422809058637,0.01953125,0.5,0.7571169833910448,0.4404580429732869,0.975609756097561,336,1.5B,8192
agent,block_oracle,16,0.05,0.05929059389555473,0.26853709368772105,0.05078125,0.6130952380952381,0.8387016843621107,0.4901422764227642,1.0146341463414634,336,1.5B,8192
agent,block_oracle,16,0.1,0.037161508336526615,0.18441039996776243,0.099609375,0.7321428571428571,0.8918700018504777,0.52590737514518,0.9951219512195122,336,1.5B,8192
agent,block_oracle,16,0.15,0.024433395290320598,0.13588032139921685,0.150390625,0.8095238095238095,0.9225963517017791,0.5657522569646247,1.0024410089503661,336,1.5B,8192
agent,block_oracle,32,0.0025,0.5507153400061897,1.2348554017761493,0.00390625,0.09226190476190477,0.47075751401046384,0.3421201814058957,1.5238095238095237,336,1.5B,8192
agent,block_oracle,32,0.005,0.5507153400061897,1.2348554017761493,0.00390625,0.09226190476190477,0.47075751401046384,0.2573315911730546,0.7804878048780488,336,1.5B,8192
agent,block_oracle,32,0.01,0.18818206288890615,0.6388078174520061,0.01171875,0.2857142857142857,0.6725814230065452,0.4105328106852497,1.170731707317073,336,1.5B,8192
agent,block_oracle,32,0.02,0.12495969326019973,0.49822195393254753,0.01953125,0.44642857142857145,0.7337810985415711,0.40525188734030193,0.975609756097561,336,1.5B,8192
agent,block_oracle,32,0.05,0.07134635892860075,0.30636942113096566,0.05078125,0.5922619047619048,0.8182387324321064,0.455524099883856,1.0146341463414634,336,1.5B,8192
agent,block_oracle,32,0.1,0.044930467297808044,0.19418904827989836,0.1015625,0.6904761904761905,0.8710770512473273,0.49839939024390245,1.0146341463414634,336,1.5B,8192
agent,block_oracle,32,0.15,0.03286734308626478,0.1485852520808359,0.1484375,0.7738095238095238,0.900096534435492,0.5277132008214189,0.9894222945484134,336,1.5B,8192
agent,block_oracle,64,0.0025,0.42336090863260833,1.1861740819976327,0.0078125,0.12202380952380952,0.5136765766644531,0.4318310657596372,3.0476190476190474,336,1.5B,8192
agent,block_oracle,64,0.005,0.42336090863260833,1.1861740819976327,0.0078125,0.12202380952380952,0.5136765766644531,0.3637485481997677,1.5609756097560976,336,1.5B,8192
agent,block_oracle,64,0.01,0.42336090863260833,1.1861740819976327,0.0078125,0.12202380952380952,0.5136765766644531,0.2769308943089431,0.7804878048780488,336,1.5B,8192
agent,block_oracle,64,0.02,0.13539908165023368,0.5766245455324577,0.0234375,0.40476190476190477,0.7192220550671345,0.40334639953542395,1.170731707317073,336,1.5B,8192
agent,block_oracle,64,0.05,0.08319275768445275,0.39283829898407774,0.046875,0.5565476190476191,0.7885790411370092,0.4026930894308943,0.9365853658536585,336,1.5B,8192
agent,block_oracle,64,0.1,0.05250037875739848,0.25516016014849074,0.1015625,0.6369047619047619,0.8478937033311656,0.46301901858304295,1.0146341463414634,336,1.5B,8192
agent,block_oracle,64,0.15,0.04042006022641549,0.2007055034100243,0.1484375,0.7172619047619048,0.8752621950220795,0.4895918090588554,0.9894222945484134,336,1.5B,8192
agent,block_oracle,128,0.0025,0.3432863835298221,1.123810134978212,0.015625,0.15476190476190477,0.5750632939092325,0.5379818594104309,6.095238095238095,336,1.5B,8192
agent,block_oracle,128,0.005,0.3432863835298221,1.123810134978212,0.015625,0.15476190476190477,0.5750632939092325,0.4793844367015098,3.1219512195121952,336,1.5B,8192
agent,block_oracle,128,0.01,0.3432863835298221,1.123810134978212,0.015625,0.15476190476190477,0.5750632939092325,0.3969221835075494,1.5609756097560976,336,1.5B,8192
agent,block_oracle,128,0.02,0.3432863835298221,1.123810134978212,0.015625,0.15476190476190477,0.5750632939092325,0.29373548199767713,0.7804878048780488,336,1.5B,8192
agent,block_oracle,128,0.05,0.0986432188955973,0.4222755924455817,0.046875,0.5089285714285714,0.7767422208539161,0.3826945412311266,0.9365853658536585,336,1.5B,8192
agent,block_oracle,128,0.1,0.05756269450110581,0.2773602675517426,0.09375,0.6130952380952381,0.8330470729220866,0.42321428571428565,0.9365853658536585,336,1.5B,8192
agent,block_oracle,128,0.15,0.04209601627227693,0.20647986284630465,0.15625,0.7023809523809523,0.8720533820877788,0.4874995156728273,1.0414971521562246,336,1.5B,8192
agent,block_oracle,256,0.0025,0.31484820066903463,1.0565659686095734,0.03125,0.1875,0.622786586595646,0.6099773242630385,12.19047619047619,336,1.5B,8192
agent,block_oracle,256,0.005,0.31484820066903463,1.0565659686095734,0.03125,0.1875,0.622786586595646,0.5626451800232288,6.2439024390243905,336,1.5B,8192
agent,block_oracle,256,0.01,0.31484820066903463,1.0565659686095734,0.03125,0.1875,0.622786586595646,0.48994628339140534,3.1219512195121952,336,1.5B,8192
agent,block_oracle,256,0.02,0.31484820066903463,1.0565659686095734,0.03125,0.1875,0.622786586595646,0.39322009291521487,1.5609756097560976,336,1.5B,8192
agent,block_oracle,256,0.05,0.09292081726001857,0.4105129829552523,0.0625,0.5267857142857143,0.7860924644306192,0.41004645760743325,1.248780487804878,336,1.5B,8192
agent,block_oracle,256,0.1,0.06652951913847677,0.31805249698450455,0.09375,0.5744047619047619,0.8221902008068305,0.3954885307781649,0.9365853658536585,336,1.5B,8192
agent,block_oracle,256,0.15,0.047228674976855886,0.22439640294744329,0.15625,0.6904761904761905,0.8628107214684894,0.4598662288349026,1.0414971521562246,336,1.5B,8192
agent,centroid,16,0.0025,0.746297852247451,2.257005595515909,0.001953125,0.050595238095238096,0.2785124667083211,0.28968253968253965,0.7619047619047619,336,1.5B,8192
agent,centroid,16,0.005,0.4563710686353955,1.7977254039158916,0.005859375,0.09226190476190477,0.4131984825254055,0.43285423925667826,1.170731707317073,336,1.5B,8192
agent,centroid,16,0.01,0.3653880762446394,1.574389418987705,0.009765625,0.13392857142857142,0.4893087250697364,0.44004065040650403,0.975609756097561,336,1.5B,8192
agent,centroid,16,0.02,0.279528800729139,1.1019940498840195,0.01953125,0.19047619047619047,0.5952173679689875,0.4626342915214866,0.975609756097561,336,1.5B,8192
agent,centroid,16,0.05,0.14362417389525828,0.6131384127128727,0.05078125,0.39285714285714285,0.7407079966353958,0.5042029616724738,1.0146341463414634,336,1.5B,8192
agent,centroid,16,0.1,0.07432831039384069,0.32598481785237865,0.099609375,0.5803571428571429,0.8255977260675507,0.5454631242740999,0.9951219512195122,336,1.5B,8192
agent,centroid,16,0.15,0.04399162545753768,0.23176878396937894,0.150390625,0.7202380952380952,0.8758821227978034,0.588195978147158,1.0024410089503661,336,1.5B,8192
agent,centroid,32,0.0025,0.6019669361687392,1.8477369532426078,0.00390625,0.07738095238095238,0.3534937717019378,0.4034863945578231,1.5238095238095237,336,1.5B,8192
agent,centroid,32,0.005,0.6019669361687392,1.8477369532426078,0.00390625,0.07738095238095238,0.3534937717019378,0.3118466898954704,0.7804878048780488,336,1.5B,8192
agent,centroid,32,0.01,0.343953149819627,1.1421959464850986,0.01171875,0.14285714285714285,0.5345240640434178,0.4481344367015098,1.170731707317073,336,1.5B,8192
agent,centroid,32,0.02,0.26320142863318385,1.0978381675283475,0.01953125,0.21726190476190477,0.6023264866155874,0.4292065911730546,0.975609756097561,336,1.5B,8192
agent,centroid,32,0.05,0.13803448152402506,0.543975809242313,0.05078125,0.40773809523809523,0.738332922075528,0.4690258420441347,1.0146341463414634,336,1.5B,8192
agent,centroid,32,0.1,0.06950663846809695,0.3101328452178384,0.1015625,0.5922619047619048,0.8258183414494421,0.5140062427409988,1.0146341463414634,336,1.5B,8192
agent,centroid,32,0.15,0.05109641983358116,0.2553460636592112,0.1484375,0.6875,0.8592176205801068,0.5450642217830989,0.9894222945484134,336,1.5B,8192
agent,centroid,64,0.0025,0.48516501898168574,1.5797640130767232,0.0078125,0.11011904761904762,0.4334773852497504,0.5004251700680272,3.0476190476190474,336,1.5B,8192
agent,centroid,64,0.005,0.48516501898168574,1.5797640130767232,0.0078125,0.11011904761904762,0.4334773852497504,0.42704703832752616,1.5609756097560976,336,1.5B,8192
agent,centroid,64,0.01,0.48516501898168574,1.5797640130767232,0.0078125,0.11011904761904762,0.4334773852497504,0.3277439024390244,0.7804878048780488,336,1.5B,8192
agent,centroid,64,0.02,0.272226836248522,1.0081829740153665,0.0234375,0.23214285714285715,0.606621213932499,0.4320557491289198,1.170731707317073,336,1.5B,8192
agent,centroid,64,0.05,0.16134922987422856,0.6295408423828324,0.046875,0.36904761904761907,0.710577056133202,0.41572299651567945,0.9365853658536585,336,1.5B,8192
agent,centroid,64,0.1,0.07645371373266412,0.33826960427899233,0.1015625,0.5416666666666666,0.8096028206252311,0.47468423344947736,1.0146341463414634,336,1.5B,8192
agent,centroid,64,0.15,0.05705885704857212,0.2683395554684094,0.1484375,0.6547619047619048,0.847708584597103,0.5028405788678368,0.9894222945484134,336,1.5B,8192
agent,centroid,128,0.0025,0.37647098517371813,1.5493092466772054,0.015625,0.1488095238095238,0.48430252838086524,0.6139455782312925,6.095238095238095,336,1.5B,8192
agent,centroid,128,0.005,0.37647098517371813,1.5493092466772054,0.015625,0.1488095238095238,0.48430252838086524,0.5493612078977933,3.1219512195121952,336,1.5B,8192
agent,centroid,128,0.01,0.37647098517371813,1.5493092466772054,0.015625,0.1488095238095238,0.48430252838086524,0.4529253774680604,1.5609756097560976,336,1.5B,8192
agent,centroid,128,0.02,0.37647098517371813,1.5493092466772054,0.015625,0.1488095238095238,0.48430252838086524,0.3323352206736353,0.7804878048780488,336,1.5B,8192
agent,centroid,128,0.05,0.17763028257869512,0.7208265945399063,0.046875,0.3333333333333333,0.6923290618444243,0.401219512195122,0.9365853658536585,336,1.5B,8192
agent,centroid,128,0.1,0.10524207050086853,0.3934495985031866,0.09375,0.4880952380952381,0.786694900176937,0.4344875145180024,0.9365853658536585,336,1.5B,8192
agent,centroid,128,0.15,0.06082363670669909,0.2833701910609221,0.15625,0.625,0.842724840431085,0.49795129605951416,1.0414971521562246,336,1.5B,8192
agent,centroid,256,0.0025,0.3512495106002589,1.5534621261592574,0.03125,0.17857142857142858,0.5063560340127802,0.6856575963718821,12.19047619047619,336,1.5B,8192
agent,centroid,256,0.005,0.3512495106002589,1.5534621261592574,0.03125,0.17857142857142858,0.5063560340127802,0.6395905923344948,6.2439024390243905,336,1.5B,8192
agent,centroid,256,0.01,0.3512495106002589,1.5534621261592574,0.03125,0.17857142857142858,0.5063560340127802,0.560503774680604,3.1219512195121952,336,1.5B,8192
agent,centroid,256,0.02,0.3512495106002589,1.5534621261592574,0.03125,0.17857142857142858,0.5063560340127802,0.4492051393728223,1.5609756097560976,336,1.5B,8192
agent,centroid,256,0.05,0.18022167742494066,0.9203153068415364,0.0625,0.3392857142857143,0.6779420975988157,0.4356416957026713,1.248780487804878,336,1.5B,8192
agent,centroid,256,0.1,0.12267607210626666,0.5224089455999994,0.09375,0.4255952380952381,0.7505506456407475,0.4107723577235773,0.9365853658536585,336,1.5B,8192
agent,centroid,256,0.15,0.08998588158322021,0.33217385914173503,0.15625,0.5386904761904762,0.8159955783653507,0.47210759812468517,1.0414971521562246,336,1.5B,8192
agent,centroid_ub,16,0.0025,1.0460352760005902,2.358701824042055,0.001953125,0.03869047619047619,0.1599087712738203,0.149234693877551,0.7619047619047619,336,1.5B,8192
agent,centroid_ub,16,0.005,0.7745088444478129,1.9486050806167112,0.005859375,0.08333333333333333,0.29028551204354563,0.2290940766550523,1.170731707317073,336,1.5B,8192
agent,centroid_ub,16,0.01,0.5409126024844978,1.5965916465581502,0.009765625,0.11607142857142858,0.37124053761567855,0.24016405342624858,0.975609756097561,336,1.5B,8192
agent,centroid_ub,16,0.02,0.38018849595302806,1.1559539911893069,0.01953125,0.16964285714285715,0.49142654516987755,0.2804515098722416,0.975609756097561,336,1.5B,8192
agent,centroid_ub,16,0.05,0.22617287802744954,0.7858229162664288,0.05078125,0.30952380952380953,0.6347527094898998,0.347147212543554,1.0146341463414634,336,1.5B,8192
agent,centroid_ub,16,0.1,0.10904300035241618,0.5138007405054206,0.099609375,0.4732142857142857,0.7466300277125589,0.40962180603948894,0.9951219512195122,336,1.5B,8192
agent,centroid_ub,16,0.15,0.07767683003350168,0.35705943826524733,0.150390625,0.5625,0.8113043276488658,0.46354227207563253,1.0024410089503661,336,1.5B,8192
agent,centroid_ub,32,0.0025,0.8409253370779461,1.8488499857679344,0.00390625,0.05952380952380952,0.2406732219759426,0.2328514739229025,1.5238095238095237,336,1.5B,8192
agent,centroid_ub,32,0.005,0.8409253370779461,1.8488499857679344,0.00390625,0.05952380952380952,0.2406732219759426,0.18103948896631822,0.7804878048780488,336,1.5B,8192
agent,centroid_ub,32,0.01,0.44968306239642764,1.2294021162986384,0.01171875,0.12797619047619047,0.42015123730684306,0.2809233449477352,1.170731707317073,336,1.5B,8192
agent,centroid_ub,32,0.02,0.3311409048600045,1.0287634855189127,0.01953125,0.17559523809523808,0.503246268710931,0.28676684088269455,0.975609756097561,336,1.5B,8192
agent,centroid_ub,32,0.05,0.17725043889492664,0.753417043902258,0.05078125,0.34523809523809523,0.6637213258253019,0.35599593495934956,1.0146341463414634,336,1.5B,8192
agent,centroid_ub,32,0.1,0.10901715890890476,0.47485940298739493,0.1015625,0.4791666666666667,0.7572547563000993,0.4145869628339141,1.0146341463414634,336,1.5B,8192
agent,centroid_ub,32,0.15,0.07854543214229101,0.3619587591286693,0.1484375,0.5684523809523809,0.8031205421112255,0.45402039986051373,0.9894222945484134,336,1.5B,8192
agent,centroid_ub,64,0.0025,0.751400233789405,1.4978676548528864,0.0078125,0.10119047619047619,0.3436888728523265,0.35090702947845803,3.0476190476190474,336,1.5B,8192
agent,centroid_ub,64,0.005,0.751400233789405,1.4978676548528864,0.0078125,0.10119047619047619,0.3436888728523265,0.29718350754936124,1.5609756097560976,336,1.5B,8192
agent,centroid_ub,64,0.01,0.751400233789405,1.4978676548528864,0.0078125,0.10119047619047619,0.3436888728523265,0.2262993612078978,0.7804878048780488,336,1.5B,8192
agent,centroid_ub,64,0.02,0.3323240226333931,1.1153630094452005,0.0234375,0.18452380952380953,0.5308154828128044,0.33752540650406504,1.170731707317073,336,1.5B,8192
agent,centroid_ub,64,0.05,0.1961266364384397,0.8398850865777938,0.046875,0.3244047619047619,0.6477870535036588,0.33944541231126596,0.9365853658536585,336,1.5B,8192
agent,centroid_ub,64,0.1,0.10784718117434372,0.5156941383784663,0.1015625,0.48214285714285715,0.7473113134638604,0.40756387921022064,1.0146341463414634,336,1.5B,8192
agent,centroid_ub,64,0.15,0.08629342325337086,0.38054493463239736,0.1484375,0.5357142857142857,0.7867105004427105,0.4412753303111318,0.9894222945484134,336,1.5B,8192
agent,centroid_ub,128,0.0025,0.6975184986459468,1.226537409036022,0.015625,0.09821428571428571,0.41813306494487545,0.423469387755102,6.095238095238095,336,1.5B,8192
agent,centroid_ub,128,0.005,0.6975184986459468,1.226537409036022,0.015625,0.09821428571428571,0.41813306494487545,0.38363821138211385,3.1219512195121952,336,1.5B,8192
agent,centroid_ub,128,0.01,0.6975184986459468,1.226537409036022,0.015625,0.09821428571428571,0.41813306494487545,0.3208841463414634,1.5609756097560976,336,1.5B,8192
agent,centroid_ub,128,0.02,0.6975184986459468,1.226537409036022,0.015625,0.09821428571428571,0.41813306494487545,0.2422873112659698,0.7804878048780488,336,1.5B,8192
agent,centroid_ub,128,0.05,0.19205310191709576,0.8124618518072058,0.046875,0.3392857142857143,0.6676467082193047,0.34590592334494774,0.9365853658536585,336,1.5B,8192
agent,centroid_ub,128,0.1,0.11485762911769123,0.5019539689746317,0.09375,0.45535714285714285,0.7502204535021046,0.38844004065040655,0.9365853658536585,336,1.5B,8192
agent,centroid_ub,128,0.15,0.08538476747185078,0.3443323610085957,0.15625,0.5446428571428571,0.8053949817813177,0.45364988957340463,1.0414971521562246,336,1.5B,8192
agent,centroid_ub,256,0.0025,0.627736404731078,1.1490877361096574,0.03125,0.13392857142857142,0.4775333318662474,0.48384353741496594,12.19047619047619,336,1.5B,8192
agent,centroid_ub,256,0.005,0.627736404731078,1.1490877361096574,0.03125,0.13392857142857142,0.4775333318662474,0.4509291521486643,6.2439024390243905,336,1.5B,8192
agent,centroid_ub,256,0.01,0.627736404731078,1.1490877361096574,0.03125,0.13392857142857142,0.4775333318662474,0.4000435540069686,3.1219512195121952,336,1.5B,8192
agent,centroid_ub,256,0.02,0.627736404731078,1.1490877361096574,0.03125,0.13392857142857142,0.4775333318662474,0.32946791521486646,1.5609756097560976,336,1.5B,8192
agent,centroid_ub,256,0.05,0.1736614678401072,0.8377003121218203,0.0625,0.3630952380952381,0.6693626728431811,0.3788327526132404,1.248780487804878,336,1.5B,8192
agent,centroid_ub,256,0.1,0.11799090262661757,0.5995690915167571,0.09375,0.46130952380952384,0.7365492642768238,0.36804950638792105,0.9365853658536585,336,1.5B,8192
agent,centroid_ub,256,0.15,0.08869956798036854,0.427301367183086,0.15625,0.5208333333333334,0.7898287698965886,0.4332330776085862,1.0414971521562246,336,1.5B,8192
agent,interval_cover,16,0.02,0.03190540734130873,0.15477432067856417,0.12693568638392858,0.8005952380952381,0.9187673566547464,1.0,6.340592334494774,336,1.5B,8192
agent,interval_cover,16,0.05,0.013002473458184342,0.07043953903604686,0.27490234375,0.9613095238095238,0.9651998252848957,1.0,5.492682926829268,336,1.5B,8192
agent,interval_cover,32,0.02,0.025893702752000577,0.12394472941148543,0.19464983258928573,0.8571428571428571,0.9328289586862727,1.0,9.722996515679442,336,1.5B,8192
agent,interval_cover,32,0.05,0.008716630458102998,0.04712729656220986,0.3882649739583333,0.9732142857142857,0.9749808204701755,1.0,7.757723577235772,336,1.5B,8192
agent,interval_cover,64,0.02,0.01978749480364846,0.1010055651138269,0.30961681547619047,0.8958333333333334,0.9467193994027235,1.0,15.465737514518004,336,1.5B,8192
agent,interval_cover,64,0.05,0.004478607839941227,0.024913787535632413,0.5613839285714286,0.9880952380952381,0.9847881933469057,1.0,11.216724738675959,336,1.5B,8192
agent,interval_cover,128,0.02,0.014931975761292886,0.0778150589965957,0.39536830357142855,0.9315476190476191,0.9579053793748491,1.0,19.749128919860627,336,1.5B,8192
agent,interval_cover,128,0.05,0.002156251830909597,0.018018886707739337,0.6561569940476191,0.9970238095238095,0.9900955225663888,1.0,13.110336817653891,336,1.5B,8192
agent,interval_cover,256,0.02,0.01056235918284915,0.06068500072784245,0.48279389880952384,0.9613095238095238,0.9673109832692637,1.0,24.116144018583043,336,1.5B,8192
agent,interval_cover,256,0.05,0.0010053090363711902,0.012805584416487718,0.7422805059523809,1.0,0.993455433678094,1.0,14.831126596980255,336,1.5B,8192
agent,maxsketch,16,0.0025,1.0155933665463293,2.265091671687709,0.001953125,0.008928571428571428,0.03785137485307925,0.02834467120181406,0.7619047619047619,336,1.5B,8192
agent,maxsketch,16,0.005,0.8844483295325264,1.9724685931191064,0.005859375,0.017857142857142856,0.06845375748754355,0.049288617886178866,1.170731707317073,336,1.5B,8192
agent,maxsketch,16,0.01,0.7797996454264795,1.7093868476374654,0.009765625,0.023809523809523808,0.10275564648384253,0.05756387921022067,0.975609756097561,336,1.5B,8192
agent,maxsketch,16,0.02,0.7230707360434796,1.6716465096263593,0.01953125,0.03571428571428571,0.16179914841643486,0.08923127177700348,0.975609756097561,336,1.5B,8192
agent,maxsketch,16,0.05,0.5835864241705457,1.3433039719837971,0.05078125,0.0744047619047619,0.2921700640454473,0.14751016260162603,1.0146341463414634,336,1.5B,8192
agent,maxsketch,16,0.1,0.45754962311602865,1.2763299765122957,0.099609375,0.11011904761904762,0.41226863765317096,0.21012993612078978,0.9951219512195122,336,1.5B,8192
agent,maxsketch,16,0.15,0.35839219581282156,1.1777777916766898,0.150390625,0.16071428571428573,0.4843191075658002,0.26832451857879036,1.0024410089503661,336,1.5B,8192
agent,maxsketch,32,0.0025,0.8773522622271988,1.9056208027571966,0.00390625,0.01488095238095238,0.06002336455596039,0.04889455782312925,1.5238095238095237,336,1.5B,8192
agent,maxsketch,32,0.005,0.8773522622271988,1.9056208027571966,0.00390625,0.01488095238095238,0.06002336455596039,0.042392566782810684,0.7804878048780488,336,1.5B,8192
agent,maxsketch,32,0.01,0.7557791903824369,1.7240420861636716,0.01171875,0.026785714285714284,0.10451559416010762,0.06896051103368177,1.170731707317073,336,1.5B,8192
agent,maxsketch,32,0.02,0.6875739890146451,1.5052934819747796,0.01953125,0.03273809523809524,0.1444180504513062,0.08371443089430894,0.975609756097561,336,1.5B,8192
agent,maxsketch,32,0.05,0.5534182757048687,1.3325712756265589,0.05078125,0.05654761904761905,0.2656816228335552,0.14516550522648083,1.0146341463414634,336,1.5B,8192
agent,maxsketch,32,0.1,0.42940663734192497,1.2423870500570242,0.1015625,0.11607142857142858,0.4126972118823639,0.20838051684088268,1.0146341463414634,336,1.5B,8192
agent,maxsketch,32,0.15,0.3424416190842465,1.16413352309997,0.1484375,0.1636904761904762,0.4865817975045657,0.25627445852222097,0.9894222945484134,336,1.5B,8192
agent,maxsketch,64,0.0025,0.7063198104027633,1.8480126464319824,0.0078125,0.023809523809523808,0.08514251215409104,0.08163265306122448,3.0476190476190474,336,1.5B,8192
agent,maxsketch,64,0.005,0.7063198104027633,1.8480126464319824,0.0078125,0.023809523809523808,0.08514251215409104,0.07208188153310105,1.5609756097560976,336,1.5B,8192
agent,maxsketch,64,0.01,0.7063198104027633,1.8480126464319824,0.0078125,0.023809523809523808,0.08514251215409104,0.057092044134727064,0.7804878048780488,336,1.5B,8192
agent,maxsketch,64,0.02,0.6292492909459326,1.5296279681983997,0.0234375,0.044642857142857144,0.14447885304768396,0.0943125725900116,1.170731707317073,336,1.5B,8192
agent,maxsketch,64,0.05,0.5627091341800814,1.3227661443194874,0.046875,0.06547619047619048,0.22533539591960872,0.13071283391405344,0.9365853658536585,336,1.5B,8192
agent,maxsketch,64,0.1,0.43162090181424856,1.1911667071248089,0.1015625,0.13988095238095238,0.37124076745845835,0.2033391405342625,1.0146341463414634,336,1.5B,8192
agent,maxsketch,64,0.15,0.35186548840991616,1.1685333937206166,0.1484375,0.18154761904761904,0.4611901413302948,0.24797793405401217,0.9894222945484134,336,1.5B,8192
agent,maxsketch,128,0.0025,0.6806552021438588,1.4858191128793778,0.015625,0.03571428571428571,0.12321563563381355,0.11437074829931973,6.095238095238095,336,1.5B,8192
agent,maxsketch,128,0.005,0.6806552021438588,1.4858191128793778,0.015625,0.03571428571428571,0.12321563563381355,0.1052555168408827,3.1219512195121952,336,1.5B,8192
agent,maxsketch,128,0.01,0.6806552021438588,1.4858191128793778,0.015625,0.03571428571428571,0.12321563563381355,0.09041085946573751,1.5609756097560976,336,1.5B,8192
agent,maxsketch,128,0.02,0.6806552021438588,1.4858191128793778,0.015625,0.03571428571428571,0.12321563563381355,0.07484030197444833,0.7804878048780488,336,1.5B,8192
agent,maxsketch,128,0.05,0.565039760393301,1.3486678034417876,0.046875,0.06845238095238096,0.22295939194163156,0.13604819976771196,0.9365853658536585,336,1.5B,8192
agent,maxsketch,128,0.1,0.4366338330437113,1.2249895230376142,0.09375,0.125,0.3569645202621111,0.19466100464576075,0.9365853658536585,336,1.5B,8192
agent,maxsketch,128,0.15,0.33830063928148535,1.1069357052199993,0.15625,0.19345238095238096,0.4610307480279183,0.2614131698244798,1.0414971521562246,336,1.5B,8192
agent,maxsketch,256,0.0025,0.6172414720396753,1.530974559089843,0.03125,0.03571428571428571,0.16235169976332,0.16737528344671201,12.19047619047619,336,1.5B,8192
agent,maxsketch,256,0.005,0.6172414720396753,1.530974559089843,0.03125,0.03571428571428571,0.16235169976332,0.1607868757259001,6.2439024390243905,336,1.5B,8192
agent,maxsketch,256,0.01,0.6172414720396753,1.530974559089843,0.03125,0.03571428571428571,0.16235169976332,0.14590592334494773,3.1219512195121952,336,1.5B,8192
agent,maxsketch,256,0.02,0.6172414720396753,1.530974559089843,0.03125,0.03571428571428571,0.16235169976332,0.12688734030197443,1.5609756097560976,336,1.5B,8192
agent,maxsketch,256,0.05,0.5513581869441846,1.3738321914871574,0.0625,0.0744047619047619,0.24248813422233098,0.1645034843205575,1.248780487804878,336,1.5B,8192
agent,maxsketch,256,0.1,0.4604446027739634,1.3066369988326167,0.09375,0.125,0.32943570181089277,0.1915251161440186,0.9365853658536585,336,1.5B,8192
agent,maxsketch,256,0.15,0.37314354685118756,1.1920901506860015,0.15625,0.19940476190476192,0.4316034598396931,0.25890919834166376,1.0414971521562246,336,1.5B,8192
agent,recent_sink_routed,16,0.0025,0.3721307200510334,1.0278567336216673,0.009765625,0.21428571428571427,0.5572822217922092,0.4931972789115647,3.8095238095238093,336,1.5B,8192
agent,recent_sink_routed,16,0.005,0.3721307200510334,1.0278567336216673,0.009765625,0.21428571428571427,0.5572822217922092,0.4185540069686411,1.951219512195122,336,1.5B,8192
agent,recent_sink_routed,16,0.01,0.3721307200510334,1.0278567336216673,0.009765625,0.21428571428571427,0.5572822217922092,0.32161004645760743,0.975609756097561,336,1.5B,8192
agent,recent_sink_routed,16,0.02,0.1337037683574639,0.6124697825103056,0.01953125,0.44047619047619047,0.7136692667190128,0.4318742740998839,0.975609756097561,336,1.5B,8192
agent,recent_sink_routed,16,0.05,0.0744814242788928,0.32615948663564787,0.05078125,0.5744047619047619,0.8078516415784017,0.49731416957026714,1.0146341463414634,336,1.5B,8192
agent,recent_sink_routed,16,0.1,0.04470463150627671,0.21478378059036685,0.099609375,0.6934523809523809,0.8632494579541956,0.5422836817653891,0.9951219512195122,336,1.5B,8192
agent,recent_sink_routed,16,0.15,0.030284213342008374,0.157804244911196,0.150390625,0.7916666666666666,0.8973380489501415,0.5864233406951064,1.0024410089503661,336,1.5B,8192
agent,recent_sink_routed,32,0.0025,0.3386294645957828,1.0063633915661934,0.01171875,0.21428571428571427,0.5864369154744092,0.5270691609977325,4.571428571428571,336,1.5B,8192
agent,recent_sink_routed,32,0.005,0.3386294645957828,1.0063633915661934,0.01171875,0.21428571428571427,0.5864369154744092,0.446355981416957,2.341463414634146,336,1.5B,8192
agent,recent_sink_routed,32,0.01,0.3386294645957828,1.0063633915661934,0.01171875,0.21428571428571427,0.5864369154744092,0.3448751451800232,1.170731707317073,336,1.5B,8192
agent,recent_sink_routed,32,0.02,0.13767707348996286,0.6472172751223519,0.01953125,0.4255952380952381,0.7020188294642531,0.39028019744483156,0.975609756097561,336,1.5B,8192
agent,recent_sink_routed,32,0.05,0.07981450735115957,0.36463584501465013,0.05078125,0.5595238095238095,0.7958663389821274,0.460619918699187,1.0146341463414634,336,1.5B,8192
agent,recent_sink_routed,32,0.1,0.049615010862249835,0.23166291345737072,0.1015625,0.6696428571428571,0.8510712680836809,0.5107941347270616,1.0146341463414634,336,1.5B,8192
agent,recent_sink_routed,32,0.15,0.03783543717665609,0.17732824612751302,0.1484375,0.7470238095238095,0.8801883617620112,0.543247994885505,0.9894222945484134,336,1.5B,8192
agent,recent_sink_routed,64,0.0025,0.33118848190199013,0.9900881372920641,0.015625,0.21726190476190477,0.5934875415272695,0.5419501133786848,6.095238095238095,336,1.5B,8192
agent,recent_sink_routed,64,0.005,0.33118848190199013,0.9900881372920641,0.015625,0.21726190476190477,0.5934875415272695,0.4637775842044135,3.1219512195121952,336,1.5B,8192
agent,recent_sink_routed,64,0.01,0.33118848190199013,0.9900881372920641,0.015625,0.21726190476190477,0.5934875415272695,0.3632404181184669,1.5609756097560976,336,1.5B,8192
agent,recent_sink_routed,64,0.02,0.1443040420686409,0.7216246565816172,0.0234375,0.37202380952380953,0.6882564643498496,0.38151495354239257,1.170731707317073,336,1.5B,8192
agent,recent_sink_routed,64,0.05,0.09368274960748361,0.4316946570069548,0.046875,0.5267857142857143,0.7725190280053572,0.40199622531939605,0.9365853658536585,336,1.5B,8192
agent,recent_sink_routed,64,0.1,0.05609549309392124,0.27059064961862744,0.1015625,0.6071428571428571,0.8334067702136136,0.4705828977932637,1.0146341463414634,336,1.5B,8192
agent,recent_sink_routed,64,0.15,0.044624881333944724,0.22106092146672163,0.1484375,0.6904761904761905,0.862121907455396,0.5005908791506839,0.9894222945484134,336,1.5B,8192
agent,recent_sink_routed,128,0.0025,0.13761495149503356,0.6358600406582167,0.03125,0.40476190476190477,0.7004584924172299,0.705640589569161,12.19047619047619,336,1.5B,8192
agent,recent_sink_routed,128,0.005,0.13761495149503356,0.6358600406582167,0.03125,0.40476190476190477,0.7004584924172299,0.6329849012775842,6.2439024390243905,336,1.5B,8192
agent,recent_sink_routed,128,0.01,0.13761495149503356,0.6358600406582167,0.03125,0.40476190476190477,0.7004584924172299,0.53034262485482,3.1219512195121952,336,1.5B,8192
agent,recent_sink_routed,128,0.02,0.13761495149503356,0.6358600406582167,0.03125,0.40476190476190477,0.7004584924172299,0.4061229674796748,1.5609756097560976,336,1.5B,8192
agent,recent_sink_routed,128,0.05,0.09899311139530212,0.4567032419266296,0.046875,0.5059523809523809,0.7648506034124054,0.37293118466898956,0.9365853658536585,336,1.5B,8192
agent,recent_sink_routed,128,0.1,0.06467515923697775,0.28803089644467306,0.09375,0.5892857142857143,0.8225327066813785,0.42592189314750295,0.9365853658536585,336,1.5B,8192
agent,recent_sink_routed,128,0.15,0.04853200202491506,0.22953126078754554,0.15625,0.6815476190476191,0.8609019552244901,0.49398465651516915,1.0414971521562246,336,1.5B,8192
agent,recent_sink_routed,256,0.0025,0.09792954797294876,0.4333049413726286,0.0625,0.5089285714285714,0.7728962446332517,0.8212868480725624,24.38095238095238,336,1.5B,8192
agent,recent_sink_routed,256,0.005,0.09792954797294876,0.4333049413726286,0.0625,0.5089285714285714,0.7728962446332517,0.7589285714285714,12.487804878048781,336,1.5B,8192
agent,recent_sink_routed,256,0.01,0.09792954797294876,0.4333049413726286,0.0625,0.5089285714285714,0.7728962446332517,0.6688080720092915,6.2439024390243905,336,1.5B,8192
agent,recent_sink_routed,256,0.02,0.09792954797294876,0.4333049413726286,0.0625,0.5089285714285714,0.7728962446332517,0.5532447735191637,3.1219512195121952,336,1.5B,8192
agent,recent_sink_routed,256,0.05,0.09792954797294876,0.4333049413726286,0.0625,0.5089285714285714,0.7728962446332517,0.3903963414634147,1.248780487804878,336,1.5B,8192
agent,recent_sink_routed,256,0.1,0.0728541606065938,0.32054030297974845,0.09375,0.5744047619047619,0.8130702379904475,0.38929297328687573,0.9365853658536585,336,1.5B,8192
agent,recent_sink_routed,256,0.15,0.054060702443517857,0.23354108577567864,0.15625,0.6547619047619048,0.8531558946377172,0.4631669185167965,1.0414971521562246,336,1.5B,8192
agent,token_oracle,0,0.0025,0.19897835554639626,0.5772595763094261,0.0025634765625,0.3005952380952381,0.6827920998049721,1.0,1.0,336,1.5B,8192
agent,token_oracle,0,0.005,0.13258983292215432,0.4422419264024894,0.0050048828125,0.41964285714285715,0.7512981650050282,1.0,1.0,336,1.5B,8192
agent,token_oracle,0,0.01,0.09003726878071136,0.3365851839442204,0.010009765625,0.5386904761904762,0.8159166036332605,1.0,1.0,336,1.5B,8192
agent,token_oracle,0,0.02,0.060330034113326644,0.2546625317091351,0.02001953125,0.6279761904761905,0.8689416332066793,1.0,1.0,336,1.5B,8192
agent,token_oracle,0,0.05,0.02841250679360712,0.17000881076117166,0.050048828125,0.7886904761904762,0.9249954640990294,1.0,1.0,336,1.5B,8192
agent,token_oracle,0,0.1,0.014425555524135322,0.10254328043513224,0.10009765625,0.8928571428571429,0.9571677905550886,1.0,1.0,336,1.5B,8192
agent,token_oracle,0,0.15,0.008806651422437944,0.07224734709346045,0.1500244140625,0.9494047619047619,0.9715774264043157,1.0,1.0,336,1.5B,8192
lenshift,block_oracle,16,0.0025,0.7339699170133398,1.259954815527991,0.003205128205128205,0.0625,0.5935003202545521,0.43704212454212454,1.2307692307692308,336,1.5B,8192
lenshift,block_oracle,16,0.005,0.20925890119092616,0.6865605280452195,0.00641025641025641,0.2976190476190476,0.7888289891779783,0.5936904761904762,1.28,336,1.5B,8192
lenshift,block_oracle,16,0.01,0.10512014180094854,0.6223491095129965,0.009615384615384616,0.4791666666666667,0.8414343324777571,0.47982142857142857,0.96,336,1.5B,8192
lenshift,block_oracle,16,0.02,0.05368612158093715,0.4875547716609505,0.019230769230769232,0.6279761904761905,0.8871147949647329,0.47907738095238095,0.96,336,1.5B,8192
lenshift,block_oracle,16,0.05,0.034654156360661895,0.33094044661860844,0.05128205128205128,0.6785714285714286,0.9175575956015071,0.4530833333333333,1.024,336,1.5B,8192
lenshift,block_oracle,16,0.1,0.023330773544099022,0.2273825563430538,0.09935897435897434,0.7351190476190477,0.9360377042018826,0.4478511904761905,0.992,336,1.5B,8192
lenshift,block_oracle,16,0.15,0.017761282641230013,0.17504480471524975,0.15064102564102563,0.7797619047619048,0.9483984124568747,0.47758916650772454,1.0040053404539386,336,1.5B,8192
lenshift,block_oracle,32,0.0025,0.615296971850115,1.1831363785163937,0.00641025641025641,0.0744047619047619,0.6415369939426879,0.5453296703296703,2.4615384615384617,336,1.5B,8192
lenshift,block_oracle,32,0.005,0.615296971850115,1.1831363785163937,0.00641025641025641,0.0744047619047619,0.6415369939426879,0.4546428571428571,1.28,336,1.5B,8192
lenshift,block_oracle,32,0.01,0.08777707111099178,0.6425943928020353,0.01282051282051282,0.5565476190476191,0.8540569816891338,0.5570238095238095,1.28,336,1.5B,8192
lenshift,block_oracle,32,0.02,0.05919868132648849,0.5210755770131991,0.019230769230769232,0.6220238095238095,0.8807845336616054,0.4494940476190476,0.96,336,1.5B,8192
lenshift,block_oracle,32,0.05,0.03501890923485972,0.36688023431967354,0.05128205128205128,0.6696428571428571,0.912837986276775,0.4293214285714286,1.024,336,1.5B,8192
lenshift,block_oracle,32,0.1,0.02413502966540043,0.26351252201881425,0.10256410256410256,0.7202380952380952,0.9317804486184207,0.4305059523809524,1.024,336,1.5B,8192
lenshift,block_oracle,32,0.15,0.019469834304041797,0.21290316670647913,0.14743589743589744,0.7589285714285714,0.9419998713312662,0.4458206179668129,0.9826435246995994,336,1.5B,8192
lenshift,block_oracle,64,0.0025,0.5809992319976236,1.134725863998985,0.01282051282051282,0.09821428571428571,0.6569576853774836,0.5734890109890111,4.923076923076923,336,1.5B,8192
lenshift,block_oracle,64,0.005,0.5809992319976236,1.134725863998985,0.01282051282051282,0.09821428571428571,0.6569576853774836,0.5127380952380952,2.56,336,1.5B,8192
lenshift,block_oracle,64,0.01,0.5809992319976236,1.134725863998985,0.01282051282051282,0.09821428571428571,0.6569576853774836,0.39142857142857146,1.28,336,1.5B,8192
lenshift,block_oracle,64,0.02,0.05525569756430873,0.5569125603280657,0.02564102564102564,0.625,0.8808232704308667,0.4836309523809524,1.28,336,1.5B,8192
lenshift,block_oracle,64,0.05,0.03814131595840051,0.39933832429589505,0.05128205128205128,0.6607142857142857,0.9084606218094667,0.4076666666666667,1.024,336,1.5B,8192
lenshift,block_oracle,64,0.1,0.02523952328613278,0.2884786676483049,0.10256410256410256,0.7083333333333334,0.928211182637215,0.41010119047619054,1.024,336,1.5B,8192
lenshift,block_oracle,64,0.15,0.02027536681098039,0.23333868677946606,0.15384615384615385,0.7470238095238095,0.9392936802224483,0.43649071778244003,1.0253671562082778,336,1.5B,8192
lenshift,block_oracle,128,0.0025,0.5453705585243149,1.0977674585013684,0.02564102564102564,0.10119047619047619,0.6691731777348405,0.5860805860805861,9.846153846153847,336,1.5B,8192
lenshift,block_oracle,128,0.005,0.5453705585243149,1.0977674585013684,0.02564102564102564,0.10119047619047619,0.6691731777348405,0.5414285714285715,5.12,336,1.5B,8192
lenshift,block_oracle,128,0.01,0.5453705585243149,1.0977674585013684,0.02564102564102564,0.10119047619047619,0.6691731777348405,0.44696428571428576,2.56,336,1.5B,8192
lenshift,block_oracle,128,0.02,0.5453705585243149,1.0977674585013684,0.02564102564102564,0.10119047619047619,0.6691731777348405,0.33999999999999997,1.28,336,1.5B,8192
lenshift,block_oracle,128,0.05,0.04437004413246623,0.4449955084617853,0.05128205128205128,0.6488095238095238,0.9004693721777373,0.37166666666666665,1.024,336,1.5B,8192
lenshift,block_oracle,128,0.1,0.028041228097440047,0.3222250753022782,0.10256410256410256,0.6934523809523809,0.9233481588003907,0.38375,1.024,336,1.5B,8192
lenshift,block_oracle,128,0.15,0.021277219545476407,0.24993073544646716,0.15384615384615385,0.7291666666666666,0.9357448049976611,0.41376994723122895,1.0253671562082778,336,1.5B,8192
lenshift,block_oracle,256,0.0025,0.49923175991491797,1.0966904678666975,0.037698412698412696,0.10416666666666667,0.6753689773648818,0.5826465201465202,14.476190476190476,336,1.5B,8192
lenshift,block_oracle,256,0.005,0.49923175991491797,1.0966904678666975,0.037698412698412696,0.10416666666666667,0.6753689773648818,0.5442857142857143,7.527619047619048,336,1.5B,8192
lenshift,block_oracle,256,0.01,0.49923175991491797,1.0966904678666975,0.037698412698412696,0.10416666666666667,0.6753689773648818,0.46059523809523806,3.763809523809524,336,1.5B,8192
lenshift,block_oracle,256,0.02,0.49923175991491797,1.0966904678666975,0.037698412698412696,0.10416666666666667,0.6753689773648818,0.3662797619047619,1.881904761904762,336,1.5B,8192
lenshift,block_oracle,256,0.05,0.49923175991491797,1.0966904678666975,0.037698412698412696,0.10416666666666667,0.6753689773648818,0.23545238095238094,0.7527619047619047,336,1.5B,8192
lenshift,block_oracle,256,0.1,0.039367059829591086,0.4040505223646756,0.07730463980463981,0.6636904761904762,0.9113976787372637,0.30030357142857145,0.771809523809524,336,1.5B,8192
lenshift,block_oracle,256,0.15,0.02804860180079924,0.3107781765032527,0.1285103785103785,0.6994047619047619,0.926967438837689,0.34261157734121683,0.8565070888168351,336,1.5B,8192
lenshift,centroid,16,0.0025,0.8368675359092688,3.084839479570225,0.003205128205128205,0.050595238095238096,0.4308736574524322,0.6282051282051283,1.2307692307692308,336,1.5B,8192
lenshift,centroid,16,0.005,0.485565754002216,1.5868577099363543,0.00641025641025641,0.15773809523809523,0.595724500305424,0.6260714285714286,1.28,336,1.5B,8192
lenshift,centroid,16,0.01,0.3188014414954663,1.2643424738176745,0.009615384615384616,0.23511904761904762,0.679465747741321,0.5450595238095238,0.96,336,1.5B,8192
lenshift,centroid,16,0.02,0.14987513479994802,0.7772252598707756,0.019230769230769232,0.4226190476190476,0.8076623444722041,0.49809523809523815,0.96,336,1.5B,8192
lenshift,centroid,16,0.05,0.06338931670297597,0.4953678698256787,0.05128205128205128,0.5714285714285714,0.8754996456330554,0.46003571428571427,1.024,336,1.5B,8192
lenshift,centroid,16,0.1,0.03504747322943385,0.3288926795596122,0.09935897435897434,0.6607142857142857,0.9110801008242078,0.46095833333333336,0.992,336,1.5B,8192
lenshift,centroid,16,0.15,0.026247143214083002,0.24007872659771012,0.15064102564102563,0.7232142857142857,0.9290215880552268,0.49531915569966306,1.0040053404539386,336,1.5B,8192
lenshift,centroid,32,0.0025,0.8135460202246865,1.9433612151430333,0.00641025641025641,0.0625,0.5040596330498007,0.6176739926739927,2.4615384615384617,336,1.5B,8192
lenshift,centroid,32,0.005,0.8135460202246865,1.9433612151430333,0.00641025641025641,0.0625,0.5040596330498007,0.516904761904762,1.28,336,1.5B,8192
lenshift,centroid,32,0.01,0.17919864578100608,1.0611868848644166,0.01282051282051282,0.40476190476190477,0.7576847220223095,0.5567857142857143,1.28,336,1.5B,8192
lenshift,centroid,32,0.02,0.08371828245436733,0.8473820023082204,0.019230769230769232,0.5297619047619048,0.8202563627663298,0.45764880952380954,0.96,336,1.5B,8192
lenshift,centroid,32,0.05,0.04218953643530356,0.4884617948874736,0.05128205128205128,0.6339285714285714,0.8911826593160208,0.43511904761904757,1.024,336,1.5B,8192
lenshift,centroid,32,0.1,0.029761984585660598,0.3338338730162995,0.10256410256410256,0.6875,0.9147581325617121,0.4392202380952381,1.024,336,1.5B,8192
lenshift,centroid,32,0.15,0.02436495152504167,0.27289127766768007,0.14743589743589744,0.7172619047619048,0.9251282542889792,0.4579876343060589,0.9826435246995994,336,1.5B,8192
lenshift,centroid,64,0.0025,0.7835482313389475,1.3414686492505996,0.01282051282051282,0.08630952380952381,0.5149416276787486,0.5281593406593407,4.923076923076923,336,1.5B,8192
lenshift,centroid,64,0.005,0.7835482313389475,1.3414686492505996,0.01282051282051282,0.08630952380952381,0.5149416276787486,0.5076190476190476,2.56,336,1.5B,8192
lenshift,centroid,64,0.01,0.7835482313389475,1.3414686492505996,0.01282051282051282,0.08630952380952381,0.5149416276787486,0.42488095238095236,1.28,336,1.5B,8192
lenshift,centroid,64,0.02,0.13143864260163357,0.9118007187214867,0.02564102564102564,0.47023809523809523,0.7809191653768573,0.48374999999999996,1.28,336,1.5B,8192
lenshift,centroid,64,0.05,0.056540873213021384,0.5526052287538006,0.05128205128205128,0.5922619047619048,0.8747713250396784,0.4133690476190476,1.024,336,1.5B,8192
lenshift,centroid,64,0.1,0.03229595646583065,0.36322827199912544,0.10256410256410256,0.6815476190476191,0.9121027296931552,0.41769047619047617,1.024,336,1.5B,8192
lenshift,centroid,64,0.15,0.025398043928862236,0.2892170531965956,0.15384615384615385,0.7083333333333334,0.9246814554600823,0.44569743785364613,1.0253671562082778,336,1.5B,8192
lenshift,centroid,128,0.0025,0.7536921850761318,1.3285960175697666,0.02564102564102564,0.07738095238095238,0.5067442808049135,0.47641941391941395,9.846153846153847,336,1.5B,8192
lenshift,centroid,128,0.005,0.7536921850761318,1.3285960175697666,0.02564102564102564,0.07738095238095238,0.5067442808049135,0.5042857142857142,5.12,336,1.5B,8192
lenshift,centroid,128,0.01,0.7536921850761318,1.3285960175697666,0.02564102564102564,0.07738095238095238,0.5067442808049135,0.4917857142857143,2.56,336,1.5B,8192
lenshift,centroid,128,0.02,0.7536921850761318,1.3285960175697666,0.02564102564102564,0.07738095238095238,0.5067442808049135,0.40151785714285715,1.28,336,1.5B,8192
lenshift,centroid,128,0.05,0.09790094204558963,0.8062650622523073,0.05128205128205128,0.5,0.8140379133227634,0.38445238095238093,1.024,336,1.5B,8192
lenshift,centroid,128,0.1,0.04952578212703883,0.46776839030620176,0.10256410256410256,0.6130952380952381,0.881503066520681,0.39379761904761906,1.024,336,1.5B,8192
lenshift,centroid,128,0.15,0.036417247764514216,0.35796965899809485,0.15384615384615385,0.6636904761904762,0.906411481690559,0.42433959565134466,1.0253671562082778,336,1.5B,8192
lenshift,centroid,256,0.0025,0.6409999329925863,1.8523888065402936,0.037164224664224664,0.10119047619047619,0.5447909694504511,0.644459706959707,14.271062271062274,336,1.5B,8192
lenshift,centroid,256,0.005,0.6409999329925863,1.8523888065402936,0.037164224664224664,0.10119047619047619,0.5447909694504511,0.6057142857142858,7.420952380952381,336,1.5B,8192
lenshift,centroid,256,0.01,0.6409999329925863,1.8523888065402936,0.037164224664224664,0.10119047619047619,0.5447909694504511,0.5099404761904762,3.7104761904761907,336,1.5B,8192
lenshift,centroid,256,0.02,0.6409999329925863,1.8523888065402936,0.037164224664224664,0.10119047619047619,0.5447909694504511,0.4051488095238095,1.8552380952380954,336,1.5B,8192
lenshift,centroid,256,0.05,0.6409999329925863,1.8523888065402936,0.037164224664224664,0.10119047619047619,0.5447909694504511,0.26144047619047617,0.742095238095238,336,1.5B,8192
lenshift,centroid,256,0.1,0.11394191786535626,0.8870084610310596,0.07982295482295483,0.4732142857142857,0.801393284247623,0.31626785714285716,0.796952380952381,336,1.5B,8192
lenshift,centroid,256,0.15,0.061594319717445986,0.5867852314178046,0.12988400488400487,0.5654761904761905,0.8527231300244829,0.3576792866679382,0.865662152711552,336,1.5B,8192
lenshift,centroid_ub,16,0.0025,1.0704324344797838,3.3453795541812372,0.003205128205128205,0.047619047619047616,0.339495912118846,0.4500915750915751,1.2307692307692308,336,1.5B,8192
lenshift,centroid_ub,16,0.005,0.6368027828516316,2.3753816499041425,0.00641025641025641,0.09523809523809523,0.53615381562288,0.564404761904762,1.28,336,1.5B,8192
lenshift,centroid_ub,16,0.01,0.34521420692164295,1.9203425785796164,0.009615384615384616,0.2767857142857143,0.6513593659329183,0.44589285714285715,0.96,336,1.5B,8192
lenshift,centroid_ub,16,0.02,0.08524929283845085,0.8649500842044402,0.019230769230769232,0.5386904761904762,0.8071106984268679,0.415327380952381,0.96,336,1.5B,8192
lenshift,centroid_ub,16,0.05,0.05139891473404975,0.46779831776429087,0.05128205128205128,0.625,0.8775548224272851,0.3635833333333333,1.024,336,1.5B,8192
lenshift,centroid_ub,16,0.1,0.03518050912371107,0.3402858742774205,0.09935897435897434,0.6666666666666666,0.9037604401153252,0.37041666666666667,0.992,336,1.5B,8192
lenshift,centroid_ub,16,0.15,0.028467494044995354,0.2552991187355741,0.15064102564102563,0.7232142857142857,0.9274158489976888,0.4063513255769598,1.0040053404539386,336,1.5B,8192
lenshift,centroid_ub,32,0.0025,0.8315132589897583,2.9321834384757204,0.00641025641025641,0.05357142857142857,0.4662585294658673,0.6405677655677655,2.4615384615384617,336,1.5B,8192
lenshift,centroid_ub,32,0.005,0.8315132589897583,2.9321834384757204,0.00641025641025641,0.05357142857142857,0.4662585294658673,0.5135714285714286,1.28,336,1.5B,8192
lenshift,centroid_ub,32,0.01,0.23578601389390963,1.264658669583761,0.01282051282051282,0.33630952380952384,0.7223612952366085,0.5085119047619048,1.28,336,1.5B,8192
lenshift,centroid_ub,32,0.02,0.10950732454537236,0.9325836401064749,0.019230769230769232,0.49107142857142855,0.802052968911423,0.4072321428571429,0.96,336,1.5B,8192
lenshift,centroid_ub,32,0.05,0.058096025496214676,0.5535281521931437,0.05128205128205128,0.5922619047619048,0.8627398889010601,0.3634642857142857,1.024,336,1.5B,8192
lenshift,centroid_ub,32,0.1,0.04448417576341432,0.3837650752365138,0.10256410256410256,0.6369047619047619,0.891581866791017,0.36862500000000004,1.024,336,1.5B,8192
lenshift,centroid_ub,32,0.15,0.03565807537203455,0.3365289756922825,0.14743589743589744,0.6815476190476191,0.9038297915774368,0.3882438489414457,0.9826435246995994,336,1.5B,8192
lenshift,centroid_ub,64,0.0025,0.7679256532629308,2.4163755380924616,0.01282051282051282,0.08630952380952381,0.49314170226576126,0.652014652014652,4.923076923076923,336,1.5B,8192
lenshift,centroid_ub,64,0.005,0.7679256532629308,2.4163755380924616,0.01282051282051282,0.08630952380952381,0.49314170226576126,0.5494047619047618,2.56,336,1.5B,8192
lenshift,centroid_ub,64,0.01,0.7679256532629308,2.4163755380924616,0.01282051282051282,0.08630952380952381,0.49314170226576126,0.38589285714285715,1.28,336,1.5B,8192
lenshift,centroid_ub,64,0.02,0.11333757604830876,0.9529331223737083,0.02564102564102564,0.4851190476190476,0.796556001554323,0.4441666666666667,1.28,336,1.5B,8192
lenshift,centroid_ub,64,0.05,0.06978346260318738,0.6613713778601714,0.05128205128205128,0.5625,0.8483706133797636,0.35909523809523813,1.024,336,1.5B,8192
lenshift,centroid_ub,64,0.1,0.046160334088206564,0.4374802132802525,0.10256410256410256,0.6220238095238095,0.8855366672543384,0.36432738095238093,1.024,336,1.5B,8192
lenshift,centroid_ub,64,0.15,0.034941526024685095,0.3469258199205992,0.15384615384615385,0.6666666666666666,0.901586083862332,0.3915975268612118,1.0253671562082778,336,1.5B,8192
lenshift,centroid_ub,128,0.0025,0.7153038405139593,2.481469928917657,0.02564102564102564,0.09523809523809523,0.5031094686867613,0.5776098901098902,9.846153846153847,336,1.5B,8192
lenshift,centroid_ub,128,0.005,0.7153038405139593,2.481469928917657,0.02564102564102564,0.09523809523809523,0.5031094686867613,0.5402380952380953,5.12,336,1.5B,8192
lenshift,centroid_ub,128,0.01,0.7153038405139593,2.481469928917657,0.02564102564102564,0.09523809523809523,0.5031094686867613,0.4511309523809524,2.56,336,1.5B,8192
lenshift,centroid_ub,128,0.02,0.7153038405139593,2.481469928917657,0.02564102564102564,0.09523809523809523,0.5031094686867613,0.34625,1.28,336,1.5B,8192
lenshift,centroid_ub,128,0.05,0.07386005533093404,0.7727348199627222,0.05128205128205128,0.5505952380952381,0.8356606424208968,0.3593571428571429,1.024,336,1.5B,8192
lenshift,centroid_ub,128,0.1,0.0510815100252962,0.4547037808391128,0.10256410256410256,0.6190476190476191,0.8786411990235015,0.3614404761904762,1.024,336,1.5B,8192
lenshift,centroid_ub,128,0.15,0.03674795445318745,0.3575178506630531,0.15384615384615385,0.6696428571428571,0.9022509767545467,0.3883988174709136,1.0253671562082778,336,1.5B,8192
lenshift,centroid_ub,256,0.0025,0.7362058336078205,2.5135980822973014,0.04036935286935287,0.08035714285714286,0.4757716948317628,0.5105311355311356,15.501831501831502,336,1.5B,8192
lenshift,centroid_ub,256,0.005,0.7362058336078205,2.5135980822973014,0.04036935286935287,0.08035714285714286,0.4757716948317628,0.4998809523809524,8.060952380952381,336,1.5B,8192
lenshift,centroid_ub,256,0.01,0.7362058336078205,2.5135980822973014,0.04036935286935287,0.08035714285714286,0.4757716948317628,0.4529761904761904,4.0304761904761905,336,1.5B,8192
lenshift,centroid_ub,256,0.02,0.7362058336078205,2.5135980822973014,0.04036935286935287,0.08035714285714286,0.4757716948317628,0.3728869047619048,2.0152380952380953,336,1.5B,8192
lenshift,centroid_ub,256,0.05,0.7362058336078205,2.5135980822973014,0.04036935286935287,0.08035714285714286,0.4757716948317628,0.24639285714285714,0.8060952380952381,336,1.5B,8192
lenshift,centroid_ub,256,0.1,0.07937650373564491,0.9973870340498148,0.08020451770451771,0.5238095238095238,0.8182234220361002,0.2978571428571429,0.8007619047619047,336,1.5B,8192
lenshift,centroid_ub,256,0.15,0.05860835241425953,0.7985961487045161,0.13095238095238096,0.5654761904761905,0.8472798449458998,0.33518103503083474,0.8727827579629983,336,1.5B,8192
lenshift,interval_cover,16,0.02,0.02044974334950289,0.18059990750121838,0.12853899572649571,0.7708333333333334,0.9472606444254845,1.0,6.416666666666667,336,1.5B,8192
lenshift,interval_cover,16,0.05,0.007315215447712083,0.0802850725918483,0.34083104395604397,0.9315476190476191,0.9739649701684563,1.0,6.805714285714285,336,1.5B,8192
lenshift,interval_cover,32,0.02,0.01726503251285247,0.15995131005173369,0.19045711233211232,0.8125,0.9549989251415356,1.0,9.507619047619048,336,1.5B,8192
lenshift,interval_cover,32,0.05,0.005320044498880876,0.06049305586629117,0.4760950854700855,0.9672619047619048,0.9812819350331116,1.0,9.506666666666668,336,1.5B,8192
lenshift,interval_cover,64,0.02,0.013978980678416918,0.13426321753484904,0.2721306471306471,0.8422619047619048,0.96322304991292,1.0,13.584761904761907,336,1.5B,8192
lenshift,interval_cover,64,0.05,0.0030926936906077876,0.037199249280753605,0.6125610500610501,0.9880952380952381,0.9879107548144465,1.0,12.231619047619047,336,1.5B,8192
lenshift,interval_cover,128,0.02,0.010065040208840501,0.1019916553272189,0.3791971916971917,0.8928571428571429,0.972148608908695,1.0,18.929523809523808,336,1.5B,8192
lenshift,interval_cover,128,0.05,0.0014778163010842498,0.022513507662793475,0.7355006105006106,0.9940476190476191,0.9927153404954339,1.0,14.68647619047619,336,1.5B,8192
lenshift,interval_cover,256,0.02,0.00586753058099461,0.07490436004155215,0.5013736263736264,0.9375,0.9795184340343688,1.0,25.02857142857143,336,1.5B,8192
lenshift,interval_cover,256,0.05,0.0002509543527594538,0.013993928481305238,0.8311965811965811,0.9970238095238095,0.9954427209500951,1.0,16.59733333333333,336,1.5B,8192
lenshift,maxsketch,16,0.0025,1.410944550238706,3.696855186024,0.003205128205128205,0.026785714285714284,0.137845712005763,0.1401098901098901,1.2307692307692308,336,1.5B,8192
lenshift,maxsketch,16,0.005,1.2423160062498375,3.530993989080847,0.00641025641025641,0.041666666666666664,0.20210086172378425,0.17916666666666667,1.28,336,1.5B,8192
lenshift,maxsketch,16,0.01,1.1408126332949733,3.419247834014266,0.009615384615384616,0.09226190476190477,0.2649280747686228,0.1700595238095238,0.96,336,1.5B,8192
lenshift,maxsketch,16,0.02,1.0354613600853195,3.0643728798896026,0.019230769230769232,0.14285714285714285,0.33506561456630124,0.16601190476190478,0.96,336,1.5B,8192
lenshift,maxsketch,16,0.05,0.6795924747148654,2.9448551655415853,0.05128205128205128,0.2261904761904762,0.46424492043462223,0.17522619047619048,1.024,336,1.5B,8192
lenshift,maxsketch,16,0.1,0.44691465652385587,2.453033994388644,0.09935897435897434,0.2916666666666667,0.5548720347778915,0.20363095238095238,0.992,336,1.5B,8192
lenshift,maxsketch,16,0.15,0.28366099789908894,2.0033376598546915,0.15064102564102563,0.3392857142857143,0.6199355714599418,0.24732182592663232,1.0040053404539386,336,1.5B,8192
lenshift,maxsketch,32,0.0025,1.2489746065986564,3.6367684981379007,0.00641025641025641,0.02976190476190476,0.18729046282213052,0.19780219780219782,2.4615384615384617,336,1.5B,8192
lenshift,maxsketch,32,0.005,1.2489746065986564,3.6367684981379007,0.00641025641025641,0.02976190476190476,0.18729046282213052,0.16940476190476192,1.28,336,1.5B,8192
lenshift,maxsketch,32,0.01,1.0827141730160403,3.12339151950365,0.01282051282051282,0.125,0.2710413270162702,0.20386904761904762,1.28,336,1.5B,8192
lenshift,maxsketch,32,0.02,1.021603873245373,3.062489503608216,0.019230769230769232,0.16964285714285715,0.32593030393468414,0.17244047619047617,0.96,336,1.5B,8192
lenshift,maxsketch,32,0.05,0.7177433374913071,2.6096555178385725,0.05128205128205128,0.24702380952380953,0.44979678784099636,0.17472619047619048,1.024,336,1.5B,8192
lenshift,maxsketch,32,0.1,0.46470816251247815,2.2095037703214095,0.10256410256410256,0.30654761904761907,0.5600857811788443,0.20423809523809522,1.024,336,1.5B,8192
lenshift,maxsketch,32,0.15,0.33835149521875985,2.0535935185992,0.14743589743589744,0.34226190476190477,0.6093318402317629,0.23887405429461506,0.9826435246995994,336,1.5B,8192
lenshift,maxsketch,64,0.0025,1.1469200735979772,3.3840149722811743,0.01282051282051282,0.03571428571428571,0.2076460743475002,0.21771978021978025,4.923076923076923,336,1.5B,8192
lenshift,maxsketch,64,0.005,1.1469200735979772,3.3840149722811743,0.01282051282051282,0.03571428571428571,0.2076460743475002,0.1963095238095238,2.56,336,1.5B,8192
lenshift,maxsketch,64,0.01,1.1469200735979772,3.3840149722811743,0.01282051282051282,0.03571428571428571,0.2076460743475002,0.16214285714285714,1.28,336,1.5B,8192
lenshift,maxsketch,64,0.02,0.9933934939078535,3.0130214357469667,0.02564102564102564,0.15476190476190477,0.31779249101043955,0.2032142857142857,1.28,336,1.5B,8192
lenshift,maxsketch,64,0.05,0.7757914026500807,2.860621468910578,0.05128205128205128,0.22916666666666666,0.4166206205064671,0.1810357142857143,1.024,336,1.5B,8192
lenshift,maxsketch,64,0.1,0.5304531195036392,2.4934160488067536,0.10256410256410256,0.2857142857142857,0.5214029782188409,0.2072559523809524,1.024,336,1.5B,8192
lenshift,maxsketch,64,0.15,0.3716912252804753,1.9642612516080842,0.15384615384615385,0.34226190476190477,0.5990844319661063,0.24827150486362767,1.0253671562082778,336,1.5B,8192
lenshift,maxsketch,128,0.0025,1.0762802291677143,3.3166323669843125,0.02564102564102564,0.03571428571428571,0.23304103767124276,0.2426739926739927,9.846153846153847,336,1.5B,8192
lenshift,maxsketch,128,0.005,1.0762802291677143,3.3166323669843125,0.02564102564102564,0.03571428571428571,0.23304103767124276,0.22845238095238096,5.12,336,1.5B,8192
lenshift,maxsketch,128,0.01,1.0762802291677143,3.3166323669843125,0.02564102564102564,0.03571428571428571,0.23304103767124276,0.2044642857142857,2.56,336,1.5B,8192
lenshift,maxsketch,128,0.02,1.0762802291677143,3.3166323669843125,0.02564102564102564,0.03571428571428571,0.23304103767124276,0.16351190476190475,1.28,336,1.5B,8192
lenshift,maxsketch,128,0.05,0.9065673385151043,2.92763996450765,0.05128205128205128,0.1875,0.3561212984926796,0.18352380952380953,1.024,336,1.5B,8192
lenshift,maxsketch,128,0.1,0.6696188985505892,2.773222797448911,0.10256410256410256,0.2648809523809524,0.47207417703636956,0.20992261904761905,1.024,336,1.5B,8192
lenshift,maxsketch,128,0.15,0.4786326714214253,2.5227723944698397,0.15384615384615385,0.30654761904761907,0.5445369182214095,0.24986887278275796,1.0253671562082778,336,1.5B,8192
lenshift,maxsketch,256,0.0025,1.0680368794703035,3.122709589686606,0.04532967032967033,0.03869047619047619,0.24674224968252606,0.24885531135531136,17.40659340659341,336,1.5B,8192
lenshift,maxsketch,256,0.005,1.0680368794703035,3.122709589686606,0.04532967032967033,0.03869047619047619,0.24674224968252606,0.2413095238095238,9.051428571428572,336,1.5B,8192
lenshift,maxsketch,256,0.01,1.0680368794703035,3.122709589686606,0.04532967032967033,0.03869047619047619,0.24674224968252606,0.22607142857142856,4.525714285714286,336,1.5B,8192
lenshift,maxsketch,256,0.02,1.0680368794703035,3.122709589686606,0.04532967032967033,0.03869047619047619,0.24674224968252606,0.18997023809523808,2.262857142857143,336,1.5B,8192
lenshift,maxsketch,256,0.05,1.0680368794703035,3.122709589686606,0.04532967032967033,0.03869047619047619,0.24674224968252606,0.13410714285714287,0.9051428571428571,336,1.5B,8192
lenshift,maxsketch,256,0.1,0.8666731357719777,2.8697895853464743,0.09241452991452992,0.19940476190476192,0.38149429997800055,0.18657738095238094,0.9226666666666667,336,1.5B,8192
lenshift,maxsketch,256,0.15,0.6678820170929083,2.710028434392189,0.14125457875457875,0.25,0.4692427804201569,0.22828453811431115,0.9414457371733741,336,1.5B,8192
lenshift,recent_sink_routed,16,0.0025,0.12316116520433604,0.6960553148452949,0.016025641025641024,0.4583333333333333,0.8165469245348596,0.8294413919413919,6.153846153846153,336,1.5B,8192
lenshift,recent_sink_routed,16,0.005,0.12316116520433604,0.6960553148452949,0.016025641025641024,0.4583333333333333,0.8165469245348596,0.6828571428571428,3.2,336,1.5B,8192
lenshift,recent_sink_routed,16,0.01,0.12316116520433604,0.6960553148452949,0.016025641025641024,0.4583333333333333,0.8165469245348596,0.4720238095238095,1.6,336,1.5B,8192
lenshift,recent_sink_routed,16,0.02,0.07963522536529147,0.5832949283774914,0.019230769230769232,0.5654761904761905,0.8575578124928804,0.3991369047619048,0.96,336,1.5B,8192
lenshift,recent_sink_routed,16,0.05,0.0376437521422774,0.3548485380246826,0.05128205128205128,0.6666666666666666,0.909005845848112,0.44930952380952377,1.024,336,1.5B,8192
lenshift,recent_sink_routed,16,0.1,0.026226031932653264,0.25803174919593774,0.09935897435897434,0.7291666666666666,0.9291787232732638,0.45698809523809525,0.992,336,1.5B,8192
lenshift,recent_sink_routed,16,0.15,0.019785368466710036,0.20153717483468903,0.15064102564102563,0.7708333333333334,0.9420684018360268,0.4931893318074893,1.0040053404539386,336,1.5B,8192
lenshift,recent_sink_routed,32,0.0025,0.08632684942281585,0.6662941789824882,0.019230769230769232,0.5595238095238095,0.8531637354114837,0.8917124542124543,7.384615384615385,336,1.5B,8192
lenshift,recent_sink_routed,32,0.005,0.08632684942281585,0.6662941789824882,0.019230769230769232,0.5595238095238095,0.8531637354114837,0.7804761904761905,3.84,336,1.5B,8192
lenshift,recent_sink_routed,32,0.01,0.08632684942281585,0.6662941789824882,0.019230769230769232,0.5595238095238095,0.8531637354114837,0.5891071428571428,1.92,336,1.5B,8192
lenshift,recent_sink_routed,32,0.02,0.08632684942281585,0.6662941789824882,0.019230769230769232,0.5595238095238095,0.8531637354114837,0.3823809523809524,0.96,336,1.5B,8192
lenshift,recent_sink_routed,32,0.05,0.03850368206016717,0.3815942844482957,0.05128205128205128,0.6636904761904762,0.9066782953409213,0.4270833333333333,1.024,336,1.5B,8192
lenshift,recent_sink_routed,32,0.1,0.02610373865582727,0.2798617437040115,0.10256410256410256,0.7172619047619048,0.9268669646539374,0.43649999999999994,1.024,336,1.5B,8192
lenshift,recent_sink_routed,32,0.15,0.021312713853250155,0.2297754914861071,0.14743589743589744,0.75,0.9369456526234726,0.4561796681289338,0.9826435246995994,336,1.5B,8192
lenshift,recent_sink_routed,64,0.0025,0.05727217681014234,0.5840110316298754,0.02564102564102564,0.6220238095238095,0.8756463411741483,0.933379120879121,9.846153846153847,336,1.5B,8192
lenshift,recent_sink_routed,64,0.005,0.05727217681014234,0.5840110316298754,0.02564102564102564,0.6220238095238095,0.8756463411741483,0.8500000000000001,5.12,336,1.5B,8192
lenshift,recent_sink_routed,64,0.01,0.05727217681014234,0.5840110316298754,0.02564102564102564,0.6220238095238095,0.8756463411741483,0.678452380952381,2.56,336,1.5B,8192
lenshift,recent_sink_routed,64,0.02,0.05727217681014234,0.5840110316298754,0.02564102564102564,0.6220238095238095,0.8756463411741483,0.4712202380952381,1.28,336,1.5B,8192
lenshift,recent_sink_routed,64,0.05,0.040017244275414116,0.41261544831082086,0.05128205128205128,0.6547619047619048,0.9044525429428273,0.4073095238095238,1.024,336,1.5B,8192
lenshift,recent_sink_routed,64,0.1,0.028340798754049868,0.3084042174530536,0.10256410256410256,0.7053571428571429,0.9255930451014814,0.4145416666666667,1.024,336,1.5B,8192
lenshift,recent_sink_routed,64,0.15,0.02107370785728614,0.24500144795552398,0.15384615384615385,0.7380952380952381,0.9367946197082053,0.4436152965859241,1.0253671562082778,336,1.5B,8192
lenshift,recent_sink_routed,128,0.0025,0.044939124222990345,0.46340099339813223,0.05128205128205128,0.6458333333333334,0.8968078103117032,0.9599358974358975,19.692307692307693,336,1.5B,8192
lenshift,recent_sink_routed,128,0.005,0.044939124222990345,0.46340099339813223,0.05128205128205128,0.6458333333333334,0.8968078103117032,0.9005952380952381,10.24,336,1.5B,8192
lenshift,recent_sink_routed,128,0.01,0.044939124222990345,0.46340099339813223,0.05128205128205128,0.6458333333333334,0.8968078103117032,0.7720833333333333,5.12,336,1.5B,8192
lenshift,recent_sink_routed,128,0.02,0.044939124222990345,0.46340099339813223,0.05128205128205128,0.6458333333333334,0.8968078103117032,0.5912202380952382,2.56,336,1.5B,8192
lenshift,recent_sink_routed,128,0.05,0.044939124222990345,0.46340099339813223,0.05128205128205128,0.6458333333333334,0.8968078103117032,0.36033333333333334,1.024,336,1.5B,8192
lenshift,recent_sink_routed,128,0.1,0.030093342281740838,0.33205907417409714,0.10256410256410256,0.6934523809523809,0.9191811672811608,0.38557142857142856,1.024,336,1.5B,8192
lenshift,recent_sink_routed,128,0.15,0.02210168066685473,0.26424832171177204,0.15384615384615385,0.7261904761904762,0.9330913711583066,0.4190865598575879,1.0253671562082778,336,1.5B,8192
lenshift,recent_sink_routed,256,0.0025,0.0393670598295911,0.41601696003684785,0.07692307692307693,0.6577380952380952,0.9066674037793092,0.9697802197802199,29.53846153846154,336,1.5B,8192
lenshift,recent_sink_routed,256,0.005,0.0393670598295911,0.41601696003684785,0.07692307692307693,0.6577380952380952,0.9066674037793092,0.9167857142857143,15.36,336,1.5B,8192
lenshift,recent_sink_routed,256,0.01,0.0393670598295911,0.41601696003684785,0.07692307692307693,0.6577380952380952,0.9066674037793092,0.8011904761904761,7.68,336,1.5B,8192
lenshift,recent_sink_routed,256,0.02,0.0393670598295911,0.41601696003684785,0.07692307692307693,0.6577380952380952,0.9066674037793092,0.6358630952380953,3.84,336,1.5B,8192
lenshift,recent_sink_routed,256,0.05,0.0393670598295911,0.41601696003684785,0.07692307692307693,0.6577380952380952,0.9066674037793092,0.4090238095238095,1.536,336,1.5B,8192
lenshift,recent_sink_routed,256,0.1,0.0393670598295911,0.41601696003684785,0.07692307692307693,0.6577380952380952,0.9066674037793092,0.2865535714285714,0.768,336,1.5B,8192
lenshift,recent_sink_routed,256,0.15,0.029245596108394042,0.3182309128908636,0.1282051282051282,0.6934523809523809,0.9219038150943979,0.3410380507343124,0.8544726301735649,336,1.5B,8192
lenshift,token_oracle,0,0.0025,0.11403033161712198,0.5504994930329752,0.0026041666666666665,0.4583333333333333,0.8296287814359321,1.0,1.0,336,1.5B,8192
lenshift,token_oracle,0,0.005,0.06215870982891001,0.45292594479888704,0.005008012820512821,0.5982142857142857,0.8739542623315363,1.0,1.0,336,1.5B,8192
lenshift,token_oracle,0,0.01,0.03913154099301393,0.3517543397057009,0.010016025641025642,0.6517857142857143,0.9029783743247218,1.0,1.0,336,1.5B,8192
lenshift,token_oracle,0,0.02,0.026591812081108286,0.26427236882826133,0.020032051282051284,0.6904761904761905,0.9253257873285096,1.0,1.0,336,1.5B,8192
lenshift,token_oracle,0,0.05,0.015046348964750447,0.1674333175103213,0.05008012820512821,0.8125,0.9517354557891334,1.0,1.0,336,1.5B,8192
lenshift,token_oracle,0,0.1,0.007612461727322611,0.10423849372618851,0.10016025641025642,0.8958333333333334,0.9699857147865268,1.0,1.0,336,1.5B,8192
lenshift,token_oracle,0,0.15,0.005173190183900219,0.07350679905330379,0.1500400641025641,0.9285714285714286,0.9790958527986108,1.0,1.0,336,1.5B,8192
longdoc,block_oracle,16,0.0025,0.7895399800338521,1.3925374663158194,0.001953125,0.0744047619047619,0.4534893916831913,0.2114512471655329,0.7619047619047619,336,1.5B,8192
longdoc,block_oracle,16,0.005,0.3209442362232285,0.8303820716843957,0.005859375,0.24107142857142858,0.6288629875193779,0.3803716608594658,1.170731707317073,336,1.5B,8192
longdoc,block_oracle,16,0.01,0.23889374895952076,0.6432559084558257,0.009765625,0.30952380952380953,0.6801723028524765,0.3862514518002323,0.975609756097561,336,1.5B,8192
longdoc,block_oracle,16,0.02,0.16044111393706084,0.4941836818921771,0.01953125,0.3958333333333333,0.7457168495016956,0.4409117305458769,0.975609756097561,336,1.5B,8192
longdoc,block_oracle,16,0.05,0.08927813742894652,0.30223633638769154,0.05078125,0.5327380952380952,0.8313084019333222,0.5112369337979095,1.0146341463414634,336,1.5B,8192
longdoc,block_oracle,16,0.1,0.05094154877824151,0.19154922693297705,0.099609375,0.6726190476190477,0.8879257247918966,0.5493031358885018,0.9951219512195122,336,1.5B,8192
longdoc,block_oracle,16,0.15,0.03462076684914506,0.1426035121393665,0.150390625,0.7827380952380952,0.919530632918441,0.5870457011120152,1.0024410089503661,336,1.5B,8192
longdoc,block_oracle,32,0.0025,0.6726259211304021,1.3422924603232294,0.00390625,0.08333333333333333,0.47515587697898987,0.28174603174603174,1.5238095238095237,336,1.5B,8192
longdoc,block_oracle,32,0.005,0.6726259211304021,1.3422924603232294,0.00390625,0.08333333333333333,0.47515587697898987,0.1978077816492451,0.7804878048780488,336,1.5B,8192
longdoc,block_oracle,32,0.01,0.26435291714084674,0.7238829543177931,0.01171875,0.3125,0.6639603583549235,0.3693742740998839,1.170731707317073,336,1.5B,8192
longdoc,block_oracle,32,0.02,0.19389002990040746,0.5857227929605782,0.01953125,0.3601190476190476,0.716804437986862,0.38552555168408825,0.975609756097561,336,1.5B,8192
longdoc,block_oracle,32,0.05,0.10780363376451205,0.3792361992340266,0.05078125,0.47023809523809523,0.8043562700341906,0.4624419279907085,1.0146341463414634,336,1.5B,8192
longdoc,block_oracle,32,0.1,0.06825770572900791,0.24004318587208387,0.1015625,0.6220238095238095,0.8639970488330244,0.5099520905923345,1.0146341463414634,336,1.5B,8192
longdoc,block_oracle,32,0.15,0.04844260535003493,0.1790022431097614,0.1484375,0.7321428571428571,0.8959432103342119,0.5362155643380216,0.9894222945484134,336,1.5B,8192
longdoc,block_oracle,64,0.0025,0.60401932154143,1.2674877033533756,0.0078125,0.09226190476190477,0.5118746987481545,0.3761337868480726,3.0476190476190474,336,1.5B,8192
longdoc,block_oracle,64,0.005,0.60401932154143,1.2674877033533756,0.0078125,0.09226190476190477,0.5118746987481545,0.3076364692218351,1.5609756097560976,336,1.5B,8192
longdoc,block_oracle,64,0.01,0.60401932154143,1.2674877033533756,0.0078125,0.09226190476190477,0.5118746987481545,0.23148954703832753,0.7804878048780488,336,1.5B,8192
longdoc,block_oracle,64,0.02,0.20938596659468367,0.6356030718956767,0.0234375,0.35714285714285715,0.705236177819665,0.39035278745644597,1.170731707317073,336,1.5B,8192
longdoc,block_oracle,64,0.05,0.1382284682308555,0.4540455141933401,0.046875,0.43154761904761907,0.7727224648268909,0.40298344947735193,0.9365853658536585,336,1.5B,8192
longdoc,block_oracle,64,0.1,0.08093060546040927,0.3028822437183079,0.1015625,0.5476190476190477,0.8398376364623183,0.4748657084785134,1.0146341463414634,336,1.5B,8192
longdoc,block_oracle,64,0.15,0.06362700739139703,0.22589868827384807,0.1484375,0.6398809523809523,0.8715441412062955,0.5037898601263124,0.9894222945484134,336,1.5B,8192
longdoc,block_oracle,128,0.0025,0.5389834599114132,1.2215555462306202,0.015625,0.12202380952380952,0.5496944394845145,0.45195578231292516,6.095238095238095,336,1.5B,8192
longdoc,block_oracle,128,0.005,0.5389834599114132,1.2215555462306202,0.015625,0.12202380952380952,0.5496944394845145,0.4021486643437863,3.1219512195121952,336,1.5B,8192
longdoc,block_oracle,128,0.01,0.5389834599114132,1.2215555462306202,0.015625,0.12202380952380952,0.5496944394845145,0.3404108594657375,1.5609756097560976,336,1.5B,8192
longdoc,block_oracle,128,0.02,0.5389834599114132,1.2215555462306202,0.015625,0.12202380952380952,0.5496944394845145,0.2611244192799071,0.7804878048780488,336,1.5B,8192
longdoc,block_oracle,128,0.05,0.1618760071815838,0.5361833232345883,0.046875,0.40773809523809523,0.7523280562084896,0.3772502903600464,0.9365853658536585,336,1.5B,8192
longdoc,block_oracle,128,0.1,0.1031436506788348,0.3682582570592863,0.09375,0.49404761904761907,0.8153580805888405,0.426426393728223,0.9365853658536585,336,1.5B,8192
longdoc,block_oracle,128,0.15,0.06982590804701966,0.2623046259283961,0.15625,0.6041666666666666,0.8595381302092442,0.49697053353481346,1.0414971521562246,336,1.5B,8192
longdoc,block_oracle,256,0.0025,0.4673730126440515,1.1147122076138305,0.03125,0.13392857142857142,0.5905733329831431,0.528202947845805,12.19047619047619,336,1.5B,8192
longdoc,block_oracle,256,0.005,0.4673730126440515,1.1147122076138305,0.03125,0.13392857142857142,0.5905733329831431,0.48395760743321725,6.2439024390243905,336,1.5B,8192
longdoc,block_oracle,256,0.01,0.4673730126440515,1.1147122076138305,0.03125,0.13392857142857142,0.5905733329831431,0.4289706736353078,3.1219512195121952,336,1.5B,8192
longdoc,block_oracle,256,0.02,0.4673730126440515,1.1147122076138305,0.03125,0.13392857142857142,0.5905733329831431,0.360826800232288,1.5609756097560976,336,1.5B,8192
longdoc,block_oracle,256,0.05,0.15311608338356641,0.5133003478065261,0.0625,0.40773809523809523,0.7605917046536254,0.41040940766550527,1.248780487804878,336,1.5B,8192
longdoc,block_oracle,256,0.1,0.12040027410701165,0.38956639290209605,0.09375,0.4642857142857143,0.8011473235640587,0.3973867595818816,0.9365853658536585,336,1.5B,8192
longdoc,block_oracle,256,0.15,0.07897394308244633,0.27308987335216384,0.15625,0.5803571428571429,0.849295296364868,0.4729406408617149,1.0414971521562246,336,1.5B,8192
longdoc,centroid,16,0.0025,0.8160127463941955,2.3396365592176656,0.001953125,0.0625,0.27239707470174734,0.31986961451247165,0.7619047619047619,336,1.5B,8192
longdoc,centroid,16,0.005,0.5759598129563396,2.1434682538501075,0.005859375,0.09226190476190477,0.3634434003484091,0.4237804878048781,1.170731707317073,336,1.5B,8192
longdoc,centroid,16,0.01,0.4905145035858427,1.8756520925073885,0.009765625,0.11011904761904762,0.41390734773350024,0.41989692218350755,0.975609756097561,336,1.5B,8192
longdoc,centroid,16,0.02,0.41450225200815716,1.6389710866234575,0.01953125,0.14285714285714285,0.48800108091421557,0.46394091173054586,0.975609756097561,336,1.5B,8192
longdoc,centroid,16,0.05,0.222166903132252,1.1880374428401606,0.05078125,0.2767857142857143,0.6495661871772191,0.525558943089431,1.0146341463414634,336,1.5B,8192
longdoc,centroid,16,0.1,0.12079046857368525,0.7787621259617971,0.099609375,0.44047619047619047,0.7656948272860983,0.5662529036004645,0.9951219512195122,336,1.5B,8192
longdoc,centroid,16,0.15,0.0762246090171745,0.5313477075148387,0.150390625,0.5833333333333334,0.8258728942291798,0.6047115347359449,1.0024410089503661,336,1.5B,8192
longdoc,centroid,32,0.0025,0.7051967576042977,2.284149645717611,0.00390625,0.07738095238095238,0.3059370362967347,0.4149659863945578,1.5238095238095237,336,1.5B,8192
longdoc,centroid,32,0.005,0.7051967576042977,2.284149645717611,0.00390625,0.07738095238095238,0.3059370362967347,0.30625725900116146,0.7804878048780488,336,1.5B,8192
longdoc,centroid,32,0.01,0.5131396390948457,1.9084414914412369,0.01171875,0.11904761904761904,0.40574749822472683,0.4230182926829268,1.170731707317073,336,1.5B,8192
longdoc,centroid,32,0.02,0.42993069625164604,1.624598169371458,0.01953125,0.16071428571428573,0.46409649841635237,0.41989692218350755,0.975609756097561,336,1.5B,8192
longdoc,centroid,32,0.05,0.2408302013308942,1.2541222785944721,0.05078125,0.25297619047619047,0.6096930020449791,0.4803644018583043,1.0146341463414634,336,1.5B,8192
longdoc,centroid,32,0.1,0.1434092981024264,0.864992880538859,0.1015625,0.39285714285714285,0.7296576735868717,0.5251234030197445,1.0146341463414634,336,1.5B,8192
longdoc,centroid,32,0.15,0.09678870036237233,0.6336787890289334,0.1484375,0.5089285714285714,0.7900815901056839,0.5529635979697005,0.9894222945484134,336,1.5B,8192
longdoc,centroid,64,0.0025,0.643058352389633,1.8822999574037098,0.0078125,0.08035714285714286,0.3759206911388101,0.48639455782312924,3.0476190476190474,336,1.5B,8192
longdoc,centroid,64,0.005,0.643058352389633,1.8822999574037098,0.0078125,0.08035714285714286,0.3759206911388101,0.40251161440185834,1.5609756097560976,336,1.5B,8192
longdoc,centroid,64,0.01,0.643058352389633,1.8822999574037098,0.0078125,0.08035714285714286,0.3759206911388101,0.3010307781649245,0.7804878048780488,336,1.5B,8192
longdoc,centroid,64,0.02,0.4036746828450124,1.2357137723442784,0.0234375,0.18452380952380953,0.5328995896397167,0.4188262195121951,1.170731707317073,336,1.5B,8192
longdoc,centroid,64,0.05,0.25058993360340487,0.9001762166435254,0.046875,0.28869047619047616,0.6453741611382752,0.4179732868757259,0.9365853658536585,336,1.5B,8192
longdoc,centroid,64,0.1,0.12991026316061458,0.4853186680999977,0.1015625,0.43452380952380953,0.779961233391259,0.48740926248548205,1.0146341463414634,336,1.5B,8192
longdoc,centroid,64,0.15,0.09022712675910485,0.36875136882862397,0.1484375,0.5267857142857143,0.8277260247389875,0.5171040141036073,0.9894222945484134,336,1.5B,8192
longdoc,centroid,128,0.0025,0.5561497750486869,1.6539666097468455,0.015625,0.11904761904761904,0.449724326051681,0.5588151927437641,6.095238095238095,336,1.5B,8192
longdoc,centroid,128,0.005,0.5561497750486869,1.6539666097468455,0.015625,0.11904761904761904,0.449724326051681,0.5026132404181185,3.1219512195121952,336,1.5B,8192
longdoc,centroid,128,0.01,0.5561497750486869,1.6539666097468455,0.015625,0.11904761904761904,0.449724326051681,0.4211309523809524,1.5609756097560976,336,1.5B,8192
longdoc,centroid,128,0.02,0.5561497750486869,1.6539666097468455,0.015625,0.11904761904761904,0.449724326051681,0.31798054587688734,0.7804878048780488,336,1.5B,8192
longdoc,centroid,128,0.05,0.25095690836549844,0.8346827891535649,0.046875,0.28869047619047616,0.6572182695118217,0.39667537746806036,0.9365853658536585,336,1.5B,8192
longdoc,centroid,128,0.1,0.14658430710238204,0.5488290203737448,0.09375,0.3869047619047619,0.7534334353464603,0.43845455865272936,0.9365853658536585,336,1.5B,8192
longdoc,centroid,128,0.15,0.08993036820991843,0.3824153803482896,0.15625,0.5327380952380952,0.8267299903512566,0.5067248827928242,1.0414971521562246,336,1.5B,8192
longdoc,centroid,256,0.0025,0.4899572710065683,1.6908699365340754,0.03125,0.13392857142857142,0.46866130863806144,0.6204648526077098,12.19047619047619,336,1.5B,8192
longdoc,centroid,256,0.005,0.4899572710065683,1.6908699365340754,0.03125,0.13392857142857142,0.46866130863806144,0.5735336817653891,6.2439024390243905,336,1.5B,8192
longdoc,centroid,256,0.01,0.4899572710065683,1.6908699365340754,0.03125,0.13392857142857142,0.46866130863806144,0.5113240418118468,3.1219512195121952,336,1.5B,8192
longdoc,centroid,256,0.02,0.4899572710065683,1.6908699365340754,0.03125,0.13392857142857142,0.46866130863806144,0.4287529036004646,1.5609756097560976,336,1.5B,8192
longdoc,centroid,256,0.05,0.24221783582967843,0.8882177706486711,0.0625,0.28869047619047616,0.6574442498491214,0.43831300813008134,1.248780487804878,336,1.5B,8192
longdoc,centroid,256,0.1,0.17698937830820166,0.6884355388803629,0.09375,0.33630952380952384,0.715828118822238,0.4161803135888502,0.9365853658536585,336,1.5B,8192
longdoc,centroid,256,0.15,0.10925335191178627,0.460263975354394,0.15625,0.46130952380952384,0.7979924026038061,0.48418913944747954,1.0414971521562246,336,1.5B,8192
longdoc,centroid_ub,16,0.0025,1.1289404796860265,2.7190697715548455,0.001953125,0.03571428571428571,0.15216345089530559,0.1446995464852608,0.7619047619047619,336,1.5B,8192
longdoc,centroid_ub,16,0.005,0.6816304235842263,1.5967464564615463,0.005859375,0.09226190476190477,0.3316078039734492,0.24092624854819977,1.170731707317073,336,1.5B,8192
longdoc,centroid_ub,16,0.01,0.5172511515619942,1.4296418757089995,0.009765625,0.13690476190476192,0.4184066604866368,0.2571138211382114,0.975609756097561,336,1.5B,8192
longdoc,centroid_ub,16,0.02,0.3471406810531765,1.0518377767105807,0.01953125,0.21726190476190477,0.5440834876410898,0.31010452961672474,0.975609756097561,336,1.5B,8192
longdoc,centroid_ub,16,0.05,0.180378248178866,0.6864792572428333,0.05078125,0.32142857142857145,0.6708083739812782,0.38382694541231127,1.0146341463414634,336,1.5B,8192
longdoc,centroid_ub,16,0.1,0.12369733082076145,0.48482461523142023,0.099609375,0.4375,0.7564840953392876,0.43708986643437864,0.9951219512195122,336,1.5B,8192
longdoc,centroid_ub,16,0.15,0.0835550067054274,0.3906280225905413,0.150390625,0.5446428571428571,0.8113632430129991,0.4863758766321825,1.0024410089503661,336,1.5B,8192
longdoc,centroid_ub,32,0.0025,1.0546493844279683,1.976719378129001,0.00390625,0.050595238095238096,0.19213583618150043,0.19486961451247162,1.5238095238095237,336,1.5B,8192
longdoc,centroid_ub,32,0.005,1.0546493844279683,1.976719378129001,0.00390625,0.050595238095238096,0.19213583618150043,0.15439895470383275,0.7804878048780488,336,1.5B,8192
longdoc,centroid_ub,32,0.01,0.49076431435464474,1.3085621578581632,0.01171875,0.13095238095238096,0.4243190795409112,0.30952380952380953,1.170731707317073,336,1.5B,8192
longdoc,centroid_ub,32,0.02,0.3732915634563001,1.0942008431685486,0.01953125,0.18154761904761904,0.5254586546773381,0.3106671022067364,0.975609756097561,336,1.5B,8192
longdoc,centroid_ub,32,0.05,0.21945690176785537,0.7779267263463503,0.05078125,0.28869047619047616,0.6549655158945343,0.38233885017421604,1.0146341463414634,336,1.5B,8192
longdoc,centroid_ub,32,0.1,0.13083058141481696,0.5670310169564384,0.1015625,0.4017857142857143,0.7464928786770423,0.43738022648083624,1.0146341463414634,336,1.5B,8192
longdoc,centroid_ub,32,0.15,0.10270404149311398,0.4717104349116613,0.1484375,0.49107142857142855,0.7897644973737262,0.4714295400829168,0.9894222945484134,336,1.5B,8192
longdoc,centroid_ub,64,0.0025,0.7877520729047762,1.347793626318107,0.0078125,0.06845238095238096,0.36913265589191235,0.336734693877551,3.0476190476190474,336,1.5B,8192
longdoc,centroid_ub,64,0.005,0.7877520729047762,1.347793626318107,0.0078125,0.06845238095238096,0.36913265589191235,0.28135888501742157,1.5609756097560976,336,1.5B,8192
longdoc,centroid_ub,64,0.01,0.7877520729047762,1.347793626318107,0.0078125,0.06845238095238096,0.36913265589191235,0.2143220092915215,0.7804878048780488,336,1.5B,8192
longdoc,centroid_ub,64,0.02,0.33402248070807833,0.9474542380154015,0.0234375,0.2113095238095238,0.5708792453099811,0.34476626016260165,1.170731707317073,336,1.5B,8192
longdoc,centroid_ub,64,0.05,0.2332407764846132,0.7777098160271831,0.046875,0.28869047619047616,0.6451235662168847,0.34570267131242743,0.9365853658536585,336,1.5B,8192
longdoc,centroid_ub,64,0.1,0.15747620054298508,0.5873433637705713,0.1015625,0.3869047619047619,0.7331370469603543,0.4199912891986063,1.0146341463414634,336,1.5B,8192
longdoc,centroid_ub,64,0.15,0.10737350458851025,0.48464917232798166,0.1484375,0.47619047619047616,0.7781285778301572,0.45360872176372585,0.9894222945484134,336,1.5B,8192
longdoc,centroid_ub,128,0.0025,0.8481649673855436,1.2585691592717647,0.015625,0.07738095238095238,0.4087277702358114,0.3112244897959184,6.095238095238095,336,1.5B,8192
longdoc,centroid_ub,128,0.005,0.8481649673855436,1.2585691592717647,0.015625,0.07738095238095238,0.4087277702358114,0.2823751451800232,3.1219512195121952,336,1.5B,8192
longdoc,centroid_ub,128,0.01,0.8481649673855436,1.2585691592717647,0.015625,0.07738095238095238,0.4087277702358114,0.24564459930313587,1.5609756097560976,336,1.5B,8192
longdoc,centroid_ub,128,0.02,0.8481649673855436,1.2585691592717647,0.015625,0.07738095238095238,0.4087277702358114,0.19706373403019745,0.7804878048780488,336,1.5B,8192
longdoc,centroid_ub,128,0.05,0.25799503902573556,0.8779281984159879,0.046875,0.28273809523809523,0.6368345464041324,0.33593205574912893,0.9365853658536585,336,1.5B,8192
longdoc,centroid_ub,128,0.1,0.1617107278431592,0.6623321962369191,0.09375,0.3898809523809524,0.7246996436008454,0.3915432636469222,0.9365853658536585,336,1.5B,8192
longdoc,centroid_ub,128,0.15,0.10083027417577131,0.4256650799264786,0.15625,0.5,0.7975228889678493,0.4667630477740324,1.0414971521562246,336,1.5B,8192
longdoc,centroid_ub,256,0.0025,0.7825800753825574,1.2707598768674027,0.03125,0.08035714285714286,0.44207993929440403,0.3439625850340136,12.19047619047619,336,1.5B,8192
longdoc,centroid_ub,256,0.005,0.7825800753825574,1.2707598768674027,0.03125,0.08035714285714286,0.44207993929440403,0.31591173054587685,6.2439024390243905,336,1.5B,8192
longdoc,centroid_ub,256,0.01,0.7825800753825574,1.2707598768674027,0.03125,0.08035714285714286,0.44207993929440403,0.2880734610917538,3.1219512195121952,336,1.5B,8192
longdoc,centroid_ub,256,0.02,0.7825800753825574,1.2707598768674027,0.03125,0.08035714285714286,0.44207993929440403,0.2569686411149826,1.5609756097560976,336,1.5B,8192
longdoc,centroid_ub,256,0.05,0.2352544644960471,0.8197686004886733,0.0625,0.30952380952380953,0.6707215592784942,0.3778092334494773,1.248780487804878,336,1.5B,8192
longdoc,centroid_ub,256,0.1,0.15378197208408112,0.6168761701563772,0.09375,0.3958333333333333,0.7316129241406186,0.3719149245063879,0.9365853658536585,336,1.5B,8192
longdoc,centroid_ub,256,0.15,0.09396917341577998,0.40408537483033247,0.15625,0.5208333333333334,0.8117293595523378,0.4524971909023984,1.0414971521562246,336,1.5B,8192
longdoc,interval_cover,16,0.02,0.04740236501680825,0.18560630873742134,0.12166922433035714,0.7261904761904762,0.9050012147653416,1.0,6.077526132404181,336,1.5B,8192
longdoc,interval_cover,16,0.05,0.019732660780583944,0.09858889555351594,0.24891880580357142,0.9077380952380952,0.9514774264401021,1.0,4.973519163763066,336,1.5B,8192
longdoc,interval_cover,32,0.02,0.03871976218435645,0.15887911761458717,0.18846493675595238,0.7767857142857143,0.9196450512113604,1.0,9.414053426248548,336,1.5B,8192
longdoc,interval_cover,32,0.05,0.014554169601739667,0.07393633222458226,0.3545619419642857,0.9553571428571429,0.9629096346371181,1.0,7.0843205574912895,336,1.5B,8192
longdoc,interval_cover,64,0.02,0.02753580288629308,0.12122533943309916,0.2926664806547619,0.8511904761904762,0.9357746005892535,1.0,14.619047619047619,336,1.5B,8192
longdoc,interval_cover,64,0.05,0.010090040881464347,0.052515637747396086,0.49532645089285715,0.9821428571428571,0.9741454693574392,1.0,9.896864111498259,336,1.5B,8192
longdoc,interval_cover,128,0.02,0.016681996718688717,0.09424178379214887,0.41996837797619047,0.9077380952380952,0.9516019184551281,1.0,20.977932636469223,336,1.5B,8192
longdoc,interval_cover,128,0.05,0.00330836588888862,0.03294515250933505,0.6405784970238095,0.9940476190476191,0.9839886255342463,1.0,12.799070847851334,336,1.5B,8192
longdoc,interval_cover,256,0.02,0.010762802110027433,0.07296566838595894,0.5210193452380952,0.9404761904761905,0.9634941453116361,1.0,26.025551684088267,336,1.5B,8192
longdoc,interval_cover,256,0.05,0.0012305466713452172,0.0208139269218793,0.7341889880952381,0.9970238095238095,0.989796247204857,1.0,14.66945412311266,336,1.5B,8192
longdoc,maxsketch,16,0.0025,1.0596562093487871,2.3861200155176556,0.001953125,0.01488095238095238,0.04563344934661788,0.03018707482993197,0.7619047619047619,336,1.5B,8192
longdoc,maxsketch,16,0.005,0.9295570346911256,2.173186193638155,0.005859375,0.017857142857142856,0.07969536043050936,0.047546457607433215,1.170731707317073,336,1.5B,8192
longdoc,maxsketch,16,0.01,0.8582232230624606,2.0033272796788975,0.009765625,0.03571428571428571,0.10259818747908672,0.057781649245063876,0.975609756097561,336,1.5B,8192
longdoc,maxsketch,16,0.02,0.7878305263585492,1.9881841604178674,0.01953125,0.050595238095238096,0.16134355352596827,0.08407738095238096,0.975609756097561,336,1.5B,8192
longdoc,maxsketch,16,0.05,0.6305217467196338,1.7169385463096265,0.05078125,0.08928571428571429,0.2774642123813481,0.13922038327526134,1.0146341463414634,336,1.5B,8192
longdoc,maxsketch,16,0.1,0.48537848072420686,1.4331449414578126,0.099609375,0.13095238095238096,0.39024510638330345,0.20541884436701507,0.9951219512195122,336,1.5B,8192
longdoc,maxsketch,16,0.15,0.3775084433923256,1.297101727823991,0.150390625,0.16964285714285715,0.46741348625489276,0.2614494943624317,1.0024410089503661,336,1.5B,8192
longdoc,maxsketch,32,0.0025,0.9397036932114595,2.1700269971393746,0.00390625,0.017857142857142856,0.06057472696209122,0.0429421768707483,1.5238095238095237,336,1.5B,8192
longdoc,maxsketch,32,0.005,0.9397036932114595,2.1700269971393746,0.00390625,0.017857142857142856,0.06057472696209122,0.0351335656213705,0.7804878048780488,336,1.5B,8192
longdoc,maxsketch,32,0.01,0.8043947320559335,2.0094107023945087,0.01171875,0.044642857142857144,0.11539002202836675,0.06834349593495935,1.170731707317073,336,1.5B,8192
longdoc,maxsketch,32,0.02,0.781733225806458,1.952460485624818,0.01953125,0.047619047619047616,0.14335036874158183,0.07954050522648085,0.975609756097561,336,1.5B,8192
longdoc,maxsketch,32,0.05,0.6607066202370562,1.799673786581896,0.05078125,0.08333333333333333,0.23419790029189055,0.13511178861788617,1.0146341463414634,336,1.5B,8192
longdoc,maxsketch,32,0.1,0.5007716147440144,1.439008303776807,0.1015625,0.125,0.35469358345106705,0.19918336236933798,1.0146341463414634,336,1.5B,8192
longdoc,maxsketch,32,0.15,0.4180988920941625,1.3119507047453092,0.1484375,0.17261904761904762,0.4415415971863541,0.24990313456546165,0.9894222945484134,336,1.5B,8192
longdoc,maxsketch,64,0.0025,0.8508789300228605,2.0337483393455758,0.0078125,0.023809523809523808,0.08482283477126071,0.06930272108843537,3.0476190476190474,336,1.5B,8192
longdoc,maxsketch,64,0.005,0.8508789300228605,2.0337483393455758,0.0078125,0.023809523809523808,0.08482283477126071,0.06083042973286875,1.5609756097560976,336,1.5B,8192
longdoc,maxsketch,64,0.01,0.8508789300228605,2.0337483393455758,0.0078125,0.023809523809523808,0.08482283477126071,0.05012340301974448,0.7804878048780488,336,1.5B,8192
longdoc,maxsketch,64,0.02,0.7289194800207037,1.9641417524683404,0.0234375,0.05357142857142857,0.15571071425651828,0.09257041231126598,1.170731707317073,336,1.5B,8192
longdoc,maxsketch,64,0.05,0.6846653937930662,1.865809256155492,0.046875,0.05952380952380952,0.2171895049849701,0.12330865272938443,0.9365853658536585,336,1.5B,8192
longdoc,maxsketch,64,0.1,0.5343912102045235,1.5680760836270307,0.1015625,0.11904761904761904,0.32984552323226213,0.1924651567944251,1.0146341463414634,336,1.5B,8192
longdoc,maxsketch,64,0.15,0.4517998631350532,1.4125339333771623,0.1484375,0.16964285714285715,0.4136204757997256,0.24019721802472005,0.9894222945484134,336,1.5B,8192
longdoc,maxsketch,128,0.0025,0.7579232178573536,1.9194948320487832,0.015625,0.041666666666666664,0.1086093036258808,0.09708049886621316,6.095238095238095,336,1.5B,8192
longdoc,maxsketch,128,0.005,0.7579232178573536,1.9194948320487832,0.015625,0.041666666666666664,0.1086093036258808,0.0897938443670151,3.1219512195121952,336,1.5B,8192
longdoc,maxsketch,128,0.01,0.7579232178573536,1.9194948320487832,0.015625,0.041666666666666664,0.1086093036258808,0.08028455284552846,1.5609756097560976,336,1.5B,8192
longdoc,maxsketch,128,0.02,0.7579232178573536,1.9194948320487832,0.015625,0.041666666666666664,0.1086093036258808,0.06984973867595819,0.7804878048780488,336,1.5B,8192
longdoc,maxsketch,128,0.05,0.6565322042811134,1.7465400906626822,0.046875,0.08035714285714286,0.1894889909159871,0.12219076655052265,0.9365853658536585,336,1.5B,8192
longdoc,maxsketch,128,0.1,0.576512098836452,1.6970262266795273,0.09375,0.09821428571428571,0.2861787854019319,0.18098141695702671,0.9365853658536585,336,1.5B,8192
longdoc,maxsketch,128,0.15,0.4747676573294436,1.4542432644345342,0.15625,0.14285714285714285,0.3876359211971812,0.25094201635088537,1.0414971521562246,336,1.5B,8192
longdoc,maxsketch,256,0.0025,0.7149594522099205,1.8784982426876453,0.03125,0.0625,0.14821679979992325,0.15235260770975056,12.19047619047619,336,1.5B,8192
longdoc,maxsketch,256,0.005,0.7149594522099205,1.8784982426876453,0.03125,0.0625,0.14821679979992325,0.1441637630662021,6.2439024390243905,336,1.5B,8192
longdoc,maxsketch,256,0.01,0.7149594522099205,1.8784982426876453,0.03125,0.0625,0.14821679979992325,0.13400116144018584,3.1219512195121952,336,1.5B,8192
longdoc,maxsketch,256,0.02,0.7149594522099205,1.8784982426876453,0.03125,0.0625,0.14821679979992325,0.12020905923344948,1.5609756097560976,336,1.5B,8192
longdoc,maxsketch,256,0.05,0.6101346341246523,1.6811452342106215,0.0625,0.09226190476190477,0.23211020916664132,0.16160714285714284,1.248780487804878,336,1.5B,8192
longdoc,maxsketch,256,0.1,0.5554891828643751,1.6156913346968542,0.09375,0.09821428571428571,0.2828284224546132,0.1811919279907085,0.9365853658536585,336,1.5B,8192
longdoc,maxsketch,256,0.15,0.4684153419795447,1.3301848156646359,0.15625,0.13392857142857142,0.3822210294192954,0.2511405904916889,1.0414971521562246,336,1.5B,8192
longdoc,recent_sink_routed,16,0.0025,0.38143608384588057,1.1084555192078192,0.009765625,0.26785714285714285,0.5881296786075778,0.48072562358276644,3.8095238095238093,336,1.5B,8192
longdoc,recent_sink_routed,16,0.005,0.38143608384588057,1.1084555192078192,0.009765625,0.26785714285714285,0.5881296786075778,0.3877758420441347,1.951219512195122,336,1.5B,8192
longdoc,recent_sink_routed,16,0.01,0.38143608384588057,1.1084555192078192,0.009765625,0.26785714285714285,0.5881296786075778,0.28585946573751453,0.975609756097561,336,1.5B,8192
longdoc,recent_sink_routed,16,0.02,0.20487131993174185,0.6273990700968659,0.01953125,0.3630952380952381,0.7087052399625761,0.41762848432055744,0.975609756097561,336,1.5B,8192
longdoc,recent_sink_routed,16,0.05,0.1021922695045785,0.35591856657552434,0.05078125,0.49702380952380953,0.8062173863658499,0.5130807200929153,1.0146341463414634,336,1.5B,8192
longdoc,recent_sink_routed,16,0.1,0.06291984251051896,0.22269423467029453,0.099609375,0.6309523809523809,0.8655603620110981,0.5610481997677119,0.9951219512195122,336,1.5B,8192
longdoc,recent_sink_routed,16,0.15,0.04210742460604358,0.15761476581838865,0.150390625,0.7619047619047619,0.9010869258974585,0.6019145453136503,1.0024410089503661,336,1.5B,8192
longdoc,recent_sink_routed,32,0.0025,0.3787109665398671,1.0896025223774637,0.01171875,0.26785714285714285,0.5927025108533368,0.4893707482993197,4.571428571428571,336,1.5B,8192
longdoc,recent_sink_routed,32,0.005,0.3787109665398671,1.0896025223774637,0.01171875,0.26785714285714285,0.5927025108533368,0.3953252032520326,2.341463414634146,336,1.5B,8192
longdoc,recent_sink_routed,32,0.01,0.3787109665398671,1.0896025223774637,0.01171875,0.26785714285714285,0.5927025108533368,0.2929369918699187,1.170731707317073,336,1.5B,8192
longdoc,recent_sink_routed,32,0.02,0.2408725439419852,0.7343414398078074,0.01953125,0.3333333333333333,0.6753814368309727,0.36325856562137054,0.975609756097561,336,1.5B,8192
longdoc,recent_sink_routed,32,0.05,0.13445685040272545,0.45323399145150844,0.05078125,0.44642857142857145,0.7810039368553725,0.4651495354239256,1.0146341463414634,336,1.5B,8192
longdoc,recent_sink_routed,32,0.1,0.08586958356261098,0.28748830294534866,0.1015625,0.5416666666666666,0.8415872816362461,0.5192290940766551,1.0146341463414634,336,1.5B,8192
longdoc,recent_sink_routed,32,0.15,0.06226089273046871,0.20694228114980207,0.1484375,0.6726190476190477,0.8754797773311844,0.5494909721415011,0.9894222945484134,336,1.5B,8192
longdoc,recent_sink_routed,64,0.0025,0.3516444527902991,1.000340974076879,0.015625,0.27380952380952384,0.6164640614588934,0.5456349206349207,6.095238095238095,336,1.5B,8192
longdoc,recent_sink_routed,64,0.005,0.3516444527902991,1.000340974076879,0.015625,0.27380952380952384,0.6164640614588934,0.44780778164924506,3.1219512195121952,336,1.5B,8192
longdoc,recent_sink_routed,64,0.01,0.3516444527902991,1.000340974076879,0.015625,0.27380952380952384,0.6164640614588934,0.3418263646922184,1.5609756097560976,336,1.5B,8192
longdoc,recent_sink_routed,64,0.02,0.2768425734157799,0.8675024023381287,0.0234375,0.3244047619047619,0.6627390264825386,0.37040868176538905,1.170731707317073,336,1.5B,8192
longdoc,recent_sink_routed,64,0.05,0.16686069865856146,0.5635819312947437,0.046875,0.41369047619047616,0.747365555902609,0.4032955865272938,0.9365853658536585,336,1.5B,8192
longdoc,recent_sink_routed,64,0.1,0.09281694579564648,0.33581298571881346,0.1015625,0.5148809523809523,0.8241261800177763,0.4831155632984901,1.0146341463414634,336,1.5B,8192
longdoc,recent_sink_routed,64,0.15,0.06929091836379919,0.25757549841588845,0.1484375,0.5952380952380952,0.8555183428217581,0.5147429191367353,0.9894222945484134,336,1.5B,8192
longdoc,recent_sink_routed,128,0.0025,0.2805899507370858,0.9069003982681909,0.03125,0.32142857142857145,0.6662953323070574,0.6425736961451247,12.19047619047619,336,1.5B,8192
longdoc,recent_sink_routed,128,0.005,0.2805899507370858,0.9069003982681909,0.03125,0.32142857142857145,0.6662953323070574,0.57767131242741,6.2439024390243905,336,1.5B,8192
longdoc,recent_sink_routed,128,0.01,0.2805899507370858,0.9069003982681909,0.03125,0.32142857142857145,0.6662953323070574,0.49510017421602787,3.1219512195121952,336,1.5B,8192
longdoc,recent_sink_routed,128,0.02,0.2805899507370858,0.9069003982681909,0.03125,0.32142857142857145,0.6662953323070574,0.3924216027874564,1.5609756097560976,336,1.5B,8192
longdoc,recent_sink_routed,128,0.05,0.1812462639416192,0.6306090418691679,0.046875,0.3898809523809524,0.7329944010975199,0.3687137049941928,0.9365853658536585,336,1.5B,8192
longdoc,recent_sink_routed,128,0.1,0.11054719527804388,0.3964221651887391,0.09375,0.46726190476190477,0.800378859373496,0.42911222415795586,0.9365853658536585,336,1.5B,8192
longdoc,recent_sink_routed,128,0.15,0.07577336624668216,0.27447928433432633,0.15625,0.5833333333333334,0.8491350546494651,0.5024724902165911,1.0414971521562246,336,1.5B,8192
longdoc,recent_sink_routed,256,0.0025,0.16838886010585963,0.5365873968291246,0.0625,0.3958333333333333,0.746753545352091,0.7624716553287982,24.38095238095238,336,1.5B,8192
longdoc,recent_sink_routed,256,0.005,0.16838886010585963,0.5365873968291246,0.0625,0.3958333333333333,0.746753545352091,0.70448606271777,12.487804878048781,336,1.5B,8192
longdoc,recent_sink_routed,256,0.01,0.16838886010585963,0.5365873968291246,0.0625,0.3958333333333333,0.746753545352091,0.6326219512195121,6.2439024390243905,336,1.5B,8192
longdoc,recent_sink_routed,256,0.02,0.16838886010585963,0.5365873968291246,0.0625,0.3958333333333333,0.746753545352091,0.546239837398374,3.1219512195121952,336,1.5B,8192
longdoc,recent_sink_routed,256,0.05,0.16838886010585963,0.5365873968291246,0.0625,0.3958333333333333,0.746753545352091,0.3948098141695703,1.248780487804878,336,1.5B,8192
longdoc,recent_sink_routed,256,0.1,0.12462942671251356,0.4367269686980585,0.09375,0.44345238095238093,0.7874543845206833,0.39393873403019747,0.9365853658536585,336,1.5B,8192
longdoc,recent_sink_routed,256,0.15,0.08819001603425232,0.3211890920442753,0.15625,0.5595238095238095,0.8398067350629432,0.4749021659111163,1.0414971521562246,336,1.5B,8192
longdoc,token_oracle,0,0.0025,0.2420066825548548,0.6574604885635253,0.0025634765625,0.2708333333333333,0.6861664522325776,1.0,1.0,336,1.5B,8192
longdoc,token_oracle,0,0.005,0.18159292360380003,0.5295712585635101,0.0050048828125,0.34226190476190477,0.7437077903164505,1.0,1.0,336,1.5B,8192
longdoc,token_oracle,0,0.01,0.12122072071357805,0.42044607602928374,0.010009765625,0.4523809523809524,0.8008952338737081,1.0,1.0,336,1.5B,8192
longdoc,token_oracle,0,0.02,0.07802300244882177,0.3189809020287818,0.02001953125,0.5386904761904762,0.8493553622046996,1.0,1.0,336,1.5B,8192
longdoc,token_oracle,0,0.05,0.043521201818671466,0.20231619741748397,0.050048828125,0.7142857142857143,0.9060026689512158,1.0,1.0,336,1.5B,8192
longdoc,token_oracle,0,0.1,0.02410388885016695,0.1268860310651591,0.10009765625,0.8392857142857143,0.9423348224459978,1.0,1.0,336,1.5B,8192
longdoc,token_oracle,0,0.15,0.015898881022841968,0.08959086532162311,0.1500244140625,0.9255952380952381,0.9601167393207487,1.0,1.0,336,1.5B,8192
needle,block_oracle,16,0.0025,0.8446181315406223,1.3863230721048616,0.001953125,0.05952380952380952,0.4136704293450393,0.17715419501133786,0.7619047619047619,336,1.5B,8192
needle,block_oracle,16,0.005,0.3571956750478612,0.8483707346513478,0.005859375,0.19940476190476192,0.5903430126335107,0.3924216027874564,1.170731707317073,336,1.5B,8192
needle,block_oracle,16,0.01,0.2521422996361743,0.6873113238801816,0.009765625,0.2767857142857143,0.6452410764189045,0.3895905923344948,0.975609756097561,336,1.5B,8192
needle,block_oracle,16,0.02,0.18072589198807892,0.5250603853835045,0.01953125,0.35714285714285715,0.7128663656225394,0.4296784262485482,0.975609756097561,336,1.5B,8192
needle,block_oracle,16,0.05,0.10469201050254276,0.32809084982753867,0.05078125,0.49107142857142855,0.8025244072486131,0.48662166085946573,1.0146341463414634,336,1.5B,8192
needle,block_oracle,16,0.1,0.07001048028318943,0.219769240480647,0.099609375,0.6398809523809523,0.8653727350997121,0.5263864692218351,0.9951219512195122,336,1.5B,8192
needle,block_oracle,16,0.15,0.049571828212926425,0.16433013650078362,0.150390625,0.75,0.9022696913108926,0.5665635049788833,1.0024410089503661,336,1.5B,8192
needle,block_oracle,32,0.0025,0.7202171964581113,1.3203150581133722,0.00390625,0.0744047619047619,0.45657859358762387,0.2893990929705216,1.5238095238095237,336,1.5B,8192
needle,block_oracle,32,0.005,0.7202171964581113,1.3203150581133722,0.00390625,0.0744047619047619,0.45657859358762387,0.21689895470383275,0.7804878048780488,336,1.5B,8192
needle,block_oracle,32,0.01,0.2780638974031008,0.7600965392645114,0.01171875,0.26785714285714285,0.6313662169574162,0.37717770034843207,1.170731707317073,336,1.5B,8192
needle,block_oracle,32,0.02,0.2077449921406373,0.6008658878306375,0.01953125,0.3392857142857143,0.6850813338780123,0.3838741289198606,0.975609756097561,336,1.5B,8192
needle,block_oracle,32,0.05,0.12521454887976793,0.3585554719102421,0.05078125,0.44642857142857145,0.7772984708382081,0.4486207897793264,1.0146341463414634,336,1.5B,8192
needle,block_oracle,32,0.1,0.07594735106121499,0.24237948902122664,0.1015625,0.6101190476190477,0.8415514764997232,0.4965701219512195,1.0146341463414634,336,1.5B,8192
needle,block_oracle,32,0.15,0.054760256966053134,0.1789718361370139,0.1484375,0.7053571428571429,0.8772086301059319,0.525020341741253,0.9894222945484134,336,1.5B,8192
needle,block_oracle,64,0.0025,0.6732747552051543,1.2541185837880087,0.0078125,0.08928571428571429,0.48676193711498167,0.3601190476190476,3.0476190476190474,336,1.5B,8192
needle,block_oracle,64,0.005,0.6732747552051543,1.2541185837880087,0.0078125,0.08928571428571429,0.48676193711498167,0.3000871080139373,1.5609756097560976,336,1.5B,8192
needle,block_oracle,64,0.01,0.6732747552051543,1.2541185837880087,0.0078125,0.08928571428571429,0.48676193711498167,0.22321428571428573,0.7804878048780488,336,1.5B,8192
needle,block_oracle,64,0.02,0.22141343080483009,0.6368616896496644,0.0234375,0.3273809523809524,0.6753069546136057,0.39189532520325204,1.170731707317073,336,1.5B,8192
needle,block_oracle,64,0.05,0.14985049125142064,0.42513786982985746,0.046875,0.39880952380952384,0.745040553418434,0.39623257839721254,0.9365853658536585,336,1.5B,8192
needle,block_oracle,64,0.1,0.08806728810162961,0.2760498598097827,0.1015625,0.5446428571428571,0.8184731259636626,0.46923635307781647,1.0146341463414634,336,1.5B,8192
needle,block_oracle,64,0.15,0.06532920314977536,0.21303164595660612,0.1484375,0.6339285714285714,0.8538598268874535,0.5013028400945407,0.9894222945484134,336,1.5B,8192
needle,block_oracle,128,0.0025,0.5756640057602255,1.1649023852976175,0.015625,0.1130952380952381,0.5271157919073038,0.44444444444444436,6.095238095238095,336,1.5B,8192
needle,block_oracle,128,0.005,0.5756640057602255,1.1649023852976175,0.015625,0.1130952380952381,0.5271157919073038,0.3922038327526132,3.1219512195121952,336,1.5B,8192
needle,block_oracle,128,0.01,0.5756640057602255,1.1649023852976175,0.015625,0.1130952380952381,0.5271157919073038,0.3220455865272938,1.5609756097560976,336,1.5B,8192
needle,block_oracle,128,0.02,0.5756640057602255,1.1649023852976175,0.015625,0.1130952380952381,0.5271157919073038,0.24978222996515678,0.7804878048780488,336,1.5B,8192
needle,block_oracle,128,0.05,0.16502334806984836,0.48410157726586034,0.046875,0.3869047619047619,0.7242389261975153,0.37016550522648084,0.9365853658536585,336,1.5B,8192
needle,block_oracle,128,0.1,0.10526713655550551,0.31349798764316406,0.09375,0.4851190476190476,0.794283967678788,0.4221653600464576,0.9365853658536585,336,1.5B,8192
needle,block_oracle,128,0.15,0.0717487300007921,0.2252841622557899,0.15625,0.6101190476190477,0.843245846355078,0.4925704211709094,1.0414971521562246,336,1.5B,8192
needle,block_oracle,256,0.0025,0.5164965920573851,1.1083101857657933,0.03125,0.12202380952380952,0.5619481297403868,0.4964569160997732,12.19047619047619,336,1.5B,8192
needle,block_oracle,256,0.005,0.5164965920573851,1.1083101857657933,0.03125,0.12202380952380952,0.5619481297403868,0.4532520325203252,6.2439024390243905,336,1.5B,8192
needle,block_oracle,256,0.01,0.5164965920573851,1.1083101857657933,0.03125,0.12202380952380952,0.5619481297403868,0.39623257839721254,3.1219512195121952,336,1.5B,8192
needle,block_oracle,256,0.02,0.5164965920573851,1.1083101857657933,0.03125,0.12202380952380952,0.5619481297403868,0.334621806039489,1.5609756097560976,336,1.5B,8192
needle,block_oracle,256,0.05,0.1699736533375104,0.47173305029232804,0.0625,0.375,0.7316290906157443,0.40242450638792104,1.248780487804878,336,1.5B,8192
needle,block_oracle,256,0.1,0.11804152889354388,0.35113928558968543,0.09375,0.46130952380952384,0.7788118733035031,0.39462833914053425,0.9365853658536585,336,1.5B,8192
needle,block_oracle,256,0.15,0.07887235000516542,0.2575804336867493,0.15625,0.5744047619047619,0.8302232732392328,0.46571690108101826,1.0414971521562246,336,1.5B,8192
needle,centroid,16,0.0025,0.9467875479661276,2.6014621517479624,0.001953125,0.047619047619047616,0.2219407117198899,0.27338435374149656,0.7619047619047619,336,1.5B,8192
needle,centroid,16,0.005,0.6277047239634856,2.040294195732696,0.005859375,0.0744047619047619,0.34471231989556755,0.4295150987224158,1.170731707317073,336,1.5B,8192
needle,centroid,16,0.01,0.5256635940324551,1.8117599686955923,0.009765625,0.09523809523809523,0.39383917874343377,0.41586817653890823,0.975609756097561,336,1.5B,8192
needle,centroid,16,0.02,0.4056567211654203,1.4709273637682423,0.01953125,0.13690476190476192,0.4709355249434023,0.4479711091753775,0.975609756097561,336,1.5B,8192
needle,centroid,16,0.05,0.23195882147466657,1.122461463607947,0.05078125,0.21726190476190477,0.6075758622366565,0.5017494192799071,1.0146341463414634,336,1.5B,8192
needle,centroid,16,0.1,0.1445720984490208,0.8761404462266027,0.099609375,0.375,0.7123696609173454,0.54465737514518,0.9951219512195122,336,1.5B,8192
needle,centroid,16,0.15,0.09132938217753739,0.6170724686510043,0.150390625,0.5208333333333334,0.789332425181298,0.5858712077182379,1.0024410089503661,336,1.5B,8192
needle,centroid,32,0.0025,0.7798362303586719,2.2082024076989475,0.00390625,0.0744047619047619,0.2947198154722369,0.39710884353741494,1.5238095238095237,336,1.5B,8192
needle,centroid,32,0.005,0.7798362303586719,2.2082024076989475,0.00390625,0.0744047619047619,0.2947198154722369,0.31460511033681765,0.7804878048780488,336,1.5B,8192
needle,centroid,32,0.01,0.521445941928713,1.7119552673527092,0.01171875,0.10416666666666667,0.4048785362659087,0.4218568524970964,1.170731707317073,336,1.5B,8192
needle,centroid,32,0.02,0.43244246378841483,1.4061042508743817,0.01953125,0.13095238095238096,0.4717534219972458,0.41211164343786294,0.975609756097561,336,1.5B,8192
needle,centroid,32,0.05,0.23896163564841788,1.0789767943457869,0.05078125,0.2261904761904762,0.6198770872262162,0.46432200929152145,1.0146341463414634,336,1.5B,8192
needle,centroid,32,0.1,0.13395587490619434,0.6084531900468297,0.1015625,0.4017857142857143,0.7394183137521724,0.5127105110336818,1.0146341463414634,336,1.5B,8192
needle,centroid,32,0.15,0.09244162708101537,0.4596973514322106,0.1484375,0.5297619047619048,0.7979453060442132,0.5430252043860668,0.9894222945484134,336,1.5B,8192
needle,centroid,64,0.0025,0.6482309612609642,1.8130151835992867,0.0078125,0.08333333333333333,0.350818914600502,0.48129251700680276,3.0476190476190474,336,1.5B,8192
needle,centroid,64,0.005,0.6482309612609642,1.8130151835992867,0.0078125,0.08333333333333333,0.350818914600502,0.41506968641114983,1.5609756097560976,336,1.5B,8192
needle,centroid,64,0.01,0.6482309612609642,1.8130151835992867,0.0078125,0.08333333333333333,0.350818914600502,0.30781794425087106,0.7804878048780488,336,1.5B,8192
needle,centroid,64,0.02,0.38511934525644065,1.1568168307463318,0.0234375,0.1488095238095238,0.5302968193157029,0.4169570267131243,1.170731707317073,336,1.5B,8192
needle,centroid,64,0.05,0.23079078417312315,0.8101025016128874,0.046875,0.24404761904761904,0.6363752610645972,0.41265243902439025,0.9365853658536585,336,1.5B,8192
needle,centroid,64,0.1,0.12169400528779115,0.4268867241854475,0.1015625,0.4226190476190476,0.761384515609142,0.4813951800232288,1.0146341463414634,336,1.5B,8192
needle,centroid,64,0.15,0.08918937245153484,0.29600487477028137,0.1484375,0.5446428571428571,0.8174497279266897,0.5143336626758108,0.9894222945484134,336,1.5B,8192
needle,centroid,128,0.0025,0.5436242071425218,1.6485624979945603,0.015625,0.10416666666666667,0.42191856958894747,0.5765306122448979,6.095238095238095,336,1.5B,8192
needle,centroid,128,0.005,0.5436242071425218,1.6485624979945603,0.015625,0.10416666666666667,0.42191856958894747,0.5128484320557491,3.1219512195121952,336,1.5B,8192
needle,centroid,128,0.01,0.5436242071425218,1.6485624979945603,0.015625,0.10416666666666667,0.42191856958894747,0.4193887921022067,1.5609756097560976,336,1.5B,8192
needle,centroid,128,0.02,0.5436242071425218,1.6485624979945603,0.015625,0.10416666666666667,0.42191856958894747,0.3165287456445993,0.7804878048780488,336,1.5B,8192
needle,centroid,128,0.05,0.26672553155931106,0.8719151113694583,0.046875,0.22916666666666666,0.622771865835319,0.39301684088269456,0.9365853658536585,336,1.5B,8192
needle,centroid,128,0.1,0.14581824528251974,0.515513433120287,0.09375,0.3630952380952381,0.731920119533156,0.4358630952380952,0.9365853658536585,336,1.5B,8192
needle,centroid,128,0.15,0.09616589533997488,0.32999527765558034,0.15625,0.5119047619047619,0.8060980732311698,0.5045236157929404,1.0414971521562246,336,1.5B,8192
needle,centroid,256,0.0025,0.513876637693667,1.5960529427664536,0.03125,0.11607142857142858,0.43878654404445705,0.614937641723356,12.19047619047619,336,1.5B,8192
needle,centroid,256,0.005,0.513876637693667,1.5960529427664536,0.03125,0.11607142857142858,0.43878654404445705,0.5738966318234612,6.2439024390243905,336,1.5B,8192
needle,centroid,256,0.01,0.513876637693667,1.5960529427664536,0.03125,0.11607142857142858,0.43878654404445705,0.5027584204413473,3.1219512195121952,336,1.5B,8192
needle,centroid,256,0.02,0.513876637693667,1.5960529427664536,0.03125,0.11607142857142858,0.43878654404445705,0.41632186411149824,1.5609756097560976,336,1.5B,8192
needle,centroid,256,0.05,0.28440777562936725,1.0892737007666562,0.0625,0.23511904761904762,0.6050671438803826,0.4309088269454123,1.248780487804878,336,1.5B,8192
needle,centroid,256,0.1,0.1970977582759446,0.7575081758958941,0.09375,0.30357142857142855,0.6840474058404743,0.4144127468060395,0.9365853658536585,336,1.5B,8192
needle,centroid,256,0.15,0.11648214972743473,0.4349504985542828,0.15625,0.4523809523809524,0.7763465233497848,0.4797769189042582,1.0414971521562246,336,1.5B,8192
needle,centroid_ub,16,0.0025,1.166291701785212,2.858935890544254,0.001953125,0.02976190476190476,0.13664706204177965,0.12670068027210885,0.7619047619047619,336,1.5B,8192
needle,centroid_ub,16,0.005,0.8087871647692083,1.7996603895006835,0.005859375,0.08333333333333333,0.3105540807620166,0.24760452961672477,1.170731707317073,336,1.5B,8192
needle,centroid_ub,16,0.01,0.61821001183754,1.4779467561921609,0.009765625,0.10119047619047619,0.3953641295331185,0.25529907084785136,0.975609756097561,336,1.5B,8192
needle,centroid_ub,16,0.02,0.43910552944987274,1.2035364355314597,0.01953125,0.1875,0.4891872383500064,0.2875471835075493,0.975609756097561,336,1.5B,8192
needle,centroid_ub,16,0.05,0.22790191313191835,0.7543380443355867,0.05078125,0.2916666666666667,0.6295931323781928,0.3565185830429733,1.0146341463414634,336,1.5B,8192
needle,centroid_ub,16,0.1,0.14815887746287387,0.5430228175158156,0.099609375,0.3958333333333333,0.7208089771244529,0.4151930894308943,0.9951219512195122,336,1.5B,8192
needle,centroid_ub,16,0.15,0.10772727481254343,0.4450210153304751,0.150390625,0.48214285714285715,0.7721461637286419,0.4657362741679259,1.0024410089503661,336,1.5B,8192
needle,centroid_ub,32,0.0025,1.1209436548016716,2.187990949198695,0.00390625,0.047619047619047616,0.19466714989846706,0.15419501133786848,1.5238095238095237,336,1.5B,8192
needle,centroid_ub,32,0.005,1.1209436548016716,2.187990949198695,0.00390625,0.047619047619047616,0.19466714989846706,0.11984610917537745,0.7804878048780488,336,1.5B,8192
needle,centroid_ub,32,0.01,0.5901096911067488,1.2175996134000928,0.01171875,0.09821428571428571,0.4163797582661976,0.2683652729384437,1.170731707317073,336,1.5B,8192
needle,centroid_ub,32,0.02,0.4387173438656853,1.1072086607370413,0.01953125,0.14285714285714285,0.48404085970608957,0.27783826945412315,0.975609756097561,336,1.5B,8192
needle,centroid_ub,32,0.05,0.27662362788252426,0.8461127355151049,0.05078125,0.24404761904761904,0.6027212731126641,0.3470528455284553,1.0146341463414634,336,1.5B,8192
needle,centroid_ub,32,0.1,0.16561758832219114,0.6163870935845368,0.1015625,0.3482142857142857,0.6976252268268291,0.41345818815331004,1.0146341463414634,336,1.5B,8192
needle,centroid_ub,32,0.15,0.12466782336203955,0.48854723679846884,0.1484375,0.44345238095238093,0.7500033800898804,0.4554782246503158,0.9894222945484134,336,1.5B,8192
needle,centroid_ub,64,0.0025,0.9292402766881702,1.31771540079676,0.0078125,0.050595238095238096,0.3244831582109013,0.2593537414965986,3.0476190476190474,336,1.5B,8192
needle,centroid_ub,64,0.005,0.9292402766881702,1.31771540079676,0.0078125,0.050595238095238096,0.3244831582109013,0.22531939605110335,1.5609756097560976,336,1.5B,8192
needle,centroid_ub,64,0.01,0.9292402766881702,1.31771540079676,0.0078125,0.050595238095238096,0.3244831582109013,0.17334494773519163,0.7804878048780488,336,1.5B,8192
needle,centroid_ub,64,0.02,0.4201000711367657,1.0276401488166678,0.0234375,0.16964285714285715,0.5340495674134277,0.3244954994192799,1.170731707317073,336,1.5B,8192
needle,centroid_ub,64,0.05,0.27486344716379113,0.8301543231721664,0.046875,0.25297619047619047,0.6209766847793803,0.33386324041811843,0.9365853658536585,336,1.5B,8192
needle,centroid_ub,64,0.1,0.16572828893463662,0.5706685742045634,0.1015625,0.3898809523809524,0.7174986062077982,0.40832244483159114,1.0146341463414634,336,1.5B,8192
needle,centroid_ub,64,0.15,0.12678384828779618,0.4762725580843825,0.1484375,0.44345238095238093,0.7611911425027184,0.44771688170793134,0.9894222945484134,336,1.5B,8192
needle,centroid_ub,128,0.0025,0.8574568044068591,1.293856210746374,0.015625,0.06547619047619048,0.3732275643984074,0.29705215419501135,6.095238095238095,336,1.5B,8192
needle,centroid_ub,128,0.005,0.8574568044068591,1.293856210746374,0.015625,0.06547619047619048,0.3732275643984074,0.26364692218350755,3.1219512195121952,336,1.5B,8192
needle,centroid_ub,128,0.01,0.8574568044068591,1.293856210746374,0.015625,0.06547619047619048,0.3732275643984074,0.22484756097560976,1.5609756097560976,336,1.5B,8192
needle,centroid_ub,128,0.02,0.8574568044068591,1.293856210746374,0.015625,0.06547619047619048,0.3732275643984074,0.1836164343786295,0.7804878048780488,336,1.5B,8192
needle,centroid_ub,128,0.05,0.2623138656364743,0.8076003330067825,0.046875,0.28273809523809523,0.6283297959147826,0.32595818815331007,0.9365853658536585,336,1.5B,8192
needle,centroid_ub,128,0.1,0.16428031853432729,0.4944670866803318,0.09375,0.37202380952380953,0.719697018433141,0.38301030778164924,0.9365853658536585,336,1.5B,8192
needle,centroid_ub,128,0.15,0.10397712537114207,0.3746135745904686,0.15625,0.4851190476190476,0.7781403614744213,0.4524148552830408,1.0414971521562246,336,1.5B,8192
needle,centroid_ub,256,0.0025,0.850877464924911,1.3331759473916285,0.03125,0.06547619047619048,0.3951743119671119,0.32227891156462585,12.19047619047619,336,1.5B,8192
needle,centroid_ub,256,0.005,0.850877464924911,1.3331759473916285,0.03125,0.06547619047619048,0.3951743119671119,0.298054587688734,6.2439024390243905,336,1.5B,8192
needle,centroid_ub,256,0.01,0.850877464924911,1.3331759473916285,0.03125,0.06547619047619048,0.3951743119671119,0.2719947735191638,3.1219512195121952,336,1.5B,8192
needle,centroid_ub,256,0.02,0.850877464924911,1.3331759473916285,0.03125,0.06547619047619048,0.3951743119671119,0.2414343786295006,1.5609756097560976,336,1.5B,8192
needle,centroid_ub,256,0.05,0.23216083265702514,0.8649478086527373,0.0625,0.2916666666666667,0.6424743479112485,0.3693379790940766,1.248780487804878,336,1.5B,8192
needle,centroid_ub,256,0.1,0.15992240325838003,0.5159041758078458,0.09375,0.36607142857142855,0.7210173296621158,0.36388283972125435,0.9365853658536585,336,1.5B,8192
needle,centroid_ub,256,0.15,0.10357464096707963,0.3705944667225477,0.15625,0.49107142857142855,0.7846458049252835,0.4358024332597156,1.0414971521562246,336,1.5B,8192
needle,interval_cover,16,0.02,0.05815600471628781,0.18311368478492202,0.12676130022321427,0.6607142857142857,0.8894380332754146,1.0,6.331881533101045,336,1.5B,8192
needle,interval_cover,16,0.05,0.026392009611405823,0.09532919236914786,0.26420665922619047,0.9107142857142857,0.9447368459342762,1.0,5.27897793263647,336,1.5B,8192
needle,interval_cover,32,0.02,0.04739826133946036,0.14917707627080962,0.19369652157738096,0.7559523809523809,0.9076067269745044,1.0,9.675377468060395,336,1.5B,8192
needle,interval_cover,32,0.05,0.018873343425120783,0.07332218872301674,0.3705938430059524,0.9464285714285714,0.9585569528161716,1.0,7.404645760743322,336,1.5B,8192
needle,interval_cover,64,0.02,0.03289495257139964,0.12277128605657012,0.2941313244047619,0.8630952380952381,0.9273834208038662,1.0,14.692218350754937,336,1.5B,8192
needle,interval_cover,64,0.05,0.011403847692733391,0.048488066014291606,0.5,0.9821428571428571,0.9722057432983973,1.0,9.990243902439024,336,1.5B,8192
needle,interval_cover,128,0.02,0.019814004256275317,0.08873844482609994,0.41085379464285715,0.9107142857142857,0.9463143574434492,1.0,20.522648083623693,336,1.5B,8192
needle,interval_cover,128,0.05,0.005547540281716548,0.0289537756463817,0.6285342261904762,0.9910714285714286,0.9826736301888449,1.0,12.558420441347272,336,1.5B,8192
needle,interval_cover,256,0.02,0.01341761398749752,0.06667522347237584,0.5203683035714286,0.9404761904761905,0.9619027540865913,1.0,25.99303135888502,336,1.5B,8192
needle,interval_cover,256,0.05,0.0024676191747991677,0.01741775603395344,0.7268415178571429,0.9940476190476191,0.989331493967758,1.0,14.522648083623695,336,1.5B,8192
needle,maxsketch,16,0.0025,1.0952716121943915,2.758035791732879,0.001953125,0.002976190476190476,0.023092218224479516,0.017857142857142856,0.7619047619047619,336,1.5B,8192
needle,maxsketch,16,0.005,0.9401773237469696,2.2204835877824616,0.005859375,0.008928571428571428,0.05570050849801248,0.03796457607433217,1.170731707317073,336,1.5B,8192
needle,maxsketch,16,0.01,0.8702343620147646,2.0743991530489794,0.009765625,0.020833333333333332,0.08049609468622969,0.04594947735191638,0.975609756097561,336,1.5B,8192
needle,maxsketch,16,0.02,0.8226305862710381,1.889020999006202,0.01953125,0.03273809523809524,0.12852712397968227,0.06856126596980255,0.975609756097561,336,1.5B,8192
needle,maxsketch,16,0.05,0.6860270959078236,1.6993728223514526,0.05078125,0.05952380952380952,0.22798160373499793,0.1279253774680604,1.0146341463414634,336,1.5B,8192
needle,maxsketch,16,0.1,0.5232105823754228,1.3071380299327728,0.099609375,0.11011904761904762,0.3459720417516741,0.19356489547038325,0.9951219512195122,336,1.5B,8192
needle,maxsketch,16,0.15,0.3831916278593144,1.2127634193673529,0.150390625,0.17261904761904762,0.4404336526494819,0.25067321477004145,1.0024410089503661,336,1.5B,8192
needle,maxsketch,32,0.0025,0.9812803866821478,2.2924617475511555,0.00390625,0.002976190476190476,0.041520311492119155,0.03443877551020408,1.5238095238095237,336,1.5B,8192
needle,maxsketch,32,0.005,0.9812803866821478,2.2924617475511555,0.00390625,0.002976190476190476,0.041520311492119155,0.028963414634146343,0.7804878048780488,336,1.5B,8192
needle,maxsketch,32,0.01,0.865960732258363,2.03829990298187,0.01171875,0.011904761904761904,0.08375438211663673,0.054115853658536585,1.170731707317073,336,1.5B,8192
needle,maxsketch,32,0.02,0.8000893035859465,1.9502453765007068,0.01953125,0.02976190476190476,0.11824790233165675,0.06965011614401859,0.975609756097561,336,1.5B,8192
needle,maxsketch,32,0.05,0.6759999880990446,1.6434897894285467,0.05078125,0.05654761904761905,0.21782522175872931,0.12757694541231127,1.0146341463414634,336,1.5B,8192
needle,maxsketch,32,0.1,0.5085827596031461,1.340258936288297,0.1015625,0.11607142857142858,0.3418675357978073,0.1942073170731707,1.0146341463414634,336,1.5B,8192
needle,maxsketch,32,0.15,0.419823019486371,1.244471133848807,0.1484375,0.17261904761904762,0.42195403441506896,0.24363109767910418,0.9894222945484134,336,1.5B,8192
needle,maxsketch,64,0.0025,0.8437881583577759,2.0615931728679167,0.0078125,0.017857142857142856,0.057738677994004596,0.05541383219954648,3.0476190476190474,336,1.5B,8192
needle,maxsketch,64,0.005,0.8437881583577759,2.0615931728679167,0.0078125,0.017857142857142856,0.057738677994004596,0.04819976771196283,1.5609756097560976,336,1.5B,8192
needle,maxsketch,64,0.01,0.8437881583577759,2.0615931728679167,0.0078125,0.017857142857142856,0.057738677994004596,0.04025116144018583,0.7804878048780488,336,1.5B,8192
needle,maxsketch,64,0.02,0.7414888581153519,1.8182316637399836,0.0234375,0.026785714285714284,0.12729429305414877,0.08351480836236934,1.170731707317073,336,1.5B,8192
needle,maxsketch,64,0.05,0.6973552210168735,1.6260092700902136,0.046875,0.0625,0.1996759592931375,0.1186774099883856,0.9365853658536585,336,1.5B,8192
needle,maxsketch,64,0.1,0.5651449239303408,1.4325600057811754,0.1015625,0.12202380952380952,0.3135947590775789,0.19286077235772356,1.0146341463414634,336,1.5B,8192
needle,maxsketch,64,0.15,0.4541001384349395,1.273460695301229,0.1484375,0.15178571428571427,0.4036901782199345,0.24032798636134683,0.9894222945484134,336,1.5B,8192
needle,maxsketch,128,0.0025,0.7584157954806108,1.8813210634587287,0.015625,0.023809523809523808,0.08388858239298214,0.08744331065759636,6.095238095238095,336,1.5B,8192
needle,maxsketch,128,0.005,0.7584157954806108,1.8813210634587287,0.015625,0.023809523809523808,0.08388858239298214,0.07730836236933798,3.1219512195121952,336,1.5B,8192
needle,maxsketch,128,0.01,0.7584157954806108,1.8813210634587287,0.015625,0.023809523809523808,0.08388858239298214,0.06729094076655052,1.5609756097560976,336,1.5B,8192
needle,maxsketch,128,0.02,0.7584157954806108,1.8813210634587287,0.015625,0.023809523809523808,0.08388858239298214,0.05986861207897794,0.7804878048780488,336,1.5B,8192
needle,maxsketch,128,0.05,0.6753405777128028,1.6814860263684595,0.046875,0.041666666666666664,0.18157121354829467,0.11960656213704994,0.9365853658536585,336,1.5B,8192
needle,maxsketch,128,0.1,0.6175737880591388,1.486135850913338,0.09375,0.09226190476190477,0.28745085721108454,0.18120644599303135,0.9365853658536585,336,1.5B,8192
needle,maxsketch,128,0.15,0.43460786709552723,1.3422538258419983,0.15625,0.16666666666666666,0.40142825816850475,0.25346051764888217,1.0414971521562246,336,1.5B,8192
needle,maxsketch,256,0.0025,0.6851873383987322,1.778059956713535,0.03125,0.03869047619047619,0.12264395697333373,0.1320861678004535,12.19047619047619,336,1.5B,8192
needle,maxsketch,256,0.005,0.6851873383987322,1.778059956713535,0.03125,0.03869047619047619,0.12264395697333373,0.12231416957026714,6.2439024390243905,336,1.5B,8192
needle,maxsketch,256,0.01,0.6851873383987322,1.778059956713535,0.03125,0.03869047619047619,0.12264395697333373,0.11138937282229966,3.1219512195121952,336,1.5B,8192
needle,maxsketch,256,0.02,0.6851873383987322,1.778059956713535,0.03125,0.03869047619047619,0.12264395697333373,0.10382186411149825,1.5609756097560976,336,1.5B,8192
needle,maxsketch,256,0.05,0.6235901160883863,1.659599221381904,0.0625,0.05357142857142857,0.1964546811247311,0.14736498257839722,1.248780487804878,336,1.5B,8192
needle,maxsketch,256,0.1,0.5919937098613224,1.578453298022355,0.09375,0.08035714285714286,0.26188257230091644,0.17788182346109174,0.9365853658536585,336,1.5B,8192
needle,maxsketch,256,0.15,0.5008894339668943,1.3787233571716673,0.15625,0.13988095238095238,0.3559315024278861,0.25274371343329843,1.0414971521562246,336,1.5B,8192
needle,recent_sink_routed,16,0.0025,0.426457412627112,1.0549926262164893,0.009765625,0.20535714285714285,0.5511637098687269,0.4794501133786848,3.8095238095238093,336,1.5B,8192
needle,recent_sink_routed,16,0.005,0.426457412627112,1.0549926262164893,0.009765625,0.20535714285714285,0.5511637098687269,0.40047909407665505,1.951219512195122,336,1.5B,8192
needle,recent_sink_routed,16,0.01,0.426457412627112,1.0549926262164893,0.009765625,0.20535714285714285,0.5511637098687269,0.2934088269454123,0.975609756097561,336,1.5B,8192
needle,recent_sink_routed,16,0.02,0.21312689317491806,0.6299628708092224,0.01953125,0.3273809523809524,0.6721147040976807,0.41114982578397213,0.975609756097561,336,1.5B,8192
needle,recent_sink_routed,16,0.05,0.11869018297868264,0.3611236550719348,0.05078125,0.44047619047619047,0.7720983034826923,0.4933580139372823,1.0146341463414634,336,1.5B,8192
needle,recent_sink_routed,16,0.1,0.07824108450482103,0.2404962768533482,0.099609375,0.6041666666666666,0.8355079708803527,0.540857288037166,0.9951219512195122,336,1.5B,8192
needle,recent_sink_routed,16,0.15,0.05165562568798292,0.17363238936141606,0.150390625,0.7232142857142857,0.8760037110349821,0.5835924483707233,1.0024410089503661,336,1.5B,8192
needle,recent_sink_routed,32,0.0025,0.4124841092027292,1.0482582067900936,0.01171875,0.20535714285714285,0.5608975676076979,0.5,4.571428571428571,336,1.5B,8192
needle,recent_sink_routed,32,0.005,0.4124841092027292,1.0482582067900936,0.01171875,0.20535714285714285,0.5608975676076979,0.41942508710801396,2.341463414634146,336,1.5B,8192
needle,recent_sink_routed,32,0.01,0.4124841092027292,1.0482582067900936,0.01171875,0.20535714285714285,0.5608975676076979,0.31003193960511033,1.170731707317073,336,1.5B,8192
needle,recent_sink_routed,32,0.02,0.24110094224715173,0.7205097058063263,0.01953125,0.31845238095238093,0.6472002222295232,0.3678317363530778,0.975609756097561,336,1.5B,8192
needle,recent_sink_routed,32,0.05,0.13483012666703198,0.4055889877087351,0.05078125,0.4226190476190476,0.7540691731600079,0.4537819396051103,1.0146341463414634,336,1.5B,8192
needle,recent_sink_routed,32,0.1,0.08721985489924713,0.2674035906129151,0.1015625,0.5476190476190477,0.8198039631196591,0.5085474738675958,1.0146341463414634,336,1.5B,8192
needle,recent_sink_routed,32,0.15,0.06361505394126214,0.20504707917804935,0.1484375,0.6547619047619048,0.8563744179755669,0.5407585532178698,0.9894222945484134,336,1.5B,8192
needle,recent_sink_routed,64,0.0025,0.3968737119626865,1.0077058691959757,0.015625,0.20833333333333334,0.5762841785845306,0.5357142857142857,6.095238095238095,336,1.5B,8192
needle,recent_sink_routed,64,0.005,0.3968737119626865,1.0077058691959757,0.015625,0.20833333333333334,0.5762841785845306,0.45513937282229966,3.1219512195121952,336,1.5B,8192
needle,recent_sink_routed,64,0.01,0.3968737119626865,1.0077058691959757,0.015625,0.20833333333333334,0.5762841785845306,0.3456736353077816,1.5609756097560976,336,1.5B,8192
needle,recent_sink_routed,64,0.02,0.2526185097985597,0.7287624741071863,0.0234375,0.30357142857142855,0.6450869839358976,0.3702635017421603,1.170731707317073,336,1.5B,8192
needle,recent_sink_routed,64,0.05,0.15967311420657776,0.47292923648810437,0.046875,0.3898809523809524,0.7249677609775531,0.3980255516840883,0.9365853658536585,336,1.5B,8192
needle,recent_sink_routed,64,0.1,0.09587645783993404,0.28550387248198084,0.1015625,0.5029761904761905,0.8005829525767296,0.477399099883856,1.0146341463414634,336,1.5B,8192
needle,recent_sink_routed,64,0.15,0.07179320820272375,0.23065958242524123,0.1484375,0.5982142857142857,0.8385795247315825,0.5120524816924329,0.9894222945484134,336,1.5B,8192
needle,recent_sink_routed,128,0.0025,0.23985333965624164,0.685244472766632,0.03125,0.3005952380952381,0.6511602728953331,0.6724773242630386,12.19047619047619,336,1.5B,8192
needle,recent_sink_routed,128,0.005,0.23985333965624164,0.685244472766632,0.03125,0.3005952380952381,0.6511602728953331,0.59465737514518,6.2439024390243905,336,1.5B,8192
needle,recent_sink_routed,128,0.01,0.23985333965624164,0.685244472766632,0.03125,0.3005952380952381,0.6511602728953331,0.49520905923344954,3.1219512195121952,336,1.5B,8192
needle,recent_sink_routed,128,0.02,0.23985333965624164,0.685244472766632,0.03125,0.3005952380952381,0.6511602728953331,0.3896631823461092,1.5609756097560976,336,1.5B,8192
needle,recent_sink_routed,128,0.05,0.1840943310852646,0.5083913063434182,0.046875,0.36607142857142855,0.7024352463675331,0.3623911149825784,0.9365853658536585,336,1.5B,8192
needle,recent_sink_routed,128,0.1,0.11475128199754381,0.3300965548318556,0.09375,0.4642857142857143,0.778113558070433,0.4269200058072009,0.9365853658536585,336,1.5B,8192
needle,recent_sink_routed,128,0.15,0.0775792518886133,0.24608805954647178,0.15625,0.5773809523809523,0.8272009295651812,0.500004843271727,1.0414971521562246,336,1.5B,8192
needle,recent_sink_routed,256,0.0025,0.17569128035177684,0.5180738335109032,0.0625,0.375,0.710315107270785,0.7528344671201813,24.38095238095238,336,1.5B,8192
needle,recent_sink_routed,256,0.005,0.17569128035177684,0.5180738335109032,0.0625,0.375,0.710315107270785,0.6931620209059234,12.487804878048781,336,1.5B,8192
needle,recent_sink_routed,256,0.01,0.17569128035177684,0.5180738335109032,0.0625,0.375,0.710315107270785,0.6138574332171893,6.2439024390243905,336,1.5B,8192
needle,recent_sink_routed,256,0.02,0.17569128035177684,0.5180738335109032,0.0625,0.375,0.710315107270785,0.5250435540069687,3.1219512195121952,336,1.5B,8192
needle,recent_sink_routed,256,0.05,0.17569128035177684,0.5180738335109032,0.0625,0.375,0.710315107270785,0.3822662601626016,1.248780487804878,336,1.5B,8192
needle,recent_sink_routed,256,0.1,0.13209227925822098,0.3771594663682408,0.09375,0.44345238095238093,0.7622247796414563,0.391506968641115,0.9365853658536585,336,1.5B,8192
needle,recent_sink_routed,256,0.15,0.08801486842915468,0.27037877788531395,0.15625,0.5357142857142857,0.8141974515302393,0.4697925142392189,1.0414971521562246,336,1.5B,8192
needle,token_oracle,0,0.0025,0.27475297148935623,0.6504541945883006,0.0025634765625,0.19345238095238096,0.6438271295158061,1.0,1.0,336,1.5B,8192
needle,token_oracle,0,0.005,0.19580025251742417,0.52731171957636,0.0050048828125,0.31547619047619047,0.7071313996406017,1.0,1.0,336,1.5B,8192
needle,token_oracle,0,0.01,0.14515515323898923,0.4212881654296972,0.010009765625,0.3869047619047619,0.7699834059172646,1.0,1.0,336,1.5B,8192
needle,token_oracle,0,0.02,0.10224767684700498,0.32262505117729456,0.02001953125,0.4880952380952381,0.8250335390056774,1.0,1.0,336,1.5B,8192
needle,token_oracle,0,0.05,0.05965930991441988,0.204298447560547,0.050048828125,0.6547619047619048,0.891099794416546,1.0,1.0,336,1.5B,8192
needle,token_oracle,0,0.1,0.03314111387489664,0.12209324398154245,0.10009765625,0.8452380952380952,0.9339437134094472,1.0,1.0,336,1.5B,8192
needle,token_oracle,0,0.15,0.022267390646199377,0.08806059689488585,0.1500244140625,0.9196428571428571,0.9548821643625299,1.0,1.0,336,1.5B,8192
