layer,head,prompt,regime,T,log_T,q_norm,k_norm_mean,k_norm_std,k_norm_max,v_norm_mean,v_norm_std,v_norm_max,value_spectral,cent_top1,cent_margin12,cent_entropy,cent_top_block_mass,cent_recent_frac,qk_align_max,entropy,gini,mass_top8,mass_top16,mass_top32,margin_top8,margin_top16,sink_mass,recent_mass,oracle_rl2_1,oracle_rl2_2,oracle_rl2_5,oracle_rl2_10,oracle_rl2_15,oracle_rl2_25,router_rl2_10,router_read_10,router_rl2_15,router_read_15,model,ctx_target
0,0,longdoc_8192,longdoc,8192,9.010913347279288,15.5262678452578,821.1923452768801,1.3497879432340927,825.35635625785,4.7079149128699855,1.2031104511887303,6.690606725864675,0.043905619732733644,5239.9016954842955,8.924784457311034,0.0013273557734627367,0.9998665318325791,0.08,0.4123445979802954,6.334065789299624,0.8916313754866255,0.20114457708226005,0.2931301810885576,0.40562871327221955,0.030689649211694814,0.02232678723646586,1.9154348630263435e-05,0.38651852952748783,0.1941853016773004,0.13703580040581678,0.06726268742845787,0.04408892397314818,0.03573473669215006,0.024011839905190645,0.10134670843256385,0.1015625,0.08093770752365399,0.15234375,1.5B,8192
0,1,longdoc_8192,longdoc,8192,9.010913347279288,39.68273715778746,821.1923452768801,1.3497879432340927,825.35635625785,4.7079149128699855,1.2031104511887303,6.690606725864675,0.043905619732733644,5119.747866563499,54.3219930306077,7.30091029287415e-09,0.9999999999989999,0.08,0.1658276898211137,0.00010787456937283767,0.9998779246516618,0.9999995383763756,0.9999999015830999,0.9999999790751588,0.011020389361249272,0.38949529577269004,2.340593661670027e-26,0.9999977831856687,1.4000630036429685e-09,9.342827046520297e-11,1.6386904536537018e-12,4.7038363664842e-14,4.6663298350956536e-15,1.6113732965845662e-15,2.178404242355008e-08,0.1015625,5.3319970455279e-09,0.15234375,1.5B,8192
0,2,longdoc_8192,longdoc,8192,9.010913347279288,13.5313461160715,821.1923452768801,1.3497879432340927,825.35635625785,4.7079149128699855,1.2031104511887303,6.690606725864675,0.043905619732733644,755.9440977685153,26.84232096374035,7.3601961267677754e-09,0.9999999999967994,0.08,0.07250093388436624,2.663702975889174,0.9951267087103701,0.8308819885569976,0.8801814574298993,0.9193765993255981,0.30194760916477037,0.013371635599114029,4.1533502235720415e-06,0.925391159475222,0.023880167706762833,0.014169712120046977,0.00552563797364043,0.001887760789343733,0.0008106067951314618,0.00019607535345554194,0.005273046943023878,0.1015625,0.002530222635615304,0.15234375,1.5B,8192
0,3,longdoc_8192,longdoc,8192,9.010913347279288,77.77234663722784,821.1923452768801,1.3497879432340927,825.35635625785,4.7079149128699855,1.2031104511887303,6.690606725864675,0.043905619732733644,24751.73118972499,77.03460767585784,7.300910292874082e-09,0.9999999999989999,0.08,0.3948622614069517,2.675674216163146e-07,0.999877929687077,0.9999999999964932,0.9999999999987932,0.9999999999989913,0.5030813791477158,0.38120366197154,2.209158643826808e-42,0.999999998485877,3.514135013831353e-16,3.510770745459795e-16,3.510770745459795e-16,3.510770745459795e-16,5.135883223200563e-16,3.510770745459795e-16,1.2644378579943484e-12,0.1015625,1.26419475111988e-12,0.15234375,1.5B,8192
0,4,longdoc_8192,longdoc,8192,9.010913347279288,16.859631516111108,821.1923452768801,1.3497879432340927,825.35635625785,4.7079149128699855,1.2031104511887303,6.690606725864675,0.043905619732733644,1665.9294523717836,17.594187633134425,4.3222293407194665e-07,0.9999999771460283,0.08,0.12231339547017916,5.985054630956956,0.915507067758542,0.2587758701103656,0.3552965221154171,0.4554513153736513,0.058913918519749586,0.16646631174543813,0.0003517937179705994,0.5038090941041538,0.09577480127237963,0.06546072723517973,0.03878883131311543,0.02405278616146918,0.01612696847074382,0.00951753417456765,0.04597262480884312,0.1015625,0.03501694273686484,0.15234375,1.5B,8192
0,5,longdoc_8192,longdoc,8192,9.010913347279288,16.512721911808306,821.1923452768801,1.3497879432340927,825.35635625785,4.7079149128699855,1.2031104511887303,6.690606725864675,0.043905619732733644,1925.0973286735825,27.227185789030045,7.341500752770193e-09,0.9999999999975024,0.08,0.14752808053519842,1.4771242894536494,0.9987525929125731,0.9391650852985887,0.9618877584887288,0.9768672310511274,0.02259406147629761,0.02612655743737946,1.0391172094342005e-06,0.9735664977536659,0.008133192008182737,0.004171158792757512,0.0011522330274534194,0.0002582835594104298,8.747119260637295e-05,1.5697209541253227e-05,0.002232453769659658,0.1015625,0.0009360339365928361,0.15234375,1.5B,8192
0,6,longdoc_8192,longdoc,8192,9.010913347279288,34.66518004986498,736.0930180859236,0.7492261528150982,738.5882225507672,4.122391453955142,0.4267862209105323,5.5174707695973595,0.13185093660458305,-5283.022177219391,14.102167390286922,1.1346148773626535e-05,0.9999992492055173,0.08,-0.19679094276975148,0.001851670839197081,0.9998775636955833,0.9999468637880018,0.999973457528007,0.999990494535491,0.13702100608912815,0.12998003787060952,1.439922754535452e-25,0.9998667409229453,1.3634531885512285e-06,2.3666680262528608e-07,6.323970713331998e-09,2.0277596568942264e-10,1.135469548516609e-11,1.3448840579202354e-13,4.2563269226737235e-06,0.1015625,2.0075827621715344e-07,0.15234375,1.5B,8192
0,7,longdoc_8192,longdoc,8192,9.010913347279288,19.054044392811623,736.0930180859236,0.7492261528150982,738.5882225507672,4.122391453955142,0.4267862209105323,5.5174707695973595,0.13185093660458305,7501.503987520933,19.183618746697903,1.0351905503696541e-07,0.9999999952498628,0.08,0.5440804025533122,0.11562769337462489,0.9995969827176987,0.9957117333646529,0.9961365660307748,0.9967175801702141,0.03825905461678758,0.035199530589693495,5.867487088083633e-07,0.9957682507749256,0.0021526841877570944,0.0014708352991434088,0.0007042399001411658,0.0003175968982662876,0.0001726690721977265,6.259751927092651e-05,0.0018953115005065045,0.1015625,0.0012134719103414312,0.15234375,1.5B,8192
0,8,longdoc_8192,longdoc,8192,9.010913347279288,16.21130909045743,736.0930180859236,0.7492261528150982,738.5882225507672,4.122391453955142,0.4267862209105323,5.5174707695973595,0.13185093660458305,2623.8348544118926,26.241295830346644,7.413812572983073e-09,0.9999999999947657,0.08,0.230667938745947,0.985781908237402,0.9980601359648202,0.9472135000663191,0.9616794513961208,0.9717962663964165,0.1477224281008489,0.13230258210467127,5.3755919725422145e-06,0.9447719386942703,0.01670360650987591,0.01069274295263254,0.004408426320824437,0.001543952371577954,0.0006249659519910966,0.00012094664614306454,0.013910433946720027,0.1015625,0.011144474123699271,0.15234375,1.5B,8192
0,9,longdoc_8192,longdoc,8192,9.010913347279288,11.154458278242371,736.0930180859236,0.7492261528150982,738.5882225507672,4.122391453955142,0.4267862209105323,5.5174707695973595,0.13185093660458305,460.8021294735372,15.76016629487276,2.457905187610109e-06,0.9999998544209835,0.08,0.05967484810504875,6.117187584047116,0.9170859090801395,0.20937778588408013,0.3074302153282821,0.4134889535050743,0.0016406925188334753,0.22637456925193788,1.6522474600471904e-05,0.20539241762787236,0.392770988492055,0.2769446214871936,0.15544082956227945,0.0913249204484733,0.06279969009583473,0.03352549144688643,0.10345992371605611,0.1015625,0.10620415946854021,0.15234375,1.5B,8192
0,10,longdoc_8192,longdoc,8192,9.010913347279288,35.318371854245235,736.0930180859236,0.7492261528150982,738.5882225507672,4.122391453955142,0.4267862209105323,5.5174707695973595,0.13185093660458305,6345.253024730831,27.275870949029922,7.3396923089100415e-09,0.9999999999975704,0.08,0.25276754432702264,0.013171121829094095,0.9998765252898074,0.9998444409310854,0.9999353948297673,0.9999719786422627,0.05399626638234167,0.280268703283582,1.1768265188958702e-19,0.998699160539211,5.5913152785379395e-06,1.3430360906924714e-06,6.36337087533448e-08,2.468643596380213e-09,2.405155566230812e-10,5.605979559548758e-12,4.648156673448738e-05,0.1015625,3.6825175124760498e-06,0.15234375,1.5B,8192
0,11,longdoc_8192,longdoc,8192,9.010913347279288,11.580447274396416,736.0930180859236,0.7492261528150982,738.5882225507672,4.122391453955142,0.4267862209105323,5.5174707695973595,0.13185093660458305,256.85330407414585,34.769889497198164,7.3009321076049035e-09,0.999999999998999,0.08,0.034468701482386115,3.3851944986611966,0.9854663512900692,0.6917843222319116,0.8295425476410395,0.8850075039648887,0.09578141063931156,0.058567484595869246,3.1350833801246995e-06,0.9015787058441733,0.05314487493301061,0.03869611019368558,0.023156436673326005,0.012490830233710693,0.007713685502443504,0.003362679831332917,0.02472205630273156,0.1015625,0.015733896388493332,0.15234375,1.5B,8192
1,0,longdoc_8192,longdoc,8192,9.010913347279288,10.932320381775034,153.51475106251138,0.42098026260832194,154.76605701646199,4.710749191873552,0.3271301029580655,5.701087329361573,0.027782014374597923,466.69180324394256,42.11382622946985,7.300910310477018e-09,0.9999999999989999,0.08,0.30915375972688647,2.3134926868003407,0.9981023421341597,0.8971101382218006,0.9621382746004408,0.9755111474683907,0.1250689013725932,0.16712280357016596,1.3142998915335854e-09,0.9756473279744757,0.005816360007574478,0.003319177567675754,0.001030482490848074,0.0003448428743501558,0.00014671220666244035,3.101796687543846e-05,0.0006309975543889079,0.1015625,0.00025737366219286557,0.15234375,1.5B,8192
1,1,longdoc_8192,longdoc,8192,9.010913347279288,13.25413444237158,153.51475106251138,0.42098026260832194,154.76605701646199,4.710749191873552,0.3271301029580655,5.701087329361573,0.027782014374597923,295.45815083850175,33.06687567848712,7.3011857439359406e-09,0.9999999999989899,0.08,0.18393040701297655,2.0668619648779343,0.9979812104134297,0.9096012123336737,0.9379067935099494,0.9642206163213058,0.4596260711880049,0.002473345658014381,1.1695301142889107e-09,0.933245201019113,0.007462178088833304,0.004039536088802869,0.0013226969678077761,0.0004364914870598873,0.0001979769087295019,5.2924342271199505e-05,0.0028592314495987058,0.1015625,0.0016033282925478685,0.15234375,1.5B,8192
1,2,longdoc_8192,longdoc,8192,9.010913347279288,15.058261096807822,153.51475106251138,0.42098026260832194,154.76605701646199,4.710749191873552,0.3271301029580655,5.701087329361573,0.027782014374597923,1602.9796158047393,7.045425997115672,0.007005919243195164,0.9991293184668748,0.08,0.6994782951766535,4.94002856995443,0.9811137880214524,0.29517191420630534,0.4324328153974778,0.58560876955423,0.0824821833259648,0.14706481082356504,2.5132994245086966e-10,0.7238281544955676,0.05569094341089504,0.029109989013150185,0.006618507444672617,0.004608563491315004,0.0017600357791967784,0.00014271662330038465,0.002534552995217249,0.1015625,0.0010854485653739585,0.15234375,1.5B,8192
1,3,longdoc_8192,longdoc,8192,9.010913347279288,8.714382858776233,153.51475106251138,0.42098026260832194,154.76605701646199,4.710749191873552,0.3271301029580655,5.701087329361573,0.027782014374597923,553.100473832339,30.446913708001375,7.302562207999567e-09,0.99999999999894,0.08,0.42770141734406625,3.8906568477244146,0.99045846753924,0.4888259379847231,0.7136669033052592,0.8610437939857856,0.15472665480420744,0.05334945977166683,4.901150674143656e-09,0.9124095453600244,0.012035405228353961,0.007768883061048278,0.0037755917166046736,0.0017416177077646824,0.0009942404703444758,0.0002445606242876082,0.001350583678054273,0.1015625,0.0006862626525964077,0.15234375,1.5B,8192
1,4,longdoc_8192,longdoc,8192,9.010913347279288,18.888421307959767,153.51475106251138,0.42098026260832194,154.76605701646199,4.710749191873552,0.3271301029580655,5.701087329361573,0.027782014374597923,733.7978776694508,34.89438023616094,7.3009298434212865e-09,0.9999999999989992,0.08,0.2985114138170247,0.7122483758263971,0.9997433327461802,0.9936047015530026,0.9961718999714906,0.9978420017073214,0.06808184852179977,0.15461259489542556,2.281620031259007e-10,0.9941303915139279,0.00044666146296753925,0.00017384479106963334,2.8083867287959174e-05,4.497372923668467e-06,1.2549881866126983e-06,1.6171362249955708e-07,0.0002121460048443226,0.1015625,8.265058191922123e-05,0.15234375,1.5B,8192
1,5,longdoc_8192,longdoc,8192,9.010913347279288,19.376115850264522,153.51475106251138,0.42098026260832194,154.76605701646199,4.710749191873552,0.3271301029580655,5.701087329361573,0.027782014374597923,1896.5123378469143,4.278082184726372,0.07342762107816866,0.9862227262349945,0.08,0.6443374905082865,8.243568660434779,0.6314484442394397,0.02333043585511533,0.039646844780495565,0.0653459208847,0.023055379806663723,0.005150344888050995,0.0008609551866082932,0.06460234943820362,0.5401508788074679,0.4879802427788327,0.4036276641582092,0.3076683661361517,0.2558963865048727,0.18840261917347553,0.13145593910140543,0.1015625,0.10645258682185024,0.15234375,1.5B,8192
1,6,longdoc_8192,longdoc,8192,9.010913347279288,11.859692430457246,29.191546883702863,0.8299455325430014,33.097607588599985,3.314936691294057,0.6057939002544367,4.627440535998205,0.15383896146334758,60.62171993404627,8.495768433436751,0.001961525617508016,0.9997942407026894,0.08,0.22996929765179336,7.483775575887203,0.7457516865888882,0.1078531494196158,0.15196272571757463,0.21052954304091112,0.02315240185194334,0.013314589839652058,9.64578179068175e-05,0.2655885276961027,0.44227824837376367,0.32122702024000066,0.23469872055922036,0.17524929729876093,0.14364448282510262,0.10119989163049743,0.10662731874188408,0.1015625,0.08419865664100916,0.15234375,1.5B,8192
1,7,longdoc_8192,longdoc,8192,9.010913347279288,12.012261664053618,29.191546883702863,0.8299455325430014,33.097607588599985,3.314936691294057,0.6057939002544367,4.627440535998205,0.15383896146334758,75.48369550984353,5.717748170718551,0.022037852152793008,0.9967220815593832,0.08,0.2716559058048317,7.3255115922404626,0.7932945790471903,0.10409121494161214,0.14964089472401088,0.21804042930558137,0.10216190613154286,0.000509934720133387,0.0001499014961696389,0.27411361638832255,0.2890320813702063,0.21499846436961229,0.13958502182849486,0.09947697269555167,0.07519034401771696,0.050392338632722466,0.10689171088790872,0.1015625,0.08633888181264102,0.15234375,1.5B,8192
1,8,longdoc_8192,longdoc,8192,9.010913347279288,16.425409812787215,29.191546883702863,0.8299455325430014,33.097607588599985,3.314936691294057,0.6057939002544367,4.627440535998205,0.15383896146334758,22.185439537279308,6.791208137758076,0.008766556520458935,0.998876171924321,0.08,0.0856268057128345,7.2483119896685215,0.7959566972968952,0.1093698215999312,0.16589021638633128,0.23711398916378298,0.02974492760232117,0.054265121128988625,0.001511836739069116,0.2829932043082317,0.44697008984527664,0.3188005778584827,0.20386007811130386,0.1432200598842654,0.11319319126707021,0.07301323391778,0.1777552337275687,0.1015625,0.1496896600407322,0.15234375,1.5B,8192
1,9,longdoc_8192,longdoc,8192,9.010913347279288,10.814797946915885,29.191546883702863,0.8299455325430014,33.097607588599985,3.314936691294057,0.6057939002544367,4.627440535998205,0.15383896146334758,94.78640187717974,16.06579086650163,1.8283129048809447e-06,0.9999998936224743,0.08,0.41091414439012414,6.244419791663615,0.8712838940011176,0.2925773483321614,0.35858763760653584,0.42765718948939163,0.15770961908099146,0.09599001119766015,0.00016989094392269585,0.43926624798321956,0.38677317880735235,0.2904270898356745,0.1742644573662265,0.11395989193515367,0.08863468405054147,0.053412121467524554,0.10209098960968681,0.1015625,0.07421970924332802,0.15234375,1.5B,8192
1,10,longdoc_8192,longdoc,8192,9.010913347279288,13.663394100816602,29.191546883702863,0.8299455325430014,33.097607588599985,3.314936691294057,0.6057939002544367,4.627440535998205,0.15383896146334758,94.63728357851505,16.82348850555718,8.878730515027841e-07,0.9999999505977399,0.08,0.4163769902281967,2.318402147978466,0.9871625383986606,0.8436033359198937,0.8662975896394708,0.8881654515717669,0.23688518194372143,0.008373019365720324,3.912415037366129e-06,0.8814817328461203,0.08494587102737607,0.06073926458454494,0.03261932540625185,0.01631236187061327,0.009869034050042056,0.004253789222196138,0.033265639558615105,0.1015625,0.02236347262965074,0.15234375,1.5B,8192
1,11,longdoc_8192,longdoc,8192,9.010913347279288,11.106582722593279,29.191546883702863,0.8299455325430014,33.097607588599985,3.314936691294057,0.6057939002544367,4.627440535998205,0.15383896146334758,83.18326523900032,17.947369986213744,3.1161696742133244e-07,0.9999999839398401,0.08,0.3749689851898334,4.697608329018014,0.9509244337278049,0.5019959201203161,0.5734014139808893,0.6535467004771229,0.18300696888406254,0.07684318787627475,1.957128048444597e-05,0.6970161290905658,0.20509026076887832,0.1426190232024015,0.07516431033596015,0.04276106965706308,0.030019249511629542,0.017707115267624165,0.05350181785635038,0.1015625,0.036123945831311365,0.15234375,1.5B,8192
2,0,longdoc_8192,longdoc,8192,9.010913347279288,20.768668064793253,24.264392672073924,1.7868069016559198,29.67557982205301,6.892823073709906,0.8510434841551889,9.072238426044537,0.0531500467273999,-70.23236056696624,22.6585085792467,1.3858811688299103e-08,0.9999999997231064,0.08,0.3461577480783348,1.6069276922353615,0.9933981269088636,0.9273019148492293,0.9387943663029514,0.9488095612469508,0.0001775225259281754,0.19404613466630938,0.5917298626719834,0.3577900044991328,0.04571918814373957,0.03446860943923367,0.02028693458068772,0.011868985564881404,0.007862617067452877,0.003981178826053628,0.022153708858560144,0.1015625,0.01673020259404796,0.15234375,1.5B,8192
2,1,longdoc_8192,longdoc,8192,9.010913347279288,20.76542606036013,24.264392672073924,1.7868069016559198,29.67557982205301,6.892823073709906,0.8510434841551889,9.072238426044537,0.0531500467273999,-36.911701693199575,18.65227533131838,1.6318754904679756e-07,0.9999999920662702,0.08,0.38573357560566474,3.538487544369933,0.9865179545427606,0.6214727796948089,0.742130151616205,0.8314310022631696,0.1619542650730148,0.19013233616673864,0.36183537672595234,0.5216713481808608,0.06031141003420584,0.0456788701346874,0.02262274866647159,0.011534370869549728,0.006746739252721679,0.002786314774151425,0.014519348870608158,0.1015625,0.009227598012011267,0.15234375,1.5B,8192
2,2,longdoc_8192,longdoc,8192,9.010913347279288,13.958393760154177,24.264392672073924,1.7868069016559198,29.67557982205301,6.892823073709906,0.8510434841551889,9.072238426044537,0.0531500467273999,-47.24796201661229,1.494148743338883,0.6040065647261683,0.7906833489196573,0.08,0.3692250899090875,6.996080581015243,0.7953117874349604,0.1827323898724589,0.2170475332618862,0.26401523725954207,0.028094119839845888,0.001377580280290669,0.1332163890406846,0.12627028620520847,0.2941358914660187,0.1997880811377947,0.14394906352140924,0.11616809365969642,0.09871679486082112,0.06950164707899752,0.1280355421357809,0.1015625,0.10804199758396553,0.15234375,1.5B,8192
2,3,longdoc_8192,longdoc,8192,9.010913347279288,24.856331918030868,24.264392672073924,1.7868069016559198,29.67557982205301,6.892823073709906,0.8510434841551889,9.072238426044537,0.0531500467273999,-92.65037506818771,0.1563483625650406,1.4040689352169864,0.40546841132968864,0.08,0.23495139469585286,4.549717892253623,0.9822596457130597,0.31596182413472,0.4456826939491144,0.6298418862481994,0.05361277220773725,0.053369737674155204,0.05339281919128989,0.004812675367724813,0.05127300946913744,0.03666865362997137,0.024795901086060477,0.014066648166198823,0.008970770650416163,0.0048872753312665185,0.0820796652536275,0.1015625,0.05962718165220434,0.15234375,1.5B,8192
2,4,longdoc_8192,longdoc,8192,9.010913347279288,16.825919483282256,24.264392672073924,1.7868069016559198,29.67557982205301,6.892823073709906,0.8510434841551889,9.072238426044537,0.0531500467273999,-53.40685625188053,7.689551036572084,0.0040503722285807,0.9995372578867622,0.08,0.3658045638952404,4.928223163764145,0.8964501498955127,0.5009482562802963,0.537218262580618,0.5848443574928642,0.21926138767683812,0.001977993747464879,0.33263572542937925,0.243780705912518,0.28721416107906106,0.22811109337412624,0.1634477831394333,0.10744617532666151,0.07921001255606935,0.047150005493799475,0.1303235303140174,0.1015625,0.09603687539391549,0.15234375,1.5B,8192
2,5,longdoc_8192,longdoc,8192,9.010913347279288,19.29566907357836,24.264392672073924,1.7868069016559198,29.67557982205301,6.892823073709906,0.8510434841551889,9.072238426044537,0.0531500467273999,-51.28615998104215,0.37515433318912983,1.3242456071365047,0.4091322423969392,0.08,0.42575751246196164,6.533549270676137,0.8471922976440281,0.23415863221657465,0.2772658692752788,0.33291338612119203,0.1335883244020537,0.035018910270459,0.1590959175491816,0.10725709395721236,0.2876910043629683,0.20437868243814583,0.11779585480027167,0.07536425293292437,0.058848047623362314,0.03972820632422652,0.10503968484629009,0.1015625,0.09018082778140797,0.15234375,1.5B,8192
2,6,longdoc_8192,longdoc,8192,9.010913347279288,13.410399463913754,35.14756481050972,0.9511643383455458,38.83544874910122,4.849348010645465,0.693242828960006,8.003808316496873,0.17663483606265315,45.17212494276464,6.555972812697291,0.011413925533559454,0.9985204070521442,0.08,0.29030843236517523,4.242253976232653,0.9018044890065741,0.6112568852220664,0.6296098830871331,0.652348145947581,0.18390511822583022,0.022354498789359134,0.45096827712620063,0.1931673378601462,0.4290435180021652,0.35032112120352793,0.24887247299685517,0.1751188032113646,0.13120394754660716,0.08052803799509466,0.23998441900878348,0.1015625,0.1850239527602696,0.15234375,1.5B,8192
2,7,longdoc_8192,longdoc,8192,9.010913347279288,15.274283346184234,35.14756481050972,0.9511643383455458,38.83544874910122,4.849348010645465,0.693242828960006,8.003808316496873,0.17663483606265315,48.07013250142336,8.04005922935903,0.0029395068791438004,0.9996760436475822,0.04,0.2832315827547947,3.5112262339440896,0.9435287734842208,0.7004551623366356,0.718715676533168,0.7434340238491776,0.16827981687985538,0.11853565121337262,0.4965269528366383,0.20827044588832744,0.39140848260598937,0.31281515660877496,0.2117170743838114,0.13571207581832484,0.09495464102884449,0.05244317184711702,0.3059064738514242,0.10205078125,0.23959897962192936,0.15283203125,1.5B,8192
2,8,longdoc_8192,longdoc,8192,9.010913347279288,17.462259033509355,35.14756481050972,0.9511643383455458,38.83544874910122,4.849348010645465,0.693242828960006,8.003808316496873,0.17663483606265315,57.297971131280065,0.11545702069997787,0.6921566132813706,0.5287967129074592,0.08,0.2487904303085815,3.0740862964023163,0.9752980948735027,0.7578867292892432,0.7802434619559367,0.8075644669016023,0.090654857647265,0.08520911866891101,0.14123979754712912,0.6060728466370001,0.15515904389716742,0.11309912763364374,0.06267898849177296,0.03283847755506663,0.02040902669178738,0.009276641552489725,0.1006799232531854,0.1015625,0.07184325622644877,0.15234375,1.5B,8192
2,9,longdoc_8192,longdoc,8192,9.010913347279288,12.680832058517526,35.14756481050972,0.9511643383455458,38.83544874910122,4.849348010645465,0.693242828960006,8.003808316496873,0.17663483606265315,90.72064140578732,5.473299436504021,0.027228380433996453,0.995807592357019,0.08,0.36389149084923345,7.367571312752013,0.7587143910729688,0.15661367950125782,0.18156414350113315,0.22180427324445812,0.08590596149129937,0.021245636278461433,0.073192637677596,0.13612076562920225,0.3168697999471609,0.27136041874364636,0.2195193069740717,0.18482469884457223,0.157199773632395,0.11688970351602933,0.10909780702086315,0.1015625,0.08216374955123737,0.15234375,1.5B,8192
2,10,longdoc_8192,longdoc,8192,9.010913347279288,14.574987676984966,35.14756481050972,0.9511643383455458,38.83544874910122,4.849348010645465,0.693242828960006,8.003808316496873,0.17663483606265315,80.06178561132401,11.361533702351153,0.00016533480773757187,0.9999870447746554,0.08,0.3518631450689606,4.324198206334234,0.9095086970548473,0.600124984291054,0.6182250427091199,0.6443728830123475,0.0785721780427373,0.047456002724114654,0.37833913576041694,0.2378285195630053,0.3802916252998904,0.31535509858210553,0.22130262211545448,0.15031626061042339,0.10820175270760744,0.06332557292185552,0.22501494175697317,0.1015625,0.1672424561482714,0.15234375,1.5B,8192
2,11,longdoc_8192,longdoc,8192,9.010913347279288,13.933534419941655,35.14756481050972,0.9511643383455458,38.83544874910122,4.849348010645465,0.693242828960006,8.003808316496873,0.17663483606265315,33.05818012915552,13.541489273309708,2.0325091866530018e-05,0.9999986196291156,0.08,0.26200356836513,3.816872105213447,0.8990424054937695,0.6543811346059591,0.6661979380312593,0.6813421730984465,0.03339090395302868,0.17311140515259904,0.5554933058737819,0.11286951340967319,0.5090047346631014,0.42912564400687614,0.3000883060522001,0.20138623193172653,0.14866528634402443,0.09015791250571516,0.37939123212098286,0.10205078125,0.3042764153486781,0.15283203125,1.5B,8192
3,0,longdoc_8192,longdoc,8192,9.010913347279288,21.8638307347476,25.11208348953916,1.1267202140255927,29.903002169964047,6.769604074339227,0.6882775756865039,8.485298450335359,0.11355951681647591,-70.51338267466053,26.19916573842056,7.412245172182295e-09,0.9999999999948133,0.08,0.5616521490447912,1.8117556416267746,0.9962882240521553,0.9432587756821733,0.9618921752747368,0.9693026224051865,0.22825236545251393,0.0023675992150993252,0.498196680943048,0.46664541864544823,0.03696643151152242,0.027102588027731342,0.014549159934835834,0.006985310466151671,0.004078893928602188,0.0016455846334378767,0.02254596081779761,0.1015625,0.015966905244582337,0.15234375,1.5B,8192
3,1,longdoc_8192,longdoc,8192,9.010913347279288,20.414766436213803,25.11208348953916,1.1267202140255927,29.903002169964047,6.769604074339227,0.6882775756865039,8.485298450335359,0.11355951681647591,-65.35588416981045,21.207703523454256,2.0974406494687593e-08,0.9999999993829563,0.08,0.5413809863532832,1.8022176933835783,0.9934864361102678,0.9281376725973549,0.9413107450505588,0.9511032772690753,0.4775542763366154,0.1928647058189874,0.5126584020459413,0.43463080611109295,0.04023167556476208,0.030083367264974348,0.016973916272993293,0.009316021963183176,0.005804607469848248,0.002745239808543894,0.022336117059536892,0.1015625,0.01655295073591648,0.15234375,1.5B,8192
3,2,longdoc_8192,longdoc,8192,9.010913347279288,24.694800412048238,25.11208348953916,1.1267202140255927,29.903002169964047,6.769604074339227,0.6882775756865039,8.485298450335359,0.11355951681647591,-105.2856540378416,0.7520445279078558,0.6271525594995091,0.679624027544733,0.08,0.5494874039854979,1.4391933848733776,0.9987602786880136,0.9806887688409245,0.983214866154069,0.9864237569403457,0.2784121701681208,0.043242587217564576,0.28698771803634715,0.6941054554970731,0.00665126141446801,0.004151117982315932,0.0017297583910953825,0.0007008740025600182,0.00036529219029459234,0.00012081593224461122,0.007051103454038285,0.1015625,0.00548784525929221,0.15234375,1.5B,8192
3,3,longdoc_8192,longdoc,8192,9.010913347279288,21.186037153758996,25.11208348953916,1.1267202140255927,29.903002169964047,6.769604074339227,0.6882775756865039,8.485298450335359,0.11355951681647591,-93.83755207061768,3.4531759954988956,0.13732341113702917,0.9693065204336255,0.08,0.52562363936506,1.5050401481985536,0.9931271464736511,0.9390448856966278,0.9433362784735179,0.9485377347162385,0.07213940992164058,0.023400478202278308,0.6716629481550022,0.26718008689341927,0.09499904939213161,0.07105450323615826,0.03829254123622347,0.020005263734347283,0.012255089676486064,0.005574124867487242,0.06527160615475307,0.1015625,0.05065401845721402,0.15234375,1.5B,8192
3,4,longdoc_8192,longdoc,8192,9.010913347279288,20.57434970670269,25.11208348953916,1.1267202140255927,29.903002169964047,6.769604074339227,0.6882775756865039,8.485298450335359,0.11355951681647591,-48.162101436872035,17.37927096360363,5.281551566707345e-07,0.9999999716615341,0.08,0.5113482492685515,3.1000678264312875,0.9766833855156858,0.6660907767317831,0.7189066636383534,0.7787694298408072,0.014544735175495926,0.006176726016392742,0.5751526087860803,0.22501188447016254,0.42315975236830716,0.2746786450872021,0.14425185226764944,0.078833957618721,0.04983037299462287,0.024030338588513805,0.1517048308460062,0.1015625,0.09183192449080127,0.15234375,1.5B,8192
3,5,longdoc_8192,longdoc,8192,9.010913347279288,20.00536911540699,25.11208348953916,1.1267202140255927,29.903002169964047,6.769604074339227,0.6882775756865039,8.485298450335359,0.11355951681647591,-63.16092257760465,19.37076552468352,1.7229728923846366e-07,0.9999999920169279,0.08,0.5550512933950863,1.8838756235199083,0.992395615649804,0.9254097875638896,0.9340113040801252,0.9426920902789654,0.0165300677429574,0.03837833019814152,0.24738800141840317,0.689076919619341,0.03164968818682779,0.02323897032762657,0.013815006660374895,0.0076631185839721215,0.004921397735867519,0.002295122665135371,0.015863875292255605,0.1015625,0.012217733630696554,0.15234375,1.5B,8192
3,6,longdoc_8192,longdoc,8192,9.010913347279288,16.13646592632637,25.553363042074928,2.0494979971694707,33.12408247342741,6.256403894725867,1.1166039131716876,9.398845299096704,0.09822382733788458,9.357073279097676,14.204263332299888,1.0314493941834664e-05,0.9999993220893754,0.08,0.4401992844552678,4.777087658593191,0.9103697354019875,0.49399158241000846,0.5512331988196181,0.6129751392360112,0.20260149183539888,0.06287450002115769,0.3735001227005953,0.28577722712449954,0.3072623760383073,0.23920463413973497,0.15562052762715112,0.102068319021179,0.07407027553832146,0.04260692054722286,0.12911101921753368,0.1015625,0.09842236199418988,0.15234375,1.5B,8192
3,7,longdoc_8192,longdoc,8192,9.010913347279288,13.295978690755204,25.553363042074928,2.0494979971694707,33.12408247342741,6.256403894725867,1.1166039131716876,9.398845299096704,0.09822382733788458,-9.933311827946454,7.335224842187017,0.008515472018260417,0.9990069611008324,0.08,0.40796020203583394,7.234382456553597,0.8002574140805548,0.13891632199402953,0.17264015135930605,0.2233572599055554,0.20658943717821177,0.0355491176247259,0.08072434333961692,0.03552708714304449,0.40943524654988767,0.36009412570575056,0.3028648624425351,0.21225670911082295,0.159774788455331,0.10462534632219844,0.2101911574831379,0.1015625,0.1810867398096876,0.15234375,1.5B,8192
3,8,longdoc_8192,longdoc,8192,9.010913347279288,18.625335263108596,25.553363042074928,2.0494979971694707,33.12408247342741,6.256403894725867,1.1166039131716876,9.398845299096704,0.09822382733788458,6.249995723366737,13.155592132359743,2.7414581451980902e-05,0.9999980643824445,0.08,0.3949168855902997,4.937721781344566,0.9073521912978111,0.49957303381242285,0.5541321363353932,0.5994101391070435,0.10163147750632051,0.25296787142644817,0.32924892122038885,0.28632299556380125,0.3198097998481494,0.2553800595826426,0.16422062049038105,0.10426740586032868,0.0717556075149778,0.03919035429652271,0.183216417898967,0.1015625,0.14401542835423062,0.15234375,1.5B,8192
3,9,longdoc_8192,longdoc,8192,9.010913347279288,12.273812322884728,25.553363042074928,2.0494979971694707,33.12408247342741,6.256403894725867,1.1166039131716876,9.398845299096704,0.09822382733788458,4.267001396045089,13.504122029989958,2.1766963211906843e-05,0.9999985269902846,0.08,0.5953693101640537,6.606656518210065,0.7732023638841544,0.27444387635824813,0.29951393343550775,0.33154404483844957,0.08257444277733184,0.0033599889101370017,0.23398743866401164,0.1099441109146122,0.5684449159877469,0.4526652226668302,0.29925343332836424,0.18896216694392542,0.13984369123553272,0.0875646722966098,0.2977650230001503,0.1015625,0.22641496368612193,0.15234375,1.5B,8192
3,10,longdoc_8192,longdoc,8192,9.010913347279288,18.049465784491616,25.553363042074928,2.0494979971694707,33.12408247342741,6.256403894725867,1.1166039131716876,9.398845299096704,0.09822382733788458,-7.908984322100878,22.122764244675636,1.3000392816068966e-08,0.9999999997522384,0.08,0.3835399559325742,2.61388858965362,0.9731202916667965,0.8278397350230497,0.8470753486302526,0.8661441098939321,0.0973354597743172,0.12869346317298344,0.3993021110943702,0.4687298783369307,0.11134483102291877,0.09060976600897269,0.0622096748192777,0.039398237916152115,0.02783335030832233,0.014925420541808239,0.07164663139583162,0.1015625,0.05877744412067705,0.15234375,1.5B,8192
3,11,longdoc_8192,longdoc,8192,9.010913347279288,13.297728898840717,25.553363042074928,2.0494979971694707,33.12408247342741,6.256403894725867,1.1166039131716876,9.398845299096704,0.09822382733788458,-8.04779097251594,2.6864643064909615,0.2374207460009186,0.9362090073799327,0.08,0.5079971784288967,5.449673313265496,0.8284773407769228,0.42300217514726596,0.4675781238010919,0.5228054245094195,0.022743187563039502,0.0761101646186172,0.3462581357248325,0.010928626606805233,0.7764839026229531,0.6657509223196981,0.5127524689769255,0.38282365825877107,0.30915660007109524,0.21576792479576967,0.5310257426570756,0.1015625,0.442927281202408,0.15234375,1.5B,8192
4,0,longdoc_8192,longdoc,8192,9.010913347279288,17.108831380020128,25.582152003549993,2.2804978258058473,30.854120137391863,6.408269782826494,1.565186810426275,10.981985452217963,0.14916415853532208,-61.72148456051946,14.655635496950708,7.504112589760025e-06,0.9999995273525966,0.08,0.15899237087452614,4.131537358656336,0.9435227144267073,0.6150105051400202,0.6461625673129217,0.6839165404552796,0.29676579111762,0.0345732073474565,0.33195965278975,0.3297087811718498,0.24087305916776,0.18914599050467085,0.12216711834066432,0.07561053567235611,0.052465059683727375,0.02778957448048039,0.15719832061215258,0.1015625,0.1208509837860244,0.15234375,1.5B,8192
4,1,longdoc_8192,longdoc,8192,9.010913347279288,16.910455399720277,25.582152003549993,2.2804978258058473,30.854120137391863,6.408269782826494,1.565186810426275,10.981985452217963,0.14916415853532208,-65.88122203014791,13.014748540706933,4.739025252569726e-05,0.9999966945138731,0.08,0.23010755880640674,3.2579940876903484,0.9372295723585742,0.6789942524323256,0.7031865424070624,0.7274229627073925,0.005969737574999634,0.02771928684261482,0.6314278219147085,0.08471077886152645,0.7051110839017289,0.5563798394155263,0.3711037387417977,0.2367140619691452,0.16813422889916452,0.09798556427059416,0.35974263289403674,0.1015625,0.28239880952820534,0.15234375,1.5B,8192
4,2,longdoc_8192,longdoc,8192,9.010913347279288,20.88712414161742,25.582152003549993,2.2804978258058473,30.854120137391863,6.408269782826494,1.565186810426275,10.981985452217963,0.14916415853532208,-72.1899632171262,21.96872817981057,2.084526378128887e-08,0.999999999414642,0.08,0.22365082208556367,1.90610566574236,0.9903634102866237,0.9226450569962843,0.931922917669889,0.9412663992861873,0.5862047503825041,0.22436388008674069,0.45919621433696073,0.47900222732896336,0.04849308164995241,0.038730596022120915,0.025296745482497832,0.015324293997861761,0.010182948572165111,0.004897972355049935,0.028631939182764552,0.1015625,0.01992245470421623,0.15234375,1.5B,8192
4,3,longdoc_8192,longdoc,8192,9.010913347279288,17.720426015117773,25.582152003549993,2.2804978258058473,30.854120137391863,6.408269782826494,1.565186810426275,10.981985452217963,0.14916415853532208,-51.15591081115417,8.103687015594915,0.0028141032835818716,0.9996932650373963,0.08,0.11316413331054384,6.377977825985658,0.8594968693754341,0.2519296440351418,0.2956065614137158,0.3575270213267258,0.05138864613332483,0.010948887232736126,0.18214767046374442,0.07695463740301964,0.4161763513414193,0.3135862469715956,0.18765817729687553,0.12143954011021872,0.08839335277908063,0.05548668575423299,0.23030777167822578,0.1015625,0.1758052477326723,0.15234375,1.5B,8192
4,4,longdoc_8192,longdoc,8192,9.010913347279288,19.20644364634981,25.582152003549993,2.2804978258058473,30.854120137391863,6.408269782826494,1.565186810426275,10.981985452217963,0.14916415853532208,-72.88542454279377,0.21402411829330958,1.6767598530522156,0.35068676222976547,0.08,0.28453032790889804,5.83857419462983,0.823049073647566,0.3631875522849592,0.38252882676668765,0.41106103649301284,0.0626341898862055,0.0005004148007259346,0.33669975659691875,0.02019218118864006,0.8217334634282283,0.6417045609033387,0.4137371508105019,0.2591896495698704,0.1870197567395541,0.11278303899460744,0.5048289143510083,0.1015625,0.3886485466914351,0.15234375,1.5B,8192
4,5,longdoc_8192,longdoc,8192,9.010913347279288,17.853481429989248,25.582152003549993,2.2804978258058473,30.854120137391863,6.408269782826494,1.565186810426275,10.981985452217963,0.14916415853532208,-55.25395217956975,5.045415294822305,0.03871812478542219,0.9936009334057091,0.08,0.4163634026119881,4.253267577042699,0.9141152002914531,0.6046522524589011,0.6238348626300491,0.6504918341652512,0.021111609300198175,0.02306507621600673,0.3983558704012853,0.24453644515144943,0.38040459502179685,0.30887783452576845,0.20716823599909487,0.1351280193222662,0.09812779255772945,0.05794002832812678,0.18302095640360083,0.1015625,0.13436346730517132,0.15234375,1.5B,8192
4,6,longdoc_8192,longdoc,8192,9.010913347279288,21.83147706997071,22.652441182126886,1.274930750790952,25.720873600182426,7.014434299960824,0.8178691730781755,9.548517697842476,0.0667878493120045,-57.18593584001064,15.922298748977482,2.0655211282839224e-06,0.9999998783707359,0.08,0.564430876883805,2.2038711109749896,0.9961149030650019,0.8803638033659587,0.9219253241450908,0.9491613618658191,0.1669650986241189,0.07015064765438161,0.5045720353418017,0.4494877461213299,0.02684555410949314,0.015956066059959615,0.007979011303459882,0.003937065226563606,0.0022350958771898246,0.0008836075557034979,0.007655305002163102,0.1015625,0.0044711731407738224,0.15234375,1.5B,8192
4,7,longdoc_8192,longdoc,8192,9.010913347279288,23.491733427388148,22.652441182126886,1.274930750790952,25.720873600182426,7.014434299960824,0.8178691730781755,9.548517697842476,0.0667878493120045,-79.68726058863103,32.533924808725715,7.301382162380182e-09,0.9999999999989828,0.08,0.5994493605203202,1.158110265516304,0.9987715832132706,0.9839368889906294,0.9878484325781496,0.9899167532848322,0.1483837121539997,0.16999547810547622,0.6593852158504284,0.3300524664281575,0.013386096497139396,0.009460033575447844,0.0048896407030838765,0.0024454339057463936,0.0014298520066478235,0.000555713014632576,0.0056591196821175254,0.1015625,0.0035665790076928714,0.15234375,1.5B,8192
4,8,longdoc_8192,longdoc,8192,9.010913347279288,20.56814732440909,22.652441182126886,1.274930750790952,25.720873600182426,7.014434299960824,0.8178691730781755,9.548517697842476,0.0667878493120045,-63.42297294177115,20.763646325096488,2.989186290013546e-08,0.9999999989687938,0.08,0.5905576983948345,1.4078382795725786,0.993637832751716,0.9026610989124167,0.9268874097846685,0.9437459215977606,0.6211778601995213,0.08998112973710537,0.7931021711480652,0.15594510169777748,0.1449072721596984,0.1041040333165884,0.056084608242784544,0.031472808939511834,0.020693291273842965,0.01003548927075975,0.045882196322222575,0.1015625,0.03420820469890467,0.15234375,1.5B,8192
4,9,longdoc_8192,longdoc,8192,9.010913347279288,21.82021321452683,22.652441182126886,1.274930750790952,25.720873600182426,7.014434299960824,0.8178691730781755,9.548517697842476,0.0667878493120045,-70.08071393985301,21.881091825664043,1.5633322634144386e-08,0.9999999996382194,0.08,0.5883529745532338,1.3239230980479304,0.993414626761323,0.9272723942598842,0.9402557246604795,0.9499738534829735,0.5249365326125472,0.08158810115505499,0.792771234392721,0.1574371776836449,0.13672863340961652,0.1013387035990438,0.05902717643327507,0.03274367207116086,0.0204762189518823,0.00911206808397113,0.0595560651638593,0.1015625,0.04152368181338634,0.15234375,1.5B,8192
4,10,longdoc_8192,longdoc,8192,9.010913347279288,19.495137011786365,22.652441182126886,1.274930750790952,25.720873600182426,7.014434299960824,0.8178691730781755,9.548517697842476,0.0667878493120045,-64.58341726765502,1.3741350097116083,1.3227549570812254,0.6197120136076031,0.0,0.5005521728643222,5.334314431278862,0.9327550090932756,0.2638545212055245,0.4195753902349651,0.6191086713806883,0.12341913279334527,0.021345081767523977,0.03142128302561491,0.00026142051512651203,0.20755817683992664,0.1672143281376374,0.11875222315157268,0.07698891074757334,0.05471775195666428,0.030739625651263057,0.04239106657488174,0.10205078125,0.03879952834215373,0.15283203125,1.5B,8192
4,11,longdoc_8192,longdoc,8192,9.010913347279288,22.109079302454905,22.652441182126886,1.274930750790952,25.720873600182426,7.014434299960824,0.8178691730781755,9.548517697842476,0.0667878493120045,-75.45962985767983,17.512996467994526,4.803128871304289e-07,0.9999999745964279,0.08,0.546340090782012,1.4590285162717627,0.9956073961714066,0.9459435310309248,0.9545132206199868,0.9633158612541438,0.1806034776761889,0.011323867743937122,0.5519383930957569,0.4018855008530541,0.028015216445374965,0.020616385928263783,0.01184675374003619,0.006572358020875971,0.004214702051135899,0.0019287043878863798,0.014148163062336412,0.1015625,0.010080473827522196,0.15234375,1.5B,8192
5,0,longdoc_8192,longdoc,8192,9.010913347279288,23.125698620079717,21.024078601642643,1.6407470878173325,25.301812226759164,6.513086044072505,1.141808269482014,12.037185404560782,0.0804704401524733,-51.620880524627864,1.759612443856895,0.4172030021066199,0.8531601397066376,0.08,0.3082500995444427,3.8723010474574826,0.9546478446179244,0.5846222473068001,0.6320766400703104,0.6846916959598284,0.07778790948564662,0.015730605246978335,0.4902569294806582,0.22160717597032353,0.49129875039769294,0.3349912188846121,0.18371120822978912,0.10581889893139902,0.07155440756293081,0.038083683580840626,0.18583806800498373,0.1015625,0.1300889666616632,0.15234375,1.5B,8192
5,1,longdoc_8192,longdoc,8192,9.010913347279288,26.191065808387105,21.024078601642643,1.6407470878173325,25.301812226759164,6.513086044072505,1.141808269482014,12.037185404560782,0.0804704401524733,-92.88467074371874,14.980968588846736,5.063393544533441e-06,0.9999996846217396,0.08,0.27664990085667496,1.040386998968518,0.9986756895537924,0.9786552292720732,0.982736884909488,0.9865423311030014,0.022665837559309843,0.044169981533114466,0.528653126738998,0.4511410291107654,0.010861162880515954,0.00733187016396313,0.0035129852923671432,0.0016251705512900921,0.0009024569277895519,0.0003459591288337741,0.00698105250249265,0.1015625,0.005090623730751955,0.15234375,1.5B,8192
5,2,longdoc_8192,longdoc,8192,9.010913347279288,24.501118445898836,21.024078601642643,1.6407470878173325,25.301812226759164,6.513086044072505,1.141808269482014,12.037185404560782,0.0804704401524733,-50.70479494892061,11.767839962616563,9.895955505351937e-05,0.9999922500428914,0.08,0.2915006574795563,3.292040609601167,0.9679446024425709,0.697513051292302,0.7397345845959767,0.7831702818820027,0.03630740264970944,0.006039601244762771,0.48498521336213296,0.302443257990186,0.25906278877084044,0.18046915504043437,0.10294217430587584,0.06232785564413368,0.043912146905275534,0.024336507912292006,0.10975822144093707,0.1015625,0.08539703523935906,0.15234375,1.5B,8192
5,3,longdoc_8192,longdoc,8192,9.010913347279288,20.438745667762337,21.024078601642643,1.6407470878173325,25.301812226759164,6.513086044072505,1.141808269482014,12.037185404560782,0.0804704401524733,-79.34042116487399,5.205842636991292,0.043869677057931,0.9933241102403974,0.08,0.3154400714581863,1.9319655196938,0.9568917325333179,0.8257520364787135,0.836161457275379,0.8510220816758154,0.12318141403103144,0.020754962668098287,0.8033688041155428,0.021997901437840972,0.29232498467666423,0.24946170405375123,0.18365742139658744,0.1287948378111594,0.09795930566824294,0.06216330764385897,0.1704283901889194,0.1015625,0.13633306541602913,0.15234375,1.5B,8192
5,4,longdoc_8192,longdoc,8192,9.010913347279288,15.635883097531583,21.024078601642643,1.6407470878173325,25.301812226759164,6.513086044072505,1.141808269482014,12.037185404560782,0.0804704401524733,-45.150803825003095,7.5785765702603385,0.005010509965356048,0.9994312393430258,0.08,0.1956306763827557,6.4173814597200645,0.8575295789744437,0.27260072459405893,0.3297611077023634,0.3945715049783776,0.2575168071280092,0.06576873464511301,0.1241448575152524,0.013349971850046799,0.4175636704470508,0.325819348597342,0.23265481449303418,0.1609294974665486,0.11810571464834903,0.07210151709738183,0.27402971394529524,0.1015625,0.21573257416553357,0.15234375,1.5B,8192
5,5,longdoc_8192,longdoc,8192,9.010913347279288,16.365959014970397,21.024078601642643,1.6407470878173325,25.301812226759164,6.513086044072505,1.141808269482014,12.037185404560782,0.0804704401524733,-68.14385399821913,6.24609701881127,0.014153261193546136,0.9980552273830404,0.08,0.19743983920557154,3.490440953676594,0.913211304785549,0.6468441791541186,0.6716573200564396,0.7064872819109214,0.16037778854624474,0.04177021373588907,0.6139622445989688,0.01716626704307022,0.709948580967253,0.5773577455944361,0.4194038244354682,0.3007663224425553,0.2346956366314401,0.15256291595252772,0.4387214124214201,0.1015625,0.3621612793120583,0.15234375,1.5B,8192
5,6,longdoc_8192,longdoc,8192,9.010913347279288,20.504560882149597,20.10899759155005,0.9296000584009907,21.872510565577176,8.183670736743146,0.5182495298356843,10.270040463774599,0.02301131601545725,-1.182547541335225,7.0562996619264595,0.006967824125314069,0.999136708254651,0.08,0.6795943684160164,4.038109816131572,0.9254117350948776,0.6224921123848467,0.6495535730235052,0.6859331589220902,0.06361574718263108,0.011549790657023773,0.42905177817398193,0.2552953893284902,0.3832203822802277,0.30672519362588085,0.20400954958993625,0.13237260735012216,0.0944484996896453,0.05458140098967711,0.18573920266258742,0.1015625,0.14391584410988845,0.15234375,1.5B,8192
5,7,longdoc_8192,longdoc,8192,9.010913347279288,28.299012446232705,20.10899759155005,0.9296000584009907,21.872510565577176,8.183670736743146,0.5182495298356843,10.270040463774599,0.02301131601545725,5.49782715504989,10.870934096630663,0.00022558283175021793,0.9999809977118179,0.08,0.5130166859019565,2.4778129693097113,0.9913074997772637,0.7692168269704075,0.8295906904175235,0.8788290891004629,0.1322225873861944,0.0589853574279664,0.6033604825478918,0.2999540201365804,0.1627779537491466,0.10269855561847549,0.051129431692270126,0.023876671442557226,0.013587628754417694,0.005344963223295573,0.05606937178060365,0.1015625,0.03456216348277151,0.15234375,1.5B,8192
5,8,longdoc_8192,longdoc,8192,9.010913347279288,27.816138983397266,20.10899759155005,0.9296000584009907,21.872510565577176,8.183670736743146,0.5182495298356843,10.270040463774599,0.02301131601545725,5.230851047672331,35.31398792844266,7.3009231151390304e-09,0.9999999999989995,0.08,0.5358629498373455,2.011721190280804,0.996406855701648,0.9181557101819668,0.9434665805298085,0.9589021749100609,0.31144813048514775,0.012513731229316483,0.5058080511938307,0.45019804402316155,0.03454021456321038,0.022605332993814498,0.011030058771113845,0.0056015087619544724,0.0032088474883679233,0.001255697823739206,0.013201976062605914,0.1015625,0.008629555474610015,0.15234375,1.5B,8192
5,9,longdoc_8192,longdoc,8192,9.010913347279288,30.439596526989455,20.10899759155005,0.9296000584009907,21.872510565577176,8.183670736743146,0.5182495298356843,10.270040463774599,0.02301131601545725,20.726528877858073,52.94774837279692,7.300910292874351e-09,0.9999999999989999,0.08,0.6284906632294239,1.409814102846341,0.9990603670641474,0.9491612890890085,0.9759862770446948,0.9910763030233389,0.3189650999424072,0.09238739736862467,0.6231866148549872,0.36921935854274224,0.011422281374078726,0.007140966148030526,0.0034497380787896622,0.0015724670926757325,0.0008588695507326858,0.00029588305100892954,0.01046016386039449,0.1015625,0.008601646651877647,0.15234375,1.5B,8192
5,10,longdoc_8192,longdoc,8192,9.010913347279288,30.75553383718213,20.10899759155005,0.9296000584009907,21.872510565577176,8.183670736743146,0.5182495298356843,10.270040463774599,0.02301131601545725,16.747117255814373,6.0504138842225075,0.016580727999766644,0.9976486555148467,0.08,0.5592225058433921,2.3276406963742513,0.9970831101495174,0.8297249095099436,0.8983668209576633,0.9412716434507106,0.1836983457870356,0.046408400657527604,0.448738673646029,0.5036354237020542,0.02500524665716358,0.01262965121141406,0.005369184514433892,0.0022353553396898995,0.0010758310403582235,0.0003276545295246244,0.008992778621828687,0.1015625,0.005940440937918914,0.15234375,1.5B,8192
5,11,longdoc_8192,longdoc,8192,9.010913347279288,29.333936342705115,20.10899759155005,0.9296000584009907,21.872510565577176,8.183670736743146,0.5182495298356843,10.270040463774599,0.02301131601545725,-20.082044110633433,5.512692430056632,0.04936990662094798,0.9925250990195078,0.04,0.5365536712688683,1.6802511466143968,0.9985075091677024,0.9492421424059164,0.9680325870088622,0.9823344265876816,0.011306650756320646,0.02656480036820419,0.12744462082728483,0.004468824412071449,0.004502632940986924,0.0028453219098837565,0.0012262187090646484,0.0005154367363444552,0.0002851453762770758,0.00011308116226549532,0.0017958931804499165,0.1015625,0.0011914218743174704,0.15234375,1.5B,8192
6,0,longdoc_8192,longdoc,8192,9.010913347279288,22.957366234706303,22.62824525020472,1.6870164289722476,26.256305769389165,6.100846342809568,0.7703052053938967,9.285175293777316,0.0272678472366179,-36.11758896522224,5.696226777508855,0.03779013777464349,0.9945091606360114,0.08,0.395224783992481,5.221088578111512,0.9465093412486797,0.3878055375519773,0.4727882658932877,0.5458925579700084,0.03970759965332593,0.030690386781541568,0.2253980984800199,0.23658516894581383,0.1671233091825112,0.10872451387904213,0.05315690682593812,0.0275555843047719,0.017216388655726805,0.007211704606629303,0.0717542540104614,0.1015625,0.04663150947587109,0.15234375,1.5B,8192
6,1,longdoc_8192,longdoc,8192,9.010913347279288,25.808295564760627,22.62824525020472,1.6870164289722476,26.256305769389165,6.100846342809568,0.7703052053938967,9.285175293777316,0.0272678472366179,-72.48088853433728,3.062796365469694,0.18254702556682267,0.9553289028025495,0.0,0.2401613830894374,3.010584012066696,0.9883863728720164,0.7526485316751006,0.8058622698885749,0.8529424898806033,0.12252472398438341,0.01749695859464584,0.38882786391584406,0.00023699366406412873,0.08967087959776922,0.05327871928960279,0.022813933961462897,0.012671150939525077,0.008603322341962674,0.0048400777326983845,0.10529545142277118,0.10205078125,0.08687243298519598,0.15283203125,1.5B,8192
6,2,longdoc_8192,longdoc,8192,9.010913347279288,24.01174530330671,22.62824525020472,1.6870164289722476,26.256305769389165,6.100846342809568,0.7703052053938967,9.285175293777316,0.0272678472366179,-21.425245022401214,10.415975113399327,0.0003419080919055875,0.9999700507107038,0.08,0.4639322496161292,3.4864754383190673,0.9917186518934008,0.6771769129368691,0.7920712646405819,0.8608884530053408,0.16129512524079703,0.19364021836830048,0.1541380408631176,0.6672569382622395,0.023176910129106887,0.015515106502854124,0.010368599307464943,0.005561485205705895,0.0033573079121566375,0.0012721177520771349,0.021459479471972152,0.1015625,0.012531438595535922,0.15234375,1.5B,8192
6,3,longdoc_8192,longdoc,8192,9.010913347279288,23.66009838424038,22.62824525020472,1.6870164289722476,26.256305769389165,6.100846342809568,0.7703052053938967,9.285175293777316,0.0272678472366179,-57.55238299071789,0.9109757377300411,0.9487173875984936,0.6313977636213381,0.04,0.539555905938277,3.4082789420632675,0.9663951142243739,0.6221045792111374,0.65295754607512,0.6954627275707496,0.02134912786498111,0.005043165452268461,0.5842523568396374,0.027338221162546986,0.6046021243113296,0.46202866567880746,0.2626840403711554,0.12302531957214637,0.05612619920947667,0.010887076763873939,0.2872498130943799,0.1015625,0.14263963256978468,0.15234375,1.5B,8192
6,4,longdoc_8192,longdoc,8192,9.010913347279288,24.25837816724502,22.62824525020472,1.6870164289722476,26.256305769389165,6.100846342809568,0.7703052053938967,9.285175293777316,0.0272678472366179,-48.08721375837922,28.475568007677794,7.317444253244269e-09,0.999999999998398,0.08,0.5131215529453449,1.632383240815473,0.994452337240501,0.922466147643723,0.9370804137915096,0.9499069754678221,0.0417092167093811,0.12536870902820185,0.5569803806274576,0.39036793255427504,0.04884640445943928,0.03515539952401008,0.019537305936431767,0.009573793236216653,0.005469146625164476,0.0021161396088177084,0.02430166606001725,0.1015625,0.017116360267422772,0.15234375,1.5B,8192
6,5,longdoc_8192,longdoc,8192,9.010913347279288,27.810863233741777,22.62824525020472,1.6870164289722476,26.256305769389165,6.100846342809568,0.7703052053938967,9.285175293777316,0.0272678472366179,-29.07857182295993,37.15582337183878,7.300912237420012e-09,0.9999999999989999,0.08,0.5006918516276803,2.1803616173834435,0.9985202591153935,0.9509377727029481,0.9760835685825938,0.9858564233532947,1.868167220928921,0.25177033194628384,0.28414933569262374,0.703958574454533,0.004572852991735575,0.0028979553321412145,0.001328232712166915,0.0005560286219284586,0.00027916239004863224,8.705788177240767e-05,0.0027352618005611327,0.1015625,0.001282259503970497,0.15234375,1.5B,8192
6,6,longdoc_8192,longdoc,8192,9.010913347279288,27.890674741751393,22.89483568557394,2.009276114855325,26.087294533829315,7.808793080477211,0.6928765022312291,9.76818820111829,0.02199944707852704,-50.917079009115696,5.985273089259863,0.018521814758311533,0.9973940886999076,0.08,0.31918395830677565,3.1723503364930905,0.9962887422816574,0.6748223237917139,0.7808161401462606,0.8767124406709897,0.33171974255781156,0.078134293360133,0.31318227393899206,0.34352335624838876,0.022271615160375513,0.005175974028511631,0.0007690992175781484,0.00020026215319229545,7.927508341276506e-05,2.247757776217155e-05,0.001285890810455159,0.1015625,0.0007017258029742641,0.15234375,1.5B,8192
6,7,longdoc_8192,longdoc,8192,9.010913347279288,27.1433056342668,22.89483568557394,2.009276114855325,26.087294533829315,7.808793080477211,0.6928765022312291,9.76818820111829,0.02199944707852704,-91.00599944684654,3.9370557190850377,0.21062582004074265,0.9614160809216097,0.0,0.3883060268923633,3.6725886915148647,0.9903246644962261,0.6275286383712404,0.7651309064306286,0.8232370643835532,0.17623773193459158,0.10758044195336058,0.23346640454797088,0.00022125634868311116,0.06268885152066353,0.022545764490267056,0.010266684776077978,0.003983194665289872,0.0018762670281479404,0.0005526572357093606,0.0893057152736862,0.10205078125,0.02713718293103577,0.15283203125,1.5B,8192
6,8,longdoc_8192,longdoc,8192,9.010913347279288,23.69141360767876,22.89483568557394,2.009276114855325,26.087294533829315,7.808793080477211,0.6928765022312291,9.76818820111829,0.02199944707852704,-77.07682253234088,38.86460011545569,7.300911307110668e-09,0.9999999999989999,0.08,0.3961338035951558,1.7692360099821416,0.9985340359548717,0.9520555189678638,0.9714703930478893,0.9817746166858196,0.056892513518309595,0.1401744122213202,0.25971964620930493,0.7045374975220022,0.006458159666618792,0.0037790793530632174,0.0013924059304788222,0.0004969887175865378,0.00025039030323444083,8.779952805204711e-05,0.010018785334289569,0.1015625,0.006356270006163334,0.15234375,1.5B,8192
6,9,longdoc_8192,longdoc,8192,9.010913347279288,22.586314061090164,22.89483568557394,2.009276114855325,26.087294533829315,7.808793080477211,0.6928765022312291,9.76818820111829,0.02199944707852704,-95.08688079472631,1.3832700606435537,0.525158058979036,0.7964925572472191,0.0,0.4300557168215485,4.296112735220753,0.9823823034650007,0.5066722678055892,0.6109882998212582,0.7402141061841389,0.08956878604469942,0.020067041806703934,0.11184185091948967,4.0402705739490363e-05,0.1431865027566835,0.11118216819244574,0.04842563306667327,0.010668777267911905,0.0042209902598946,0.0013820611580299858,0.2390647856712579,0.10205078125,0.19819649697487,0.15283203125,1.5B,8192
6,10,longdoc_8192,longdoc,8192,9.010913347279288,19.812271776073196,22.89483568557394,2.009276114855325,26.087294533829315,7.808793080477211,0.6928765022312291,9.76818820111829,0.02199944707852704,-56.788435380440205,20.872265490237623,2.6202760689559672e-08,0.9999999991350084,0.08,0.35424375515153605,2.36570276430008,0.9916311259255233,0.856025164955321,0.8953188359860985,0.9185909262770139,0.18087526558007916,0.17415065160646837,0.3925973174856816,0.5208123560740128,0.045255836086501654,0.02791589649239531,0.013404312835578079,0.0070767802269578435,0.0044398321668469385,0.001983547729688316,0.03881327766363419,0.1015625,0.027144194730786678,0.15234375,1.5B,8192
6,11,longdoc_8192,longdoc,8192,9.010913347279288,21.607187405962055,22.89483568557394,2.009276114855325,26.087294533829315,7.808793080477211,0.6928765022312291,9.76818820111829,0.02199944707852704,-74.80886144936085,25.452575353439897,7.585418183344054e-09,0.9999999999881626,0.08,0.4334342627193624,1.4834961901828867,0.9966945320803214,0.9214661920353551,0.9416091245573512,0.9560574274675914,0.06786917552421379,0.08406410206452453,0.7282352905558467,0.21670047518439106,0.08825326771965111,0.0539774457765101,0.023173937490198387,0.009971237942900536,0.005566577154098787,0.002281915601798699,0.09356576983855629,0.1015625,0.07601188549217824,0.15234375,1.5B,8192
7,0,longdoc_8192,longdoc,8192,9.010913347279288,18.14887760294203,23.224154154308728,1.872669082953118,27.22121973581432,5.93026718858206,0.820904038485165,11.488332552531428,0.052274791616415954,-47.012072168290615,3.9381068907678127,0.19686803944624917,0.9614089236220157,0.08,0.26378078547849,5.418332118324293,0.8089699765121645,0.4259104340439733,0.43614205326731526,0.4537340462027758,0.013370244753110772,0.00978931416054607,0.4157642940940854,0.027367027374213607,1.3108096104887297,1.0985217401998313,0.7780643454213557,0.5526383718094378,0.41990520862284386,0.261367745688436,0.8034045894951565,0.1015625,0.6507476265025042,0.15234375,1.5B,8192
7,1,longdoc_8192,longdoc,8192,9.010913347279288,20.26069874767336,23.224154154308728,1.872669082953118,27.22121973581432,5.93026718858206,0.820904038485165,11.488332552531428,0.052274791616415954,-15.939580359030515,9.654239172581583,0.0011652944147704728,0.9998949854340591,0.08,0.25163582379310967,5.511883599208901,0.9174406565266606,0.38660528325610094,0.4351456700149086,0.5026382716785325,0.03819050276775217,0.014274176115658177,0.13762618190748435,0.3293965378319749,0.23977990853539738,0.17106491995482048,0.09158367150099082,0.05352899789433271,0.03776250659571967,0.02112151714762731,0.08428363211864169,0.1015625,0.061993792278936394,0.15234375,1.5B,8192
7,2,longdoc_8192,longdoc,8192,9.010913347279288,20.263727337152346,23.224154154308728,1.872669082953118,27.22121973581432,5.93026718858206,0.820904038485165,11.488332552531428,0.052274791616415954,-29.69605071377009,0.03836911078542471,0.6942688082825883,0.5095193327842156,0.08,0.14641455315240534,5.486284602274747,0.9527885811483372,0.2973318857030955,0.38671250084747844,0.49215049556296603,0.09349344789447323,0.08074993731543145,0.14448213747708075,0.3160436493115385,0.16695489489451731,0.10204162298381494,0.04371144860829245,0.022119692280916797,0.013567775890617428,0.006082514985995968,0.02935475944129861,0.1015625,0.021016586252094058,0.15234375,1.5B,8192
7,3,longdoc_8192,longdoc,8192,9.010913347279288,21.357168658534157,23.224154154308728,1.872669082953118,27.22121973581432,5.93026718858206,0.820904038485165,11.488332552531428,0.052274791616415954,-68.98682361468673,20.369672598317266,6.417514900660801e-08,0.9999999973877272,0.08,0.17412280761147736,1.863842068161302,0.9866459288245061,0.8845234177494363,0.8923142443916371,0.901849632179113,0.007639053072326707,0.023632328015937176,0.3450289853260851,0.542634345439782,0.10679553241491248,0.07983696780332725,0.043704958508560335,0.020887839037640056,0.012348785509876992,0.00543223556990782,0.11199845314431851,0.1015625,0.09257140420852902,0.15234375,1.5B,8192
7,4,longdoc_8192,longdoc,8192,9.010913347279288,17.462420668537842,23.224154154308728,1.872669082953118,27.22121973581432,5.93026718858206,0.820904038485165,11.488332552531428,0.052274791616415954,-16.917737853713334,0.7639423627406359,0.7472908787069155,0.6663729383094609,0.04,0.24964092456266193,7.225071969344162,0.8297110917003848,0.10354355452829662,0.14349166136165145,0.19799183067308931,0.04692735480324228,0.01627171809829786,0.03815838739831133,0.02127868099365645,0.29256196538065465,0.19869796533998202,0.12634127962712738,0.07890469707026505,0.06001177425942732,0.0385159185368001,0.06384091309296396,0.1015625,0.048575802494558944,0.15234375,1.5B,8192
7,5,longdoc_8192,longdoc,8192,9.010913347279288,17.391549361002426,23.224154154308728,1.872669082953118,27.22121973581432,5.93026718858206,0.820904038485165,11.488332552531428,0.052274791616415954,-26.979046053718776,16.666242053266615,1.0348092561040554e-06,0.9999999419230976,0.08,0.23045267832688274,3.244851409683672,0.9590737596289387,0.7239517413424179,0.7432782275556168,0.7655964462787167,0.1869475622425737,0.0038277767817593844,0.11511008214262791,0.6486204501462565,0.18279592014917972,0.13561712782938248,0.08094741085092008,0.04430457863008247,0.028950470632322343,0.014580976724587393,0.12842431410300365,0.1015625,0.10345132325753696,0.15234375,1.5B,8192
7,6,longdoc_8192,longdoc,8192,9.010913347279288,10.81746949673137,46.620558345247666,0.7369516594438723,51.358078668096134,6.16203116097502,0.6732546715070892,8.278811661833046,0.05230926491250429,159.5998228918761,4.002494351938367,0.09216491679533119,0.9818455091983478,0.08,0.3557795615830853,6.001573775437351,0.9463206570184782,0.11934295381988148,0.19939272611274986,0.3231206509188187,0.06920390299628032,0.06327193426590405,0.004947622152844933,0.2454900281419199,0.14730589530998206,0.06541744641037772,0.019373955976319683,0.010217569994239162,0.007157917035884366,0.005452846285588753,0.009556506263317636,0.1015625,0.008921897052419503,0.15234375,1.5B,8192
7,7,longdoc_8192,longdoc,8192,9.010913347279288,15.634835418793193,46.620558345247666,0.7369516594438723,51.358078668096134,6.16203116097502,0.6732546715070892,8.278811661833046,0.05230926491250429,156.82304317131639,32.70470489573199,7.301083243262859e-09,0.9999999999989937,0.08,0.30483442387322324,2.0181440108516298,0.998011776925082,0.9483065546884533,0.9712363514813116,0.9833954762395608,0.01540787629121887,0.018534708835392877,0.0004911433509186232,0.9775083607619067,0.0060766524456460375,0.004158215477526621,0.0022624880038145966,0.0012238130903191777,0.0007567426179514871,0.0003112975218452397,0.002754360479652036,0.1015625,0.0018052065040146364,0.15234375,1.5B,8192
7,8,longdoc_8192,longdoc,8192,9.010913347279288,21.50276122548464,46.620558345247666,0.7369516594438723,51.358078668096134,6.16203116097502,0.6732546715070892,8.278811661833046,0.05230926491250429,146.30809146678075,24.267170084640384,8.027037682300079e-09,0.9999999999700895,0.08,0.26721053301676817,0.9941281812547296,0.998900180978208,0.9783078481828332,0.9833024163947709,0.986842584960671,0.1952277268326661,0.043511036630070166,0.0021647319308786567,0.9777124810927293,0.006136591344713082,0.0036968343594604553,0.0016153370275721305,0.0006388236052488519,0.00031279034744519774,9.435359054018416e-05,0.0071431579318859155,0.1015625,0.004802955264220803,0.15234375,1.5B,8192
7,9,longdoc_8192,longdoc,8192,9.010913347279288,11.257019999533496,46.620558345247666,0.7369516594438723,51.358078668096134,6.16203116097502,0.6732546715070892,8.278811661833046,0.05230926491250429,135.91287024249323,27.6037170473719,7.328900417973464e-09,0.9999999999979723,0.08,0.30270202315243144,3.709678168713373,0.9871253548019489,0.5397916477113331,0.7476069535764934,0.8778226027906979,0.006419663414659382,0.09093361953749302,0.0005136659506603409,0.9282901841879789,0.021962596747253427,0.01709259642915096,0.011136806018010363,0.006524421920580836,0.00412662841724949,0.002085314981921754,0.006199159264094077,0.1015625,0.0037364528049296094,0.15234375,1.5B,8192
7,10,longdoc_8192,longdoc,8192,9.010913347279288,13.035154583284696,46.620558345247666,0.7369516594438723,51.358078668096134,6.16203116097502,0.6732546715070892,8.278811661833046,0.05230926491250429,157.82195125659928,42.22549236053601,7.3009103050948e-09,0.9999999999989999,0.08,0.33542473047256094,2.748866462470308,0.9931446937463674,0.8160763562723655,0.9213584317614064,0.9528986441565808,0.33611545602578907,0.0909734562118718,0.00600656503899962,0.9545612661908479,0.015640057389647504,0.01155549191090649,0.007061789404212472,0.00410187012113608,0.0026319791013506367,0.0013697720374455417,0.009255290194060422,0.1015625,0.007061251649748311,0.15234375,1.5B,8192
7,11,longdoc_8192,longdoc,8192,9.010913347279288,11.364012738258804,46.620558345247666,0.7369516594438723,51.358078668096134,6.16203116097502,0.6732546715070892,8.278811661833046,0.05230926491250429,128.2138815820217,1.3309591356664896,0.5836433244491964,0.7789571841937409,0.08,0.27470390472835104,5.345296522111232,0.9689586331801195,0.20514310605752126,0.3263485616549545,0.5011232274648372,0.11779756506553873,0.041874706310059295,0.006992465125445526,0.5478212054396074,0.07782283270339181,0.035286385661333186,0.010866095270954754,0.007353142937369361,0.005649484697163488,0.0036364493879378615,0.0073532862892629475,0.1015625,0.006354348493202024,0.15234375,1.5B,8192
8,0,longdoc_8192,longdoc,8192,9.010913347279288,18.65234553471901,31.811565362193242,3.085016177611669,38.39683381279678,10.344737893090137,1.2310931316361615,13.644138026657545,0.02337050654864497,-19.737677976489067,0.503547415137291,0.741828599715725,0.6126448598671361,0.08,0.7083255794063132,4.887227601190707,0.9764922300112797,0.3323273218773561,0.4289544410494173,0.5605443682256303,0.15769411957745047,0.025014154591215587,0.1699894339092901,0.23561546828635604,0.06995443985341566,0.024876761345375562,0.009765561725621682,0.005439511950542626,0.0035722627799303092,0.0017997680075446166,0.010955724343739637,0.1015625,0.007624320806099325,0.15234375,1.5B,8192
8,1,longdoc_8192,longdoc,8192,9.010913347279288,14.940445808508168,31.811565362193242,3.085016177611669,38.39683381279678,10.344737893090137,1.2310931316361615,13.644138026657545,0.02337050654864497,17.16318889707327,0.33128934539854527,0.9096557917286001,0.5393232683695716,0.08,0.7081823416298313,6.817882611320552,0.8797974498939172,0.09694006495580056,0.16270488133033448,0.2510407503861144,0.039089063041291894,0.008471727284932395,0.003678910600432283,0.094734645325157,0.08118768030222019,0.055665637097945204,0.03225207467386964,0.02244642557374112,0.01785437358384777,0.011613439125549494,0.023148438257742782,0.1015625,0.01988472597160182,0.15234375,1.5B,8192
8,2,longdoc_8192,longdoc,8192,9.010913347279288,16.188486313136657,31.811565362193242,3.085016177611669,38.39683381279678,10.344737893090137,1.2310931316361615,13.644138026657545,0.02337050654864497,-32.68408870138228,0.979393819347024,1.2405106169668838,0.5781358602542354,0.08,0.6998972942777824,6.384821360961549,0.9005445539757668,0.18949044140784485,0.2440912046282903,0.3222650130302669,0.013592737966399926,0.12952889800416645,0.1117910872745955,0.04704861070375676,0.31805173328932673,0.20307909259988124,0.11015563015553897,0.06166497980526662,0.0406798649728296,0.021825245140323638,0.08185281815806247,0.1015625,0.06556711036005285,0.15234375,1.5B,8192
8,3,longdoc_8192,longdoc,8192,9.010913347279288,38.22405600443267,31.811565362193242,3.085016177611669,38.39683381279678,10.344737893090137,1.2310931316361615,13.644138026657545,0.02337050654864497,-130.73883810825646,19.545840932056308,8.079823583125541e-08,0.9999999964615973,0.0,0.5888334864531022,3.2637803171090582,0.9973580093098819,0.6111149609992533,0.7762119903399419,0.9069206888194266,0.28546631586225857,0.1100095544938604,0.00029126336153964506,0.00018242710914920493,0.00016462676419517688,8.886782980966708e-07,2.718961335749909e-08,3.8984908162234475e-09,8.271766371345023e-10,5.741060772231039e-11,0.04629897872469929,0.10205078125,0.03250722423571127,0.15283203125,1.5B,8192
8,4,longdoc_8192,longdoc,8192,9.010913347279288,27.156749747081992,31.811565362193242,3.085016177611669,38.39683381279678,10.344737893090137,1.2310931316361615,13.644138026657545,0.02337050654864497,-32.99159812927246,4.5622966811060905,0.05801683583494737,0.9896252377710112,0.08,0.6678235542052616,1.8270536852463848,0.9991856861249571,0.9413467980241447,0.9726442389224982,0.9846500362651387,0.02798411656523281,0.04421499436732357,0.07269852836310897,0.252917669163831,0.0012175281229272487,0.0003476680511883925,5.151300324496766e-05,1.3518389523078718e-05,5.378204416124018e-06,1.3337917104673077e-06,0.0004390331761892697,0.1015625,0.00014909036628309088,0.15234375,1.5B,8192
8,5,longdoc_8192,longdoc,8192,9.010913347279288,22.60519021758146,31.811565362193242,3.085016177611669,38.39683381279678,10.344737893090137,1.2310931316361615,13.644138026657545,0.02337050654864497,-18.33826780016534,33.76873266021721,7.30096980832405e-09,0.9999999999989977,0.08,0.6404237093464605,2.2859935708581505,0.9986971053719786,0.9021982898629112,0.9534782575918969,0.9777120654164674,0.8951598921440544,0.05237074541188069,0.3244305984227973,0.6629471063576183,0.003424343005161467,0.001320416892140508,0.00042169527355780806,0.0001547065738874573,8.151671469056615e-05,2.9470540971756744e-05,0.0003487947140382717,0.1015625,0.00021143335688001796,0.15234375,1.5B,8192
8,6,longdoc_8192,longdoc,8192,9.010913347279288,25.534151980413903,23.695769843157517,1.5796730458812658,27.290734074701245,6.711145914981284,0.6228085843184795,11.092244662653288,0.05989613414293527,-42.26176384650171,35.96305999998003,7.300919087068457e-09,0.9999999999989997,0.08,0.5329950540691687,1.5819780914864818,0.9972123719773601,0.9632064451443685,0.9750644463763668,0.9810059487864417,0.3438879644597477,0.029768192662698922,0.2399025346567366,0.7416857028014749,0.009491053869090861,0.0073120497014507084,0.004467041046727717,0.0026494207150196633,0.0017626325124476048,0.0008539119394142899,0.004268581449985832,0.1015625,0.0032863301791672805,0.15234375,1.5B,8192
8,7,longdoc_8192,longdoc,8192,9.010913347279288,31.95379483003549,23.695769843157517,1.5796730458812658,27.290734074701245,6.711145914981284,0.6228085843184795,11.092244662653288,0.05989613414293527,-18.450737327802926,4.905034669209272,0.04475676245020316,0.9925148931972695,0.0,0.6575243441802996,4.316001271286579,0.9913572009816909,0.3547653641715048,0.4893504392463252,0.67168533520979,0.014316462575605371,0.005122928363074486,0.0009304552376449804,0.0009147941641821496,0.054488010983672584,0.022092403358681463,0.007417655526037347,0.002629561097812162,0.0011884474065524844,0.0003153197996351338,0.08034053126751793,0.1015625,0.04765135638597362,0.15234375,1.5B,8192
8,8,longdoc_8192,longdoc,8192,9.010913347279288,20.657927007886546,23.695769843157517,1.5796730458812658,27.290734074701245,6.711145914981284,0.6228085843184795,11.092244662653288,0.05989613414293527,-22.620157340541482,26.22969032265246,7.427865238526149e-09,0.9999999999942482,0.08,0.5567904698523773,3.3687165970404704,0.9849345223560279,0.6981031541549945,0.7958508053425841,0.8608284116876979,0.12758925788884656,0.013767183772386504,0.2780335848207498,0.6106224821710029,0.058697704419420335,0.037492603257840686,0.021850032533909595,0.013105900120668451,0.008960180542882031,0.00465245757491819,0.017392897598115648,0.1015625,0.012946689390892786,0.15234375,1.5B,8192
8,9,longdoc_8192,longdoc,8192,9.010913347279288,19.657449808861386,23.695769843157517,1.5796730458812658,27.290734074701245,6.711145914981284,0.6228085843184795,11.092244662653288,0.05989613414293527,-33.7793253082782,17.860097009688616,6.692472986013629e-07,0.999999964923925,0.08,0.6163765641515083,3.193019475175998,0.9767932838873863,0.7297119189734665,0.7773269682022562,0.8231396366762831,0.17636637465295912,0.1219355742624737,0.3342067331959594,0.487330693622268,0.10727855115410878,0.07220987440022804,0.04237245983937988,0.026176354804132544,0.017913362943000673,0.009691560938703653,0.03363692441001304,0.1015625,0.024558548821356028,0.15234375,1.5B,8192
8,10,longdoc_8192,longdoc,8192,9.010913347279288,23.343510495339842,23.695769843157517,1.5796730458812658,27.290734074701245,6.711145914981284,0.6228085843184795,11.092244662653288,0.05989613414293527,-54.47970121074468,31.36712222127244,7.301799153623555e-09,0.9999999999989679,0.08,0.5917320535790255,1.289337061689578,0.9963828228037531,0.9525890320839789,0.9628318541534981,0.970648473687121,0.3091028243187326,0.17541549960370517,0.6936869927512737,0.2768264180454108,0.06133527576351579,0.043308355761259514,0.026065775915498676,0.014634030617217419,0.009354599651709877,0.004426257413330348,0.029495929034460328,0.1015625,0.020336132014330762,0.15234375,1.5B,8192
8,11,longdoc_8192,longdoc,8192,9.010913347279288,27.862884973242704,23.695769843157517,1.5796730458812658,27.290734074701245,6.711145914981284,0.6228085843184795,11.092244662653288,0.05989613414293527,-45.862170316278934,38.27943592518568,7.300910948389738e-09,0.9999999999989999,0.08,0.5139678946010477,1.8525739978529656,0.9989285782460492,0.9703567663133407,0.9854925487521172,0.9914080299081302,0.5893767248356119,0.024572371325124465,0.3824140102599786,0.6089169660647387,0.005128911397154736,0.003046416786742622,0.0014011007030075894,0.0006537680326354522,0.000368305384154452,0.00014211957687952612,0.0015784097611794515,0.1015625,0.0010032250608220628,0.15234375,1.5B,8192
9,0,longdoc_8192,longdoc,8192,9.010913347279288,22.571124466617057,23.802634729241973,1.7468052881107277,27.94104835732219,6.512017935836991,0.869372651225006,11.215341854601853,0.06866763725081503,-40.688405125401914,15.1946622421965,4.110421118006118e-06,0.9999997470269686,0.08,0.4818457203022033,3.4213894862681964,0.966855054158664,0.7305567039914056,0.7754864816237788,0.8096784603364823,0.13267357973868554,0.14990841654572984,0.18829668480928716,0.6259497204831552,0.0995532603120059,0.07591494434346095,0.04961020138752575,0.03217025302906384,0.023540791011153334,0.013297416151656128,0.03761045216424505,0.1015625,0.0283493870976849,0.15234375,1.5B,8192
9,1,longdoc_8192,longdoc,8192,9.010913347279288,24.95671893308534,23.802634729241973,1.7468052881107277,27.94104835732219,6.512017935836991,0.869372651225006,11.215341854601853,0.06866763725081503,-49.581702002324164,22.75917125446722,1.0415058301946155e-08,0.9999999998677818,0.08,0.5733447971606359,2.5215067438202374,0.9934024560041373,0.8203231013169894,0.887907565280971,0.9176104914218876,0.47134525529755056,0.22121954606372274,0.5007735335871208,0.42246081266464736,0.08852514814867417,0.05362878520072215,0.02552066392732033,0.012898379171998459,0.008042955108529,0.00369237936535512,0.02145878647312606,0.1015625,0.014230368283429528,0.15234375,1.5B,8192
9,2,longdoc_8192,longdoc,8192,9.010913347279288,27.743256575434764,23.802634729241973,1.7468052881107277,27.94104835732219,6.512017935836991,0.869372651225006,11.215341854601853,0.06866763725081503,-55.74798568710685,10.124070150777698,0.00044609414879827705,0.9999598990318638,0.08,0.5661331864618183,2.6274725348563672,0.9928218974421967,0.8769859197764537,0.9063969871402765,0.9303462483033711,0.6934705476724847,0.04815006122032317,0.30203234194697653,0.6078627720399998,0.044135785652270554,0.03208734671981017,0.01673159225870016,0.008238001210641091,0.004701065931158505,0.0018829019650912955,0.020560360394000134,0.1015625,0.01414705517509285,0.15234375,1.5B,8192
9,3,longdoc_8192,longdoc,8192,9.010913347279288,23.332123703057338,23.802634729241973,1.7468052881107277,27.94104835732219,6.512017935836991,0.869372651225006,11.215341854601853,0.06866763725081503,-61.187245291657746,6.904368843781413,0.009321970867873368,0.9988593082242803,0.08,0.48263900237355234,3.8746492823926384,0.9590343980593853,0.614486251549628,0.6490618624995318,0.6958882223201949,0.35970607183259107,0.01802405761883552,0.44838533188686713,0.18330112958924244,0.4733835209150809,0.3110558124228656,0.16545374576854768,0.09942741427218374,0.06940763794356387,0.03829873887676775,0.16272058000516137,0.1015625,0.12324282357399725,0.15234375,1.5B,8192
9,4,longdoc_8192,longdoc,8192,9.010913347279288,27.837169502449985,23.802634729241973,1.7468052881107277,27.94104835732219,6.512017935836991,0.869372651225006,11.215341854601853,0.06866763725081503,-47.48341412469745,30.78766477559111,7.302136227478267e-09,0.9999999999989555,0.08,0.5722393059862871,1.6558557085892531,0.9987202173226868,0.9576853502533675,0.9805459489395134,0.9872448946957483,0.642989075574864,0.44243507237176827,0.10712228244497447,0.8789093291017565,0.005318667778360104,0.0034395009455641997,0.0015575016275512312,0.0006898427094226085,0.00035856750003133015,0.00011669368189160536,0.0015009304795654235,0.1015625,0.0007824148072559712,0.15234375,1.5B,8192
9,5,longdoc_8192,longdoc,8192,9.010913347279288,24.712430703235306,23.802634729241973,1.7468052881107277,27.94104835732219,6.512017935836991,0.869372651225006,11.215341854601853,0.06866763725081503,-53.33595426566899,6.116240296745673,0.01567155294137612,0.997798120777703,0.08,0.5184687535294727,1.7843943765033954,0.9953324700068631,0.9127791127415384,0.9375092018123591,0.9536839312674142,0.0022409900821727113,0.05766481237042287,0.11268586188327508,0.8180217549431177,0.022570715694881515,0.015436881716177726,0.008276191110699507,0.004391001659142403,0.0027465219754406866,0.0012228936291195547,0.00905058194759446,0.1015625,0.0062720628402797305,0.15234375,1.5B,8192
9,6,longdoc_8192,longdoc,8192,9.010913347279288,14.693725881552687,23.95132694584752,1.6516584537320245,27.153171624920592,9.201595295691305,0.717744971262087,11.501698679612813,0.02656772339207277,-49.40141653548926,1.522321306169033,1.2113812768274619,0.6559001558634482,0.04,0.46390099783078304,7.440148467561369,0.7724561882259384,0.11454798589084984,0.14125200030883545,0.18064598997498413,0.022474511940494324,0.02480417899193421,0.07025319358417931,0.020668452104381715,0.3486989129028889,0.2407301095457898,0.13817417345441568,0.08479446026980124,0.06221322440436965,0.03794130063778243,0.09493863345249422,0.1015625,0.07139834577787946,0.15234375,1.5B,8192
9,7,longdoc_8192,longdoc,8192,9.010913347279288,24.42180622704964,23.95132694584752,1.6516584537320245,27.153171624920592,9.201595295691305,0.717744971262087,11.501698679612813,0.02656772339207277,-40.27725308481604,6.805894653312862,0.01817827454034081,0.9977422279153371,0.08,0.5227765487971223,4.171447629257261,0.9893498055597185,0.4455683266288769,0.5376389208107123,0.6621528453077994,0.10825601905649762,0.038421385179528755,0.24931118379674674,0.13440592289658346,0.09692186586814551,0.02844348016227654,0.003539223895661138,0.0010676461001869525,0.0005311123076114246,0.00019178055507875744,0.0025648005676005285,0.1015625,0.0018827674966476649,0.15234375,1.5B,8192
9,8,longdoc_8192,longdoc,8192,9.010913347279288,18.139598369298252,23.95132694584752,1.6516584537320245,27.153171624920592,9.201595295691305,0.717744971262087,11.501698679612813,0.02656772339207277,-57.99271325208247,2.7602422423660755,0.23438707836026978,0.9395945731031675,0.0,0.46710700050105897,6.44398061584294,0.8500373337582581,0.2165456681552631,0.3073429169317949,0.4119849314679095,0.0005566755751318375,0.045767810707010526,0.06694645544476488,0.0010209122686017874,0.25321685279126543,0.20696671925801385,0.14705135640185144,0.10418005837881861,0.07846656720110323,0.04887274122187792,0.16755382231169658,0.10205078125,0.10152348150396577,0.15283203125,1.5B,8192
9,9,longdoc_8192,longdoc,8192,9.010913347279288,22.30572218490944,23.95132694584752,1.6516584537320245,27.153171624920592,9.201595295691305,0.717744971262087,11.501698679612813,0.02656772339207277,-32.857489354908466,1.828699866309762,0.40345671441500813,0.8614764736770801,0.08,0.5213556316414583,4.0599115390011615,0.992933563722226,0.41908228318185603,0.5741405526510089,0.7269352278906852,0.053738865041769834,0.016484791490944728,0.1818391879817707,0.6049222848307569,0.032965839902215986,0.004264545884026613,0.001271430302233425,0.0005038160259860727,0.0002908018031905285,0.00011575178838902183,0.0007966463575242115,0.1015625,0.0005237928074476658,0.15234375,1.5B,8192
9,10,longdoc_8192,longdoc,8192,9.010913347279288,26.7833649202655,23.95132694584752,1.6516584537320245,27.153171624920592,9.201595295691305,0.717744971262087,11.501698679612813,0.02656772339207277,-25.899502264917828,26.560131628415547,7.379104520650741e-09,0.999999999996082,0.08,0.5312891710492224,3.0660309432293733,0.9975956621430975,0.6775520031350287,0.8176139750384095,0.9309619324459427,0.36423219028403975,0.026259030250613824,0.2037434864942657,0.77357039867629,0.0022921937899707083,0.0006075361032203895,0.00021565926201426778,8.04738419646218e-05,3.9809327309881595e-05,1.1922492074995135e-05,0.0003155694387483294,0.1015625,0.0001738884278442978,0.15234375,1.5B,8192
9,11,longdoc_8192,longdoc,8192,9.010913347279288,23.539927307509306,23.95132694584752,1.6516584537320245,27.153171624920592,9.201595295691305,0.717744971262087,11.501698679612813,0.02656772339207277,-69.79695828352123,38.781331717036664,7.300910704375515e-09,0.9999999999989999,0.08,0.5347919881557476,1.7807449767073849,0.9987695009289931,0.972952935618102,0.9871095342803755,0.9906943153557924,1.5147615286978975,0.6378250751079149,0.3948656245671036,0.5950150753311625,0.005351446955465849,0.003675293605932672,0.001873760104782138,0.000886861494156719,0.0005051313721850618,0.00020548664207206953,0.0029602986138139793,0.1015625,0.0019552059583416094,0.15234375,1.5B,8192
10,0,longdoc_8192,longdoc,8192,9.010913347279288,20.225825288675203,24.086225363277514,1.9905502413891587,28.921035627934625,9.840301937829329,1.0475727453661665,14.235252224055525,0.03055008761773811,-64.02594673354179,10.655851292423904,0.0002762066400600375,0.9999763474543254,0.08,0.3725424990557493,2.53489283755251,0.9731538853815508,0.7407830187590233,0.7670403033097702,0.7988285537298826,0.0005096818390422087,0.02092264390489884,0.6981646793250466,0.1012026652330712,0.4286853983880449,0.3167813743011467,0.18232941212393636,0.10396224787244383,0.0683856927670481,0.035898689570083596,0.18902014805980938,0.1015625,0.13755593343338482,0.15234375,1.5B,8192
10,1,longdoc_8192,longdoc,8192,9.010913347279288,28.64596385174697,24.086225363277514,1.9905502413891587,28.921035627934625,9.840301937829329,1.0475727453661665,14.235252224055525,0.03055008761773811,-48.8827576097101,36.013815047219396,7.300916607268159e-09,0.9999999999989997,0.08,0.4422108961531288,2.0656726766381177,0.9989049104926602,0.930795227068063,0.9697823475530718,0.9909901702747019,0.6850853267941206,0.10932030600673848,0.40461109949301893,0.5887134081314644,0.0033826286181662833,0.0018442536409308393,0.0007716103525114588,0.0003179839785341014,0.00015213917222354898,4.686209433907708e-05,0.0011923123993828565,0.1015625,0.0007069046460461898,0.15234375,1.5B,8192
10,2,longdoc_8192,longdoc,8192,9.010913347279288,23.487317621716745,24.086225363277514,1.9905502413891587,28.921035627934625,9.840301937829329,1.0475727453661665,14.235252224055525,0.03055008761773811,-42.119846121408045,8.016240165103227,0.0030029035922806216,0.9996680741019943,0.08,0.383703631733827,4.692065338264042,0.9609738507796206,0.4335878250165023,0.5120941094705126,0.6109872542933739,0.05029366574065586,0.029554249991301518,0.30309735541348576,0.32040496148311703,0.15356310511418925,0.1001074124520619,0.05173901631655073,0.027699272023743712,0.01792440887342023,0.00826862242873164,0.0609436555136701,0.1015625,0.046017626183557495,0.15234375,1.5B,8192
10,3,longdoc_8192,longdoc,8192,9.010913347279288,23.085841446884864,24.086225363277514,1.9905502413891587,28.921035627934625,9.840301937829329,1.0475727453661665,14.235252224055525,0.03055008761773811,-70.22897214454133,0.22838906559627503,0.6904671316636707,0.5566226182260819,0.08,0.348455010946425,2.780714963688834,0.9808258802217431,0.7463746630310193,0.7707908778294035,0.8090617133265001,0.08350174720155668,0.04463869136704712,0.5578128544428019,0.19975080335173456,0.19702160018007867,0.12911664187980876,0.06776963328863515,0.03903558261169046,0.026039857792439627,0.013321674341350424,0.05664220386274101,0.1015625,0.04376198392554273,0.15234375,1.5B,8192
10,4,longdoc_8192,longdoc,8192,9.010913347279288,23.391942345797986,24.086225363277514,1.9905502413891587,28.921035627934625,9.840301937829329,1.0475727453661665,14.235252224055525,0.03055008761773811,-45.28322239778936,4.380090808495879,0.0839401442436356,0.9855958664899301,0.0,0.36478012090310713,7.022528693770656,0.8590849949469611,0.12061447464565118,0.1658007108814228,0.22553614323646887,0.11012988374636001,0.006347736854225738,0.05336208611298123,0.004009130754435494,0.24337406813978563,0.18047459800006743,0.11834214483904579,0.07884598007038586,0.05524526175116868,0.028343099611201582,0.13594653387942823,0.1015625,0.10001786850668168,0.15234375,1.5B,8192
10,5,longdoc_8192,longdoc,8192,9.010913347279288,20.35199598264411,24.086225363277514,1.9905502413891587,28.921035627934625,9.840301937829329,1.0475727453661665,14.235252224055525,0.03055008761773811,-28.766926722601056,19.017659483477473,1.1748817635902785e-07,0.9999999944940878,0.08,0.44928924307951884,2.443291022766606,0.9819050683895532,0.8010073024909489,0.8448130173582676,0.8691846763633589,0.5090030640469736,0.0690831206651612,0.03476537175507869,0.8364155776017698,0.057675840333089895,0.04338741260283528,0.025328528164740276,0.013985508880165316,0.008739478745082786,0.0039668531188567085,0.03216137280972045,0.1015625,0.021625042447114586,0.15234375,1.5B,8192
10,6,longdoc_8192,longdoc,8192,9.010913347279288,20.882873031294434,28.618225118910434,2.397692051189894,34.36613668789465,6.8410198735921055,1.107795660048057,11.89030293944585,0.09869457564170889,-57.48306967690587,18.808446363545954,1.5039233724552247e-07,0.9999999928313712,0.08,0.4567833203149743,2.6658889348687946,0.9823735205292317,0.7717026111995942,0.8046242032929073,0.841805054231712,0.2269048503631903,0.02019362986620621,0.5912904595218742,0.2344381151947451,0.20861310163751548,0.14249028306206757,0.07665584786907985,0.04268957463493811,0.027016634679955038,0.012427354059120375,0.10183679481850155,0.1015625,0.06475164867213763,0.15234375,1.5B,8192
10,7,longdoc_8192,longdoc,8192,9.010913347279288,20.516075960245153,28.618225118910434,2.397692051189894,34.36613668789465,6.8410198735921055,1.107795660048057,11.89030293944585,0.09869457564170889,-44.504032876342535,1.4220897667109966,1.0504531679655058,0.6557067938200118,0.08,0.3910584257827805,5.655032881373598,0.9315309993705866,0.31778617711170665,0.39530163600197243,0.4777067135742066,0.01403267730786878,0.13088467782706492,0.039496211712801106,0.03723169012451576,0.2836206730011764,0.19590381392959927,0.10501934991067131,0.05722492791158495,0.03519258948539048,0.015715312929662672,0.11400446522778535,0.1015625,0.07746165102290639,0.15234375,1.5B,8192
10,8,longdoc_8192,longdoc,8192,9.010913347279288,17.14036233851994,28.618225118910434,2.397692051189894,34.36613668789465,6.8410198735921055,1.107795660048057,11.89030293944585,0.09869457564170889,-39.66837738081813,18.65856702812016,2.1319866925660685e-07,0.9999999896703063,0.08,0.4525641050338439,3.8641138215191804,0.9494562989072007,0.6444169337569501,0.6971868781291168,0.7427203071969799,0.07294561591338145,0.31082449410444424,0.16365670709721802,0.5644849632453491,0.17172612221025835,0.13589160026022323,0.08917664090327182,0.059018043823308344,0.04257517364568894,0.02422636782064222,0.06669101321612815,0.1015625,0.050400861317186234,0.15234375,1.5B,8192
10,9,longdoc_8192,longdoc,8192,9.010913347279288,16.823747703134877,28.618225118910434,2.397692051189894,34.36613668789465,6.8410198735921055,1.107795660048057,11.89030293944585,0.09869457564170889,-23.679493829607964,12.216190500184894,6.555576776754175e-05,0.9999950438490545,0.08,0.5088708966424104,6.359238068360169,0.9135621539404183,0.18271691689557995,0.25736011978857726,0.33930045432096695,0.07870040982933157,0.025953607844523274,0.054556913165984364,0.23913023282499427,0.279687636203197,0.17967827407694578,0.09156124556192813,0.049110110084095174,0.031767173197664325,0.017455481135077958,0.05565394597492284,0.1015625,0.03020137568170192,0.15234375,1.5B,8192
10,10,longdoc_8192,longdoc,8192,9.010913347279288,19.95540744150954,28.618225118910434,2.397692051189894,34.36613668789465,6.8410198735921055,1.107795660048057,11.89030293944585,0.09869457564170889,-64.76945982128382,0.5146406418643892,1.1852494289114892,0.5151295435855862,0.04,0.42404833115770496,4.523997011060958,0.9857553881822538,0.28092951336754496,0.4289068355222683,0.6239479208432076,0.06710394153758203,0.014460077961905515,0.012626809549778217,0.014304920037307187,0.04429241636965909,0.02762187318132589,0.016601100152465305,0.01033367986909678,0.007027442912317666,0.0036042175916543755,0.1489738581673114,0.1015625,0.13091917302440417,0.15234375,1.5B,8192
10,11,longdoc_8192,longdoc,8192,9.010913347279288,19.915050788860604,28.618225118910434,2.397692051189894,34.36613668789465,6.8410198735921055,1.107795660048057,11.89030293944585,0.09869457564170889,-41.73292513936758,24.45966233126819,7.931750166104313e-09,0.9999999999741307,0.08,0.5205311319588563,2.8590715778410347,0.9806515250166292,0.7585495293235395,0.7907957483553838,0.8241362157365016,0.005060993569188543,0.008933951772550852,0.1757529978856831,0.6334079086181792,0.10938450672694679,0.07781857955178142,0.04223952849987339,0.022813112548129143,0.014823177615386306,0.007129089741337435,0.03894353963249006,0.1015625,0.022715651844651255,0.15234375,1.5B,8192
11,0,longdoc_8192,longdoc,8192,9.010913347279288,18.80337558190734,24.111522281041637,2.0619846206586927,29.184572286671187,8.138656851145761,0.7808632897645195,10.407534565405612,0.03762928146598431,-39.00875982269645,3.417772558517754,0.1993658464023483,0.9592525407201713,0.08,0.5045448504557108,6.38304750243209,0.9027474843076317,0.18541915278445276,0.25154976036903215,0.34177054892634817,0.012017236085502203,0.01062985666293259,0.08206613282594784,0.10539836904076101,0.31873643050734773,0.23089653684743505,0.13094846059280105,0.0791222569516536,0.054398866964907124,0.030578270046197772,0.0911371167035282,0.1015625,0.07242456347569795,0.15234375,1.5B,8192
11,1,longdoc_8192,longdoc,8192,9.010913347279288,22.615119852418005,24.111522281041637,2.0619846206586927,29.184572286671187,8.138656851145761,0.7808632897645195,10.407534565405612,0.03762928146598431,-33.38141321763396,28.72669291612692,7.310097092702101e-09,0.9999999999986655,0.08,0.5626644759560875,2.9438994379046712,0.9956028658907433,0.7596199009677308,0.8922692731412833,0.9477903149891844,0.2995931176195643,0.08045782804511448,0.22263623328515075,0.7336958241055879,0.01140546747549313,0.007895163256012906,0.004399686980161513,0.0022582240288890046,0.0014002987377064828,0.0006264601644388238,0.005341085869108978,0.1015625,0.0034468982246769215,0.15234375,1.5B,8192
11,2,longdoc_8192,longdoc,8192,9.010913347279288,27.77091280679475,24.111522281041637,2.0619846206586927,29.184572286671187,8.138656851145761,0.7808632897645195,10.407534565405612,0.03762928146598431,-41.121985925361514,53.68191655119881,7.300910292874247e-09,0.9999999999989999,0.08,0.5495453392170525,1.5747468952437764,0.9994569016039461,0.9760316099373133,0.9931887974358141,0.9975505602345366,0.01413372437717364,0.050495928466659734,0.033944636410392005,0.9622794099512084,0.0006912643233337734,0.0003914537299357189,0.00014681955471808187,4.952628953419186e-05,2.1603009719459605e-05,5.868791475865567e-06,0.00029687092659731116,0.10205078125,0.0001703411431957359,0.15283203125,1.5B,8192
11,3,longdoc_8192,longdoc,8192,9.010913347279288,20.25142756416702,24.111522281041637,2.0619846206586927,29.184572286671187,8.138656851145761,0.7808632897645195,10.407534565405612,0.03762928146598431,-51.6214865319198,0.40114971331786364,0.7177811779483951,0.5941467425769216,0.08,0.4535791546831002,5.696144983690903,0.9376934089940661,0.3040475748947965,0.3834085974259651,0.48268343743326336,0.17215917086748056,0.02809154888208698,0.08382593827345619,0.0484982832729408,0.22856831093220206,0.1581841875361719,0.08937952647266516,0.050075386467987176,0.03279843041708838,0.01648479892419077,0.15746006358742876,0.1015625,0.11425392277617356,0.15234375,1.5B,8192
11,4,longdoc_8192,longdoc,8192,9.010913347279288,28.314292596363405,24.111522281041637,2.0619846206586927,29.184572286671187,8.138656851145761,0.7808632897645195,10.407534565405612,0.03762928146598431,-92.68884522968438,22.466185552068055,1.1401528771423857e-08,0.9999999998239912,0.08,0.529836022024317,1.7293813016873092,0.9993831857113302,0.9945088358820904,0.9970516130774854,0.9979773609986812,3.098994972201757,0.44597682483446466,0.1363075002407579,0.8598132867132632,0.0006507823487532743,0.0003886606597021631,0.00015905623853064123,5.679715599637083e-05,2.676001693272502e-05,7.859026787003861e-06,0.0006378143213007093,0.1015625,0.0004655771330092836,0.15234375,1.5B,8192
11,5,longdoc_8192,longdoc,8192,9.010913347279288,21.07936200159292,24.111522281041637,2.0619846206586927,29.184572286671187,8.138656851145761,0.7808632897645195,10.407534565405612,0.03762928146598431,-34.97803016100079,11.61624534893781,0.0001137867977080049,0.9999909815980772,0.08,0.5101689295950446,4.697051580956943,0.9658658612310406,0.451282651641584,0.5420222691367913,0.6327200552445065,0.1616090349685062,0.1496317646321046,0.2027102542146126,0.42402124182754886,0.12761956964210602,0.075997065099546,0.039386972629654085,0.022390433111678966,0.01552872882271032,0.008222627163695267,0.04368296976787619,0.1015625,0.030841213509853905,0.15234375,1.5B,8192
11,6,longdoc_8192,longdoc,8192,9.010913347279288,19.600989883212343,24.21673116728644,3.167859496388049,32.06596655073095,7.426742745871016,0.7018125232034569,10.794857036685045,0.03034845247327271,-47.75995173965384,7.386941479437155,0.005190962807418082,0.9993810935528344,0.08,0.42087827828034985,4.4389850961222335,0.982961710255703,0.4726171698285113,0.5897940012353082,0.7071880342433594,0.32495998864925546,0.010222670691112823,0.13176795552083076,0.026450234074071457,0.16909588067521594,0.10306019104063133,0.03668696512726431,0.012931985897043878,0.006605746672862867,0.0027428536692289153,0.17659190303581956,0.1015625,0.1309173341540082,0.15234375,1.5B,8192
11,7,longdoc_8192,longdoc,8192,9.010913347279288,17.701697080688,24.21673116728644,3.167859496388049,32.06596655073095,7.426742745871016,0.7018125232034569,10.794857036685045,0.03034845247327271,-49.41810621507466,1.211821200326085,0.543596154794376,0.7701534985277946,0.08,0.39681496921322346,6.06657790057298,0.9010149102141213,0.2984821218787512,0.35516569145401267,0.42344727674113286,0.1773493445273544,0.003167757134078908,0.1339124210750538,0.0707375746778468,0.41281626399283244,0.3090582034664845,0.18330566704407197,0.1077233179570283,0.0715948407290291,0.036624611996268985,0.2095330862084689,0.1015625,0.1558863543181163,0.15234375,1.5B,8192
11,8,longdoc_8192,longdoc,8192,9.010913347279288,21.447922510256227,24.21673116728644,3.167859496388049,32.06596655073095,7.426742745871016,0.7018125232034569,10.794857036685045,0.03034845247327271,-40.826495019719005,24.317491307854652,8.034611177292458e-09,0.9999999999699585,0.08,0.38698922371617045,1.1636963778277223,0.9918089584288555,0.9140141878174043,0.9232164728420094,0.9359672826981552,0.2556988607694084,0.005444250667765882,0.02421294463692828,0.9000771307139317,0.037005195272208365,0.028028667392033656,0.01662821760210912,0.009296806447512873,0.0058689527601480124,0.0025689362539175423,0.02144259998525856,0.1015625,0.015465487240895644,0.15234375,1.5B,8192
11,9,longdoc_8192,longdoc,8192,9.010913347279288,20.916997339540195,24.21673116728644,3.167859496388049,32.06596655073095,7.426742745871016,0.7018125232034569,10.794857036685045,0.03034845247327271,-69.99740180186927,4.337209336459637,0.0891399091924053,0.9847094430261324,0.04,0.4363527876436043,5.630514318928949,0.910049443517412,0.3370595623800443,0.41379050528353434,0.49276821189520403,0.0179217882909235,0.00326555889604796,0.22267212510352558,0.014058884631476212,0.3528851503088863,0.2679231572175354,0.1672700226058822,0.10386368617033855,0.07225250916219854,0.03923694485185097,0.31726227722558964,0.10205078125,0.25298870219447855,0.15234375,1.5B,8192
11,10,longdoc_8192,longdoc,8192,9.010913347279288,18.42546277946648,24.21673116728644,3.167859496388049,32.06596655073095,7.426742745871016,0.7018125232034569,10.794857036685045,0.03034845247327271,-35.10707272589207,10.307268719188869,0.000442846421614851,0.9999616712209055,0.0,0.4761278102646427,5.100165283551937,0.9380128504391722,0.4443221311392012,0.5343571214288813,0.6080484378057186,0.25305326357570923,0.05045785932574198,0.05457977809084839,0.0034423912228519903,0.22577815742331722,0.1791769579434632,0.11736570200331535,0.07179247808872558,0.048115773031139085,0.0249994200429508,0.18055711880166658,0.10205078125,0.15257380944289847,0.15283203125,1.5B,8192
11,11,longdoc_8192,longdoc,8192,9.010913347279288,26.202947249745126,24.21673116728644,3.167859496388049,32.06596655073095,7.426742745871016,0.7018125232034569,10.794857036685045,0.03034845247327271,-44.466900238767266,20.19446534756571,4.8938072033687964e-08,0.9999999980574639,0.08,0.4086881106922875,4.167057872201305,0.9769872316132687,0.5866093845397146,0.6429207407557661,0.7078195297065534,0.36540056414503463,0.04191042576417203,0.1929800051292794,0.4385410530699002,0.0980963787385303,0.06781646930037447,0.029742118514519675,0.012091594080574482,0.0068354636772566535,0.0024378152922874207,0.06270895462604169,0.1015625,0.04978490024863465,0.15234375,1.5B,8192
12,0,longdoc_8192,longdoc,8192,9.010913347279288,23.698048565396192,21.602525803795874,1.5469851516751743,25.11614250038215,10.479647530527002,0.7374100560834247,12.539056205905764,0.03268939539826863,-28.711993724107742,8.21475488692522,0.0029938375782827677,0.9996873313699921,0.08,0.57298364768948,2.65006109951931,0.9895843045681973,0.7174519614798697,0.7747122422819283,0.8265315384418125,0.07401433355107212,0.17530943705942725,0.6196777606837571,0.03694209896555747,0.2177611401509449,0.1173144316860724,0.04266888127227287,0.017253775351392605,0.009329617499510992,0.0034236303132632426,0.39034316762238014,0.1015625,0.2826138226637786,0.15234375,1.5B,8192
12,1,longdoc_8192,longdoc,8192,9.010913347279288,21.16203667663846,21.602525803795874,1.5469851516751743,25.11614250038215,10.479647530527002,0.7374100560834247,12.539056205905764,0.03268939539826863,-15.190755546092987,5.021788966841996,0.03984643029135809,0.9934188781712843,0.0,0.5784503297928251,4.109890721759509,0.9937562761733303,0.35493134370505564,0.495276341143493,0.6884525596470126,0.16209099471794008,0.0063628254259926464,0.0029312005445850105,0.000854408236535729,0.00807595024462921,0.0029591493452170927,0.0008003662828607448,0.0002714087441971815,0.00014193697066182753,5.637811378399063e-05,0.15749064507833851,0.10205078125,0.10982710780672925,0.15283203125,1.5B,8192
12,2,longdoc_8192,longdoc,8192,9.010913347279288,22.30697377474411,21.602525803795874,1.5469851516751743,25.11614250038215,10.479647530527002,0.7374100560834247,12.539056205905764,0.03268939539826863,-20.306291218847036,12.861785221844912,4.9108979008177564e-05,0.9999965508610399,0.08,0.5583654996372107,3.132041255944321,0.9848283367187177,0.6665407775549168,0.7159450746634317,0.7795500170830547,0.175055249416058,0.0005862626627864964,0.5441144050645834,0.04494136417000558,0.2120141100013922,0.11802546357711792,0.04890947244317035,0.021529055105177674,0.011985669002810465,0.004718293426958169,0.32534328335528523,0.1015625,0.15082134759491564,0.15234375,1.5B,8192
12,3,longdoc_8192,longdoc,8192,9.010913347279288,15.222784680536146,21.602525803795874,1.5469851516751743,25.11614250038215,10.479647530527002,0.7374100560834247,12.539056205905764,0.03268939539826863,-10.022266140207648,4.08211930654943,0.11057518361602468,0.9796411042818922,0.08,0.6065139518007772,5.853709485405709,0.9396645151397917,0.2147032662408412,0.3093109628106421,0.42342805620404006,0.12636815832036463,0.13223731770974956,0.0290112727876385,0.0410564850920324,0.19581025468882568,0.14313050127735244,0.0782151766449142,0.04631961185573829,0.03255574302012563,0.017830131628698915,0.12315142558453486,0.1015625,0.10295166801984756,0.15234375,1.5B,8192
12,4,longdoc_8192,longdoc,8192,9.010913347279288,14.585996763689248,21.602525803795874,1.5469851516751743,25.11614250038215,10.479647530527002,0.7374100560834247,12.539056205905764,0.03268939539826863,-42.929703036905266,3.637653434998356,0.16206451654372092,0.9673389480112319,0.08,0.6240228329700526,3.478167976545598,0.9684019553736872,0.6201773977531967,0.657349592868658,0.7016359610603896,0.06647723897364921,0.01159217458155759,0.5600903628616015,0.013650678191452931,0.5149622743920974,0.3655301207782007,0.15924788848331062,0.0652587675762737,0.03860914800640356,0.01938278251838996,0.5759891344229158,0.1015625,0.44241479171581877,0.15234375,1.5B,8192
12,5,longdoc_8192,longdoc,8192,9.010913347279288,20.652904283187173,21.602525803795874,1.5469851516751743,25.11614250038215,10.479647530527002,0.7374100560834247,12.539056205905764,0.03268939539826863,-2.407844416797161,1.0727546978741884,0.567859308333353,0.7451059109855386,0.08,0.6230925289461097,3.8747836693121185,0.961716707253873,0.577259096738282,0.6240564301594166,0.6817122815420724,0.31990928944781594,0.07341003203712293,0.4827631693315262,0.17219654686315658,0.3708310053902267,0.2636401992564974,0.14031654140006,0.07591147834069607,0.04880932490836336,0.023992180134937025,0.15946360438172438,0.1015625,0.1098368214864786,0.15234375,1.5B,8192
12,6,longdoc_8192,longdoc,8192,9.010913347279288,27.75918456856854,23.879359617324493,1.34246094486057,28.80773588914073,9.359519849638758,0.5973689910322679,11.531381127234244,0.036059671890159996,-47.57760079950094,1.6582117602229118,0.6566296476728994,0.7913956362728246,0.04,0.6059317028440951,5.139592401131276,0.977443388420712,0.2683629808586759,0.4110644843347259,0.5539496412935222,0.005786678006848511,0.007243441678779661,0.004323763543111708,0.005069822470269235,0.11551725909102789,0.06525347938351835,0.022755702147133336,0.009034459000435379,0.004465151129400914,0.0012702088272560149,0.05293876746737576,0.10205078125,0.04213420061409842,0.15283203125,1.5B,8192
12,7,longdoc_8192,longdoc,8192,9.010913347279288,24.63802789155715,23.879359617324493,1.34246094486057,28.80773588914073,9.359519849638758,0.5973689910322679,11.531381127234244,0.036059671890159996,-59.30179809220135,29.608766983263195,7.30500438978235e-09,0.9999999999988514,0.08,0.3675184555443016,1.388974124827651,0.9986581531274019,0.9300629895765076,0.9621713481819362,0.9813842020307065,0.4176143665468617,0.05089530146643728,0.7262340960951555,0.2526334458381312,0.02275277913570809,0.012521516269672382,0.005419367317389532,0.0026509056663198433,0.0014961403520185343,0.000588377286054514,0.006331286928717701,0.1015625,0.00390982157127443,0.15234375,1.5B,8192
12,8,longdoc_8192,longdoc,8192,9.010913347279288,25.829584997478065,23.879359617324493,1.34246094486057,28.80773588914073,9.359519849638758,0.5973689910322679,11.531381127234244,0.036059671890159996,-67.05912618990988,31.640475786291063,7.30141128923983e-09,0.9999999999989817,0.08,0.3566557754816602,0.7130671896962879,0.9993744897216583,0.9655422360974146,0.9856858299754165,0.9926531908777587,0.08653396797335766,0.32238701837807504,0.8801159832811272,0.11374212147661895,0.009478022968237368,0.005549270669817986,0.002484409035414668,0.0011175686742849866,0.000590724397590498,0.00021690160790372237,0.002865242780055013,0.1015625,0.0017369708522134587,0.15234375,1.5B,8192
12,9,longdoc_8192,longdoc,8192,9.010913347279288,23.410242865125475,23.879359617324493,1.34246094486057,28.80773588914073,9.359519849638758,0.5973689910322679,11.531381127234244,0.036059671890159996,-46.49931932426989,31.05227897351142,7.30188756066872e-09,0.9999999999989646,0.08,0.3836002772555584,2.0979463215733354,0.9964236860366911,0.8822717492792462,0.9292639300075954,0.9525235565521352,0.2529885233822182,0.028508223163177693,0.462315135781769,0.4895945008665312,0.026027553721430945,0.015021695624633147,0.006992085744410587,0.0035481060003281525,0.0021790569125205088,0.0009640718224601974,0.007586216780892663,0.1015625,0.005605213714264501,0.15234375,1.5B,8192
12,10,longdoc_8192,longdoc,8192,9.010913347279288,18.92082684745781,23.879359617324493,1.34246094486057,28.80773588914073,9.359519849638758,0.5973689910322679,11.531381127234244,0.036059671890159996,-9.445735961198807,21.118729748763144,2.2193795606415462e-08,0.9999999993254016,0.08,0.33214852952150603,4.005724828907224,0.978482443566088,0.5610493505771088,0.6874492399004737,0.7790760056942121,0.033254053135913675,0.17099844665949032,0.0381552607794902,0.7653259474145108,0.0473739546137707,0.02631282015765504,0.015200626429689394,0.009774535875320099,0.006911201837675022,0.003991661562231082,0.008910224862103733,0.1015625,0.005747920180019047,0.15234375,1.5B,8192
12,11,longdoc_8192,longdoc,8192,9.010913347279288,29.820163217740053,23.879359617324493,1.34246094486057,28.80773588914073,9.359519849638758,0.5973689910322679,11.531381127234244,0.036059671890159996,-39.00542388856411,1.082273991778493,0.5716801800108819,0.7463611585058121,0.08,0.4317846390860746,3.812232771348576,0.9941141309029204,0.5314242681102677,0.6809772948038052,0.8110868136260925,0.22178860227560449,0.012234028937529895,0.10534129304137106,0.40720051001572644,0.0203732695892014,0.005723015450480908,0.0014324852908024625,0.0005042262822833028,0.00025020086470589923,7.98807209818894e-05,0.006187631683398003,0.1015625,0.0033307564513704855,0.15234375,1.5B,8192
13,0,longdoc_8192,longdoc,8192,9.010913347279288,30.27779877386814,22.432718720019114,1.318359980703405,25.669370430395183,10.626049887171028,0.8982494063290851,12.996403924641937,0.028134704779708888,-13.320711428299546,34.25111643783748,7.300947131496137e-09,0.9999999999989986,0.08,0.4595317495862789,2.739241885637899,0.9981756581509147,0.7709702549377863,0.9100914065926395,0.9724144595460127,0.4459807919065807,0.1145311105489587,0.13176516347822534,0.8563975136068337,0.0024252752569559138,0.0011419821076105834,0.0004691596044493012,0.0002267585812877486,0.00013083891919085937,5.1273660824823825e-05,0.0006257330651927425,0.1015625,0.0003634250371601708,0.15234375,1.5B,8192
13,1,longdoc_8192,longdoc,8192,9.010913347279288,24.15000860380245,22.432718720019114,1.318359980703405,25.669370430395183,10.626049887171028,0.8982494063290851,12.996403924641937,0.028134704779708888,-45.971900285221636,0.592715204693377,1.1088050423048794,0.5468514112781593,0.08,0.6192598803191416,5.277862422453006,0.9409166294513043,0.37567131039512086,0.4355513090038486,0.5076957042584882,0.002367346334008369,0.0357604208497353,0.23886699756952803,0.05190017126505801,0.2715313544947774,0.18062644192301042,0.0984554851012289,0.053343990958008604,0.03535143406062541,0.01897639769279587,0.11161307647797591,0.1015625,0.06686012826766564,0.15234375,1.5B,8192
13,2,longdoc_8192,longdoc,8192,9.010913347279288,30.911209042236734,22.432718720019114,1.318359980703405,25.669370430395183,10.626049887171028,0.8982494063290851,12.996403924641937,0.028134704779708888,-27.679084127768874,43.207186333835125,7.300910297452814e-09,0.9999999999989999,0.08,0.4358138561764828,2.4067464609336215,0.9985646088716462,0.90703701959734,0.9613095964432445,0.9865883105660085,1.0451885905270786,0.019530259544069395,0.20876600374949392,0.7813426050444855,0.0029869740652370513,0.0017261423302818233,0.0008222891368902244,0.00038128731234508974,0.00020781843206301183,7.366953869439722e-05,0.0008973775914954106,0.1015625,0.0005174808222786629,0.15234375,1.5B,8192
13,3,longdoc_8192,longdoc,8192,9.010913347279288,31.7497844841262,22.432718720019114,1.318359980703405,25.669370430395183,10.626049887171028,0.8982494063290851,12.996403924641937,0.028134704779708888,-32.55200384790078,42.24685483938083,7.3009103048363975e-09,0.9999999999989999,0.08,0.4397256964414531,2.1741167572524938,0.9987869416929771,0.9391142499641826,0.9783255296365524,0.9911551763544846,0.5083916397156261,0.36250698279723137,0.19048764673746865,0.8011534857705735,0.002816182636131595,0.0017258832295758012,0.0008311702561983816,0.0003593998833314017,0.0001939454993324127,6.651946275296006e-05,0.0007067998089613656,0.1015625,0.0004631284227870775,0.15234375,1.5B,8192
13,4,longdoc_8192,longdoc,8192,9.010913347279288,37.99692215584598,22.432718720019114,1.318359980703405,25.669370430395183,10.626049887171028,0.8982494063290851,12.996403924641937,0.028134704779708888,-95.1079419516027,33.09055122220889,7.301042552675431e-09,0.9999999999989952,0.08,0.43967652759539155,0.8977884983668416,0.9996148176162786,0.9933414392714304,0.9952585748502212,0.9964886244185517,0.08453428703815646,0.2586659146108783,0.10407320561023338,0.8894304242571531,0.0014059390514665577,0.0007404957345212259,0.00024204577839139776,7.480345595257047e-05,2.976476126996405e-05,6.107034773072648e-06,0.0015695349353434037,0.1015625,0.0012127265392132052,0.15234375,1.5B,8192
13,5,longdoc_8192,longdoc,8192,9.010913347279288,27.34816331480839,22.432718720019114,1.318359980703405,25.669370430395183,10.626049887171028,0.8982494063290851,12.996403924641937,0.028134704779708888,-16.13930535875261,8.493893056176603,0.0019431913125403813,0.9997953261915025,0.08,0.42755869659708773,4.132700466350931,0.9861862635282442,0.4705760826892791,0.6431026955016586,0.7866366395213955,0.018998682417225493,0.14501634754537351,0.12418282342441113,0.7182509247403546,0.03720131267979789,0.019031043761141703,0.01237392589869965,0.007625345767497348,0.004956191291323983,0.0024781834588236498,0.007821927540585992,0.1015625,0.005307070281203156,0.15234375,1.5B,8192
13,6,longdoc_8192,longdoc,8192,9.010913347279288,22.73698648352078,23.162436981695706,1.5815333534219451,27.0788675130483,7.326175026873588,1.0315340593099007,10.749216844238461,0.07919850548337547,69.27857546135783,19.194712525233626,1.0041940493846096e-07,0.9999999953874994,0.08,0.4951538868122634,2.8994418870696315,0.9955358308324666,0.7590130717447332,0.8694404591743252,0.9298448309008605,0.2705018033439499,0.2380488353576835,0.09483805929814941,0.8582036243828887,0.022445234372282706,0.01212276584098688,0.005819708419701545,0.002872982772334424,0.0017846284410450125,0.0007661724061986432,0.005388876181031379,0.1015625,0.003574283721830064,0.15234375,1.5B,8192
13,7,longdoc_8192,longdoc,8192,9.010913347279288,20.871918966295862,23.162436981695706,1.5815333534219451,27.0788675130483,7.326175026873588,1.0315340593099007,10.749216844238461,0.07919850548337547,59.11878388375044,19.0214811116457,1.1708368350302664e-07,0.9999999945152716,0.08,0.5025227182863855,3.0754148231337872,0.9962467048345092,0.7136731133597279,0.8539235291288039,0.9344855316195957,0.2035360665909911,0.10833796833507048,0.10031351695074198,0.8218282565880153,0.015455235924683982,0.007271980425008922,0.003108228821163912,0.0017385226607589171,0.00113278327306028,0.0005472658612885081,0.003196516098581731,0.1015625,0.0022716352554080243,0.15234375,1.5B,8192
13,8,longdoc_8192,longdoc,8192,9.010913347279288,21.149444801641838,23.162436981695706,1.5815333534219451,27.0788675130483,7.326175026873588,1.0315340593099007,10.749216844238461,0.07919850548337547,68.90672914683819,15.459365654736757,3.1877908129874294e-06,0.9999998067653659,0.08,0.49510182636944133,3.3568095304860788,0.9944544917933257,0.6589850848638242,0.8123933326152053,0.9033374840700692,0.07711205176023128,0.2257470553611718,0.03990185274389286,0.8676575577776018,0.023285096962096866,0.012571609128897683,0.006314611653894919,0.003330523347540784,0.0019285692064778474,0.0007350949030277072,0.01313894682779991,0.1015625,0.011356575016149867,0.15234375,1.5B,8192
13,9,longdoc_8192,longdoc,8192,9.010913347279288,21.00558266202517,23.162436981695706,1.5815333534219451,27.0788675130483,7.326175026873588,1.0315340593099007,10.749216844238461,0.07919850548337547,60.78038454800844,17.27670723386109,7.335153514532935e-07,0.9999999608565877,0.08,0.5085452618217837,3.9876921104449528,0.9865140201285183,0.5563722224954533,0.6561482825264473,0.7673784941897993,0.29369874387805783,0.022483362778682014,0.15916696875446842,0.6180295845431779,0.06262715967978164,0.03268796211549685,0.013188476712410463,0.007553387064861214,0.005058963478671952,0.0024805717829714685,0.010893575721288002,0.1015625,0.007920802711567875,0.15234375,1.5B,8192
13,10,longdoc_8192,longdoc,8192,9.010913347279288,19.929818435202943,23.162436981695706,1.5815333534219451,27.0788675130483,7.326175026873588,1.0315340593099007,10.749216844238461,0.07919850548337547,79.3585167080164,7.293162778019905,0.005637448528396614,0.999320275563546,0.08,0.5335470076967402,4.210896150075469,0.9911579604153326,0.39390465020031956,0.5489559109421454,0.7282756491358315,0.016764467440951947,0.04155927929580372,0.03429882606325993,0.7405722721286635,0.042572198307627485,0.011570917734113437,0.004243323403382652,0.001954687921055238,0.0010980084686121236,0.00048541356286829063,0.0033355243436810965,0.1015625,0.0019662316298160415,0.15234375,1.5B,8192
13,11,longdoc_8192,longdoc,8192,9.010913347279288,20.343281423864628,23.162436981695706,1.5815333534219451,27.0788675130483,7.326175026873588,1.0315340593099007,10.749216844238461,0.07919850548337547,53.79189086263068,15.070073306327686,4.590492362556708e-06,0.9999997147980845,0.08,0.5162104925164959,3.0316300403888703,0.995092301684015,0.7141513532268939,0.8412021192364879,0.9284260024966873,0.16637586460851228,0.15856390409016985,0.19331767342939846,0.754420199769149,0.017813914394470047,0.010716096477812671,0.005241182850815203,0.0031192715578099895,0.002164677893446499,0.0010730759903413464,0.004281180942910872,0.1015625,0.0034188434251945766,0.15234375,1.5B,8192
14,0,longdoc_8192,longdoc,8192,9.010913347279288,25.975370823193064,26.974262425211265,2.6699596608713025,38.49559139425205,12.724063649484448,0.7909345641019097,17.700205263779573,0.02085300663085819,-74.51465790718794,3.743176544085145,0.15568099130304108,0.9698543485387134,0.08,0.6166946249410683,2.146247656773301,0.9986679192609357,0.9017162433211486,0.9541465844777217,0.9725219161105473,0.0734143520890953,0.01588564769758194,0.1050885532248697,0.0025395785667803243,0.0037473812624706235,0.001516817297990266,0.0003996005011198567,0.00011520852175453584,4.2782200178375054e-05,9.231436641702989e-06,0.0025141669928346816,0.1015625,0.0020501467347706177,0.15234375,1.5B,8192
14,1,longdoc_8192,longdoc,8192,9.010913347279288,27.78068470165205,26.974262425211265,2.6699596608713025,38.49559139425205,12.724063649484448,0.7909345641019097,17.700205263779573,0.02085300663085819,-37.230277735739946,4.536718349903822,0.06802156413831068,0.9882193839178004,0.08,0.5450341326499132,4.424007185432635,0.9753568804068499,0.45053231893681983,0.5467505848693602,0.649999217307426,0.0004718339690794604,0.0131840189029655,0.2972818098595082,0.079637887847702,0.10969715108065572,0.06241444825275426,0.02866284115549527,0.01322184135442524,0.007567641001305435,0.0030103342768915964,0.04585404214252893,0.1015625,0.02400850208394125,0.15234375,1.5B,8192
14,2,longdoc_8192,longdoc,8192,9.010913347279288,18.52246869601378,26.974262425211265,2.6699596608713025,38.49559139425205,12.724063649484448,0.7909345641019097,17.700205263779573,0.02085300663085819,-29.971062949858606,5.257663493044674,0.05280297790756803,0.9920919864393385,0.0,0.5583881292753524,6.263427289903589,0.933186127795512,0.1521867941072112,0.22418113618226043,0.3266753881794859,0.04326470937394855,0.003778243698046968,0.038433115953638936,0.04281366265352812,0.10714527576419189,0.08753565844736441,0.055886428708403824,0.033298677741633274,0.02156074905591123,0.009655029420267051,0.07251244629259994,0.1015625,0.05361332397463406,0.15234375,1.5B,8192
14,3,longdoc_8192,longdoc,8192,9.010913347279288,28.187105257017638,26.974262425211265,2.6699596608713025,38.49559139425205,12.724063649484448,0.7909345641019097,17.700205263779573,0.02085300663085819,-50.44696691771969,0.909969752188772,0.5994491748757852,0.7129939711974875,0.0,0.5385212960359398,2.496477653422242,0.9983939426715269,0.7891064055568793,0.8631439426180489,0.9550853224550916,0.08503966463029489,0.1099162413712591,0.00090713685267696,1.5766259804906237e-07,0.0009918220891246493,0.0002752826440747149,0.0001057497862262736,2.845250334371572e-05,8.510905320229356e-06,1.103295878923005e-06,0.2792697195673855,0.10205078125,0.10605283167519021,0.15283203125,1.5B,8192
14,4,longdoc_8192,longdoc,8192,9.010913347279288,26.07185517481748,26.974262425211265,2.6699596608713025,38.49559139425205,12.724063649484448,0.7909345641019097,17.700205263779573,0.02085300663085819,-114.54402445536107,0.765976027585566,0.6630229651058548,0.6788024116833041,0.0,0.6013196298692183,3.486630251034891,0.9963346385030805,0.5754154970858302,0.7284324782114563,0.8920453026931499,0.1537642631285978,0.0021862623993813557,0.1422517312189089,2.735639440947199e-05,0.005906132774032832,0.002848178403178715,0.0012223985188310159,0.00039268298927869536,0.00014616865174559097,2.703765471540877e-05,0.1116073613489666,0.10205078125,0.0536660064317343,0.15283203125,1.5B,8192
14,5,longdoc_8192,longdoc,8192,9.010913347279288,25.96655267239814,26.974262425211265,2.6699596608713025,38.49559139425205,12.724063649484448,0.7909345641019097,17.700205263779573,0.02085300663085819,-106.75100721069612,1.4721040457952768,0.481291123510135,0.8133768825517613,0.0,0.4677009858888289,2.770642657616108,0.9973927024886958,0.7776288397770879,0.8484978671105663,0.9290792857999737,0.1983575043878823,0.03228676188916446,0.20661439273118118,1.056809004126314e-06,0.01047875997489546,0.005703155310202592,0.0022156777672232538,0.0006447864333905986,0.00020924389851021156,2.602904141968046e-05,0.13606192909396547,0.10205078125,0.09235698652880274,0.15283203125,1.5B,8192
14,6,longdoc_8192,longdoc,8192,9.010913347279288,28.32596936864009,21.792012096654997,1.5187554984741076,27.560969950362036,9.361497290676983,0.7613866364797486,14.22859482857699,0.06159024350813653,-43.021366719156504,8.665392700582743,0.0017220868715919072,0.9998236322679352,0.0,0.4877329355168562,5.898106381154585,0.9583907746663187,0.19873046106737852,0.2801016009761276,0.3675276366370443,0.10400611524512127,0.010564276166649622,0.05146631525224785,0.0008899288755002721,0.226507933359486,0.15812054312353493,0.06293417360768208,0.014026971409188665,0.004008166741995236,0.000621885702965115,0.14988021279741073,0.10205078125,0.10190166419299686,0.15283203125,1.5B,8192
14,7,longdoc_8192,longdoc,8192,9.010913347279288,21.0677384900104,21.792012096654997,1.5187554984741076,27.560969950362036,9.361497290676983,0.7613866364797486,14.22859482857699,0.06159024350813653,-33.57226458564401,18.587561935186386,1.88875219115072e-07,0.9999999908186065,0.08,0.7190196296147673,2.332935530055001,0.9944873903296865,0.8122717717416442,0.8704210162560451,0.9177812421799939,0.35204470200397786,0.03864006212739346,0.5820077353837344,0.3432909319629963,0.08101224902222111,0.04494440329479223,0.02083448536855843,0.010311569946288561,0.006286005189149611,0.0028875052143775308,0.015542619813045194,0.1015625,0.010054529686056735,0.15234375,1.5B,8192
14,8,longdoc_8192,longdoc,8192,9.010913347279288,22.88560945941583,21.792012096654997,1.5187554984741076,27.560969950362036,9.361497290676983,0.7613866364797486,14.22859482857699,0.06159024350813653,-19.932767929509282,10.298630742356181,0.00038070787251403144,0.9999663124945563,0.08,0.6887485715446935,3.5386191037625627,0.9939503599115905,0.6289624760549372,0.7684234919045416,0.8709642053073157,0.004358279163966028,0.012887073281781958,0.1931037258163275,0.6529566197331609,0.03447905783925588,0.014677898892919523,0.004562535485236577,0.0016508460472828437,0.0008432252687933433,0.00031635590085552005,0.006024369738221017,0.1015625,0.0040765845908190095,0.15234375,1.5B,8192
14,9,longdoc_8192,longdoc,8192,9.010913347279288,23.0959297720694,21.792012096654997,1.5187554984741076,27.560969950362036,9.361497290676983,0.7613866364797486,14.22859482857699,0.06159024350813653,-39.21857081539929,12.610227990429848,5.2790514957084964e-05,0.99999619013988,0.08,0.6644058615138319,2.3093604776033354,0.9910060425209511,0.8842494349076369,0.896700427397982,0.913834905208043,0.02808109646365642,0.032023934141850674,0.1702932721497173,0.7329679150252407,0.050462593870989746,0.035554097408455325,0.018134292244888946,0.009334888971134993,0.0056381209907440805,0.0024448265900984243,0.019834439604270407,0.1015625,0.013942327106366864,0.15234375,1.5B,8192
14,10,longdoc_8192,longdoc,8192,9.010913347279288,19.327530457122837,21.792012096654997,1.5187554984741076,27.560969950362036,9.361497290676983,0.7613866364797486,14.22859482857699,0.06159024350813653,-35.90641097910702,0.303917970508337,0.9297240874395333,0.5211776771197503,0.08,0.7211255331061421,4.192005160247842,0.9751364536366338,0.48180749104693676,0.5614229142956823,0.6444887426032591,0.005687232517787466,0.03389233554647486,0.3788497496934857,0.21643173066895496,0.2847550827267814,0.1490113403213371,0.053615426368216194,0.02380604529975254,0.014182829738970575,0.007209231974752425,0.04402910143579171,0.1015625,0.028142503923713428,0.15234375,1.5B,8192
14,11,longdoc_8192,longdoc,8192,9.010913347279288,21.103307048908995,21.792012096654997,1.5187554984741076,27.560969950362036,9.361497290676983,0.7613866364797486,14.22859482857699,0.06159024350813653,-39.33614789880812,7.527419145219028,0.0045968214171495225,0.9994615190555438,0.0,0.7068264308263876,5.014918580447236,0.9687557290284647,0.3728046450181182,0.47619184485683075,0.5879439342227891,0.09104570644693033,0.0913868219653532,0.1593664805236986,0.025909641173724508,0.11047699037485487,0.06987078642907171,0.038136867884409655,0.01882014533410371,0.010181125086534014,0.00307303526880038,0.06801798914371882,0.1015625,0.05319575218730171,0.15234375,1.5B,8192
15,0,longdoc_8192,longdoc,8192,9.010913347279288,18.3691661357956,21.43293298720866,1.8869901001265414,28.02618815415617,8.021635566460295,1.269543007391231,12.966441537063833,0.07614620688049677,-49.566177947446704,0.7408615611493587,0.6342581073347061,0.676732574970224,0.08,0.3093206773966327,6.43514179203904,0.8764625782834218,0.2321046778161238,0.2826775803850246,0.34486368929025557,0.061034811157081315,0.03138714794441144,0.14255130529335375,0.09625333944457307,0.42437541844486415,0.3073370099758777,0.19379134704351916,0.12400773822985502,0.08681732051361077,0.047679698829075474,0.21270602849004014,0.1015625,0.14592480658783843,0.15234375,1.5B,8192
15,1,longdoc_8192,longdoc,8192,9.010913347279288,20.83202688666684,21.43293298720866,1.8869901001265414,28.02618815415617,8.021635566460295,1.269543007391231,12.966441537063833,0.07614620688049677,-32.15810993872583,5.5908291302621365,0.026963758916269506,0.9960435868788126,0.08,0.3206003113659545,5.987296528501622,0.927229193873844,0.24039791369129618,0.3241000322342,0.43052594324902943,0.12017964172310092,0.08383170434183596,0.041366159130527484,0.01182498909036887,0.2677110648075042,0.18064566494837664,0.10333060540303259,0.06052969597179427,0.04227794750256954,0.02278685310136142,0.15164531470648646,0.1015625,0.11661060331468692,0.15234375,1.5B,8192
15,2,longdoc_8192,longdoc,8192,9.010913347279288,21.39025667303951,21.43293298720866,1.8869901001265414,28.02618815415617,8.021635566460295,1.269543007391231,12.966441537063833,0.07614620688049677,-38.613393414299935,3.6952286711893976,0.16949708913425623,0.9672974689105382,0.08,0.3619270969375806,5.393531476531185,0.9542699029825282,0.3257865929349197,0.44183905893409614,0.5493873483290287,0.08059674405780648,0.029549629643033537,0.08100395588668977,0.028615486201318093,0.273714066810791,0.1844548184004563,0.09018860382249172,0.04647710436083028,0.0285811026861518,0.013939564774287573,0.10761997117259951,0.1015625,0.08064490399280261,0.15234375,1.5B,8192
15,3,longdoc_8192,longdoc,8192,9.010913347279288,19.152490962670825,21.43293298720866,1.8869901001265414,28.02618815415617,8.021635566460295,1.269543007391231,12.966441537063833,0.07614620688049677,-51.659096686635166,2.0276805381290615,0.6509594357146716,0.8288905556064394,0.08,0.4585639501476061,6.492161429043515,0.8577301448301599,0.23356403042072424,0.26504295658133176,0.31023828129432146,0.23013692358809656,0.01626817776302314,0.17746372490417775,0.04657734731325115,0.7277165237605135,0.5135195772707176,0.2903667118241663,0.1728262431590795,0.11998065630149078,0.07130998983151661,0.2923062034131276,0.1015625,0.20486201567671833,0.15234375,1.5B,8192
15,4,longdoc_8192,longdoc,8192,9.010913347279288,22.134625785760885,21.43293298720866,1.8869901001265414,28.02618815415617,8.021635566460295,1.269543007391231,12.966441537063833,0.07614620688049677,-34.31194813735783,5.91221834346652,0.02230202623897485,0.9969261908476713,0.08,0.39640676679196646,5.218846935937791,0.9701401950205316,0.2712509971117454,0.38610920743312416,0.5424599743198788,0.03850430712834002,0.006778161544643169,0.08382948880468397,0.03726210729899129,0.18415893165799266,0.11337148066543161,0.05441817115214544,0.025825531073249294,0.01568392139389726,0.007559853132396896,0.06320108458739951,0.1015625,0.03578951401069587,0.15234375,1.5B,8192
15,5,longdoc_8192,longdoc,8192,9.010913347279288,20.775384945809048,21.43293298720866,1.8869901001265414,28.02618815415617,8.021635566460295,1.269543007391231,12.966441537063833,0.07614620688049677,-69.13975103758276,4.352524936199188,0.09816060792890774,0.9830688507510764,0.08,0.36140672380574396,3.672547386594432,0.9651672198685618,0.6549331644144214,0.6870707186566075,0.7261944799738048,0.05840225577881819,0.005641007961683098,0.3621015542458581,0.2780171613304819,0.28071383088922874,0.2021254953130472,0.11446757314706967,0.062186982905631134,0.03847346777830138,0.0175484585200676,0.14350659159405585,0.1015625,0.10786963772230802,0.15234375,1.5B,8192
15,6,longdoc_8192,longdoc,8192,9.010913347279288,18.72422945363924,94.21363197907132,0.8060358774370177,96.96188947114848,11.510747034804874,1.1979869704095394,15.44747829989892,0.039436864184906266,118.03343328461051,0.04882742394693196,0.7300422017248901,0.5089605422066386,0.08,0.09811218781487457,4.777075416881527,0.9724876681785964,0.40818095230090745,0.5633594642266203,0.6880587974526099,0.16578724172221015,0.021579734346607538,0.04965063305025644,0.024264242921631367,0.21597741277413599,0.1440001310570567,0.07302765458595717,0.03769798831012274,0.02317774184774252,0.011191021412867729,0.09074311691106539,0.1015625,0.07198457602799943,0.15234375,1.5B,8192
15,7,longdoc_8192,longdoc,8192,9.010913347279288,81.64223318167872,94.21363197907132,0.8060358774370177,96.96188947114848,11.510747034804874,1.1979869704095394,15.44747829989892,0.039436864184906266,1051.6837881803513,26.37300781905651,7.394831728297268e-09,0.9999999999954814,0.08,0.1877298102130019,0.0001246188268531393,0.9998779269162467,0.9999999987838595,0.9999999998032996,0.9999999999649788,0.06506866495463726,0.12166699347034182,9.598015397961072e-14,0.9999984927261915,1.123644908312302e-12,6.155492423997391e-14,7.302838284802893e-16,9.589067792069948e-16,1.1234766898339072e-15,7.913853265879727e-16,2.996024932740287e-12,0.1015625,2.5607885699289664e-12,0.15234375,1.5B,8192
15,8,longdoc_8192,longdoc,8192,9.010913347279288,16.57597156779843,94.21363197907132,0.8060358774370177,96.96188947114848,11.510747034804874,1.1979869704095394,15.44747829989892,0.039436864184906266,68.04282450303435,3.7228051498532295,0.20145775119335124,0.9625846643765972,0.08,0.08924420773807946,4.622307797520697,0.9476138608182637,0.45053208817800483,0.49100991593469456,0.5517182313897143,0.028545533660821576,0.0024542531356379627,0.392124071850305,0.08226485807784753,0.47185601209193156,0.3063066840632214,0.155441325959068,0.08512363648925435,0.05659311228605149,0.030205074912013765,0.13236435199402988,0.1015625,0.0895691140180632,0.15234375,1.5B,8192
15,9,longdoc_8192,longdoc,8192,9.010913347279288,24.512892989646545,94.21363197907132,0.8060358774370177,96.96188947114848,11.510747034804874,1.1979869704095394,15.44747829989892,0.039436864184906266,130.02781351655722,38.741988575086,7.300910770055531e-09,0.9999999999989999,0.08,0.08543812014540068,2.2663790961483796,0.9978021294430898,0.9221660748866353,0.9568660249822826,0.9711258185220285,0.5280262548566075,0.0703847733978602,0.3592015728623367,0.6059949534217052,0.010882690421694912,0.0065886287422741675,0.002633049470452383,0.0009769713182629519,0.0004637919540098488,0.0001422197274142157,0.00383964109526759,0.1015625,0.0019453052115008006,0.15234375,1.5B,8192
15,10,longdoc_8192,longdoc,8192,9.010913347279288,19.839554306348834,94.21363197907132,0.8060358774370177,96.96188947114848,11.510747034804874,1.1979869704095394,15.44747829989892,0.039436864184906266,139.9559055417776,14.203663418069482,1.0320730944847519e-05,0.9999993216640212,0.08,0.10795740721893105,2.509928086305339,0.991644335191807,0.7293725850829832,0.7926516173312153,0.8667152573651905,0.06363415481871648,0.04462209077709112,0.6137651698336603,0.2853413254986086,0.09771201601999778,0.05767894759883581,0.025353819956057712,0.012559272520406312,0.007663655180913918,0.0033209636471698634,0.020914031975548593,0.1015625,0.013555932999425186,0.15234375,1.5B,8192
15,11,longdoc_8192,longdoc,8192,9.010913347279288,20.417173453899483,94.21363197907132,0.8060358774370177,96.96188947114848,11.510747034804874,1.1979869704095394,15.44747829989892,0.039436864184906266,283.69835408660583,0.039602759992703795,0.6982232377166865,0.509544722149377,0.08,0.1634628180787783,4.6823914304722525,0.9869206576160433,0.3074891666960134,0.4560592800573778,0.6316634305555474,0.12950013278005912,0.005152157202520158,0.029068560986514447,0.62332399723804,0.045011884112649905,0.011319242625927418,0.0039096776401997884,0.00203474910381352,0.001208982178174395,0.0005047769887569789,0.008834791751583066,0.1015625,0.006581578748204767,0.15234375,1.5B,8192
16,0,longdoc_8192,longdoc,8192,9.010913347279288,22.079202901035757,22.899878321255834,1.8931126484488234,28.412014299798606,10.65923904099494,0.9702932784914299,13.505010574600432,0.049421625319681695,-5.72204277664423,9.859548099339008,0.0006625406919894775,0.9999407169309177,0.0,0.7328636455745406,4.598611776509157,0.97452195961414,0.46795898192795893,0.5224070576665341,0.5842483588186953,0.02823297263226543,0.1479742133738684,0.1004280502465359,0.001509189596449439,0.15757844606838955,0.09354973696356043,0.032912210135461153,0.010345812555083697,0.004622311702004432,0.001442599852900611,0.15534552722117134,0.10205078125,0.10192570431881591,0.15283203125,1.5B,8192
16,1,longdoc_8192,longdoc,8192,9.010913347279288,17.82488522400693,22.899878321255834,1.8931126484488234,28.412014299798606,10.65923904099494,0.9702932784914299,13.505010574600432,0.049421625319681695,-4.3585265055298805,4.839251643046737,0.0520024412444511,0.9914036493744365,0.04,0.7308626024095739,5.325565081517972,0.9719275881195072,0.26560536574766364,0.37976992307793567,0.5080323343488,0.09235010926149467,0.038414450047314475,0.06566293180818322,0.0217115587063465,0.10621678413690051,0.07251024089510238,0.033097563882454765,0.014471105265504177,0.0073872427969296295,0.0028391225383173155,0.08087347226794583,0.1015625,0.04779645062902933,0.15234375,1.5B,8192
16,2,longdoc_8192,longdoc,8192,9.010913347279288,23.654842228997293,22.899878321255834,1.8931126484488234,28.412014299798606,10.65923904099494,0.9702932784914299,13.505010574600432,0.049421625319681695,-3.557379713281989,1.8010021429508924,0.7101501232136372,0.7671596481431345,0.0,0.6767640151319894,3.692037469083292,0.990009405815639,0.6032049077750354,0.6699930790108521,0.7404312316315449,0.2399325307999609,0.07425718369219148,0.01191839151750156,3.603077923374928e-05,0.07593973947041326,0.03613787197621727,0.007487160863936092,0.0009882235847381662,0.00028357048860898766,7.370473756214947e-05,0.08269081389763014,0.10205078125,0.05102556256995038,0.15283203125,1.5B,8192
16,3,longdoc_8192,longdoc,8192,9.010913347279288,14.95480266714425,22.899878321255834,1.8931126484488234,28.412014299798606,10.65923904099494,0.9702932784914299,13.505010574600432,0.049421625319681695,-11.611286142840981,1.5551706589758396,0.7819002198375176,0.7285837409872448,0.04,0.7676404493248369,5.7546879118222085,0.908701728493575,0.3318852159677393,0.395270514247539,0.460736870373629,0.3820530421411359,0.12651902823296557,0.21231795633918787,0.019063948694388662,0.3909687941193053,0.29315671196844606,0.17845721525206631,0.11192160991247091,0.08028249132892123,0.04650063447555003,0.23946937372190333,0.1015625,0.19029819228274442,0.15234375,1.5B,8192
16,4,longdoc_8192,longdoc,8192,9.010913347279288,20.50623774558657,22.899878321255834,1.8931126484488234,28.412014299798606,10.65923904099494,0.9702932784914299,13.505010574600432,0.049421625319681695,-29.98690404370427,5.745823495090008,0.027957241838546185,0.9960406190846964,0.04,0.7919068074881984,3.1188442694407845,0.990260466884778,0.6554735228999111,0.7310532190149109,0.8043667726659888,0.04671666270753638,0.0015991989464732015,0.5124901349670153,0.004917972088617764,0.16881818410766092,0.08669061080369592,0.022890161187113765,0.005494127661339924,0.002288985029762528,0.0007783564752987693,0.20895408435991136,0.1015625,0.15500082563908724,0.15234375,1.5B,8192
16,5,longdoc_8192,longdoc,8192,9.010913347279288,19.7963750064037,22.899878321255834,1.8931126484488234,28.412014299798606,10.65923904099494,0.9702932784914299,13.505010574600432,0.049421625319681695,-7.280381795018911,1.4820357048884034,0.5475626864178815,0.8036020281697588,0.04,0.7428597211984745,4.114964655365687,0.9824837146023297,0.574745597268191,0.6705617879156983,0.7290587714014302,0.13140080813392885,0.18676489780112737,0.226626268473273,0.007893126897394472,0.13485693208585822,0.08484241747212554,0.0343023051010821,0.01149722713877247,0.005858334014450373,0.002286233774522922,0.1041054965838933,0.1015625,0.0734567564199552,0.15234375,1.5B,8192
16,6,longdoc_8192,longdoc,8192,9.010913347279288,17.682217626786503,23.412400460613405,1.5168944919634804,27.27691660107794,9.02762938903952,1.2864722369397037,16.031411604805708,0.04373891754633543,-27.70127436891198,12.75336842238903,0.00011575738320589232,0.9999919235662266,0.08,0.50192979626663,5.958591396496168,0.8906557661879221,0.3597555878425957,0.4052482192026328,0.4568808901931742,0.15445201540259845,0.05181887589456813,0.056076448801462134,0.3503631888495914,0.2514654792630161,0.18357011980379218,0.11867300122242928,0.07397465179905945,0.05577346359962338,0.03504826100621148,0.08901896306958305,0.1015625,0.0643760714322211,0.15234375,1.5B,8192
16,7,longdoc_8192,longdoc,8192,9.010913347279288,19.54374702004964,23.412400460613405,1.5168944919634804,27.27691660107794,9.02762938903952,1.2864722369397037,16.031411604805708,0.04373891754633543,-65.20787417003885,0.3313621273264289,1.698138469357957,0.2763428535244797,0.08,0.6214819531871383,4.313364919982471,0.9580794841452378,0.5047615558906653,0.5577873728301755,0.6289800482491784,0.17838695779084413,0.006308203110322541,0.4087181565699352,0.025208021448204554,0.4049185136782517,0.2827416728403544,0.15865540354368404,0.08604462618464578,0.055030317568237286,0.025463220734705354,0.23855368094934318,0.1015625,0.17237972266194343,0.15234375,1.5B,8192
16,8,longdoc_8192,longdoc,8192,9.010913347279288,24.000980222138086,23.412400460613405,1.5168944919634804,27.27691660107794,9.02762938903952,1.2864722369397037,16.031411604805708,0.04373891754633543,-34.600226120557636,15.077111784368753,4.560690240771953e-06,0.9999997167850276,0.08,0.47973897784979563,3.298674286076058,0.9897527724058909,0.694385496819667,0.7552068579829488,0.8195055580934055,0.2699560859494312,0.10872913323610067,0.3124718474226022,0.49284353239429846,0.07614587548086944,0.040231658393289946,0.014100647706933981,0.005720967090104965,0.003225358990167534,0.0013558276338305599,0.027764544084992945,0.1015625,0.01112811430829775,0.15234375,1.5B,8192
16,9,longdoc_8192,longdoc,8192,9.010913347279288,17.872864917891498,23.412400460613405,1.5168944919634804,27.27691660107794,9.02762938903952,1.2864722369397037,16.031411604805708,0.04373891754633543,-47.448271546163596,2.149404088384472,0.3363390260413245,0.8954598969090695,0.08,0.3867765916060148,4.39566333831368,0.9624984513340167,0.5587842547162477,0.6282546788249481,0.7031304834175,0.2468716195489309,5.064997519799164e-05,0.14519685578408076,0.03291140381860905,0.31890672749177673,0.2392423639462005,0.13584823180665792,0.07474281992579011,0.04742340637686669,0.023087120997426075,0.2220895551866537,0.1015625,0.11922634214141999,0.15234375,1.5B,8192
16,10,longdoc_8192,longdoc,8192,9.010913347279288,20.105211458251556,23.412400460613405,1.5168944919634804,27.27691660107794,9.02762938903952,1.2864722369397037,16.031411604805708,0.04373891754633543,-61.800088346528355,5.629408368316945,0.043476861593380156,0.9938092302538198,0.04,0.6097988573652475,5.067220213089162,0.9158881758301658,0.4230193239027128,0.4593781676494624,0.5112577477485585,0.04925824411328872,0.0004619505331038276,0.36775431853403534,0.014376288704161369,0.5253421091574907,0.3824807745383704,0.23255809002401215,0.139472818488897,0.09554631244742919,0.04895556159939135,0.4033608323987767,0.1015625,0.2833659818228071,0.15234375,1.5B,8192
16,11,longdoc_8192,longdoc,8192,9.010913347279288,22.58815161937269,23.412400460613405,1.5168944919634804,27.27691660107794,9.02762938903952,1.2864722369397037,16.031411604805708,0.04373891754633543,-57.762153941206634,10.639988304115832,0.0004757885320536911,0.9999607948604298,0.0,0.581841943440944,4.754192881767388,0.9611877385252304,0.48943406971879166,0.5495436223598074,0.6092636971436802,0.2708874680812492,0.032859885271927736,0.23161077494169158,0.0013019771325225528,0.26899135990428247,0.1839277793586765,0.0896594630533542,0.04171784414364754,0.022721101237448946,0.008812214259219882,0.5293081188546616,0.10205078125,0.17781639160743454,0.15283203125,1.5B,8192
17,0,longdoc_8192,longdoc,8192,9.010913347279288,18.261393630453675,22.234881109829757,1.520599236935851,26.483545699118597,8.905896627405564,1.0011762078962474,13.626452271249997,0.07118347261381451,-24.122403770219535,18.262996213976294,2.3304707468333103e-07,0.9999999882823792,0.08,0.6643938270183698,2.9279380568965747,0.9872925087940939,0.7722346715454738,0.8079120451090548,0.8484656844477353,0.20628163874353678,0.049920508080652404,0.23157680026659383,0.6055509467696889,0.05795341085399602,0.036900535558421876,0.018876280410629876,0.010091221359216678,0.006538400958114043,0.003100697798805226,0.01569713704351449,0.1015625,0.011180371344696695,0.15234375,1.5B,8192
17,1,longdoc_8192,longdoc,8192,9.010913347279288,16.37100892578592,22.234881109829757,1.520599236935851,26.483545699118597,8.905896627405564,1.0011762078962474,13.626452271249997,0.07118347261381451,-20.978627297095954,4.995868236757815,0.043243772245603,0.9929562864122611,0.08,0.6559800822183836,5.739611247219793,0.9090279048070887,0.3013024317273999,0.360866904943588,0.4438468051564243,0.11064654088883097,0.07095893991512325,0.2173321387214974,0.24429462904278948,0.36461932765564964,0.24234770979113304,0.1366840043324082,0.08382274169203109,0.058795147358289855,0.033645434022080485,0.11373687601369582,0.1015625,0.08200984961666004,0.15234375,1.5B,8192
17,2,longdoc_8192,longdoc,8192,9.010913347279288,21.385258054973487,22.234881109829757,1.520599236935851,26.483545699118597,8.905896627405564,1.0011762078962474,13.626452271249997,0.07118347261381451,-28.17839400784578,3.1924553556600586,0.28592229564848554,0.9355135082719813,0.0,0.4471324832564607,4.193431944781822,0.9893617454436657,0.47059791159276837,0.5947356048644883,0.7069147522554333,0.005287996495267677,0.011998918011467907,0.001048730078242735,0.0003214262450211744,0.0681319021154694,0.034797760112478246,0.007241831687706458,0.0012547183960269347,0.0005604948203772065,0.0001909415260398458,0.11116168857189922,0.10205078125,0.05115446207280818,0.15283203125,1.5B,8192
17,3,longdoc_8192,longdoc,8192,9.010913347279288,17.386317020284068,22.234881109829757,1.520599236935851,26.483545699118597,8.905896627405564,1.0011762078962474,13.626452271249997,0.07118347261381451,-28.6685890853405,15.074952898547053,4.5696261854583345e-06,0.9999997161841738,0.08,0.6337884763544154,3.292506717080937,0.9847946216016745,0.7687414394309886,0.8004975505163188,0.8391016028177736,0.81565556805787,0.05842762818162184,0.24584926394784745,0.5815716009136256,0.05881725346551115,0.03870377650202995,0.020811231634131882,0.011652752426993998,0.007373990697364264,0.003461847456765945,0.022744481526920643,0.1015625,0.017071230912065923,0.15234375,1.5B,8192
17,4,longdoc_8192,longdoc,8192,9.010913347279288,17.213287248957975,22.234881109829757,1.520599236935851,26.483545699118597,8.905896627405564,1.0011762078962474,13.626452271249997,0.07118347261381451,-20.479411032050848,11.470636736601591,0.00016796203842569501,0.9999868370672665,0.08,0.6325497444932373,5.103447368483247,0.963735857308682,0.3866861080504176,0.4774663057658948,0.5759340693218219,0.03889429191761129,0.0962038906487846,0.09305671144145365,0.3489885262003882,0.1285643011302285,0.0735421278967468,0.03722454275661916,0.020074245632055482,0.012748384011173645,0.006436654164871451,0.054735971043235715,0.1015625,0.031110227144091764,0.15234375,1.5B,8192
17,5,longdoc_8192,longdoc,8192,9.010913347279288,17.535372926270288,22.234881109829757,1.520599236935851,26.483545699118597,8.905896627405564,1.0011762078962474,13.626452271249997,0.07118347261381451,-12.651238108985126,7.108640703372657,0.006702366581442555,0.9991769641966426,0.08,0.6040137661799524,5.2072016303062085,0.9526076451713792,0.3427328291550052,0.4521195071949207,0.568215339190107,0.06908083946698543,0.13707246739119172,0.15625398141845318,0.45200664703515936,0.15999864992092938,0.10262997529059066,0.05649557431886412,0.03396654002807423,0.022969710902935786,0.011519896400605292,0.05241393162372852,0.1015625,0.036588079102957215,0.15234375,1.5B,8192
17,6,longdoc_8192,longdoc,8192,9.010913347279288,20.13997316748395,21.008710066528778,1.768712768944038,26.19763863620138,11.606494206502166,1.017873136373783,17.677068995525197,0.02513154689277685,-49.069852363318205,3.0031542275100946,0.5214278624683979,0.8837598905598328,0.08,0.5099269870426621,5.129010664492007,0.892435810393573,0.4531721259535216,0.4900301959074277,0.5317155677967375,0.059758815318414094,0.0074804966282289165,0.3496488260447836,0.009673068921125908,0.5400955196223749,0.4339174708210079,0.2878923375370515,0.18703939671797776,0.13624453747103263,0.08050974259696678,0.2733896044998167,0.1015625,0.2016384703935574,0.15234375,1.5B,8192
17,7,longdoc_8192,longdoc,8192,9.010913347279288,18.717583524439412,21.008710066528778,1.768712768944038,26.19763863620138,11.606494206502166,1.017873136373783,17.677068995525197,0.02513154689277685,-69.00691209174693,0.16462368424981833,1.2093448900889578,0.41225970720971694,0.08,0.4365447262343172,2.16502636145438,0.9767578683188394,0.7905357762113193,0.8056655604480228,0.8239345002494779,0.10352144756067005,0.03216664337090869,0.7548116050926355,0.025256529653506152,0.5463572120270163,0.4164996417814393,0.23864733562249,0.12105034665260783,0.07418277455264317,0.03760811967625048,0.16271874233438388,0.1015625,0.10224580602772457,0.15234375,1.5B,8192
17,8,longdoc_8192,longdoc,8192,9.010913347279288,29.5128600611165,21.008710066528778,1.768712768944038,26.19763863620138,11.606494206502166,1.017873136373783,17.677068995525197,0.02513154689277685,-22.521664695814252,12.617127040401101,4.516214252616286e-05,0.9999966844551843,0.08,0.33563756372864867,3.664494974082094,0.9897699982352306,0.5922220435769974,0.6810175583490402,0.773027273232488,0.08026100226256871,0.10036770425372143,0.3484114745466622,0.4720274676113044,0.058845645454993926,0.02477164080282657,0.008528165321040372,0.0034384281753781273,0.0018906561173896818,0.0007100929520627782,0.010905518122083464,0.1015625,0.0055817784361657154,0.15234375,1.5B,8192
17,9,longdoc_8192,longdoc,8192,9.010913347279288,22.909376097629547,21.008710066528778,1.768712768944038,26.19763863620138,11.606494206502166,1.017873136373783,17.677068995525197,0.02513154689277685,-45.384257710538805,3.564060968346894,0.4321846815140472,0.9166307525483116,0.08,0.6002257403147221,5.51501837394349,0.930832661768381,0.33914233862421034,0.3967225763706799,0.47272717848920787,0.027485898668985542,0.0012369467835219305,0.2231677987142045,0.03550354139489914,0.27934370245820184,0.1975347217761377,0.10956411262048231,0.06042290497052314,0.040001551788499075,0.020499653516712277,0.17613947197728522,0.1015625,0.12597182213467106,0.15234375,1.5B,8192
17,10,longdoc_8192,longdoc,8192,9.010913347279288,18.064562057808434,21.008710066528778,1.768712768944038,26.19763863620138,11.606494206502166,1.017873136373783,17.677068995525197,0.02513154689277685,-33.796957049518824,11.29596203379333,0.0001532545254550345,0.9999875516146881,0.08,0.4911606013329249,5.455048883006295,0.8897429980365533,0.4265695311982669,0.4689272331201479,0.5181508428022272,0.6286987018984878,0.04486757509624173,0.275446239580704,0.23363000260590816,0.2905954050189998,0.2311195558006618,0.16191949266666425,0.11369919918342006,0.0866600364125489,0.05434404628402228,0.150613422697761,0.1015625,0.11202712320756703,0.15234375,1.5B,8192
17,11,longdoc_8192,longdoc,8192,9.010913347279288,17.57690284051312,21.008710066528778,1.768712768944038,26.19763863620138,11.606494206502166,1.017873136373783,17.677068995525197,0.02513154689277685,-56.509899133001454,8.485569473239593,0.006083717258486212,0.9993916227610129,0.08,0.5272123707480262,3.465141178538177,0.9374537074618344,0.6596133426709794,0.6920291489333227,0.7228926933189836,0.014732388750134717,0.05383797335604301,0.5950455692454741,0.023413023035618895,0.6400401554173432,0.5156810138171032,0.34865800198931224,0.2255951655409936,0.1622452471796045,0.09758244676904484,0.3023999099224838,0.1015625,0.21651523047635718,0.15234375,1.5B,8192
18,0,longdoc_8192,longdoc,8192,9.010913347279288,24.795571655317207,24.125346711993103,1.2807900471958298,28.34262053795404,8.84046742454522,0.8659408557138848,12.312730002200844,0.0931577768139495,-18.040944205597043,10.408234165981412,0.0003443822507841158,0.9999698155375093,0.08,0.3950896711820846,4.431447187250634,0.9785988392655398,0.4883647938479541,0.59499522305769,0.7156407305568138,0.18695798305086803,0.032496400313657636,0.10500473334899928,0.6498243646847224,0.10014425619178739,0.059862350198531415,0.026995477776232606,0.013719499585550991,0.009300461225776057,0.004913156604032685,0.01882827452246273,0.1015625,0.012212787647213317,0.15234375,1.5B,8192
18,1,longdoc_8192,longdoc,8192,9.010913347279288,18.31402461042977,24.125346711993103,1.2807900471958298,28.34262053795404,8.84046742454522,0.8659408557138848,12.312730002200844,0.0931577768139495,-77.00856792461127,2.514837444992736,0.5934954063511845,0.8501135849606622,0.04,0.4542623508159794,5.353072038543888,0.9470858410813796,0.33373412041979394,0.3927554967949851,0.4684056139939494,0.08551050288007778,0.028038043457902173,0.2470067717403264,0.01002285987654493,0.2400210334554537,0.17042920148632845,0.09207175844057262,0.05260988031264591,0.03267820140908687,0.014084085778833579,0.32002567323959547,0.10205078125,0.2067479354082959,0.15283203125,1.5B,8192
18,2,longdoc_8192,longdoc,8192,9.010913347279288,25.632788284334502,24.125346711993103,1.2807900471958298,28.34262053795404,8.84046742454522,0.8659408557138848,12.312730002200844,0.0931577768139495,-18.335269943811,18.53436876181513,1.816421588364424e-07,0.9999999910736362,0.08,0.3383727703529743,3.0405934037540456,0.9910063974538155,0.7691281240074238,0.8466759953316968,0.9024483842927458,0.15069702622821737,0.018561472084197783,0.05847661666953045,0.8556298970363823,0.050343169329706776,0.036335923497200245,0.01847121353741614,0.008528316871699849,0.004914473364019242,0.002082064254152319,0.01372180741856733,0.1015625,0.00808456818533966,0.15234375,1.5B,8192
18,3,longdoc_8192,longdoc,8192,9.010913347279288,16.435918770910074,24.125346711993103,1.2807900471958298,28.34262053795404,8.84046742454522,0.8659408557138848,12.312730002200844,0.0931577768139495,-53.38608105201274,2.1617489084601402,0.6854552826707702,0.8202219738857988,0.08,0.4961204350332276,6.647100943415899,0.8773137807669231,0.17222281716669655,0.21722484022346406,0.2805684610864889,0.008609126011077883,0.05550457564999722,0.109088528226515,0.02405747885702003,0.322136908068247,0.28428680406891027,0.20196960832602973,0.13584766728060618,0.09739986222257814,0.05406477583091144,0.22929489687151,0.1015625,0.1942211188821093,0.15234375,1.5B,8192
18,4,longdoc_8192,longdoc,8192,9.010913347279288,26.657312866444638,24.125346711993103,1.2807900471958298,28.34262053795404,8.84046742454522,0.8659408557138848,12.312730002200844,0.0931577768139495,-30.138498679734766,9.487849340308458,0.0009955994256837346,0.9999082423165547,0.08,0.33021330278258615,3.8061645854549226,0.983477707919947,0.6442056419854896,0.723880098194717,0.7894913681220685,0.12095876836467329,0.08510792145145785,0.05537542440115324,0.6848827794085839,0.11437712452604239,0.06886157517768703,0.031595165516485106,0.015747025940115393,0.008972986767864167,0.003515300681326184,0.02582174192399236,0.1015625,0.01698778117902005,0.15234375,1.5B,8192
18,5,longdoc_8192,longdoc,8192,9.010913347279288,19.298727791367767,24.125346711993103,1.2807900471958298,28.34262053795404,8.84046742454522,0.8659408557138848,12.312730002200844,0.0931577768139495,-31.647712180390954,8.34881311841309,0.0022122243131337234,0.9997633758850482,0.08,0.39536749340181004,5.814318473649501,0.9246088005790168,0.29146387508982746,0.3509306026805051,0.43898365273224965,0.07349677025135826,0.032313735872211424,0.15168622282897137,0.297395804993397,0.2141822381644733,0.15434524243391806,0.09759522334705796,0.06318875732468666,0.044134764610218126,0.023847129906986578,0.09010055115867328,0.1015625,0.07205122015929542,0.15234375,1.5B,8192
18,6,longdoc_8192,longdoc,8192,9.010913347279288,14.298016082586276,25.487953213174556,0.8691376132311497,28.597884295142727,11.97880572808615,0.8776574968473635,15.702076265350833,0.02806409678937887,91.16246720775962,5.112490508705378,0.04398521308413595,0.9931906151918596,0.08,0.48533283229960367,6.111166518431628,0.8311510003476379,0.3053752993258741,0.32985187358207896,0.3682705270119904,0.054815537897116684,0.007784227892022599,0.27750248150172885,0.08472150490419397,0.5597011268084284,0.41169299615438415,0.24587537999006273,0.14781763845763513,0.10975689760667921,0.07066729316564749,0.17883200575816904,0.1015625,0.12063048448343676,0.15234375,1.5B,8192
18,7,longdoc_8192,longdoc,8192,9.010913347279288,19.226363250013094,25.487953213174556,0.8691376132311497,28.597884295142727,11.97880572808615,0.8776574968473635,15.702076265350833,0.02806409678937887,190.60768630262464,7.8634518487378955,0.0034071932466504576,0.9996156021109321,0.08,0.5572153893631471,5.206540655471274,0.9480372255798909,0.3909415073457311,0.4558597617477562,0.5452439668822237,0.046079244307371425,0.012405587684394703,0.16726225921092047,0.3973000904019377,0.12029756119345238,0.07741252224401801,0.04282385125327153,0.02298441739497999,0.015236867364016905,0.007760355905641475,0.04693470202178278,0.1015625,0.0331147661177625,0.15234375,1.5B,8192
18,8,longdoc_8192,longdoc,8192,9.010913347279288,34.43521739228079,25.487953213174556,0.8691376132311497,28.597884295142727,11.97880572808615,0.8776574968473635,15.702076265350833,0.02806409678937887,227.19874740205705,28.387738971970975,7.313903647081363e-09,0.9999999999985263,0.08,0.4308216728370712,0.881664852990081,0.9996094382936497,0.9846406238308836,0.9911947641389568,0.9952680062660851,0.5396318532094142,0.03841960776789932,0.0523016755700575,0.9366396351497132,0.0011590146496893762,0.0005104639215052195,0.00012737864681046748,2.897345824261876e-05,1.008793564571482e-05,1.7052248806098748e-06,0.0016848953696404262,0.1015625,0.001243541490507065,0.15234375,1.5B,8192
18,9,longdoc_8192,longdoc,8192,9.010913347279288,20.244207414663194,25.487953213174556,0.8691376132311497,28.597884295142727,11.97880572808615,0.8776574968473635,15.702076265350833,0.02806409678937887,197.07612156122923,11.504455077461898,0.0002477810643381095,0.9999810842970774,0.08,0.5593679216892656,6.061018290409322,0.900489652688373,0.2540311542008778,0.29703442529367735,0.3640702701303128,0.021048620835095733,0.031262804204594374,0.19509938471340937,0.12504578104731734,0.2911637748786675,0.18430263882963316,0.09418175591480617,0.053358797507889084,0.036046102793010286,0.020903683076268165,0.09466078029006617,0.1015625,0.0643396698267653,0.15234375,1.5B,8192
18,10,longdoc_8192,longdoc,8192,9.010913347279288,20.175786198396622,25.487953213174556,0.8691376132311497,28.597884295142727,11.97880572808615,0.8776574968473635,15.702076265350833,0.02806409678937887,244.41331245424226,17.298871383536607,7.424619958627811e-07,0.9999999604320593,0.08,0.6154434323986134,3.591081753225673,0.9575395172186033,0.6501899639034395,0.6897029788169802,0.73430002037841,0.13167101157972994,0.004368668362122463,0.004086416040161551,0.7219521519742031,0.09871080874111626,0.07719019085629235,0.04957231070446682,0.031130698025148233,0.021256861341813316,0.011273467392243395,0.04282632923195334,0.1015625,0.031823015283345676,0.15234375,1.5B,8192
18,11,longdoc_8192,longdoc,8192,9.010913347279288,23.95496764563842,25.487953213174556,0.8691376132311497,28.597884295142727,11.97880572808615,0.8776574968473635,15.702076265350833,0.02806409678937887,195.31508200615644,17.642360221594572,4.132886345120418e-07,0.9999999782207669,0.08,0.44010976839694077,3.5169975238938105,0.9921740268792211,0.6711238444583909,0.7930224108503133,0.8732558014885092,0.2549886336884377,0.04351331255989166,0.10585101467476166,0.7691810252997836,0.018321811241191595,0.01212758263570913,0.005797021414253116,0.00275448800259135,0.0014409440185349494,0.0004745599652572414,0.005605650852457853,0.1015625,0.0027227689565175535,0.15234375,1.5B,8192
19,0,longdoc_8192,longdoc,8192,9.010913347279288,22.685816013761144,24.0578230163702,1.7378808308891782,29.32002965606215,9.765382761290464,0.7772244827698715,15.280920625358036,0.07649830411452005,7.013373780529946,9.167403088882565,0.001235459696263195,0.9998816131288429,0.0,0.675838684472074,4.949071313007484,0.9684918252519389,0.383703688311289,0.4906768228784729,0.6207878007964981,0.16145214332492408,0.024611683798072548,0.02216701683254419,0.002484134072237733,0.16676907304575847,0.10980613546190944,0.05629832924630566,0.02887767768868105,0.018579391910456107,0.00877145506280846,0.04647988733800173,0.10205078125,0.029639945598454214,0.15234375,1.5B,8192
19,1,longdoc_8192,longdoc,8192,9.010913347279288,27.512895306819754,24.0578230163702,1.7378808308891782,29.32002965606215,9.765382761290464,0.7772244827698715,15.280920625358036,0.07649830411452005,-10.873384949751198,0.7914406475611031,0.7901931723950326,0.656612379211033,0.0,0.6757386263877923,4.629114541245473,0.9896025756229648,0.21724325314199713,0.3748410641333897,0.603994297504656,0.03587681990860947,0.00895643711623162,0.014205388611175122,5.7100855978316194e-05,0.05331801435072331,0.029199011464038346,0.0056299478612194444,0.0013914121528336896,0.000613185862751637,0.00015905679056168358,0.04932692102991829,0.10205078125,0.029760876998839086,0.15283203125,1.5B,8192
19,2,longdoc_8192,longdoc,8192,9.010913347279288,18.48037258486823,24.0578230163702,1.7378808308891782,29.32002965606215,9.765382761290464,0.7772244827698715,15.280920625358036,0.07649830411452005,-32.25599220767617,1.7652329318225384,0.6447734183041116,0.8073764177162212,0.08,0.6775513246428702,4.8064934428591215,0.960285943747171,0.4147276849707268,0.5007194491647862,0.6052569474514782,0.11749867015261084,0.030123701329888286,0.26708873220385976,0.024673196838896527,0.1867029857128834,0.1311790017889782,0.06933177589781968,0.03925970728796844,0.02607156323142862,0.012585862888707415,0.2147215605825318,0.1015625,0.13464364340947638,0.15234375,1.5B,8192
19,3,longdoc_8192,longdoc,8192,9.010913347279288,26.452824099114252,24.0578230163702,1.7378808308891782,29.32002965606215,9.765382761290464,0.7772244827698715,15.280920625358036,0.07649830411452005,-6.873090313747525,0.23903105966746807,0.6860572138442752,0.559474812614349,0.0,0.6558553267358583,2.2831689553155377,0.9984608817619998,0.8590593913740027,0.9358474794312719,0.9721852882466978,0.5053084291596592,0.32376724337310847,0.0024156867312106526,0.0002563578913699345,0.0057418003469717795,0.002693776348331782,0.0009378923819825301,0.00033600986037076293,0.00015822529793816598,4.4769527933993855e-05,0.007015832300965071,0.1015625,0.004991215377051538,0.15234375,1.5B,8192
19,4,longdoc_8192,longdoc,8192,9.010913347279288,18.179998294352355,24.0578230163702,1.7378808308891782,29.32002965606215,9.765382761290464,0.7772244827698715,15.280920625358036,0.07649830411452005,-3.5551732778549194,0.11318025225773454,0.9350770755754607,0.4797462549258086,0.08,0.6811383999518185,6.4021870304477115,0.9115158216317965,0.17761771438828938,0.2519579485686614,0.3333905550228872,0.10487004134589784,0.04806210996710414,0.05726900069531476,0.05544808694809356,0.2366046042718823,0.20908449328108958,0.12086935378266306,0.07179114809119261,0.045355777079349645,0.021756058806678868,0.08552697003167474,0.1015625,0.0646438009693796,0.15234375,1.5B,8192
19,5,longdoc_8192,longdoc,8192,9.010913347279288,25.713089012252848,24.0578230163702,1.7378808308891782,29.32002965606215,9.765382761290464,0.7772244827698715,15.280920625358036,0.07649830411452005,-61.79385604336858,5.702215299941599,0.026334311922202196,0.9962109493969347,0.0,0.6848885216188757,3.9307363389739987,0.9949528732678673,0.31137406187773703,0.5016697737819754,0.7926382584366721,0.037947952922927186,0.03929544562173781,0.061571679202361056,2.9927164345390446e-05,0.005123010805027599,0.0023968748090575824,0.0010810282777205347,0.00042298258496433714,0.00018912492784188797,5.227693132337753e-05,0.10743655219557441,0.10205078125,0.056561685967591854,0.15283203125,1.5B,8192
19,6,longdoc_8192,longdoc,8192,9.010913347279288,22.96322772275138,21.282891723028605,1.2033621145161295,25.045058398427617,8.744631766703947,1.1496099752342748,15.268070909858798,0.03760137811778171,-17.58038286305964,20.21620412543416,4.307724605735735e-08,0.9999999983170236,0.08,0.45161207019783073,2.431599894924325,0.9817159782105069,0.7835329895477348,0.8130530297574915,0.8417795080004453,0.01717395568437058,0.006811879023451928,0.02356380245116531,0.8162044109908421,0.08482050020519537,0.06019728442716645,0.03179133673016722,0.01666154219157174,0.01009630573629077,0.004471977351923882,0.036956545592476846,0.1015625,0.024618766183669066,0.15234375,1.5B,8192
19,7,longdoc_8192,longdoc,8192,9.010913347279288,23.981157375924333,21.282891723028605,1.2033621145161295,25.045058398427617,8.744631766703947,1.1496099752342748,15.268070909858798,0.03760137811778171,-42.42842959892005,21.045844555366784,2.3807751605880838e-08,0.999999999253474,0.08,0.4263275692115369,2.9639768527547226,0.9790202525862816,0.7720726644080289,0.8200983583123934,0.8626332772005931,0.4537362018909339,0.02261217408444338,0.4808219807341329,0.3943755187282207,0.10450043258937353,0.07923491294196736,0.050682346058512934,0.03291160852136597,0.02310070602329047,0.012175382737367126,0.041904506501226846,0.1015625,0.03143098797709395,0.15234375,1.5B,8192
19,8,longdoc_8192,longdoc,8192,9.010913347279288,20.303474874419052,21.282891723028605,1.2033621145161295,25.045058398427617,8.744631766703947,1.1496099752342748,15.268070909858798,0.03760137811778171,-46.19343586266041,10.474271036684513,0.0003577812343017989,0.9999694168301771,0.08,0.3591066712834458,4.390513576173678,0.9395283775323935,0.5733013929091718,0.6090494728962347,0.6604921595736307,0.3959254929360343,0.01913043346567056,0.374211758706038,0.30095742536294345,0.2294166926198617,0.17949230994277893,0.11966237768122391,0.07515787046893418,0.051816977184111566,0.02840460709315148,0.09617881847477656,0.1015625,0.06875849923836985,0.15234375,1.5B,8192
19,9,longdoc_8192,longdoc,8192,9.010913347279288,23.37183894876229,21.282891723028605,1.2033621145161295,25.045058398427617,8.744631766703947,1.1496099752342748,15.268070909858798,0.03760137811778171,-39.121844986919314,3.316815303172916,0.15289385314705187,0.9648927345637329,0.08,0.3772514623489743,5.597383440535939,0.9368888086892411,0.3013340753621949,0.3761118714948685,0.46229389657318654,0.04310265474142416,0.02936545845175287,0.20059375608698918,0.2530213641952028,0.23271089304805684,0.16605152047821364,0.08470843677234194,0.05111482992396583,0.035450272241727476,0.017878109387516238,0.05612198735078874,0.1015625,0.03908473371875848,0.15234375,1.5B,8192
19,10,longdoc_8192,longdoc,8192,9.010913347279288,21.44036411804445,21.282891723028605,1.2033621145161295,25.045058398427617,8.744631766703947,1.1496099752342748,15.268070909858798,0.03760137811778171,-46.056762252002954,8.018024440854788,0.0029702777867849505,0.9996706371715005,0.08,0.3935678040470307,3.988133852822139,0.9710545644007372,0.5927914041836394,0.6846240782574659,0.771461148066075,0.18224200358358988,0.04473015529667235,0.3243134986828691,0.42878697836019064,0.12147289623292735,0.08909940317966708,0.05870013018808432,0.035392538700537615,0.024040264428314688,0.011977307229227678,0.04767641020141907,0.1015625,0.03495976138467249,0.15234375,1.5B,8192
19,11,longdoc_8192,longdoc,8192,9.010913347279288,23.961074944690573,21.282891723028605,1.2033621145161295,25.045058398427617,8.744631766703947,1.1496099752342748,15.268070909858798,0.03760137811778171,-16.878575397655368,19.2738103303127,9.367542632719353e-08,0.9999999957381571,0.08,0.4323894151931779,3.3477229410737506,0.9906424732510929,0.7051108805051931,0.8440945217959702,0.9054400485139724,0.3147000884614728,0.10995739776882929,0.04609431344633188,0.8627641582455974,0.029548122477204137,0.021077000298764047,0.01236954346345424,0.006721160983547181,0.004031517390112517,0.0016034249689682043,0.011512921112544507,0.1015625,0.008230535382858955,0.15234375,1.5B,8192
20,0,longdoc_8192,longdoc,8192,9.010913347279288,19.791745039801437,23.393358591870463,1.2296306122426848,26.884438990705583,11.266840046041022,1.9478059250394792,15.577138416592456,0.11838011725017077,-31.66663746163249,25.544009920209646,7.719985665456717e-09,0.9999999999830165,0.08,0.4279990646940305,3.951215455020339,0.9870818782673556,0.5706090222239479,0.7193605242714081,0.8179328971154273,0.31208729797952783,0.031441822943642284,0.043232342899209325,0.3803860750109692,0.05547155644326363,0.038064293889219204,0.01927418282301946,0.00897242154130736,0.005119807399072978,0.002117005658891819,0.08145718963303274,0.1015625,0.0333829565848304,0.15234375,1.5B,8192
20,1,longdoc_8192,longdoc,8192,9.010913347279288,18.341356932074167,23.393358591870463,1.2296306122426848,26.884438990705583,11.266840046041022,1.9478059250394792,15.577138416592456,0.11838011725017077,-64.44376487843692,7.206097578629851,0.006668809866531868,0.9992106908517515,0.08,0.4440537520413963,4.845871901314702,0.8990195566907848,0.4654778006350648,0.4901240480760794,0.525647977799077,0.014294187966167105,0.10088710094134523,0.433620808584632,0.04404260229847527,0.5777381086512531,0.41942375740581755,0.2526805944515502,0.14936105322700122,0.10500969317702058,0.059419982757936085,0.420961342439194,0.1015625,0.29509652822232985,0.15234375,1.5B,8192
20,2,longdoc_8192,longdoc,8192,9.010913347279288,17.46573916302546,23.393358591870463,1.2296306122426848,26.884438990705583,11.266840046041022,1.9478059250394792,15.577138416592456,0.11838011725017077,-68.1399016501382,14.583304799161851,7.265540675398519e-06,0.9999995347650066,0.08,0.515575419547966,3.7737149756990167,0.9744136106347662,0.5660794496589233,0.6400351347969545,0.7173580072002784,0.006988937934046202,0.01198934540849983,0.44271649476222286,0.031384196968182246,0.11863213624189523,0.08153962286266317,0.04424561617561548,0.024912930135350057,0.01674336023369712,0.008494551719260125,0.24773379155453065,0.1015625,0.2307588719645176,0.15234375,1.5B,8192
20,3,longdoc_8192,longdoc,8192,9.010913347279288,21.031676431572514,23.393358591870463,1.2296306122426848,26.884438990705583,11.266840046041022,1.9478059250394792,15.577138416592456,0.11838011725017077,-84.92819290235639,2.900533378124237,0.2929924443787812,0.9330113159827665,0.04,0.44563738921291135,4.368868155464753,0.9905509571467699,0.29324017048403356,0.4775923757907733,0.6993071649091354,0.05106128629258466,0.09371507709736776,0.04035574962780187,0.001110730866925428,0.03894391986535266,0.02156665998685436,0.00950590308733521,0.0036845187032998428,0.0017659131349215653,0.0006254017777120531,0.0363559737362568,0.10205078125,0.023978139273249988,0.15283203125,1.5B,8192
20,4,longdoc_8192,longdoc,8192,9.010913347279288,17.33907624239247,23.393358591870463,1.2296306122426848,26.884438990705583,11.266840046041022,1.9478059250394792,15.577138416592456,0.11838011725017077,-61.56637329235673,13.209848111495376,3.95847839677383e-05,0.9999973142492163,0.08,0.4731691192911925,4.743005899499948,0.9698480914652932,0.4183640318936811,0.5258895925827866,0.6494144928568965,0.09928994611702513,0.08914437781690698,0.15438264823374426,0.026607560679197645,0.15261692165424443,0.10258512229193545,0.053960231979246744,0.029354645675878633,0.01844801917302605,0.008756422930556862,0.11934037877960466,0.1015625,0.06705349565933943,0.15234375,1.5B,8192
20,5,longdoc_8192,longdoc,8192,9.010913347279288,17.92391858177309,23.393358591870463,1.2296306122426848,26.884438990705583,11.266840046041022,1.9478059250394792,15.577138416592456,0.11838011725017077,-89.70141756907105,1.1570515353232622,0.7952001627799101,0.7010789948077668,0.08,0.4675891590023911,2.8938690899808686,0.9832009232751312,0.7006182551434147,0.7519789346909593,0.8095104878795593,0.003130457173146528,0.06811853735342854,0.575497609815539,0.02104100398259623,0.09544343704119201,0.0653933450154922,0.035480135556946506,0.020649716858506535,0.013629656931700432,0.006553727468917368,0.33036990799554194,0.1015625,0.2025846517839817,0.15234375,1.5B,8192
20,6,longdoc_8192,longdoc,8192,9.010913347279288,16.309791305339413,21.05163851013839,1.4691064205561424,25.550193641063178,10.70735640200657,1.6351467662032324,18.388496289096132,0.07001347348981064,-16.80728951562196,1.2330827857367694,0.5339842730449197,0.7743562604891124,0.08,0.7286295422808178,5.622829223720221,0.9353369517257166,0.29502416050514846,0.3685994627676332,0.4641726934274179,0.06856970883002544,0.05038221626937722,0.17606105395210236,0.05025236801119494,0.21227200380005382,0.16857198114934072,0.09918378719391491,0.05644959189964891,0.038457012494145085,0.020339190650353996,0.18258036307448802,0.1015625,0.11552119770167327,0.15234375,1.5B,8192
20,7,longdoc_8192,longdoc,8192,9.010913347279288,19.284154942081738,21.05163851013839,1.4691064205561424,25.550193641063178,10.70735640200657,1.6351467662032324,18.388496289096132,0.07001347348981064,-0.11180876567959785,9.894185047596693,0.0005548979706148715,0.9999492234795362,0.08,0.5154405020821158,5.411355323574653,0.9248804916091046,0.39430393174493916,0.4615121094496302,0.5274479446095969,0.02417163908948261,0.05408086564401149,0.03378219127115432,0.34772504705436746,0.21155653991153014,0.16184819715239893,0.1043148672201482,0.06334172431763568,0.043727313276472085,0.023699305062609918,0.10271836039805407,0.1015625,0.07253535584293122,0.15234375,1.5B,8192
20,8,longdoc_8192,longdoc,8192,9.010913347279288,20.179593317149536,21.05163851013839,1.4691064205561424,25.550193641063178,10.70735640200657,1.6351467662032324,18.388496289096132,0.07001347348981064,-21.630395486950874,5.792609209660441,0.02200373700582598,0.9968384325107303,0.08,0.5996680014702417,4.881088541827831,0.9539447089445209,0.4496786456044536,0.5254315059436633,0.5923409469935231,0.23430828147891702,0.14352042418282035,0.268715871261747,0.15200193031982534,0.21610661744906348,0.13877981400402614,0.07422141366599748,0.04028973500256918,0.024729983367625993,0.011669294235146498,0.13457074213696157,0.1015625,0.10375725103169449,0.15234375,1.5B,8192
20,9,longdoc_8192,longdoc,8192,9.010913347279288,21.995592434738448,21.05163851013839,1.4691064205561424,25.550193641063178,10.70735640200657,1.6351467662032324,18.388496289096132,0.07001347348981064,-44.90093736862764,5.892542516347021,0.03775212056690473,0.9947978498564912,0.0,0.7059722959124491,4.838920684913543,0.9791340457175346,0.38509005908071053,0.4593261794890303,0.5634586521396914,0.2525538155183211,0.002700380194229357,0.16028181053825205,0.001876965910768756,0.18047528628073878,0.11511299246966679,0.031110953777538943,0.00604235496047702,0.002342980376013563,0.000810430664793028,0.2981523385300731,0.10205078125,0.16404518411846486,0.15283203125,1.5B,8192
20,10,longdoc_8192,longdoc,8192,9.010913347279288,17.06791807704871,21.05163851013839,1.4691064205561424,25.550193641063178,10.70735640200657,1.6351467662032324,18.388496289096132,0.07001347348981064,-29.848414140637033,5.569897242938168,0.030899536743191076,0.9954814492471165,0.08,0.7324183796564111,4.034665373045246,0.9682628093533809,0.5389726529796157,0.6059271899428799,0.6764514215264673,0.11167419695935998,0.014137496520115353,0.42241550489412766,0.04656535597495234,0.21986743927147062,0.13739459804594317,0.07034963207998128,0.03944443369635407,0.02538895015824169,0.012489535587672773,0.23268627197507785,0.1015625,0.17377591379484342,0.15234375,1.5B,8192
20,11,longdoc_8192,longdoc,8192,9.010913347279288,18.59161986563201,21.05163851013839,1.4691064205561424,25.550193641063178,10.70735640200657,1.6351467662032324,18.388496289096132,0.07001347348981064,-31.234635054133832,7.53316745813936,0.004694072993298035,0.9994548252861385,0.04,0.7562017462424337,4.0283900337095035,0.9836951899816248,0.5933410733892275,0.6832844494431871,0.7370388710950226,0.17938366753785395,0.18210346162417868,0.20627543548562027,0.018112174914617467,0.12911469838054357,0.08015696328972166,0.03185941999437846,0.012570776111032892,0.006763514797261152,0.00241299754913185,0.10056235444534053,0.10205078125,0.055067772360467504,0.15283203125,1.5B,8192
21,0,longdoc_8192,longdoc,8192,9.010913347279288,19.312356722344223,20.876136729592275,1.8404440683397247,26.970747289152506,7.924564010351414,0.867520254165576,15.462412333257111,0.029264254574057656,-57.37059915997088,7.207801328098867,0.006844005575035712,0.9991881935516153,0.08,0.6335277557144204,3.477634896432206,0.9578251702173194,0.6393614017623143,0.67339306595507,0.7138327528467495,0.13857899595450185,0.05964558780988938,0.5679308980588501,0.06508671648904564,0.23493261793489925,0.1708701410598499,0.0987301782182605,0.053979713397560705,0.03330571555731165,0.014844723120132677,0.13216151848920696,0.1015625,0.09574917611794069,0.15234375,1.5B,8192
21,1,longdoc_8192,longdoc,8192,9.010913347279288,18.68496266493769,20.876136729592275,1.8404440683397247,26.970747289152506,7.924564010351414,0.867520254165576,15.462412333257111,0.029264254574057656,-41.26351516973227,11.544441227801144,0.00013420867560162686,0.9999894925988885,0.08,0.5328232480675178,5.083634200512245,0.9272399831723344,0.4168018113883101,0.4651470204956029,0.5280010095665038,0.05956064083671553,0.03482747928452268,0.33340664159679034,0.14744827084801299,0.25431060006988404,0.17457945213217058,0.09262331145231653,0.049769638909809455,0.031993021099486735,0.016322731442213394,0.12467324307067106,0.1015625,0.08359020784161908,0.15234375,1.5B,8192
21,2,longdoc_8192,longdoc,8192,9.010913347279288,18.757963946921496,20.876136729592275,1.8404440683397247,26.970747289152506,7.924564010351414,0.867520254165576,15.462412333257111,0.029264254574057656,-43.293015571311116,2.344074921682477,0.29708762711993053,0.9124412170365629,0.08,0.5635469856643803,4.317242125541596,0.9480656049868419,0.5156945542378081,0.5608263733294936,0.6265028975934565,0.1335234445971274,0.031809195948687474,0.4177151513953973,0.1496675024486503,0.22126249532950018,0.14478551390663147,0.07626639616392013,0.04458070960796965,0.03101199530230863,0.017125896024341985,0.07410742111268181,0.1015625,0.05163371920150686,0.15234375,1.5B,8192
21,3,longdoc_8192,longdoc,8192,9.010913347279288,25.631989710018765,20.876136729592275,1.8404440683397247,26.970747289152506,7.924564010351414,0.867520254165576,15.462412333257111,0.029264254574057656,-24.114616630598903,14.75011138804257,6.193031780912767e-06,0.9999996072562826,0.08,0.3847283021597637,2.1525955995956054,0.9932924120130389,0.8731670946657789,0.9037530208198536,0.9269399935309603,0.26355844722656857,0.03228440166564783,0.053883218845771366,0.8759864873135057,0.023898273193132077,0.015966569830132196,0.008403906453002014,0.004258409941966112,0.0025060350057041535,0.0010030551518894245,0.008830550157282015,0.1015625,0.006179029809919095,0.15234375,1.5B,8192
21,4,longdoc_8192,longdoc,8192,9.010913347279288,20.77106661786727,20.876136729592275,1.8404440683397247,26.970747289152506,7.924564010351414,0.867520254165576,15.462412333257111,0.029264254574057656,-62.98519766330719,5.488952036947012,0.03296036387312006,0.9951327533831814,0.08,0.5036232362227253,3.713480906146967,0.9686765484322805,0.6099076811748922,0.6572182359221069,0.7064485810993585,0.034534959082432426,0.16023910038995304,0.48504492392744375,0.08767101900300776,0.1870244100133736,0.1205462934076124,0.0607193934812773,0.030011916757951257,0.017673248251362905,0.00771547930642984,0.11947435625440324,0.1015625,0.07990724657043907,0.15234375,1.5B,8192
21,5,longdoc_8192,longdoc,8192,9.010913347279288,16.572173849468765,20.876136729592275,1.8404440683397247,26.970747289152506,7.924564010351414,0.867520254165576,15.462412333257111,0.029264254574057656,-59.27400182001293,8.33863307023421,0.002249350421685315,0.9997598257316064,0.08,0.7002818003213381,3.058459475776456,0.9659396130259243,0.690771029246995,0.7291420634993859,0.7766459646654809,0.20790135793687892,0.027661735320973158,0.6100553058144698,0.01415495100824592,0.18260559972485754,0.12804942432620425,0.07025007004371095,0.041251193999601206,0.028485092808387923,0.016385457800593955,0.11565021053161839,0.1015625,0.085587517587681,0.15234375,1.5B,8192
21,6,longdoc_8192,longdoc,8192,9.010913347279288,15.247626296260883,20.049826018029066,1.260460284060953,23.724817884487855,13.099683442675087,1.8109643277986467,19.98131152899143,0.0924759839660314,-72.64335395023227,1.67999710701406,0.6234983558922711,0.8071761164869169,0.08,0.7042147639968543,4.1666644587085315,0.9353594723826129,0.5476153724801466,0.5796249085324198,0.6266519349837666,0.23467515925849236,0.03708926883643526,0.49169309311107495,0.008098477563751472,0.50167468034384,0.36865638104082016,0.22474845193895296,0.13677364694720126,0.09490217557314456,0.05046789215137599,0.5610305720082142,0.1015625,0.3518442787439525,0.15234375,1.5B,8192
21,7,longdoc_8192,longdoc,8192,9.010913347279288,18.51511439009687,20.049826018029066,1.260460284060953,23.724817884487855,13.099683442675087,1.8109643277986467,19.98131152899143,0.0924759839660314,-55.54871234484017,13.167769892606884,2.8124405612359594e-05,0.9999980301274896,0.08,0.5613980045555558,3.7013828877327426,0.977653028279909,0.6603958013294017,0.7267513456889217,0.7768155760008547,0.12039718268169008,0.010919826980687386,0.27014582596133246,0.3823199690997597,0.10088991174216397,0.07573640544963609,0.04504138575861415,0.024022406185645443,0.015582274961846256,0.007981886669628008,0.067351301517136,0.1015625,0.047064133203913096,0.15234375,1.5B,8192
21,8,longdoc_8192,longdoc,8192,9.010913347279288,16.48998001229571,20.049826018029066,1.260460284060953,23.724817884487855,13.099683442675087,1.8109643277986467,19.98131152899143,0.0924759839660314,-74.85930944886059,0.5610920507460833,1.0163345831748516,0.5589484464820763,0.08,0.641467642255542,3.7804326887137014,0.9623850028447561,0.5681612848316042,0.6086814431691524,0.6609508563686273,0.00897441274712163,0.001054851324530759,0.5161008758684658,0.023473180027719313,0.41830575001515796,0.26821470627919397,0.1317064662495634,0.07059032558789285,0.045874976220554815,0.02312853136452456,0.3643008618127027,0.1015625,0.25814711266727164,0.15234375,1.5B,8192
21,9,longdoc_8192,longdoc,8192,9.010913347279288,16.610925555411033,20.049826018029066,1.260460284060953,23.724817884487855,13.099683442675087,1.8109643277986467,19.98131152899143,0.0924759839660314,-72.88654616940767,12.38462383672595,0.00015051451560959316,0.9999889516959877,0.08,0.7286953037524729,1.4690697403785324,0.9819406628114303,0.8597003342380991,0.8692841471482889,0.8816799124323051,0.0460267082607011,0.09706293825184531,0.848525904952446,0.022581648221993565,0.34056906428584766,0.25643808863276524,0.14584352560321856,0.08175560113870854,0.05347141001454093,0.028566384407359167,0.20387873764831713,0.1015625,0.13971559243673637,0.15234375,1.5B,8192
21,10,longdoc_8192,longdoc,8192,9.010913347279288,18.99216366558078,20.049826018029066,1.260460284060953,23.724817884487855,13.099683442675087,1.8109643277986467,19.98131152899143,0.0924759839660314,-45.64766727760434,19.621191093698144,6.94791668721933e-08,0.9999999969845443,0.08,0.608137506413597,3.764904766047467,0.9680321935020095,0.6277025063509761,0.6794294606008822,0.7315776465189247,0.19287169165912843,0.03152326119167759,0.43937747464217997,0.24573260202469716,0.22998391022654097,0.1587701510440135,0.0854665978691076,0.0492763389171241,0.03271943230452711,0.01643809096010976,0.16760814938644386,0.1015625,0.10633537477272584,0.15234375,1.5B,8192
21,11,longdoc_8192,longdoc,8192,9.010913347279288,18.59941864316455,20.049826018029066,1.260460284060953,23.724817884487855,13.099683442675087,1.8109643277986467,19.98131152899143,0.0924759839660314,-93.09517073025927,1.8514520863536745,0.6901316003784932,0.789636397701213,0.04,0.6908893324050838,2.8009296856377315,0.9819938074151565,0.6971446767141852,0.7361779472681966,0.7834678113533893,0.05696088624330642,0.02906614207034064,0.6309559664212907,0.0035394711555250032,0.2664712227034803,0.1598434575821958,0.07930310836724601,0.03851974007061182,0.022026739246232784,0.008787122424685942,0.5159398750369786,0.10205078125,0.3914847641548777,0.15283203125,1.5B,8192
22,0,longdoc_8192,longdoc,8192,9.010913347279288,25.540238762645362,23.17677058370968,1.2569484555519594,26.18915936805058,14.855418237607068,1.55705183191897,19.29686632812552,0.07410911492821726,-62.37009668909013,28.76448765490204,7.3097989453817615e-09,0.9999999999986764,0.08,0.37740529518488497,2.0636512298326255,0.9968585920341815,0.9536630422689986,0.9670435668970531,0.9725968045996233,0.33502163203727653,0.06059473483835465,0.29718225806391013,0.6729903870204751,0.015125885274163626,0.010923534410482138,0.005622080145299741,0.00270245924640036,0.0015323524532083576,0.0006188281108904318,0.0080765415338411,0.1015625,0.005356236316870825,0.15234375,1.5B,8192
22,1,longdoc_8192,longdoc,8192,9.010913347279288,22.235070914762876,23.17677058370968,1.2569484555519594,26.18915936805058,14.855418237607068,1.55705183191897,19.29686632812552,0.07410911492821726,-56.766260381788015,12.962836436927319,3.27628354651242e-05,0.999997654091206,0.08,0.41005224874702867,2.480341361173909,0.9911574320051681,0.8891515602355785,0.911066271754123,0.9279063922987072,0.8546357973995953,0.020403626538912256,0.2665926000201093,0.6412061721797555,0.03566027584568957,0.025897202794483452,0.015232339727061353,0.008886451989592377,0.005703448821327373,0.0026980476659817353,0.01692709287617571,0.1015625,0.010956605016720394,0.15234375,1.5B,8192
22,2,longdoc_8192,longdoc,8192,9.010913347279288,37.358800606039345,23.17677058370968,1.2569484555519594,26.18915936805058,14.855418237607068,1.55705183191897,19.29686632812552,0.07410911492821726,-130.60495649650693,24.876406418159604,7.703774932501584e-09,0.9999999999832849,0.08,0.3619787288297757,0.717236519806959,0.9996693806864726,0.9909803734665528,0.9937765569808981,0.9956246498338319,0.1792214890989623,0.06105339791727449,0.14657866771028807,0.8408543335440978,0.0018026021129538459,0.0007291513387887099,0.00014884747712610313,3.080164085201486e-05,8.629693034861581e-06,1.0571559039705221e-06,0.0038541779078129232,0.1015625,0.0027456599562829544,0.15234375,1.5B,8192
22,3,longdoc_8192,longdoc,8192,9.010913347279288,22.19381872922224,23.17677058370968,1.2569484555519594,26.18915936805058,14.855418237607068,1.55705183191897,19.29686632812552,0.07410911492821726,-36.73901719227433,21.553507259115577,1.712592699380492e-08,0.9999999995630549,0.08,0.42210331000507,3.118594591584677,0.9843487922031883,0.8040492329658986,0.8663709808339284,0.8911274256994832,0.5569932148556909,0.16718921449107604,0.11217406347083282,0.7850754087760463,0.05461756354753341,0.04003988825765968,0.02496152647309194,0.015084098896534734,0.009768321242441367,0.004656896612957614,0.025557548044626635,0.1015625,0.018751259662723067,0.15234375,1.5B,8192
22,4,longdoc_8192,longdoc,8192,9.010913347279288,23.674038515665924,23.17677058370968,1.2569484555519594,26.18915936805058,14.855418237607068,1.55705183191897,19.29686632812552,0.07410911492821726,-93.74649043462705,8.522419379209168,0.003454897540603633,0.9996457534658555,0.04,0.40553942506885654,3.3007878945104503,0.9893814451180187,0.5987651331523721,0.6862138608150268,0.800500844746281,0.035907530473195504,0.009463611217787715,0.4509635660362086,0.013344339872024828,0.060419632327217226,0.03896927513898267,0.018493016623863427,0.008790093031491022,0.005218780205093905,0.0022060048641605466,0.3720614890187987,0.10205078125,0.25464113999029364,0.15283203125,1.5B,8192
22,5,longdoc_8192,longdoc,8192,9.010913347279288,19.286666414703102,23.17677058370968,1.2569484555519594,26.18915936805058,14.855418237607068,1.55705183191897,19.29686632812552,0.07410911492821726,-59.553561308421195,13.476506032980978,2.537438432930335e-05,0.9999982943658949,0.08,0.31199116629355567,5.402993386600082,0.9556034021566401,0.305844824084388,0.4039249759387572,0.5258323664567285,0.024584861280262826,0.07005661803535368,0.09596462714006608,0.13103376748355228,0.1916488743491155,0.13523108573291603,0.07236509872839315,0.038959685068234655,0.0252405731329041,0.011964723545660793,0.11968383918242484,0.1015625,0.0782930365922778,0.15234375,1.5B,8192
22,6,longdoc_8192,longdoc,8192,9.010913347279288,15.290474295824865,24.140040437569276,1.4443716695377693,27.4369671189822,11.436708284159138,3.1365065170541158,22.6275778853413,0.22496926456273883,-72.26990079903044,11.214944918290712,0.00016492301793303262,0.9999865094688511,0.08,0.433914432019909,1.8593531860103818,0.972947356623221,0.8269290563642463,0.8472080718845652,0.8706426899234273,0.08699703803212522,0.11033566573421538,0.7927560343381648,0.01564314053139864,0.4629413579695943,0.37382579795559595,0.2493847011866441,0.16424041816186402,0.12268859674855215,0.07839083200298687,0.2634258722344773,0.1015625,0.21122040420713692,0.15234375,1.5B,8192
22,7,longdoc_8192,longdoc,8192,9.010913347279288,24.63689810967468,24.140040437569276,1.4443716695377693,27.4369671189822,11.436708284159138,3.1365065170541158,22.6275778853413,0.22496926456273883,-66.94368999823928,10.932885279878974,0.00022442176431130675,0.9999814025070858,0.08,0.4468812138323433,2.805560542803234,0.9972620484107807,0.7884204753235685,0.8663780718141619,0.9273798602319041,0.4563208837176447,0.006093464917159563,0.008934776533570032,0.001460477383816957,0.017248871119962456,0.006594113715484795,0.002105166740039304,0.0006617147268243196,0.0002446606615770569,5.076326713856532e-05,0.0078088682103151725,0.1015625,0.0054317557756798345,0.15234375,1.5B,8192
22,8,longdoc_8192,longdoc,8192,9.010913347279288,17.23761550374991,24.140040437569276,1.4443716695377693,27.4369671189822,11.436708284159138,3.1365065170541158,22.6275778853413,0.22496926456273883,-62.637900430709124,5.79558248212561,0.020607261158180696,0.9969682500165442,0.08,0.48653558721157203,3.9509940879851033,0.9657033007330165,0.5909367486301298,0.6508497219950096,0.7064285858946107,0.05417166049241562,0.020518118452891976,0.4125634553073343,0.15197230744744641,0.14647054331843884,0.11477546238030456,0.06598585144851002,0.038432499811659256,0.02483179677103814,0.012192088834504313,0.1661456083505445,0.1015625,0.125531681142012,0.15234375,1.5B,8192
22,9,longdoc_8192,longdoc,8192,9.010913347279288,20.85263228800914,24.140040437569276,1.4443716695377693,27.4369671189822,11.436708284159138,3.1365065170541158,22.6275778853413,0.22496926456273883,-70.44343262747861,6.809006230672821,0.01659952584658537,0.9978889762911192,0.08,0.5115155792566093,1.4615256481981338,0.9899612748116621,0.8559049617377169,0.8697644214862852,0.8890025617626469,0.03119159710403263,0.009625228576758182,0.8346959115130284,0.04832155610449053,0.31810773777150136,0.20658279211316394,0.0959645750425388,0.04696532673572213,0.02881840796558366,0.013296898722424053,0.0860546337051637,0.1015625,0.06646059982926657,0.15234375,1.5B,8192
22,10,longdoc_8192,longdoc,8192,9.010913347279288,20.00537237080904,24.140040437569276,1.4443716695377693,27.4369671189822,11.436708284159138,3.1365065170541158,22.6275778853413,0.22496926456273883,-92.11536078946665,19.180444076191634,1.5649865988619693e-07,0.999999992790205,0.04,0.4920035565058148,2.1479736575627024,0.9832739044056331,0.7777068812874102,0.7941333467376487,0.8184507017546601,0.10109345191165442,0.0007066340621335598,0.7475220615563132,0.005479211732396035,0.4182424139460318,0.2530081539856344,0.10446891004418249,0.04481012513320202,0.027262311250047924,0.01236853498817985,0.5334552409179798,0.10205078125,0.3795784056798756,0.15234375,1.5B,8192
22,11,longdoc_8192,longdoc,8192,9.010913347279288,18.77866177806637,24.140040437569276,1.4443716695377693,27.4369671189822,11.436708284159138,3.1365065170541158,22.6275778853413,0.22496926456273883,-91.4258749645669,10.878355740336701,0.000367605406358248,0.9999701981238996,0.08,0.4182866368104263,1.4763772773123112,0.9829470378213722,0.8673770356470638,0.8775448130378947,0.8899168223093707,0.05704234556476617,0.1072528344998851,0.8402099345493943,0.007751392670807168,0.43907605347648315,0.3205986721790226,0.17103230049345416,0.09031753888465674,0.06055560098821643,0.034316160867929685,0.3584146261623787,0.1015625,0.26894791432048526,0.15234375,1.5B,8192
23,0,longdoc_8192,longdoc,8192,9.010913347279288,23.71971579169849,23.868202834800684,1.7134480639634773,29.41690428685583,15.99079464883212,3.017917951810921,27.645995859015983,0.11028035599187187,-89.08051739865914,4.323293561581522,0.06974466718582178,0.986916312509845,0.04,0.46167443653413703,3.083098604466549,0.9924603221295951,0.6590350586078403,0.7322979779839076,0.8026482590199785,0.050140240675363934,0.0685573756084803,0.4911212753144339,0.002180806007159126,0.06487012235668435,0.030546778089127976,0.007624892345952563,0.0021709560133166012,0.0010362016728480985,0.0003246348650891288,0.14571707286381674,0.1015625,0.10397299371283125,0.15234375,1.5B,8192
23,1,longdoc_8192,longdoc,8192,9.010913347279288,21.871451471519993,23.868202834800684,1.7134480639634773,29.41690428685583,15.99079464883212,3.017917951810921,27.645995859015983,0.11028035599187187,-69.76868754252791,17.11983624199638,6.749998449977571e-07,0.9999999631802119,0.04,0.5544435287751742,3.7492242361931343,0.9935120088821745,0.5243005223936447,0.6424596245913706,0.7760098260637048,0.35726490529341587,0.02660658896850271,0.23703215303127928,0.0004369635411874493,0.033701236603669374,0.01439426186725097,0.005618931684415657,0.002236148233230785,0.0011880146750651395,0.0004174853710363968,0.1690776665281668,0.1015625,0.09106915227789633,0.15234375,1.5B,8192
23,2,longdoc_8192,longdoc,8192,9.010913347279288,23.208439483576747,23.868202834800684,1.7134480639634773,29.41690428685583,15.99079464883212,3.017917951810921,27.645995859015983,0.11028035599187187,-61.51397208403796,2.742628783918917,0.2287608493268651,0.9394614677161934,0.04,0.3790193371343336,4.078507976127058,0.9940885181957263,0.36111898933287356,0.5226700817392361,0.7211153297007087,0.03456149052357027,0.06776791772066648,0.0017713737838161452,0.0003305554127545789,0.008362617016135117,0.004327580067195398,0.0017234635340356106,0.0005320374813154031,0.0001877394222629683,4.902973478666204e-05,0.028381605073407316,0.1015625,0.018596051608516302,0.15234375,1.5B,8192
23,3,longdoc_8192,longdoc,8192,9.010913347279288,19.81387942871599,23.868202834800684,1.7134480639634773,29.41690428685583,15.99079464883212,3.017917951810921,27.645995859015983,0.11028035599187187,-74.34713958622888,10.46132974838838,0.0004881877100119089,0.9999583006637581,0.04,0.5097820187223661,2.5035808453705704,0.9887385339973713,0.7327267152319537,0.7691476470125567,0.8169973525643233,0.08163372511856837,0.040045242790035296,0.6584624631113905,0.005744917054680359,0.08742560909562455,0.05231110754412354,0.019484106611192823,0.007658309710686199,0.0040803818649995565,0.0013887497229855832,0.19978750360668826,0.1015625,0.1472704173163965,0.15234375,1.5B,8192
23,4,longdoc_8192,longdoc,8192,9.010913347279288,22.729749185684675,23.868202834800684,1.7134480639634773,29.41690428685583,15.99079464883212,3.017917951810921,27.645995859015983,0.11028035599187187,-88.87629997776821,10.266093374695629,0.0003950179773694292,0.9999650240382726,0.04,0.3363524250354778,1.5262554096640149,0.9919528419424066,0.8515794904013507,0.8663704932473626,0.8872092536692618,0.02879061758491286,0.0018046859063876042,0.8205260388030524,0.001843779917218583,0.07916133536326317,0.04264831923011518,0.01521506717978177,0.0056314681556846906,0.0027356874811971395,0.000959608326235809,0.10833907043777988,0.1015625,0.07768189809942383,0.15234375,1.5B,8192
23,5,longdoc_8192,longdoc,8192,9.010913347279288,19.52428468481909,23.868202834800684,1.7134480639634773,29.41690428685583,15.99079464883212,3.017917951810921,27.645995859015983,0.11028035599187187,-63.779586479999125,0.9936548760160804,0.5852441945427236,0.7296636758453577,0.08,0.5291448592088903,1.8365495046766045,0.9863735596146703,0.8349821894690981,0.8573331981464982,0.8811483372721063,0.15960737576560247,0.047587332304074526,0.7712727659220214,0.05708052452056055,0.06527208469280833,0.04376795723213434,0.023904107315558653,0.012808914064758698,0.007840465439455926,0.0036519376299697184,0.05850520809044002,0.1015625,0.03966973031726728,0.15234375,1.5B,8192
23,6,longdoc_8192,longdoc,8192,9.010913347279288,22.961762221699093,21.500896799978406,1.423175200928166,25.80634849716166,12.21022677194594,1.7766235496051324,18.080370119055395,0.08204174310586948,-10.397059762850404,14.682777186855674,6.595867859461515e-06,0.9999995798902701,0.08,0.35819584783903186,3.7896353201774367,0.9814309739662618,0.6387755503556133,0.7234314642590367,0.8062452607407199,0.01308615392072321,0.0062604085841112544,0.24526506961727806,0.5871336678075626,0.08012063116042435,0.053168792896483595,0.03119376969927219,0.018380381881442583,0.012001951999534867,0.00557850387317434,0.02553936992345353,0.1015625,0.01644567448569003,0.15234375,1.5B,8192
23,7,longdoc_8192,longdoc,8192,9.010913347279288,16.62293174971815,21.500896799978406,1.423175200928166,25.80634849716166,12.21022677194594,1.7766235496051324,18.080370119055395,0.08204174310586948,-22.061313714832067,15.998770471662283,1.9302061906771253e-06,0.9999998869968373,0.08,0.4937207585591426,4.799427271212872,0.8919298072822999,0.527009649446935,0.5743174043331789,0.6050531206080534,0.10365607513152619,0.2737862651015557,0.3858527300056001,0.23631872210258387,0.3836838301207436,0.30916933204346086,0.2151466408040616,0.1504235270365241,0.1152049090314699,0.07317830380896659,0.181468711466651,0.1015625,0.1437853290118303,0.15234375,1.5B,8192
23,8,longdoc_8192,longdoc,8192,9.010913347279288,23.050991995707367,21.500896799978406,1.423175200928166,25.80634849716166,12.21022677194594,1.7766235496051324,18.080370119055395,0.08204174310586948,-52.97506706323475,13.941442641429603,1.3388270962948874e-05,0.9999991082353009,0.04,0.5846340845343024,4.136727828233468,0.9919721598945012,0.4028856742969538,0.5303940952149079,0.6934288746382719,0.0011351937545045487,0.008759853678064644,0.15953744898823874,0.001270136198787464,0.03218018473144482,0.01643884135265538,0.006348296289575347,0.0017902821965959314,0.0006134207891033656,0.0001821580631309166,0.1409854956380611,0.10205078125,0.08668706379009342,0.15283203125,1.5B,8192
23,9,longdoc_8192,longdoc,8192,9.010913347279288,26.00001253416603,21.500896799978406,1.423175200928166,25.80634849716166,12.21022677194594,1.7766235496051324,18.080370119055395,0.08204174310586948,-16.846363115124404,42.554450049530715,7.3009103026470605e-09,0.9999999999989999,0.08,0.380881969814716,2.1515918724347434,0.9971030967640945,0.951652554171697,0.9669543491877327,0.9770854667754072,2.0756612717217906,0.07144552528118164,0.24101320107952406,0.7362608023497568,0.011515901253102853,0.008222344713501847,0.004720261004602259,0.0023865191183175226,0.0014444578105556145,0.0006200706435518121,0.004616403404473434,0.1015625,0.0027696060419744217,0.15234375,1.5B,8192
23,10,longdoc_8192,longdoc,8192,9.010913347279288,25.77755297075744,21.500896799978406,1.423175200928166,25.80634849716166,12.21022677194594,1.7766235496051324,18.080370119055395,0.08204174310586948,-23.68544813618064,20.071051312610507,4.774951769191238e-08,0.9999999980790226,0.08,0.41796961710554525,1.789471960699695,0.9943966766924729,0.8957396742881687,0.9251303400139139,0.9489932784968358,0.28926391550048414,0.2504999311017564,0.678632741335965,0.27523068867335887,0.07723209357278323,0.05478791475970289,0.0322845881786073,0.017857480510282575,0.011105331744580704,0.004706442370989459,0.03397614005338541,0.1015625,0.02361695851768979,0.15234375,1.5B,8192
23,11,longdoc_8192,longdoc,8192,9.010913347279288,21.108866435220765,21.500896799978406,1.423175200928166,25.80634849716166,12.21022677194594,1.7766235496051324,18.080370119055395,0.08204174310586948,-24.033216189593077,20.49936251854524,3.46523505759576e-08,0.9999999987300077,0.08,0.3880468521846653,3.2091839593378766,0.9710817941427337,0.738812062103207,0.7797437289231904,0.8108529238399288,0.21074431565126428,0.10721349041680028,0.4904555104438041,0.33053975842698113,0.1756621204908902,0.13083513146072562,0.07733927358265347,0.048069665784132354,0.03375804146208847,0.01884539975730754,0.06344848915597819,0.1015625,0.047597415027294976,0.15234375,1.5B,8192
24,0,longdoc_8192,longdoc,8192,9.010913347279288,21.33998220707099,21.417803035226918,1.2911098045861524,25.715173859717794,9.549120951164955,1.2936650988426024,19.689517134407346,0.02150245376469874,113.18281499668956,20.45190448826179,3.5433677961230774e-08,0.999999998687199,0.08,0.594590656306345,3.5258976528658508,0.9849573076551974,0.6815887400152877,0.7857347603730253,0.8477823225567344,0.1642146585105717,0.041770982915874555,0.2606267011075255,0.5794789828545146,0.028939329940345666,0.019620524958023647,0.010975607134514221,0.00578355799880985,0.0036120700111398076,0.0016642335822460532,0.013094870399080782,0.1015625,0.00904975928728984,0.15234375,1.5B,8192
24,1,longdoc_8192,longdoc,8192,9.010913347279288,19.963127043018037,21.417803035226918,1.2911098045861524,25.715173859717794,9.549120951164955,1.2936650988426024,19.689517134407346,0.02150245376469874,107.73687178827822,20.705387849826366,2.9390238847090873e-08,0.9999999989809494,0.08,0.6486327586246671,3.3258695093100012,0.967941811597935,0.7309437255000487,0.7852664758680666,0.8238705617404251,0.0065055241183387125,0.0002531339721567605,0.44570958307302133,0.38936603423761657,0.0751049499647667,0.06059274721493786,0.04011144031297306,0.024988671286215732,0.016793504390695352,0.00846335393747221,0.03602527880385612,0.1015625,0.025975938213262047,0.15234375,1.5B,8192
24,2,longdoc_8192,longdoc,8192,9.010913347279288,18.392274257567745,21.417803035226918,1.2911098045861524,25.715173859717794,9.549120951164955,1.2936650988426024,19.689517134407346,0.02150245376469874,109.46523351967335,8.535013800370507,0.0018736953735271004,0.9998035328081633,0.08,0.5878422426851242,5.846584303357606,0.9310694518641967,0.2663643174551214,0.3611513072382786,0.46993496198711293,0.1783521866408222,0.01878560902457771,0.048474128533120324,0.41719137937048845,0.06003618257860093,0.04586134415249793,0.028695978951006656,0.01741446959733314,0.012626699450794277,0.007216298644884696,0.023012900320913077,0.1015625,0.01663456878492563,0.15234375,1.5B,8192
24,3,longdoc_8192,longdoc,8192,9.010913347279288,20.301575860038408,21.417803035226918,1.2911098045861524,25.715173859717794,9.549120951164955,1.2936650988426024,19.689517134407346,0.02150245376469874,104.50276122801006,7.336616192013025,0.005452120724722032,0.9993473284268325,0.08,0.6076265790888559,3.784985060131236,0.9765118969107351,0.6364675218715008,0.7436968628281566,0.8153211020751888,0.042406494171144615,0.025771027696775306,0.22010511605062688,0.5560735556044052,0.035487441273640445,0.027765094914257434,0.017476060345924128,0.010703938324241933,0.007076209614712564,0.003291607097142733,0.01727019968848947,0.1015625,0.011663692779901216,0.15234375,1.5B,8192
24,4,longdoc_8192,longdoc,8192,9.010913347279288,21.19687495815812,21.417803035226918,1.2911098045861524,25.715173859717794,9.549120951164955,1.2936650988426024,19.689517134407346,0.02150245376469874,125.20881429268047,21.05085701169446,2.3216370427732785e-08,0.9999999992771691,0.08,0.6210253685992194,3.4032798422962545,0.9814599196223673,0.7746624245737097,0.831226954924412,0.8708408513212047,1.1048005872987048,0.2181922116921715,0.13076716068976127,0.7423447956862385,0.023909256211023057,0.01924964503355527,0.012205483199124472,0.0076198488057756045,0.004852844384713923,0.0022233703781425135,0.011759267373689533,0.1015625,0.008309313841977707,0.15234375,1.5B,8192
24,5,longdoc_8192,longdoc,8192,9.010913347279288,19.320943040812587,21.417803035226918,1.2911098045861524,25.715173859717794,9.549120951164955,1.2936650988426024,19.689517134407346,0.02150245376469874,105.63327502831817,10.04487682506442,0.0004836602873513054,0.9999563379945356,0.08,0.6898167071320127,4.456868561780268,0.9151375664740873,0.5310826283420236,0.5735627734716485,0.619801108095105,0.02013491930623168,0.04054670126032889,0.45470553659205676,0.15713019281931118,0.2151531895210126,0.17146528594995883,0.1140799971946801,0.07262487008549588,0.05174644699261128,0.029602676259835037,0.10389045882579533,0.1015625,0.08039505383049024,0.15234375,1.5B,8192
24,6,longdoc_8192,longdoc,8192,9.010913347279288,20.04820499074256,21.138433816888067,1.409603354119885,24.66261446390208,22.40137340485051,7.1340775455696654,57.090334767159256,0.23762236357791894,-88.36128750629723,10.635407930240035,0.0005208874747838825,0.9999561643400627,0.08,0.5712445094437681,1.4601466539080756,0.9820013424665429,0.863885408382823,0.8731512343817426,0.8842510782893992,0.12025376749291894,0.06251530350472301,0.8505387194228572,0.0032762832991486183,0.548330096021259,0.4156559607517723,0.23994381382338326,0.12853906898040215,0.08292621966618086,0.03742881519914325,0.5590493184780785,0.10205078125,0.4374246798263976,0.15234375,1.5B,8192
24,7,longdoc_8192,longdoc,8192,9.010913347279288,25.775824578209228,21.138433816888067,1.409603354119885,24.66261446390208,22.40137340485051,7.1340775455696654,57.090334767159256,0.23762236357791894,-58.39945957623422,20.61587624810636,3.931938281219065e-08,0.9999999985424552,0.08,0.4349858543323936,1.7819687380450442,0.9938287420018863,0.8895022637789849,0.9138939675947334,0.9359532749690126,0.29074964459405406,0.04506414799769676,0.6882164978348433,0.2419670738027902,0.071236283070319,0.05109721665296932,0.026058382294232005,0.013380347137827877,0.008118442378824106,0.003694339499799132,0.025902188346549497,0.1015625,0.017598363312907903,0.15234375,1.5B,8192
24,8,longdoc_8192,longdoc,8192,9.010913347279288,17.532197856948635,21.138433816888067,1.409603354119885,24.66261446390208,22.40137340485051,7.1340775455696654,57.090334767159256,0.23762236357791894,-45.774287197738886,16.400479978881776,1.3220537984106648e-06,0.9999999244875185,0.08,0.4881735586829184,4.102159098847132,0.9508064532766066,0.5777064971379775,0.6573928204202495,0.7137741647673886,0.04496954939621389,0.12799984195032765,0.4056152369028763,0.25730747585206293,0.1503351739776666,0.12164979283025425,0.08684325828380102,0.05880918944811358,0.04303892530309306,0.024947421849973207,0.14860598945489042,0.1015625,0.09816015922666423,0.15234375,1.5B,8192
24,9,longdoc_8192,longdoc,8192,9.010913347279288,20.60603836646262,21.138433816888067,1.409603354119885,24.66261446390208,22.40137340485051,7.1340775455696654,57.090334767159256,0.23762236357791894,-73.91259177704342,13.700340191600844,1.8807956902755995e-05,0.9999987420972947,0.04,0.5446907432510558,3.3137020031319606,0.9705546508896886,0.6262345450187741,0.6601214690196326,0.7079653205105807,0.08313940020819599,0.0007098214175522699,0.5723588867778947,0.006038499240825543,0.23492966848543057,0.13160587065374155,0.0639797731118069,0.03896869432696259,0.026977363600050076,0.014333671803833192,0.4602935516509465,0.1015625,0.3394689486826097,0.15234375,1.5B,8192
24,10,longdoc_8192,longdoc,8192,9.010913347279288,19.40967031739268,21.138433816888067,1.409603354119885,24.66261446390208,22.40137340485051,7.1340775455696654,57.090334767159256,0.23762236357791894,-96.76356299384497,10.866733873961493,0.000238575096236703,0.9999801209350626,0.08,0.5694902251699716,0.4389513429706914,0.9949418871745142,0.9654960536823471,0.9676333576474443,0.9703274095558985,0.001877041508569377,0.009035997195330658,0.9607757219164281,0.0009688744062920919,0.23364484155578644,0.17799201237145867,0.10829773646997218,0.06327917401674273,0.041692367443291904,0.0200050086361219,0.22207072328631927,0.1015625,0.16900535039610257,0.15234375,1.5B,8192
24,11,longdoc_8192,longdoc,8192,9.010913347279288,22.441556712576606,21.138433816888067,1.409603354119885,24.66261446390208,22.40137340485051,7.1340775455696654,57.090334767159256,0.23762236357791894,-84.89422434009612,1.2765954304486513,0.5255894627746771,0.7817891617937763,0.04,0.6046813052234872,3.874670226249359,0.9852677119922806,0.49868822142769076,0.594953800974386,0.7349532750406976,0.12073854054449162,0.008039869601665472,0.3254585733858455,0.001839110968717216,0.09083657189803836,0.0540188707478834,0.028099699588434064,0.015254646056533866,0.009248895789596452,0.004028263463939552,0.3106611984725606,0.1015625,0.1964827798760084,0.15234375,1.5B,8192
25,0,longdoc_8192,longdoc,8192,9.010913347279288,15.974704570045875,23.07603161624138,1.5701885842066223,26.582461842588735,22.26079131717677,6.601213499656698,53.20333046894477,0.22688467002067592,-51.479791902936995,11.660352853126824,0.00010959863251026944,0.999991352672068,0.08,0.2971979670313338,4.226757606745464,0.9331074158080965,0.5348209680737328,0.591673220038327,0.6555964513542097,0.001417672469936626,0.08567982257561413,0.45754440270797897,0.21919197290524783,0.3713533015345703,0.2654288261799083,0.16615123115711938,0.11091166925618473,0.08276568472289038,0.04952603674224857,0.16459105186173228,0.1015625,0.12612368438124688,0.15234375,1.5B,8192
25,1,longdoc_8192,longdoc,8192,9.010913347279288,18.18673922891028,23.07603161624138,1.5701885842066223,26.582461842588735,22.26079131717677,6.601213499656698,53.20333046894477,0.22688467002067592,-46.046298921108246,12.43269363977015,5.355384648494784e-05,0.9999960137957952,0.08,0.2730098500905543,4.253474980431758,0.9594492238556536,0.5519460681965114,0.6297256438957805,0.6987974294762912,0.2956691195826546,0.00448092649313292,0.3465825223270024,0.35781301034652413,0.18681411955523597,0.1353200341419941,0.07584464856434675,0.04311597529006047,0.029023879302243042,0.015535811242992413,0.05196685520857041,0.1015625,0.032740348572527354,0.15234375,1.5B,8192
25,2,longdoc_8192,longdoc,8192,9.010913347279288,23.409848533732696,23.07603161624138,1.5701885842066223,26.582461842588735,22.26079131717677,6.601213499656698,53.20333046894477,0.22688467002067592,-80.3102100417018,26.91944334656,7.355881683121083e-09,0.999999999996962,0.08,0.18743948332419813,0.8653504592896275,0.9970728402098878,0.957038935003776,0.9718255469964969,0.9772268665903985,0.00487653788668041,0.32571154071519004,0.8656373276079186,0.11127557025565218,0.06647447401926962,0.04949952547708596,0.028863469197571823,0.015786288302982183,0.00976243693096349,0.0041988897135731545,0.04205797287225112,0.1015625,0.030319539776247618,0.15234375,1.5B,8192
25,3,longdoc_8192,longdoc,8192,9.010913347279288,18.058217947249386,23.07603161624138,1.5701885842066223,26.582461842588735,22.26079131717677,6.601213499656698,53.20333046894477,0.22688467002067592,-50.27605305239558,18.380604307167232,2.425860861131712e-07,0.9999999880150242,0.08,0.2599231465412644,3.8186370518838046,0.9536639368254523,0.6609498684009938,0.7045628613798912,0.7393930712827431,0.0016994662990805764,0.11709073080587373,0.41318796115868794,0.33587394110574287,0.2057745648835258,0.1619152242491686,0.1020200168771171,0.062381831993857655,0.04436377993263804,0.02501951111385332,0.0795678301127457,0.1015625,0.05809022523340859,0.15234375,1.5B,8192
25,4,longdoc_8192,longdoc,8192,9.010913347279288,16.13230046759764,23.07603161624138,1.5701885842066223,26.582461842588735,22.26079131717677,6.601213499656698,53.20333046894477,0.22688467002067592,-80.99812236614525,5.4021470211446285,0.04673846669156869,0.9933417404079112,0.08,0.2973757835079821,4.604869012327795,0.8976065218442724,0.5124328554748282,0.5379449662669106,0.5745922233322679,0.024492956125818033,0.01230125316090458,0.4666042930037058,0.029622616627464758,0.4707879218236287,0.398975155427172,0.28321178662507607,0.19102301060279075,0.1418598081538469,0.08227164358302311,0.4411364427003147,0.1015625,0.365204886574296,0.15234375,1.5B,8192
25,5,longdoc_8192,longdoc,8192,9.010913347279288,18.666259773464496,23.07603161624138,1.5701885842066223,26.582461842588735,22.26079131717677,6.601213499656698,53.20333046894477,0.22688467002067592,-86.48062547948211,1.0670481412671506,1.2485322739733071,0.6161059759000761,0.08,0.4306048328073832,4.062637280411084,0.9296266491646938,0.5699490288505156,0.5946085802636635,0.6307200066732946,0.15158952789228408,0.030724968270744668,0.5215427673837537,0.025379309226645254,0.5453171590318298,0.39816042438236626,0.2551649920789501,0.1562699905234556,0.11132577864148833,0.06154821651366487,0.4070276143988138,0.1015625,0.28562920391636637,0.15234375,1.5B,8192
25,6,longdoc_8192,longdoc,8192,9.010913347279288,18.47809286655062,19.652546473489007,1.9207389841129403,24.486794860339884,22.42233302483703,5.416308365787053,46.06860197856258,0.09925946366391177,-43.6459958255291,9.990081875119358,0.0005477246864565466,0.9999513020406263,0.08,0.6875182923475593,4.804452595053739,0.9224835543610453,0.4554316918762512,0.48232795220423347,0.525916875904359,0.06034149549907708,0.011242366275629356,0.4119742625570564,0.028798657257027467,0.24696820186427787,0.17687646911275023,0.10221090565081607,0.05974660824691339,0.04015620128585015,0.023762761579348222,0.16249222284738837,0.1015625,0.12527560805485713,0.15234375,1.5B,8192
25,7,longdoc_8192,longdoc,8192,9.010913347279288,21.55014331731525,19.652546473489007,1.9207389841129403,24.486794860339884,22.42233302483703,5.416308365787053,46.06860197856258,0.09925946366391177,-56.375979243428446,16.852149918442592,8.939229777820114e-07,0.9999999506438071,0.08,0.4139339559622301,3.120808433372601,0.991979750718133,0.7213662281213018,0.8325962374245576,0.8880413247157376,0.023673747831311487,0.12596831116854168,0.292996561078636,0.0833792157700813,0.04537157715355502,0.029945626353858078,0.013947574387609572,0.005976398865503748,0.003395286657620236,0.0015868363138599082,0.09696148021772956,0.1015625,0.03390302706100129,0.15234375,1.5B,8192
25,8,longdoc_8192,longdoc,8192,9.010913347279288,19.892281499270073,19.652546473489007,1.9207389841129403,24.486794860339884,22.42233302483703,5.416308365787053,46.06860197856258,0.09925946366391177,-59.49642239743844,8.733162145595998,0.0015745955175924585,0.9998385118614148,0.08,0.38003110561628234,3.2047762914834506,0.961623073605911,0.6964849992535989,0.7200343291536484,0.7497868884609226,0.21409975006758408,0.06707113021601607,0.5882374274497729,0.01753124791360677,0.16294961399810037,0.12116444576416825,0.07025626295687157,0.043290064493196834,0.030261247552554642,0.01650161005823836,0.11798316059812149,0.1015625,0.07441882084565819,0.15234375,1.5B,8192
25,9,longdoc_8192,longdoc,8192,9.010913347279288,18.16770084325467,19.652546473489007,1.9207389841129403,24.486794860339884,22.42233302483703,5.416308365787053,46.06860197856258,0.09925946366391177,-63.62830128427595,12.700990362092853,6.972156793545361e-05,0.999995079045841,0.08,0.39426651667146134,3.4448760426258067,0.9553470685464132,0.6341041770794206,0.6637138785272454,0.7028213320595399,0.02350677255422351,0.00156808403556008,0.5879392862630268,0.029725234796680024,0.18489807964817362,0.1330134959273138,0.07837154197885814,0.046077312272034196,0.030639564291656204,0.016033549432350268,0.13035123102548735,0.1015625,0.0930053125619738,0.15234375,1.5B,8192
25,10,longdoc_8192,longdoc,8192,9.010913347279288,19.309484533421237,19.652546473489007,1.9207389841129403,24.486794860339884,22.42233302483703,5.416308365787053,46.06860197856258,0.09925946366391177,-61.51989293610677,1.1722130281850696,0.5484622209548073,0.7634322710525343,0.08,0.4309547705693421,2.8850403136817775,0.9783791614037621,0.7258300962776951,0.7676224778038758,0.8165231539888288,0.1603540704072457,0.0784305593633845,0.5926642074374847,0.11553302851012756,0.08383407322010818,0.058588587475429874,0.036379148993019736,0.02260476455027083,0.015603287003453864,0.00817314612761116,0.06998908548610751,0.1015625,0.039447760675258056,0.15234375,1.5B,8192
25,11,longdoc_8192,longdoc,8192,9.010913347279288,19.45578369754554,19.652546473489007,1.9207389841129403,24.486794860339884,22.42233302483703,5.416308365787053,46.06860197856258,0.09925946366391177,-64.12151840701699,3.266205830965191,0.1607474097084025,0.9628968120157415,0.08,0.5569985670673391,3.183524857337304,0.9802492524920321,0.7359358513452713,0.7879987426178571,0.8346184858831116,0.29633109905879085,0.12295263040060234,0.46408679483751303,0.022995018072889187,0.07636325673192902,0.05642492420152874,0.0356391125426446,0.0220871636041473,0.014646658367438302,0.007605036850202638,0.3204277501654482,0.1015625,0.05720528219109998,0.15234375,1.5B,8192
26,0,longdoc_8192,longdoc,8192,9.010913347279288,26.05079749034353,22.29781550473689,1.8401297233628315,27.361107013807512,26.88783623666226,9.829830962440472,69.90841516111905,0.20483658303539007,-40.57662410289049,18.24666091054678,2.379686938338738e-07,0.9999999880333404,0.08,0.37119233136898727,4.200353906051397,0.958124230373841,0.5494432991238977,0.6165050243580597,0.6736396242043554,0.2518412440189035,0.12332007716263282,0.42393052386332863,0.18366733532517307,0.0962557848900541,0.07606132688763387,0.05140130852811034,0.03222283441641833,0.02330444947025366,0.01281558797941507,0.09293834023071429,0.1015625,0.06305999880907028,0.15234375,1.5B,8192
26,1,longdoc_8192,longdoc,8192,9.010913347279288,16.51157209696393,22.29781550473689,1.8401297233628315,27.361107013807512,26.88783623666226,9.829830962440472,69.90841516111905,0.20483658303539007,-68.60225466967677,13.824225999385817,1.5670109762284745e-05,0.9999989574856268,0.08,0.3522119439831181,3.1654329396342478,0.9592423776648702,0.6726770703549946,0.6938818946963525,0.7209826760640575,0.038364582422992566,0.08568049429101254,0.642400630928497,0.014116052970629085,0.18415538040818574,0.13073286198459172,0.06731346454453693,0.03885170648910366,0.026698696578927882,0.015001840173249755,0.12071384689606493,0.1015625,0.09330952359091176,0.15234375,1.5B,8192
26,2,longdoc_8192,longdoc,8192,9.010913347279288,17.546970442009606,22.29781550473689,1.8401297233628315,27.361107013807512,26.88783623666226,9.829830962440472,69.90841516111905,0.20483658303539007,-63.95603244774975,14.200232591712847,2.0554532670069044e-05,0.9999986954277206,0.04,0.502017771459819,3.5225981529084294,0.9505760543246679,0.6337413631065721,0.6588781753425306,0.6915652855236701,0.0829581160760382,0.011738108044526463,0.5921739456518156,0.010633077990943408,0.16825990151393075,0.13460144533885876,0.08125129009415254,0.0514751333737256,0.03458637606354702,0.018187603418410924,0.18771477248552892,0.1015625,0.14865345500305593,0.15234375,1.5B,8192
26,3,longdoc_8192,longdoc,8192,9.010913347279288,16.78336221705443,22.29781550473689,1.8401297233628315,27.361107013807512,26.88783623666226,9.829830962440472,69.90841516111905,0.20483658303539007,-63.675911960657686,14.395130307413638,1.7309874381801772e-05,0.9999988818230416,0.08,0.49923960000842077,3.2250262926949507,0.953920727130006,0.6624130736853572,0.6839651017011361,0.7119090684282833,0.14073501799007637,0.003241071577063437,0.6381265820235371,0.01162742064515808,0.17392679899144178,0.12144386245447619,0.08751130054129676,0.05509533044802513,0.0389240110135388,0.019701586005835867,0.18689790144278207,0.1015625,0.15718483507271147,0.15234375,1.5B,8192
26,4,longdoc_8192,longdoc,8192,9.010913347279288,18.220045990348705,22.29781550473689,1.8401297233628315,27.361107013807512,26.88783623666226,9.829830962440472,69.90841516111905,0.20483658303539007,-64.47523903846741,15.269225898897275,4.1891201427004105e-06,0.9999997472215136,0.04,0.5519438868161282,3.5044614857002543,0.9650953351390644,0.6192229428343137,0.6573287725687066,0.6999207272978771,0.05463251586600304,0.025397048173224857,0.5669407716355992,0.016463785473840524,0.1422212282916471,0.10687352266666832,0.056629078856589535,0.031024624874645114,0.021301748287183914,0.0102523439199579,0.2002831254427262,0.1015625,0.14541202701529785,0.15234375,1.5B,8192
26,5,longdoc_8192,longdoc,8192,9.010913347279288,25.451513324853742,22.29781550473689,1.8401297233628315,27.361107013807512,26.88783623666226,9.829830962440472,69.90841516111905,0.20483658303539007,-48.524805806577206,23.109586615115404,9.531710282455351e-09,0.9999999999063385,0.08,0.38741150607023844,3.093373098769053,0.9739897114032556,0.713628333633782,0.7470868912052655,0.7768171493993425,0.016948628095519336,0.07839486625105163,0.576489299468812,0.17568663511208898,0.0765912396634703,0.0559577429389992,0.03680900538256544,0.0244397522637211,0.01722407004657158,0.008319092909153347,0.07248402957941116,0.1015625,0.0541838310321941,0.15234375,1.5B,8192
26,6,longdoc_8192,longdoc,8192,9.010913347279288,16.961682851923037,20.26084101264636,1.5626248245462078,24.442120988652057,28.667211248286925,10.44094855993521,74.44512537983663,0.2120994370699134,-67.47354148654267,13.534540788736194,2.1378415682673044e-05,0.999998555075975,0.08,0.46060369134214835,2.4356523284800824,0.9646379746675926,0.7674980719713915,0.7802189778309827,0.7972723735369374,0.00540635538259826,0.025415708690402994,0.744731634127978,0.009062349330381799,0.32322773661286264,0.25132409834060626,0.15644374178277673,0.09394391278513527,0.06109463011077583,0.03046999188947907,0.21740932127830292,0.1015625,0.1826982883800141,0.15234375,1.5B,8192
26,7,longdoc_8192,longdoc,8192,9.010913347279288,17.795551025151262,20.26084101264636,1.5626248245462078,24.442120988652057,28.667211248286925,10.44094855993521,74.44512537983663,0.2120994370699134,-46.72452183300629,10.82085365569219,0.00024248996055526445,0.9999796549004053,0.08,0.6309026149339308,5.059133318789248,0.9662596448121538,0.32408095925111413,0.43651554224115635,0.5640603257460046,0.031310914832167414,0.07527461915195693,0.1308648685323332,0.010255913406577426,0.24383681687381556,0.1515060901562247,0.08392408576649334,0.04479351892513571,0.026488574715104584,0.010681258226180058,0.19066540209934874,0.1015625,0.1677625017590526,0.15234375,1.5B,8192
26,8,longdoc_8192,longdoc,8192,9.010913347279288,16.772739754792823,20.26084101264636,1.5626248245462078,24.442120988652057,28.667211248286925,10.44094855993521,74.44512537983663,0.2120994370699134,-59.61402933858335,7.34283025469631,0.005499684493122975,0.9993457846096679,0.08,0.5673474363171503,3.885262904990486,0.939839878150547,0.5882366184743291,0.6080784151745351,0.638546591446949,0.08310391256174965,0.0055658812042125305,0.5584518593101286,0.016839577983813667,0.47399934580817016,0.3541367151208569,0.20798904034903076,0.1220693935375498,0.07927588978762076,0.03572881376449047,0.32229059566611457,0.1015625,0.2578157539096817,0.15234375,1.5B,8192
26,9,longdoc_8192,longdoc,8192,9.010913347279288,18.498985828167502,20.26084101264636,1.5626248245462078,24.442120988652057,28.667211248286925,10.44094855993521,74.44512537983663,0.2120994370699134,-55.935525190550834,8.498376613948494,0.0019494361349555382,0.9997954067079465,0.08,0.6226791956511263,4.248667200835313,0.9585234687385803,0.5175512768861462,0.5748617235981934,0.6386935752491026,0.0939022558614162,0.0884917035746684,0.4210659509518902,0.014478447393349128,0.2694740709249946,0.20561048015020772,0.10564768477483091,0.06051460545326829,0.03882069351437206,0.017323742874837036,0.32523070001322407,0.1015625,0.30133443247624114,0.15234375,1.5B,8192
26,10,longdoc_8192,longdoc,8192,9.010913347279288,26.635354140100997,20.26084101264636,1.5626248245462078,24.442120988652057,28.667211248286925,10.44094855993521,74.44512537983663,0.2120994370699134,-36.36249461770058,16.496161624789238,1.2094607394861474e-06,0.999999931342739,0.08,0.4840858033006714,5.115195857935953,0.9496428523004145,0.41172312601159555,0.4599296019884588,0.5214424292742337,0.1462980332085898,0.01248975494086979,0.26735168401602455,0.17377936436141486,0.23364882133186743,0.14906979505394571,0.07393414910167312,0.04026698000186296,0.0255750749113263,0.01217584197451031,0.2065881012713219,0.1015625,0.15364483736445447,0.15234375,1.5B,8192
26,11,longdoc_8192,longdoc,8192,9.010913347279288,17.34975669405466,20.26084101264636,1.5626248245462078,24.442120988652057,28.667211248286925,10.44094855993521,74.44512537983663,0.2120994370699134,-58.812698902213015,14.804575750487857,7.427073062542144e-06,0.9999995450934982,0.08,0.5577575540568797,3.238669925908267,0.9559401648653219,0.6702985957545174,0.6935181235840329,0.7238365419567802,0.010602504675337965,0.024910745981304938,0.6289786107791491,0.012452167271380194,0.30959383731380247,0.23343900739675055,0.14704366834596158,0.08715051362401156,0.05715154270561066,0.02863045200866001,0.32472449906847617,0.1015625,0.2702440617471726,0.15234375,1.5B,8192
27,0,longdoc_8192,longdoc,8192,9.010913347279288,17.83711534872653,18.51572074571835,1.8165736751359394,24.55364279113035,27.463606517895197,9.915609277632132,61.56136799947925,0.18730785271342137,23.213845130056143,14.954304720275104,5.563661085634188e-06,0.9999996566816447,0.08,0.37319098339698914,6.565212494995032,0.8940779928622702,0.18374013756957225,0.24070423693783838,0.3110889092091888,0.006700527049686045,0.04547950518977206,0.07232556035094405,0.04408612447188519,0.23691281203482523,0.16225621256913297,0.10897302419984946,0.07502788536738818,0.05487782066578357,0.02686618756510486,0.10407171114379939,0.1015625,0.08508436708774958,0.15234375,1.5B,8192
27,1,longdoc_8192,longdoc,8192,9.010913347279288,16.77604121524305,18.51572074571835,1.8165736751359394,24.55364279113035,27.463606517895197,9.915609277632132,61.56136799947925,0.18730785271342137,34.6199297728017,16.646181519143283,1.9624164386837692e-06,0.9999998915034081,0.08,0.41651619084135544,6.754051764563334,0.8927159345805045,0.13264241323030052,0.18255121904733268,0.25247704962652945,0.04106068207792024,0.0304916222439644,0.04323814020525213,0.03267795158045069,0.19500290555300276,0.1503043638431797,0.12314992193541338,0.07835193813248308,0.04915123526663508,0.023759207085955768,0.11766666162128384,0.1015625,0.0956471350467694,0.15234375,1.5B,8192
27,2,longdoc_8192,longdoc,8192,9.010913347279288,14.790529955641793,18.51572074571835,1.8165736751359394,24.55364279113035,27.463606517895197,9.915609277632132,61.56136799947925,0.18730785271342137,22.133219140581787,13.92639808030799,1.3938802131556253e-05,0.9999990738865593,0.08,0.4414756633370546,6.450908603622757,0.9071353956140878,0.1856021008727972,0.23903312696182002,0.3112101770344768,0.17798377576963276,0.012029174180342661,0.08057005664852956,0.049218140199469365,0.2050384450941315,0.14956181466888038,0.09987104484158445,0.06983067385968736,0.05057477092599932,0.02436399547465082,0.11545659956488706,0.1015625,0.08717847768900323,0.15234375,1.5B,8192
27,3,longdoc_8192,longdoc,8192,9.010913347279288,16.105127140838363,18.51572074571835,1.8165736751359394,24.55364279113035,27.463606517895197,9.915609277632132,61.56136799947925,0.18730785271342137,31.223174509010278,13.700544517836533,1.7867724552076218e-05,0.9999988028789446,0.08,0.43476769422174055,6.84064053033932,0.8747941155380021,0.14639119536238918,0.18886176557591425,0.2525744764640656,0.15734158753143745,0.027712142951791918,0.05792018959474877,0.03765314538900177,0.23291228952782475,0.18393801020270334,0.16315173297905924,0.1099385023959397,0.07617136680588629,0.03688703919437007,0.13059416374730287,0.1015625,0.11053749049491178,0.15234375,1.5B,8192
27,4,longdoc_8192,longdoc,8192,9.010913347279288,16.072283504326407,18.51572074571835,1.8165736751359394,24.55364279113035,27.463606517895197,9.915609277632132,61.56136799947925,0.18730785271342137,33.4255371929612,16.56288397149183,1.2350437270586688e-06,0.9999999310469528,0.08,0.45582869159994116,6.616802206303559,0.8997295962662039,0.15972223931134572,0.20890083914475494,0.27707605067034724,0.09644478096144837,0.07590439514310798,0.06275536052945642,0.04535167148017746,0.21242630238453955,0.15150896699971947,0.1047888676884075,0.07098838927352218,0.04903349254040261,0.022899152620544188,0.11050488897452881,0.1015625,0.0831501593396454,0.15234375,1.5B,8192
27,5,longdoc_8192,longdoc,8192,9.010913347279288,19.260865216751238,18.51572074571835,1.8165736751359394,24.55364279113035,27.463606517895197,9.915609277632132,61.56136799947925,0.18730785271342137,32.4927304147277,16.997817747993395,8.794485614416991e-07,0.9999999525274206,0.08,0.4018168460390123,5.008714590419736,0.9768453491628893,0.2772863777030238,0.4148295895217834,0.5691449672473906,0.003596348436586183,0.05668287509381553,0.010804193535930443,0.012785596962857996,0.1990750490078438,0.10879544991554248,0.05050474671334354,0.02331412843818447,0.011945006518915315,0.004490955751515467,0.10081615644561612,0.1015625,0.11859813221417125,0.15234375,1.5B,8192
27,6,longdoc_8192,longdoc,8192,9.010913347279288,14.679921132741379,19.938624774303346,1.586425023585974,24.352392682441238,30.050588836920785,11.652510119179572,65.33426210985249,0.16597084115245217,49.39803383266553,13.87346113473177,1.578949706381361e-05,0.9999989596158919,0.08,0.43403959464972913,6.7038208483824455,0.90206963563356,0.11026154293509119,0.17261335961209473,0.24961833598620345,0.01314975351512615,0.06635533448268749,0.03131453402835641,0.03654361851384637,0.37700846089219187,0.3608164638211281,0.2507023177684222,0.12461261218686923,0.07582036675985887,0.03304751433388557,0.1396266899929187,0.1015625,0.13407940264742424,0.15234375,1.5B,8192
27,7,longdoc_8192,longdoc,8192,9.010913347279288,16.049547080330548,19.938624774303346,1.586425023585974,24.352392682441238,30.050588836920785,11.652510119179572,65.33426210985249,0.16597084115245217,23.129862545523793,15.428042493294924,3.7954964424563144e-06,0.9999997742365919,0.04,0.3015230143810398,6.130130809130973,0.93731914980463,0.14988880179645817,0.23119581732520683,0.34394315720538426,0.17503946542129079,0.015799863055794283,0.02544871657067158,0.017203769431717128,0.4929442465693494,0.34420828326101727,0.15604534277937565,0.07568629575183947,0.04420088462581587,0.018608046898989383,0.1378546710831086,0.1015625,0.14062711806364536,0.15234375,1.5B,8192
27,8,longdoc_8192,longdoc,8192,9.010913347279288,14.889807444501717,19.938624774303346,1.586425023585974,24.352392682441238,30.050588836920785,11.652510119179572,65.33426210985249,0.16597084115245217,58.46644863742404,18.66162769519724,3.3816761942811905e-07,0.9999999833352692,0.04,0.4439737324030837,6.647665263632243,0.9039278740525006,0.12648941954534376,0.18383146406876805,0.26524247183442123,0.16625944447621333,0.01146482261042614,0.03340379704329887,0.0201937699060847,0.4483354001434041,0.3788897824711174,0.23154582518317765,0.11617490932167332,0.07010911880465813,0.031754081924258624,0.18288502370937457,0.1015625,0.13953842364935573,0.15234375,1.5B,8192
27,9,longdoc_8192,longdoc,8192,9.010913347279288,18.646254329794694,19.938624774303346,1.586425023585974,24.352392682441238,30.050588836920785,11.652510119179572,65.33426210985249,0.16597084115245217,59.17268482968211,22.316043939441442,1.2039898318792537e-08,0.9999999997955038,0.08,0.3275008031150955,5.515206487917137,0.9321107155468852,0.38715979569627484,0.4567842920484645,0.5210324531365392,0.002684417075355938,0.056490221849273325,0.015180486442032357,0.45456729419535646,0.19973121176587164,0.14911209163041678,0.1036611099487032,0.0727681503179954,0.055687835297346513,0.0306735042680273,0.1542819019696413,0.1015625,0.12574161123221234,0.15234375,1.5B,8192
27,10,longdoc_8192,longdoc,8192,9.010913347279288,29.693412087681065,19.938624774303346,1.586425023585974,24.352392682441238,30.050588836920785,11.652510119179572,65.33426210985249,0.16597084115245217,71.67207577452064,23.6297007817775,8.642413447151892e-09,0.9999999999443296,0.08,0.27464816010288523,0.49853907241106366,0.9979360973795353,0.9673498307086168,0.9731296447464441,0.9799307802483178,0.14583635663000205,0.010181077019987939,9.94531457301787e-06,0.975900363231875,0.011408303327089572,0.007958395795563518,0.004211276071354857,0.0021306570129913747,0.0012942507950066138,0.0005713962629811433,0.007165605069180157,0.1015625,0.0054873149474988815,0.15234375,1.5B,8192
27,11,longdoc_8192,longdoc,8192,9.010913347279288,14.35830193322216,19.938624774303346,1.586425023585974,24.352392682441238,30.050588836920785,11.652510119179572,65.33426210985249,0.16597084115245217,38.29760463163257,20.324513168539852,9.214765361550055e-08,0.9999999960435664,0.08,0.42287721601601486,6.33734732516692,0.9153260844397416,0.19706223687806787,0.26571230013161773,0.3434230652351732,0.016316752005931967,0.01663335913194519,0.08072648390184371,0.03265047271684417,0.5014901186244627,0.3724653389737939,0.22443820126293682,0.14209958662271793,0.10086665128163863,0.045670539578096546,0.2601044274646657,0.1015625,0.1987321774114628,0.15234375,1.5B,8192
0,0,needle_8192_d50,needle,8192,9.010913347279288,14.56147909883599,821.1929886488017,1.3485116456216333,825.35635625785,4.708984635314787,1.2027083835327903,6.690606725864675,0.043965392390518006,4678.666761899367,12.47141877003014,5.219507141909681e-05,0.99999613666208,0.08,0.39261843762225046,6.459116820057696,0.8735665269477447,0.2017180104082915,0.29271980712541007,0.39571413078459355,0.06243818004031709,0.03111006402559724,3.5010736143416825e-05,0.37683208116408307,0.18441648146142747,0.13331470954115682,0.08091595433537349,0.05484810200919917,0.04258378698537037,0.02887309013132424,0.0984829636761418,0.1015625,0.07674906634782272,0.15234375,1.5B,8192
0,1,needle_8192_d50,needle,8192,9.010913347279288,50.780051424406864,821.1929886488017,1.3485116456216333,825.35635625785,4.708984635314787,1.2027083835327903,6.690606725864675,0.043965392390518006,22021.445601533167,24.567797194235027,7.843883563091487e-09,0.9999999999776035,0.08,0.5345661665532514,0.017326742178729475,0.9998771575354745,0.9999925854437954,0.9999976651768913,0.9999994722606407,0.0038529805970028974,0.12729848678100097,6.9821835752472895e-25,0.9999751794169228,1.3654727677351353e-08,8.055811600157308e-10,1.4694314833511406e-11,2.9645424724680516e-13,2.001511516601966e-14,1.239547077507678e-15,9.93224519933123e-08,0.1015625,8.761119984084524e-09,0.15234375,1.5B,8192
0,2,needle_8192_d50,needle,8192,9.010913347279288,14.016603395298064,821.1929886488017,1.3485116456216333,825.35635625785,4.708984635314787,1.2027083835327903,6.690606725864675,0.043965392390518006,543.5170624926686,29.091574316844344,7.309423356435991e-09,0.9999999999986908,0.08,0.05387769533730912,0.9864492538445105,0.9984924297976207,0.9504858392541522,0.9627775389399624,0.9732668472811938,0.2151103287619307,0.039312430801693665,1.0770349532538893e-06,0.9735764688165414,0.01074538683887165,0.006200866592201542,0.0019856554587169175,0.0006183476447656023,0.00025983662530422105,6.50758794156911e-05,0.0017752566087789249,0.1015625,0.0007366887976878887,0.15234375,1.5B,8192
0,3,needle_8192_d50,needle,8192,9.010913347279288,78.28633165140928,821.1929886488017,1.3485116456216333,825.35635625785,4.708984635314787,1.2027083835327903,6.690606725864675,0.043965392390518006,24020.889833532274,42.27414958924055,7.300910304514214e-09,0.9999999999989999,0.08,0.3812987438970014,7.416860747322735e-06,0.9998779295431711,0.9999999990989871,0.9999999999611969,0.9999999999981578,0.39809234671156446,0.19954425427476963,1.097971337976799e-39,0.9999999785087638,3.74119350013163e-15,2.7911686828116217e-16,2.7911453989759835e-16,2.7911453989759835e-16,2.7911453989759835e-16,3.635684508044418e-16,1.0981571034995763e-08,0.1015625,1.2155707185552022e-12,0.15234375,1.5B,8192
0,4,needle_8192_d50,needle,8192,9.010913347279288,15.952032921112732,821.1929886488017,1.3485116456216333,825.35635625785,4.708984635314787,1.2027083835327903,6.690606725864675,0.043965392390518006,1843.2393347257748,17.904897844884545,3.2393865448544916e-07,0.9999999832494703,0.08,0.14261283714143103,6.1436726563665065,0.9055254771880721,0.2491772550577968,0.32894449752353955,0.428448944320878,0.3165719070535431,0.09707950196332149,0.0003386876595300022,0.46443061667548585,0.08032362999431646,0.05501067752735092,0.03873230254086371,0.028528688570710076,0.02229851535007039,0.0136381098295524,0.032560791385104856,0.1015625,0.026608979338069223,0.15234375,1.5B,8192
0,5,needle_8192_d50,needle,8192,9.010913347279288,16.633453242125192,821.1929886488017,1.3485116456216333,825.35635625785,4.708984635314787,1.2027083835327903,6.690606725864675,0.043965392390518006,2436.104308858514,29.88632033020258,7.303816367904869e-09,0.9999999999988947,0.08,0.18676603230301472,0.19917811394753754,0.9997972504048791,0.9959410321899623,0.997096306127328,0.9981415992294094,0.20096177923079495,0.022546667345153537,2.6187623888864902e-08,0.9975335069157326,0.0006892393870767516,0.0003160403665118857,7.638854681930925e-05,1.875520064637499e-05,6.79570198363749e-06,1.358191905139336e-06,0.0001402218671028522,0.1015625,5.1543868128652106e-05,0.15234375,1.5B,8192
0,6,needle_8192_d50,needle,8192,9.010913347279288,32.91693863253368,736.0929019712823,0.7491715634745095,738.6053051160669,4.12136916804806,0.42717707086467044,5.5174707695973595,0.1322519059467851,-6511.435064658523,34.05492042005062,7.30098355533878e-09,0.9999999999989975,0.08,-0.2573385261983058,0.0001407219411083422,0.9998779115610446,0.9999973523381154,0.9999987264292335,0.9999995299613168,0.012879739730124129,0.10584835399356507,1.2687893075865155e-24,0.9999948053160505,6.668638169996259e-08,1.09820975122965e-08,4.633855402587581e-10,1.337107983642115e-11,1.1462305819049566e-12,1.7287502344475738e-14,1.0771468806866655e-06,0.1015625,1.1228497893845562e-08,0.15234375,1.5B,8192
0,7,needle_8192_d50,needle,8192,9.010913347279288,18.40842158099404,736.0929019712823,0.7491715634745095,738.6053051160669,4.12136916804806,0.42717707086467044,5.5174707695973595,0.1322519059467851,7408.563742723316,10.595158949494362,0.00032627281069479825,0.9999723986842979,0.08,0.5560650573429302,0.22961481549803162,0.9991056650093395,0.9874012449381044,0.9896117458919743,0.9915012935148781,0.01987485217750873,0.01628474147446468,3.2607208736453465e-06,0.9874035263466455,0.005588627435155459,0.003910193962641286,0.001947044022422156,0.00092750140435497,0.0005235080965171425,0.00019667231630598886,0.005284306966307722,0.1015625,0.003351915698794307,0.15234375,1.5B,8192
0,8,needle_8192_d50,needle,8192,9.010913347279288,16.180603002018245,736.0929019712823,0.7491715634745095,738.6053051160669,4.12136916804806,0.42717707086467044,5.5174707695973595,0.1322519059467851,1593.426069991663,25.13995597884059,7.631422048158154e-09,0.9999999999862521,0.08,0.14516184983948396,0.7616810622965613,0.9985143048533723,0.9630487376441347,0.9710538373106122,0.9778084926896001,0.08515976207513631,0.05688897318302111,4.736568744950399e-06,0.9643850345558436,0.014331050673827063,0.008890164202144066,0.0033625138251736674,0.001097034677890117,0.00043028915969074905,7.62365016652092e-05,0.012406291949355596,0.1015625,0.008591990376600661,0.15234375,1.5B,8192
0,9,needle_8192_d50,needle,8192,9.010913347279288,11.245876135953312,736.0929019712823,0.7491715634745095,738.6053051160669,4.12136916804806,0.42717707086467044,5.5174707695973595,0.1322519059467851,569.7463458072161,9.952775278245099,0.0005222572202458743,0.9999523521096407,0.08,0.07346770153273376,5.727811662355349,0.9297049371922639,0.26871224515311193,0.37431794497082976,0.48556760714810787,0.04853350534554579,0.1812635855688356,2.1359495969193354e-05,0.25221531584854323,0.36776353936127626,0.24750687296929233,0.14492838555542542,0.08509149634534342,0.05739311134562052,0.030682215783772775,0.09012991518186814,0.1015625,0.07686032998582187,0.15234375,1.5B,8192
0,10,needle_8192_d50,needle,8192,9.010913347279288,34.58998742184131,736.0929019712823,0.7491715634745095,738.6053051160669,4.12136916804806,0.42717707086467044,5.5174707695973595,0.1322519059467851,4867.351729400456,24.66510196775198,8.094138596784535e-09,0.9999999999680553,0.08,0.2010488832935107,0.0028575758530946928,0.9998776934338179,0.9999755949318495,0.9999882884394135,0.9999953646889743,0.0873515351749461,0.28861828900159026,2.1798788094123808e-20,0.9997377206549807,8.260612003629825e-07,2.2395374920614938e-07,1.061646175983986e-08,4.1892427335764717e-10,4.4203680807217414e-11,1.0247599858598078e-12,3.5415063281729624e-06,0.1015625,8.140731526237075e-07,0.15234375,1.5B,8192
0,11,needle_8192_d50,needle,8192,9.010913347279288,11.245939272581143,736.0929019712823,0.7491715634745095,738.6053051160669,4.12136916804806,0.42717707086467044,5.5174707695973595,0.1322519059467851,256.7813438763842,35.220272806473076,7.30092421080924e-09,0.9999999999989995,0.08,0.03556488892261174,3.392839362496181,0.9845641158190136,0.7124458315632113,0.82121902499877,0.8721783334332632,0.3238087106036893,0.007612289823519802,3.999003953326133e-06,0.8810717378661368,0.06669548302146605,0.04749326791006566,0.026894770895260083,0.014992752006232176,0.00933375623108388,0.004043026213639781,0.029999000282250627,0.1015625,0.01810263016294687,0.15234375,1.5B,8192
1,0,needle_8192_d50,needle,8192,9.010913347279288,11.90489808208131,153.51598551811514,0.42108978235216293,154.77594436949846,4.709794967316998,0.32572255201435885,5.701087329361573,0.02785668636339445,620.6324718983378,43.852660530013964,7.300910295731857e-09,0.9999999999989999,0.08,0.37426494947842026,1.4907438538738915,0.9989588527429741,0.9430509425304586,0.9798027388908898,0.9873684775401731,0.08659022084523116,0.3135734485415824,4.57787432838543e-10,0.9883852311552821,0.004813416601048847,0.002790734245112867,0.0008244013287928749,0.0002614744928808579,0.00010344063266204348,2.0372086753040553e-05,0.00040914086948570897,0.1015625,0.0001615545961094532,0.15234375,1.5B,8192
1,1,needle_8192_d50,needle,8192,9.010913347279288,13.349739701389046,153.51598551811514,0.42108978235216293,154.77594436949846,4.709794967316998,0.32572255201435885,5.701087329361573,0.02785668636339445,409.7571680415422,31.91742538101971,7.301408869298036e-09,0.9999999999989819,0.08,0.2386607051416393,1.7723073927638395,0.9985134507473774,0.9410551153093335,0.9593301525492455,0.9750225402674645,0.4533839121892953,0.05100932976507977,4.2014441674587033e-10,0.9565404796976862,0.005974649581499808,0.0030998345822542345,0.0010475868008284718,0.0003597426686627373,0.00015572582725137242,3.8699920522765736e-05,0.0021423303739060407,0.1015625,0.0012188534287139463,0.15234375,1.5B,8192
1,2,needle_8192_d50,needle,8192,9.010913347279288,15.158018140790926,153.51598551811514,0.42108978235216293,154.77594436949846,4.709794967316998,0.32572255201435885,5.701087329361573,0.02785668636339445,1652.681377033703,11.961999691091478,8.278263139641445e-05,0.9999936154569135,0.08,0.7169168679230004,4.640459189479626,0.9842859654587255,0.3719400330481428,0.4960274951090608,0.6451927686860897,0.04365601125221019,0.0096151080647644,4.597742855108108e-10,0.7516502198676721,0.06794823161545685,0.030073302714510503,0.008586418815676324,0.005133597959767891,0.002377799015472499,0.00029118890292646326,0.003055566074827929,0.1015625,0.0014424800424325502,0.15234375,1.5B,8192
1,3,needle_8192_d50,needle,8192,9.010913347279288,9.774018538727097,153.51598551811514,0.42108978235216293,154.77594436949846,4.709794967316998,0.32572255201435885,5.701087329361573,0.02785668636339445,648.2238364610821,32.01400465145707,7.301255224924424e-09,0.9999999999989875,0.08,0.4509442677120472,3.7067615834139898,0.9912530988153843,0.5482809046593112,0.736754557077088,0.8746079617053076,0.03194122095164431,0.2919450872685019,3.4085127296247783e-09,0.9198582370623197,0.01316216537326774,0.0094099027072119,0.004067067617587959,0.0016421590077283594,0.0007673778959895143,0.0001945597573180537,0.0021141944878075272,0.1015625,0.0009504237460539551,0.15234375,1.5B,8192
1,4,needle_8192_d50,needle,8192,9.010913347279288,19.68807433970885,153.51598551811514,0.42108978235216293,154.77594436949846,4.709794967316998,0.32572255201435885,5.701087329361573,0.02785668636339445,737.6378642730415,36.18715288117528,7.300915637716708e-09,0.9999999999989997,0.08,0.29050149920899,0.6594942125658118,0.9997948205475827,0.9975140904398123,0.998624283425936,0.999374049915279,0.3128021085302777,0.11577180840198764,8.044132956174425e-12,0.997154941183764,0.00011543261970260035,3.6225859417028434e-05,5.276303003482704e-06,7.290675600269946e-07,1.7418297674794768e-07,1.824974714685236e-08,6.226960849588084e-05,0.1015625,9.630427622048871e-06,0.15234375,1.5B,8192
1,5,needle_8192_d50,needle,8192,9.010913347279288,19.871186946277653,153.51598551811514,0.42108978235216293,154.77594436949846,4.709794967316998,0.32572255201435885,5.701087329361573,0.02785668636339445,2014.6715493127704,11.75370129942894,0.0001474320783655279,0.9999888693463436,0.08,0.6693884558608084,7.9757289063985395,0.6954157494748907,0.04463240710500745,0.06777823000277791,0.10229084642279676,0.037002446328529004,0.028188402339964114,0.0005143553440116153,0.08472196635443345,0.48388707778923,0.4797218229584602,0.43432091861630107,0.30837669175482685,0.2405830613542499,0.1613187151351206,0.1091597850171384,0.1015625,0.08292142578229256,0.15234375,1.5B,8192
1,6,needle_8192_d50,needle,8192,9.010913347279288,11.749078555323043,29.1782075812606,0.827164048223243,33.097607588599985,3.3170664198668733,0.6053547401923751,4.752724862079376,0.1543174971725105,73.10809268802404,11.690704743377864,0.00010633511281452232,0.999991624401152,0.08,0.27418734203060185,6.737010018103893,0.8191188841903331,0.19036716702230386,0.25326038976996756,0.3439650254754215,0.0399036404508184,0.03059095973172621,0.00011726635331040766,0.43073437141820436,0.24745126156260902,0.17102953606158008,0.10633864813059747,0.07176694423398618,0.06006227953589268,0.04358534452844909,0.08349456446021553,0.1015625,0.06243409637011721,0.15234375,1.5B,8192
1,7,needle_8192_d50,needle,8192,9.010913347279288,11.804083576129042,29.1782075812606,0.827164048223243,33.097607588599985,3.3170664198668733,0.6053547401923751,4.752724862079376,0.1543174971725105,96.48972546681762,10.959356091916561,0.00020840555876235046,0.999982586358067,0.08,0.3329670214803078,7.276725619000465,0.7892714551178601,0.11314662853867256,0.16695989987296517,0.24207155754732954,0.04365629574346386,0.004505076637329353,0.0002110894698158793,0.3017839060715093,0.2861665947438908,0.2022528733230677,0.13285519580976934,0.08333318746534295,0.06342357843138098,0.04391241018597757,0.10213312693467731,0.1015625,0.07478068129135929,0.15234375,1.5B,8192
1,8,needle_8192_d50,needle,8192,9.010913347279288,16.625143661810473,29.1782075812606,0.827164048223243,33.097607588599985,3.3170664198668733,0.6053547401923751,4.752724862079376,0.1543174971725105,36.40837158076465,11.823915439657867,9.42474094360786e-05,0.9999926587337754,0.08,0.1048593842111141,7.015069201261044,0.8256166530447849,0.12013470516013262,0.18806230474456653,0.27893280581224217,0.09950251374748964,0.05364303364496825,0.000919957772849976,0.34688545386191977,0.3046797954512757,0.22529409571936676,0.12988910902936318,0.07659110698023142,0.05817242369164369,0.039615128795140966,0.18230900037138956,0.1015625,0.12311288564802336,0.15234375,1.5B,8192
1,9,needle_8192_d50,needle,8192,9.010913347279288,12.055566405854467,29.1782075812606,0.827164048223243,33.097607588599985,3.3170664198668733,0.6053547401923751,4.752724862079376,0.1543174971725105,101.86892234534025,19.26281871739775,9.542114688569589e-08,0.9999999956576242,0.08,0.38141339632870236,5.25980005248252,0.9397925666566962,0.393304780136092,0.4735811676275341,0.5646107552644157,0.028846988994795097,0.06958399908121926,6.444071623108761e-05,0.5435803439540746,0.25853543638645543,0.17915924026955007,0.09851304997026553,0.05850225235854662,0.03986465949931676,0.022185961922197125,0.07296402326168498,0.1015625,0.05464886254733189,0.15234375,1.5B,8192
1,10,needle_8192_d50,needle,8192,9.010913347279288,16.253892128004757,29.1782075812606,0.827164048223243,33.097607588599985,3.3170664198668733,0.6053547401923751,4.752724862079376,0.1543174971725105,113.7086918335408,17.07107885554433,7.042419920555256e-07,0.9999999614343719,0.08,0.4111794887236742,1.2472456577813031,0.9943118331586098,0.9297704976904198,0.9387137185327867,0.947997696359426,0.24682461527612887,0.020379144488284595,1.4581765593007767e-05,0.9427654141267491,0.03788029700461289,0.027496935158463676,0.014411069721537799,0.007235113465867618,0.004238640762072234,0.001647596699137553,0.02235015278944844,0.1015625,0.015342399530987096,0.15234375,1.5B,8192
1,11,needle_8192_d50,needle,8192,9.010913347279288,12.401835106609509,29.1782075812606,0.827164048223243,33.097607588599985,3.3170664198668733,0.6053547401923751,4.752724862079376,0.1543174971725105,93.29822697862983,19.318326541222632,9.015075589563683e-08,0.9999999959216501,0.08,0.3589412156920339,4.6573089871831135,0.9538395407117966,0.5023012091274976,0.5873930487818614,0.6639664239940355,0.3249604153860961,0.017220527951975484,9.483055331290484e-06,0.6523235234508657,0.2056149666449514,0.13636799867304547,0.07622725290030477,0.045111747501757976,0.031531586217391126,0.01740422718850846,0.07480674410005278,0.1015625,0.05406618644672927,0.15234375,1.5B,8192
2,0,needle_8192_d50,needle,8192,9.010913347279288,20.467353074257122,24.224479836981093,1.805404083313973,29.951705888055397,6.881041967531771,0.8554843533040232,12.694902018439944,0.053704676160773464,-66.0615901350975,22.976070248463657,1.076170837778718e-08,0.9999999998558584,0.08,0.34932029508514273,1.7180718334211427,0.9851887003081626,0.8736783732575252,0.8908654837814859,0.9081790311625536,0.1813941565055206,0.05341118383130983,0.7550491668852981,0.15950306525265281,0.20501787267482102,0.16361189880223437,0.10457180593853671,0.06220413637354547,0.04189216608068738,0.02135346282706141,0.09534586386953454,0.1015625,0.07139896710644215,0.15234375,1.5B,8192
2,1,needle_8192_d50,needle,8192,9.010913347279288,20.81831685427013,24.224479836981093,1.805404083313973,29.951705888055397,6.881041967531771,0.8554843533040232,12.694902018439944,0.053704676160773464,-36.975184286013246,18.743931676261127,1.5020297862455446e-07,0.999999992760827,0.08,0.37641151171923865,3.594691491340001,0.985103389805179,0.6428736925298288,0.7035982632631057,0.7897700292902711,0.05832304077704187,0.027550172612964552,0.3201528008542031,0.5219335665651905,0.0795385156860765,0.05024868052923173,0.02542341909709302,0.013379254366869871,0.008211533178897971,0.0033116455513012392,0.018921638318721488,0.1015625,0.012052893030417523,0.15234375,1.5B,8192
2,2,needle_8192_d50,needle,8192,9.010913347279288,14.731803194781126,24.224479836981093,1.805404083313973,29.951705888055397,6.881041967531771,0.8554843533040232,12.694902018439944,0.053704676160773464,-47.83018177933991,1.8652823958545923,0.6026600192989204,0.8287609281824742,0.08,0.30303751546949675,7.424876618055652,0.7638268729883615,0.1196826343987723,0.14901005744049262,0.19173989730672789,0.011642792946619185,0.009229190446370161,0.0843059974560921,0.07286813988798954,0.3564590947490248,0.2588612846878769,0.16894493015655865,0.13908081876576936,0.11844294687030407,0.08103762971412085,0.14631189070155667,0.1015625,0.12793265237636173,0.15234375,1.5B,8192
2,3,needle_8192_d50,needle,8192,9.010913347279288,23.98833377424266,24.224479836981093,1.805404083313973,29.951705888055397,6.881041967531771,0.8554843533040232,12.694902018439944,0.053704676160773464,-81.13444899115711,3.1931064194068313,0.4676142571816383,0.8968302276771065,0.08,0.17835382544755962,4.638999514094517,0.976845339019478,0.2899484423233856,0.43005277529437264,0.6141366866116871,0.07052326794206622,0.10207699076850496,0.029375606503156928,0.003120408112007252,0.06386982012898644,0.04960789707373081,0.035560256659834685,0.022416344609370906,0.015318674918922956,0.008393806862298946,0.05737641459850503,0.1015625,0.05747716314239042,0.15234375,1.5B,8192
2,4,needle_8192_d50,needle,8192,9.010913347279288,17.370457265600983,24.224479836981093,1.805404083313973,29.951705888055397,6.881041967531771,0.8554843533040232,12.694902018439944,0.053704676160773464,-50.41633680509403,9.033721435349435,0.001207681510837293,0.9998799985645092,0.08,0.3672342195552882,5.57477510163185,0.8611860641216962,0.39809441604204937,0.44159757233880137,0.49571371380430235,0.00720278050667833,0.014034062885513787,0.2946502488447396,0.21170186950790157,0.3064681078126575,0.23727130170262242,0.16330768024003514,0.11837890861461478,0.09100681335193457,0.05892910530505836,0.15834175247531362,0.1015625,0.1296481538775955,0.15234375,1.5B,8192
2,5,needle_8192_d50,needle,8192,9.010913347279288,19.551587864244976,24.224479836981093,1.805404083313973,29.951705888055397,6.881041967531771,0.8554843533040232,12.694902018439944,0.053704676160773464,-33.68707752414048,2.015621764585376,0.6346541251534483,0.8070114260731387,0.08,0.4347385162505537,6.490988282270036,0.8970393050361841,0.19931805437929423,0.2574690900445794,0.33860747395550933,0.043051604371165286,0.0031274963570386838,0.027853526184355593,0.0799667172955098,0.2830383129632058,0.22980384022216527,0.128432128879099,0.06995077303025674,0.0445131981433281,0.023407303246855717,0.04812007748272635,0.1015625,0.04078818951175501,0.15234375,1.5B,8192
2,6,needle_8192_d50,needle,8192,9.010913347279288,13.4301219756729,35.13600583114474,0.9528808040147589,38.79853406132663,4.852043506337692,0.6924517910086881,7.97244619964708,0.17720500589979532,35.07940708659589,12.29722354002297,0.00012424998067369866,0.9999907030080644,0.08,0.24686068599478767,5.0398710932019695,0.8619126689080155,0.5126354483169672,0.5297966221023586,0.5527903801852857,0.011268002096235907,0.02820384915994456,0.3678421284153131,0.18662510188927786,0.5729240963287406,0.47664173903840784,0.32633982117957133,0.22123071010741102,0.16285337134518885,0.10010961619893444,0.3251207666046004,0.1015625,0.25506523019543,0.15234375,1.5B,8192
2,7,needle_8192_d50,needle,8192,9.010913347279288,16.593519545066552,35.13600583114474,0.9528808040147589,38.79853406132663,4.852043506337692,0.6924517910086881,7.97244619964708,0.17720500589979532,73.82565880380571,10.905270481016487,0.00021862996581796653,0.999981637707975,0.08,0.2949494620890148,2.8952748380059594,0.9628284373518383,0.7681294846497333,0.7876179256677576,0.8092651783432389,0.13213622454232876,0.025393518374662527,0.5765639578735106,0.22715428485040018,0.28075545691611903,0.22839932047918074,0.14826646897177226,0.0944721948654005,0.06493514137062247,0.03499599398349853,0.16556693613251425,0.1015625,0.12796302021284042,0.15234375,1.5B,8192
2,8,needle_8192_d50,needle,8192,9.010913347279288,18.571632991473987,35.13600583114474,0.9528808040147589,38.79853406132663,4.852043506337692,0.6924517910086881,7.97244619964708,0.17720500589979532,48.6079012574628,17.9766603121534,4.385918573532482e-07,0.9999999775881078,0.08,0.2117178383289899,2.7853054698595217,0.9790085803778116,0.7985047181643006,0.8183894640525947,0.8419089697849199,0.10116826256776079,0.07642934797074652,0.21725525094852796,0.5866008260971038,0.14319741246705225,0.102631499107259,0.060548793434157304,0.031971117989719695,0.019263585055852055,0.008316622407432292,0.07992583746138482,0.1015625,0.059076230150378946,0.15234375,1.5B,8192
2,9,needle_8192_d50,needle,8192,9.010913347279288,13.642506774546463,35.13600583114474,0.9528808040147589,38.79853406132663,4.852043506337692,0.6924517910086881,7.97244619964708,0.17720500589979532,102.10753098875284,0.6802986301481724,0.6431672866293446,0.6634101105652491,0.08,0.34663720546284527,6.4108002939257975,0.8495091637840899,0.26988697068411427,0.3121789669239429,0.366713919696542,0.022462774043184197,0.07083528106159243,0.041440123793468855,0.3021288956545883,0.6320656002329911,0.4544401843912947,0.2710204986498965,0.1712546347553325,0.12599736117910207,0.07651522533933884,0.27536203881620364,0.1015625,0.20015454410919897,0.15234375,1.5B,8192
2,10,needle_8192_d50,needle,8192,9.010913347279288,17.010984781156978,35.13600583114474,0.9528808040147589,38.79853406132663,4.852043506337692,0.6924517910086881,7.97244619964708,0.17720500589979532,96.89333754219115,13.986365037038922,1.4584377888680667e-05,0.9999990440894693,0.08,0.3090612702695411,4.4823700965832005,0.9388568535198125,0.5771198003784965,0.6111800268539348,0.6569320279743535,0.49948864480330535,0.012837297853689478,0.24140455551420742,0.376527388556086,0.2678635413002366,0.20963848742976635,0.1345622020903535,0.08181706249899387,0.05638712542311814,0.030204724784030624,0.15296637669625773,0.1015625,0.11187057746782723,0.15234375,1.5B,8192
2,11,needle_8192_d50,needle,8192,9.010913347279288,14.630161338514295,35.13600583114474,0.9528808040147589,38.79853406132663,4.852043506337692,0.6924517910086881,7.97244619964708,0.17720500589979532,47.804484374821186,3.862082442268729,0.10225050499378559,0.979227415013419,0.08,0.2990061414488957,3.8900055590184284,0.8816340694424593,0.6235007071113491,0.6322417346099153,0.6460382962870962,0.06465524651759136,0.022706993956880694,0.5886136357938984,0.04499631473898275,0.7558832729199455,0.6370547291100123,0.4558496175722165,0.31446457066077116,0.23141027523109195,0.14058126358331993,0.5331944065558584,0.10205078125,0.42673852320373595,0.15234375,1.5B,8192
3,0,needle_8192_d50,needle,8192,9.010913347279288,21.93351609784424,25.077789290163352,1.1506279312669756,28.33058489793653,6.771728689294922,0.686801433491584,8.497368459310026,0.11470034351259818,-87.98026103177108,25.32288317917846,7.57955748302082e-09,0.9999999999883125,0.08,0.5601423247471597,0.8000061937693104,0.9976552269168932,0.9726500354380407,0.9774676057194919,0.9812791896133338,0.18809897726539937,0.05215541321157158,0.8091555680106631,0.1695066695607283,0.04046011571318748,0.029616307222187794,0.016348383196878515,0.008923336107599942,0.005519324003827896,0.00244315062722005,0.02671393957296463,0.1015625,0.01996114724070842,0.15234375,1.5B,8192
3,1,needle_8192_d50,needle,8192,9.010913347279288,20.557855702640616,25.077789290163352,1.1506279312669756,28.33058489793653,6.771728689294922,0.686801433491584,8.497368459310026,0.11470034351259818,-65.55278237909079,26.681391276419163,7.37249072961578e-09,0.9999999999963372,0.08,0.5862999313322137,1.6718080988701687,0.994933373785105,0.9485699418941661,0.9561464208662702,0.963589942556388,0.09567676001445857,0.05857550039962245,0.3927231234944963,0.5674983584930378,0.02499686153235208,0.018860141572170298,0.010795989515132247,0.0059960516175682965,0.0038654983427064207,0.0018236366667159997,0.01311922932859507,0.1015625,0.009125183445211774,0.15234375,1.5B,8192
3,2,needle_8192_d50,needle,8192,9.010913347279288,24.83579019543024,25.077789290163352,1.1506279312669756,28.33058489793653,6.771728689294922,0.686801433491584,8.497368459310026,0.11470034351259818,-98.20275513967499,10.44463239936158,0.00033308344480887064,0.9999708967719655,0.08,0.5629934017513528,1.420326995650334,0.9984000054808291,0.9727841621212802,0.9769174670641201,0.9816395743376592,0.037718732018944934,0.17439312242595228,0.4521336287231114,0.5204804713331231,0.014656958154524977,0.009034561345618045,0.004038494513228506,0.0016555458844489065,0.0008847447156940618,0.00030468541339248335,0.01523987772715205,0.1015625,0.011400076341197595,0.15234375,1.5B,8192
3,3,needle_8192_d50,needle,8192,9.010913347279288,21.746842969127233,25.077789290163352,1.1506279312669756,28.33058489793653,6.771728689294922,0.686801433491584,8.497368459310026,0.11470034351259818,-99.623613900505,6.099265114404261,0.015982382773435114,0.9977546957593922,0.08,0.535422727552112,1.2556737287949948,0.9943883901955619,0.935403233522131,0.9428669279593714,0.9511112827898339,0.02663571770917983,0.07444467394779242,0.7734445779622038,0.15547955756229542,0.11104290326978766,0.07850536347691302,0.0418921204786582,0.020897889942061862,0.012653054737991953,0.005482350838094021,0.09224901494283701,0.1015625,0.06992892355707322,0.15234375,1.5B,8192
3,4,needle_8192_d50,needle,8192,9.010913347279288,21.708599710080982,25.077789290163352,1.1506279312669756,28.33058489793653,6.771728689294922,0.686801433491584,8.497368459310026,0.11470034351259818,-50.74083603173494,12.996300160884857,3.1848685720295423e-05,0.9999977269610487,0.08,0.5309742753905982,3.337452337927615,0.9800939939108153,0.6646272716430563,0.7287201936301988,0.7905820621359735,0.012151779362660875,0.1077164076866568,0.4868522561546483,0.2565344201847818,0.19298087466928898,0.12461965088776382,0.05975678680282595,0.029850427847025008,0.018196775406683605,0.008534929016818595,0.08374055545107323,0.1015625,0.06168884014462062,0.15234375,1.5B,8192
3,5,needle_8192_d50,needle,8192,9.010913347279288,19.63084798290107,25.077789290163352,1.1506279312669756,28.33058489793653,6.771728689294922,0.686801433491584,8.497368459310026,0.11470034351259818,-68.80235012620687,11.091229803860188,0.00018552821561151808,0.9999846903674238,0.08,0.5723964603870885,1.9065719146857052,0.9916743166493331,0.915760856846927,0.9240622047201449,0.9347448988260667,1.058018639122825,0.0008349712158493006,0.22429994225328573,0.6881146363244267,0.045003689346298094,0.03263201423988679,0.018112750573213862,0.009734566688326592,0.006130464530670937,0.0028685897196309516,0.02302949638186215,0.1015625,0.01889926793707762,0.15234375,1.5B,8192
3,6,needle_8192_d50,needle,8192,9.010913347279288,15.945583485118785,25.474203151747684,2.1197250121494284,30.63874798890075,6.260798019571244,1.1206910335198634,9.40681465646612,0.09962805651276864,2.945005726069212,11.60812783241272,0.00011469290717113947,0.9999909056437266,0.08,0.4175682888332111,4.514009144906856,0.919314255843158,0.5252877627459679,0.572441214302326,0.632469366328679,0.032744476663992717,0.019399393579442814,0.39568560513431605,0.2810331050325301,0.3101699792212429,0.22801581879808963,0.1537257849663326,0.10540622485176132,0.07808077876990745,0.04713967977353432,0.13687083015904694,0.1015625,0.10731745832875716,0.15234375,1.5B,8192
3,7,needle_8192_d50,needle,8192,9.010913347279288,13.555321725304472,25.474203151747684,2.1197250121494284,30.63874798890075,6.260798019571244,1.1206910335198634,9.40681465646612,0.09962805651276864,-6.959666947834194,3.0871904073283076,0.23200545351546992,0.9475130113013664,0.08,0.3787901632070863,7.134661357929092,0.8440891080635551,0.10693068594115726,0.15245480512794926,0.21587713041534246,0.1500482597890891,0.014074118196667262,0.04183489151053636,0.04523203042308089,0.3907283167928536,0.2566980581419417,0.22384070604899248,0.1595674069665069,0.11457887883380607,0.0656096982204725,0.1749973556840092,0.1015625,0.14164308085065247,0.15234375,1.5B,8192
3,8,needle_8192_d50,needle,8192,9.010913347279288,20.43935168041092,25.474203151747684,2.1197250121494284,30.63874798890075,6.260798019571244,1.1206910335198634,9.40681465646612,0.09962805651276864,-5.102693608030677,9.648816606029868,0.0007341521996058595,0.9999320942580205,0.08,0.27844687896355835,6.309609396306272,0.881308555709753,0.2503888356738192,0.2958304714918996,0.358737711168966,0.020373064805385477,0.011030046257899606,0.1477379589385174,0.12817106403237924,0.4069948197346193,0.2838893723834288,0.1657647166678822,0.09576725889412974,0.06242159377530114,0.031901231470201304,0.18236510376389073,0.1015625,0.14952948521005108,0.15234375,1.5B,8192
3,9,needle_8192_d50,needle,8192,9.010913347279288,12.351425761890138,25.474203151747684,2.1197250121494284,30.63874798890075,6.260798019571244,1.1206910335198634,9.40681465646612,0.09962805651276864,-8.466490756720304,4.943582361098379,0.047936413282651996,0.9922153525147052,0.08,0.4825881942288571,6.890360652778223,0.8086790297861208,0.19895801799740334,0.23133194976578736,0.27698632804779155,0.01661454056408551,0.005331671167037255,0.1535905535781086,0.08829439903298388,0.45388312146594856,0.3567270144009911,0.24787013568778735,0.17161606284600567,0.1266226105472458,0.08120094415583087,0.26646549275318004,0.1015625,0.20010378202829282,0.15234375,1.5B,8192
3,10,needle_8192_d50,needle,8192,9.010913347279288,18.61387149999709,25.474203151747684,2.1197250121494284,30.63874798890075,6.260798019571244,1.1206910335198634,9.40681465646612,0.09962805651276864,-2.0556543935090303,10.27944279788062,0.0004917312402582597,0.9999574535947678,0.08,0.3913315620317862,3.8415291973392263,0.9447539170533915,0.6313568009981394,0.6647761300071896,0.7081812390542707,0.032766140144127265,0.039784054036524796,0.4605315714829922,0.2425710779171537,0.29615945038977953,0.23186204148766082,0.14963628756141764,0.09523277669923728,0.0673610256457278,0.03849453899386332,0.1479378271623206,0.1015625,0.11632231504780853,0.15234375,1.5B,8192
3,11,needle_8192_d50,needle,8192,9.010913347279288,13.605615457066369,25.474203151747684,2.1197250121494284,30.63874798890075,6.260798019571244,1.1206910335198634,9.40681465646612,0.09962805651276864,-14.274586644722149,4.301574735669419,0.09505983820400841,0.9829905248393351,0.08,0.3953772475935086,5.618760493932297,0.8756031167412744,0.3875918196050387,0.4606163050358839,0.5284821938976763,0.09777883935229581,0.18238722055013434,0.2302909973190222,0.008628155769527607,0.7306273692400218,0.5863952412876294,0.4153792516857708,0.2981569666310093,0.232481707398278,0.14918016150325525,0.5289869249289351,0.1015625,0.45165361803350323,0.15234375,1.5B,8192
4,0,needle_8192_d50,needle,8192,9.010913347279288,16.875542110989606,25.404236657496313,2.3617484634645565,30.21715826282362,6.404301026998546,1.5611281899929936,10.973659110566073,0.15425473644941115,-60.77714913873933,0.5533933120314032,0.6565431279323284,0.634907555049062,0.08,0.17789923116397605,5.1812227585393344,0.948959683339234,0.387996803100801,0.47183869848380167,0.5648160904335628,0.022735411469489097,0.019108401200611524,0.20453947892718632,0.22741362033679688,0.13823542066561256,0.10141875228952701,0.06427630686818421,0.04310065135442465,0.03128988732755423,0.01579137275980545,0.08697725426693993,0.1015625,0.06381627406727045,0.15234375,1.5B,8192
4,1,needle_8192_d50,needle,8192,9.010913347279288,16.215071318391193,25.404236657496313,2.3617484634645565,30.21715826282362,6.404301026998546,1.5611281899929936,10.973659110566073,0.15425473644941115,-60.38298968132585,9.623629028676078,0.000722926109236964,0.9999325375548129,0.08,0.26700667578235493,4.391548168351754,0.9263394607158041,0.532144584196894,0.5676985850954728,0.6118480424542518,0.12678391590750016,0.041538427142502776,0.4537192214694619,0.11885725729219233,0.5463027241490006,0.4025147642674463,0.24185374359415315,0.1501883651587075,0.10689203883045924,0.062303301354470854,0.27058809664645894,0.1015625,0.2072655166789377,0.15234375,1.5B,8192
4,2,needle_8192_d50,needle,8192,9.010913347279288,21.161420936811187,25.404236657496313,2.3617484634645565,30.21715826282362,6.404301026998546,1.5611281899929936,10.973659110566073,0.15425473644941115,-77.99396134819835,15.837871965020895,2.390250980406456e-06,0.9999998601098148,0.08,0.2142635203415234,1.2052088481301644,0.9932654415475831,0.9277229515244308,0.9355089073315904,0.9454772415147147,0.13486047434079396,0.028115530438889813,0.8052290093442912,0.13669634085283178,0.10221110536475259,0.07245672988437153,0.04122134720806408,0.023296441951193087,0.015080064481686108,0.007367041109161747,0.03947615916030076,0.1015625,0.029092241052814716,0.15234375,1.5B,8192
4,3,needle_8192_d50,needle,8192,9.010913347279288,18.652386852034855,25.404236657496313,2.3617484634645565,30.21715826282362,6.404301026998546,1.5611281899929936,10.973659110566073,0.15425473644941115,-55.774461335502565,3.868998364545405,0.10174304593341249,0.9793675890305913,0.08,0.05166679966709739,6.055757162456116,0.9150314212637564,0.25811570754129454,0.3205195437654857,0.40126809607515124,0.24631895319276387,0.04699731857177003,0.14378793740613696,0.11876721727246177,0.23096058832329755,0.15340467606119462,0.09296983941857799,0.05488144180251611,0.038293697969946236,0.02148936807486657,0.11449463209032348,0.1015625,0.08165111493000043,0.15234375,1.5B,8192
4,4,needle_8192_d50,needle,8192,9.010913347279288,17.92166788238019,25.404236657496313,2.3617484634645565,30.21715826282362,6.404301026998546,1.5611281899929936,10.973659110566073,0.15425473644941115,-57.69509004848078,0.06404917454347014,0.8032602622782823,0.5018971874837151,0.08,0.24504806686429034,6.970920722215267,0.8311621761540393,0.1641943644950743,0.19145604820710682,0.23374238507831072,0.04153529773900111,0.015653213096400442,0.11854548518719316,0.031843793981074724,0.5405084180863124,0.4083260095186614,0.26350694843503514,0.16421614574679888,0.11555810520142414,0.06970644663322892,0.24857170871211778,0.1015625,0.17116635273674527,0.15234375,1.5B,8192
4,5,needle_8192_d50,needle,8192,9.010913347279288,17.577697336352315,25.404236657496313,2.3617484634645565,30.21715826282362,6.404301026998546,1.5611281899929936,10.973659110566073,0.15425473644941115,-50.07687453064136,10.310139195265947,0.0003772682190227345,0.9999666688445182,0.08,0.3148305740923625,4.100405489394713,0.9386603880190916,0.6349796441470569,0.6618977075913622,0.69246059667688,0.031205626736231284,0.16377071258431553,0.2296749614774154,0.46242636742942056,0.24255374257431497,0.19489770054398417,0.1302149823867261,0.08421775998024297,0.06035277024980528,0.03453872982587266,0.11479671083574042,0.1015625,0.08693043126357132,0.15234375,1.5B,8192
4,6,needle_8192_d50,needle,8192,9.010913347279288,21.66360972935917,22.56907466649097,1.3198529903455132,25.183439329507312,6.994725015289194,0.8159370921126422,9.169576399107713,0.06830593037861608,-54.59666497120634,27.7210962777026,7.325972640165309e-09,0.9999999999980809,0.08,0.5695081339351973,2.0372234809429757,0.9934936227486745,0.8797069098343933,0.9109065640407125,0.9343033262500169,0.10967132603456164,0.03865168543795949,0.5639996869125101,0.37142029656106346,0.04917019342550281,0.033852080060266916,0.018597643266633306,0.009399659865763854,0.005530370007921405,0.002307051577478164,0.018099349082348098,0.1015625,0.01135948563626707,0.15234375,1.5B,8192
4,7,needle_8192_d50,needle,8192,9.010913347279288,22.8540307718744,22.56907466649097,1.3198529903455132,25.183439329507312,6.994725015289194,0.8159370921126422,9.169576399107713,0.06830593037861608,-73.45269062463194,24.540893502533436,8.08906633166012e-09,0.9999999999683316,0.08,0.588944661508087,1.0042662259166044,0.9962043379863427,0.9428493498833708,0.9516561555239713,0.9600132679591297,0.3584346910738354,0.03527758655319424,0.8525774916054478,0.10254329137368623,0.1248469550236672,0.08710595851424455,0.04552813313200598,0.021920767577688745,0.012335115709375247,0.004601032363811564,0.046184006394493604,0.1015625,0.030742907330952945,0.15234375,1.5B,8192
4,8,needle_8192_d50,needle,8192,9.010913347279288,20.13341414626201,22.56907466649097,1.3198529903455132,25.183439329507312,6.994725015289194,0.8159370921126422,9.169576399107713,0.06830593037861608,-67.32615262735635,10.443057913798839,0.0003377348533388938,0.9999705938276483,0.08,0.6167649416200024,1.5752779056039934,0.9883665480283753,0.8507876830467594,0.8667860986798044,0.887236750861824,0.054295235052249424,0.08756281732653548,0.8186160552133507,0.07331369984148714,0.390023498210728,0.27516504976295286,0.14066317133297168,0.06997961040811938,0.04208345166340593,0.01845475221835235,0.10696993439422808,0.1015625,0.06435747182619618,0.15234375,1.5B,8192
4,9,needle_8192_d50,needle,8192,9.010913347279288,22.448084345734898,22.56907466649097,1.3198529903455132,25.183439329507312,6.994725015289194,0.8159370921126422,9.169576399107713,0.06830593037861608,-88.65119464695454,15.23609776981175,4.225162667439371e-06,0.9999997435295769,0.08,0.5613552515466861,0.5195066729168345,0.9958505819528195,0.9589434816025355,0.9629026582361618,0.967813958489791,0.4074827751953807,0.03573492200638562,0.9491968722270554,0.015111030426485665,0.1257539874498261,0.0948446205313044,0.05410575553917873,0.030041660329661227,0.018967245589900577,0.008567464306159825,0.06441703957373564,0.1015625,0.04387827526688024,0.15234375,1.5B,8192
4,10,needle_8192_d50,needle,8192,9.010913347279288,20.135437605883634,22.56907466649097,1.3198529903455132,25.183439329507312,6.994725015289194,0.8159370921126422,9.169576399107713,0.06830593037861608,-80.61210084753111,1.6192340604029596,0.5071587122584797,0.8270878940224629,0.0,0.5004724629282908,4.812777799949251,0.9699951148415267,0.30413320875096855,0.4615922702190308,0.6587619325454586,0.10076375818917824,0.003791467271767268,0.05725701705462566,0.00018727636880600006,0.11361515790940561,0.08409990655608478,0.05251722215517556,0.03224125758057939,0.022261960426193775,0.011967456428002126,0.08130773054791764,0.10205078125,0.057304349623814886,0.15283203125,1.5B,8192
4,11,needle_8192_d50,needle,8192,9.010913347279288,22.715697916818854,22.56907466649097,1.3198529903455132,25.183439329507312,6.994725015289194,0.8159370921126422,9.169576399107713,0.06830593037861608,-63.522104241885245,23.750554824946448,8.60917789689692e-09,0.9999999999462608,0.08,0.5697075577033122,1.6775664561814045,0.9925369179586159,0.8709321643923491,0.8965924323169122,0.9220448909773905,0.023937681933399624,0.08455614544746481,0.7551469672561596,0.15189685258185204,0.17936179451084477,0.11870653635486848,0.06255323420933159,0.03210571680418489,0.018978839149778912,0.008017817354468059,0.09016440448907145,0.1015625,0.05975071981887252,0.15234375,1.5B,8192
5,0,needle_8192_d50,needle,8192,9.010913347279288,21.42386903253775,20.90169916525218,1.7393456377762095,25.32618091501013,6.540261440884947,1.1402884064848768,12.00860845413385,0.08254590185014944,-48.05416551232338,6.270935006439686,0.013872644328555842,0.9981019400306335,0.08,0.34011652856215663,4.795530145761233,0.9323883759213653,0.4508814120688757,0.493834739632191,0.5548378438788981,0.0009426564137946514,0.053069899725492586,0.3773676295664187,0.17291929962477026,0.5931733449786594,0.4050368410266953,0.21928816802861245,0.12241858063762683,0.08051071056723198,0.041819978847785357,0.18777672201936127,0.1015625,0.14007800900966502,0.15234375,1.5B,8192
5,1,needle_8192_d50,needle,8192,9.010913347279288,24.982238956151868,20.90169916525218,1.7393456377762095,25.32618091501013,6.540261440884947,1.1402884064848768,12.00860845413385,0.08254590185014944,-94.33607364911586,4.629353902302682,0.0739670573659886,0.987492434091718,0.08,0.2705434852778189,0.7867292317178047,0.9988475169737114,0.9816087971452276,0.9856416301735427,0.9889251935436658,0.031621199930905064,0.03404580275861502,0.20456202930632653,0.77399055401967,0.006087964074472098,0.004119131108178937,0.0021242609941587525,0.001036800945680861,0.00060963077739491,0.00024994462019083076,0.0038551975757234007,0.1015625,0.0028540496773437327,0.15234375,1.5B,8192
5,2,needle_8192_d50,needle,8192,9.010913347279288,23.60731940343095,20.90169916525218,1.7393456377762095,25.32618091501013,6.540261440884947,1.1402884064848768,12.00860845413385,0.08254590185014944,-41.643609918653965,8.60757315158844,0.0018453328477597843,0.9998106733062704,0.08,0.3831782419483998,5.080040404908597,0.956020038773319,0.3678637215374855,0.4615192606238771,0.5653406371184153,0.058898598140306735,0.013699411639981118,0.21215747650132966,0.28618390929616677,0.15726805227102825,0.09577723837171921,0.04685262978464309,0.025799947300743198,0.01721848433083995,0.008941450949518839,0.05624528879671961,0.1015625,0.042800549835481656,0.15234375,1.5B,8192
5,3,needle_8192_d50,needle,8192,9.010913347279288,20.711892423268175,20.90169916525218,1.7393456377762095,25.32618091501013,6.540261440884947,1.1402884064848768,12.00860845413385,0.08254590185014944,-71.34286546590738,8.10363771696575,0.003378844067672996,0.9996440455233957,0.08,0.30005991312261204,2.8771197809362805,0.9440123290717662,0.7270126569644695,0.7504386530636009,0.7778505097332707,0.05333902842665861,0.013414425187062484,0.6693127135610916,0.04840990647089323,0.44159163585073674,0.3527586825148516,0.2435024106602776,0.1658679477086641,0.12387918962726711,0.07648555631154219,0.2594007500828259,0.1015625,0.20773263661922517,0.15234375,1.5B,8192
5,4,needle_8192_d50,needle,8192,9.010913347279288,17.84072306000583,20.90169916525218,1.7393456377762095,25.32618091501013,6.540261440884947,1.1402884064848768,12.00860845413385,0.08254590185014944,-34.16368100140244,1.3105154326185584,0.5171293698104362,0.7875989097811109,0.08,0.30085647028927465,6.373324599904009,0.9044413557363651,0.20719786378088242,0.2826307827773031,0.3714802864089924,0.14499300872801063,0.011333698496352462,0.03156198606848698,0.013929205704891595,0.30261190548702166,0.2323162758073587,0.1543125743046137,0.09039053627730197,0.05827556902954076,0.028045348039421113,0.22354843674705302,0.1015625,0.16702365245144038,0.15234375,1.5B,8192
5,5,needle_8192_d50,needle,8192,9.010913347279288,16.12975642004701,20.90169916525218,1.7393456377762095,25.32618091501013,6.540261440884947,1.1402884064848768,12.00860845413385,0.08254590185014944,-64.6558856118645,0.5096490446303505,1.213553767507988,0.4671706853202427,0.08,0.17960681205013668,5.16354430938053,0.8763436320304478,0.4282023283084099,0.46404533656541674,0.5178843528892537,0.014224076683668763,0.007352501917657683,0.38596224279132363,0.021596800474913573,0.9915009962700716,0.7757308590765397,0.5178934644963851,0.33581985985104446,0.2401120496517065,0.140273373801068,0.5160043388412898,0.1015625,0.41806800936312466,0.15234375,1.5B,8192
5,6,needle_8192_d50,needle,8192,9.010913347279288,21.39150935094168,20.059128877262616,0.9445944025961829,21.79661526542332,8.17160665810962,0.5238507128201486,10.26852367929737,0.023337986641087598,4.4613119177520275,14.542516108136624,7.5231677485639805e-06,0.9999995165038469,0.08,0.6492719030004679,3.2407467133203407,0.9627398792547155,0.7300486432945481,0.7728208143751507,0.8080649847184933,0.3282480855725449,0.12350205671779046,0.22093904162532346,0.5497016517577922,0.08575214052315681,0.0682339296102102,0.04739038470821229,0.03142752591231587,0.023100279876923174,0.01343976767157304,0.04865327090609379,0.1015625,0.03709170472009403,0.15234375,1.5B,8192
5,7,needle_8192_d50,needle,8192,9.010913347279288,29.441342481739213,20.059128877262616,0.9445944025961829,21.79661526542332,8.17160665810962,0.5238507128201486,10.26852367929737,0.023337986641087598,7.671728129498661,18.541758742416278,1.8042425003053827e-07,0.9999999911393401,0.08,0.5112326865241815,2.1756604228554983,0.9938213397112112,0.8022426778947288,0.872158453537863,0.9158164243193053,0.05459795742585749,0.19992546198289673,0.6380058010347822,0.28365451800235086,0.12612816885067596,0.07719480294424257,0.03853694345781909,0.01923243212211674,0.011348966904677781,0.0046865250055926335,0.045796624652566294,0.1015625,0.030322402394266118,0.15234375,1.5B,8192
5,8,needle_8192_d50,needle,8192,9.010913347279288,28.139303514205803,20.059128877262616,0.9445944025961829,21.79661526542332,8.17160665810962,0.5238507128201486,10.26852367929737,0.023337986641087598,4.1581634767353535,37.397009890759364,7.300911827171406e-09,0.9999999999989999,0.08,0.5476146361778277,1.6490935763039345,0.996853880299789,0.9435529976903554,0.9580698578271972,0.9686891757893086,0.06631233416049409,0.14733254867871398,0.5115720746027513,0.4601347847374703,0.024700944047802532,0.0174477427657896,0.009398050341151555,0.004806206602401118,0.002822128936987207,0.0011827379973447295,0.011601864244730774,0.1015625,0.008039126057793,0.15234375,1.5B,8192
5,9,needle_8192_d50,needle,8192,9.010913347279288,29.778853002755262,20.059128877262616,0.9445944025961829,21.79661526542332,8.17160665810962,0.5238507128201486,10.26852367929737,0.023337986641087598,11.483081171289086,46.6896356921643,7.300910293014797e-09,0.9999999999989999,0.08,0.6208788874680704,1.1402074846517565,0.9986003883723202,0.9407726964702409,0.9621652388035129,0.9808306982608929,0.4136783461214142,0.01853504601018141,0.7782784118438315,0.1865557086904774,0.05168900546379649,0.03226884086655061,0.015082556663968141,0.006877990148674572,0.0037169704803330346,0.0013152613656165167,0.06931851986921261,0.1015625,0.05645211539401445,0.15234375,1.5B,8192
5,10,needle_8192_d50,needle,8192,9.010913347279288,30.496807971260733,20.059128877262616,0.9445944025961829,21.79661526542332,8.17160665810962,0.5238507128201486,10.26852367929737,0.023337986641087598,3.310215899720788,12.319672988727689,5.9453709271603596e-05,0.9999955369455966,0.08,0.5704911675687911,1.5776603558692284,0.9980553703874769,0.9086972626371367,0.9411664883241556,0.9652255173121744,0.20677711709463065,0.2641256384404038,0.6845113549228303,0.17952457462230517,0.04776562091260105,0.026814756075147644,0.011500466581701386,0.004799586006843559,0.002523943253873286,0.0008361948890808352,0.05531536784513352,0.1015625,0.040216373530470764,0.15234375,1.5B,8192
5,11,needle_8192_d50,needle,8192,9.010913347279288,30.003115865703823,20.059128877262616,0.9445944025961829,21.79661526542332,8.17160665810962,0.5238507128201486,10.26852367929737,0.023337986641087598,-41.02786396234296,1.5221796000842005,0.9901449852267772,0.6745641980094489,0.04,0.5409216688988882,1.8240660918159453,0.9988270687487726,0.9592904250596573,0.9763697669782787,0.9868870283183863,0.2652709369018389,0.2232094989794522,0.19302104909779452,0.003498049125411814,0.003294291039344552,0.0019438167100939007,0.000913924743498057,0.00043662874540847116,0.00025156986309080064,0.00010175486055746366,0.011100406524892012,0.1015625,0.0052770034716798095,0.15234375,1.5B,8192
6,0,needle_8192_d50,needle,8192,9.010913347279288,22.328730712120016,22.582671752409844,1.7556134987695267,26.59575871553317,6.1106778047429895,0.7761690782642289,9.268571019522525,0.027889674869424393,-32.799076806753874,2.4557094797492027,0.328728347738394,0.912882198419525,0.08,0.4030295660510068,5.566864557243478,0.9544515736712558,0.26239356418252324,0.354291455700449,0.4676614924002334,0.007453354057787798,0.013257038318010728,0.12328880660185633,0.19847432582893842,0.10798588652923131,0.06915080664018027,0.03532631990233526,0.01854835841901291,0.011383471430730444,0.005194614859578971,0.042410837999710606,0.1015625,0.027392757550887378,0.15234375,1.5B,8192
6,1,needle_8192_d50,needle,8192,9.010913347279288,24.752728446990922,22.582671752409844,1.7556134987695267,26.59575871553317,6.1106778047429895,0.7761690782642289,9.268571019522525,0.027889674869424393,-78.8327209330746,7.0156062137684785,0.00910780874988129,0.9989088412100313,0.0,0.34211187892199046,2.6923895005244796,0.9947453894921952,0.8212036521110121,0.8766003365990588,0.9101554521001515,0.059666155471962856,0.06105019475678786,0.37068574677014315,0.0006142176360942905,0.02992102783239964,0.015433259504458867,0.006220900020966082,0.0037253148085934313,0.0026933034386251746,0.0015965979320064745,0.08960433626448527,0.10205078125,0.06588205544882485,0.15283203125,1.5B,8192
6,2,needle_8192_d50,needle,8192,9.010913347279288,23.313139697534048,22.582671752409844,1.7556134987695267,26.59575871553317,6.1106778047429895,0.7761690782642289,9.268571019522525,0.027889674869424393,-17.434790367260575,17.868927501374856,3.349281812529923e-07,0.9999999826354015,0.08,0.4731689839023077,3.692106787373461,0.9870519833781586,0.6579779091594472,0.7433545748118846,0.8106219475389465,0.23622756466640613,0.0717956918353222,0.18134485494698918,0.6139691496071931,0.04313947181028155,0.03195887662814184,0.020752983129723273,0.012283174295680115,0.007444124586243246,0.002967716711829161,0.025241993525753535,0.1015625,0.021775278191356103,0.15234375,1.5B,8192
6,3,needle_8192_d50,needle,8192,9.010913347279288,22.258174826343144,22.582671752409844,1.7556134987695267,26.59575871553317,6.1106778047429895,0.7761690782642289,9.268571019522525,0.027889674869424393,-50.12789147347212,0.30170611292123795,2.0087684538669532,0.3112360303056327,0.08,0.5450808761077793,5.027806336303371,0.9250073863217249,0.4126380045097639,0.43095026560610983,0.4618350818289717,0.012581255748987275,0.05925530799267875,0.39332493642933264,0.03693605444318089,0.7933317154992301,0.5884846623510231,0.29297015110020785,0.1239581922059758,0.05548745837134023,0.015622393317247527,0.23177302113204842,0.1015625,0.11180693979242562,0.15234375,1.5B,8192
6,4,needle_8192_d50,needle,8192,9.010913347279288,22.765771064211183,22.582671752409844,1.7556134987695267,26.59575871553317,6.1106778047429895,0.7761690782642289,9.268571019522525,0.027889674869424393,-45.73283351585269,24.660597749054432,7.91879586958747e-09,0.9999999999749407,0.08,0.5514253327323382,1.7687433339997565,0.9903015067685227,0.9048825779922575,0.9167286629321795,0.9291358975663786,0.11091971568745418,0.0708807996579841,0.5536201992136593,0.376428413834821,0.06665957425517335,0.04986570655908519,0.030015888351312022,0.01667574693353967,0.010433967795999893,0.004846559417621571,0.04000058980815251,0.1015625,0.0309831624183407,0.15234375,1.5B,8192
6,5,needle_8192_d50,needle,8192,9.010913347279288,27.29735453245314,22.582671752409844,1.7556134987695267,26.59575871553317,6.1106778047429895,0.7761690782642289,9.268571019522525,0.027889674869424393,-31.328465158119798,33.51579398289323,7.300987027141888e-09,0.999999999998997,0.08,0.4820972538680834,2.0074673771930533,0.9980198313337558,0.9338737922124973,0.9657428763451186,0.977295409139039,0.00014727162540917327,0.09014502829425286,0.3401500222434343,0.6402385274880668,0.010058469192748404,0.006927314772118664,0.003562901805886826,0.001464129207357327,0.0007409785580764417,0.00023710247853686743,0.004676107065519938,0.1015625,0.0026783973029148134,0.15234375,1.5B,8192
6,6,needle_8192_d50,needle,8192,9.010913347279288,27.41021164976439,22.88321460978161,2.0365244941057337,27.55926867117518,7.791029449264318,0.7047593764743963,9.781747397064027,0.022331584955766766,-55.25558846909553,4.784826549701393,0.048017529148296385,0.9917102486728652,0.08,0.2949780221917841,1.2944937401846086,0.9990510270429059,0.9069024467506756,0.9496656303604131,0.9763318783660141,0.0286411016398207,0.08905304032782757,0.07671558533443146,0.06210366984797014,0.004367877511507751,0.0012201592714706927,0.000158020068458146,3.6708207647097035e-05,1.3076189766074416e-05,2.4645288505356138e-06,0.00032547648919386445,0.1015625,0.0002004440017536689,0.15234375,1.5B,8192
6,7,needle_8192_d50,needle,8192,9.010913347279288,26.266457826435474,22.88321460978161,2.0365244941057337,27.55926867117518,7.791029449264318,0.7047593764743963,9.781747397064027,0.022331584955766766,-84.40974393859506,1.727755356580019,0.7683287308504508,0.767456692879471,0.0,0.3768361230709011,2.968520071820868,0.9969607662777552,0.7430817539163644,0.8947817701352316,0.9417483774078758,0.006256783955139289,0.019353327074020488,0.03870101447130864,0.0003422084652646861,0.01675210871144918,0.0069635351426608275,0.0020316061104700043,0.000740968296328587,0.0003331208907519117,9.035661239601336e-05,0.008340739819608195,0.10205078125,0.006302611814741019,0.15283203125,1.5B,8192
6,8,needle_8192_d50,needle,8192,9.010913347279288,25.60890195251392,22.88321460978161,2.0365244941057337,27.55926867117518,7.791029449264318,0.7047593764743963,9.781747397064027,0.022331584955766766,-77.73423414956778,44.88902638386935,7.300910293756454e-09,0.9999999999989999,0.08,0.3921835665236593,0.8189694240506137,0.999570329583651,0.9886760000210358,0.9931500355136316,0.9962285145612344,0.06307747924358598,0.12960830266676115,0.08574044079168115,0.906155749587186,0.0014069676335726321,0.0008415197818516277,0.00033886499600651086,0.00011735943311135955,5.282360813801428e-05,1.539156629076008e-05,0.0013812177051333071,0.1015625,0.0010597279163063755,0.15234375,1.5B,8192
6,9,needle_8192_d50,needle,8192,9.010913347279288,21.51325275430199,22.88321460978161,2.0365244941057337,27.55926867117518,7.791029449264318,0.7047593764743963,9.781747397064027,0.022331584955766766,-90.65461642015725,0.5359960598871112,0.7047936942380968,0.6252721316438059,0.0,0.4428612679969847,4.147400770374819,0.9926717621850564,0.3530855324476698,0.5014452089414012,0.7103985228220977,0.24635905591912155,0.014136579826160234,0.014865093440091156,3.9980305282095034e-05,0.032951943896131985,0.022158790742519224,0.007421382620116401,0.0015042976796944352,0.0006470886065214834,0.00020578984127693972,0.2491106436703159,0.10205078125,0.1795068780202411,0.15283203125,1.5B,8192
6,10,needle_8192_d50,needle,8192,9.010913347279288,19.546930715922134,22.88321460978161,2.0365244941057337,27.55926867117518,7.791029449264318,0.7047593764743963,9.781747397064027,0.022331584955766766,-47.09606856107712,14.644398675300181,6.836612061351888e-06,0.9999995634644361,0.08,0.3930424626895494,2.9901791279876977,0.9889509759381276,0.6852260608105436,0.7590150822890657,0.8309423997167118,0.07647480334686563,0.04113174166450895,0.5200419409436383,0.33415660938934455,0.12825762760329676,0.07011597769629706,0.032270253277184996,0.016786343323515782,0.010172441047193842,0.004419059586245724,0.07790208547903858,0.1015625,0.057259156259146876,0.15234375,1.5B,8192
6,11,needle_8192_d50,needle,8192,9.010913347279288,21.69860351404496,22.88321460978161,2.0365244941057337,27.55926867117518,7.791029449264318,0.7047593764743963,9.781747397064027,0.022331584955766766,-86.57145397365093,28.341721964534372,7.315873274918711e-09,0.9999999999984546,0.08,0.4153382360575255,0.49149428688842733,0.9980258464533699,0.9644844195405723,0.9708836065956372,0.976517966707221,0.13909812922432252,0.04072732157962289,0.9457223357324271,0.02765931941809556,0.1414727510532042,0.09013507139460908,0.0370543535618515,0.016119936157869587,0.009442091420744085,0.004114436262157361,0.14418719560205778,0.1015625,0.11302711044589515,0.15234375,1.5B,8192
7,0,needle_8192_d50,needle,8192,9.010913347279288,17.515246839379994,23.24805338142385,1.9304932303988047,27.24481540757413,5.946332982013109,0.8324174685368169,11.481810417890072,0.05429747122719553,-48.35042687878013,0.16110145952552557,0.7102668510159427,0.5387884486606541,0.08,0.3170725949428708,4.744780411549358,0.8359032362026416,0.5128981723128108,0.5221012126039559,0.5364808575530896,0.04894580952527727,0.022359956806242032,0.5011603078396852,0.02326643636969909,1.4787640285212895,1.2719171933309559,0.9292799880355808,0.6432482465529625,0.48528290047373995,0.30021930156253696,0.948007107841343,0.1015625,0.7563943995720629,0.15234375,1.5B,8192
7,1,needle_8192_d50,needle,8192,9.010913347279288,20.651521279985925,23.24805338142385,1.9304932303988047,27.24481540757413,5.946332982013109,0.8324174685368169,11.481810417890072,0.05429747122719553,-10.41653267480433,4.070537259802222,0.08578058926296726,0.9831690310985806,0.08,0.2418444612435148,6.115451212661904,0.9218877137072394,0.202931925399996,0.2808118549314705,0.38050566933029584,0.010799034112855321,0.06096672292331207,0.10135378265551218,0.2394630969194546,0.1570263543654786,0.09440561872947428,0.045262452544356485,0.030904615239750435,0.02188352276604559,0.014068089107660438,0.05054680170873484,0.1015625,0.03612069355173556,0.15234375,1.5B,8192
7,2,needle_8192_d50,needle,8192,9.010913347279288,18.813760338194253,23.24805338142385,1.9304932303988047,27.24481540757413,5.946332982013109,0.8324174685368169,11.481810417890072,0.05429747122719553,-34.917017886415124,1.0026927944272757,0.9286660272618403,0.6720434454302202,0.08,0.13837863683804846,6.820334252588675,0.8741685487842558,0.14154203930995451,0.1911963001254734,0.2614421131102312,0.00047134928032155354,0.005040425907114843,0.06292160654535849,0.09424915945638906,0.277720701093282,0.1969574829950466,0.10912785604487855,0.06318046091729537,0.04069370321196049,0.023439742293599516,0.07112710007556933,0.1015625,0.050122900542887136,0.15234375,1.5B,8192
7,3,needle_8192_d50,needle,8192,9.010913347279288,20.710616493111687,23.24805338142385,1.9304932303988047,27.24481540757413,5.946332982013109,0.8324174685368169,11.481810417890072,0.05429747122719553,-68.91451027989388,11.415706217288971,0.0002114740753817099,0.9999836721430894,0.08,0.21112108025219448,1.5326155330847606,0.9883615052288031,0.9109107347408041,0.9161199071042916,0.922720522508568,0.13833674640597282,0.031174285286007297,0.24349234241395867,0.6658309565644189,0.07178253259514382,0.053943746251342545,0.03080678385152887,0.015963663607244348,0.009544862892526951,0.00419492745619528,0.06845041344447689,0.1015625,0.058626098675618465,0.15234375,1.5B,8192
7,4,needle_8192_d50,needle,8192,9.010913347279288,18.405469428141405,23.24805338142385,1.9304932303988047,27.24481540757413,5.946332982013109,0.8324174685368169,11.481810417890072,0.05429747122719553,-0.2329766508191824,2.483269887045026,0.2718205840192613,0.9229350130011409,0.0,0.29425245865085775,6.9127024480623485,0.8819110758659181,0.08986311259371538,0.14614001423142167,0.22411852724038983,0.03892215098447682,0.04449820011589245,0.017935681819587393,0.009802285066405934,0.3240297550746569,0.24691716088400129,0.1404720161562808,0.07972433536102148,0.054254185923361814,0.02860178050784155,0.1490234964337865,0.1015625,0.09724419753414265,0.15234375,1.5B,8192
7,5,needle_8192_d50,needle,8192,9.010913347279288,17.566643695274145,23.24805338142385,1.9304932303988047,27.24481540757413,5.946332982013109,0.8324174685368169,11.481810417890072,0.05429747122719553,-37.22379767615348,18.80444764252752,1.567924280351895e-07,0.9999999925432684,0.08,0.22475284237346516,4.056983851915128,0.9406821072610196,0.6227085041894874,0.6411638428717638,0.6667401980255739,0.13686131168015225,0.0016304297612195207,0.20729947684144123,0.44025560598854035,0.36487863258244957,0.2671780210848694,0.14288620595579438,0.07774576374118324,0.050484750048108096,0.02451526610052756,0.3021420474373969,0.1015625,0.24263302374893414,0.15234375,1.5B,8192
7,6,needle_8192_d50,needle,8192,9.010913347279288,12.724948279551112,46.7284085627968,0.7542277816257161,51.35929696562013,6.151189604527939,0.6787775013352528,8.286388804742634,0.05444483135675234,194.9093488175422,1.3461842741817236,0.5585501709796847,0.7875742424943224,0.08,0.368097286732004,6.070247768605839,0.9410839092656665,0.14581279043821105,0.2317985262277815,0.35361049082340795,0.04196681824748083,0.014214298614813714,0.011234559374609963,0.23306297867205858,0.23665788546383257,0.11803858989253073,0.03161375917900143,0.013775528591222013,0.012045877236004332,0.010002389553656432,0.010703848358397836,0.1015625,0.009672084792623738,0.15234375,1.5B,8192
7,7,needle_8192_d50,needle,8192,9.010913347279288,14.312680091307916,46.7284085627968,0.7542277816257161,51.35929696562013,6.151189604527939,0.6787775013352528,8.286388804742634,0.05444483135675234,168.91065538674593,32.62383649731055,7.301141695690441e-09,0.9999999999989915,0.08,0.30573114876304813,2.9661284022173393,0.9899591800937185,0.7269281553978204,0.8083652173147073,0.880238950220376,0.09205091405227073,0.02875364426205529,0.005058783989906021,0.8842592626950667,0.03996116581629209,0.026773970068506833,0.01350240240225391,0.0076775318811823515,0.004857556901748499,0.0022147006299979345,0.011813672171178045,0.1015625,0.008302828549320221,0.15234375,1.5B,8192
7,8,needle_8192_d50,needle,8192,9.010913347279288,19.205180366606307,46.7284085627968,0.7542277816257161,51.35929696562013,6.151189604527939,0.6787775013352528,8.286388804742634,0.05444483135675234,147.17788500431925,30.08851867390331,7.303273201633334e-09,0.9999999999989142,0.08,0.2596463704799428,1.3933075404065,0.9979308861630724,0.9629226154381115,0.9745896300403062,0.9792566743029307,0.19299355927159922,0.13690012892763193,0.011622882962597227,0.9606425769029232,0.011184880504718971,0.0075206153729667925,0.0037340221433702675,0.0017470668679737092,0.0009622326766131661,0.0003644032230014066,0.00908658761066024,0.1015625,0.0075002305445723005,0.15234375,1.5B,8192
7,9,needle_8192_d50,needle,8192,9.010913347279288,11.648918626112067,46.7284085627968,0.7542277816257161,51.35929696562013,6.151189604527939,0.6787775013352528,8.286388804742634,0.05444483135675234,138.57701369654387,29.940116060432047,7.303650589286297e-09,0.9999999999989007,0.08,0.29605415809477253,3.7102092666988544,0.9880536512676602,0.5111679791731968,0.6930070387993477,0.8833776318861967,0.01622382874167627,0.10058303250276346,0.0006285783836399829,0.9330385032196445,0.018902916500733277,0.014988358670312216,0.00947746532420346,0.005518972644479487,0.003588494424664877,0.0017554221164403777,0.005446578668015939,0.1015625,0.0031854445070378205,0.15234375,1.5B,8192
7,10,needle_8192_d50,needle,8192,9.010913347279288,12.638312678802947,46.7284085627968,0.7542277816257161,51.35929696562013,6.151189604527939,0.6787775013352528,8.286388804742634,0.05444483135675234,154.12969696056098,31.14199852384627,7.301735012797627e-09,0.9999999999989699,0.08,0.2825947734746756,4.337408459919072,0.9821545373743465,0.39532390008721513,0.5981732706520057,0.8050351453649158,0.07988129076762185,0.04676786059176408,0.009933975337420697,0.850089325770977,0.026707958379850967,0.020948804854316643,0.01020575204649799,0.005360542609923072,0.0033313258739645396,0.001639833953139444,0.012229134109509059,0.1015625,0.007672575428755892,0.15234375,1.5B,8192
7,11,needle_8192_d50,needle,8192,9.010913347279288,13.845881293731578,46.7284085627968,0.7542277816257161,51.35929696562013,6.151189604527939,0.6787775013352528,8.286388804742634,0.05444483135675234,132.45192602626048,1.5373297499027103,0.4801155029354829,0.8214408830574551,0.08,0.24906431986911545,5.356406826980678,0.965920652666175,0.24454153205169993,0.38016359080547585,0.5296231760939134,0.07048845464519538,0.12289215527061792,0.013161739077648815,0.4970022442790346,0.062105951837294754,0.03727757016148863,0.015023481761624973,0.007741692386438607,0.0054817125322716865,0.0034256876024326057,0.009817364688970145,0.1015625,0.006038764909874783,0.15234375,1.5B,8192
8,0,needle_8192_d50,needle,8192,9.010913347279288,17.442189099726015,31.7490855698359,3.1378650301788134,38.6603433574224,10.304396717361833,1.2568344518088699,13.508879293453285,0.023692011949344154,-14.929211549460888,8.979658115655184,0.0015149471863674477,0.9998527224115904,0.08,0.692555559877814,4.790995761934103,0.9719610959486278,0.4291583513867789,0.5357986394978449,0.6339049135066276,0.3807897483089384,0.13265501405191643,0.1390535020328323,0.43944968804323137,0.04968543183141287,0.027373878554251645,0.014370955328809948,0.008096483530655351,0.005454557001984134,0.0028475789953026484,0.016478145033644833,0.1015625,0.010403385936844253,0.15234375,1.5B,8192
8,1,needle_8192_d50,needle,8192,9.010913347279288,14.228885869410746,31.7490855698359,3.1378650301788134,38.6603433574224,10.304396717361833,1.2568344518088699,13.508879293453285,0.023692011949344154,8.88866337761283,4.17421181499958,0.14092468367417127,0.974750519757685,0.08,0.7143205240124801,6.215238816659743,0.9198667137820035,0.15546340706318487,0.24988319244887156,0.378358215777153,0.008044273947334979,0.004603278794359955,0.004221957803560878,0.19379217858133843,0.06905470837995079,0.04921240124246167,0.032133115173979376,0.0225727478529934,0.01721985536853184,0.010649056935798,0.031507210714023695,0.1015625,0.026383431998457767,0.15234375,1.5B,8192
8,2,needle_8192_d50,needle,8192,9.010913347279288,16.386373469428595,31.7490855698359,3.1378650301788134,38.6603433574224,10.304396717361833,1.2568344518088699,13.508879293453285,0.023692011949344154,-18.146285519003868,16.716903652995825,1.6447973309335597e-06,0.9999999114901853,0.08,0.6505554950856494,5.922807094973331,0.9392505393025352,0.22261327863411268,0.3075687295387769,0.40963256112162605,0.03089189086427213,0.08644074177863005,0.059396244372066004,0.09113369192981619,0.23829558917791757,0.1836782061214378,0.09872613883963201,0.05471041535152557,0.03520711288080095,0.01684221116871576,0.09979983869866552,0.1015625,0.07263020186808454,0.15234375,1.5B,8192
8,3,needle_8192_d50,needle,8192,9.010913347279288,34.456460524008776,31.7490855698359,3.1378650301788134,38.6603433574224,10.304396717361833,1.2568344518088699,13.508879293453285,0.023692011949344154,-112.1993621676811,20.354777813365217,3.816262176669502e-08,0.9999999985534294,0.0,0.6304234046370248,3.7383473838527554,0.9958650778596028,0.46851669231701665,0.6309636207173211,0.7967710007040723,0.06852826794122713,0.008595259697917967,0.001375307957629903,0.005315587842616842,6.481101450014838e-05,7.302872787902528e-06,5.19197989787699e-07,6.823798379453772e-08,1.577774916466767e-08,1.3969762837996728e-09,0.12673988774867603,0.1015625,0.03368788339412899,0.15234375,1.5B,8192
8,4,needle_8192_d50,needle,8192,9.010913347279288,26.52313634620005,31.7490855698359,3.1378650301788134,38.6603433574224,10.304396717361833,1.2568344518088699,13.508879293453285,0.023692011949344154,-42.5755468159914,1.756563700735569,0.41785869638069245,0.8527787618072844,0.08,0.6389448176532077,0.6033942017100263,0.9996482758961003,0.9731688637140249,0.9856559556979327,0.9940418903914968,0.23034177834528413,0.10920374889718176,0.03296676969403113,0.032296574542034585,0.0007762384979495621,0.00018933352294813534,3.318717878517862e-05,8.55300934804917e-06,3.6167196744303906e-06,9.067955963268704e-07,0.00014032814137719088,0.1015625,5.364435855062278e-05,0.15234375,1.5B,8192
8,5,needle_8192_d50,needle,8192,9.010913347279288,22.00753952439668,31.7490855698359,3.1378650301788134,38.6603433574224,10.304396717361833,1.2568344518088699,13.508879293453285,0.023692011949344154,-19.020976438972866,26.999901685776422,7.352137491240898e-09,0.9999999999971039,0.08,0.6594204589650163,2.3802075483118963,0.9976365364684301,0.7730761564259975,0.8588161216596696,0.9355105602901419,0.05715347626757683,0.04525608474581566,0.5225211262260583,0.42631700435802156,0.01094794198187174,0.004052237006171342,0.0017435498878096293,0.000844188335573521,0.0004883105199124297,0.00019530586274902776,0.0018283037557129326,0.1015625,0.0011749388665601701,0.15234375,1.5B,8192
8,6,needle_8192_d50,needle,8192,9.010913347279288,24.967543036898473,23.656273071806503,1.638317344612891,27.428593056622702,6.7385967631983625,0.6506520348764916,11.371391936930472,0.06205489973505524,-37.81576907262206,29.79268481209874,7.304097142197161e-09,0.9999999999988842,0.08,0.5549127241543276,1.4924149821604717,0.995555365347617,0.8849424128028633,0.9234816416224836,0.9559971113847772,0.05296704034170174,0.013028876353596619,0.7620606274742237,0.2054898303631218,0.08659191147937682,0.054984146277136076,0.031981467517084326,0.019408864998584248,0.013328295214190327,0.007064463588260387,0.0252864353218206,0.1015625,0.019164756115202606,0.15234375,1.5B,8192
8,7,needle_8192_d50,needle,8192,9.010913347279288,30.846249986823935,23.656273071806503,1.638317344612891,27.428593056622702,6.7385967631983625,0.6506520348764916,11.371391936930472,0.06205489973505524,-15.80569836194627,2.965807285392657,0.1955953269700246,0.951001653316606,0.04,0.6752381525384937,4.072559574583428,0.9925773814763651,0.45116722922998487,0.5770075843973462,0.7282590713604686,0.020290567617781363,0.021277852275792597,0.001025290356847887,0.012633795885088492,0.06220328173752626,0.023682009203663403,0.004590910304545503,0.0010202325551288262,0.0004076983246370546,9.768143602020038e-05,0.03636834608203535,0.1015625,0.03144624282150403,0.15234375,1.5B,8192
8,8,needle_8192_d50,needle,8192,9.010913347279288,20.506181580587935,23.656273071806503,1.638317344612891,27.428593056622702,6.7385967631983625,0.6506520348764916,11.371391936930472,0.06205489973505524,-15.283247568644583,20.5088593903929,3.3992795269162146e-08,0.9999999987581052,0.08,0.5544578193963543,3.9893230248496643,0.9806735432223037,0.5223963905957689,0.6681161374275537,0.7968495948222647,0.15025389162879582,0.08039575627397011,0.23730347339546176,0.6232185390156746,0.04736347692148339,0.030846448664574647,0.018182989799812123,0.011424707973751448,0.008219218949501285,0.004899627188808933,0.015277589227481044,0.1015625,0.011868602510758462,0.15234375,1.5B,8192
8,9,needle_8192_d50,needle,8192,9.010913347279288,19.66052966006733,23.656273071806503,1.638317344612891,27.428593056622702,6.7385967631983625,0.6506520348764916,11.371391936930472,0.06205489973505524,-37.59007733967155,18.26781998667866,2.342608828256351e-07,0.9999999882442493,0.08,0.6080603271134023,2.653553605355549,0.9792160319233959,0.8026174568846913,0.8380217706028146,0.8704209715468846,0.07476179737270039,0.006651194163504126,0.3682229318375336,0.4927918788208191,0.09688510908360544,0.07083896756229696,0.045146211312534275,0.0283051592311554,0.01963133207619773,0.01053422487867741,0.04501466581742918,0.1015625,0.033837948830875174,0.15234375,1.5B,8192
8,10,needle_8192_d50,needle,8192,9.010913347279288,23.012823644369675,23.656273071806503,1.638317344612891,27.428593056622702,6.7385967631983625,0.6506520348764916,11.371391936930472,0.06205489973505524,-44.438453018665314,30.637164971791208,7.302276144911902e-09,0.9999999999989504,0.08,0.6005856787059062,1.2349704781412747,0.9956633530373645,0.9086685978993473,0.9394554296771803,0.9631698180801418,0.10587241984403217,0.014106465902899323,0.8158044059658958,0.15217017542367822,0.08343847559910703,0.06073479499922601,0.035213310807885034,0.019901861711781054,0.012974834316445945,0.00637169394830639,0.03518948635965871,0.1015625,0.024130778265307153,0.15234375,1.5B,8192
8,11,needle_8192_d50,needle,8192,9.010913347279288,25.907178723586846,23.656273071806503,1.638317344612891,27.428593056622702,6.7385967631983625,0.6506520348764916,11.371391936930472,0.06205489973505524,-28.00890119187534,29.54722321452573,7.304971318863927e-09,0.9999999999988525,0.08,0.5468940284726658,2.103620325305254,0.9970408168907005,0.8199824357776598,0.9008930107158861,0.9554367302549737,0.2418170902526331,0.23536197376511359,0.5929710224071838,0.38176219321795624,0.042456846373652636,0.02411669340104087,0.012808324933427224,0.006613822543950637,0.003978400318769936,0.0017160440288032969,0.010854469465807468,0.1015625,0.007011415036480208,0.15234375,1.5B,8192
9,0,needle_8192_d50,needle,8192,9.010913347279288,23.09996626632994,23.735329519707616,1.7848119114000847,28.169462130271047,6.506475477972122,0.8936299536719663,11.123809004680895,0.07190309154263758,-53.20183028280735,18.941436889581382,1.2686376131620065e-07,0.9999999940137494,0.08,0.44435852882315807,3.995854053386707,0.9439851566382617,0.6186310299809848,0.6537136345380506,0.6963915051676259,0.1728777957080152,0.013740209789339985,0.39851337996090924,0.27178769320114854,0.3449877189821547,0.2676416710595655,0.1732536475943964,0.10732674392864001,0.07619654714127773,0.04228758738833303,0.19788096669749938,0.1015625,0.15208290768269037,0.15234375,1.5B,8192
9,1,needle_8192_d50,needle,8192,9.010913347279288,23.809732138915106,23.735329519707616,1.7848119114000847,28.169462130271047,6.506475477972122,0.8936299536719663,11.123809004680895,0.07190309154263758,-38.95076645538211,19.578720834106207,8.122347087774952e-08,0.9999999964466981,0.08,0.5770152413844647,3.6277390787011043,0.9847702731217708,0.6097726695205143,0.6981470407114416,0.7800108311739049,0.0634359592635958,0.022256128044935153,0.382814957487859,0.40606939486220245,0.16501312845748925,0.09058077652822277,0.03946608533783801,0.020193985194170712,0.012688277458267921,0.005990043999695456,0.03546054667963618,0.1015625,0.02579029140801177,0.15234375,1.5B,8192
9,2,needle_8192_d50,needle,8192,9.010913347279288,25.638917198062344,23.735329519707616,1.7848119114000847,28.169462130271047,6.506475477972122,0.8936299536719663,11.123809004680895,0.07190309154263758,-32.7250855229795,17.16277639940381,6.469814906435234e-07,0.9999999647900332,0.08,0.5559232523611257,4.392363084123246,0.9798120263360763,0.49175316963898347,0.6091748091823806,0.7084960971537853,0.03140032937128323,0.04087751187429145,0.19166133423983756,0.46286629918305117,0.0857928811674935,0.05000685017770296,0.020583711753440776,0.009704987577372945,0.005903724764361901,0.0026952783437311093,0.023323810317275206,0.1015625,0.016215005397046595,0.15234375,1.5B,8192
9,3,needle_8192_d50,needle,8192,9.010913347279288,23.665734637286796,23.735329519707616,1.7848119114000847,28.169462130271047,6.506475477972122,0.8936299536719663,11.123809004680895,0.07190309154263758,-60.77151463436894,4.467041046591476,0.06268040345443965,0.988598523629906,0.08,0.4762306306186655,4.254906728371614,0.9644324824890652,0.539394817252566,0.6010703147080846,0.6660575330659902,0.010926372913096838,0.053279311610674895,0.3651827117160598,0.14253059979405072,0.3280334896406816,0.22420836406829514,0.11508343528729738,0.061927342666303384,0.03909967071916677,0.01871423472378342,0.16190912299316754,0.1015625,0.12187113979365435,0.15234375,1.5B,8192
9,4,needle_8192_d50,needle,8192,9.010913347279288,26.866729617064806,23.735329519707616,1.7848119114000847,28.169462130271047,6.506475477972122,0.8936299536719663,11.123809004680895,0.07190309154263758,-45.78181604295969,29.293664710596204,7.306223847836713e-09,0.999999999998807,0.08,0.5423074303820771,2.445019789777172,0.9949796924731202,0.833067944749147,0.8745659218511023,0.9221796499690428,0.11880638149478262,0.036165199182833785,0.37614705561402717,0.5350293135672856,0.04997092188348529,0.02840183532089685,0.012719297020008895,0.0057134089685840295,0.0030522247543279726,0.001052874418978162,0.012264075470904634,0.1015625,0.007027806221821926,0.15234375,1.5B,8192
9,5,needle_8192_d50,needle,8192,9.010913347279288,23.41464560364653,23.735329519707616,1.7848119114000847,28.169462130271047,6.506475477972122,0.8936299536719663,11.123809004680895,0.07190309154263758,-46.52704661618918,14.13331258483231,1.3706152837243452e-05,0.9999991180360044,0.08,0.5118160690789813,4.501232272711711,0.9659942859177919,0.49412735485540976,0.5685528905604789,0.6560051217535693,0.4247375421934154,0.038930053518572816,0.28963515526659733,0.27376720940110655,0.21037504180880687,0.13128650260187288,0.06777443092272713,0.037156264507180944,0.024590320707867028,0.01262140378985347,0.0771669567073755,0.1015625,0.057978113772642226,0.15234375,1.5B,8192
9,6,needle_8192_d50,needle,8192,9.010913347279288,14.720014140108166,23.917906669593506,1.6924325002273444,27.236270316614167,9.110288953556582,0.7215229031244972,11.324648804797206,0.027559816302693066,-55.275275783613324,2.287082059541717,0.3356363430627792,0.9038128668079903,0.04,0.5012294632741079,6.897462652712312,0.8477542656231387,0.15691923381322126,0.1954256938854746,0.24785228937756282,0.004744544493856306,0.026518413810150854,0.10921824497820184,0.016929166524928783,0.38303953856847833,0.26581377048374555,0.1511500323422372,0.09062756853154338,0.0643237209085482,0.03923953147059696,0.19304020236421643,0.1015625,0.14480995558015777,0.15234375,1.5B,8192
9,7,needle_8192_d50,needle,8192,9.010913347279288,24.34683155270885,23.917906669593506,1.6924325002273444,27.236270316614167,9.110288953556582,0.7215229031244972,11.324648804797206,0.027559816302693066,-45.029575099702924,3.1067871605046093,0.17683181185551783,0.9571717608282329,0.08,0.534837998293007,3.2156146936018515,0.9952481697094605,0.6555839653584197,0.7575296175736228,0.8536718896179744,0.10637685440043487,0.13874580264419523,0.17424247861222028,0.2521693870148854,0.023763188232342605,0.007810050546536296,0.0014859356452701636,0.0005610683062001966,0.00030523885386461665,0.00011447109140883881,0.0008618605400880648,0.1015625,0.0005667884294767547,0.15234375,1.5B,8192
9,8,needle_8192_d50,needle,8192,9.010913347279288,18.78660832672974,23.917906669593506,1.6924325002273444,27.236270316614167,9.110288953556582,0.7215229031244972,11.324648804797206,0.027559816302693066,-51.09694752562791,12.400921893306077,7.7163937104347e-05,0.9999944926388528,0.0,0.45069101481978063,6.331456716810525,0.9228772700553186,0.16403714066470113,0.23109615088553115,0.32599659065869535,0.07674418492912272,0.04124109166297063,0.02717106130390292,0.0005259277392855332,0.17747997885451586,0.1317190702276904,0.08191211354460566,0.048742253496767314,0.031908475964389026,0.01669183388872345,0.17207565418891907,0.10205078125,0.12278937985402376,0.15283203125,1.5B,8192
9,9,needle_8192_d50,needle,8192,9.010913347279288,22.0766586173103,23.917906669593506,1.6924325002273444,27.236270316614167,9.110288953556582,0.7215229031244972,11.324648804797206,0.027559816302693066,-23.890075691975653,13.334515160880983,2.319635927566621e-05,0.999998382302325,0.08,0.5356151104041971,3.7177262403454985,0.9956413226513066,0.5024163025875755,0.6996162306118735,0.8568152746536715,0.12828036610565996,0.06305585000776581,0.12367054371990087,0.7849334480408297,0.0073271210395557335,0.0013431297480340442,0.00038173388207345734,0.00015413310197237397,8.593321453091157e-05,3.6087075326169397e-05,0.0002677441912682131,0.1015625,0.00015334167435701257,0.15234375,1.5B,8192
9,10,needle_8192_d50,needle,8192,9.010913347279288,27.821986290884144,23.917906669593506,1.6924325002273444,27.236270316614167,9.110288953556582,0.7215229031244972,11.324648804797206,0.027559816302693066,-28.863989647477865,34.71317300130613,7.300933327746219e-09,0.999999999998999,0.08,0.5121860820527635,2.8170263433885037,0.9981429043824185,0.758760130351344,0.8736702168774697,0.9629317177338739,0.39077078058082604,0.03192343498157646,0.20510079692932046,0.7726115186174692,0.0013652008182847282,0.0006192555066992402,0.00024356031000100865,8.164285948327878e-05,3.78568915433751e-05,1.1453289758080841e-05,0.00035007550831458366,0.1015625,0.0002247918034345847,0.15234375,1.5B,8192
9,11,needle_8192_d50,needle,8192,9.010913347279288,22.501525868641703,23.917906669593506,1.6924325002273444,27.236270316614167,9.110288953556582,0.7215229031244972,11.324648804797206,0.027559816302693066,-64.99853467848152,34.42048705345951,7.30094511850911e-09,0.9999999999989986,0.08,0.5506535541682704,1.4241500402344163,0.9983939629757133,0.9528168086264358,0.9684406972566522,0.9801751508052797,0.02159140638946777,0.22327409956150746,0.6362518091304775,0.3449559478720721,0.021813632903877403,0.01332984205512708,0.006203946544071261,0.003024840314353347,0.001740485166356151,0.0007129030959833967,0.007153980050489268,0.1015625,0.0044475159184385726,0.15234375,1.5B,8192
10,0,needle_8192_d50,needle,8192,9.010913347279288,21.228510237252724,24.06362694198637,2.008011186771829,28.868903098533522,9.828685472096266,1.0449475061141202,14.946118629802351,0.03079645500989316,-60.0499606016092,9.825508214067668,0.0005879375610221029,0.9999457838702724,0.08,0.37733344482409464,3.0242512769791885,0.971358629813725,0.6697767410537527,0.7042997833684759,0.7531348568933267,0.04931836659268907,0.010646315007276641,0.6188572032989497,0.09725883597365506,0.4476641249929734,0.32533008560955273,0.179059264729608,0.10176683660694978,0.06608898482884011,0.03318362069678267,0.23440042314958998,0.1015625,0.1863104997280568,0.15234375,1.5B,8192
10,1,needle_8192_d50,needle,8192,9.010913347279288,26.599457778305403,24.06362694198637,2.008011186771829,28.868903098533522,9.828685472096266,1.0449475061141202,14.946118629802351,0.03079645500989316,-46.8542120619677,48.94472991744988,7.300910292888903e-09,0.9999999999989999,0.08,0.45711566480444094,1.720808928922071,0.9984266197968218,0.9039267713623221,0.9476513275960147,0.9804110786080168,0.5646113736278684,0.07638489358227973,0.6341627568255968,0.3510785355186414,0.012114804934147424,0.007540660481614807,0.003428992479816502,0.0014253013814155386,0.0007493795614438376,0.0002607076938081347,0.005759120315750989,0.1015625,0.0034571311176685494,0.15234375,1.5B,8192
10,2,needle_8192_d50,needle,8192,9.010913347279288,24.198624029233155,24.06362694198637,2.008011186771829,28.868903098533522,9.828685472096266,1.0449475061141202,14.946118629802351,0.03079645500989316,-44.52851174399257,21.709742142818868,1.8094755076984908e-08,0.9999999995292619,0.08,0.39671162816764877,3.721224132227386,0.9749933607131893,0.5934109400470701,0.6669037692577225,0.74124568233019,0.047442104800817564,0.10174131219353999,0.44160862087009245,0.2825986495481183,0.18245237312194093,0.12752455213609776,0.07210326642099933,0.0361150447211327,0.02140519991280544,0.008988064210573903,0.08139066192668938,0.1015625,0.05935690613725351,0.15234375,1.5B,8192
10,3,needle_8192_d50,needle,8192,9.010913347279288,23.77274756005514,24.06362694198637,2.008011186771829,28.868903098533522,9.828685472096266,1.0449475061141202,14.946118629802351,0.03079645500989316,-71.28807102469727,2.933873013127595,0.2940511786891837,0.933386300744233,0.08,0.363462253680774,2.286360783870825,0.9851823643049755,0.759937514301383,0.783861467504192,0.8172237064322857,0.1668329050337647,0.020628437828869473,0.7147983861688523,0.0627426743773764,0.3454014374588076,0.21057078991855283,0.09553676298699294,0.04943295762840482,0.03137252643229025,0.015379995770935056,0.0732342795922258,0.1015625,0.055487717064028,0.15234375,1.5B,8192
10,4,needle_8192_d50,needle,8192,9.010913347279288,22.900418455192394,24.06362694198637,2.008011186771829,28.868903098533522,9.828685472096266,1.0449475061141202,14.946118629802351,0.03079645500989316,-38.25688210129738,3.0821089511737227,0.2279929043505613,0.9501168553296658,0.08,0.38539524437356726,6.544728769237677,0.9088661890087425,0.14669275816210525,0.22182737673244227,0.30625621073086096,0.05945622004389661,0.062198359203921694,0.03718605255752021,0.04887054618740455,0.1260234444961638,0.08389006929311654,0.059064715995094066,0.03995829357018137,0.027279198899110076,0.013938883590464827,0.10782894204660474,0.1015625,0.09698300510240548,0.15234375,1.5B,8192
10,5,needle_8192_d50,needle,8192,9.010913347279288,22.478825941470355,24.06362694198637,2.008011186771829,28.868903098533522,9.828685472096266,1.0449475061141202,14.946118629802351,0.03079645500989316,-33.8081429740414,25.896148093044758,7.450557550908661e-09,0.9999999999933313,0.08,0.4482459411207122,1.7338763129660917,0.987016022782981,0.8663427173193047,0.884683375051887,0.9036564540061489,0.40837284814730235,0.08306504263071046,0.04549109089979889,0.8573400763485083,0.051189122869060744,0.03847566746765083,0.022728237346357594,0.012501247093497881,0.007677080356193197,0.003317859541364554,0.02919262548242698,0.1015625,0.022245466284831948,0.15234375,1.5B,8192
10,6,needle_8192_d50,needle,8192,9.010913347279288,20.593222734361255,28.618000943372888,2.469392807655195,33.97634839560387,6.8836121538645125,1.1081739725522328,11.85097493970226,0.09950861354668543,-37.186457799747586,22.653284802101552,1.276729408542758e-08,0.9999999997704518,0.08,0.5077050968868062,4.94848152809847,0.9668794882563663,0.39491085874001947,0.5158256477185742,0.6189573987577899,0.007957641100220458,0.08720971102971142,0.15511614210431185,0.38236777966524765,0.1220731726515193,0.07161160354402123,0.03472338435840022,0.016786893629187182,0.010283604767501701,0.004789153739896445,0.0658037660560981,0.1015625,0.0353516351669163,0.15234375,1.5B,8192
10,7,needle_8192_d50,needle,8192,9.010913347279288,19.29734578658733,28.618000943372888,2.469392807655195,33.97634839560387,6.8836121538645125,1.1081739725522328,11.85097493970226,0.09950861354668543,-40.25103506073356,3.0978333787061274,0.18016117981506763,0.9565944671525316,0.08,0.44969261092739415,6.6965097659301,0.8919158787355289,0.1382360537544362,0.1933734953990695,0.27615229940252795,0.012674337063923291,0.009018877672300585,0.04701020493617344,0.06961638672226542,0.3219531387904396,0.23281272019953514,0.13751497965873724,0.08439972301728743,0.058176500199443724,0.02865860837504292,0.14525458486976933,0.10205078125,0.10643932769710938,0.15234375,1.5B,8192
10,8,needle_8192_d50,needle,8192,9.010913347279288,17.69526759682994,28.618000943372888,2.469392807655195,33.97634839560387,6.8836121538645125,1.1081739725522328,11.85097493970226,0.09950861354668543,-39.63771306164563,20.579546209424734,4.9332596180429545e-08,0.9999999980657377,0.08,0.4738734536248274,4.425503308112565,0.9528332185010217,0.5513539717718334,0.606348048700691,0.6677525476821473,0.012856811844551341,0.002768004812665037,0.25134726132619745,0.3513264851275122,0.17750184941746472,0.13514479231780638,0.08712459316654526,0.054838709886619444,0.03874265559048608,0.020951976508069438,0.076730371571097,0.1015625,0.056743682223728394,0.15234375,1.5B,8192
10,9,needle_8192_d50,needle,8192,9.010913347279288,18.222585437960074,28.618000943372888,2.469392807655195,33.97634839560387,6.8836121538645125,1.1081739725522328,11.85097493970226,0.09950861354668543,-41.36145254224539,5.826123603619635,0.02011713505324624,0.9970564128846878,0.08,0.5220796033109611,5.625342768531899,0.939689134482469,0.3143050368431618,0.3934765225216214,0.48009855882871955,0.028269830051288247,0.05752935239930901,0.0908948499363277,0.24399889941382724,0.15669929010254027,0.14802341150135254,0.09150440298479622,0.053266920302677476,0.036884983439397376,0.019376969951842477,0.14324330078352093,0.1015625,0.0893580419032735,0.15234375,1.5B,8192
10,10,needle_8192_d50,needle,8192,9.010913347279288,18.693401899001437,28.618000943372888,2.469392807655195,33.97634839560387,6.8836121538645125,1.1081739725522328,11.85097493970226,0.09950861354668543,-40.948388654738665,4.190792439505458,0.07750248426147877,0.9850911977951935,0.04,0.5016223435420596,5.302035887432801,0.9612145195955917,0.32413847253633493,0.4239558221120215,0.5536734921078011,0.26826106614286865,0.02705224974465692,0.061195257331748874,0.006579427545350586,0.14019426417838235,0.10395328927442087,0.06190045767680326,0.03451699848667347,0.022254178275541336,0.010227540470926902,0.11421569296772961,0.1015625,0.09927809658569095,0.15234375,1.5B,8192
10,11,needle_8192_d50,needle,8192,9.010913347279288,21.906043468337067,28.618000943372888,2.469392807655195,33.97634839560387,6.8836121538645125,1.1081739725522328,11.85097493970226,0.09950861354668543,-70.10958219133317,6.85620709694922,0.008263669209967173,0.9989482071304837,0.08,0.5469369288056596,2.063886495802435,0.9874114122825312,0.8193362693246913,0.8467443053795844,0.876794215475552,0.13788089399501313,0.0385869044147098,0.7154500004300861,0.11369096874465764,0.15865938439446345,0.10317973978199477,0.05156958641747561,0.027429336130706746,0.017092466044981013,0.007897887137522706,0.13139357062977383,0.1015625,0.08481471917840863,0.15234375,1.5B,8192
11,0,needle_8192_d50,needle,8192,9.010913347279288,18.346231952275513,24.145205015395383,2.1080419076125683,29.155751231221476,8.212545698843863,0.7796341093623396,10.521999164912842,0.036829639004233465,-36.33281708881259,4.437628259183839,0.06361385636168698,0.9883141046238272,0.08,0.5511694472055131,6.264315442055643,0.9015627105593487,0.22025501871018505,0.2990212800808684,0.3765694691689276,0.023790631578944232,0.06390608628531047,0.11020777465605545,0.1652792016322244,0.2668316953607912,0.1953110824375101,0.11992100558218922,0.07187001746447798,0.04920262296597747,0.02695882068607991,0.11919815013267453,0.1015625,0.08684914526814828,0.15234375,1.5B,8192
11,1,needle_8192_d50,needle,8192,9.010913347279288,22.399565330963696,24.145205015395383,2.1080419076125683,29.155751231221476,8.212545698843863,0.7796341093623396,10.521999164912842,0.036829639004233465,-34.47380038560368,46.05383494030684,7.3009102931398254e-09,0.9999999999989999,0.08,0.5787150626184127,2.4637435753917205,0.9965309638417191,0.8155335753535137,0.8881750884382329,0.9600824936226403,0.18339994083122235,0.052783522426572915,0.420416398033641,0.5495555867650578,0.01812676609156487,0.013218280421667377,0.0070878212669311024,0.0036023033909043027,0.0021864167777780443,0.0009377205678100655,0.006822432960336907,0.1015625,0.00426740554794482,0.15234375,1.5B,8192
11,2,needle_8192_d50,needle,8192,9.010913347279288,27.619535703526246,24.145205015395383,2.1080419076125683,29.155751231221476,8.212545698843863,0.7796341093623396,10.521999164912842,0.036829639004233465,-26.47772448696196,67.43583509931341,7.300910292874082e-09,0.9999999999989999,0.08,0.5563503737083385,1.9072759117579419,0.9990830896912086,0.9118009387717041,0.9699971590880001,0.9931758194910938,0.09058630579816151,0.47241871445569905,0.10469996127656116,0.8844122159081083,0.0018358770768952956,0.0009700036742395976,0.0003668885973300888,0.00013226764568686158,6.392932763639462e-05,1.9062800386018606e-05,0.000884142915353871,0.1015625,0.00039998563663529705,0.15234375,1.5B,8192
11,3,needle_8192_d50,needle,8192,9.010913347279288,18.52163086434698,24.145205015395383,2.1080419076125683,29.155751231221476,8.212545698843863,0.7796341093623396,10.521999164912842,0.036829639004233465,-53.75449724402279,8.029140383005142,0.002942063188718938,0.9996742243284946,0.08,0.5487667029017615,5.795164653934317,0.9093917731149093,0.30582205226982134,0.357358718178754,0.4296095851227649,0.07119875548315013,0.024898250757810825,0.21553033273531394,0.04923958163817356,0.3399896475400123,0.249232943400226,0.13970340047433197,0.08465286372282343,0.059080389229527214,0.033209700682090525,0.260252623752265,0.1015625,0.171808229705836,0.15234375,1.5B,8192
11,4,needle_8192_d50,needle,8192,9.010913347279288,28.92274563770583,24.145205015395383,2.1080419076125683,29.155751231221476,8.212545698843863,0.7796341093623396,10.521999164912842,0.036829639004233465,-76.00264745997265,47.93153536634054,7.300910292914766e-09,0.9999999999989999,0.08,0.5413951600907735,1.508667387969181,0.9993457898857712,0.9809397425151994,0.9904243445793263,0.9945243806889945,0.400593035137661,0.03635232625113893,0.2800918028056805,0.7021351452656552,0.0022439104131262207,0.0011793664603331894,0.0004672571652084047,0.00016531883304648278,7.719110024816426e-05,2.1000103990154692e-05,0.0035728148716205345,0.1015625,0.0020464180999694736,0.15234375,1.5B,8192
11,5,needle_8192_d50,needle,8192,9.010913347279288,20.552768580368276,24.145205015395383,2.1080419076125683,29.155751231221476,8.212545698843863,0.7796341093623396,10.521999164912842,0.036829639004233465,-22.471573690883815,23.599278022535145,8.6827669869746e-09,0.9999999999426223,0.08,0.5292740020060077,5.329930408198386,0.943927890896784,0.33418052193546566,0.44587097440069234,0.5718339884435499,0.1816703131936761,0.053960620685209904,0.15555748821788934,0.4554573199408076,0.11540995031732096,0.08172754316924058,0.04749590302743915,0.027252153700004885,0.01884955975152637,0.009833727129224274,0.04923846986441819,0.1015625,0.03465936094991427,0.15234375,1.5B,8192
11,6,needle_8192_d50,needle,8192,9.010913347279288,20.572378226620057,24.403951421981965,3.240400837294773,32.859209569060205,7.538404581947786,0.7082855930585222,10.797168359940793,0.0291872079368412,-48.11269539699424,10.78226168162655,0.0002450538208759145,0.9999792145420215,0.08,0.41926143716866004,4.276007152627688,0.98510183326793,0.4703200622969603,0.606717421641481,0.7460974920367979,0.04878670517214889,0.025213461769467704,0.16486316323647468,0.033904722206293696,0.17543429075370928,0.10124745185062094,0.034008750369677605,0.013935833347212632,0.007763583665337423,0.0031743300349693776,0.17860378176433273,0.1015625,0.13391828509348297,0.15234375,1.5B,8192
11,7,needle_8192_d50,needle,8192,9.010913347279288,18.76367625274877,24.403951421981965,3.240400837294773,32.859209569060205,7.538404581947786,0.7082855930585222,10.797168359940793,0.0291872079368412,-23.06868384499103,13.073423183523118,3.0013799745963195e-05,0.999997875617207,0.08,0.40471102407115944,5.5498451376486635,0.9462880794758235,0.2748542473853685,0.3904896612965127,0.5311772071388856,0.49505394813463377,0.021182668886787215,0.03616822564013418,0.03495465681761943,0.21067045031323633,0.16291124238341473,0.10246083779760173,0.05916071684307044,0.037231845020370156,0.01680669719453777,0.09957577099360028,0.1015625,0.08321757550936659,0.15234375,1.5B,8192
11,8,needle_8192_d50,needle,8192,9.010913347279288,22.485976850221437,24.403951421981965,3.240400837294773,32.859209569060205,7.538404581947786,0.7082855930585222,10.797168359940793,0.0291872079368412,-37.214023392647505,21.677372219972312,1.6039637317240246e-08,0.9999999996134301,0.08,0.3912496057212532,2.930583986924613,0.9750760693211903,0.7340912873276717,0.7712607967697911,0.804364309627709,0.4128416363480636,0.004576220517615859,0.06852608050957976,0.7032738081448328,0.08765213643011252,0.06481486841056225,0.03733616374314958,0.020860068056425127,0.013029136941418261,0.005720076708977505,0.04716937861953345,0.1015625,0.03627064176711215,0.15234375,1.5B,8192
11,9,needle_8192_d50,needle,8192,9.010913347279288,24.82470941013655,24.403951421981965,3.240400837294773,32.859209569060205,7.538404581947786,0.7082855930585222,10.797168359940793,0.0291872079368412,-56.17667375691235,10.715092210099101,0.00036016676798433474,0.9999699614606646,0.08,0.4428344304069522,5.120512587839752,0.9430129869455117,0.41751983939637255,0.4703579296401114,0.5349335209774829,0.02250808190533382,0.06634388107660483,0.27825763825766825,0.041040496204732296,0.42978326907525327,0.29683642815656525,0.15290526104588778,0.07568721107800618,0.04432500763686655,0.018611146310987953,0.2533178306436713,0.1015625,0.1838842650317697,0.15234375,1.5B,8192
11,10,needle_8192_d50,needle,8192,9.010913347279288,20.122885926195483,24.403951421981965,3.240400837294773,32.859209569060205,7.538404581947786,0.7082855930585222,10.797168359940793,0.0291872079368412,-36.74014747561887,16.671953258570284,1.230034151352611e-06,0.999999931856518,0.08,0.45005170708135095,5.0325959598708625,0.9549368327394878,0.39840948549138855,0.5066745031180862,0.6162115227812223,0.009880886091469865,0.04040599005530887,0.1423692591870671,0.00996686306746631,0.21286259481025005,0.15770252926290565,0.09881735210813192,0.058311609903192556,0.03895940072973906,0.019926585874193253,0.11901907888946898,0.1015625,0.08889652104180534,0.15234375,1.5B,8192
11,11,needle_8192_d50,needle,8192,9.010913347279288,26.933309320078006,24.403951421981965,3.240400837294773,32.859209569060205,7.538404581947786,0.7082855930585222,10.797168359940793,0.0291872079368412,-36.48837024345994,29.603030058555305,7.306742587078625e-09,0.9999999999987883,0.08,0.4065595557409039,4.357642433447069,0.9723235123989833,0.510465394628343,0.5913480061022118,0.6804950584103944,0.16332363198620214,0.0043801955251914215,0.2975398224460842,0.3028546239811767,0.1926155398434354,0.12739517020499497,0.06197246794780752,0.03017326248751095,0.01702297893536882,0.006067900245276582,0.09781965870190241,0.1015625,0.07789354308522756,0.15234375,1.5B,8192
12,0,needle_8192_d50,needle,8192,9.010913347279288,21.2569771644246,21.87001691429031,1.6016914456617921,25.971350669605602,10.271051479760677,0.7799776624868939,12.72286175362618,0.033257523234640866,-3.2415394969284534,12.771331418305635,4.7596611496760755e-05,0.9999966102219686,0.08,0.6618035966789524,3.7345312665066084,0.982794638184502,0.6370224463477044,0.7011449789806604,0.7681700933482413,0.3153962259826937,0.08430524525827998,0.34276883885342235,0.3013091348951911,0.10940257163185974,0.06774668383548085,0.03191278579502546,0.014221425308292178,0.007485083444805676,0.0027784817032456147,0.09551502540184599,0.1015625,0.06191243968469895,0.15234375,1.5B,8192
12,1,needle_8192_d50,needle,8192,9.010913347279288,20.700030239127482,21.87001691429031,1.6016914456617921,25.971350669605602,10.271051479760677,0.7799776624868939,12.72286175362618,0.033257523234640866,14.086262814700603,3.9478720845654607,0.09386148735071448,0.9810686343801519,0.0,0.6642967399790702,4.249113671603059,0.9890834916289455,0.4641492590574403,0.569108848655133,0.677184040512281,0.011269477235933856,0.006278057576925455,0.007052016264361544,0.0011496083461701445,0.06821443650731027,0.0308782778960687,0.009300194550509828,0.003432436047719976,0.0019101233508478932,0.0008018122456357457,0.2507259713602929,0.10205078125,0.1943537465033473,0.15283203125,1.5B,8192
12,2,needle_8192_d50,needle,8192,9.010913347279288,21.88306150938225,21.87001691429031,1.6016914456617921,25.971350669605602,10.271051479760677,0.7799776624868939,12.72286175362618,0.033257523234640866,-2.9714786428958178,13.088028810918331,3.164578070666262e-05,0.9999977897693019,0.08,0.6273935577659722,3.878452777766337,0.9651002401980212,0.5763886666163432,0.6229587715874594,0.6812024899382113,0.35316825269158136,0.10743096815511644,0.4742603780060826,0.12629019758924914,0.3507732547129921,0.2358510813904454,0.11893947779892047,0.05771743865886183,0.03497990350634892,0.015252430605253301,0.1761809181782239,0.1015625,0.11251310622646807,0.15234375,1.5B,8192
12,3,needle_8192_d50,needle,8192,9.010913347279288,14.279859877945396,21.87001691429031,1.6016914456617921,25.971350669605602,10.271051479760677,0.7799776624868939,12.72286175362618,0.033257523234640866,12.971562784165144,5.724715932272375,0.02265690157169115,0.9966745319115449,0.08,0.7011865961829514,6.7008951781367285,0.8900520192574163,0.1241519796567327,0.19807205873908232,0.28711983735330837,0.03567007907995201,0.08669765843044042,0.020051894137908765,0.06371164123034806,0.270263857361873,0.19280269611975928,0.11558478374582079,0.07433178721655688,0.05326618133219385,0.02881897687777447,0.2038127353531145,0.1015625,0.14170046517772897,0.15234375,1.5B,8192
12,4,needle_8192_d50,needle,8192,9.010913347279288,15.342059374918307,21.87001691429031,1.6016914456617921,25.971350669605602,10.271051479760677,0.7799776624868939,12.72286175362618,0.033257523234640866,-37.774125394935254,7.557904400338884,0.006769849925698958,0.9992309273121208,0.08,0.593971607286795,4.212814614773536,0.9648983586322549,0.5081509342688753,0.5664282386798247,0.6287145870982892,0.09903740746910378,0.02499180095643666,0.42639200808797667,0.026459852917601397,0.39569083792000176,0.25251336583764084,0.11095613721578294,0.05249024795776546,0.03206423602858029,0.015433688787330499,0.4228682778490652,0.1015625,0.29037394569757674,0.15234375,1.5B,8192
12,5,needle_8192_d50,needle,8192,9.010913347279288,19.503341938628235,21.87001691429031,1.6016914456617921,25.971350669605602,10.271051479760677,0.7799776624868939,12.72286175362618,0.033257523234640866,17.960306452587247,24.612015018239617,7.821177280132744e-09,0.9999999999785287,0.08,0.6180162972723299,4.454945960711245,0.9627987613659718,0.5195144490047436,0.6144040888169252,0.6844861574277442,0.01260915696270093,0.2899894050089702,0.2703895828060562,0.4345429165033177,0.13603142409614627,0.08949495760498179,0.04990817735529603,0.026713659954353704,0.017158210505891964,0.008827622594796662,0.04722129008420531,0.1015625,0.03487064569825627,0.15234375,1.5B,8192
12,6,needle_8192_d50,needle,8192,9.010913347279288,26.76258911044926,23.779828700707398,1.3931335206821747,28.257398113474405,9.29733194759353,0.6336569037762969,11.345908173796294,0.03583652161563373,-14.303984921425581,2.0156079530715942,0.44929177270303844,0.8687627182681504,0.04,0.6055011510177212,5.739722847638631,0.9538435516158631,0.22546026838320857,0.3290183915374412,0.44751431108158257,0.14241837365631316,0.00442693638019076,0.0009882653445853035,0.004801151203749681,0.1395672394133121,0.10152131182767062,0.04739313379735703,0.021524499924152538,0.012205446995254112,0.0049098425419884005,0.0680510537082275,0.10205078125,0.051266578392313696,0.15283203125,1.5B,8192
12,7,needle_8192_d50,needle,8192,9.010913347279288,25.45755116006578,23.779828700707398,1.3931335206821747,28.257398113474405,9.29733194759353,0.6336569037762969,11.345908173796294,0.03583652161563373,-42.96093518845737,43.42858791910112,7.3009102974038124e-09,0.9999999999989999,0.08,0.322555000849237,2.051423812534986,0.9960066938987435,0.8286113587097919,0.9074898793453758,0.9507195709627694,0.041527800868322196,0.0725676008290872,0.6226937017757568,0.328335860464996,0.05594414668752702,0.03686279078492714,0.01687357474586618,0.007700825744327826,0.004237090203516007,0.0016071905406035588,0.019793721521017042,0.1015625,0.011734381990609812,0.15234375,1.5B,8192
12,8,needle_8192_d50,needle,8192,9.010913347279288,26.907836482940738,23.779828700707398,1.3931335206821747,28.257398113474405,9.29733194759353,0.6336569037762969,11.345908173796294,0.03583652161563373,-32.70999510958791,59.27339009568095,7.300910292874082e-09,0.9999999999989999,0.08,0.3296366582494629,2.304238210831025,0.998004293837968,0.7920550358648342,0.900705209387192,0.9794352671436999,0.2563399986289563,0.026516436859538306,0.4759598877512501,0.5091622762964154,0.010453853497791248,0.006713621567496228,0.0028971718015385634,0.0012227518401162411,0.0006304873179654451,0.00021259315606120865,0.004400715342092777,0.1015625,0.002773867781733435,0.15234375,1.5B,8192
12,9,needle_8192_d50,needle,8192,9.010913347279288,22.425176855865587,23.779828700707398,1.3931335206821747,28.257398113474405,9.29733194759353,0.6336569037762969,11.345908173796294,0.03583652161563373,-30.807837910950184,40.56617812439799,7.300910361530802e-09,0.9999999999989999,0.08,0.3789457470782037,2.830168401261028,0.9930713568208709,0.6758161644265748,0.8187816823785432,0.9281622916794263,0.23800266348513954,0.09085126196132531,0.46573626809922963,0.4804867242502764,0.04752526977689136,0.02915819503471259,0.015092453573007317,0.008161482026063642,0.005052101086344028,0.0023083979252892343,0.013035342146152231,0.1015625,0.008944327808660373,0.15234375,1.5B,8192
12,10,needle_8192_d50,needle,8192,9.010913347279288,19.293339813983113,23.779828700707398,1.3931335206821747,28.257398113474405,9.29733194759353,0.6336569037762969,11.345908173796294,0.03583652161563373,14.387947283685207,26.409084191545844,7.391573370761355e-09,0.9999999999956062,0.08,0.27697389590666727,4.17633531126138,0.9812668076744779,0.43257109380734216,0.6051994731453378,0.8061270280111579,0.034280982173305885,0.15872410426135963,0.010180460882380586,0.8761773937688184,0.021804321013627306,0.014591759082512337,0.009025035684585786,0.00570823067373392,0.004153095871519373,0.0023763047540958896,0.008034966821084167,0.1015625,0.005768803161092424,0.15234375,1.5B,8192
12,11,needle_8192_d50,needle,8192,9.010913347279288,28.822429563714376,23.779828700707398,1.3931335206821747,28.257398113474405,9.29733194759353,0.6336569037762969,11.345908173796294,0.03583652161563373,-19.784849159419537,22.923521276563406,9.945366733999334e-09,0.9999999998882234,0.08,0.39868742320623146,3.730128522665581,0.9899366739589863,0.5953558560888101,0.7163087175113051,0.8187974214541227,0.05572243270995003,0.07728063001696939,0.08308972420499491,0.6962628441795542,0.03306237082098147,0.01702406105796831,0.007179070506934988,0.0032852267946124683,0.0017687852476300171,0.0007109333234242844,0.012658530253622893,0.1015625,0.008470662908829887,0.15234375,1.5B,8192
13,0,needle_8192_d50,needle,8192,9.010913347279288,30.13750867624219,22.34011206699121,1.2776205103960223,25.407186948384155,10.60517250933379,0.8558994843965001,12.603820944870812,0.02785310281265012,-12.9797373842448,67.3253121599555,7.300910292874082e-09,0.9999999999989999,0.08,0.46182567545352365,2.910100011916474,0.9978061356283916,0.6943621421628015,0.888870713056512,0.9864203154282047,0.32954338466783023,0.16590129636263584,0.23371224208376445,0.7573582052243284,0.0024451759279830792,0.001508468402341661,0.0006894925895302081,0.0003422829825453369,0.00019180024194543642,7.869247757025228e-05,0.001156518922408349,0.1015625,0.000805946791766527,0.15234375,1.5B,8192
13,1,needle_8192_d50,needle,8192,9.010913347279288,22.237950525416057,22.34011206699121,1.2776205103960223,25.407186948384155,10.60517250933379,0.8558994843965001,12.603820944870812,0.02785310281265012,-47.76033568382263,2.2444981462322176,0.3873770484716656,0.8932316778330454,0.08,0.6254139456544379,6.052151439123051,0.8697599186083987,0.303813180654191,0.34389150443427424,0.40055446588914184,0.12813337370312206,0.035256787083454366,0.23069155441620343,0.0860515344027949,0.4041669043280864,0.2940435058778239,0.17866133932122139,0.11903758407274752,0.08876844559534967,0.053565595513296274,0.2406287312845349,0.1015625,0.1759018923755933,0.15234375,1.5B,8192
13,2,needle_8192_d50,needle,8192,9.010913347279288,32.11034701197572,22.34011206699121,1.2776205103960223,25.407186948384155,10.60517250933379,0.8558994843965001,12.603820944870812,0.02785310281265012,-11.031143070897087,76.59384733159095,7.300910292874082e-09,0.9999999999989999,0.08,0.43845726393097084,2.688506455742272,0.9985205920119632,0.7698383055769209,0.9219036214714512,0.993716159177054,0.17608822652621148,0.4091659570058681,0.13834271858781813,0.8563161178178679,0.0008720939448512352,0.0004222600460222594,0.00015688667141495783,6.113357832300855e-05,3.056572369839726e-05,8.696158321258943e-06,0.00041005884643322324,0.1015625,0.00022394958383816456,0.15234375,1.5B,8192
13,3,needle_8192_d50,needle,8192,9.010913347279288,31.098926880006605,22.34011206699121,1.2776205103960223,25.407186948384155,10.60517250933379,0.8558994843965001,12.603820944870812,0.02785310281265012,-25.294401612132788,67.78653568029404,7.300910292874082e-09,0.9999999999989999,0.08,0.4488825557394955,1.3647079944517362,0.9994821146678249,0.9732897252770994,0.9884692269573646,0.9970227831172277,0.08356270208121508,0.12324222139672081,0.08339408149994267,0.9142948634441935,0.0007479466307424327,0.00045345591774425794,0.0001985509000416305,8.785488607897892e-05,4.973036598614152e-05,1.867866191509479e-05,0.00023956364546032384,0.1015625,0.00014068435018782483,0.15234375,1.5B,8192
13,4,needle_8192_d50,needle,8192,9.010913347279288,38.664394156838554,22.34011206699121,1.2776205103960223,25.407186948384155,10.60517250933379,0.8558994843965001,12.603820944870812,0.02785310281265012,-99.41477037908044,25.24209547834471,7.58356404721276e-09,0.9999999999880982,0.08,0.4335567672033621,0.7061692301988968,0.9996566082361138,0.9939243508766554,0.995250167608853,0.9965725366849738,0.5116540902815965,0.07086335613105721,0.09556371291218471,0.8964728027515874,0.0013349117726644219,0.0007208877244850536,0.0002434019357156221,7.620414956334065e-05,2.9271225571575316e-05,5.789422609793073e-06,0.0018244334635047123,0.1015625,0.0011053872048853136,0.15234375,1.5B,8192
13,5,needle_8192_d50,needle,8192,9.010913347279288,25.614529377830202,22.34011206699121,1.2776205103960223,25.407186948384155,10.60517250933379,0.8558994843965001,12.603820944870812,0.02785310281265012,-8.299369688145816,35.53884006757289,7.3009209434262666e-09,0.9999999999989995,0.08,0.41530713000586233,4.054040469252035,0.9796289511236789,0.5344718469412284,0.6828560824017442,0.8293199734194235,0.13201460059132747,0.012683071998277229,0.11139488244237872,0.741782049557232,0.035347646089187154,0.026773216082508378,0.018791649877071527,0.012172839660973806,0.00864413371231446,0.004679283952618683,0.01173579543695386,0.1015625,0.008423310335606116,0.15234375,1.5B,8192
13,6,needle_8192_d50,needle,8192,9.010913347279288,23.18796098256016,23.239611830843405,1.672698787589443,27.153255898986266,7.218307030234347,1.027120891057013,10.88493757148049,0.08015780197233649,77.99077962338924,53.200402807444334,7.3009102928742905e-09,0.9999999999989999,0.08,0.5125706855237624,3.2110902888035584,0.9938998529260328,0.6323821416177993,0.8319367320369186,0.9565940540882932,0.28112647594451623,0.0017767846926730613,0.21767272716838842,0.7492686691201211,0.013884481037863095,0.01046640006199427,0.006149963175857468,0.0034439426456199674,0.0021229487559721503,0.0008716736157574373,0.0066267234479126715,0.1015625,0.004528676224590438,0.15234375,1.5B,8192
13,7,needle_8192_d50,needle,8192,9.010913347279288,21.14041147314533,23.239611830843405,1.672698787589443,27.153255898986266,7.218307030234347,1.027120891057013,10.88493757148049,0.08015780197233649,71.74706409871578,46.44439674168825,7.300910293053904e-09,0.9999999999989999,0.08,0.49324822753676956,3.3421226645280457,0.9951807702361688,0.6132992449292438,0.8010365686102355,0.9482248464372993,0.002304062840969401,0.07203667697839577,0.11827489536175036,0.8467461826265649,0.008431641676997552,0.006088308417963562,0.0031126402251908905,0.0016011556689235521,0.0010257004045206503,0.0004875782716224937,0.0025463417449534224,0.1015625,0.0016751468034453894,0.15234375,1.5B,8192
13,8,needle_8192_d50,needle,8192,9.010913347279288,20.31241500910071,23.239611830843405,1.672698787589443,27.153255898986266,7.218307030234347,1.027120891057013,10.88493757148049,0.08015780197233649,69.05771103873849,42.65767065901309,7.300910300806362e-09,0.9999999999989999,0.08,0.5268094817653275,2.9424535334170248,0.9942070178446555,0.7751236290474232,0.8717013659930677,0.9417927448440798,0.03702722867542718,0.01997474020846557,0.09334424717821152,0.8569572895816372,0.019458170091016014,0.014555680175095231,0.008849911514356771,0.0049802276611796105,0.0030382572390198707,0.0013469997017207275,0.008048844800570392,0.1015625,0.005095345565156453,0.15234375,1.5B,8192
13,9,needle_8192_d50,needle,8192,9.010913347279288,19.989907550982036,23.239611830843405,1.672698787589443,27.153255898986266,7.218307030234347,1.027120891057013,10.88493757148049,0.08015780197233649,67.21422755531967,35.65426307171583,7.3009194635997785e-09,0.9999999999989997,0.08,0.5293168891709678,4.0116830453764,0.981006084372427,0.4943620554012568,0.6787650510969009,0.8396538367618877,0.08742463888369212,0.01396443102341749,0.19906991882809,0.6723776903166969,0.047697491583511366,0.03312182426348898,0.01919637375068435,0.01110934173127104,0.007451066065569643,0.0035297223535505204,0.017832457023613184,0.1015625,0.011743271497522623,0.15234375,1.5B,8192
13,10,needle_8192_d50,needle,8192,9.010913347279288,20.61415312238647,23.239611830843405,1.672698787589443,27.153255898986266,7.218307030234347,1.027120891057013,10.88493757148049,0.08015780197233649,85.63930023554713,45.0083094695583,7.300910293630168e-09,0.9999999999989999,0.08,0.5229442910745404,3.603331232550711,0.994435467130724,0.4825443600614495,0.7249315795543969,0.9328483674943459,0.1781658132767081,0.033018062394389425,0.06526700500255982,0.9016531256243239,0.008664331096128365,0.005861333712929408,0.0032399670510351863,0.0017236322741247495,0.0010806370852579118,0.00046078463587250986,0.0028273161420210675,0.1015625,0.0019661840011181357,0.15234375,1.5B,8192
13,11,needle_8192_d50,needle,8192,9.010913347279288,20.492299047959825,23.239611830843405,1.672698787589443,27.153255898986266,7.218307030234347,1.027120891057013,10.88493757148049,0.08015780197233649,64.33524185791612,38.413232354447246,7.300910845939907e-09,0.9999999999989999,0.08,0.5172991519116918,3.3088495503533566,0.9892384117346313,0.6569386216474865,0.8042389478424848,0.9146261475330785,0.18024980634817744,0.030442900487085645,0.2239542663895454,0.710770805730172,0.027852940858898112,0.019709265779904585,0.011803504314164517,0.007123084807901765,0.004928999711993632,0.00254616372403302,0.012125794875792427,0.1015625,0.0090610497455813,0.15234375,1.5B,8192
14,0,needle_8192_d50,needle,8192,9.010913347279288,25.250541416822163,27.338266370997122,2.780055105967382,37.320400136517726,12.651638630279308,0.8104642483660108,15.583870999366903,0.020797211474558024,-83.15722708404064,8.255391234531999,0.0038200100756117994,0.9996093262731082,0.08,0.6506014399008626,2.247186185478527,0.9981609636143559,0.8688327342976756,0.9234391877224217,0.9594603923618794,0.6558694264343086,0.09526380519274907,0.112860666041662,0.007121978520237743,0.007217544511243223,0.003455222555164458,0.0010074863662751267,0.0002993592964316992,0.00012657240366325834,2.8083359057810796e-05,0.012704865335533952,0.1015625,0.0072056927375172474,0.15234375,1.5B,8192
14,1,needle_8192_d50,needle,8192,9.010913347279288,27.180880914832557,27.338266370997122,2.780055105967382,37.320400136517726,12.651638630279308,0.8104642483660108,15.583870999366903,0.020797211474558024,-47.68574307113886,15.921189231798053,2.236215839139411e-06,0.9999998696764286,0.08,0.5968839667468985,3.081794041550473,0.9770743273158143,0.6663701287925929,0.7100905007288872,0.7586241365851887,0.1339213582622747,0.06676179868972665,0.5981287584498897,0.06392094384917824,0.36626916038275587,0.24663743143273945,0.11898012427655323,0.055783218327132865,0.03190389346451877,0.012237973355629568,0.2925909256456788,0.1015625,0.19123541993545407,0.15234375,1.5B,8192
14,2,needle_8192_d50,needle,8192,9.010913347279288,15.7162467953728,27.338266370997122,2.780055105967382,37.320400136517726,12.651638630279308,0.8104642483660108,15.583870999366903,0.020797211474558024,-19.230865616817027,1.7019333424977958,0.5829541975988531,0.8192532943476122,0.04,0.5857531578000736,7.243195515819069,0.8269477258911901,0.09538608249597091,0.14304550276995828,0.20978397180457337,0.028604394368945685,0.004218212015474121,0.018727018813534342,0.012357731296353239,0.31295648689326433,0.25615331825991133,0.17626584943354198,0.12236726845594405,0.08985286027572248,0.05463933264064099,0.2564844195038702,0.10205078125,0.20452178620959152,0.15283203125,1.5B,8192
14,3,needle_8192_d50,needle,8192,9.010913347279288,26.925106939441687,27.338266370997122,2.780055105967382,37.320400136517726,12.651638630279308,0.8104642483660108,15.583870999366903,0.020797211474558024,-51.30956885451451,4.394344260450453,0.06589524394718853,0.9878015907126072,0.0,0.5737829373448203,3.035300486749882,0.9973271433821264,0.677723061477146,0.7983304147777442,0.8873252093704174,0.27852696369548546,0.16765822462130497,0.0006450738984456938,1.9172682576858984e-07,0.003808091059364506,0.0003300839693757564,8.163777004735562e-05,1.5421816165623804e-05,5.1296377673011374e-06,7.772531589596029e-07,0.16762604954100693,0.10205078125,0.10707920648556514,0.15283203125,1.5B,8192
14,4,needle_8192_d50,needle,8192,9.010913347279288,25.898847070464576,27.338266370997122,2.780055105967382,37.320400136517726,12.651638630279308,0.8104642483660108,15.583870999366903,0.020797211474558024,-119.73199670948088,0.3540621427819133,1.2924522707560797,0.41383111771864906,0.0,0.6345240569488879,3.9850581499401736,0.994621081387053,0.37970401546800264,0.5448662280495752,0.7238517501170967,0.003253525970798421,0.15248820406965757,0.021428251170263486,3.978201225238546e-06,0.00145981322835077,0.0006723500929930041,0.00025214901625078844,8.133116452501607e-05,2.9000169005980885e-05,5.8940828374551535e-06,0.12420778722685574,0.10205078125,0.08828465368663135,0.15283203125,1.5B,8192
14,5,needle_8192_d50,needle,8192,9.010913347279288,25.89689917735309,27.338266370997122,2.780055105967382,37.320400136517726,12.651638630279308,0.8104642483660108,15.583870999366903,0.020797211474558024,-119.0672312406823,8.685573286609724,0.00225229903042743,0.9997751991945988,0.0,0.5289818132382555,3.5280650556181583,0.996675971116771,0.5227692063517734,0.6925555346904891,0.8830980372392844,0.059451016883738994,0.03144264480718828,0.07685588282969773,4.4231162772306186e-07,0.002366576186776423,0.0005827697450317307,0.00015225532301978153,3.324270608125134e-05,9.679501023772265e-06,1.0253051702275663e-06,0.17253628238872912,0.10205078125,0.1260432301681586,0.15283203125,1.5B,8192
14,6,needle_8192_d50,needle,8192,9.010913347279288,21.70494652855132,21.73916252133261,1.5371904402057581,27.16644280300951,9.325322581696533,0.7303077700998873,15.604626199353463,0.05936747314065289,-24.09617883246392,2.6187039157375693,0.2883001639401032,0.9255458077763138,0.0,0.3375769392177098,4.670367419228203,0.9725129585272275,0.47625388236062466,0.5668404368136135,0.6604350449987522,0.0165865023731136,0.11521691616539398,0.03234048214916791,0.00126429205517727,0.19688166356256526,0.13410005808336586,0.06862091372066001,0.032727810090920614,0.0178447850984467,0.006633772351596055,0.12147029655993423,0.10205078125,0.08767242305604425,0.15283203125,1.5B,8192
14,7,needle_8192_d50,needle,8192,9.010913347279288,21.192901398260673,21.73916252133261,1.5371904402057581,27.16644280300951,9.325322581696533,0.7303077700998873,15.604626199353463,0.05936747314065289,-25.63756157224998,33.933181108441204,7.300960864791357e-09,0.9999999999989981,0.08,0.7016180605188007,2.2847590114221354,0.990020966245426,0.7646966465711695,0.8394909099564948,0.9155201202406941,0.0013777804778212221,0.019768052063367403,0.6452346566771131,0.2882378071664681,0.11018238391716023,0.07994277546882193,0.04574510614012264,0.024949338100641243,0.01587879457808102,0.007875081245029584,0.037026773331911386,0.1015625,0.024601546707126346,0.15234375,1.5B,8192
14,8,needle_8192_d50,needle,8192,9.010913347279288,25.240497160386855,21.73916252133261,1.5371904402057581,27.16644280300951,9.325322581696533,0.7303077700998873,15.604626199353463,0.05936747314065289,-9.109872800530866,45.391459261765704,7.30091029343829e-09,0.9999999999989999,0.08,0.6913545407125703,2.5859405137858804,0.9971716189753566,0.8464608626917702,0.91212172727954,0.9631351259426556,0.040562506328521014,0.15627661569490792,0.20653034210260052,0.7652151253349648,0.009500032044801146,0.006061129489698188,0.0029227986771594473,0.0012859254273334983,0.0006660011629037742,0.00022702046612771648,0.00305157268179943,0.1015625,0.0016787219439360333,0.15234375,1.5B,8192
14,9,needle_8192_d50,needle,8192,9.010913347279288,22.941271661850458,21.73916252133261,1.5371904402057581,27.16644280300951,9.325322581696533,0.7303077700998873,15.604626199353463,0.05936747314065289,-15.442716431804001,36.82537058740854,7.3009131051466035e-09,0.9999999999989999,0.08,0.6598399103159891,2.0849988799085217,0.9919505377222139,0.8667491550175708,0.902340227672988,0.925609066057765,0.5340244257492845,0.15363121606456098,0.1232721671860852,0.8059393574661906,0.04100189352037057,0.028683385733860364,0.01577898715114989,0.008647018260724925,0.005378133364350698,0.0024251333640043673,0.014977527951270471,0.1015625,0.010233989325144544,0.15234375,1.5B,8192
14,10,needle_8192_d50,needle,8192,9.010913347279288,17.536424526922314,21.73916252133261,1.5371904402057581,27.16644280300951,9.325322581696533,0.7303077700998873,15.604626199353463,0.05936747314065289,-19.636466332245618,13.073294159490615,2.9579945737587316e-05,0.9999978989665884,0.08,0.6893853103239247,6.262868891012454,0.8878109370164641,0.25427037522326795,0.31874118863462014,0.3862065840139246,0.1497139509867007,0.11267053792144544,0.13398697035277934,0.27477071216707105,0.25990400441860234,0.18531139454697887,0.10542801948373215,0.06295137130976583,0.04516943485746379,0.027241146611088885,0.08644175268719703,0.1015625,0.06344067740844943,0.15234375,1.5B,8192
14,11,needle_8192_d50,needle,8192,9.010913347279288,18.837363324020735,21.73916252133261,1.5371904402057581,27.16644280300951,9.325322581696533,0.7303077700998873,15.604626199353463,0.05936747314065289,-33.454210218042135,8.52903152955696,0.0019508229716748793,0.9997972725788283,0.08,0.7120450003200159,5.169345208706874,0.9424669413229931,0.3995574537917952,0.45727012243040216,0.5260695388250995,0.0007119076865533813,0.08394341456381404,0.2520189152380324,0.22100964834661024,0.2942720601139779,0.19329840768591894,0.11040695416615273,0.0612226218998736,0.04057231133452261,0.0209328637263218,0.12248944602395627,0.1015625,0.08801087129748383,0.15234375,1.5B,8192
15,0,needle_8192_d50,needle,8192,9.010913347279288,18.909637615843305,21.733275868782393,2.018418950541057,28.27762342457769,7.9062419624164475,1.2087519702960237,12.858031985955138,0.07828124517281099,-37.69163837656379,4.8699838551692665,0.09710763768875685,0.9841934834741486,0.08,0.33557810859497367,6.84682701322415,0.8434571860456802,0.18778213706922256,0.24359791885805873,0.30710844539494975,0.00775295493042738,0.009475454482219314,0.0567908130426076,0.08989744929265123,0.4586322168795367,0.3602064413853286,0.2476168063477554,0.16736170004710685,0.12238266683918357,0.07065393843597326,0.23836990794998017,0.1015625,0.1774436908140402,0.15234375,1.5B,8192
15,1,needle_8192_d50,needle,8192,9.010913347279288,21.548687746463454,21.733275868782393,2.018418950541057,28.27762342457769,7.9062419624164475,1.2087519702960237,12.858031985955138,0.07828124517281099,-41.26652912609279,4.818582023493946,0.05063280881091806,0.9915536270510148,0.08,0.39920268947279675,6.406874973262641,0.8592747035110488,0.25682414529041253,0.3106643492881532,0.38004308697722816,0.012629197789168156,0.022611947545132738,0.12510270544054503,0.049800409911389135,0.497864332420995,0.39155010020740266,0.25515757921251825,0.1678151089351572,0.12700151044671998,0.07731511689334833,0.22201733111595115,0.1015625,0.16667128429216915,0.15234375,1.5B,8192
15,2,needle_8192_d50,needle,8192,9.010913347279288,23.603028884180876,21.733275868782393,2.018418950541057,28.27762342457769,7.9062419624164475,1.2087519702960237,12.858031985955138,0.07828124517281099,-52.71274631097913,5.318277530372143,0.04867263904103726,0.9927418002882794,0.08,0.36117888410998494,4.913458949555826,0.935424198243078,0.4599860358999781,0.5244344201518341,0.5952468100038141,0.016409369705534527,0.07160104715218685,0.2859288500817364,0.06606312845527626,0.37333009894209007,0.27111016427785484,0.1666908147661112,0.10520698406623394,0.07457242060915406,0.04240417786664739,0.1825163327835409,0.1015625,0.13284199328302687,0.15234375,1.5B,8192
15,3,needle_8192_d50,needle,8192,9.010913347279288,20.907389595493324,21.733275868782393,2.018418950541057,28.27762342457769,7.9062419624164475,1.2087519702960237,12.858031985955138,0.07828124517281099,-44.595597840379924,1.4338780106045306,0.5643357424180955,0.7974964044338636,0.08,0.42175034912142256,6.866376210998262,0.8309869930395684,0.1835731178699249,0.22146700185615667,0.2768696172649845,0.18275406671957306,0.032752189537270215,0.1255468839708044,0.06997706288448531,0.5383447578200916,0.43290070719192975,0.2773607696034517,0.17507379160635064,0.1261573844838575,0.07269994573283518,0.27300458085100243,0.1015625,0.20344807788258035,0.15234375,1.5B,8192
15,4,needle_8192_d50,needle,8192,9.010913347279288,23.23266216833687,21.733275868782393,2.018418950541057,28.27762342457769,7.9062419624164475,1.2087519702960237,12.858031985955138,0.07828124517281099,-56.745709815993905,0.7921809549443424,0.8603257411478387,0.6522465111084386,0.08,0.44548808333139484,4.418412981929868,0.9609959006626362,0.48647984707941827,0.5454869877592423,0.6220899181849796,0.19085441704885175,0.013442242107079672,0.3692445875421672,0.11154858430155107,0.5436564067008073,0.35853725321352087,0.1784537579221183,0.0919821373756329,0.05970733918946857,0.031014147954052253,0.16731494937471453,0.1015625,0.11027349177525528,0.15234375,1.5B,8192
15,5,needle_8192_d50,needle,8192,9.010913347279288,22.9417034077475,21.733275868782393,2.018418950541057,28.27762342457769,7.9062419624164475,1.2087519702960237,12.858031985955138,0.07828124517281099,-72.14159785024822,4.022916827350855,0.09646119919958179,0.9815045638777812,0.08,0.3225235880408275,2.9039504814926342,0.9766114827326631,0.7703161783909965,0.7964834216506314,0.8237042866805738,0.2434040771497501,0.03581552785416342,0.30815169242473417,0.43155453130275523,0.1417076724778092,0.10723297625704614,0.06322906998314175,0.034814965862012,0.021487119956085893,0.009945897041380066,0.08863690119192996,0.1015625,0.07069642987530242,0.15234375,1.5B,8192
15,6,needle_8192_d50,needle,8192,9.010913347279288,19.74086701619329,94.12736131509979,0.8003006886678433,96.46623702710411,11.473449664535128,1.1587637423056836,15.644225329838191,0.04065343185249847,285.575351149193,12.207521360716783,6.67784073662117e-05,0.999994964253337,0.08,0.18069087582497795,5.299030688073275,0.9542849686187179,0.37084842863580686,0.45880547517004355,0.5608811857433144,0.002532477686475687,0.02192402141538352,0.08273966116379511,0.062441101269277974,0.3902102982276245,0.2722899940849451,0.14289731771037634,0.07009491241265596,0.04134135419545351,0.01727335444044161,0.1677837165186233,0.1015625,0.1137680805522629,0.15234375,1.5B,8192
15,7,needle_8192_d50,needle,8192,9.010913347279288,81.76251697811294,94.12736131509979,0.8003006886678433,96.46623702710411,11.473449664535128,1.1587637423056836,15.644225329838191,0.04065343185249847,3728.521189637482,49.408366713672876,7.300910292883363e-09,0.9999999999989999,0.08,0.5273861125162649,6.914994450149643e-05,0.9998779283608288,0.9999999979540094,0.9999999997349861,0.9999999999644055,0.17142328689249098,0.033153891150391246,6.479372650007267e-13,0.9999997717966519,2.138990120273331e-12,1.8272268564995484e-13,2.984950913051863e-15,1.2577926848961064e-15,1.4228239570774062e-15,1.4228239570774062e-15,5.862276351440532e-12,0.1015625,3.5776925196452125e-12,0.15234375,1.5B,8192
15,8,needle_8192_d50,needle,8192,9.010913347279288,17.753674625442727,94.12736131509979,0.8003006886678433,96.46623702710411,11.473449664535128,1.1587637423056836,15.644225329838191,0.04065343185249847,110.67653233930469,7.1589708141982555,0.00847583709558825,0.9989994870403722,0.08,0.10759009125726121,4.5002992718804045,0.9452709892205917,0.4905577055320934,0.5363106546566919,0.5943013076061224,0.03984706357504919,0.0106335655856018,0.4099856836071996,0.11948586970687708,0.32973655805307556,0.22443866148458563,0.12684634299072992,0.07400516297438749,0.04849888389681526,0.02456785964509779,0.13613710529641795,0.1015625,0.09595505024220037,0.15234375,1.5B,8192
15,9,needle_8192_d50,needle,8192,9.010913347279288,23.521374548966307,94.12736131509979,0.8003006886678433,96.46623702710411,11.473449664535128,1.1587637423056836,15.644225329838191,0.04065343185249847,166.02605973556638,48.140652518719435,7.300910292913971e-09,0.9999999999989999,0.08,0.10169398488376025,2.1956721714535696,0.9972041942397503,0.8995214216025802,0.9403282800495653,0.9612882435488963,0.003014469046043189,0.2850714841854085,0.367535050753612,0.5879777428305755,0.015382697162963517,0.009882141061802506,0.004486540801127049,0.0018989337465449858,0.001037569095275148,0.00036111064332533977,0.006009435769757569,0.1015625,0.003602650254158994,0.15234375,1.5B,8192
15,10,needle_8192_d50,needle,8192,9.010913347279288,19.250104380609475,94.12736131509979,0.8003006886678433,96.46623702710411,11.473449664535128,1.1587637423056836,15.644225329838191,0.04065343185249847,81.71779772266746,22.314231548458338,1.2805330635363625e-08,0.9999999997650437,0.08,0.0744282769708255,3.425005863096153,0.9774323544323243,0.6128891397352261,0.6884906140542929,0.7735976711062182,0.053309525632701416,0.04637177504617096,0.494979578250721,0.30418751248868103,0.14632692924054222,0.09095499067196049,0.050029044093560196,0.029100287326155626,0.019600397398531075,0.009849486944099192,0.04335038799941905,0.1015625,0.03271580296249229,0.15234375,1.5B,8192
15,11,needle_8192_d50,needle,8192,9.010913347279288,20.855674684046893,94.12736131509979,0.8003006886678433,96.46623702710411,11.473449664535128,1.1587637423056836,15.644225329838191,0.04065343185249847,295.5753527060151,18.569776829332113,1.7901945483243743e-07,0.9999999912517853,0.08,0.16610824389176748,4.3590057850487165,0.9875321292347219,0.4201264592859582,0.5639471732967377,0.7168771585633467,0.13462239304972812,0.17906982103041713,0.025212289992484135,0.6948607332442758,0.03738274117387683,0.014551367470862046,0.005883545475471149,0.003201381294225049,0.002034279998554641,0.0009208834669507041,0.006362733946587532,0.1015625,0.00469140194430846,0.15234375,1.5B,8192
16,0,needle_8192_d50,needle,8192,9.010913347279288,23.23290272776707,23.26437160122257,1.9714322067874734,29.697491897779717,10.690863897184245,0.9910125488091711,14.258484819446664,0.05076921505364973,7.9259685426950455,2.036122251302004,0.43000642685085433,0.8732214630450752,0.04,0.7150831979095381,5.385033464950853,0.9675399149862075,0.2989596154390167,0.4037537883711036,0.507114429230456,0.0711429109088737,0.006943688023813621,0.07829479395433024,0.007131517298599602,0.12670693027591548,0.09606390518855679,0.04228868468168805,0.016366658955224808,0.008428944367298253,0.0027998680064350843,0.09781807622676034,0.1015625,0.0741392461749241,0.15234375,1.5B,8192
16,1,needle_8192_d50,needle,8192,9.010913347279288,18.39335373702127,23.26437160122257,1.9714322067874734,29.697491897779717,10.690863897184245,0.9910125488091711,14.258484819446664,0.05076921505364973,7.800108365248889,7.865216839592904,0.004033548462954823,0.9995634599709806,0.08,0.6879415880021804,5.85947609399442,0.945312053165265,0.23952853073008462,0.32501649277732886,0.42009490779387954,0.0626994220124435,0.012016361538395248,0.07608518294357926,0.09092359368038877,0.12816048892221754,0.1024941445894529,0.07239382155615241,0.03959295112691762,0.025217022162441146,0.011908547680183762,0.08010708613616649,0.1015625,0.06013743797240924,0.15234375,1.5B,8192
16,2,needle_8192_d50,needle,8192,9.010913347279288,24.107046993937953,23.26437160122257,1.9714322067874734,29.697491897779717,10.690863897184245,0.9910125488091711,14.258484819446664,0.05076921505364973,5.219875088427216,1.4246563636697829,0.7564952371295507,0.7398670268937656,0.0,0.7028754434886808,5.406721968701438,0.9767219199211603,0.21191757693971644,0.3160582767278798,0.4382726544844103,0.011116557932824733,0.010083380625140137,0.011255184839274101,0.00018498813320941087,0.1287522582291289,0.07801558787155038,0.019683311199485968,0.0021407118341029243,0.00045656827089342675,0.00010211008322419595,0.0843648485135957,0.10205078125,0.05660382721420632,0.15283203125,1.5B,8192
16,3,needle_8192_d50,needle,8192,9.010913347279288,16.41920311893917,23.26437160122257,1.9714322067874734,29.697491897779717,10.690863897184245,0.9910125488091711,14.258484819446664,0.05076921505364973,3.513307211920619,3.3883869107812643,0.3210967352937546,0.933956365821463,0.08,0.7514039340509626,6.584167435105913,0.8818502684276723,0.17589108286181918,0.23383931131177016,0.30792419028487195,0.10044696140234599,0.010954534910436298,0.10372435347058555,0.03916340643543434,0.281272750707273,0.230513803306489,0.16131036162619047,0.11006598705553064,0.07732098019624324,0.04330152347219484,0.12073546020882223,0.1015625,0.09013383531294981,0.15234375,1.5B,8192
16,4,needle_8192_d50,needle,8192,9.010913347279288,23.39003020035489,23.26437160122257,1.9714322067874734,29.697491897779717,10.690863897184245,0.9910125488091711,14.258484819446664,0.05076921505364973,-10.587349496781826,1.818732164800167,0.4867150172496622,0.8483023185814921,0.04,0.7574556826895171,3.968277579198481,0.986732924701538,0.5486986055925757,0.6524224477516617,0.7347812837107122,0.08272343188681752,0.19450222678746965,0.2909935628933641,0.03844758543076188,0.09460137744138472,0.05428217153174013,0.016456969254259723,0.005604685064392882,0.002412561937013472,0.0007293157612589974,0.0937701393063978,0.1015625,0.054470270754447776,0.15234375,1.5B,8192
16,5,needle_8192_d50,needle,8192,9.010913347279288,23.489961757839897,23.26437160122257,1.9714322067874734,29.697491897779717,10.690863897184245,0.9910125488091711,14.258484819446664,0.05076921505364973,14.86271644756198,9.745531912893057,0.0006458483920852938,0.999940342051579,0.08,0.6985747678877446,3.7027882774082626,0.9850036972525463,0.6298652841930701,0.7193021170638548,0.7927776360476897,0.07917656385038274,0.07104070480123426,0.27030675494399703,0.18906620875811642,0.0782552438135501,0.05099161020032097,0.024782084525385016,0.011132701158964104,0.006026051051751045,0.0023298074044027428,0.03997980701760821,0.1015625,0.031592534929099476,0.15234375,1.5B,8192
16,6,needle_8192_d50,needle,8192,9.010913347279288,20.06607586494179,23.731987975486845,1.6659857773477076,28.43701751955994,8.909482963014591,1.2980770806157778,15.201785144616245,0.045756716933852616,-10.232181541621685,18.236125849187374,4.2692385022201554e-07,0.9999999783079487,0.08,0.45360175320027263,5.637325385340173,0.8851093440700607,0.396230396684084,0.4568810633712203,0.5072799607328375,0.04378214623311672,0.10750592632519318,0.037072839159257305,0.48558806912373176,0.18321643525564243,0.134441845288375,0.08580449970273626,0.057853279634510126,0.04404819547093765,0.028137012904881374,0.07102676136900098,0.1015625,0.05219401241194204,0.15234375,1.5B,8192
16,7,needle_8192_d50,needle,8192,9.010913347279288,21.26523488266396,23.731987975486845,1.6659857773477076,28.43701751955994,8.909482963014591,1.2980770806157778,15.201785144616245,0.045756716933852616,-57.673836052417755,2.336463898420334,0.30137822306711676,0.9115423528485516,0.08,0.5933452959565929,3.5380062647344763,0.97490122013466,0.6102801372388886,0.6620896428309377,0.7198447408992921,0.2556538057883504,0.029085224056004222,0.5116350778331236,0.11926508547476726,0.3487976153822532,0.23231266854851154,0.11041146695904731,0.05394293529207145,0.032864040038752984,0.015027740880508216,0.10576386508040792,0.1015625,0.07127613768218549,0.15234375,1.5B,8192
16,8,needle_8192_d50,needle,8192,9.010913347279288,20.932565953214468,23.731987975486845,1.6659857773477076,28.43701751955994,8.909482963014591,1.2980770806157778,15.201785144616245,0.045756716933852616,-28.568444680422544,10.958180788904428,0.00020828388080273698,0.9999825840372744,0.08,0.49819599793489466,4.439337755704509,0.9721561485818611,0.5180954028853997,0.5871793242693754,0.6558631582142326,0.0727419781464449,0.07543721115680002,0.21278053438775535,0.4726306326075337,0.09596923897661451,0.059260217447737275,0.026554367238844443,0.012169551551509504,0.007649190841999843,0.003607931557465516,0.0324111354710104,0.1015625,0.017008161996189573,0.15234375,1.5B,8192
16,9,needle_8192_d50,needle,8192,9.010913347279288,18.988548113704148,23.731987975486845,1.6659857773477076,28.43701751955994,8.909482963014591,1.2980770806157778,15.201785144616245,0.045756716933852616,-55.48021072224947,3.765021409082692,0.15191094065858982,0.9707339749601179,0.08,0.4406548842125969,4.519068300925869,0.9586873259164064,0.5136753831036792,0.5913121522336049,0.6655997754301516,0.06418533023011941,0.03731694611209102,0.30001489249902374,0.048049586102891485,0.3262998502044443,0.2400533433642802,0.13678111806354634,0.07160043535822486,0.04363375779585335,0.02171672649672248,0.25922653217783387,0.1015625,0.18850391117242174,0.15234375,1.5B,8192
16,10,needle_8192_d50,needle,8192,9.010913347279288,22.118449782473462,23.731987975486845,1.6659857773477076,28.43701751955994,8.909482963014591,1.2980770806157778,15.201785144616245,0.045756716933852616,-46.36666570790112,4.941289708018303,0.042960615404562925,0.9928377487812994,0.08,0.5887224008123311,4.508818981896931,0.9482896010871336,0.4819683116237216,0.5343139768665311,0.5986887147807444,0.08736130534127096,0.0832559257076162,0.4047836769703453,0.13116282224299006,0.40730321642441386,0.28070179187555117,0.15137071110879885,0.08056647835679465,0.051353469512851614,0.02547255901593773,0.15164656036643454,0.1015625,0.10409798900623304,0.15234375,1.5B,8192
16,11,needle_8192_d50,needle,8192,9.010913347279288,25.347148614762755,23.731987975486845,1.6659857773477076,28.43701751955994,8.909482963014591,1.2980770806157778,15.201785144616245,0.045756716933852616,-36.7747398596257,3.3733971379697323,0.1531456957936643,0.9659565108829697,0.0,0.5681530230923105,6.006622205392084,0.9348554583875627,0.24510022827044178,0.3129402604592618,0.3894934529802464,0.02308521450706147,0.02263581319810193,0.043246410833834924,0.004469546825025457,0.30175688171773496,0.21835276403896478,0.12647827426751246,0.06420667056511357,0.03759219663907691,0.015621422030139335,0.245726761935885,0.10205078125,0.17981954958957946,0.15283203125,1.5B,8192
17,0,needle_8192_d50,needle,8192,9.010913347279288,19.49904576436563,22.408839830410404,1.5475018265021854,27.155392605818488,8.92132506380021,1.0031126181038355,14.223783841691576,0.06899537380595114,-8.420092676067725,22.028825997840613,1.6627276839712064e-08,0.9999999995976143,0.08,0.6745788029382418,3.697325467030611,0.9899726026201803,0.5883755010979465,0.7139988319823541,0.8434480121960167,0.06487647532542518,0.08238103088951518,0.2193601008467292,0.6146019701015805,0.038835242750796584,0.02130251296919832,0.0103973384929962,0.005647682836063018,0.0034898119561093937,0.0016233402324899798,0.009869107496233901,0.1015625,0.006958710631984116,0.15234375,1.5B,8192
17,1,needle_8192_d50,needle,8192,9.010913347279288,16.698445426033818,22.408839830410404,1.5475018265021854,27.155392605818488,8.92132506380021,1.0031126181038355,14.223783841691576,0.06899537380595114,3.5760878287255764,20.651710814447142,3.8821521058984064e-08,0.9999999985616383,0.08,0.6507534521011983,4.7988666047749415,0.9679779244226769,0.40634725814616135,0.5233046585619194,0.6515397966681409,0.07600754231084927,0.09744851869544768,0.07196764195994514,0.6136847034910387,0.07179736831963945,0.043698957557579673,0.023708807416429944,0.014102624373423104,0.00975119875851489,0.005583759848759382,0.01893627661366684,0.1015625,0.014029013682972517,0.15234375,1.5B,8192
17,2,needle_8192_d50,needle,8192,9.010913347279288,20.96837381119269,22.408839830410404,1.5475018265021854,27.155392605818488,8.92132506380021,1.0031126181038355,14.223783841691576,0.06899537380595114,-16.783966418355703,1.8688370017334819,0.3934314959303216,0.8663155514421867,0.0,0.4963271328813831,4.392546702391339,0.9884125976490687,0.4398481591875798,0.5581816521076309,0.673233282992244,0.1040502008486639,0.016760200072539533,0.0015967041617705885,0.0006497389106095883,0.05808734211931039,0.02874538053971922,0.008425236277807304,0.0032429936860644886,0.0017997167543199715,0.0007092256621009595,0.10003090350344744,0.10205078125,0.06733987290475055,0.15234375,1.5B,8192
17,3,needle_8192_d50,needle,8192,9.010913347279288,17.608133758016297,22.408839830410404,1.5475018265021854,27.155392605818488,8.92132506380021,1.0031126181038355,14.223783841691576,0.06899537380595114,-19.8296566887293,12.747150674229488,4.081398293867568e-05,0.9999970451092193,0.08,0.629084543779113,3.9808474654419164,0.9762373476069189,0.6226720546861456,0.7020090142541064,0.7764182255812606,0.4077302562214808,0.014450742434960473,0.20965679102743692,0.4522425672278493,0.06597729555732994,0.04555723810654589,0.02780512783265752,0.016722776218074813,0.011557076845099724,0.006294035772430165,0.041845355814562925,0.1015625,0.029452882543159455,0.15234375,1.5B,8192
17,4,needle_8192_d50,needle,8192,9.010913347279288,18.215538333163757,22.408839830410404,1.5475018265021854,27.155392605818488,8.92132506380021,1.0031126181038355,14.223783841691576,0.06899537380595114,-15.792011340847239,9.66789264275576,0.00068756930441394,0.9999358880034244,0.08,0.6526095607222606,4.084778254474591,0.9783119249487199,0.590670021394681,0.6819695483142189,0.7466047032365352,0.038019534076767725,0.17221917744304777,0.12073148573205139,0.593983194120804,0.098036626256018,0.06104602749206635,0.02959016544103389,0.015534121166163617,0.010087849219809899,0.004659060267016338,0.025457831864053412,0.1015625,0.016921947468933128,0.15234375,1.5B,8192
17,5,needle_8192_d50,needle,8192,9.010913347279288,18.29690210517941,22.408839830410404,1.5475018265021854,27.155392605818488,8.92132506380021,1.0031126181038355,14.223783841691576,0.06899537380595114,-14.24172010133043,19.742245675530285,6.800914867485519e-08,0.9999999971001612,0.08,0.6285165799388907,4.385907554877237,0.9705054126463863,0.5077894986631375,0.5964035724167996,0.6837612667960544,0.0011206017252966688,0.04957573632312118,0.20909705956909025,0.47296902702788196,0.17497803710158613,0.10113084400507483,0.05212483129316181,0.026807807169620865,0.016528801320186103,0.0076696439864130305,0.04659406763558145,0.1015625,0.033150557139557106,0.15234375,1.5B,8192
17,6,needle_8192_d50,needle,8192,9.010913347279288,20.01664192609546,20.974959799072195,1.7768093402227596,26.426003041714644,11.555214273374688,1.0748077721553948,18.859917418590484,0.025933722314134555,-29.47921094391495,8.212750296108425,0.004585599773896238,0.9995369249449289,0.04,0.5585043642651781,6.420817098851117,0.855127754481121,0.2723529726313148,0.31628162644857255,0.3746497227204621,0.026080406638268494,0.04093188130887049,0.09388274348612251,0.01126590505907871,0.5230010568613601,0.40034136689489747,0.26548299262950287,0.16887735295341477,0.11877769012963509,0.06698730994468798,0.28391700142217896,0.1015625,0.22344989233062176,0.15234375,1.5B,8192
17,7,needle_8192_d50,needle,8192,9.010913347279288,19.773679628645617,20.974959799072195,1.7768093402227596,26.426003041714644,11.555214273374688,1.0748077721553948,18.859917418590484,0.025933722314134555,-69.8023616252467,5.881545612588525,0.042670746633671604,0.9944524799550373,0.08,0.4661455783719507,1.5062184866509623,0.9769564732401896,0.8637552653000227,0.8722047349896735,0.8827400254921722,0.0018694287340563776,0.04433047673224344,0.846449297776361,0.01662704305697817,0.4372475291367468,0.35190281106377275,0.24038999227643876,0.15971966561166898,0.11523882476423972,0.06451177922479188,0.22149170176421942,0.1015625,0.16887878083955676,0.15234375,1.5B,8192
17,8,needle_8192_d50,needle,8192,9.010913347279288,30.419128776976027,20.974959799072195,1.7768093402227596,26.426003041714644,11.555214273374688,1.0748077721553948,18.859917418590484,0.025933722314134555,-16.72662279009819,16.483867187052965,1.220273935534868e-06,0.999999930625539,0.08,0.34567094354284306,3.8046845936482563,0.9906787748381632,0.572107619536132,0.667605481448434,0.7736167494350173,0.016169132669022424,0.038613467465983264,0.24429548587626668,0.5646068450936096,0.04880943265128675,0.019208644436716247,0.004347008060205227,0.0017677872547236827,0.001035318297607675,0.0004455630990829549,0.005057615917215518,0.1015625,0.0032679469120014378,0.15234375,1.5B,8192
17,9,needle_8192_d50,needle,8192,9.010913347279288,24.151619609284733,20.974959799072195,1.7768093402227596,26.426003041714644,11.555214273374688,1.0748077721553948,18.859917418590484,0.025933722314134555,-24.027781393378973,4.151269111782312,0.16466729289049473,0.9707659308416279,0.08,0.6146264395615936,6.633391599516429,0.9051398073638593,0.1410824071423483,0.19075657851963282,0.2633220358988012,0.15224301477844548,0.0007242514448111415,0.03902137570091776,0.04347387684931896,0.22753356294290106,0.14309767767203027,0.08062116747196367,0.04863814542619478,0.03127714931462923,0.015390547496940334,0.0888185655480672,0.1015625,0.07058483261341353,0.15234375,1.5B,8192
17,10,needle_8192_d50,needle,8192,9.010913347279288,19.535207838735214,20.974959799072195,1.7768093402227596,26.426003041714644,11.555214273374688,1.0748077721553948,18.859917418590484,0.025933722314134555,-26.534941591322422,18.46551548363641,1.9582050186723223e-07,0.999999990340139,0.08,0.4752962352546129,5.668346048095426,0.8977537968328824,0.3826384391438586,0.44142241373463625,0.49606343004747694,0.08765170503004494,0.06659349578691032,0.18455432975879696,0.2830393236851217,0.18670614304193256,0.15232852142383976,0.10762235904648362,0.07539497828737088,0.057831531574975704,0.03628197148709781,0.1213723008458213,0.1015625,0.09703129389772372,0.15234375,1.5B,8192
17,11,needle_8192_d50,needle,8192,9.010913347279288,18.09430918957719,20.974959799072195,1.7768093402227596,26.426003041714644,11.555214273374688,1.0748077721553948,18.859917418590484,0.025933722314134555,-59.433249849418644,13.168174961057957,9.84495599312357e-05,0.9999932982535117,0.08,0.6171424671780678,2.2352837207014247,0.955060968003266,0.8012614761425698,0.8187380697704575,0.83816343687844,0.23812050343939806,0.02929826583851458,0.7593120850323304,0.00825714996195422,0.5748999579255764,0.5035149386803432,0.37094857876901416,0.26220610124752425,0.20126303844500734,0.12603436321760556,0.3696156168776398,0.1015625,0.3028709177218117,0.15234375,1.5B,8192
18,0,needle_8192_d50,needle,8192,9.010913347279288,25.112894275975172,24.398214028747944,1.3487890154201312,28.307954259602656,8.911523760386942,0.833518903788395,12.477299462608192,0.08691366373775346,-9.370212206616998,14.713748451322317,6.463298642640339e-06,0.9999995900753238,0.08,0.40450026333279526,4.966804998217712,0.9709022812382279,0.32454153094950483,0.49057021368767983,0.6292616330909169,0.03997470530576375,0.09868975392080565,0.05907756325515846,0.5600040270936277,0.1149112822521486,0.06531147295118822,0.035294604754556175,0.01922023371719529,0.012880030383229848,0.00644627767531643,0.023524288589746967,0.1015625,0.016478785685045856,0.15234375,1.5B,8192
18,1,needle_8192_d50,needle,8192,9.010913347279288,20.196944700944492,24.398214028747944,1.3487890154201312,28.307954259602656,8.911523760386942,0.833518903788395,12.477299462608192,0.08691366373775346,-54.519637290388346,0.3988478761166334,0.7704203468162676,0.5887139314909293,0.04,0.44320797268818024,6.3241407117724835,0.9298137315953505,0.1627869429828694,0.2239240915215144,0.3055821535443333,0.020915089082303773,0.00781714458070959,0.07011404544406395,0.037702450947223395,0.148084862360143,0.1277223900056223,0.09025912847840485,0.054797636281483875,0.03213553948291394,0.013191671522643729,0.09687540534009868,0.1015625,0.06513680000928151,0.15234375,1.5B,8192
18,2,needle_8192_d50,needle,8192,9.010913347279288,25.623356689701605,24.398214028747944,1.3487890154201312,28.307954259602656,8.911523760386942,0.833518903788395,12.477299462608192,0.08691366373775346,-18.368015637621284,20.670900858938694,3.013431252734658e-08,0.9999999989450428,0.08,0.3532880200064894,4.1372987434507165,0.983081150532083,0.5675877587253235,0.6762292313384255,0.7559515956432179,0.032787508596322346,0.21707024151138576,0.09130569758535304,0.6636581489827795,0.0951937865469799,0.06162714330092957,0.028358876818004884,0.012844529867355504,0.007388230920234996,0.0030481370350087665,0.017912092627480194,0.1015625,0.010977020883504255,0.15234375,1.5B,8192
18,3,needle_8192_d50,needle,8192,9.010913347279288,18.32153631811772,24.398214028747944,1.3487890154201312,28.307954259602656,8.911523760386942,0.833518903788395,12.477299462608192,0.08691366373775346,-23.699199460446835,5.6157144494354725,0.033938785169503646,0.9952389456721079,0.04,0.4953457049663997,6.166971470599255,0.9298421235682279,0.1703794530013399,0.2674672897837936,0.3777569418321054,0.05675430346533017,0.004523905741901646,0.017833029541277516,0.08165104438111472,0.18610489515397663,0.15107551783818374,0.10622359413752176,0.06307957419824653,0.04127100474820616,0.0200465217405342,0.06275366445084969,0.1015625,0.04688398418046249,0.15234375,1.5B,8192
18,4,needle_8192_d50,needle,8192,9.010913347279288,25.79438256873871,24.398214028747944,1.3487890154201312,28.307954259602656,8.911523760386942,0.833518903788395,12.477299462608192,0.08691366373775346,-32.23109624534845,6.42332423850894,0.02488354522421831,0.9966904977030243,0.08,0.34750196598377797,3.9355666300671768,0.9779453207590368,0.6079326412969189,0.665235976633606,0.7329017419867099,0.04515379434447952,0.022358102344907538,0.037609547805614735,0.6070045795916346,0.12985637435893171,0.08468288281691468,0.04332385141393037,0.020519166016114358,0.011937071743814356,0.004512066902752215,0.05133423506429297,0.1015625,0.03030284141537918,0.15234375,1.5B,8192
18,5,needle_8192_d50,needle,8192,9.010913347279288,22.04860472838409,24.398214028747944,1.3487890154201312,28.307954259602656,8.911523760386942,0.833518903788395,12.477299462608192,0.08691366373775346,-10.788426846265793,11.821937177330256,9.417323800773828e-05,0.9999926568573859,0.08,0.37185785997405596,5.560545168297346,0.9434493176645539,0.2515478196074531,0.39121406160316224,0.5360888243008308,0.06353519401841445,0.02290133307536449,0.05459589873088992,0.5185096669284268,0.12942071024017532,0.08615862830446379,0.05531316221088041,0.03449960815405904,0.024929151071776626,0.014826273694713284,0.04210056160039061,0.1015625,0.03222707188124344,0.15234375,1.5B,8192
18,6,needle_8192_d50,needle,8192,9.010913347279288,14.389376918585649,25.547074248198946,0.8907918242386388,28.353016496295883,12.021889422137292,0.9311603405207,17.647850007000834,0.027483561137121557,100.85239714104682,2.3361408645287156,0.37780107529425866,0.8994995213955909,0.08,0.5057692382713421,7.24140147039288,0.7458018073752659,0.17300071553425517,0.19230855018019208,0.22394858614989005,0.16035378591601912,0.0010168348671744099,0.14467224149936073,0.0623634864269912,0.44369374960674307,0.32429067289753155,0.2018813356008664,0.13691696815818696,0.10754280307548886,0.0743750477917684,0.18879484317795422,0.1015625,0.14638262483801526,0.15234375,1.5B,8192
18,7,needle_8192_d50,needle,8192,9.010913347279288,21.021117928718905,25.547074248198946,0.8907918242386388,28.353016496295883,12.021889422137292,0.9311603405207,17.647850007000834,0.027483561137121557,207.51936551881954,5.864431618247181,0.019435347631725417,0.9971693509611017,0.08,0.5285157893057616,4.901646187094754,0.9725311167249123,0.3765635364184448,0.5046156203933828,0.6389032931775515,0.009368401487002131,0.040812416066767554,0.11209605555442456,0.5201070721778382,0.04748915790324315,0.02995859064568207,0.01527315240421036,0.007822799413725628,0.004822834108256603,0.002108117068641295,0.013237557279629279,0.1015625,0.007877140646653232,0.15234375,1.5B,8192
18,8,needle_8192_d50,needle,8192,9.010913347279288,34.45265202057056,25.547074248198946,0.8907918242386388,28.353016496295883,12.021889422137292,0.9311603405207,17.647850007000834,0.027483561137121557,230.33840725570917,43.140070958063006,7.300910301305199e-09,0.9999999999989999,0.08,0.41543242291728805,1.0871752561978318,0.9995360324603919,0.9821070592433204,0.9894133175763363,0.9940316194650303,0.15191568127948685,0.07638163246987517,0.04329127938400264,0.9411640803414772,0.0012669689241546433,0.0006084898038802388,0.00015507914099764812,3.657003082076525e-05,1.3236423930909653e-05,2.351150592894996e-06,0.001485807641525905,0.1015625,0.0008389141281623307,0.15234375,1.5B,8192
18,9,needle_8192_d50,needle,8192,9.010913347279288,20.953768383215053,25.547074248198946,0.8907918242386388,28.353016496295883,12.021889422137292,0.9311603405207,17.647850007000834,0.027483561137121557,247.06282574869692,2.5159508492797613,0.2667548450916405,0.9251588666334559,0.08,0.6021151823782809,5.493022987725106,0.9478858245888689,0.2892524275728577,0.4070708925290756,0.5302239056376792,0.006910544795815099,0.03858339568957092,0.05551673675672997,0.426249465632158,0.06598364429866241,0.042739266461920944,0.024360955516933562,0.015734883899406468,0.011102778414722098,0.00644124355254782,0.01946675851082292,0.1015625,0.015040734869937159,0.15234375,1.5B,8192
18,10,needle_8192_d50,needle,8192,9.010913347279288,21.12536138445515,25.547074248198946,0.8907918242386388,28.353016496295883,12.021889422137292,0.9311603405207,17.647850007000834,0.027483561137121557,279.83741423487663,5.538382112048566,0.02564905940611313,0.9960805909905872,0.08,0.6185693389345278,3.0836081048225763,0.9767657663652314,0.6880493119022741,0.7376873327229756,0.7923513444578105,0.06970719958777494,0.008763172742384029,0.0006485860440859248,0.7836197797352047,0.058571331135416946,0.040568487074867494,0.024034335991980852,0.013436496641674213,0.008901254632999588,0.004414133826891953,0.017911763804803884,0.1015625,0.013070446291846784,0.15234375,1.5B,8192
18,11,needle_8192_d50,needle,8192,9.010913347279288,24.142923493897303,25.547074248198946,0.8907918242386388,28.353016496295883,12.021889422137292,0.9311603405207,17.647850007000834,0.027483561137121557,198.124542218633,28.509243012405932,7.3123188727423874e-09,0.9999999999985842,0.08,0.41481603322704813,3.3912533871844808,0.9930676944994531,0.6622155090430296,0.7919253619461366,0.8764829467656384,0.25062828406054294,0.1825150097948196,0.0498321656663074,0.8428890645838338,0.015560515554222522,0.010248890587984276,0.005537370398027312,0.002606579089788663,0.0014276113828359978,0.0005056846300181005,0.004614504774442376,0.1015625,0.002938399813871279,0.15234375,1.5B,8192
19,0,needle_8192_d50,needle,8192,9.010913347279288,22.621007332960353,24.411748009599535,1.9570695474171431,31.041435315189556,9.726078618553545,0.7871154339366133,15.319681673032672,0.07460530210322971,-2.0153059880249202,5.4562708591111,0.05486232968391737,0.992381965781774,0.0,0.7144623746921012,6.1100175711905615,0.931278909239913,0.17084478826236238,0.25750716060289824,0.38671622264451383,0.11135871199318714,0.004204391800429974,0.027563041302455803,0.0006251857780432489,0.3249720521798752,0.2246569728456601,0.11890515068305288,0.06137615242003918,0.0381536696246028,0.018122308886988903,0.14990189677962787,0.10205078125,0.11266449880056828,0.15283203125,1.5B,8192
19,1,needle_8192_d50,needle,8192,9.010913347279288,25.77689018838986,24.411748009599535,1.9570695474171431,31.041435315189556,9.726078618553545,0.7871154339366133,15.319681673032672,0.07460530210322971,1.154656604398042,3.0217410479672253,0.28179216516035893,0.9346958927984776,0.0,0.719599895227948,5.0391614123885935,0.9788956233134618,0.2684415011351741,0.39887415849254887,0.5746248371701138,0.046049962784366905,0.003010654756254283,0.012932836845839927,0.0004080248738488972,0.13198161934313085,0.0756677578000525,0.028195197325209795,0.011575146470485142,0.00613453094788293,0.0018644717336599522,0.06457405577977514,0.10205078125,0.05057655925551127,0.15283203125,1.5B,8192
19,2,needle_8192_d50,needle,8192,9.010913347279288,18.124701517212447,24.411748009599535,1.9570695474171431,31.041435315189556,9.726078618553545,0.7871154339366133,15.319681673032672,0.07460530210322971,-23.92062806710601,3.806270984467119,0.12954228696293324,0.9745083624519543,0.08,0.7529791115911184,5.492560286174371,0.9149408899669652,0.35717798078828683,0.4125322211190666,0.4807081412792195,0.11802622225542181,0.021765096186359356,0.26675561404110554,0.01616828140534365,0.3325850386546502,0.2641059855759473,0.15954202245644827,0.09410028672455358,0.06572730281703333,0.035658994975784515,0.3247512755012017,0.1015625,0.27869175021540254,0.15234375,1.5B,8192
19,3,needle_8192_d50,needle,8192,9.010913347279288,28.559067701461906,24.411748009599535,1.9570695474171431,31.041435315189556,9.726078618553545,0.7871154339366133,15.319681673032672,0.07460530210322971,52.55755556747317,20.940079914405942,2.8057569336530555e-08,0.9999999990634254,0.08,0.6875457869072917,2.351498622556971,0.9968152987746719,0.8253123648180073,0.8793505620892544,0.9228658070406185,0.003944565698983382,0.24582292693263774,0.0006063736529600242,0.007834820376686423,0.017302599490859116,0.009117060439406523,0.0032117592594909064,0.0010780466646114464,0.0004845193560947732,0.00013690463901527947,0.0074843801738283516,0.1015625,0.006070931382526792,0.15234375,1.5B,8192
19,4,needle_8192_d50,needle,8192,9.010913347279288,18.121507826175666,24.411748009599535,1.9570695474171431,31.041435315189556,9.726078618553545,0.7871154339366133,15.319681673032672,0.07460530210322971,18.06464519398287,5.417008265387267,0.04458896547930826,0.9933727708974326,0.08,0.6839458992872174,6.3677695584124105,0.9030319236941173,0.22175152569631085,0.28147266217222106,0.34985444847536645,0.2425275280678445,0.0019369321803033301,0.018367740660980125,0.08874057840265642,0.2541193517984093,0.19215128084144892,0.11564855206313442,0.07154348694162808,0.048760475915695996,0.024194086610920876,0.05524429178618449,0.1015625,0.0469177847343517,0.15234375,1.5B,8192
19,5,needle_8192_d50,needle,8192,9.010913347279288,25.616623799729798,24.411748009599535,1.9570695474171431,31.041435315189556,9.726078618553545,0.7871154339366133,15.319681673032672,0.07460530210322971,-43.80576964863576,1.6571445467416197,0.6194890365777197,0.8143218913240796,0.0,0.7432080846692521,4.4729167205626315,0.9858775293467414,0.31077209898235336,0.47930030350609115,0.7334482455361543,0.05405244813140264,0.044523872814991705,0.10586088291494615,0.0005929686475060206,0.0843126147136864,0.055187812878658135,0.023044385538730686,0.008094887601682907,0.0036260913154219543,0.0010238742265767464,0.07630211514861876,0.10205078125,0.046050855470901216,0.15283203125,1.5B,8192
19,6,needle_8192_d50,needle,8192,9.010913347279288,24.354251031482026,21.481706782131237,1.2241975583685414,25.271783114827933,8.565510758202983,1.1175814097093262,15.42845926550962,0.03615933273919298,-16.12277639657259,14.23487589508295,1.0025483141558075e-05,0.9999993424616616,0.08,0.4349991587928293,1.6909024824121932,0.9872942437956974,0.8526504154987733,0.8686341126374758,0.8904214001800015,0.07705961194337822,0.000577475044871989,0.008998602432160583,0.8644868841419283,0.06183259752523581,0.04362218824673606,0.023583208147294952,0.012129459267563331,0.007271350240150338,0.0031060902529242624,0.028875230147137283,0.1015625,0.021068908880199425,0.15234375,1.5B,8192
19,7,needle_8192_d50,needle,8192,9.010913347279288,22.630839148239378,21.481706782131237,1.2241975583685414,25.271783114827933,8.565510758202983,1.1175814097093262,15.42845926550962,0.03615933273919298,-33.9432110870257,14.621706895530224,6.988833096602466e-06,0.9999995532027552,0.08,0.4960106093203606,4.058112863491778,0.9601885189837924,0.5803674728577087,0.6577063969031225,0.7349394254257428,0.13481815363653338,0.017451345167844856,0.3500637801007313,0.4130014290232736,0.12263352842025628,0.09022406433129976,0.05985493112576934,0.040269171780638484,0.02932443022286916,0.01700279164761376,0.048136849495009244,0.1015625,0.03763365349529684,0.15234375,1.5B,8192
19,8,needle_8192_d50,needle,8192,9.010913347279288,19.802576609512716,21.481706782131237,1.2241975583685414,25.271783114827933,8.565510758202983,1.1175814097093262,15.42845926550962,0.03615933273919298,-47.33230903442018,14.926202152273618,5.31735082892742e-06,0.9999996676607151,0.08,0.4338556021758066,4.500567550809754,0.9289594581843391,0.5323828404024966,0.5729337859765533,0.6241357923443164,0.3882127118547718,0.05399560783782986,0.4127582519257394,0.20685643770160736,0.32710333768536015,0.2601138961106167,0.18265361091730203,0.12079825937674431,0.08742677594987487,0.049698413169754756,0.1779145193378774,0.1015625,0.136597716841074,0.15234375,1.5B,8192
19,9,needle_8192_d50,needle,8192,9.010913347279288,24.91278103327122,21.481706782131237,1.2241975583685414,25.271783114827933,8.565510758202983,1.1175814097093262,15.42845926550962,0.03615933273919298,-44.519846335519105,11.789200987201184,0.0002689960298021614,0.9999792702614019,0.08,0.39736107506145907,5.278577337908311,0.9237164689267383,0.3811728606511647,0.4247713209678639,0.485533580130936,0.07008882349597201,0.008442306150493462,0.3170636741946503,0.14946777355089014,0.38669308624634363,0.27775171501485935,0.15709610125201992,0.09693321411761446,0.06777520623818833,0.03740318191739867,0.11844520475122478,0.1015625,0.08889221364229652,0.15234375,1.5B,8192
19,10,needle_8192_d50,needle,8192,9.010913347279288,21.59804539701605,21.481706782131237,1.2241975583685414,25.271783114827933,8.565510758202983,1.1175814097093262,15.42845926550962,0.03615933273919298,-56.94867398682982,0.7176273603545269,0.6327338075982254,0.6720822162344174,0.08,0.39966872296142847,3.5251560946063614,0.9740702101043948,0.6204836747589332,0.696658168507039,0.7689123281761854,0.10558657991743114,0.052800086138037994,0.5056558761986202,0.1681230895263213,0.23737497387107215,0.1665215680161281,0.09903255321979462,0.05894364950908973,0.03976573009276779,0.020791659024910713,0.10485936115653213,0.1015625,0.08290346164881791,0.15234375,1.5B,8192
19,11,needle_8192_d50,needle,8192,9.010913347279288,24.55841717384269,21.481706782131237,1.2241975583685414,25.271783114827933,8.565510758202983,1.1175814097093262,15.42845926550962,0.03615933273919298,-25.38966573169455,27.811987994704396,7.326493856131787e-09,0.9999999999980638,0.08,0.4516050427586429,2.7459024687543088,0.9921569516908493,0.8148122018914846,0.8722454963156336,0.9139776939623322,0.21777779885291948,0.16436103978380534,0.10319480035286267,0.8058714515693659,0.027856402098558372,0.018449039479087985,0.009950895981679496,0.005110741667630393,0.003167372391298423,0.0013762657587711924,0.011267283163694962,0.1015625,0.007510783325131052,0.15234375,1.5B,8192
20,0,needle_8192_d50,needle,8192,9.010913347279288,19.204022615465906,23.453277119697052,1.3032750376310582,27.00363345886469,11.110538913480488,1.8714093349349632,15.161650486092322,0.1185246737081764,-22.81743980385363,13.313051572069526,2.3663656965644575e-05,0.9999983472184027,0.08,0.5481727484892083,3.54176638388071,0.9692472801584138,0.6745054604315864,0.7260477918703399,0.7685951920606622,0.20876598472901142,0.15685281579761234,0.056152887145644,0.6882710817923553,0.1348680448026228,0.0956421108420978,0.056303971934882076,0.03297213128146355,0.02146808409094724,0.01084628516448503,0.06501182507122243,0.1015625,0.05029333087836035,0.15234375,1.5B,8192
20,1,needle_8192_d50,needle,8192,9.010913347279288,19.841798055569726,23.453277119697052,1.3032750376310582,27.00363345886469,11.110538913480488,1.8714093349349632,15.161650486092322,0.1185246737081764,-72.26257224730216,10.524042715551332,0.00036952342120147584,0.9999689434195109,0.08,0.5111530467250294,3.1137515056559284,0.9479013431658054,0.7449032868108668,0.7634451631953992,0.7820631202762787,0.16391091671006475,0.022313073705629627,0.56102983433829,0.014070010705037864,0.43387223668654074,0.3536980827687708,0.24408782929164374,0.15936981772082312,0.11575977752165241,0.06706212374138565,0.3325722284676006,0.1015625,0.2778211365763352,0.15234375,1.5B,8192
20,2,needle_8192_d50,needle,8192,9.010913347279288,17.481565923089864,23.453277119697052,1.3032750376310582,27.00363345886469,11.110538913480488,1.8714093349349632,15.161650486092322,0.1185246737081764,-59.06614361330867,4.579622499644756,0.05674860413281843,0.9898428189727447,0.08,0.6142641069650957,3.671032964417525,0.9594897937944298,0.6330029367873306,0.6888166226299626,0.736729898348533,0.024484874467615825,0.0364627559333206,0.48236155835072886,0.12119526219802887,0.20446247878969137,0.14604606091445987,0.08985863535806371,0.057432670623070066,0.04124547908526957,0.023693684313526937,0.1588373174967918,0.1015625,0.1170742558164528,0.15234375,1.5B,8192
20,3,needle_8192_d50,needle,8192,9.010913347279288,17.960772216570664,23.453277119697052,1.3032750376310582,27.00363345886469,11.110538913480488,1.8714093349349632,15.161650486092322,0.1185246737081764,-51.82324150390923,2.4790379144251347,0.30514452070876846,0.9186921302519269,0.08,0.5432671583544971,5.205629260511836,0.9714997541831121,0.30509239543286204,0.3904869720010138,0.5056105330048837,0.023112351809146503,0.004309388819693338,0.01598330966724159,0.006095988435941708,0.11401425402617754,0.08958408132790982,0.03817813727375596,0.01857957815041948,0.011038662139631538,0.004853867964343578,0.17863778978362702,0.1015625,0.12263035985563972,0.15234375,1.5B,8192
20,4,needle_8192_d50,needle,8192,9.010913347279288,17.366367353434125,23.453277119697052,1.3032750376310582,27.00363345886469,11.110538913480488,1.8714093349349632,15.161650486092322,0.1185246737081764,-62.561684949323535,2.7100468130083755,0.3252163841701728,0.9223059043060682,0.08,0.6466968355109376,5.177189940239423,0.9284966195281075,0.40321463731355645,0.4469100356167501,0.5011452197041386,0.21393154462935504,0.004266672988727294,0.3255314584848563,0.047237743303267035,0.3492429555769547,0.22347641317398986,0.11169424352682072,0.07348520590127094,0.052522987459032056,0.028202418801222966,0.2527116991908137,0.1015625,0.18708366552873815,0.15234375,1.5B,8192
20,5,needle_8192_d50,needle,8192,9.010913347279288,17.13968502516985,23.453277119697052,1.3032750376310582,27.00363345886469,11.110538913480488,1.8714093349349632,15.161650486092322,0.1185246737081764,-68.95462820958346,0.8017886998131871,0.9974963144125317,0.6098065856700073,0.08,0.6630785349501255,4.170248062913915,0.9500949781020938,0.5447677529722188,0.5900787995341573,0.6490223352568345,0.26034178921150497,0.0136026108656635,0.45741909493014443,0.04273149582074812,0.3251081202046231,0.22411969241716934,0.11438884305422047,0.06679054105589935,0.04681586507900699,0.02398974458673717,0.23732028128030314,0.1015625,0.18952535945341056,0.15234375,1.5B,8192
20,6,needle_8192_d50,needle,8192,9.010913347279288,16.54982634394561,20.986212474992872,1.4681540767558507,25.263142409230525,10.555318317489313,1.6022502388265132,18.70199787900976,0.06783684662545321,-31.32567474199459,2.1390796513296664,0.3626823285697348,0.8914398499070868,0.08,0.7400262940114914,5.212270917393649,0.8994772997753188,0.4160350005950049,0.44468319979712956,0.48191914725999724,0.20549316603830708,0.025448541085393184,0.3678116789376711,0.0350903850304914,0.5436364497686313,0.38120182346205705,0.2326077964392064,0.14598198851618915,0.10595834010002558,0.06166556746237112,0.3812295418372084,0.1015625,0.2973355910394554,0.15234375,1.5B,8192
20,7,needle_8192_d50,needle,8192,9.010913347279288,20.143611103588597,20.986212474992872,1.4681540767558507,25.263142409230525,10.555318317489313,1.6022502388265132,18.70199787900976,0.06783684662545321,8.002115540206432,8.730851739645004,0.0019467784397110455,0.9998053541414517,0.08,0.5035893388804583,4.3547401046813246,0.9322379299877981,0.5612287209737863,0.6034672727947725,0.6442267358330036,0.06966387262750473,0.0942133792873121,0.018186278800583766,0.5698513831808043,0.1943233700459819,0.14682006775003573,0.09712208412546317,0.0640156808986935,0.04526250270723332,0.025098248375356045,0.11579296863852058,0.1015625,0.08943659358605091,0.15234375,1.5B,8192
20,8,needle_8192_d50,needle,8192,9.010913347279288,20.412030254645398,20.986212474992872,1.4681540767558507,25.263142409230525,10.555318317489313,1.6022502388265132,18.70199787900976,0.06783684662545321,-17.524817191064358,7.461413271725178,0.004871604836679218,0.9994248209553842,0.08,0.6126378263126111,4.5773886359557405,0.9229736877900766,0.5058589950771143,0.5395610426650141,0.5840097507184394,0.018187229142845235,0.011877272987042442,0.43037393604875657,0.12416298015752802,0.447519257924896,0.32914167157147617,0.19596816298412295,0.11783652463215714,0.08053705167416599,0.04424112804572359,0.29273932614388165,0.1015625,0.20824982698691924,0.15234375,1.5B,8192
20,9,needle_8192_d50,needle,8192,9.010913347279288,21.216209105889853,20.986212474992872,1.4681540767558507,25.263142409230525,10.555318317489313,1.6022502388265132,18.70199787900976,0.06783684662545321,-0.01969354460015893,15.456503159366548,3.6164599633874665e-06,0.9999997853412758,0.0,0.70880164173947,5.843878427498533,0.9550278203315615,0.2457658039281555,0.3148211448005578,0.3899775204906555,0.1786759113158789,0.02771578338583236,0.034495039371178066,0.0008535921349181965,0.23479913205856842,0.16931060123921288,0.08320398746775041,0.023166429740802998,0.011235257372749783,0.004720151399515541,0.21318827318617778,0.10205078125,0.14490730471806265,0.15283203125,1.5B,8192
20,10,needle_8192_d50,needle,8192,9.010913347279288,18.525490378763287,20.986212474992872,1.4681540767558507,25.263142409230525,10.555318317489313,1.6022502388265132,18.70199787900976,0.06783684662545321,-26.386403667740524,0.3387103481218219,1.1025970210850824,0.44506458187855386,0.08,0.7064942659506518,4.164896121759048,0.9438285999624252,0.570467349786063,0.6096249078910199,0.6559917029934784,0.08734584535040149,0.023289842724937893,0.4340489515526912,0.12476475774172643,0.2971440343684735,0.2158997393797965,0.13747133753573032,0.08417093840582236,0.0580300601028379,0.032428434129305496,0.14291659263001028,0.1015625,0.1176424290826556,0.15234375,1.5B,8192
20,11,needle_8192_d50,needle,8192,9.010913347279288,18.46059382456663,20.986212474992872,1.4681540767558507,25.263142409230525,10.555318317489313,1.6022502388265132,18.70199787900976,0.06783684662545321,-15.526349394815043,5.004491725820117,0.04004349084553935,0.9933360860092197,0.08,0.7709201168907968,4.977763464550282,0.9624678418689231,0.41277893579118263,0.49997316234353223,0.5919118151141571,0.15949327370997146,0.12057545331417874,0.1799483509827241,0.03568961856526736,0.1562761902061132,0.11895519297222501,0.06657933133649122,0.0349949294255806,0.0220431115042719,0.010396263519413633,0.12447128650763871,0.1015625,0.10430893776457835,0.15234375,1.5B,8192
21,0,needle_8192_d50,needle,8192,9.010913347279288,19.83859412887701,20.874711331059604,1.8168653089347595,26.270751788632687,7.862554651174168,0.8554921929922938,15.753616489249344,0.028353433637768228,-58.1801538951695,1.0019178218208253,0.7273905808684294,0.7098724671615753,0.08,0.6294061721617409,5.346903833081254,0.9061527063762846,0.3816933702326627,0.413935161768187,0.46434920812689623,0.06171603066956299,0.0026882998537747227,0.33743497414109935,0.03185261680535664,0.3505998904216441,0.2499085320590425,0.1341039246042629,0.07363184291342414,0.04860044916638165,0.02523786172756943,0.23547168925781053,0.1015625,0.17958584243040784,0.15234375,1.5B,8192
21,1,needle_8192_d50,needle,8192,9.010913347279288,20.109179552872778,20.874711331059604,1.8168653089347595,26.270751788632687,7.862554651174168,0.8554921929922938,15.753616489249344,0.028353433637768228,-34.67777694016695,9.306498643010855,0.0009418951642550331,0.9999088115819929,0.08,0.5555884364435667,5.068174301462026,0.9190963407671843,0.4438380624453192,0.4895793553616679,0.5546751526276656,0.12947457598479217,0.05439581850622144,0.31418298610332884,0.24015112749969258,0.2126723698067228,0.15293833079573757,0.09079385214107079,0.05352957697267535,0.036253749450686254,0.01877880771696074,0.09781338462308382,0.1015625,0.07368219590004606,0.15234375,1.5B,8192
21,2,needle_8192_d50,needle,8192,9.010913347279288,18.635846663095574,20.874711331059604,1.8168653089347595,26.270751788632687,7.862554651174168,0.8554921929922938,15.753616489249344,0.028353433637768228,-40.25077821686864,3.979603941552341,0.09901063126225489,0.9807274728548848,0.08,0.5991195914978799,5.321423986045138,0.9124948859898834,0.39584468369587095,0.4647328283662103,0.5412983696277088,0.0465524164388893,0.022869491131314534,0.2774249015301949,0.11142325265582313,0.2513949963691292,0.181413694541529,0.10724964041099402,0.06696242039113674,0.04724557282810823,0.027028042564167853,0.10376262274700805,0.1015625,0.08063115977779343,0.15234375,1.5B,8192
21,3,needle_8192_d50,needle,8192,9.010913347279288,23.300105308295503,20.874711331059604,1.8168653089347595,26.270751788632687,7.862554651174168,0.8554921929922938,15.753616489249344,0.028353433637768228,-35.40050192410126,12.4117246507667,5.4600692470428166e-05,0.9999959294300986,0.08,0.43687890806671575,3.515160013592129,0.9767235570552306,0.6648903468461441,0.715567931345974,0.7751904433366623,0.4154539085554809,0.035168605339657155,0.42494278928038204,0.3790677919699086,0.10920184071211457,0.07673432988760606,0.03916793728101247,0.019207951072794806,0.011401349208904732,0.00517108102547795,0.03701501861834415,0.1015625,0.021692379428925518,0.15234375,1.5B,8192
21,4,needle_8192_d50,needle,8192,9.010913347279288,19.900353732211993,20.874711331059604,1.8168653089347595,26.270751788632687,7.862554651174168,0.8554921929922938,15.753616489249344,0.028353433637768228,-44.80165463220328,3.2436880776658654,0.4996351370696366,0.8964830765614058,0.08,0.48257925523699724,6.489547117766746,0.8891036639127254,0.18885670991496875,0.25022421714811566,0.3222072002640966,0.03128977818763923,0.0815169151279207,0.10993495229833722,0.04709667093848182,0.2021320806358757,0.14957670506368154,0.09205324722836948,0.05576767542373003,0.0383922385415964,0.021113968075591516,0.09205307594377526,0.1015625,0.0639249421525478,0.15234375,1.5B,8192
21,5,needle_8192_d50,needle,8192,9.010913347279288,17.299018911464103,20.874711331059604,1.8168653089347595,26.270751788632687,7.862554651174168,0.8554921929922938,15.753616489249344,0.028353433637768228,-54.623791930265725,3.384065913502127,0.2544363507834575,0.9446119693986568,0.08,0.7397922835751347,4.8709834480862115,0.9095437333554809,0.4672716029892763,0.5126387755357406,0.5651276135666616,0.0020288728961515012,0.16493001697034648,0.3930917072552266,0.009539771143269836,0.29645381856219916,0.21532164826348466,0.1313336149791871,0.08246808089329391,0.059155675904030564,0.03488148474484117,0.2172269306365297,0.1015625,0.17858501058848522,0.15234375,1.5B,8192
21,6,needle_8192_d50,needle,8192,9.010913347279288,15.613297718947035,20.001486810886497,1.2867603053679815,24.497132963176846,12.991158315990482,1.7446956835316991,19.408120869864064,0.09399031144466197,-62.26308421045542,0.2105860710144043,1.2395297590606569,0.44372669086005395,0.04,0.6951090678539533,5.9571844242912935,0.9163159961866356,0.27050289298382557,0.32253963517022416,0.3927247798190566,0.15920837155074996,0.001125363002089319,0.17659250354632225,0.01454738766044079,0.2784856221713918,0.20898093923102667,0.13033261344220257,0.08139560209371148,0.05498337608773857,0.029165023531922712,0.2203590253949897,0.1015625,0.16239899017911258,0.15234375,1.5B,8192
21,7,needle_8192_d50,needle,8192,9.010913347279288,19.899441854338928,20.001486810886497,1.2867603053679815,24.497132963176846,12.991158315990482,1.7446956835316991,19.408120869864064,0.09399031144466197,-55.00014732405543,5.325271483510733,0.03065645954261892,0.9951560183962779,0.08,0.5713561668168528,3.6506634222300307,0.9511723558090949,0.6685033634905807,0.6988193274533737,0.7303220894174525,0.005520288850835442,0.05333743738312746,0.44108518060518714,0.23938793682849968,0.2579106991731975,0.19522849067155637,0.1290261826300084,0.08437052752958692,0.06203633307262887,0.03611761080574624,0.14152808088597735,0.1015625,0.10169216681075768,0.15234375,1.5B,8192
21,8,needle_8192_d50,needle,8192,9.010913347279288,17.60241386898138,20.001486810886497,1.2867603053679815,24.497132963176846,12.991158315990482,1.7446956835316991,19.408120869864064,0.09399031144466197,-54.14359344402328,3.2195360115729272,0.20425162237387942,0.9558007906010846,0.08,0.6557296866586251,5.468008347695649,0.9340911617431342,0.35645836506331646,0.4224301335575776,0.49771988695548025,0.03326713973237627,0.0225337651411448,0.17369976766533704,0.04685414866268446,0.19802368483391483,0.16158525982937924,0.10044211944572119,0.06198393113940046,0.043586940674685326,0.024745439377609445,0.15575314391105496,0.1015625,0.09076527119935789,0.15234375,1.5B,8192
21,9,needle_8192_d50,needle,8192,9.010913347279288,18.0961424871509,20.001486810886497,1.2867603053679815,24.497132963176846,12.991158315990482,1.7446956835316991,19.408120869864064,0.09399031144466197,-69.68841925635934,5.16390179656446,0.03598574123756272,0.9942332312656217,0.08,0.7075263626221245,2.5047101291489096,0.9699098645367059,0.7518278208471517,0.7743443575945607,0.8008976380069728,0.197215482843919,0.011113112427958427,0.7127824054610403,0.04727062888886424,0.5442021049639444,0.404332074895353,0.2290756047359817,0.12552489787801663,0.0799011418286139,0.04079367386881287,0.3466177222003078,0.1015625,0.2748490248154865,0.15234375,1.5B,8192
21,10,needle_8192_d50,needle,8192,9.010913347279288,19.78653185054988,20.001486810886497,1.2867603053679815,24.497132963176846,12.991158315990482,1.7446956835316991,19.408120869864064,0.09399031144466197,-42.18063534423709,7.94257589802146,0.003176221893037233,0.9996448326303619,0.08,0.600226495666177,4.712757268129996,0.9552975397352952,0.5023031660195473,0.5627347979608793,0.6278336487679358,0.10763258814168042,0.010121228495103107,0.23108163428223863,0.28030310424139493,0.1427125238873466,0.10451646072108883,0.06374405078876455,0.03987562603079492,0.027649569623711776,0.015106067143875548,0.1037905240477687,0.1015625,0.08059950733195832,0.15234375,1.5B,8192
21,11,needle_8192_d50,needle,8192,9.010913347279288,18.252232506294064,20.001486810886497,1.2867603053679815,24.497132963176846,12.991158315990482,1.7446956835316991,19.408120869864064,0.09399031144466197,-67.74061141442508,2.85491492645815,0.2815918629266204,0.9351007431107474,0.04,0.6841301312546633,5.4525048355188686,0.9625692385642937,0.2894769875664534,0.3798904614354468,0.4873899130594922,0.02055948558470516,0.03465101569816331,0.10221099820416776,0.0066687632639495535,0.22356875347809324,0.1426333149854034,0.061515151786573255,0.02550555840853467,0.01463638875473153,0.006753949475552327,0.12844071769909365,0.1015625,0.09808861103459532,0.15234375,1.5B,8192
22,0,needle_8192_d50,needle,8192,9.010913347279288,25.325934877549532,23.094876999721144,1.33390267826244,26.29874383606207,14.857600837739264,1.5530885311301237,19.449659766602164,0.07602599081448404,-63.11088108830154,29.99649115279317,7.303537623334692e-09,0.9999999999989047,0.08,0.41678222523148484,1.8406077995253203,0.997205368424434,0.9576150196966926,0.9643893007937657,0.9712805803165379,0.13340693490277467,0.031180681070268612,0.26514065290266764,0.698860218116819,0.014437947025924956,0.009512849920415,0.004589016400312599,0.002044477740160642,0.0011606977705238561,0.00042944073369954525,0.008710841101214983,0.1015625,0.005128983958739788,0.15234375,1.5B,8192
22,1,needle_8192_d50,needle,8192,9.010913347279288,23.075198980446803,23.094876999721144,1.33390267826244,26.29874383606207,14.857600837739264,1.5530885311301237,19.449659766602164,0.07602599081448404,-48.2981694675982,24.635370064526796,7.809555978515123e-09,0.9999999999790015,0.08,0.43649842306084086,2.821474356662489,0.9842547845563293,0.8046042181625999,0.8385367248901192,0.8712928454053208,0.16789197104314635,0.04820760747360886,0.40128397780081715,0.46069915136107864,0.0659596864846194,0.0488391048153093,0.029015900029526313,0.016290109592518635,0.010627137400511043,0.005271269648793962,0.03937053391758393,0.1015625,0.02593218118605347,0.15234375,1.5B,8192
22,2,needle_8192_d50,needle,8192,9.010913347279288,36.38613619949775,23.094876999721144,1.33390267826244,26.29874383606207,14.857600837739264,1.5530885311301237,19.449659766602164,0.07602599081448404,-126.0672566704452,28.44315350987017,7.3130894330039186e-09,0.999999999998556,0.08,0.3584373490151467,1.024734788625953,0.9995821248415433,0.987826657332262,0.9912446700232088,0.994747964339599,0.12646056528572558,0.09161903002722394,0.27126926690824715,0.7154671137242963,0.0019187982139219643,0.0008565196820364036,0.0001833200544513596,3.7244626146712886e-05,1.1656756460936691e-05,1.7067415750937937e-06,0.004410672197769902,0.1015625,0.002722491268106647,0.15234375,1.5B,8192
22,3,needle_8192_d50,needle,8192,9.010913347279288,22.77344160390722,23.094876999721144,1.33390267826244,26.29874383606207,14.857600837739264,1.5530885311301237,19.449659766602164,0.07602599081448404,-45.9251247420907,23.170887976884842,9.386448656274379e-09,0.999999999912492,0.08,0.4088549421363106,3.1847963110140585,0.9797817053860883,0.7821377874181715,0.8163266116529321,0.851315044825281,0.09398995884335593,0.05570447815248425,0.2593875527292294,0.5893185432682039,0.06712705703870091,0.05144498322225563,0.029746731583793876,0.016675234122850366,0.011006606420628414,0.005427424728817964,0.03376695530917392,0.1015625,0.02357075341464862,0.15234375,1.5B,8192
22,4,needle_8192_d50,needle,8192,9.010913347279288,24.22554819579127,23.094876999721144,1.33390267826244,26.29874383606207,14.857600837739264,1.5530885311301237,19.449659766602164,0.07602599081448404,-71.74156408547424,8.736376991029829,0.0018290451100562973,0.9998168122868605,0.0,0.49673743339824766,4.8573146484572725,0.9751351679340341,0.31495651059919055,0.4288883262743798,0.5685492909159919,0.07675664722539155,0.06314984538247925,0.168739181557208,0.00506252772773125,0.08323311272489052,0.057112639051146996,0.029500641825454726,0.017315859514923846,0.0118622146444185,0.006330706587093864,0.24322847316448,0.1015625,0.15509057754355307,0.15234375,1.5B,8192
22,5,needle_8192_d50,needle,8192,9.010913347279288,19.635543364631285,23.094876999721144,1.33390267826244,26.29874383606207,14.857600837739264,1.5530885311301237,19.449659766602164,0.07602599081448404,-50.23551139514893,11.826173038221896,0.00017373315434983985,0.9999868029352849,0.08,0.4401826505645076,5.288698941088178,0.9486376507595349,0.3660318322583612,0.4648598963765648,0.5526564367088016,0.04597121139792404,0.04541487299758029,0.06382012074301319,0.17454132235202213,0.11958961352100868,0.10687690503485943,0.067428953080349,0.04292427004833984,0.03104160409499619,0.018197339342479052,0.06883943011696389,0.1015625,0.05757927480930601,0.15234375,1.5B,8192
22,6,needle_8192_d50,needle,8192,9.010913347279288,13.729584573464335,24.240935823161557,1.545379359204859,28.66205853381351,11.373736219075944,3.1133703215952186,22.48329778082982,0.2222683924403113,-65.32610643841326,6.7688668387709185,0.01076382349216562,0.9986671773033665,0.08,0.4866445960751846,3.9253903685125557,0.8968279360200689,0.5947536934050746,0.6163412633284259,0.6456572371986956,0.008643349252069221,0.023758863391879714,0.5717325592009909,0.020151418188370962,0.6917852732435679,0.5566562691801421,0.3864318757654536,0.2692034375370401,0.208606352341045,0.13449310281517296,0.4137546777902533,0.1015625,0.33917716506768597,0.15234375,1.5B,8192
22,7,needle_8192_d50,needle,8192,9.010913347279288,23.862956454635793,24.240935823161557,1.545379359204859,28.66205853381351,11.373736219075944,3.1133703215952186,22.48329778082982,0.2222683924403113,-65.76427333801985,0.6299986205995083,1.049912928082098,0.49947976912781133,0.08,0.47441057651414603,3.5257106392325457,0.9927408564131114,0.662544862777194,0.778906062721112,0.8650654557001679,0.0731963264417484,0.1301087964928278,0.0960536911696432,0.025606327695134653,0.03888133651307265,0.02564399087543412,0.010744823438220589,0.0037696112230509687,0.0017819927309107757,0.0006253286900357104,0.007007151726751671,0.1015625,0.006233860906192365,0.15234375,1.5B,8192
22,8,needle_8192_d50,needle,8192,9.010913347279288,17.60059183850105,24.240935823161557,1.545379359204859,28.66205853381351,11.373736219075944,3.1133703215952186,22.48329778082982,0.2222683924403113,-60.291913722641766,7.641443903557956,0.004148954230725161,0.9995199972605404,0.08,0.4701971457799558,3.9353618179933436,0.9510862594575599,0.6194080594192224,0.665699601146292,0.7161875630159613,0.10643331010401491,0.02563249100571907,0.425864801280984,0.2091266389741141,0.17165949672827582,0.1229243145758265,0.08549620969425503,0.05705976892764184,0.04190576896405022,0.02436716935252362,0.14944326776696215,0.1015625,0.11548664483135661,0.15234375,1.5B,8192
22,9,needle_8192_d50,needle,8192,9.010913347279288,20.17554372294991,24.240935823161557,1.545379359204859,28.66205853381351,11.373736219075944,3.1133703215952186,22.48329778082982,0.2222683924403113,-46.074120020493865,5.113046729937196,0.038252639587753746,0.9938460532809154,0.08,0.5267459069961791,3.640439614813821,0.9817285531664878,0.5760299058059918,0.6370500089916129,0.7150516688608337,0.1709167660670765,0.015522916114228735,0.4598672468109866,0.20975366221353164,0.18769459003674552,0.10202549307021035,0.0354174607861149,0.015511459313515549,0.009797115840345202,0.004631901011530061,0.020420999769399092,0.1015625,0.013491473941506366,0.15234375,1.5B,8192
22,10,needle_8192_d50,needle,8192,9.010913347279288,18.484399605264677,24.240935823161557,1.545379359204859,28.66205853381351,11.373736219075944,3.1133703215952186,22.48329778082982,0.2222683924403113,-100.7386913113296,1.2443972274922999,0.7566403317556674,0.7203773159703315,0.08,0.5381906214356497,1.0638425478930338,0.9866397895448563,0.9078610210050571,0.91609518818902,0.9241642543020632,0.03965949956246284,0.1252347347334979,0.8941276879875573,0.005853004467452332,0.2817452441618249,0.22231716488452483,0.14418613312161413,0.08906015309125034,0.06087146379461246,0.03297342931000436,0.21374193625596824,0.1015625,0.17654887286816437,0.15234375,1.5B,8192
22,11,needle_8192_d50,needle,8192,9.010913347279288,18.82299066279049,24.240935823161557,1.545379359204859,28.66205853381351,11.373736219075944,3.1133703215952186,22.48329778082982,0.2222683924403113,-81.25710705388337,6.247977270744741,0.022233964857451417,0.9971131071501427,0.08,0.4383394752699301,3.6204852334802347,0.94138662428604,0.6181265169713039,0.6394662753746297,0.6699497246116863,0.2982702544853524,0.012802110503540298,0.5811690882513437,0.010385785046202146,0.4402346653907651,0.3378816238392089,0.20130792258353516,0.11745928904911769,0.0802248426963495,0.04535269011518304,0.3997429725450836,0.1015625,0.3070319697564546,0.15234375,1.5B,8192
23,0,needle_8192_d50,needle,8192,9.010913347279288,24.10959919833296,23.892624719937157,1.8241996026376543,29.966938843161152,15.823752680334739,3.008409457372785,28.389077646775924,0.11016206161796312,-83.24879015982151,3.5591745199635625,0.29779453486300855,0.937763256299092,0.04,0.586383337813245,1.671283406239309,0.9935892524223295,0.8406288920503844,0.8643778562408735,0.8912279817325247,0.17186631349060244,0.10942149005330126,0.7838929544425409,0.002207789569686853,0.05508475616083245,0.027376413495735972,0.008081762015038605,0.0034588005361072594,0.0019379665656909198,0.0007826245931463984,0.09629655408977555,0.1015625,0.0636318809240681,0.15234375,1.5B,8192
23,1,needle_8192_d50,needle,8192,9.010913347279288,24.543980042263737,23.892624719937157,1.8241996026376543,29.966938843161152,15.823752680334739,3.008409457372785,28.389077646775924,0.11016206161796312,-41.58492156676948,5.246564554574434,0.06458456138241606,0.9900482437472696,0.08,0.547291600861556,4.064418800283995,0.9934189262422795,0.4311436111152373,0.5837079985937955,0.7515308399870237,0.012077474468735971,0.009098545752697973,0.0022686181264473366,0.0024088179343971826,0.032496933944442266,0.012192485423871547,0.003957150910984688,0.0014240050575171634,0.0006421655010715178,0.0001979624000249404,0.023511070762441903,0.1015625,0.022168184348749283,0.15234375,1.5B,8192
23,2,needle_8192_d50,needle,8192,9.010913347279288,24.737957774823823,23.892624719937157,1.8241996026376543,29.966938843161152,15.823752680334739,3.008409457372785,28.389077646775924,0.11016206161796312,-43.27596291876398,0.3305088868364692,0.6858097269067214,0.5814111842794266,0.0,0.5468622543727711,4.164434003269667,0.9933894990647582,0.33405869287427353,0.4866770842886703,0.6777009477837753,0.02236134238388754,0.01785311000127443,0.0009404822480311336,0.00033423948057654564,0.011002713355041074,0.00476163823406225,0.001974390612189862,0.0007424538795484011,0.00031493502962909634,8.995633885987471e-05,0.03032965237647684,0.1015625,0.02174116864955,0.15234375,1.5B,8192
23,3,needle_8192_d50,needle,8192,9.010913347279288,18.137302986576184,23.892624719937157,1.8241996026376543,29.966938843161152,15.823752680334739,3.008409457372785,28.389077646775924,0.11016206161796312,-55.02423227392137,2.2677017527166754,0.3152998740414286,0.9057380420955535,0.08,0.6000878719539274,4.467032659679985,0.9694746140023043,0.46578096705833355,0.536055813861935,0.6249329921738941,0.08491494156883861,0.0045787282551021935,0.3048497397685435,0.017737006231134764,0.1472606890440939,0.09676648254892868,0.04441326642564622,0.023427687602276846,0.015171200857635993,0.00788477979333742,0.15852122628603071,0.1015625,0.12694500860679747,0.15234375,1.5B,8192
23,4,needle_8192_d50,needle,8192,9.010913347279288,23.45606031989134,23.892624719937157,1.8241996026376543,29.966938843161152,15.823752680334739,3.008409457372785,28.389077646775924,0.11016206161796312,-79.19471893797163,8.230640971451066,0.0025749018247894166,0.9997249956255969,0.04,0.3973542577113394,2.8842114816336295,0.9845810540587362,0.6884956069212537,0.7364157354360304,0.7920158433362547,0.04730145023062482,0.06310930011421156,0.5968976685288561,0.005730261119596123,0.07442037494316348,0.04481670598706929,0.020336020939639442,0.010501369767619352,0.006367471361675718,0.002653229277276669,0.20777124251813053,0.1015625,0.15732216713743336,0.15234375,1.5B,8192
23,5,needle_8192_d50,needle,8192,9.010913347279288,19.149234596386886,23.892624719937157,1.8241996026376543,29.966938843161152,15.823752680334739,3.008409457372785,28.389077646775924,0.11016206161796312,-61.44559712958289,4.404348740645219,0.09711570030079852,0.9831353723773043,0.08,0.5463830711736885,2.5240621678936304,0.9717692199466064,0.7730741045296957,0.7934296354153467,0.8206926952744571,0.4326063693471114,0.052259605489446415,0.6857358965875804,0.05311193015830852,0.1182595904701722,0.08763701896795713,0.04677641470136969,0.025997175181333782,0.016983192527849737,0.008707723600296586,0.09461966351171175,0.1015625,0.07487237803894055,0.15234375,1.5B,8192
23,6,needle_8192_d50,needle,8192,9.010913347279288,23.57867254047404,21.433743711208315,1.5110391316035376,25.657892674074077,12.135335544703294,1.7536908041991623,18.369163194365683,0.07908568554333766,-17.132970785722136,20.943191399797797,2.5105108341702792e-08,0.9999999991887563,0.08,0.3612056465905475,3.3001297554631224,0.9780246836721639,0.7124962227323778,0.7656182019015377,0.8219948822113072,0.07390694338106629,0.02582843170444593,0.4216057637266894,0.4023547553842556,0.10770276702658908,0.07903369164013666,0.050990749446294975,0.03120202872307556,0.020630044331080493,0.009666438215307478,0.04238665857785116,0.1015625,0.03114510065972878,0.15234375,1.5B,8192
23,7,needle_8192_d50,needle,8192,9.010913347279288,16.46176376586454,21.433743711208315,1.5110391316035376,25.657892674074077,12.135335544703294,1.7536908041991623,18.369163194365683,0.07908568554333766,-26.57125287782401,12.600593361072242,4.776028066617911e-05,0.9999965177168824,0.08,0.41142901707856344,5.599587452294632,0.8229136504564063,0.43847288694884945,0.4604726144781307,0.4944453755488314,0.09791079586662699,0.02764580381223558,0.3146927078303561,0.20698432581823054,0.4222466879299658,0.355880892355481,0.2600513612730418,0.189127980312274,0.14896973001454325,0.09940903747818336,0.21106817916887385,0.1015625,0.172924167929231,0.15234375,1.5B,8192
23,8,needle_8192_d50,needle,8192,9.010913347279288,23.905200768041666,21.433743711208315,1.5110391316035376,25.657892674074077,12.135335544703294,1.7536908041991623,18.369163194365683,0.07908568554333766,-32.69330699351849,10.08798428735463,0.0004731994841266952,0.9999576712276389,0.04,0.6414577386661077,4.360649530350876,0.9882430431947326,0.38998666412936817,0.5188077346068981,0.6955395190539378,0.05714344531763116,0.08753556938897322,0.12983626090983497,0.0010885023332444128,0.07396383185657406,0.03876714342629771,0.014791959849020844,0.005697792900852887,0.0030658615545955184,0.0012513192783308626,0.17963833380060237,0.1015625,0.09843485235499212,0.15234375,1.5B,8192
23,9,needle_8192_d50,needle,8192,9.010913347279288,25.46065798498052,21.433743711208315,1.5110391316035376,25.657892674074077,12.135335544703294,1.7536908041991623,18.369163194365683,0.07908568554333766,-22.983280453830957,29.090724239125848,7.3073041101373795e-09,0.9999999999987677,0.08,0.3849083940880676,1.8674086716867793,0.996614902209956,0.945794804204077,0.9603033624600132,0.9720324925347144,0.13197265657452495,0.008871637657028142,0.3277258014834783,0.647564102317082,0.013495820439481521,0.00983559488620928,0.005852293007471094,0.0031964872022610977,0.0019802165572634528,0.0008657297173131508,0.005851367309175015,0.1015625,0.003987515821594435,0.15234375,1.5B,8192
23,10,needle_8192_d50,needle,8192,9.010913347279288,25.435979845752357,21.433743711208315,1.5110391316035376,25.657892674074077,12.135335544703294,1.7536908041991623,18.369163194365683,0.07908568554333766,-25.014303669333458,22.30014481395483,1.2110776639862146e-08,0.9999999997923104,0.08,0.41826372335820194,1.4702008044566577,0.993649815591401,0.9052667146526354,0.9262985952955106,0.9496216999189182,0.16632771183408868,0.10598187520961533,0.760809883846971,0.19401151814019113,0.0947726002478562,0.07083466265958577,0.04552949021991697,0.027512159410639548,0.018439105643875478,0.008866042240476326,0.04675210141729504,0.1015625,0.03307015369693867,0.15234375,1.5B,8192
23,11,needle_8192_d50,needle,8192,9.010913347279288,20.616736549860605,21.433743711208315,1.5110391316035376,25.657892674074077,12.135335544703294,1.7536908041991623,18.369163194365683,0.07908568554333766,-20.643183454871178,16.12149579823017,1.714132906020867e-06,0.9999999003185612,0.08,0.3910841847399112,3.875935613136774,0.9525514794695794,0.6268443517594858,0.6745314073826847,0.7364645447241164,0.15077539829302355,0.0011802803456990585,0.4300068232975649,0.3305563144913592,0.19527492933336085,0.15662821155440879,0.10375749951008668,0.06751130777161336,0.0479858035558813,0.026730019759932815,0.09412361159605291,0.1015625,0.07125143519612781,0.15234375,1.5B,8192
24,0,needle_8192_d50,needle,8192,9.010913347279288,21.664285677211854,21.360329836289928,1.314435221502881,25.887184238177365,9.477571399009523,1.2760111609199996,18.603916081100856,0.02093561040459919,107.7141240760684,21.05392579548061,2.3138221956196296e-08,0.9999999992805411,0.08,0.584691236239974,3.453114584698874,0.9819109733301564,0.7077483057650343,0.7795465365446829,0.8315006613600636,0.10151225460859692,0.02390135134998239,0.32727543727511504,0.4767351508836517,0.04188677948095631,0.030868261750890153,0.01729801715183879,0.009527587663837763,0.006102072038011387,0.0029193103187699766,0.02388107622088451,0.1015625,0.015616209129736054,0.15234375,1.5B,8192
24,1,needle_8192_d50,needle,8192,9.010913347279288,19.41073351435587,21.360329836289928,1.314435221502881,25.887184238177365,9.477571399009523,1.2760111609199996,18.603916081100856,0.02093561040459919,102.36387371644378,15.829021649435163,2.255160478461554e-06,0.9999998664447766,0.08,0.6524681914718786,3.8386535179287806,0.9454280086687015,0.6593250729668716,0.6931145019277138,0.7294318766234202,0.3710558598883633,0.0038995950116227363,0.4398776382796197,0.30034712923193385,0.13092879471724475,0.10451899775470307,0.07068935952641583,0.045253585084514644,0.031158687653169304,0.016433589969255584,0.06971965208486973,0.1015625,0.05155627630656216,0.15234375,1.5B,8192
24,2,needle_8192_d50,needle,8192,9.010913347279288,19.53552491058154,21.360329836289928,1.314435221502881,25.887184238177365,9.477571399009523,1.2760111609199996,18.603916081100856,0.02093561040459919,105.0122818686068,15.32499029673636,3.619298270915514e-06,0.9999997788176672,0.08,0.5592012904419806,4.96331828450108,0.9519790554729912,0.44215230976692954,0.5334003050550812,0.6275110346972599,0.21905512626858226,0.02120464846828618,0.10415514645298675,0.4937415506265037,0.05254569510628989,0.036366562796418804,0.023867337288977986,0.016373840729667386,0.011838970650224231,0.006845430728188448,0.02225986924798464,0.1015625,0.01660971550031291,0.15234375,1.5B,8192
24,3,needle_8192_d50,needle,8192,9.010913347279288,20.263359945906792,21.360329836289928,1.314435221502881,25.887184238177365,9.477571399009523,1.2760111609199996,18.603916081100856,0.02093561040459919,94.41192000824958,14.337277874350548,9.114924672021548e-06,0.999999406295789,0.08,0.6298825560868602,2.5238628068696505,0.9746164073566023,0.7792840694864543,0.813214989365108,0.8427742834250189,0.1957210925729811,0.041865254879279945,0.6660455383158368,0.1770297133834662,0.10094916876051231,0.07898508630567677,0.05051481717519796,0.03064139485910918,0.020297212227775564,0.009961857694386192,0.056454522236537207,0.1015625,0.04189047459997822,0.15234375,1.5B,8192
24,4,needle_8192_d50,needle,8192,9.010913347279288,20.450008450683583,21.360329836289928,1.314435221502881,25.887184238177365,9.477571399009523,1.2760111609199996,18.603916081100856,0.02093561040459919,122.95797774475068,20.95698821451515,2.4742990506377242e-08,0.999999999204866,0.08,0.6540022250306056,5.002562540280081,0.9269625415517159,0.4957856171772614,0.5535249391267043,0.6020154707031475,0.052283934757749506,0.06357434844067988,0.227988063206507,0.37649578461047356,0.10957403225848814,0.08452899163933525,0.05426931476969243,0.034537676471014744,0.02354252538819,0.012209250728800039,0.05517289687157405,0.1015625,0.040483375062457624,0.15234375,1.5B,8192
24,5,needle_8192_d50,needle,8192,9.010913347279288,20.47371293681592,21.360329836289928,1.314435221502881,25.887184238177365,9.477571399009523,1.2760111609199996,18.603916081100856,0.02093561040459919,97.08832811564207,7.814420785754919,0.003900788240372128,0.9995682544490948,0.08,0.6480466290152682,5.069694861027451,0.8976027519219697,0.44776696110208924,0.4962866658698815,0.5474694479133282,0.06497386615562029,0.05538479430652821,0.38735461850076064,0.07466596241396628,0.25746441295826794,0.2044674914198211,0.13766866095442112,0.08901026218076022,0.06304879039878451,0.03572782018812414,0.14163483009052835,0.1015625,0.10900589496039591,0.15234375,1.5B,8192
24,6,needle_8192_d50,needle,8192,9.010913347279288,20.77233972765596,21.16909655996826,1.5050293299829323,24.848398866487283,22.16503229703212,7.047793135051588,56.778661317238104,0.23883590011111044,-79.71024344325997,9.809261856367812,0.000808949144578185,0.9999291212103182,0.04,0.5797824114515483,2.3486795484545087,0.9656462901229649,0.7727071580596488,0.7904908349183639,0.8097019735178506,0.012851301144108263,0.1670522793802638,0.7445189428261244,0.004116815471378633,0.5535039033769731,0.4081543225663348,0.24583141742459744,0.13930992045601265,0.09052464528829422,0.0469329193524826,0.46886522062366304,0.1015625,0.37011010659618593,0.15234375,1.5B,8192
24,7,needle_8192_d50,needle,8192,9.010913347279288,23.314329832328966,21.16909655996826,1.5050293299829323,24.848398866487283,22.16503229703212,7.047793135051588,56.778661317238104,0.23883590011111044,-52.77605950832367,17.691833902150393,4.0750956695246207e-07,0.9999999786976699,0.08,0.473676591118571,1.7158055320102399,0.9898630019462201,0.8420366975954398,0.8745913329508406,0.9105204959725102,0.016806777608500134,0.11173357133219941,0.7735484345987709,0.13758591093059636,0.18790296488953928,0.12976272093772065,0.07432931680566857,0.04678383874684722,0.032171522462166514,0.017687361785931652,0.06453062761362156,0.1015625,0.05044733219696569,0.15234375,1.5B,8192
24,8,needle_8192_d50,needle,8192,9.010913347279288,18.929705384828917,21.16909655996826,1.5050293299829323,24.848398866487283,22.16503229703212,7.047793135051588,56.778661317238104,0.23883590011111044,-43.932520035654306,20.874521793797612,2.6333995902959817e-08,0.9999999991303075,0.08,0.5157512013917651,3.502959910479368,0.9517645269107025,0.7051332919800866,0.7394361541398105,0.7732978707163929,0.22467237394441675,0.06042188007589955,0.4389956432891245,0.32414332457194395,0.14218078354122754,0.11279571243751625,0.0764601819845622,0.05540460753406257,0.04330972267275038,0.027601019888197718,0.08871023863373445,0.1015625,0.06760230069398913,0.15234375,1.5B,8192
24,9,needle_8192_d50,needle,8192,9.010913347279288,22.31760135804529,21.16909655996826,1.5050293299829323,24.848398866487283,22.16503229703212,7.047793135051588,56.778661317238104,0.23883590011111044,-67.3884501059074,7.80253916955553,0.0037085285703158622,0.9995832068070444,0.04,0.5736693967693668,4.7850549714590285,0.9518316763745353,0.4413830222625344,0.5061201177166782,0.5694303806647508,0.08517380224403648,0.011027048563299502,0.3429856721671328,0.009809882033599341,0.26992006772293214,0.21521594306019792,0.10869347670436716,0.058054060928573695,0.03398056051416293,0.014901354753903567,0.21985820758180968,0.1015625,0.17720354435233718,0.15234375,1.5B,8192
24,10,needle_8192_d50,needle,8192,9.010913347279288,20.884508110209687,21.16909655996826,1.5050293299829323,24.848398866487283,22.16503229703212,7.047793135051588,56.778661317238104,0.23883590011111044,-80.96107762889005,10.06998874223791,0.0009989824813322636,0.9999141805571669,0.04,0.5502149998633011,2.884655709073459,0.9792394057214903,0.7480753762140887,0.7784479426141419,0.8109922081932232,0.1604602910022055,0.038117895601569085,0.47345829666158384,0.005275582603986384,0.17573782952736539,0.106574051320946,0.04996525516081211,0.027084605630174827,0.017526402879071264,0.00899813137125756,0.24869399474185702,0.1015625,0.20856946288771813,0.15234375,1.5B,8192
24,11,needle_8192_d50,needle,8192,9.010913347279288,21.445863793796597,21.16909655996826,1.5050293299829323,24.848398866487283,22.16503229703212,7.047793135051588,56.778661317238104,0.23883590011111044,-78.80059520434588,4.947740049101412,0.048557387908721675,0.9922109864528995,0.04,0.6668825988929766,3.242130018000017,0.9646235196823032,0.6560128505435768,0.6817378282429972,0.7196576528694725,0.014264358534132882,0.01320869588276885,0.6088888909775103,0.0056747777335476295,0.3930333857864137,0.26053784420039255,0.11978780568548889,0.058939210416209684,0.036344400307300344,0.0169009071458095,0.407192141562252,0.1015625,0.334125631923146,0.15234375,1.5B,8192
25,0,needle_8192_d50,needle,8192,9.010913347279288,16.380208199101272,23.083009421829786,1.6446804134066275,26.588139144934228,21.94890089370684,6.55521736468841,52.72069424773391,0.22778593937314748,-59.15862110629678,12.08668636251241,7.868079008730659e-05,0.9999940726887087,0.08,0.2924487866889843,3.6539730715634255,0.9383746604195751,0.6220743029387542,0.6500492879975759,0.6888355751053438,0.09298473543294694,0.006907952764632519,0.5624806169605371,0.13795649636827922,0.497353982058023,0.3636598990818406,0.2277894305687676,0.1448312400886324,0.10405122499818069,0.05963193109772606,0.20398078066309314,0.1015625,0.15824510746531945,0.15234375,1.5B,8192
25,1,needle_8192_d50,needle,8192,9.010913347279288,18.738410286044584,23.083009421829786,1.6446804134066275,26.588139144934228,21.94890089370684,6.55521736468841,52.72069424773391,0.22778593937314748,-49.24352952465415,19.79484099522233,6.734404588827055e-08,0.9999999971429465,0.08,0.26654564849031037,3.0354442910089516,0.97722856098247,0.7329868965300353,0.7853648254364525,0.8378625525861474,0.29015020050439544,0.1708591302517375,0.4698959837618074,0.3674307653446285,0.1016529813952417,0.07420943837846988,0.04649288772566268,0.02940896407746114,0.02088008701408657,0.011482067091531966,0.039072296542681774,0.1015625,0.029282874545567352,0.15234375,1.5B,8192
25,2,needle_8192_d50,needle,8192,9.010913347279288,22.458079450466254,23.083009421829786,1.6446804134066275,26.588139144934228,21.94890089370684,6.55521736468841,52.72069424773391,0.22778593937314748,-72.70766786113381,28.93641526903957,7.308593164272931e-09,0.9999999999987206,0.08,0.19667122988695937,0.8748915644709152,0.9975674000153206,0.9576052766508214,0.9676280887007263,0.9767860998402816,0.022756664017850703,0.1592482424694408,0.8572589811485708,0.11496964520609837,0.04216158828454493,0.029618403081106956,0.016376585506337592,0.008879181723351778,0.005591435174202482,0.002564544316737625,0.017635827693511245,0.1015625,0.013238641636493043,0.15234375,1.5B,8192
25,3,needle_8192_d50,needle,8192,9.010913347279288,17.3410384769232,23.083009421829786,1.6446804134066275,26.588139144934228,21.94890089370684,6.55521736468841,52.72069424773391,0.22778593937314748,-52.231513971462846,18.599341488443315,2.9230181644511736e-07,0.9999999855555919,0.08,0.2783940978843242,3.1259419875949574,0.960747187472805,0.7540464605550802,0.786040320553355,0.8238726065743355,0.08855393207940576,0.012023610796338957,0.4649832750570183,0.35523714403648976,0.13102078839524925,0.11174473260642592,0.0818567508502107,0.056211562618249375,0.04193452308954999,0.025176344764256866,0.07091506153800486,0.1015625,0.05564605973076353,0.15234375,1.5B,8192
25,4,needle_8192_d50,needle,8192,9.010913347279288,18.812169041908845,23.083009421829786,1.6446804134066275,26.588139144934228,21.94890089370684,6.55521736468841,52.72069424773391,0.22778593937314748,-98.36896496615373,6.1660063054878265,0.015099742196776629,0.9978991892658843,0.08,0.18800181551904313,2.3671166526008545,0.9756469638844354,0.7778797817695132,0.8114367398321214,0.8475467042141777,0.11263529788773408,0.043577381037983365,0.6906256714862684,0.0026649018266003883,0.1208285191236489,0.09672340609131636,0.06565781929996992,0.04464315986754979,0.03384302239229899,0.02133299494862264,0.43166795859008406,0.1015625,0.3619482905712214,0.15234375,1.5B,8192
25,5,needle_8192_d50,needle,8192,9.010913347279288,17.42838128125421,23.083009421829786,1.6446804134066275,26.588139144934228,21.94890089370684,6.55521736468841,52.72069424773391,0.22778593937314748,-84.46398015506566,5.751522799022496,0.031900798367871394,0.995693352327758,0.08,0.4401630038350934,2.703498844035048,0.9407465359990325,0.7370658493800589,0.7484169787545704,0.7653794571887851,0.06454811976538899,0.005152365302581785,0.7195341324247401,0.010599536340112733,1.0285473360156685,0.8355457367753463,0.5637918712865397,0.36966736652887205,0.26652375387248955,0.15705492790380612,0.6608606693109352,0.1015625,0.5398584092354065,0.15234375,1.5B,8192
25,6,needle_8192_d50,needle,8192,9.010913347279288,18.719191012656292,19.56536243572821,1.974204379187062,24.880065785532636,22.188131766239177,5.352206565767509,45.684054865962395,0.09803291883256374,-42.48466075770557,10.93281704094261,0.00025084491326880803,0.9999797481548397,0.08,0.7034183333266268,3.5324021627918123,0.933284434876725,0.6326348642453212,0.656087463684312,0.6874276590490112,0.10860523203819072,0.02751408964228297,0.6001704948522943,0.015392350076639721,0.22350037770735878,0.1738865596096314,0.10993540928682158,0.07004133697519048,0.04993143641865406,0.029369265492519836,0.12596288797024996,0.1015625,0.09640771994960949,0.15234375,1.5B,8192
25,7,needle_8192_d50,needle,8192,9.010913347279288,22.06216992836791,19.56536243572821,1.974204379187062,24.880065785532636,22.188131766239177,5.352206565767509,45.684054865962395,0.09803291883256374,-51.10817925952142,21.95376490271883,2.019298522908137e-08,0.9999999994382656,0.08,0.4294520185924803,2.974777980203813,0.9914357929456185,0.7547399868216524,0.837080409330263,0.8902530022072083,0.04607093610985691,0.15994934739188582,0.31044628395837354,0.06407395920069542,0.05157149507194513,0.03277084917766443,0.016058099094381134,0.0076904611285328345,0.004760297243408178,0.002326657599570142,0.08508738822592495,0.1015625,0.07046980198070307,0.15234375,1.5B,8192
25,8,needle_8192_d50,needle,8192,9.010913347279288,21.40599359790361,19.56536243572821,1.974204379187062,24.880065785532636,22.188131766239177,5.352206565767509,45.684054865962395,0.09803291883256374,-54.467156790196896,2.1606029307004064,0.3336354307869548,0.8965524098303439,0.08,0.40399583039550774,3.1850816269631457,0.9630459725166882,0.7442740443777082,0.7708904621332374,0.7977104260358302,0.127849735949356,0.07601011590278661,0.3491019538813988,0.017266475286293895,0.15233385117828985,0.11637335990566136,0.07171021135815583,0.043704940479705266,0.030624638842908995,0.01765812472999306,0.07568992721712718,0.1015625,0.05358591246330609,0.15234375,1.5B,8192
25,9,needle_8192_d50,needle,8192,9.010913347279288,18.847217767388212,19.56536243572821,1.974204379187062,24.880065785532636,22.188131766239177,5.352206565767509,45.684054865962395,0.09803291883256374,-63.9270010497421,5.620495460811071,0.02406096618524212,0.9963782946375624,0.08,0.423997663963992,2.7050850384194445,0.9610863317135181,0.7339149262670642,0.7574133687947951,0.7867616750174216,0.028770750614196317,0.01625117150964872,0.7048985130863007,0.017029739176122216,0.15274050783089815,0.11800714566968022,0.0760346054365286,0.04840516344008714,0.0345551098882212,0.019410752768482226,0.09260056049678794,0.1015625,0.06982968918146985,0.15234375,1.5B,8192
25,10,needle_8192_d50,needle,8192,9.010913347279288,20.811986162240547,19.56536243572821,1.974204379187062,24.880065785532636,22.188131766239177,5.352206565767509,45.684054865962395,0.09803291883256374,-60.76512040308444,4.931234069925267,0.04310553400935099,0.9927813093107296,0.08,0.4370290771138325,1.8975782522084033,0.9856234250363466,0.8278022114977185,0.8562558438576807,0.8867719654374002,0.2245670278965637,0.0796527600182837,0.7627038994539524,0.07497526074210853,0.063532427735863,0.045782077703052634,0.028027661073862016,0.01745094556058469,0.012193626079264297,0.006605111699300655,0.0333635296005409,0.1015625,0.023415952240306716,0.15234375,1.5B,8192
25,11,needle_8192_d50,needle,8192,9.010913347279288,20.12618769967563,19.56536243572821,1.974204379187062,24.880065785532636,22.188131766239177,5.352206565767509,45.684054865962395,0.09803291883256374,-48.67152349493699,11.779644019610714,0.00014646571927632,0.9999890985669371,0.08,0.5649443103324949,3.547811486548386,0.9681762593874227,0.7246547646636814,0.7670999345564973,0.806270058640928,0.021640599664214166,0.04821266509543043,0.4327312185344942,0.03214395720188684,0.12073262084421821,0.09525611596746608,0.06154262267131755,0.03887365751607687,0.027171007902227564,0.01495383514986472,0.13922312280940277,0.1015625,0.11902388083873292,0.15234375,1.5B,8192
26,0,needle_8192_d50,needle,8192,9.010913347279288,25.705774782872194,22.371252653963015,2.006594563672423,28.213707880032054,26.599952185131144,9.648790275406178,69.4116263213784,0.20549739181187182,-47.14755509234965,10.750342853367329,0.00027990114182690654,0.9999766234476981,0.08,0.4065249344090638,3.858074452367168,0.951979451504421,0.6083116202968681,0.6453699073866502,0.6841955311211647,0.05855503810467022,0.0011370903626874984,0.5189948294596017,0.11568707229529437,0.12038644342617028,0.0963543237435256,0.06778490189786376,0.04634641874509145,0.034151577762449946,0.018594497384757526,0.07115060802080712,0.1015625,0.057466839802570335,0.15234375,1.5B,8192
26,1,needle_8192_d50,needle,8192,9.010913347279288,17.393352752176426,22.371252653963015,2.006594563672423,28.213707880032054,26.599952185131144,9.648790275406178,69.4116263213784,0.20549739181187182,-61.68530734768137,8.552273347508162,0.002105220788651653,0.9997861484664039,0.04,0.4335221826104488,4.2086844413034985,0.9422065544271643,0.5517937649192071,0.5919672274191755,0.6325667555306217,0.029619098186091986,0.09240983002874481,0.4973516521769639,0.006555047772265343,0.18967462066671908,0.14897189575946312,0.09125201706470695,0.05706779881498578,0.03879189038958396,0.022207027933226767,0.2320322495024005,0.1015625,0.180588254947636,0.15234375,1.5B,8192
26,2,needle_8192_d50,needle,8192,9.010913347279288,18.209458281649166,22.371252653963015,2.006594563672423,28.213707880032054,26.599952185131144,9.648790275406178,69.4116263213784,0.20549739181187182,-60.12698745680973,4.399584943894297,0.06660448365078951,0.987777831557295,0.04,0.5516038153113353,4.482198847722011,0.9504820075057718,0.5031901259819326,0.5611814517493436,0.616452923645359,0.09217067300522586,0.045397013270524145,0.4052546412745615,0.0062180609441933815,0.1834819462166096,0.16547827991034286,0.09381396919773703,0.05231552663561547,0.03252394186171386,0.016125407535008955,0.2642457965081227,0.1015625,0.18179461425625879,0.15234375,1.5B,8192
26,3,needle_8192_d50,needle,8192,9.010913347279288,18.639308697509318,22.371252653963015,2.006594563672423,28.213707880032054,26.599952185131144,9.648790275406178,69.4116263213784,0.20549739181187182,-63.3144616545178,6.884827449684963,0.01273993727175933,0.9984909057737478,0.04,0.552437820937902,4.207468793183622,0.952867671736566,0.5657448642270075,0.6041387248313042,0.6454826410711988,0.17245478886293575,0.11214964502069913,0.4137895054536059,0.0067453337387174735,0.21279720250647027,0.14466546602802202,0.08148732960987155,0.04671267396530911,0.03014892801148969,0.014543598915298175,0.2866640957287408,0.1015625,0.22097047137339457,0.15234375,1.5B,8192
26,4,needle_8192_d50,needle,8192,9.010913347279288,18.161148218561802,22.371252653963015,2.006594563672423,28.213707880032054,26.599952185131144,9.648790275406178,69.4116263213784,0.20549739181187182,-58.50339380372316,9.903544300235808,0.0008901075893351274,0.9999214138551697,0.04,0.6179347676322696,3.7605632269929794,0.9565841156256687,0.608334277203285,0.6416885896255983,0.6861478324968264,0.17656209408073176,0.01555036424932199,0.5287176671691208,0.007247583899019741,0.17174187965576213,0.13984775692240667,0.08486230775513662,0.04878037833492756,0.03328184328007146,0.017256292717894483,0.2448861815326581,0.1015625,0.17991913871534843,0.15234375,1.5B,8192
26,5,needle_8192_d50,needle,8192,9.010913347279288,22.151176168943966,22.371252653963015,2.006594563672423,28.213707880032054,26.599952185131144,9.648790275406178,69.4116263213784,0.20549739181187182,-39.03086112905294,18.90986363310367,1.7979283301604866e-07,0.9999999914488406,0.08,0.4128094397896671,3.784235235216776,0.9456655463766949,0.6179600687570268,0.6469708852911363,0.6831267139725783,0.2483581020174177,0.03537281735740461,0.537618486678141,0.1300043168788767,0.14273846993540912,0.1203514828073806,0.08319848463680751,0.05368032296224836,0.03720057335854866,0.019949509417174976,0.0976057252479079,0.1015625,0.07500474067388847,0.15234375,1.5B,8192
26,6,needle_8192_d50,needle,8192,9.010913347279288,19.794239733271354,20.267700047342718,1.7016925534922145,25.252736993732565,28.31772264233402,10.25708136735281,73.9851317289458,0.2125604322441284,-57.58277320442721,13.799862958490849,3.4650025558100716e-05,0.9999977346835407,0.08,0.4295192269455992,4.481989792025122,0.9492347752582325,0.5302026058524838,0.6010776579371763,0.6663266310420055,0.43749562241115136,0.20608019788107867,0.3507447834982332,0.00931430472166601,0.24491935311603963,0.20317126160462198,0.12125843694475169,0.07065964214939362,0.047223020686600434,0.0238519970515278,0.25874809440712004,0.1015625,0.16298473090050003,0.15234375,1.5B,8192
26,7,needle_8192_d50,needle,8192,9.010913347279288,18.36079703667549,20.267700047342718,1.7016925534922145,25.252736993732565,28.31772264233402,10.25708136735281,73.9851317289458,0.2125604322441284,-42.469149714452215,11.152617948129773,0.0003982047756060839,0.9999682179458731,0.04,0.6692616674361924,5.375072868322487,0.9339016183146119,0.3629251651544818,0.4286386370483172,0.504524067890639,0.04737345285294969,0.045422994168452746,0.2714487651861329,0.009603469508355097,0.26779321480723106,0.270803956745186,0.16872509841986066,0.09292157126445212,0.058525990567194916,0.02767167829593229,0.23090199795902613,0.1015625,0.16390923132427226,0.15234375,1.5B,8192
26,8,needle_8192_d50,needle,8192,9.010913347279288,18.936571668148662,20.267700047342718,1.7016925534922145,25.252736993732565,28.31772264233402,10.25708136735281,73.9851317289458,0.2125604322441284,-56.68458457000088,2.0479455610038713,0.4226537878810631,0.8748616710322557,0.04,0.5737112941285655,4.545287852202272,0.9673642668746455,0.480159109925375,0.5795235617011286,0.6872992265951541,0.02946888945217685,0.0006953841463038235,0.19373339864062555,0.004549597218786515,0.1792747748816065,0.11936806892056566,0.07124327689476796,0.041214004255535494,0.027712192606021004,0.014643407225801687,0.13393768887307345,0.1015625,0.08383154181660162,0.15234375,1.5B,8192
26,9,needle_8192_d50,needle,8192,9.010913347279288,20.01014628683575,20.267700047342718,1.7016925534922145,25.252736993732565,28.31772264233402,10.25708136735281,73.9851317289458,0.2125604322441284,-52.34698109328747,5.339617073535919,0.03045435359364459,0.9952126048590765,0.04,0.6322235232128814,3.798843750277196,0.9423271542103792,0.6103913987119115,0.6380698964492452,0.6732115784773506,0.19041141152415375,0.003937063559948495,0.5655549234149293,0.010317662454632193,0.3824266416204818,0.2855489162366951,0.1725952409715072,0.10094890155809946,0.06587850514875054,0.03116667055631493,0.32219183983482724,0.1015625,0.24397209581930485,0.15234375,1.5B,8192
26,10,needle_8192_d50,needle,8192,9.010913347279288,23.995063283939775,20.267700047342718,1.7016925534922145,25.252736993732565,28.31772264233402,10.25708136735281,73.9851317289458,0.2125604322441284,-39.27288763783872,9.511509349569678,0.001033732060983385,0.999905480237323,0.08,0.4962289788673918,5.328241710368571,0.9334231388473557,0.3655591310216086,0.4101908444433638,0.4690851446576047,0.054904931362808496,0.06461845231884156,0.28753513031617,0.09563717322687842,0.30267018959999586,0.19278724608851536,0.10192022450622737,0.06716436936730771,0.04662320410692192,0.02476270445383283,0.20497598768024813,0.1015625,0.14217651729936967,0.15234375,1.5B,8192
26,11,needle_8192_d50,needle,8192,9.010913347279288,19.111805662992875,20.267700047342718,1.7016925534922145,25.252736993732565,28.31772264233402,10.25708136735281,73.9851317289458,0.2125604322441284,-53.08290446980391,13.12425330746919,5.0568848567411035e-05,0.999996589405829,0.04,0.5669592466493739,3.7259029056429536,0.9359552858608228,0.6408731137581615,0.6599752722397156,0.6867893277906565,0.03410972899109366,0.03890482862973865,0.5756780141399263,0.009306509452222705,0.38832165156219306,0.30207775007486654,0.18674131764223229,0.11174414591542611,0.07767521057899004,0.040191328134600496,0.30268274390770206,0.1015625,0.2432551864332541,0.15234375,1.5B,8192
27,0,needle_8192_d50,needle,8192,9.010913347279288,19.422557002497154,18.510501958524053,1.9313079031942852,25.509236015334682,27.22644822146015,9.668014808825792,61.265439059250916,0.18699443978434452,29.126120585715398,5.955556834349409,0.02082078452919946,0.9971532971714413,0.04,0.44847155614005485,5.88498064534231,0.9268650978049942,0.2882899278671647,0.3620876536136449,0.44637384053183615,0.30363359374069,0.1247816086968001,0.1647935837122657,0.0182585357892504,0.35794800196091936,0.28398423624327623,0.15668049333056694,0.08470007473401107,0.053614665925337736,0.025774642414015312,0.13684095615740763,0.1015625,0.10572528240807134,0.15234375,1.5B,8192
27,1,needle_8192_d50,needle,8192,9.010913347279288,17.613445392046003,18.510501958524053,1.9313079031942852,25.509236015334682,27.22644822146015,9.668014808825792,61.265439059250916,0.18699443978434452,40.58003632212058,8.629977406468242,0.002646563220631168,0.9997404115886436,0.04,0.5085193596234511,6.4390251512665415,0.9024026027099273,0.20270112665998605,0.2575852074679592,0.3305323003670026,0.19268483360625588,0.014487204727277714,0.11850370751853279,0.022548459425046442,0.31251606207914173,0.2720059351966951,0.1765134652679214,0.09304321317490592,0.05739374268021128,0.025897968646132294,0.2266046820558372,0.1015625,0.160245096365297,0.15234375,1.5B,8192
27,2,needle_8192_d50,needle,8192,9.010913347279288,17.642933791574894,18.510501958524053,1.9313079031942852,25.509236015334682,27.22644822146015,9.668014808825792,61.265439059250916,0.18699443978434452,28.765457670437172,3.5927226014900953,0.1243422513332588,0.9731353902881392,0.04,0.48474930318955656,3.9169735917423054,0.9745662708277862,0.606460434885672,0.6794615460199713,0.7422944471699036,0.02729867183118806,0.13830726731961818,0.31568402921669536,0.007627902441322275,0.15333623247382308,0.10593512680756824,0.05755628731889219,0.029662834767962307,0.017933596735024093,0.008735730136124971,0.254812771226392,0.1015625,0.20039392923501892,0.15234375,1.5B,8192
27,3,needle_8192_d50,needle,8192,9.010913347279288,18.475672915377093,18.510501958524053,1.9313079031942852,25.509236015334682,27.22644822146015,9.668014808825792,61.265439059250916,0.18699443978434452,36.553501612273976,4.792331615230069,0.08982614325958611,0.9855220650517325,0.04,0.49138525956437,5.866440707224214,0.909109994435789,0.3318369114652488,0.3819777157999228,0.4396047728491422,0.02825960944052408,0.01336552430607707,0.14478428570352642,0.02489449560845572,0.4181810769271134,0.3023145955008801,0.18169896312367387,0.10559396156071178,0.066181208221477,0.03112146797382097,0.253785146515785,0.1015625,0.19237832009574946,0.15234375,1.5B,8192
27,4,needle_8192_d50,needle,8192,9.010913347279288,18.117475552590438,18.510501958524053,1.9313079031942852,25.509236015334682,27.22644822146015,9.668014808825792,61.265439059250916,0.18699443978434452,40.66514030890539,5.660432008560747,0.025715108697502206,0.9962656101463626,0.04,0.5258256771474924,5.602537122357591,0.9242513746445066,0.35631839028644835,0.4063140557042993,0.46868278810658415,0.08609083337393653,0.002823744019820218,0.10401390862610149,0.027977079577110937,0.46546366115646,0.3245533540232584,0.17304985480203186,0.08587179029218453,0.0492490759329775,0.021593686044567212,0.3243663281248101,0.1015625,0.24289834768288163,0.15234375,1.5B,8192
27,5,needle_8192_d50,needle,8192,9.010913347279288,19.19888681025837,18.510501958524053,1.9313079031942852,25.509236015334682,27.22644822146015,9.668014808825792,61.265439059250916,0.18699443978434452,37.64592524012551,4.1479008621536195,0.08148656694527733,0.9843187283264392,0.04,0.5071852896306571,5.807889170894307,0.9308405639330061,0.3018638971810489,0.3664668840684953,0.4352340214006142,0.03387894338536057,0.0024784665001069683,0.2118385101916192,0.023664657769320058,0.2173232294673088,0.14404088118596917,0.08156869294677495,0.05419499357581745,0.03660361095974016,0.017009940789419642,0.15547960695808163,0.1015625,0.11614549905735462,0.15234375,1.5B,8192
27,6,needle_8192_d50,needle,8192,9.010913347279288,17.039013016649445,19.90744044666514,1.6533805306536968,26.283859027109152,29.845778803105475,11.387570763228723,65.04819909710653,0.1660619305513613,63.014324744232,3.963386104966048,0.09462335361421996,0.9811647889703669,0.04,0.5159389808663286,6.253600980804885,0.9213865704610482,0.20220546696741465,0.271418533996611,0.35685231430626846,0.021882941408973622,0.10459012305151383,0.09836146917212442,0.017878712103577662,0.3509881782245848,0.2945651516288691,0.2010894886499141,0.10018052672268639,0.06087473622612053,0.026504574716281377,0.18426316355385502,0.1015625,0.13684862096429357,0.15234375,1.5B,8192
27,7,needle_8192_d50,needle,8192,9.010913347279288,18.27225675188984,19.90744044666514,1.6533805306536968,26.283859027109152,29.845778803105475,11.387570763228723,65.04819909710653,0.1660619305513613,40.46321230009198,8.145837277173996,0.002781812849347957,0.999700475998341,0.04,0.3847607199115683,5.532930912115576,0.9356401107409578,0.35005740934486956,0.4081956909129027,0.4778540093872556,0.04686358662144485,0.02859903908500705,0.1014449897185114,0.01020008448929044,0.42553436695725827,0.2918955334218411,0.16735289510400542,0.08428920719218679,0.050790953390546796,0.022738370871423313,0.31413534133839316,0.1015625,0.2291134965893816,0.15234375,1.5B,8192
27,8,needle_8192_d50,needle,8192,9.010913347279288,16.80454590869453,19.90744044666514,1.6533805306536968,26.283859027109152,29.845778803105475,11.387570763228723,65.04819909710653,0.1660619305513613,83.49778232653625,11.384125449927524,0.00023073955330636076,0.9999819286025616,0.08,0.5292192898625995,5.437660470391251,0.9581872490443181,0.26086613776881784,0.36909027852059956,0.5039650429580825,0.19390802998045054,0.0282144438239893,0.028810380497673725,0.00919120051834543,0.29955077383263956,0.1651756458782042,0.08090888985285988,0.046891290920536906,0.03040531729053447,0.014523681317565169,0.06465999195966646,0.1015625,0.057934800555059694,0.15234375,1.5B,8192
27,9,needle_8192_d50,needle,8192,9.010913347279288,20.826654994741176,19.90744044666514,1.6533805306536968,26.283859027109152,29.845778803105475,11.387570763228723,65.04819909710653,0.1660619305513613,61.55375047773123,9.685310646891594,0.000669506063302043,0.9999375031549319,0.08,0.3219753432142749,6.090754321747847,0.9297011318424175,0.22302930511052943,0.2962671540403179,0.38516993280053635,0.035289893432960184,0.025763272676647908,0.016789940073067493,0.19315882815560198,0.2605489211281132,0.23258367752000864,0.16066273563476535,0.10401276116998219,0.07082028384949104,0.035164700488923596,0.08378411334796478,0.1015625,0.06690633324728144,0.15234375,1.5B,8192
27,10,needle_8192_d50,needle,8192,9.010913347279288,24.92288958837062,19.90744044666514,1.6533805306536968,26.283859027109152,29.845778803105475,11.387570763228723,65.04819909710653,0.1660619305513613,66.25056842714548,15.339352242648602,3.5748277565533725e-06,0.9999997817935443,0.08,0.289031740018812,0.7456773561805217,0.9932346624632457,0.9450695299637938,0.9501173003147282,0.9555179055135576,0.01423733186752596,0.0646715573479657,0.00016090060606544925,0.9526591898428866,0.03239772083386733,0.024422209247981976,0.015198442427363575,0.008899216171281522,0.00590458552526775,0.002956072723854504,0.01718302281778895,0.1015625,0.01336714711907632,0.15234375,1.5B,8192
27,11,needle_8192_d50,needle,8192,9.010913347279288,16.259698482981946,19.90744044666514,1.6533805306536968,26.283859027109152,29.845778803105475,11.387570763228723,65.04819909710653,0.1660619305513613,46.95978681137785,0.8125931434333324,0.6169547010825562,0.6926617981776748,0.08,0.5424727135033535,5.1637156161992674,0.9442299707936085,0.4456976223070402,0.4954267309542668,0.553512306283161,0.16011650179308035,0.04462285468871929,0.1764181437096193,0.018156268507533817,0.49298564058399097,0.3578250338516199,0.20635645309882486,0.11003581236576011,0.061939374647362586,0.026463449640378018,0.36023985278252235,0.1015625,0.2746355259204374,0.15234375,1.5B,8192
0,0,lenshift_8192,lenshift,4992,8.515591910049263,20.00623593417778,821.2923891843014,1.3881086374937277,825.3562003311262,4.707370417154386,1.2027357124289726,6.690606725864675,0.043967585352493864,6192.092424247414,16.216325037181377,2.339871135772807e-06,0.9999998677950269,0.13333333333333333,0.37876681192654743,6.606807031415098,0.8322498597631418,0.16072682364649868,0.20704683545520913,0.27064101201344914,0.0459328366923728,0.055787423150377435,0.0007195584960116747,0.2268341247068829,0.19475894507708957,0.24635844915327035,0.19162048245614832,0.12200796123243458,0.08181696162088561,0.04538710798534544,0.3022640612539909,0.10256410256410256,0.2591049145804854,0.15384615384615385,1.5B,8192
0,1,lenshift_8192,lenshift,4992,8.515591910049263,212.38022293215627,821.2923891843014,1.3881086374937277,825.3562003311262,4.707370417154386,1.2027357124289726,6.690606725864675,0.043967585352493864,151923.99428489804,31.917917922139168,4.43818906257846e-09,0.9999999999989861,0.06666666666666667,0.8722959780053008,2.4296507476865954,0.9979858606329001,0.83052138626763,0.9345393530466123,0.9759250234833642,0.4875378848355467,0.6266762642990216,6.610254409904157e-37,4.626289191715853e-06,1.207328147672327e-10,1.2073230151489042e-10,1.191861669953276e-13,3.2607879170384e-16,2.360910650680406e-16,3.2607879170384e-16,2.686392501186731e-11,0.10256410256410256,2.2908926703130002e-11,0.15384615384615385,1.5B,8192
0,2,lenshift_8192,lenshift,4992,8.515591910049263,11.565443512910637,821.2923891843014,1.3881086374937277,825.3562003311262,4.707370417154386,1.2027357124289726,6.690606725864675,0.043967585352493864,1079.9120755270123,24.815755646675825,4.959420999544718e-09,0.9999999999787754,0.13333333333333333,0.11788121264277614,4.795570170877468,0.9248323109807378,0.4889485419374647,0.61296265516232,0.6982376066282736,0.3317299473634989,0.1570568592279642,0.0004460023685188204,0.6779433759140352,0.09326293070634262,0.07715782206129757,0.05720781895218386,0.04012615062982696,0.02997325103034058,0.019021228223377804,0.051476541466208975,0.10256410256410256,0.03575048757298221,0.15384615384615385,1.5B,8192
0,3,lenshift_8192,lenshift,4992,8.515591910049263,223.6635423164084,821.2923891843014,1.3881086374937277,825.3562003311262,4.707370417154386,1.2027357124289726,6.690606725864675,0.043967585352493864,129693.3046361804,18.09432800859213,2.69056350039541e-07,0.9999999861399587,0.06666666666666667,0.7114132327870664,1.4289763754126786e-07,0.9997996794871795,0.999999999999,0.999999999999,0.999999999999,0.3356934949497372,0.1017379404456733,6.329573042399869e-54,0.9999999999989921,1.4973198951389716e-16,1.4973198951389716e-16,1.4973198951389716e-16,1.4973198951389716e-16,1.4973198951389716e-16,1.4973198951389716e-16,0.0,0.10336538461538461,0.0,0.15384615384615385,1.5B,8192
0,4,lenshift_8192,lenshift,4992,8.515591910049263,12.348202171826205,821.2923891843014,1.3881086374937277,825.3562003311262,4.707370417154386,1.2027357124289726,6.690606725864675,0.043967585352493864,2415.629848923534,9.99328899756074,0.0005280643830293044,0.999952543622544,0.13333333333333333,0.24356568017653346,5.746003133566133,0.8245747874785286,0.367791872700241,0.3974128673943518,0.43640155461148505,0.09501230441097164,0.0422627944911369,0.0001454893553852225,0.434353633837623,0.34162557158377715,0.26790812461353947,0.17532539726669388,0.11169555765359891,0.0778759815227028,0.04363172686878657,0.18155154003987548,0.10256410256410256,0.1440294093203074,0.15384615384615385,1.5B,8192
0,5,lenshift_8192,lenshift,4992,8.515591910049263,14.712930409610484,821.2923891843014,1.3881086374937277,825.3562003311262,4.707370417154386,1.2027357124289726,6.690606725864675,0.043967585352493864,2588.0408824831247,32.189766217023134,4.438097548161886e-09,0.9999999999989895,0.13333333333333333,0.21827609120137778,3.5185814425959037,0.9853923392263713,0.6469184393637863,0.7682981561301715,0.8533530501180704,0.021763789634036357,0.02474015792904538,6.640754369052861e-07,0.8516408311778618,0.05787247438386207,0.03648204558471816,0.01587387733233739,0.006779465196650853,0.0036177273591792005,0.0012768931232662803,0.021336352120077662,0.10256410256410256,0.011929804556065082,0.15384615384615385,1.5B,8192
0,6,lenshift_8192,lenshift,4992,8.515591910049263,43.46327628758825,736.0025764987485,0.7080580679465154,738.5876588664664,4.121725941731291,0.42883908432471246,5.5174707695973595,0.13263889224878642,16988.351741520688,24.570433339104056,4.982761718378217e-09,0.999999999977538,0.13333333333333333,0.5392513182708645,0.0021441083767103053,0.9997993103556083,0.999968984504316,0.9999866202373601,0.9999964961886576,0.3001394882903696,0.035634306942256444,5.277536847231541e-19,0.9998218358880535,1.5315867908263804e-06,3.220898255865908e-07,2.05682433631262e-08,1.863572426101888e-09,3.055316879402209e-10,1.5470176161777497e-11,1.229638049575998e-05,0.10256410256410256,9.65295051631733e-06,0.15384615384615385,1.5B,8192
0,7,lenshift_8192,lenshift,4992,8.515591910049263,6.005007157067378,736.0025764987485,0.7080580679465154,738.5876588664664,4.121725941731291,0.42883908432471246,5.5174707695973595,0.13263889224878642,642.7875082809478,1.9440698754042387,0.5551517453035111,0.8348470525260334,0.13333333333333333,0.152638136205372,7.832724290342359,0.5678897479606737,0.04996627562799543,0.0713612237962688,0.10509158686593766,0.028014999668478424,0.00216394564309752,0.0001789235457266433,0.11707809870760004,0.7972569447750455,0.5526610563187363,0.3168874585346843,0.1938479802117903,0.15233454847524544,0.11426521953705422,0.1417153722655699,0.10256410256410256,0.10585138304037553,0.15384615384615385,1.5B,8192
0,8,lenshift_8192,lenshift,4992,8.515591910049263,15.111005793818396,736.0025764987485,0.7080580679465154,738.5876588664664,4.121725941731291,0.42883908432471246,5.5174707695973595,0.13263889224878642,820.8389451475814,7.319791702087969,0.005797244701441327,0.9993130896216176,0.13333333333333333,0.08535032825600831,1.6230611616918205,0.9937756867665047,0.9187888249214565,0.9306536458308903,0.9443393505357475,0.010520272222620974,0.009799516332066105,1.173165961614768e-05,0.9177940266414089,0.05454678373208712,0.038533565262646015,0.020205052817412545,0.008852652524286502,0.004358662565492961,0.000983813202126652,0.05871051564982083,0.10256410256410256,0.04446188636089018,0.15384615384615385,1.5B,8192
0,9,lenshift_8192,lenshift,4992,8.515591910049263,14.586320112999584,736.0025764987485,0.7080580679465154,738.5876588664664,4.121725941731291,0.42883908432471246,5.5174707695973595,0.13263889224878642,1038.9486811738461,41.513422353193164,4.4378081990275316e-09,0.9999999999989999,0.13333333333333333,0.10261340636471449,1.4208688428410108,0.9974347928125169,0.9301765383342242,0.9624601105445905,0.9808234664495351,0.18296465344816681,0.3614199628905794,1.7419878509607288e-09,0.9798873269628198,0.01639775606620435,0.010359594434487421,0.005403703872923684,0.002853142245955962,0.0017786141209240336,0.0008099903282180506,0.007584262449956601,0.10256410256410256,0.005887711786332259,0.15384615384615385,1.5B,8192
0,10,lenshift_8192,lenshift,4992,8.515591910049263,47.919763889833604,736.0025764987485,0.7080580679465154,738.5876588664664,4.121725941731291,0.42883908432471246,5.5174707695973595,0.13263889224878642,28430.310471594334,15.717262133955956,3.878824906083906e-06,0.9999997712359886,0.13333333333333333,0.8121895563795842,0.0005972824490100147,0.9997995416609817,0.9999927504932772,0.9999958331272386,0.9999980129993844,0.5805455270797211,0.03181374780842816,7.920068617297375e-15,0.9999665509018321,1.2758447679576777e-06,5.186058213843448e-07,1.089833883015643e-07,2.3568615604231102e-08,7.584484840769682e-09,1.2206834254467026e-09,1.0077290883203842e-06,0.10256410256410256,6.75794499694437e-07,0.15384615384615385,1.5B,8192
0,11,lenshift_8192,lenshift,4992,8.515591910049263,10.173720757805297,736.0025764987485,0.7080580679465154,738.5876588664664,4.121725941731291,0.42883908432471246,5.5174707695973595,0.13263889224878642,426.1194814182818,31.442283872514963,4.438419224673649e-09,0.9999999999989777,0.13333333333333333,0.060903817721296154,3.6894343523576154,0.9740811739821829,0.6434477092082359,0.7865439366592339,0.859206704194466,0.07336466095470229,0.3968931951145507,6.619049095858937e-08,0.8856964764786434,0.13577007535147972,0.09690791660877719,0.06349319749034682,0.03892181343995788,0.02659514366434262,0.014183769060283541,0.059957870171684045,0.10256410256410256,0.04459688122765794,0.15384615384615385,1.5B,8192
1,0,lenshift_8192,lenshift,4992,8.515591910049263,12.345685698743294,153.56385256853815,0.41255332980849435,155.2094893339703,4.704440703355642,0.3278776111631327,5.701087329361573,0.028022537845575103,328.1936597842723,44.53954632114619,4.437808175480659e-09,0.9999999999989999,0.13333333333333333,0.21243416967416653,1.8495550190797236,0.9987767630563342,0.9450405602429379,0.9904415813683787,0.994864968015947,0.5416094992453822,0.644169619338367,5.073566759287704e-09,0.9926208680005939,0.0036736271776850794,0.0020461479168575533,0.0005807252089755705,0.00017450376052491296,7.107925994624372e-05,1.6359458133002984e-05,0.0005983394870824846,0.10256410256410256,0.000251384007536307,0.15384615384615385,1.5B,8192
1,1,lenshift_8192,lenshift,4992,8.515591910049263,14.564415740714194,153.56385256853815,0.41255332980849435,155.2094893339703,4.704440703355642,0.3278776111631327,5.701087329361573,0.028022537845575103,215.55600339733064,31.41293216869235,4.438437422928122e-09,0.999999999998977,0.13333333333333333,0.1375351919658698,1.7747787392089023,0.9989429441882555,0.9830482724096524,0.9912986174818127,0.9953385210348962,1.0159629015617,0.015219838126590446,2.7610911150093618e-09,0.9896677861107617,0.0023161385857084437,0.0009046902199375349,0.00024959070805597773,6.66915952945926e-05,2.5593891653541465e-05,4.947597237496559e-06,0.0005603644717743758,0.10256410256410256,0.00027051319480182886,0.15384615384615385,1.5B,8192
1,2,lenshift_8192,lenshift,4992,8.515591910049263,12.555002148643053,153.56385256853815,0.41255332980849435,155.2094893339703,4.704440703355642,0.3278776111631327,5.701087329361573,0.028022537845575103,1003.5433742552996,17.692762963473797,4.029655255936708e-07,0.9999999787815548,0.13333333333333333,0.5351734673076658,3.2318066861845995,0.9918699377713437,0.7210954874226498,0.7894988071729966,0.8488939808368294,0.022857700550446225,0.012903953094607346,2.1521997404134638e-07,0.8901313056162159,0.10177973572206013,0.04222232533979756,0.0069726049793972,0.0018249337189691784,0.000993933870547709,0.00026697452657040366,0.0018000118647177597,0.10256410256410256,0.0009989341311073298,0.15384615384615385,1.5B,8192
1,3,lenshift_8192,lenshift,4992,8.515591910049263,8.871173420711663,153.56385256853815,0.41255332980849435,155.2094893339703,4.704440703355642,0.3278776111631327,5.701087329361573,0.028022537845575103,339.31082856003195,48.31493242038414,4.4378081741474144e-09,0.9999999999989999,0.13333333333333333,0.26651470105431796,3.229994243540861,0.9935463019179389,0.6031114168718379,0.8511557390006647,0.9560668559231553,0.06970618806341022,0.03136096421477319,7.694585493498971e-07,0.968062341970414,0.021227499905938682,0.016387724445556095,0.007839263090196677,0.003299767917278703,0.0016087524900720046,0.0005299020040207314,0.003958568214654833,0.10256410256410256,0.0017547386937016229,0.15384615384615385,1.5B,8192
1,4,lenshift_8192,lenshift,4992,8.515591910049263,17.448906691822096,153.56385256853815,0.41255332980849435,155.2094893339703,4.704440703355642,0.3278776111631327,5.701087329361573,0.028022537845575103,592.5936749428511,36.081527354195714,4.437814092719729e-09,0.9999999999989997,0.13333333333333333,0.26673778001763343,0.9089642575411937,0.9995568731228142,0.9950038655267668,0.9974085798747222,0.9988585710035813,0.11683308712092355,0.11798424399430729,2.255288742282141e-11,0.9944151365593503,0.00047951369251361865,0.00018531769341344618,3.149602394562572e-05,4.228981980819735e-06,1.0981445826466314e-06,1.2743122416394242e-07,0.00014826334779764687,0.10256410256410256,4.0185785701792536e-05,0.15384615384615385,1.5B,8192
1,5,lenshift_8192,lenshift,4992,8.515591910049263,17.977891228818805,153.56385256853815,0.41255332980849435,155.2094893339703,4.704440703355642,0.3278776111631327,5.701087329361573,0.028022537845575103,1279.9616619348526,2.1156742442399263,1.7154126313493119,0.6118700705566537,0.06666666666666667,0.47406818564878733,8.132999687220945,0.43434863591765804,0.038367754864141526,0.05185208425259861,0.07141243520084066,0.02077770089287867,0.014690368342158422,0.01161188312134928,0.03219273028222392,0.6535400294872816,0.6289976899495007,0.5638962646190939,0.48363470069499953,0.42060986959631563,0.2976894091548356,0.16491132246531895,0.10336538461538461,0.11029307045543475,0.1546474358974359,1.5B,8192
1,6,lenshift_8192,lenshift,4992,8.515591910049263,12.34179701943208,29.11259713116188,0.8247825477356723,33.097607588599985,3.312606830890783,0.6061886618750059,4.712102344153298,0.15634512108421073,79.90228208899498,20.153252906166017,4.2939791365804336e-08,0.9999999981862351,0.13333333333333333,0.3490677026961905,4.438663546635373,0.9321207836635085,0.542809300789703,0.5796296353668449,0.6278982204528263,0.28845589719425746,0.04612869309738521,0.0010932098427393754,0.6049980220067497,0.41950022812293364,0.29410760784503825,0.16905175962328645,0.106390960448361,0.0737438543045255,0.04091586065919508,0.300586387185332,0.10256410256410256,0.24180757240762626,0.15384615384615385,1.5B,8192
1,7,lenshift_8192,lenshift,4992,8.515591910049263,13.126424510604227,29.11259713116188,0.8247825477356723,33.097607588599985,3.312606830890783,0.6061886618750059,4.712102344153298,0.15634512108421073,123.33281319960952,13.974725713022053,1.3428393285756313e-05,0.9999991138574925,0.13333333333333333,0.4190233163686764,6.240784547374534,0.8192396144684057,0.29814140539974215,0.3470761945332713,0.3926440221560706,0.1642982567845923,0.11729897838436543,0.005213936899195805,0.3562863338881692,1.0553558164033907,0.8059799637697822,0.5242334950950669,0.3608662569054341,0.2686892648005887,0.17031555370852572,0.42043780218902876,0.10256410256410256,0.34578754296389846,0.15384615384615385,1.5B,8192
1,8,lenshift_8192,lenshift,4992,8.515591910049263,16.175377292835297,29.11259713116188,0.8247825477356723,33.097607588599985,3.312606830890783,0.6061886618750059,4.712102344153298,0.15634512108421073,-5.315563661977649,13.93576473207213,1.336878729255692e-05,0.999999107587695,0.13333333333333333,0.09563497070032839,5.910326108173163,0.8450618251744311,0.3770622515409574,0.4153795891544134,0.4589595777873022,0.5527445807181257,0.010931301460194609,0.0011577277153337097,0.42022778376586645,0.8352497804949369,0.6735100998696288,0.4328765495389792,0.2894733803447243,0.21637019770670454,0.1353281298638081,0.5644684198747786,0.10256410256410256,0.46532092462833824,0.15384615384615385,1.5B,8192
1,9,lenshift_8192,lenshift,4992,8.515591910049263,12.400631016491925,29.11259713116188,0.8247825477356723,33.097607588599985,3.312606830890783,0.6061886618750059,4.712102344153298,0.15634512108421073,88.83291567862034,34.43587362021208,4.437848295488564e-09,0.9999999999989986,0.13333333333333333,0.3814809628326027,3.203087355899874,0.9612202052877904,0.8116934616340348,0.8521434269159235,0.8685751312376733,0.1562380724019441,0.3078290543605027,4.700551345809213e-06,0.8701187164158015,0.14386267576784037,0.12490698331334833,0.09489521919664497,0.0666190337711051,0.049072074320994266,0.02905165032218002,0.08941616337399061,0.10256410256410256,0.06944801045793855,0.15384615384615385,1.5B,8192
1,10,lenshift_8192,lenshift,4992,8.515591910049263,13.510667888518404,29.11259713116188,0.8247825477356723,33.097607588599985,3.312606830890783,0.6061886618750059,4.712102344153298,0.15634512108421073,94.24053151905537,37.73567202594131,4.4378101379149645e-09,0.9999999999989999,0.13333333333333333,0.37807564334407034,2.704435267739827,0.9794972405123463,0.863025192832043,0.898112787188055,0.9139889842776074,0.16839781751897398,0.04856851093740744,7.222306390794784e-06,0.9146330089439674,0.09022141949641016,0.07598939621311292,0.054113332389081815,0.03568806485646302,0.025213803874284655,0.013584422159837416,0.058635093864243266,0.10256410256410256,0.04717332552925344,0.15384615384615385,1.5B,8192
1,11,lenshift_8192,lenshift,4992,8.515591910049263,14.097589272255156,29.11259713116188,0.8247825477356723,33.097607588599985,3.312606830890783,0.6061886618750059,4.712102344153298,0.15634512108421073,99.19059869274497,32.53447631979361,4.438013359156608e-09,0.9999999999989926,0.13333333333333333,0.3198569865736918,3.8983011795007263,0.9742913101464489,0.6060098805272015,0.7550063360962878,0.8218353740568534,0.14249367953789083,0.1461174444994331,3.304268758519812e-06,0.8246219805589627,0.16940216200573607,0.11214186498402044,0.06248467458075755,0.03727591045780234,0.02523462113393682,0.013758226577807281,0.06570208730356872,0.10256410256410256,0.04648103621656361,0.15384615384615385,1.5B,8192
2,0,lenshift_8192,lenshift,4992,8.515591910049263,20.72311467194877,23.908980783090918,1.8672225339878583,29.383915242256975,6.831796557959369,0.8610375050283777,9.528897788050367,0.056089120502237404,-48.98925351630896,46.28255966771394,4.437808174330989e-09,0.9999999999989999,0.13333333333333333,0.3101783315381703,1.742719513110568,0.9986233869556715,0.9464752116256173,0.9894318622378161,0.9969634245748744,0.7526552807673317,0.1242146861691249,0.06587209545202681,0.9313354606603097,0.0028846157840269953,0.0022368123237945826,0.0013770080563934048,0.0007865473921795349,0.0005031585637894737,0.00023815025690976388,0.0013092275625023544,0.10256410256410256,0.0009186046962739267,0.15384615384615385,1.5B,8192
2,1,lenshift_8192,lenshift,4992,8.515591910049263,21.787742227333837,23.908980783090918,1.8672225339878583,29.383915242256975,6.831796557959369,0.8610375050283777,9.528897788050367,0.056089120502237404,-55.16903005167842,35.14400598406792,4.437823670433795e-09,0.9999999999989992,0.13333333333333333,0.29987727577417467,2.0700814118069975,0.9984426565568207,0.9467197615948246,0.988674157417539,0.9950731755635754,0.13439515205981012,0.48252890047649233,0.18708746957202288,0.808528202196024,0.004450859504911809,0.00251499232396886,0.001134438342198639,0.0005788753231552239,0.00036462517490198313,0.0001744770400706108,0.0008362965696411692,0.10256410256410256,0.0006120938243389555,0.15384615384615385,1.5B,8192
2,2,lenshift_8192,lenshift,4992,8.515591910049263,15.94745303182283,23.908980783090918,1.8672225339878583,29.383915242256975,6.831796557959369,0.8610375050283777,9.528897788050367,0.056089120502237404,-70.51821220479906,9.683882519195322,0.0006653512692509381,0.9999377245467159,0.13333333333333333,0.3336025833066211,2.135519651219397,0.9904153664396148,0.8580493669136564,0.9451959698455775,0.9683928145498687,0.3194884531654347,0.05630452283473364,0.5426962961040582,0.4167053324901196,0.05271061208338495,0.04461742719461803,0.03370452694709026,0.02498307278510157,0.019788968347303384,0.01308427579305701,0.03121382636993006,0.10256410256410256,0.026930961034749706,0.15384615384615385,1.5B,8192
2,3,lenshift_8192,lenshift,4992,8.515591910049263,22.022975268339138,23.908980783090918,1.8672225339878583,29.383915242256975,6.831796557959369,0.8610375050283777,9.528897788050367,0.056089120502237404,-102.81630047771614,21.863101880648173,1.1745087881750374e-08,0.9999999996790996,0.13333333333333333,0.09350117315658094,1.3090130591425504,0.9984855212340542,0.9835263728515138,0.9917000171620054,0.9942081604825017,1.182116384909489,0.005603581560205129,0.7929128905012846,0.08390610129148864,0.010325478313357679,0.007448740133424362,0.005267937463208181,0.003536923091585938,0.002532281578198113,0.0013841116675973333,0.011224110888802314,0.10256410256410256,0.01002602583734576,0.15384615384615385,1.5B,8192
2,4,lenshift_8192,lenshift,4992,8.515591910049263,18.074213872595188,23.908980783090918,1.8672225339878583,29.383915242256975,6.831796557959369,0.8610375050283777,9.528897788050367,0.056089120502237404,-55.945230804383755,33.66462357342243,4.437896447145169e-09,0.9999999999989968,0.13333333333333333,0.30226532029638886,2.3967603915885394,0.9918787492392187,0.8895194791135929,0.957614632728789,0.969484069495234,0.25378648966507544,0.22643903285673606,0.3307175657118489,0.6395668807398215,0.0381923646382994,0.030107489212380358,0.02068256941491469,0.014319512190263601,0.010639435395292336,0.006481604124044395,0.019922317463536454,0.10256410256410256,0.015472946063007706,0.15384615384615385,1.5B,8192
2,5,lenshift_8192,lenshift,4992,8.515591910049263,20.337621786670322,23.908980783090918,1.8672225339878583,29.383915242256975,6.831796557959369,0.8610375050283777,9.528897788050367,0.056089120502237404,-103.40329450252466,28.07107637100853,4.455429374120558e-09,0.999999999998356,0.13333333333333333,0.23975340438273807,0.41019162105367113,0.9993663275785332,0.9852446396353113,0.9966981679122178,0.9984883170201426,0.3059585245400287,0.34933392734323476,0.9345273669334586,0.0637024950485536,0.004784934713308034,0.003812482327171876,0.0025439233010446506,0.0016911604629031806,0.0012466234324793317,0.0007417138200962522,0.0030040252084478102,0.10256410256410256,0.0025466531272940866,0.15384615384615385,1.5B,8192
2,6,lenshift_8192,lenshift,4992,8.515591910049263,13.310090174295187,35.01604933910573,0.9744345112714959,38.6572751932343,4.850249449717181,0.6994004412347885,7.981898837986097,0.1787301421184324,2.193557637743652,22.771618983708322,7.874128132213996e-09,0.9999999998554245,0.13333333333333333,0.1833965089210982,2.600147503983944,0.9527858841345036,0.8512532872508656,0.8753028452589989,0.8855712534990858,0.1270120805060917,0.1270688075300097,0.44127760668285504,0.4456068283665865,0.13644628907837358,0.12378824499276103,0.10166829218596897,0.08045521966353512,0.06678909438494782,0.04697272287746021,0.09946751839726688,0.10256410256410256,0.08509096841918196,0.15384615384615385,1.5B,8192
2,7,lenshift_8192,lenshift,4992,8.515591910049263,15.58741951256692,35.01604933910573,0.9744345112714959,38.6572751932343,4.850249449717181,0.6994004412347885,7.981898837986097,0.1787301421184324,26.715098574757576,16.961162513354793,7.784321089871449e-07,0.9999999569219761,0.06666666666666667,0.21573780188671007,2.410822491541364,0.9830531431015144,0.91598268891266,0.9286206145515005,0.9351489913716403,0.884513287377195,0.0032585414457710904,0.26411932366509483,0.6669785772205086,0.06562043531249608,0.055423311837993226,0.039786633863015876,0.027207936494903908,0.01986443073420085,0.011271016545606366,0.04190200571615352,0.10336538461538461,0.03260564139894719,0.1546474358974359,1.5B,8192
2,8,lenshift_8192,lenshift,4992,8.515591910049263,16.942448322966115,35.01604933910573,0.9744345112714959,38.6572751932343,4.850249449717181,0.6994004412347885,7.981898837986097,0.1787301421184324,50.0642113070935,17.972095930948853,3.131079911282476e-07,0.9999999838391067,0.13333333333333333,0.26726593736948356,1.7042875401760196,0.9898496235997997,0.9355875833360038,0.9441430831701403,0.952643689580091,0.7968378747448623,0.0032711222800516637,0.47185723944086677,0.47469583536897386,0.047447298031484446,0.038549841919094524,0.026053206257876993,0.016679495393622817,0.011622365860098882,0.006167239339562103,0.029655634175562856,0.10336538461538461,0.022014324583525088,0.15384615384615385,1.5B,8192
2,9,lenshift_8192,lenshift,4992,8.515591910049263,13.67434731554714,35.01604933910573,0.9744345112714959,38.6572751932343,4.850249449717181,0.6994004412347885,7.981898837986097,0.1787301421184324,88.36665023677051,26.743466299027205,4.50879608140938e-09,0.9999999999963656,0.13333333333333333,0.34294003447569127,3.1674514400760074,0.9422420487944075,0.824726353396346,0.8493236543851015,0.8615211096654862,0.5123024668623746,0.001405218076201642,0.1813956823350697,0.684416157419836,0.16685826216099675,0.14933334300459095,0.11908662742953002,0.09074603558217492,0.0729703954089653,0.049295480930141335,0.10690147125418915,0.10256410256410256,0.0870705174484682,0.15384615384615385,1.5B,8192
2,10,lenshift_8192,lenshift,4992,8.515591910049263,15.178808529428478,35.01604933910573,0.9744345112714959,38.6572751932343,4.850249449717181,0.6994004412347885,7.981898837986097,0.1787301421184324,52.563381077721715,25.279795500449836,5.200915537072843e-09,0.9999999999698062,0.13333333333333333,0.2740965363288979,2.632593601873255,0.9722228483328643,0.871548892259107,0.8940593655316637,0.902392188733652,0.9861557968211123,0.5174962071993052,0.411479387978303,0.48715265295843274,0.1281292901370114,0.108216301605366,0.07917745725248145,0.054218663208795544,0.03915484165476867,0.02266503248829897,0.08604333211168068,0.10336538461538461,0.06417327671192234,0.15384615384615385,1.5B,8192
2,11,lenshift_8192,lenshift,4992,8.515591910049263,17.01830906011327,35.01604933910573,0.9744345112714959,38.6572751932343,4.850249449717181,0.6994004412347885,7.981898837986097,0.1787301421184324,47.382660407572985,38.34388204291463,4.437808988520662e-09,0.9999999999989999,0.13333333333333333,0.21132128343483608,2.2940598735129045,0.9924088565242866,0.9468976766012508,0.9688054591285348,0.9734752017792481,1.7126827710568442,0.23726332346856083,0.1183545505502999,0.8533755599781527,0.02618229531474492,0.022300286122337924,0.01602724811922038,0.01087179883256219,0.007909919799255111,0.004326100471086244,0.017313473245544882,0.10336538461538461,0.013578076612623571,0.15384615384615385,1.5B,8192
3,0,lenshift_8192,lenshift,4992,8.515591910049263,22.549495787914907,24.993368993181814,1.2204923902987028,27.523445766146175,6.779982635686713,0.6874382852206994,8.518150767004006,0.11625991891457461,-93.84507730975747,21.801477833185345,1.2331143796965881e-08,0.9999999996534072,0.06666666666666667,0.5553664395935403,1.1890596880406137,0.9989395662210716,0.9869889412541494,0.9934166466688907,0.9960759959049363,0.25569730133601354,0.2800995679805478,0.38287006640683674,0.6103307393197877,0.0038632067187219614,0.0028758133654527744,0.0017880470004309201,0.0010365575539840438,0.0006558815299348518,0.00030259055209560295,0.002544221105911525,0.10336538461538461,0.0018770695864282903,0.15384615384615385,1.5B,8192
3,1,lenshift_8192,lenshift,4992,8.515591910049263,22.62826286710388,24.993368993181814,1.2204923902987028,27.523445766146175,6.779982635686713,0.6874382852206994,8.518150767004006,0.11625991891457461,-80.92666457407176,36.85638706700411,4.437811755835822e-09,0.9999999999989999,0.13333333333333333,0.48655293706470176,1.414836099729302,0.9987882525519941,0.9848018865363988,0.9925693546499903,0.995176682709877,0.44205731016856475,0.002233524821630972,0.40074743236736055,0.593012852064593,0.004828260642964139,0.003344212483188606,0.001977037260792615,0.0010645835554350402,0.0006751596251564028,0.000319490871085938,0.0030499270725482365,0.10336538461538461,0.0020793928488158555,0.15384615384615385,1.5B,8192
3,2,lenshift_8192,lenshift,4992,8.515591910049263,24.355270301157393,24.993368993181814,1.2204923902987028,27.523445766146175,6.779982635686713,0.6874382852206994,8.518150767004006,0.11625991891457461,-100.60100664007769,17.219095297215972,6.103010220776062e-07,0.9999999667444348,0.13333333333333333,0.5745684771927745,1.1495430054568063,0.9988349483612365,0.989254674791449,0.9910045740274089,0.9929244132421519,0.026794561566796382,0.05674175753390909,0.4831112835313764,0.5067703069710666,0.007808615011996107,0.005514686734059072,0.0025868600415423233,0.001144234781661616,0.0006291871630682071,0.00021768380013201472,0.00818106746108212,0.10256410256410256,0.0061550774362578746,0.15384615384615385,1.5B,8192
3,3,lenshift_8192,lenshift,4992,8.515591910049263,24.616577890345496,24.993368993181814,1.2204923902987028,27.523445766146175,6.779982635686713,0.6874382852206994,8.518150767004006,0.11625991891457461,-110.78996845264919,8.88803446359816,0.002636416236013811,0.9997343857526255,0.06666666666666667,0.5050793165900137,0.993765073567513,0.9988788922056775,0.9872139982842449,0.9902133776942075,0.9931880758818408,1.6034364327692412,0.02374638002218532,0.7691236932930832,0.21423519046030673,0.016133524769279366,0.01078137244891036,0.005691254526235253,0.0028210955823823186,0.00165470192281591,0.0006917192432877971,0.016432014199700137,0.10336538461538461,0.014265668367165063,0.15384615384615385,1.5B,8192
3,4,lenshift_8192,lenshift,4992,8.515591910049263,21.16853257607652,24.993368993181814,1.2204923902987028,27.523445766146175,6.779982635686713,0.6874382852206994,8.518150767004006,0.11625991891457461,-71.79101173765957,27.194710194133222,4.479755320648565e-09,0.9999999999974516,0.13333333333333333,0.550177577208356,1.2204741545367748,0.9966565422717465,0.9509519438165185,0.971183459762967,0.9803138668644076,0.3974327063856329,0.06428536577505906,0.7638879976982736,0.2165737258324426,0.05359578913078522,0.0394289301342793,0.022409596384298056,0.01326381734460376,0.008880303549887664,0.004500727128980493,0.02027955655711283,0.10256410256410256,0.01505856287280418,0.15384615384615385,1.5B,8192
3,5,lenshift_8192,lenshift,4992,8.515591910049263,22.62592942610273,24.993368993181814,1.2204923902987028,27.523445766146175,6.779982635686713,0.6874382852206994,8.518150767004006,0.11625991891457461,-104.96740304026753,15.058832835406065,4.698001787917657e-06,0.9999997086937029,0.06666666666666667,0.5353377384107447,0.8464268422659806,0.998481867817049,0.9847268589439255,0.9882597724566183,0.9907468932206585,0.31504971566766127,0.1098134135976041,0.7935566604864231,0.19460947463939698,0.02363296778052728,0.016913611878664796,0.009747156071722938,0.0052667196925619605,0.0033013198261872424,0.001454349598072209,0.018553655204775785,0.10256410256410256,0.014759065607431898,0.15384615384615385,1.5B,8192
3,6,lenshift_8192,lenshift,4992,8.515591910049263,14.95395561031946,25.282891401166797,2.2000819933482205,30.483549907551808,6.279291424259971,1.1326375338716665,9.426575653709417,0.10112186402708889,-1.1311795460060239,23.225013011600822,6.42579435273189e-09,0.9999999999167541,0.13333333333333333,0.4446073937306824,2.6552044561828043,0.9849122437653904,0.8310654739953154,0.8967912758958987,0.9317467227260837,0.01797335496007646,0.0134740524409932,0.2215938316980328,0.6952156808257547,0.07664738451802298,0.060035130760719244,0.039739855871530415,0.026410929256949444,0.019412995615213237,0.011800633928023075,0.04146384401257069,0.10256410256410256,0.03300842746330366,0.15384615384615385,1.5B,8192
3,7,lenshift_8192,lenshift,4992,8.515591910049263,13.784652683603202,25.282891401166797,2.2000819933482205,30.483549907551808,6.279291424259971,1.1326375338716665,9.426575653709417,0.10112186402708889,-13.660925845149904,21.596104359909077,2.0213852812552847e-08,0.9999999993052862,0.13333333333333333,0.4314988758164826,2.65629371463192,0.9915728972978889,0.7432816214905691,0.9120565279665318,0.9485192676894237,0.04446127947659706,0.09599083832956201,0.43022229098188985,0.5018780293303654,0.07687811684781505,0.05548452837983915,0.03179864162835103,0.018751262372922725,0.012948852507753142,0.007262083762814152,0.02750526286672508,0.10256410256410256,0.020390000626812517,0.15384615384615385,1.5B,8192
3,8,lenshift_8192,lenshift,4992,8.515591910049263,20.96686970911759,25.282891401166797,2.2000819933482205,30.483549907551808,6.279291424259971,1.1326375338716665,9.426575653709417,0.10112186402708889,-8.243387836031616,13.176008833092055,2.687551035176086e-05,0.9999981044664475,0.13333333333333333,0.45397736178114273,1.445706544417225,0.998868253132749,0.9177836496443014,0.9800455372765785,0.9951245055188758,0.2541454543738424,0.13020649288767605,0.6970618969311276,0.28897461378658973,0.005956079336431027,0.0030528797566387517,0.0012664458744019158,0.0006502431225358503,0.0004076091522313056,0.0001987042062563348,0.0010943004307769429,0.10256410256410256,0.0008356960707091513,0.15384615384615385,1.5B,8192
3,9,lenshift_8192,lenshift,4992,8.515591910049263,15.242468457391908,25.282891401166797,2.2000819933482205,30.483549907551808,6.279291424259971,1.1326375338716665,9.426575653709417,0.10112186402708889,-11.094502651743824,2.2091960528341588,0.3227205180795283,0.9010722852530507,0.13333333333333333,0.46948354420218846,1.9186545905918149,0.9987153252247273,0.9574241167454717,0.9879732911481902,0.9961977059213784,0.7436563543594445,0.2778728024597479,0.05648461091039337,0.8901899214748048,0.002057056254594854,0.0011237081582648458,0.000627994807801842,0.000358533279555941,0.0002351841370586466,0.00012550185768612446,0.0008724021277286901,0.10256410256410256,0.0007286435082679665,0.15384615384615385,1.5B,8192
3,10,lenshift_8192,lenshift,4992,8.515591910049263,23.311094875790157,25.282891401166797,2.2000819933482205,30.483549907551808,6.279291424259971,1.1326375338716665,9.426575653709417,0.10112186402708889,-11.19552349485457,45.52561897225678,4.437808174575858e-09,0.9999999999989999,0.13333333333333333,0.30780117966879716,2.1592235885850295,0.9984754747781138,0.8789272202598972,0.9765680503900007,0.9963526819441582,0.05307388260267709,0.05221792225626931,0.2847772523712302,0.708970065539692,0.003018810247479312,0.001461437721482554,0.0005808889591182733,0.000281495969994935,0.00016429864966454054,7.278488492927104e-05,0.0006373203188679525,0.10256410256410256,0.00042840032723709604,0.15384615384615385,1.5B,8192
3,11,lenshift_8192,lenshift,4992,8.515591910049263,16.046943237248747,25.282891401166797,2.2000819933482205,30.483549907551808,6.279291424259971,1.1326375338716665,9.426575653709417,0.10112186402708889,-21.646646834527928,21.58017812334947,1.4015380250099003e-08,0.9999999995745292,0.13333333333333333,0.3347555757221202,2.3877742706601532,0.9975362186340874,0.7825043178895815,0.9173696500796882,0.9812478394849177,0.04956632177083509,0.05629096208622561,0.4504783713925129,0.36023280734147,0.0067367990744658796,0.0034911383414356653,0.0020025109743033336,0.0012132263477282724,0.0008205341189486951,0.00042342562412139693,0.002254823510871337,0.10256410256410256,0.001882513395658027,0.15384615384615385,1.5B,8192
4,0,lenshift_8192,lenshift,4992,8.515591910049263,15.879842577140165,25.104042049219593,2.485216559401063,30.025052498931153,6.427050144218079,1.598597875100101,10.98561882434088,0.1585519513473244,-61.5078999781108,20.07398916510283,5.221137191877019e-08,0.9999999977587148,0.13333333333333333,0.21361838615522227,2.1884231451686533,0.9902837892084997,0.8355769557243448,0.906755330373189,0.9489855512690488,0.08483307131560647,0.10745836360664818,0.5913956783476855,0.21289218114999953,0.07905061194041997,0.0531847268172925,0.03899052269425873,0.02764869879587939,0.02098061643133459,0.012885470630857265,0.03844542618353518,0.10256410256410256,0.03408929796870085,0.15384615384615385,1.5B,8192
4,1,lenshift_8192,lenshift,4992,8.515591910049263,19.24704096898006,25.104042049219593,2.485216559401063,30.025052498931153,6.427050144218079,1.598597875100101,10.98561882434088,0.1585519513473244,-80.86146381404251,7.103054226463428,0.006668183867895281,0.9991775817278831,0.13333333333333333,0.28382295214931896,1.0897446500560575,0.9960718695856544,0.9384186068864071,0.9651349643450137,0.9810471702757989,0.11177389532951221,0.1845304510171859,0.8200558361387053,0.1430808378541976,0.0424715307675908,0.030514171494141335,0.01963026098031466,0.01295371863878827,0.009489218748547364,0.0056883487802944915,0.02118113545402926,0.10256410256410256,0.01731111742875739,0.15384615384615385,1.5B,8192
4,2,lenshift_8192,lenshift,4992,8.515591910049263,23.975696634162368,25.104042049219593,2.485216559401063,30.025052498931153,6.427050144218079,1.598597875100101,10.98561882434088,0.1585519513473244,-109.8138287179172,19.41918985365919,8.86056734204124e-08,0.9999999959194517,0.13333333333333333,0.2817595382209151,0.2802963905065283,0.9995980792419624,0.9944724207629619,0.9978585143097556,0.9987591307210555,0.023306743611190228,0.13385164737483723,0.952310891682022,0.046068892463172174,0.0025282383080147417,0.0017709673259580052,0.0009341221714418806,0.0005202133946338075,0.0003399487813585426,0.0001667253245527644,0.0010800067946198516,0.10336538461538461,0.0008648886317153046,0.1546474358974359,1.5B,8192
4,3,lenshift_8192,lenshift,4992,8.515591910049263,17.866226785949365,25.104042049219593,2.485216559401063,30.025052498931153,6.427050144218079,1.598597875100101,10.98561882434088,0.1585519513473244,-75.34764893911779,2.2156546906917356,0.3214510969994319,0.9016464711148804,0.13333333333333333,0.25789432792963857,2.0442073319634266,0.994400066595113,0.8733461361711711,0.9417327846686047,0.9713973620268931,0.034891911279183674,0.014051316751622522,0.514889866541188,0.42478496488153983,0.0531850181063068,0.039058737808594854,0.02375000228355874,0.013747742433349065,0.009051389395127557,0.004693610581862982,0.032381742182471335,0.10256410256410256,0.029396019804147196,0.15384615384615385,1.5B,8192
4,4,lenshift_8192,lenshift,4992,8.515591910049263,20.03408243860921,25.104042049219593,2.485216559401063,30.025052498931153,6.427050144218079,1.598597875100101,10.98561882434088,0.1585519513473244,-78.40967366206314,30.031180524129013,4.440335239197227e-09,0.9999999999989084,0.13333333333333333,0.24565388688030096,1.2729317339161763,0.998942245830658,0.9580543281888555,0.9795092481356349,0.9925151749058427,0.44901452733075153,0.20947021642077956,0.6973793933847974,0.2642374829759282,0.005759293353102392,0.0028734552748178525,0.0017504167181816347,0.0010556060347150565,0.0007137980156518761,0.0003667546993239949,0.002523035387069068,0.10256410256410256,0.0020943153740427584,0.15384615384615385,1.5B,8192
4,5,lenshift_8192,lenshift,4992,8.515591910049263,18.15919143007601,25.104042049219593,2.485216559401063,30.025052498931153,6.427050144218079,1.598597875100101,10.98561882434088,0.1585519513473244,-82.65475139766932,2.1660024801676627,0.3312901345944923,0.8971547074372895,0.13333333333333333,0.44443686400329696,1.2731682690204207,0.9968957605730905,0.9674694976471276,0.9787812984816073,0.9874278336316357,1.0755681443008527,0.015718419539402895,0.7155255798337599,0.2594509318872321,0.02610405687086198,0.020419140450158416,0.013110113187748325,0.00765851310893239,0.005378228217433165,0.0032039437346796486,0.017629257243303373,0.10256410256410256,0.015404309618871416,0.15384615384615385,1.5B,8192
4,6,lenshift_8192,lenshift,4992,8.515591910049263,21.647326957180294,22.38371683752157,1.399643012033824,25.007033566122168,7.0071327380387425,0.8372799133011888,9.671912820324959,0.07147500482645358,-86.19358170498163,42.155345692299306,4.437808187436186e-09,0.9999999999989999,0.13333333333333333,0.5650710558423802,1.2070264185790531,0.9990277179307284,0.983471226092286,0.9957077197226095,0.9976003848757127,0.2880431952536391,0.48273343913231503,0.6906321814475145,0.3069533183260761,0.006020538438593378,0.004890941157757628,0.003154687819708874,0.001937948056882577,0.0012673717952898353,0.0006180501528582222,0.0037511564404456685,0.10256410256410256,0.0025149631950165635,0.15384615384615385,1.5B,8192
4,7,lenshift_8192,lenshift,4992,8.515591910049263,24.27832249657942,22.38371683752157,1.399643012033824,25.007033566122168,7.0071327380387425,0.8372799133011888,9.671912820324959,0.07147500482645358,-136.02760435640812,0.20211446355096996,0.7148727681847947,0.5477520901591133,0.06666666666666667,0.5500143535159114,0.04654241505208484,0.9996974066081159,0.9986258225471023,0.9990272863409256,0.9992542634593292,0.09122166953946298,0.004556959407846506,0.995107971668906,0.003847306696698616,0.00271097840894409,0.002013435813296504,0.0011867020892045732,0.000647601294749968,0.00039683410318333025,0.00018279086649134447,0.0015788851306578063,0.10336538461538461,0.0010836339305746634,0.1546474358974359,1.5B,8192
4,8,lenshift_8192,lenshift,4992,8.515591910049263,21.987538378187566,22.38371683752157,1.399643012033824,25.007033566122168,7.0071327380387425,0.8372799133011888,9.671912820324959,0.07147500482645358,-96.78275411110371,22.9354993076995,7.0519900274060845e-09,0.9999999998895439,0.13333333333333333,0.5654273589640554,1.4493275731812383,0.9992042235570054,0.9886314859989228,0.9982212833807814,0.9991252553316377,0.20952343735373713,0.012175739846038702,0.49232661596556215,0.5064956116993351,0.0011487422222845522,0.0009172994950396693,0.0006011209324777595,0.00036958649718779173,0.0002528202270165318,0.0001306733384943576,0.0006643627186836833,0.10336538461538461,0.0005016275688994232,0.15384615384615385,1.5B,8192
4,9,lenshift_8192,lenshift,4992,8.515591910049263,22.14660646659112,22.38371683752157,1.399643012033824,25.007033566122168,7.0071327380387425,0.8372799133011888,9.671912820324959,0.07147500482645358,-94.77705366211012,21.439398830058053,1.5395365340253565e-08,0.9999999995103617,0.13333333333333333,0.5716215355385992,0.7709917276521289,0.9991802116230605,0.9802915264095192,0.9959207749531734,0.9975437861156383,0.1139132851649931,0.6261366160509345,0.8445707144156563,0.15225381030136573,0.00963605004848151,0.007513761626169342,0.004884432030223949,0.003021899532565519,0.002070161587143978,0.001086673441863897,0.005924642900169912,0.10256410256410256,0.004582940905217523,0.15384615384615385,1.5B,8192
4,10,lenshift_8192,lenshift,4992,8.515591910049263,22.57310667399551,22.38371683752157,1.399643012033824,25.007033566122168,7.0071327380387425,0.8372799133011888,9.671912820324959,0.07147500482645358,-71.89712110883556,41.61804288555868,4.4378088626871805e-09,0.9999999999989999,0.06666666666666667,0.43629005971059426,1.0776919125626718,0.9991583058680319,0.9929154061302676,0.9959440032558076,0.9975257357729062,0.6115205209925536,0.08044638517574398,0.8308003782481879,0.1048738709982154,0.0022381956954324496,0.001633670280461668,0.0009383950973378588,0.0005605987108215655,0.0003974956305226382,0.0002325995738579803,0.0017327396303094215,0.10336538461538461,0.0014826332141920202,0.1546474358974359,1.5B,8192
4,11,lenshift_8192,lenshift,4992,8.515591910049263,23.86312972504776,22.38371683752157,1.399643012033824,25.007033566122168,7.0071327380387425,0.8372799133011888,9.671912820324959,0.07147500482645358,-98.51116102165543,31.00063212378882,4.439594513110254e-09,0.9999999999989353,0.13333333333333333,0.5369567520988331,0.37893955804972473,0.9991569461522146,0.9886039819944106,0.994711291157466,0.9960482695226299,0.30545564941701997,0.3255500866752561,0.9418138220274909,0.053585107020207336,0.016893313941235045,0.01261959077056895,0.007409746144657546,0.004212909743249362,0.0027420004033251767,0.001315950967065814,0.011125531549948395,0.10256410256410256,0.007666490097712891,0.15384615384615385,1.5B,8192
5,0,lenshift_8192,lenshift,4992,8.515591910049263,20.87288401531151,20.801339098263636,1.7952718181061635,25.359219119309156,6.527739689775702,1.1870764396446833,11.973912696756347,0.08691673981135807,-44.39208468890865,11.166883817844791,0.00017197630570389144,0.9999858655839716,0.13333333333333333,0.36220680752446627,3.614901789086697,0.9830056697368349,0.6962287424964368,0.7673920417794355,0.8156724218816387,1.104245450083544,0.35814777640259754,0.16774794748093216,0.5278968907525708,0.2439595499938906,0.1596200606927979,0.05122739222816051,0.013917789693088886,0.008429314335381324,0.00457064668278812,0.21226902516597945,0.10256410256410256,0.17474091674238307,0.15384615384615385,1.5B,8192
5,1,lenshift_8192,lenshift,4992,8.515591910049263,27.468441796892844,20.801339098263636,1.7952718181061635,25.359219119309156,6.527739689775702,1.1870764396446833,11.973912696756347,0.08691673981135807,-87.04631536826491,5.97426371354959,0.01769648132315675,0.9974630737208685,0.06666666666666667,0.3231703747203243,0.9078637306787511,0.9991052362360346,0.9833087976837996,0.9897291842507934,0.9935295376175255,0.18484498899635593,0.13028778362174087,0.2538117227856091,0.7316210120288401,0.0050311397089236225,0.0030852016739957486,0.0013892029120551785,0.000583864418822355,0.0003080505568224288,0.00010940017451177743,0.006347822762990443,0.10336538461538461,0.004047984681973041,0.1546474358974359,1.5B,8192
5,2,lenshift_8192,lenshift,4992,8.515591910049263,22.76967447117715,20.801339098263636,1.7952718181061635,25.359219119309156,6.527739689775702,1.1870764396446833,11.973912696756347,0.08691673981135807,-63.48864877782762,18.491794082918204,1.8596638650917372e-07,0.9999999906854128,0.13333333333333333,0.37163040814551834,1.7747346702658358,0.9876353696990383,0.8643215857714419,0.9272093335204253,0.9444673452383222,0.0834096036539993,0.16898163566454727,0.7142915668389085,0.22729279788489898,0.12404017311103491,0.09578278410477273,0.059403266707983085,0.037929006455546165,0.02751368197045334,0.0156735408934855,0.09194500640849515,0.10256410256410256,0.07619356013359699,0.15384615384615385,1.5B,8192
5,3,lenshift_8192,lenshift,4992,8.515591910049263,17.471503887728094,20.801339098263636,1.7952718181061635,25.359219119309156,6.527739689775702,1.1870764396446833,11.973912696756347,0.08691673981135807,-66.30713416845538,11.683751149801537,0.00010702130697112608,0.9999915655332485,0.13333333333333333,0.24027613822410765,2.058009293774856,0.9705213644257463,0.8366449989155449,0.8824786712539648,0.9138076294561686,0.032863351850217715,0.07874721390460238,0.6987383776673606,0.1822243689152539,0.16538160894978318,0.13885451462165233,0.11273946857840351,0.08927186341266183,0.07319402721645729,0.050613416355165315,0.10938492042902846,0.10256410256410256,0.09597568438509314,0.15384615384615385,1.5B,8192
5,4,lenshift_8192,lenshift,4992,8.515591910049263,17.275012246514446,20.801339098263636,1.7952718181061635,25.359219119309156,6.527739689775702,1.1870764396446833,11.973912696756347,0.08691673981135807,-39.46161025311267,23.76018201172883,5.62416467103684e-09,0.9999999999509019,0.13333333333333333,0.33852412751815114,3.240139167754149,0.9813925001973411,0.6891125262343086,0.8214863896666323,0.9027810063453248,0.003014953734802539,0.00520164287102487,0.21622795066621409,0.346161231162199,0.09223836290100504,0.07545379925984945,0.0473127737143009,0.02660787047906336,0.018191866134797747,0.010999175649118122,0.06439133942111881,0.10256410256410256,0.05672239969620872,0.15384615384615385,1.5B,8192
5,5,lenshift_8192,lenshift,4992,8.515591910049263,15.292996614438099,20.801339098263636,1.7952718181061635,25.359219119309156,6.527739689775702,1.1870764396446833,11.973912696756347,0.08691673981135807,-51.94343005387054,12.284160463270382,7.997199467450246e-05,0.9999941038196226,0.13333333333333333,0.1746697255223443,3.8516561380921583,0.9398031997578028,0.5750787158043538,0.6659476143124723,0.7735460366662641,0.13995189266625152,0.004299147135505166,0.40206052548229665,0.251385162144677,0.42162905574926957,0.3256029075443956,0.23662731615404228,0.1736615338093698,0.13925120940866026,0.09255619640471074,0.2517199461050004,0.10256410256410256,0.22184564398075085,0.15384615384615385,1.5B,8192
5,6,lenshift_8192,lenshift,4992,8.515591910049263,18.973234542066518,20.002266359773195,0.963209923914319,21.77754739879961,8.13439145346466,0.5350511468213881,10.18680001118264,0.023903731838160396,-31.101986686117016,3.622965221875347,0.12058224323541092,0.9739911465711922,0.13333333333333333,0.6876430577098013,1.5796983493600911,0.9915948007789831,0.9659930029023555,0.9743241551006854,0.9769166833070959,0.797197271458827,0.1482799044661176,0.28737631004025155,0.6843359969062645,0.02738789743437921,0.024466928409226516,0.01970360007623143,0.015023975853501147,0.011891750586333493,0.007894482835525511,0.02257492655257553,0.10256410256410256,0.019761039972374005,0.15384615384615385,1.5B,8192
5,7,lenshift_8192,lenshift,4992,8.515591910049263,23.903113482917988,20.002266359773195,0.963209923914319,21.77754739879961,8.13439145346466,0.5350511468213881,10.18680001118264,0.023903731838160396,-9.063493653200567,36.056230451125884,4.4378161687388825e-09,0.9999999999989997,0.13333333333333333,0.5295123466352052,2.358942726600462,0.9896056199847396,0.8523534377184482,0.9377897106874402,0.9577375424051767,0.5218289927882787,0.07422788109576461,0.47018594033214434,0.48323612727023507,0.08029618270782568,0.06412973864096257,0.04459945530026426,0.03053375566304161,0.022499048319930607,0.013291046722239996,0.05054440879596966,0.10256410256410256,0.04039150911612582,0.15384615384615385,1.5B,8192
5,8,lenshift_8192,lenshift,4992,8.515591910049263,26.042930261123754,20.002266359773195,0.963209923914319,21.77754739879961,8.13439145346466,0.5350511468213881,10.18680001118264,0.023903731838160396,-25.244658993557096,33.872589932056144,4.437862116174283e-09,0.9999999999989979,0.06666666666666667,0.6589227394306618,1.2303407749159636,0.9991284757679898,0.9890312915118106,0.9967235477618075,0.9983393615375886,1.5922917523517484,0.10998338130093632,0.7025596575851945,0.2950321713783922,0.005741936782028269,0.004489405523173367,0.002767970315752522,0.0016331242495513847,0.0010630624346147438,0.0005308474418514429,0.004429183994363643,0.10336538461538461,0.003415613860648684,0.1546474358974359,1.5B,8192
5,9,lenshift_8192,lenshift,4992,8.515591910049263,29.725375129957044,20.002266359773195,0.963209923914319,21.77754739879961,8.13439145346466,0.5350511468213881,10.18680001118264,0.023903731838160396,-13.903145879507065,59.30680901813321,4.437808174119559e-09,0.9999999999989999,0.13333333333333333,0.6401055257543369,0.6457934045810062,0.9996575721750579,0.9981639387429287,0.9996199440534983,0.9998555648915122,0.5083279558275264,0.05427753337587529,0.08803603148689716,0.9117115442265242,0.00012847116653138502,8.695692152183407e-05,4.470281415584061e-05,2.3318058254507927e-05,1.4247492459336398e-05,5.93685734447137e-06,0.00016788394083682773,0.10256410256410256,0.00015109412047438063,0.15384615384615385,1.5B,8192
5,10,lenshift_8192,lenshift,4992,8.515591910049263,28.06413483158779,20.002266359773195,0.963209923914319,21.77754739879961,8.13439145346466,0.5350511468213881,10.18680001118264,0.023903731838160396,-8.137079920619726,47.302170034789015,4.437808174195822e-09,0.9999999999989999,0.13333333333333333,0.6372752365216997,1.1761103420726937,0.9993307333964463,0.9825982517511224,0.9968739915210889,0.9989431019912199,0.6291909138688219,0.14077738610954182,0.6976905679739426,0.30127277075760595,0.003981087767606295,0.0028368140218643875,0.001550202775805859,0.0008313855025643971,0.0005156470074227609,0.0002355488435075521,0.0021391452869856525,0.10256410256410256,0.0016069771423670386,0.15384615384615385,1.5B,8192
5,11,lenshift_8192,lenshift,4992,8.515591910049263,24.85698030675618,20.002266359773195,0.963209923914319,21.77754739879961,8.13439145346466,0.5350511468213881,10.18680001118264,0.023903731838160396,-49.514053359627724,16.67874401435256,2.466037516086101e-06,0.9999998639680879,0.13333333333333333,0.5587785312939634,0.8422455922846666,0.998542708487013,0.9886264751118834,0.9915831741353648,0.9931287538208533,0.04081180493746284,0.0007302362972998466,0.767881736190137,0.22216598329874476,0.026031308725280103,0.01969065279679564,0.012617774741539974,0.007488651062985553,0.004910547328637914,0.0024599289392446097,0.012560027321588606,0.10256410256410256,0.009242289144385747,0.15384615384615385,1.5B,8192
6,0,lenshift_8192,lenshift,4992,8.515591910049263,18.618727312689646,22.37746461475606,1.713613665072173,25.985872271702892,6.035669001461429,0.8279534343503413,9.304881723649027,0.029626488905445832,-32.231981008313596,41.97682210599305,4.4378081898396676e-09,0.9999999999989999,0.13333333333333333,0.482675189648377,3.137361908652875,0.9885687001467872,0.7264108010607436,0.8967563098536655,0.9341864077324199,0.13378090388961217,0.4112525552794113,0.13981692099737456,0.783608682713668,0.05967783890426321,0.041847829186437875,0.02722339487175961,0.017608376240140583,0.012598503826006899,0.007123923455677974,0.059322497176199224,0.10256410256410256,0.05104315355255492,0.15384615384615385,1.5B,8192
6,1,lenshift_8192,lenshift,4992,8.515591910049263,22.346511659481006,22.37746461475606,1.713613665072173,25.985872271702892,6.035669001461429,0.8279534343503413,9.304881723649027,0.029626488905445832,-50.67257217288716,33.73883394926088,4.4378752748231795e-09,0.9999999999989975,0.06666666666666667,0.4269112652997716,2.824180301169177,0.9910507867029629,0.8383977921737565,0.8962769285777976,0.9114427992334408,0.33450352082853196,0.07600755284756167,0.3936707933792003,0.3233260595212443,0.1177591182893902,0.09372835155399707,0.03655454575725051,0.005204303751735067,0.002852979143443677,0.001366955783300271,0.1157889950021267,0.10336538461538461,0.10640474483921024,0.1546474358974359,1.5B,8192
6,2,lenshift_8192,lenshift,4992,8.515591910049263,23.4124834806162,22.37746461475606,1.713613665072173,25.985872271702892,6.035669001461429,0.8279534343503413,9.304881723649027,0.029626488905445832,-51.553414057707414,36.53898487886181,4.437811999527067e-09,0.9999999999989997,0.13333333333333333,0.5037057458789662,1.6190148050740074,0.9980134536258328,0.9528102035503503,0.9812806467903461,0.9899364294344737,0.6496383731301851,0.09355823813734698,0.5715337005348922,0.41614230237352295,0.019430197270708383,0.013790707933631356,0.007762978779788903,0.004536386284685603,0.0029596491021314313,0.0014787874235193139,0.01489290331923124,0.10256410256410256,0.012340934930182025,0.15384615384615385,1.5B,8192
6,3,lenshift_8192,lenshift,4992,8.515591910049263,23.83881861635776,22.37746461475606,1.713613665072173,25.985872271702892,6.035669001461429,0.8279534343503413,9.304881723649027,0.029626488905445832,-71.55948968604207,19.399177798302844,8.110411773894971e-08,0.9999999962402435,0.13333333333333333,0.5778191498327508,1.0119252179320708,0.9974200767432393,0.9637403045992241,0.9703485804628962,0.97641501893164,0.034742100306151436,0.007846773815212593,0.8205505684144935,0.15192419335441928,0.06509051669237037,0.03698152010946942,0.014117756284851964,0.007901256647115964,0.0053740519115800965,0.002774023930475201,0.060509007211242666,0.10256410256410256,0.04393475464200072,0.15384615384615385,1.5B,8192
6,4,lenshift_8192,lenshift,4992,8.515591910049263,20.892939119125767,22.37746461475606,1.713613665072173,25.985872271702892,6.035669001461429,0.8279534343503413,9.304881723649027,0.029626488905445832,-46.63465437106788,29.696125317830592,4.441354166431574e-09,0.9999999999988713,0.13333333333333333,0.5510070194387781,1.8022355262143948,0.9921954745258252,0.9143025456721269,0.94202868042951,0.9551352943800291,0.207433053766362,0.018176882091535784,0.4134720439294987,0.5372490967216986,0.05466179585542118,0.04253801721376565,0.02783138702661515,0.016965728797612333,0.011400324150584899,0.005666075299750801,0.03362790244087926,0.10336538461538461,0.027439505913375413,0.15384615384615385,1.5B,8192
6,5,lenshift_8192,lenshift,4992,8.515591910049263,27.822881720842425,22.37746461475606,1.713613665072173,25.985872271702892,6.035669001461429,0.8279534343503413,9.304881723649027,0.029626488905445832,-59.46813606657088,40.90636259317398,4.437808219864969e-09,0.9999999999989999,0.13333333333333333,0.5242734435995177,1.1201198216600594,0.9992632676558255,0.9882291775941953,0.9950510268960929,0.9970668671891133,0.4765617075174715,0.03536727504682524,0.7048097872517802,0.29177007776173286,0.006584137268415342,0.00434309046835337,0.0019210682480233574,0.0008446519398040267,0.00046155526388389195,0.0001699760799720672,0.0036216413186860356,0.10336538461538461,0.001940293272521734,0.1546474358974359,1.5B,8192
6,6,lenshift_8192,lenshift,4992,8.515591910049263,24.04783188376614,22.73930608979114,2.0376158489223646,25.893977366606386,7.666371763729986,0.6808588562559386,9.608455327508501,0.024130396938953032,-85.89263151958585,37.96888987720013,4.437809037504333e-09,0.9999999999989999,0.13333333333333333,0.4543131189330975,1.685404937205045,0.998597686249021,0.9448830972369372,0.9659523858431261,0.9834883274220902,0.2819653668172766,0.13132833662791477,0.5355963343648954,0.42597422519103545,0.017263661538074352,0.005082231997993012,0.0016068673642088283,0.0006457433705466295,0.0003121729470169811,9.741403456253029e-05,0.02072085450968739,0.10256410256410256,0.01118198506296991,0.15384615384615385,1.5B,8192
6,7,lenshift_8192,lenshift,4992,8.515591910049263,22.886073250366984,22.73930608979114,2.0376158489223646,25.893977366606386,7.666371763729986,0.6808588562559386,9.608455327508501,0.024130396938953032,-105.81991820159601,37.314567791472655,4.437812588657744e-09,0.9999999999989999,0.06666666666666667,0.5370281682184854,1.6237615731035273,0.992791699215827,0.8423063233855235,0.8619066986896669,0.8832715766909386,0.10804222389907014,0.07461324026841165,0.7920085852029083,0.029455813294796712,0.5687096027260152,0.3549457661402487,0.06353391207418738,0.004686182731269656,0.003243879317350554,0.0019421187385714612,0.7329322017025921,0.10336538461538461,0.650104626805662,0.1546474358974359,1.5B,8192
6,8,lenshift_8192,lenshift,4992,8.515591910049263,22.987359133937534,22.73930608979114,2.0376158489223646,25.893977366606386,7.666371763729986,0.6808588562559386,9.608455327508501,0.024130396938953032,-106.88348381314427,25.06992235314101,4.771819660172845e-09,0.9999999999860496,0.13333333333333333,0.42547897564964693,0.5694604383525463,0.9992132119917057,0.9863796904077882,0.9922400724375641,0.9948513903162957,0.7942169413600757,0.17250247802202612,0.9040314012102284,0.08899009142582084,0.03304270753667306,0.020601925495336876,0.010248713270336047,0.005096208025586322,0.0030115396649866635,0.0011991465734191439,0.03983059918240666,0.10336538461538461,0.024655973572385248,0.1546474358974359,1.5B,8192
6,9,lenshift_8192,lenshift,4992,8.515591910049263,20.29343722356177,22.73930608979114,2.0376158489223646,25.893977366606386,7.666371763729986,0.6808588562559386,9.608455327508501,0.024130396938953032,-65.06827656200039,46.26081518622232,4.437808840565682e-09,0.9999999999989999,0.0,0.4961269608165256,2.4598796007324264,0.9944271986256584,0.9028023282816326,0.9136740161434795,0.9250980703994227,1.8740277349460048,0.12687861987610383,0.38214627663748013,0.004069070960091062,0.06509107912206202,0.045286111129118976,0.0087205594808474,0.001431134563486479,0.0007996446979635067,0.0003559157515249353,0.07830862827568864,0.10336538461538461,0.0693175790345633,0.1546474358974359,1.5B,8192
6,10,lenshift_8192,lenshift,4992,8.515591910049263,19.013391216226697,22.73930608979114,2.0376158489223646,25.893977366606386,7.666371763729986,0.6808588562559386,9.608455327508501,0.024130396938953032,-58.206074487417936,32.406171875074506,4.438044050987021e-09,0.9999999999989915,0.13333333333333333,0.4715411191768917,2.5876683911415075,0.9935331063377715,0.8656305510967539,0.9119295084103002,0.944519712163574,1.1198591926563137,0.10352804354246237,0.2598075105951208,0.6664019391062505,0.046282685370790534,0.028968369294201095,0.017968456736193787,0.010092628912740157,0.006305082692224647,0.002935740980924122,0.044045646608096664,0.10256410256410256,0.031185783883848784,0.15384615384615385,1.5B,8192
6,11,lenshift_8192,lenshift,4992,8.515591910049263,20.88754898769814,22.73930608979114,2.0376158489223646,25.893977366606386,7.666371763729986,0.6808588562559386,9.608455327508501,0.024130396938953032,-99.25166270881891,26.15296404948458,4.554417817561993e-09,0.9999999999946103,0.13333333333333333,0.39789871282684114,0.6825870367013137,0.9990431260622443,0.9885892262368741,0.9948036149497824,0.9964665005670782,0.20533215454028397,0.1931187143382509,0.8502735658481787,0.1458064658564608,0.01827343466203835,0.014876585512704349,0.009840114813153123,0.005922760419742493,0.003998722968291042,0.001956920322947996,0.013078076020855341,0.10256410256410256,0.011092624563195607,0.15384615384615385,1.5B,8192
7,0,lenshift_8192,lenshift,4992,8.515591910049263,16.122927932254317,23.159564846482528,1.9273721187002621,27.263669513871996,5.958011727642065,0.9192871935433229,11.45249257095592,0.05570558753118879,-26.514504974125884,8.760326814488508,0.0015305590220574899,0.9998431894667118,0.13333333333333333,0.36546257234390306,3.5624516978048377,0.9648159552087731,0.6404241570311872,0.7375781352279632,0.7887916558010204,0.17064904928533503,0.012007674019246073,0.4277687275506563,0.29581984446346343,0.3930434360720859,0.30440441814314706,0.14600856115829988,0.07327045059863493,0.05560983618974095,0.037749068978202356,0.33748126335707845,0.10256410256410256,0.2976830326293644,0.15384615384615385,1.5B,8192
7,1,lenshift_8192,lenshift,4992,8.515591910049263,20.470513078600654,23.159564846482528,1.9273721187002621,27.263669513871996,5.958011727642065,0.9192871935433229,11.45249257095592,0.05570558753118879,-41.02465547807515,22.564779716078192,8.168678100848173e-09,0.999999999840419,0.13333333333333333,0.22773553818922573,2.561575262709066,0.9949801077607444,0.8325140040691439,0.927004470288331,0.9571321926752157,0.026715791452994443,0.04540973108206203,0.2801914232885226,0.6640905236918953,0.04082450849114596,0.026892247656828697,0.012275398079698442,0.005356758024850166,0.002743678703376415,0.0010775663840548893,0.03398706753195428,0.10256410256410256,0.026908901283157816,0.15384615384615385,1.5B,8192
7,2,lenshift_8192,lenshift,4992,8.515591910049263,20.439445992079875,23.159564846482528,1.9273721187002621,27.263669513871996,5.958011727642065,0.9192871935433229,11.45249257095592,0.05570558753118879,-40.675117598613724,14.207138216355816,1.028376923529929e-05,0.9999993240437033,0.13333333333333333,0.21396824643409332,2.6079181624012566,0.9963990035422358,0.8225332307972012,0.9253014820428213,0.961936139913204,0.314088683227916,0.014946452593721515,0.30614965190598775,0.5870586508622624,0.039643484491421396,0.024489961580923782,0.006321106224297292,0.0009713285291083641,0.00047894949012536385,0.00020145275326324252,0.032148848901794064,0.10256410256410256,0.028451484150465303,0.15384615384615385,1.5B,8192
7,3,lenshift_8192,lenshift,4992,8.515591910049263,24.121361365436073,23.159564846482528,1.9273721187002621,27.263669513871996,5.958011727642065,0.9192871935433229,11.45249257095592,0.05570558753118879,-60.15566270425916,23.030508177587762,9.031005895049346e-09,0.9999999998077072,0.13333333333333333,0.19554126375066633,0.9873656089630566,0.9984355319779172,0.9742977197280215,0.9811525086013648,0.9859189124571013,0.29408263844771954,0.055956389866033795,0.21590555377188891,0.7651594706359067,0.011734343847575684,0.007958250437006056,0.003617234257656458,0.0014820976796934345,0.0007172985252694992,0.00023453108543171038,0.012820565574908672,0.10336538461538461,0.010787642319040135,0.15384615384615385,1.5B,8192
7,4,lenshift_8192,lenshift,4992,8.515591910049263,17.424310174026648,23.159564846482528,1.9273721187002621,27.263669513871996,5.958011727642065,0.9192871935433229,11.45249257095592,0.05570558753118879,3.884392117499374,40.10499997192528,4.437808942114293e-09,0.9999999999989999,0.13333333333333333,0.26381955951436725,3.542838467308817,0.9875245375270506,0.6319091982586358,0.7840034017626288,0.8582463320065484,0.20477075851811843,0.056689281414789905,0.04648148123001383,0.33684681041917697,0.13684172947917406,0.10038451454053039,0.036541053976896186,0.005474081515451363,0.0029212606304797007,0.000838659305735294,0.12317654854705949,0.10256410256410256,0.11328270405439578,0.15384615384615385,1.5B,8192
7,5,lenshift_8192,lenshift,4992,8.515591910049263,17.271898771769695,23.159564846482528,1.9273721187002621,27.263669513871996,5.958011727642065,0.9192871935433229,11.45249257095592,0.05570558753118879,-42.40752616152167,13.656190247274935,1.724026903929166e-05,0.9999988249710594,0.13333333333333333,0.2357540167487832,3.5613758700215863,0.9701786590856694,0.6616751964514347,0.6986746571019167,0.7464524086573718,0.3519158485513678,0.024292474104163464,0.3743211494564474,0.3440924702673856,0.3245433815904705,0.21606973171088126,0.09885533053994346,0.05535370407557729,0.03580657057968961,0.018962216293505606,0.34035522821059194,0.10256410256410256,0.2822384483356226,0.15384615384615385,1.5B,8192
7,6,lenshift_8192,lenshift,4992,8.515591910049263,9.706451779517728,46.61500775294899,0.7634628043408951,51.35922768791558,6.125252351556715,0.6737958175083041,8.185932235457592,0.056324596634897126,180.2426819051616,18.585547407041304,3.0827878185662086e-07,0.99999998460483,0.13333333333333333,0.4744957166132519,5.116721527194162,0.8701575274865061,0.47683978867262583,0.5597521304239921,0.6081316735925637,0.3298360997990919,0.15428930222556403,0.2279133653958622,0.3615144097975017,0.5357935244947052,0.4634259961042539,0.3993834238147863,0.32394734876962034,0.26459389903498676,0.1818595918704587,0.41069699655916175,0.10256410256410256,0.35036106710590154,0.15384615384615385,1.5B,8192
7,7,lenshift_8192,lenshift,4992,8.515591910049263,14.464450572266877,46.61500775294899,0.7634628043408951,51.35922768791558,6.125252351556715,0.6737958175083041,8.185932235457592,0.056324596634897126,135.36234907060862,14.593044093810022,9.001740549173091e-06,0.9999994330127395,0.06666666666666667,0.29588930757352655,2.6017239565125614,0.990995361481288,0.878771071726613,0.9206319240813663,0.9414358272369385,0.6580178409637263,0.08362004286861513,0.10672606221024673,0.8116448277631594,0.06117547364607491,0.04360289936904879,0.026383501128472923,0.01585513379686751,0.010761534317883596,0.005699581367855043,0.03506122406526627,0.10336538461538461,0.02520101378606575,0.1546474358974359,1.5B,8192
7,8,lenshift_8192,lenshift,4992,8.515591910049263,16.632571937833564,46.61500775294899,0.7634628043408951,51.35922768791558,6.125252351556715,0.6737958175083041,8.185932235457592,0.056324596634897126,105.57959616789594,21.959292613435537,1.5113183118283466e-08,0.9999999995450861,0.06666666666666667,0.25190790454782913,2.2445601989745865,0.9867308308801443,0.8764276905018189,0.8935376871172799,0.9092914188974283,0.02811582546682878,0.004388372013803377,0.12823592975665177,0.7502727511135959,0.10215612177361659,0.0793009518842841,0.04533152029335903,0.02437151482976726,0.014618527272057095,0.006387167590852933,0.10134370596815112,0.10256410256410256,0.08283955367946348,0.15384615384615385,1.5B,8192
7,9,lenshift_8192,lenshift,4992,8.515591910049263,8.322807508616611,46.61500775294899,0.7634628043408951,51.35922768791558,6.125252351556715,0.6737958175083041,8.185932235457592,0.056324596634897126,114.41564951930195,23.794240718707442,5.583006388201162e-09,0.999999999952617,0.13333333333333333,0.3412458844346116,4.869348670262617,0.916776074889166,0.4421971602244349,0.6233947588183975,0.7025078809614211,0.14509331822746496,0.21488246182545723,0.06394113770470744,0.6731162217332745,0.5421445184498395,0.4380263256697202,0.2989771670904217,0.19760139284654432,0.14731809486801775,0.09438013259669634,0.21899489297383554,0.10256410256410256,0.15629393295437435,0.15384615384615385,1.5B,8192
7,10,lenshift_8192,lenshift,4992,8.515591910049263,13.155254442581986,46.61500775294899,0.7634628043408951,51.35922768791558,6.125252351556715,0.6737958175083041,8.185932235457592,0.056324596634897126,110.23953479155898,16.200582487508655,2.24401042906561e-06,0.9999998717598411,0.06666666666666667,0.2890887538370124,2.479546039595143,0.9900209973014236,0.8999382916411315,0.9330521040641486,0.950092838937373,0.10283925867067367,0.028161760263349933,0.09801965928829591,0.839792340436556,0.05042932593220273,0.03949748132568027,0.026812230133500578,0.017799336101011358,0.012941390612058987,0.007480608081098364,0.03182835854927929,0.10336538461538461,0.023917121625332848,0.1546474358974359,1.5B,8192
7,11,lenshift_8192,lenshift,4992,8.515591910049263,9.917102615139815,46.61500775294899,0.7634628043408951,51.35922768791558,6.125252351556715,0.6737958175083041,8.185932235457592,0.056324596634897126,162.99057185277343,23.648238700814545,7.726788404490031e-09,0.9999999998663691,0.13333333333333333,0.41472293461976933,4.424735586957139,0.9281328870975554,0.5475749769843985,0.6863503398989537,0.7589393772304198,0.18250548460705573,0.032078472163824756,0.1825159455829132,0.5535688857273593,0.3666608756877643,0.31921961975027874,0.24054930917148726,0.17679278331008064,0.13848276530815143,0.09293728767462603,0.20286460193579145,0.10256410256410256,0.165896101792369,0.15384615384615385,1.5B,8192
8,0,lenshift_8192,lenshift,4992,8.515591910049263,19.51278954327523,30.989517243434385,3.270385566710847,37.54840408621506,10.006008732912973,1.2388257931087983,13.004217065188863,0.02452253494336412,-65.52039502339903,2.802800415433012,0.2191171148664522,0.9428269658052257,0.13333333333333333,0.7463595797760308,1.4556308649773482,0.9983983684407246,0.9528674113415578,0.9796884115719304,0.9892443012050463,0.09330281769865856,0.187486346480513,0.6266988152893594,0.35044415017067626,0.02892678534820157,0.019300461842438027,0.009047287229296168,0.003926589356968101,0.0021286698042040156,0.0007904870822521122,0.022524385378503643,0.10256410256410256,0.01776182958595685,0.15384615384615385,1.5B,8192
8,1,lenshift_8192,lenshift,4992,8.515591910049263,17.431710410953457,30.989517243434385,3.270385566710847,37.54840408621506,10.006008732912973,1.2388257931087983,13.004217065188863,0.02452253494336412,-29.441388260864187,52.882735900289845,4.4378088402536585e-09,0.9999999999989999,0.06666666666666667,0.7481452241612786,2.577439911317735,0.9971667537915508,0.8202813454660826,0.937615111356766,0.9832696390811007,0.1422699113824339,0.1513239908928643,0.2841711169926217,0.4651579699914381,0.011759360245916109,0.009504697421076064,0.006233153969569192,0.0031156844497935913,0.0015215384732625253,0.0005273497198733452,0.009978927138453855,0.10336538461538461,0.009079107063532047,0.1546474358974359,1.5B,8192
8,2,lenshift_8192,lenshift,4992,8.515591910049263,15.387653995958859,30.989517243434385,3.270385566710847,37.54840408621506,10.006008732912973,1.2388257931087983,13.004217065188863,0.02452253494336412,-29.857825124636292,25.163101209443994,4.747285423215264e-09,0.9999999999870453,0.06666666666666667,0.6859438926996787,3.162086403164688,0.9905699183756003,0.6699078763785243,0.8105110711480082,0.9228758210495015,0.1089146531265334,0.008563101652503846,0.30131168959236876,0.3725088979277417,0.07992084329831531,0.06118333530018349,0.039426940140815304,0.02406264308063857,0.01649303666507124,0.008822657032750054,0.0458341576940187,0.10336538461538461,0.036882989840526285,0.1546474358974359,1.5B,8192
8,3,lenshift_8192,lenshift,4992,8.515591910049263,28.274789065057806,30.989517243434385,3.270385566710847,37.54840408621506,10.006008732912973,1.2388257931087983,13.004217065188863,0.02452253494336412,-66.60711170453578,85.10674598347396,4.4378088402533714e-09,0.9999999999989999,0.0,0.5934515789393758,0.7791297781892275,0.9996451209732475,0.9990512028798664,0.999859696709934,0.9999759326492064,0.3847327861846632,0.2484097002967065,0.1737452895168879,0.029193385920283508,1.4210147150419756e-05,6.705447808034253e-06,1.5105092838626146e-06,2.6875810129874865e-07,8.855622731231488e-08,1.3095322318952997e-08,1.2458913180060195e-05,0.10336538461538461,1.0107268863264163e-05,0.1546474358974359,1.5B,8192
8,4,lenshift_8192,lenshift,4992,8.515591910049263,21.707528954855317,30.989517243434385,3.270385566710847,37.54840408621506,10.006008732912973,1.2388257931087983,13.004217065188863,0.02452253494336412,-52.34577419515699,71.68191036675125,4.4378088402533714e-09,0.9999999999989999,0.06666666666666667,0.7290031341710879,1.3434037270560177,0.9992667962527116,0.9632020777947389,0.9924649734517337,0.9985928706887371,0.05630084552220138,0.3654581894236606,0.7040959870824905,0.11833602186783664,0.002267999804795575,0.0015698552962011936,0.0007795786023962187,0.00032095610522967025,0.0001514051207515791,4.192490164545319e-05,0.0018043007845788986,0.10336538461538461,0.0015867938243756808,0.1546474358974359,1.5B,8192
8,5,lenshift_8192,lenshift,4992,8.515591910049263,20.657816270969718,30.989517243434385,3.270385566710847,37.54840408621506,10.006008732912973,1.2388257931087983,13.004217065188863,0.02452253494336412,-68.46976299630478,0.8710905271582305,0.6065920038208312,0.7049725633381859,0.13333333333333333,0.6971630021689842,1.6174830476539754,0.9989010016822837,0.9352040076690478,0.985874570108013,0.9973657967569266,0.5348136676344997,0.23607579386491828,0.6196626052494921,0.37072989125043954,0.004544319783069544,0.002932787797570372,0.001491543116258568,0.0007333243713092213,0.0004313461324514652,0.00017968820678890385,0.0021568977281804223,0.10256410256410256,0.0014451683057914862,0.15384615384615385,1.5B,8192
8,6,lenshift_8192,lenshift,4992,8.515591910049263,23.8517233964658,23.459805053516472,1.6887656013006165,27.269413542209993,6.771568608156106,0.6973934510110124,11.254171613287635,0.06537682321353713,-54.6437117587775,22.589369095978327,8.081638370415247e-09,0.9999999998442746,0.13333333333333333,0.5364364475678483,2.276221042692809,0.9960711827684443,0.8754326930268993,0.9711017704070208,0.9852005523662765,0.34247555507751887,0.30461086852218044,0.28719848091042577,0.6952131221680173,0.016019614058489312,0.012968363151330726,0.008526231290967919,0.005268218186792483,0.0035060096161615316,0.0017683685767211149,0.01035913855368451,0.10256410256410256,0.00830867659445976,0.15384615384615385,1.5B,8192
8,7,lenshift_8192,lenshift,4992,8.515591910049263,27.03134763168057,23.459805053516472,1.6887656013006165,27.269413542209993,6.771568608156106,0.6973934510110124,11.254171613287635,0.06537682321353713,-12.899973321822472,70.00997805863153,4.4378088402533714e-09,0.9999999999989999,0.06666666666666667,0.7375313011147755,2.596543948306074,0.9974353979497471,0.8003338298959333,0.8904853103083263,0.96820475768708,0.5013734202585769,0.047170210212718056,0.45537887249651976,0.0771589434275944,0.01612075230964023,0.0051334180234044015,0.000556149252230481,0.0001634293972887149,7.236286816758013e-05,1.886358645023867e-05,0.010002032881985931,0.10336538461538461,0.008160415717659143,0.1546474358974359,1.5B,8192
8,8,lenshift_8192,lenshift,4992,8.515591910049263,20.454925383557832,23.459805053516472,1.6887656013006165,27.269413542209993,6.771568608156106,0.6973934510110124,11.254171613287635,0.06537682321353713,-50.94892266020179,8.626715742517263,0.001725323024196271,0.9998207797341732,0.13333333333333333,0.6315962188139809,2.462176235777447,0.9944778924331842,0.8285793631938355,0.9422745278606688,0.975119108548571,0.04871863801180365,0.09181421208267793,0.32705605819318995,0.6406095194742936,0.02787244637674747,0.021745075928109547,0.013833904847901297,0.008486170323269907,0.005713325239307537,0.002930853816767848,0.019410760069614726,0.10256410256410256,0.015985660162392366,0.15384615384615385,1.5B,8192
8,9,lenshift_8192,lenshift,4992,8.515591910049263,20.284162488939913,23.459805053516472,1.6887656013006165,27.269413542209993,6.771568608156106,0.6973934510110124,11.254171613287635,0.06537682321353713,-34.15734123624861,40.554649082245305,4.437808254749913e-09,0.9999999999989999,0.13333333333333333,0.6270578573799974,0.6257207945049525,0.998307839088719,0.9789351198691949,0.9924004926230493,0.9940766769353861,0.22814627524936668,0.01944715649551787,0.030713178614909662,0.9634839703369286,0.005355716071669443,0.004498490801733998,0.003129176536133873,0.0020557723577692122,0.0014863250999189194,0.0008361516622773474,0.0033872524148414376,0.10256410256410256,0.0026275050800795363,0.15384615384615385,1.5B,8192
8,10,lenshift_8192,lenshift,4992,8.515591910049263,21.892629396186447,23.459805053516472,1.6887656013006165,27.269413542209993,6.771568608156106,0.6973934510110124,11.254171613287635,0.06537682321353713,-78.18599606957287,16.763816251885146,9.357603530754428e-07,0.9999999475703635,0.06666666666666667,0.6276213104587592,0.5548779701751567,0.9981135143916742,0.9747135380067558,0.9893487144404092,0.9922159193952698,0.05563562073872985,0.45253311483183456,0.9125408450187444,0.07827171081441171,0.021437223822512796,0.0173011766477419,0.01179652875108622,0.007532944560603847,0.0052038957623932736,0.0027463160989900396,0.012830290606675615,0.10336538461538461,0.010124047883258443,0.1546474358974359,1.5B,8192
8,11,lenshift_8192,lenshift,4992,8.515591910049263,23.165188406909973,23.459805053516472,1.6887656013006165,27.269413542209993,6.771568608156106,0.6973934510110124,11.254171613287635,0.06537682321353713,-60.236750609241426,31.531399680301547,4.438367049482475e-09,0.9999999999989797,0.13333333333333333,0.5653837000516303,2.1060105362532893,0.9978943110840993,0.8959242999116352,0.9838517475035209,0.9938186245184998,0.6692193458697251,0.3409747690223188,0.33388190345399016,0.6586266497659017,0.006502803976902327,0.004684588665359524,0.0028851065451827103,0.001725630480181434,0.0011579070096851285,0.0005681539985333171,0.0033493462031527663,0.10336538461538461,0.0024473654929256573,0.1546474358974359,1.5B,8192
9,0,lenshift_8192,lenshift,4992,8.515591910049263,22.811024736033406,23.657518066358854,1.7985393058038746,27.652285937526216,6.511349036228251,0.9098329454826648,11.001110880336952,0.07599311742903818,-66.61612158361822,12.951932798023336,3.309318086598975e-05,0.9999976283738636,0.13333333333333333,0.5050699908947389,1.2647729496338824,0.9955172737110762,0.9647565973227048,0.9807748126760789,0.9847353376887358,0.8044772966021139,0.16230993705924224,0.10880407452690201,0.8742050119887749,0.01457100316621122,0.012491857056650596,0.00916997266602095,0.006406128931087497,0.0047340682005053755,0.002786361049414652,0.010016840321366077,0.10336538461538461,0.00842480838598056,0.15384615384615385,1.5B,8192
9,1,lenshift_8192,lenshift,4992,8.515591910049263,23.582408084989517,23.657518066358854,1.7985393058038746,27.652285937526216,6.511349036228251,0.9098329454826648,11.001110880336952,0.07599311742903818,-73.2989150788635,5.00763400393771,0.039926611578207795,0.993357709713234,0.13333333333333333,0.5733601885279342,2.122135904608494,0.9957645734431907,0.8751072609113169,0.9508392589935616,0.9732408147662913,0.399048721924661,0.7193448140746863,0.5195099817052377,0.4432282837310447,0.04783661938585307,0.032938790266949035,0.0169976594518748,0.009018003577864689,0.006037777189726612,0.0032585470501886476,0.03490018765986103,0.10256410256410256,0.030615784668987688,0.15384615384615385,1.5B,8192
9,2,lenshift_8192,lenshift,4992,8.515591910049263,27.31108527043982,23.657518066358854,1.7985393058038746,27.652285937526216,6.511349036228251,0.9098329454826648,11.001110880336952,0.07599311742903818,-75.69051853567362,10.424540857202373,0.0003392434832439681,0.9999703061473457,0.13333333333333333,0.5843376758904872,2.2917958654917623,0.9978287370614612,0.8872018852287266,0.9805068160911611,0.9906998351604822,0.33432877999460575,0.09059039404246683,0.25753248927857036,0.7276216296826968,0.008374521650508249,0.005320462633577344,0.0025283483993736883,0.0012047920343868828,0.0006952528782791978,0.0002901333972337961,0.003909797536152685,0.10336538461538461,0.0026096655135214404,0.15384615384615385,1.5B,8192
9,3,lenshift_8192,lenshift,4992,8.515591910049263,22.754520494086172,23.657518066358854,1.7985393058038746,27.652285937526216,6.511349036228251,0.9098329454826648,11.001110880336952,0.07599311742903818,-69.89012448780704,16.540956529672258,1.1536560986564853e-06,0.9999999344820268,0.13333333333333333,0.5542733780588044,1.585880514117176,0.9978814683909243,0.9160262174999677,0.9664950462289273,0.9870937467519106,0.4295150349860948,0.06492421189971953,0.6678334976765601,0.2566810393974016,0.020841867618833547,0.01270598036721999,0.007738721110115279,0.0043993991833555695,0.0028483572785286083,0.0014824920176565702,0.009411512515166271,0.10256410256410256,0.00799626771008974,0.15384615384615385,1.5B,8192
9,4,lenshift_8192,lenshift,4992,8.515591910049263,26.312775367558235,23.657518066358854,1.7985393058038746,27.652285937526216,6.511349036228251,0.9098329454826648,11.001110880336952,0.07599311742903818,-84.30159032763913,31.16603983612731,4.4387788815403114e-09,0.9999999999989648,0.13333333333333333,0.6010828332712551,1.7971874604595854,0.9983753352743988,0.9720011181776289,0.9915000678229545,0.9946771405092573,0.9224076137037487,0.08456864198804848,0.466489605757446,0.5269433974063231,0.007718523680275343,0.005400689438616119,0.0032668297443874494,0.0019101600990153484,0.001257358212873819,0.0006271627459526849,0.004877152615033027,0.10256410256410256,0.003709689227543564,0.15384615384615385,1.5B,8192
9,5,lenshift_8192,lenshift,4992,8.515591910049263,24.590493648264047,23.657518066358854,1.7985393058038746,27.652285937526216,6.511349036228251,0.9098329454826648,11.001110880336952,0.07599311742903818,-59.969612752087414,28.55848117134883,4.448668375078373e-09,0.9999999999986044,0.13333333333333333,0.5353280642517457,2.697885142744664,0.9971708400298585,0.731149683334329,0.9712942342509413,0.9937204156535575,0.01189523149577515,0.24493333340111945,0.14525325642817838,0.8464098198949017,0.005498814323880562,0.003645692905705815,0.0019909274434574114,0.001067231301045118,0.0006551467038363468,0.0002907569653075254,0.003098372618528363,0.10256410256410256,0.0021789874667534105,0.15384615384615385,1.5B,8192
9,6,lenshift_8192,lenshift,4992,8.515591910049263,14.267995853692844,23.773417866005136,1.7338929823979363,27.161675436896218,9.068678772340691,0.7459704013592653,11.524232266707605,0.028225911236974745,-36.773934466342325,36.90375236883119,4.437811564329618e-09,0.9999999999989999,0.06666666666666667,0.7778114955483033,3.2471842251999803,0.9916591393299867,0.6661571290155232,0.8328042533547895,0.9290741101922013,0.3922089943710556,0.045926830766441995,0.2481306660373706,0.2552929466866257,0.06300460455053215,0.044834578899316115,0.027079788754562226,0.014000248409419002,0.00879351603977124,0.004384423102943209,0.039386767553681784,0.10336538461538461,0.035126037961909856,0.1546474358974359,1.5B,8192
9,7,lenshift_8192,lenshift,4992,8.515591910049263,19.070038599746397,23.773417866005136,1.7338929823979363,27.161675436896218,9.068678772340691,0.7459704013592653,11.524232266707605,0.028225911236974745,-59.39277364542431,20.683952786301234,2.6983253998183696e-08,0.9999999989589039,0.13333333333333333,0.6820216959136666,2.4573100560488106,0.9959808456748874,0.8395203287718527,0.9374655655555462,0.9721052204517135,0.08069943485420317,0.10622859232408555,0.30599148902898704,0.5884329628751404,0.038989866139426586,0.028364965851699942,0.013949585478051906,0.0067346443802806895,0.003988115433500229,0.0018408313524474753,0.02900036517252732,0.10256410256410256,0.024324659051082574,0.15384615384615385,1.5B,8192
9,8,lenshift_8192,lenshift,4992,8.515591910049263,16.715344418286065,23.773417866005136,1.7338929823979363,27.161675436896218,9.068678772340691,0.7459704013592653,11.524232266707605,0.028225911236974745,-33.883010921941604,53.740748298412655,4.437808840253492e-09,0.9999999999989999,0.06666666666666667,0.6875859367622807,2.8635007188459176,0.9964313756989628,0.7606429021616588,0.8958112185609083,0.9726192457337097,0.10604286169941024,0.1537772232845147,0.2170358900491733,0.1187892638556636,0.015115743632403781,0.008912034887461472,0.004868622133847903,0.0024551699129418177,0.001428688004675935,0.0006206980806355284,0.00782565960221598,0.10336538461538461,0.006731183643234018,0.1546474358974359,1.5B,8192
9,9,lenshift_8192,lenshift,4992,8.515591910049263,19.694301624677728,23.773417866005136,1.7338929823979363,27.161675436896218,9.068678772340691,0.7459704013592653,11.524232266707605,0.028225911236974745,-61.63023596443236,18.817852093023248,1.3764733960078006e-07,0.9999999932768111,0.13333333333333333,0.7062958459031711,2.443574382603403,0.9961598434525331,0.869335498051904,0.9504806172806736,0.9730224626485576,0.43245351326427417,0.0015431436379538255,0.2856776108674823,0.6799195601543857,0.040041187212636456,0.027036469225067826,0.01274061104494181,0.006273649683026012,0.0037326997929449765,0.001747447311818935,0.028130493345980983,0.10256410256410256,0.02016792351865991,0.15384615384615385,1.5B,8192
9,10,lenshift_8192,lenshift,4992,8.515591910049263,21.43013834296531,23.773417866005136,1.7338929823979363,27.161675436896218,9.068678772340691,0.7459704013592653,11.524232266707605,0.028225911236974745,-69.73821368906647,14.855154567863792,5.610496078778301e-06,0.9999996464185943,0.13333333333333333,0.6489598455685976,2.085070984526543,0.9983089348222409,0.9048027409327584,0.9736049224886846,0.9930316901433743,0.18530156975754108,0.09873223794410446,0.4357514218856326,0.5444414720375119,0.009166921277710611,0.00584392970251852,0.0028178283083607086,0.0013807804207875878,0.0008212088794370174,0.00037288175866012293,0.004485128423563848,0.10256410256410256,0.0031595251908937373,0.15384615384615385,1.5B,8192
9,11,lenshift_8192,lenshift,4992,8.515591910049263,19.64060700688111,23.773417866005136,1.7338929823979363,27.161675436896218,9.068678772340691,0.7459704013592653,11.524232266707605,0.028225911236974745,-59.95837316568941,36.151690256316215,4.437813714850326e-09,0.9999999999989997,0.13333333333333333,0.619927856499682,2.4015258051562536,0.9942924311119745,0.8048392373681129,0.9539165700272167,0.9787897839751656,0.009472101173584546,0.1259319279015645,0.4224799249936896,0.5546205551158845,0.05019268799190975,0.0401990437137972,0.027356484454477043,0.017766387008059617,0.012340429783589162,0.006344275513703236,0.03248008719469127,0.10256410256410256,0.024685214412463723,0.15384615384615385,1.5B,8192
10,0,lenshift_8192,lenshift,4992,8.515591910049263,16.73568482575524,23.98985932735076,2.119635361097288,28.702063404318242,9.813535327674357,1.0716774239469289,14.218851041443,0.031057025464680543,-43.803828545846045,22.745709547773004,7.576624156303226e-09,0.9999999998665814,0.13333333333333333,0.44351674347465586,3.033081365482614,0.9962369201852047,0.6949297324508434,0.8805834860148377,0.9625669416791932,0.26827845171787934,0.16258112041927353,0.13029969611477268,0.6555731530395937,0.023888036046328245,0.011055058616866401,0.004805261824667642,0.002020002569653704,0.0012028658272358625,0.0005628313377549219,0.013525529563084594,0.10256410256410256,0.01091422958155609,0.15384615384615385,1.5B,8192
10,1,lenshift_8192,lenshift,4992,8.515591910049263,21.83589310615954,23.98985932735076,2.119635361097288,28.702063404318242,9.813535327674357,1.0716774239469289,14.218851041443,0.031057025464680543,-68.43677463568747,8.504266256524716,0.0019252198527456947,0.9997974388685432,0.13333333333333333,0.4740559241477545,2.3633423010466874,0.9982712001779331,0.8916500210020597,0.9826231717426495,0.9965786604772674,0.10856783724684937,0.07966909192208194,0.18431717507709897,0.806306365964638,0.003887258914426801,0.0023053846286602824,0.0008918502325248471,0.0003643210089542861,0.00020207397471575777,8.690482454771799e-05,0.002398103792997203,0.10256410256410256,0.001933411225591674,0.15384615384615385,1.5B,8192
10,2,lenshift_8192,lenshift,4992,8.515591910049263,21.815683313701506,23.98985932735076,2.119635361097288,28.702063404318242,9.813535327674357,1.0716774239469289,14.218851041443,0.031057025464680543,-61.774866588828445,25.25329181044799,4.717406410666265e-09,0.9999999999882194,0.13333333333333333,0.38952503451400544,2.3068465692385454,0.9983378802675174,0.8660646431406629,0.9466017657213782,0.9925390443107763,0.053530501559444055,0.06242472992727377,0.2938281507837875,0.662193591571815,0.0013980858320880821,0.0005503295636289108,0.0002220244005397534,9.387945945226021e-05,5.7304093275132415e-05,2.676055971156898e-05,0.000614179160017826,0.10256410256410256,0.0005235411292417138,0.15384615384615385,1.5B,8192
10,3,lenshift_8192,lenshift,4992,8.515591910049263,20.40467848466107,23.98985932735076,2.119635361097288,28.702063404318242,9.813535327674357,1.0716774239469289,14.218851041443,0.031057025464680543,-83.215495338256,1.7590237289550714,0.4173161840852849,0.8530873469785838,0.13333333333333333,0.46052827329541257,1.9306866076312317,0.9984346781598652,0.8476829383052019,0.9634139851643675,0.9952714512450906,0.13896622012519533,0.3346324269647023,0.5655423168695736,0.4074947619660258,0.007930564425899263,0.0048046502262586235,0.0020134479354583625,0.0008578457506772657,0.0004714331294193466,0.0002014102382347898,0.005164785825450255,0.10256410256410256,0.0040261958195044086,0.15384615384615385,1.5B,8192
10,4,lenshift_8192,lenshift,4992,8.515591910049263,21.35499899664852,23.98985932735076,2.119635361097288,28.702063404318242,9.813535327674357,1.0716774239469289,14.218851041443,0.031057025464680543,-51.32310628906998,71.6197148643696,4.4378088402533714e-09,0.9999999999989999,0.06666666666666667,0.40522069701492136,2.027935088066067,0.9984586480377732,0.8707971811824211,0.9395212181450636,0.9860967167064476,0.029525490035548607,0.07585197829299561,0.5297865906635479,0.25231779531232834,0.0026489839119628656,0.00017784086777707293,6.539997343189422e-05,1.9292677815169465e-05,9.582861410062959e-06,4.874607975960179e-06,0.00016119193141939106,0.10336538461538461,0.00013859669265293387,0.1546474358974359,1.5B,8192
10,5,lenshift_8192,lenshift,4992,8.515591910049263,21.491289324645,23.98985932735076,2.119635361097288,28.702063404318242,9.813535327674357,1.0716774239469289,14.218851041443,0.031057025464680543,-75.54216367099434,3.7718034095305484,0.10758878245924683,0.9775070463095943,0.13333333333333333,0.499064549075792,0.9187608904619811,0.9992892505005554,0.9812213828984708,0.9931288427593418,0.9973155709834295,0.06176244225230798,0.0985138329751214,0.1258778233974441,0.8679902021601551,0.0029160457327491235,0.0019433415747203025,0.0010742218848182371,0.0005865770621274187,0.00037217738977948523,0.00018058152050635479,0.001917121400507273,0.10336538461538461,0.0016323538581046657,0.15384615384615385,1.5B,8192
10,6,lenshift_8192,lenshift,4992,8.515591910049263,18.831968238153852,28.404098923331976,2.6124677415486794,33.78494614857668,6.893848739041457,1.143685805540497,11.79163846893219,0.10275383958174683,-51.98479920148384,33.43000867322553,4.437892652835907e-09,0.9999999999989968,0.13333333333333333,0.512054902988901,2.1812474136916435,0.9977277166505547,0.8083356422960563,0.9093164996196843,0.9761274585338584,0.03242203219946038,0.1132465799734681,0.5544749431530646,0.2970995917375441,0.009258732957735095,0.00398069763076712,0.0015463822601200672,0.0006731161811181101,0.000386960620484653,0.00016496012505902313,0.005110589745018287,0.10256410256410256,0.0038440969574040458,0.15384615384615385,1.5B,8192
10,7,lenshift_8192,lenshift,4992,8.515591910049263,20.333569731023765,28.404098923331976,2.6124677415486794,33.78494614857668,6.893848739041457,1.143685805540497,11.79163846893219,0.10275383958174683,-31.65061636394239,52.68697710047127,4.4378088402537205e-09,0.9999999999989999,0.13333333333333333,0.5020456523544138,3.046371278322585,0.9968661479337126,0.6346877090213963,0.8856700935203847,0.9797726960539217,0.06719536332035814,0.3664923914265992,0.14749056666581897,0.4895786210175208,0.001216229140442501,0.00010023949751298003,3.471293455203639e-05,1.2537415809305504e-05,6.220776592961754e-06,2.2994860741090448e-06,0.00022983971237021508,0.10256410256410256,0.00018598850664082898,0.15384615384615385,1.5B,8192
10,8,lenshift_8192,lenshift,4992,8.515591910049263,16.114384653863596,28.404098923331976,2.6124677415486794,33.78494614857668,6.893848739041457,1.143685805540497,11.79163846893219,0.10275383958174683,-61.14456149470061,11.856453535147011,9.118994096505372e-05,0.9999929074135878,0.13333333333333333,0.5314246055774812,1.7260029372595953,0.9984073149015666,0.9329491658094913,0.9707922233699391,0.9924800541949242,0.7761297477621714,0.09334679793507972,0.1817971505767307,0.7940352336158729,0.00420309934509143,0.0028364330533914564,0.0017479695700556076,0.0010802403381338548,0.0007711033431041364,0.0004429768480753451,0.002453133370736365,0.10256410256410256,0.0021033621760533352,0.15384615384615385,1.5B,8192
10,9,lenshift_8192,lenshift,4992,8.515591910049263,14.620410309176265,28.404098923331976,2.6124677415486794,33.78494614857668,6.893848739041457,1.143685805540497,11.79163846893219,0.10275383958174683,-37.125745053286664,37.284606879693456,4.437810771873405e-09,0.9999999999989999,0.13333333333333333,0.604439381744003,3.0751745544408964,0.9961107614189703,0.6462905243633671,0.8298425920289333,0.9533590279475476,0.2644655448711102,0.00848103120174093,0.25907066958634745,0.512802758138172,0.00983639885624819,0.0048139647346771555,0.0023340409654501733,0.0010574437933294999,0.0006181122852581904,0.0002697474743793589,0.006025244204924192,0.10256410256410256,0.005016878503487118,0.15384615384615385,1.5B,8192
10,10,lenshift_8192,lenshift,4992,8.515591910049263,18.427729330784885,28.404098923331976,2.6124677415486794,33.78494614857668,6.893848739041457,1.143685805540497,11.79163846893219,0.10275383958174683,-27.620497056137538,42.5804508413712,4.4378088488224266e-09,0.9999999999989999,0.13333333333333333,0.46988645374206534,2.912819253332203,0.9970083716514881,0.6875103609828969,0.8603446503720183,0.9721844680110175,0.05351226251075092,0.16337315453320234,0.06593367217010726,0.6902287036696448,0.0029737560392140167,0.0005248199708148071,0.00020338271429449012,8.694174697577905e-05,4.841857757981117e-05,1.9898627524621098e-05,0.0010265828842281682,0.10336538461538461,0.0009187677986189852,0.1546474358974359,1.5B,8192
10,11,lenshift_8192,lenshift,4992,8.515591910049263,16.475362602091753,28.404098923331976,2.6124677415486794,33.78494614857668,6.893848739041457,1.143685805540497,11.79163846893219,0.10275383958174683,-45.817133908585674,26.64838413828329,4.509521165689092e-09,0.9999999999963285,0.13333333333333333,0.566991215656398,2.9297380771875883,0.9964787467337691,0.7182465638422673,0.8670051779967513,0.9624963283172251,0.10525547427552984,0.019777071488948916,0.2697836626956958,0.5700875351952172,0.014623408035498693,0.005827246034422455,0.002456296467209473,0.001151763024300738,0.0006840354009249944,0.00032483202518793913,0.006342027757281483,0.10336538461538461,0.0049503032066568415,0.1546474358974359,1.5B,8192
11,0,lenshift_8192,lenshift,4992,8.515591910049263,16.578652270594272,24.127006670651333,2.1742159131108556,29.233692972952788,8.166548971227327,0.7912045408962708,10.397022220502569,0.03790879815907971,-53.69841882114997,23.995415199140552,5.381106429264016e-09,0.9999999999610751,0.13333333333333333,0.5208376530088534,2.943404885115055,0.9914170640719485,0.7323610112839186,0.838399160814969,0.9063138659752238,0.023081405485626982,0.12876356655294696,0.404277999773912,0.4448582213899177,0.17683022376827906,0.11002231597738181,0.03953783110687079,0.01663135381222382,0.009320761154002042,0.0038772689467797368,0.15644343519455314,0.10256410256410256,0.13674431375100343,0.15384615384615385,1.5B,8192
11,1,lenshift_8192,lenshift,4992,8.515591910049263,18.81221306105177,24.127006670651333,2.1742159131108556,29.233692972952788,8.166548971227327,0.7912045408962708,10.397022220502569,0.03790879815907971,-66.01645565847866,15.189154810388573,4.1032359114364205e-06,0.9999997468164489,0.13333333333333333,0.5853460925821459,2.212969983749579,0.9967467290167327,0.8715125177500642,0.9621745117284408,0.9807292206325863,0.3797318097277542,0.04674326461293621,0.45324041369939627,0.5241778957635828,0.031871146308961054,0.021615168588536765,0.010870675274122023,0.005828748180828278,0.0038863246987066178,0.0021426468917614106,0.02703384312674548,0.10256410256410256,0.02258393115160387,0.15384615384615385,1.5B,8192
11,2,lenshift_8192,lenshift,4992,8.515591910049263,23.053114578536363,24.127006670651333,2.1742159131108556,29.233692972952788,8.166548971227327,0.7912045408962708,10.397022220502569,0.03790879815907971,-97.42870938591659,8.251619511109311,0.0024125626237129303,0.9997392322278795,0.13333333333333333,0.5727875562437571,1.5742066438145779,0.9988209287373794,0.9734766443220843,0.9914524491441005,0.9950087795765523,0.8727351714367195,0.2569745721168486,0.5716383115210606,0.4222471787240303,0.008502894247409475,0.00550459508774273,0.002522878672539656,0.0011768477352025583,0.0007065602722816583,0.00031658290896323556,0.008345088463751768,0.10336538461538461,0.007146375988251604,0.1546474358974359,1.5B,8192
11,3,lenshift_8192,lenshift,4992,8.515591910049263,16.108650150512076,24.127006670651333,2.1742159131108556,29.233692972952788,8.166548971227327,0.7912045408962708,10.397022220502569,0.03790879815907971,-63.84670177087537,21.574474349763477,1.4067772802015369e-08,0.999999999572101,0.13333333333333333,0.5283479873905528,2.3768565846981455,0.991108017999267,0.8000420609201954,0.875551203879898,0.9159826185732375,0.01346509623568437,0.22221446456967087,0.5780142785728029,0.2829091378191938,0.1953150346123339,0.1276694350792557,0.058342756920803686,0.027460909533013635,0.015529815275452991,0.0065655184585706365,0.17792747524351307,0.10336538461538461,0.16353946565918678,0.15384615384615385,1.5B,8192
11,4,lenshift_8192,lenshift,4992,8.515591910049263,23.903604023879844,24.127006670651333,2.1742159131108556,29.233692972952788,8.166548971227327,0.7912045408962708,10.397022220502569,0.03790879815907971,-106.79887793876696,17.481839206970108,4.770631624257351e-07,0.9999999744268759,0.13333333333333333,0.5620075181238953,1.3389011430669306,0.9992639129896145,0.9923474702348681,0.9971123360526256,0.9981701283849429,0.29008851332324426,0.9887674052156665,0.5055125163804817,0.4920463691358754,0.002488834077108563,0.0016731177155463214,0.0008433567176422393,0.00041294809759559676,0.0002377621140597,9.335011170003269e-05,0.002426948866199536,0.10336538461538461,0.0016574332895771217,0.15384615384615385,1.5B,8192
11,5,lenshift_8192,lenshift,4992,8.515591910049263,18.329129036673397,24.127006670651333,2.1742159131108556,29.233692972952788,8.166548971227327,0.7912045408962708,10.397022220502569,0.03790879815907971,-73.52071297640214,14.20833335624775,1.0272298222902352e-05,0.9999993248510812,0.13333333333333333,0.5278137864564592,1.964134201357831,0.9977858611222994,0.8988337884528345,0.963105006405802,0.9847213078875904,0.22754305901676686,0.026575331811976355,0.5398891744770439,0.4311484770581494,0.027694540994457464,0.018282397860146477,0.006695901817356849,0.0027813594453041097,0.0015813558477528141,0.0006936566649165047,0.02320361730879428,0.10256410256410256,0.02020605854538108,0.15384615384615385,1.5B,8192
11,6,lenshift_8192,lenshift,4992,8.515591910049263,20.92719115968752,24.384753744703005,3.2874073406034046,32.19950841949016,7.420208155740388,0.683163881194351,10.828917695926327,0.030792742875650012,-39.45743492082693,90.41605418990366,4.4378088402533714e-09,0.9999999999989999,0.13333333333333333,0.4072874593459701,1.841350167407103,0.9988678039834118,0.9088526600887967,0.9696030324777183,0.9979228815935953,0.023312717926967208,0.02351664018513122,0.08885353918972881,0.1480656457076202,0.0005401805181330284,0.0002090082144017451,2.9951066647463964e-05,2.2069486372102913e-06,8.227432840447818e-07,2.744687987035804e-07,0.00040715980184253604,0.10256410256410256,0.00028067356939720614,0.15384615384615385,1.5B,8192
11,7,lenshift_8192,lenshift,4992,8.515591910049263,18.60661798676449,24.384753744703005,3.2874073406034046,32.19950841949016,7.420208155740388,0.683163881194351,10.828917695926327,0.030792742875650012,-48.61661140350043,40.22538608117611,4.43780893056103e-09,0.9999999999989999,0.13333333333333333,0.4667249440797736,2.840438540951501,0.9961156568400568,0.7873831536998267,0.8979905859936455,0.9448064444491695,0.11816861011475965,0.016564301520660685,0.19135639250056366,0.6200466764267444,0.04834276439307969,0.026158650552286694,0.0034975772503429412,0.00027019032058722025,9.963381472032278e-05,3.522289752080166e-05,0.05806245748272811,0.10256410256410256,0.05025970783026816,0.15384615384615385,1.5B,8192
11,8,lenshift_8192,lenshift,4992,8.515591910049263,29.110399878546033,24.384753744703005,3.2874073406034046,32.19950841949016,7.420208155740388,0.683163881194351,10.828917695926327,0.030792742875650012,-81.20071927900426,7.284399017924443,0.005680769081954599,0.9993143100097591,0.13333333333333333,0.3779479728200767,0.4825017918515045,0.9994993470737288,0.9845102128577853,0.9919621938674581,0.996127684540202,0.03006861539888428,0.003138636295935804,0.06989395497371284,0.9196266946545247,0.002807651337305837,0.0013084250209205806,0.00044612970959674684,0.00015494894962518154,7.146342546721013e-05,1.9304505524805725e-05,0.005341209812690489,0.10256410256410256,0.004448362864751453,0.15384615384615385,1.5B,8192
11,9,lenshift_8192,lenshift,4992,8.515591910049263,18.068894350434558,24.384753744703005,3.2874073406034046,32.19950841949016,7.420208155740388,0.683163881194351,10.828917695926327,0.030792742875650012,-52.55090821965132,25.057813854306005,4.775758459823737e-09,0.9999999999858922,0.13333333333333333,0.4689550497545099,3.2983599095828486,0.9950375111398595,0.6165129269013406,0.8438501528858738,0.9317389585351397,0.10175728584912552,0.14210928974275872,0.14387950601191238,0.6192112578364466,0.03928542894302311,0.020837962367344635,0.003363956178612938,0.0005276980682292888,0.00021623491824374337,6.791558803713657e-05,0.06051985986002561,0.10256410256410256,0.039189775405236264,0.15384615384615385,1.5B,8192
11,10,lenshift_8192,lenshift,4992,8.515591910049263,17.723199475858475,24.384753744703005,3.2874073406034046,32.19950841949016,7.420208155740388,0.683163881194351,10.828917695926327,0.030792742875650012,0.06484128517331555,90.49305783753516,4.4378088402533714e-09,0.9999999999989999,0.06666666666666667,0.39548042760009766,2.5120281714363073,0.9980181248723722,0.8305189885336439,0.9446357863567197,0.9883302773528282,0.7299933997434258,0.05509313811483385,0.014150922280506378,0.20759961624119339,0.0032539681656912627,0.0008574307240943611,9.824928569766525e-05,7.133941233643543e-06,2.395084248720258e-06,4.3978290644140834e-07,0.00281546970651617,0.10336538461538461,0.001979715046381576,0.15384615384615385,1.5B,8192
11,11,lenshift_8192,lenshift,4992,8.515591910049263,24.82261405578414,24.384753744703005,3.2874073406034046,32.19950841949016,7.420208155740388,0.683163881194351,10.828917695926327,0.030792742875650012,-55.393790636444464,40.5782595386263,4.437808903709503e-09,0.9999999999989999,0.13333333333333333,0.4163373388480541,2.681184258605523,0.9975761698332496,0.7737166087254775,0.9419411252111884,0.9820046897371133,0.2105346772267711,0.42561792663853515,0.2488652490137303,0.5243067527978907,0.010788847841460168,0.0042035764890633685,0.0004856575173068634,4.478922334461176e-05,1.6035373785116935e-05,4.71904583262013e-06,0.010664790629621716,0.10256410256410256,0.007771694737265491,0.15384615384615385,1.5B,8192
12,0,lenshift_8192,lenshift,4992,8.515591910049263,19.90300792871763,21.354516118317964,1.597755319170889,24.823938501728495,10.192054343614505,0.7670203712271906,12.191101523909898,0.03368811213146752,0.1106406101025641,38.15131103945896,4.437809558847626e-09,0.9999999999989999,0.06666666666666667,0.6042517372986392,2.483082353265835,0.9975298577568257,0.8400805359871635,0.9438872314987846,0.9800237117916142,0.12808907736533692,0.19135140214977997,0.1707496572023104,0.705847988154805,0.012195524154774698,0.007371607622472157,0.0035728376638760858,0.001591114265550588,0.0008411471007668727,0.000254014461431484,0.010003642431926385,0.10336538461538461,0.007854490530757425,0.1546474358974359,1.5B,8192
12,1,lenshift_8192,lenshift,4992,8.515591910049263,18.691327089482876,21.354516118317964,1.597755319170889,24.823938501728495,10.192054343614505,0.7670203712271906,12.191101523909898,0.03368811213146752,14.690385680063628,53.95068573241588,4.437808840253469e-09,0.9999999999989999,0.06666666666666667,0.5951449981629376,2.7414981322450274,0.9966613437873436,0.7445013338309667,0.8917168648992702,0.9570495238421887,0.09387586205608045,0.058843728211901425,0.0973446470871666,0.25496002383756106,0.022100693366521727,0.009747677323390993,0.0036847813229991828,0.0013742363092503357,0.0006120638765576765,0.00015116212804830586,0.010992538021168001,0.10336538461538461,0.009509976900186729,0.1546474358974359,1.5B,8192
12,2,lenshift_8192,lenshift,4992,8.515591910049263,19.960757714225203,21.354516118317964,1.597755319170889,24.823938501728495,10.192054343614505,0.7670203712271906,12.191101523909898,0.03368811213146752,-0.11317587568191811,27.99306014069589,4.456847075413534e-09,0.9999999999983036,0.06666666666666667,0.6151630264190289,2.661413255325297,0.9976233629353418,0.8433134736806838,0.9452450596804427,0.9885350326130115,1.235325183525517,0.3347406495349663,0.11591330567180196,0.715206634037094,0.0038032659340930097,0.002087410425043475,0.0010069529562602105,0.0004404571369050648,0.00023165025764096194,7.061697351981305e-05,0.0034453387642797173,0.10336538461538461,0.0020027594197577,0.1546474358974359,1.5B,8192
12,3,lenshift_8192,lenshift,4992,8.515591910049263,15.873190574686705,21.354516118317964,1.597755319170889,24.823938501728495,10.192054343614505,0.7670203712271906,12.191101523909898,0.03368811213146752,3.2347370312490966,43.43393912221654,4.437808843903291e-09,0.9999999999989999,0.06666666666666667,0.6107712902051807,3.199710722312266,0.994026321965554,0.7029243405831097,0.8137402217419208,0.9085452089834004,0.06860683230102982,0.005617940464657245,0.17998230980594407,0.36297105791101686,0.05898504344499758,0.03259136994061176,0.014700649239555915,0.006082462198333358,0.002902681111095486,0.0008019194307618893,0.03193117066691858,0.10336538461538461,0.027219316369997658,0.1546474358974359,1.5B,8192
12,4,lenshift_8192,lenshift,4992,8.515591910049263,16.742437631373548,21.354516118317964,1.597755319170889,24.823938501728495,10.192054343614505,0.7670203712271906,12.191101523909898,0.03368811213146752,-22.686971896444447,50.38355864060577,4.43780884025687e-09,0.9999999999989999,0.06666666666666667,0.5195671434624389,1.9179003749775037,0.998427284151611,0.952812578708676,0.9753141636358182,0.9872961089399243,0.8638350635835222,0.06949427897745297,0.1491468752065495,0.522408632690081,0.012894883679064979,0.008730788566018291,0.0025689766971681684,0.0003245648585048695,0.00010824591370729039,3.306865232012299e-05,0.01169140529591576,0.10336538461538461,0.009915476048378469,0.1546474358974359,1.5B,8192
12,5,lenshift_8192,lenshift,4992,8.515591910049263,18.84083171882298,21.354516118317964,1.597755319170889,24.823938501728495,10.192054343614505,0.7670203712271906,12.191101523909898,0.03368811213146752,-0.38854616158641875,28.586073219543323,4.448380984191958e-09,0.9999999999986149,0.13333333333333333,0.6038834913071545,2.76030450036426,0.9969442405060865,0.7802750444694485,0.9106127899883583,0.9713000886566932,0.23992173593838562,0.004428116491948408,0.1431786784568568,0.691279594257938,0.014195401218826677,0.007816685759550933,0.0038253989116282454,0.001684308412663438,0.0008579256740286651,0.00023876724726624898,0.00725899465292539,0.10336538461538461,0.006191339889438203,0.15384615384615385,1.5B,8192
12,6,lenshift_8192,lenshift,4992,8.515591910049263,23.035063362892505,23.669855226616672,1.461457294957673,27.845291977227248,9.268741401305867,0.6307749047234618,11.040178055122391,0.0372055566144035,-71.83210615080316,31.70079868740868,4.438280682207327e-09,0.9999999999989828,0.06666666666666667,0.730147645018548,0.92894599911441,0.9994093630799978,0.9703737399938593,0.9854174949183466,0.9962255273660593,0.1995681752455356,0.053760893355561556,0.8047185878125557,0.17196272046611077,0.0022207446682813636,0.0005674676026001137,0.0001983664442051499,8.332525572564654e-05,4.821082109987446e-05,2.091429686594251e-05,0.00029198390777047516,0.10336538461538461,0.00024238113779585338,0.1546474358974359,1.5B,8192
12,7,lenshift_8192,lenshift,4992,8.515591910049263,23.957217222145324,23.669855226616672,1.461457294957673,27.845291977227248,9.268741401305867,0.6307749047234618,11.040178055122391,0.0372055566144035,-103.02531365677714,23.365419943991583,6.167541458604941e-09,0.9999999999277922,0.13333333333333333,0.42921037549447605,0.8548370311160671,0.9995457609537143,0.9867100793411463,0.9984031828866042,0.9996661231107793,0.12725598168424668,0.1894183896263888,0.8070322396503766,0.19216914254072082,0.0006827721796462856,0.00040688088202084284,0.00017620341767932995,8.077459284220318e-05,4.591792743107204e-05,1.8348911408378636e-05,0.00042880834132591537,0.10256410256410256,0.0003180590963740494,0.15384615384615385,1.5B,8192
12,8,lenshift_8192,lenshift,4992,8.515591910049263,22.5176390383106,23.669855226616672,1.461457294957673,27.845291977227248,9.268741401305867,0.6307749047234618,11.040178055122391,0.0372055566144035,-80.39312173298094,1.0996277382364497,0.5621259331532971,0.7501903484548305,0.13333333333333333,0.40155200050538464,2.2483954882792934,0.998552519041838,0.9086043361646754,0.9858345063638096,0.9988036505356682,0.4967034440764486,0.06513861291809464,0.23141080986039272,0.7414765085085027,0.0005597970205013184,0.00028284098747180275,0.00011735751888566513,5.420484610291457e-05,3.109932739970825e-05,1.2891826083992236e-05,0.00027039292179149735,0.10256410256410256,0.00022098138889339248,0.15384615384615385,1.5B,8192
12,9,lenshift_8192,lenshift,4992,8.515591910049263,20.305377113799942,23.669855226616672,1.461457294957673,27.845291977227248,9.268741401305867,0.6307749047234618,11.040178055122391,0.0372055566144035,-48.85942299803719,25.247315661108587,4.719032332541361e-09,0.9999999999881548,0.13333333333333333,0.5037470094394925,2.3991536816817054,0.9979425000989218,0.8580044105277376,0.9757583886055853,0.9949929308003982,0.3505365507870004,0.5570935704532622,0.06044386929428365,0.921350222046707,0.004948163379613225,0.0034142339168146377,0.0018937878531618097,0.0010353755846579022,0.0006423345637496782,0.00028432604023958483,0.0035077447330477806,0.10256410256410256,0.002929783149835384,0.15384615384615385,1.5B,8192
12,10,lenshift_8192,lenshift,4992,8.515591910049263,17.73559851816079,23.669855226616672,1.461457294957673,27.845291977227248,9.268741401305867,0.6307749047234618,11.040178055122391,0.0372055566144035,-56.01500519539695,16.60848492209334,1.0827481487015108e-06,0.9999999387602072,0.13333333333333333,0.4117675646888518,1.997935665245663,0.9975659685540784,0.9118739758196086,0.967945555590686,0.9843461935385568,0.06155825394216241,0.5680140889056831,0.14416796693706374,0.8017340756416518,0.012793763787508579,0.008622684465356393,0.004981026513509427,0.002659822106230069,0.0016598407425329714,0.0008146013891499401,0.008547692635379422,0.10336538461538461,0.007180033077780385,0.1546474358974359,1.5B,8192
12,11,lenshift_8192,lenshift,4992,8.515591910049263,23.1244414578625,23.669855226616672,1.461457294957673,27.845291977227248,9.268741401305867,0.6307749047234618,11.040178055122391,0.0372055566144035,-54.22075406010299,62.06536113549919,4.4378088402533714e-09,0.9999999999989999,0.06666666666666667,0.40927187839061924,1.8593924553654348,0.9988212523497904,0.9062167282437257,0.977295600574438,0.9964388813762106,0.23432256926056239,0.0034376813570107245,0.2362477964119538,0.6314821967255937,0.0013869134503031908,0.0007072076076241222,0.00025028463047211015,0.00010396677211227417,5.583567984571839e-05,1.9540227131512765e-05,0.0006815466908328581,0.10336538461538461,0.0005866616968689172,0.1546474358974359,1.5B,8192
13,0,lenshift_8192,lenshift,4992,8.515591910049263,24.507495923379533,22.43319433111873,1.2936636474172767,25.290040425933483,10.468293582741861,0.8366698950995745,12.513932794714883,0.029714695184185246,-50.98184822592884,33.94667845184449,4.437858091792224e-09,0.9999999999989981,0.13333333333333333,0.5640198811044866,2.18369108972182,0.9983548495054634,0.9027120915536158,0.9853544113552632,0.9975080054142088,0.3728312537350354,0.11809732398885964,0.24280800263467325,0.7530034586448338,0.0030123520011420928,0.002169690554332797,0.001318362327356967,0.0008003645309346701,0.00055783110482942,0.0003078177547404936,0.001754606244525975,0.10256410256410256,0.001406940418166524,0.15384615384615385,1.5B,8192
13,1,lenshift_8192,lenshift,4992,8.515591910049263,20.27637929290894,22.43319433111873,1.2936636474172767,25.290040425933483,10.468293582741861,0.8366698950995745,12.513932794714883,0.029714695184185246,-42.86832602071809,16.086763473867904,1.7679160533348655e-06,0.9999998967993597,0.06666666666666667,0.7655494844072223,2.7329192149650092,0.9932743882035211,0.829259093167315,0.9033516904313609,0.9537378349946762,0.9185525046907301,0.04893000445708573,0.2742378645826704,0.5915908005464381,0.046180856104374224,0.034144617082890606,0.02269643099253187,0.014597392906802746,0.010150711259862116,0.005352448883452175,0.030600104485253115,0.10336538461538461,0.02633016617060708,0.1546474358974359,1.5B,8192
13,2,lenshift_8192,lenshift,4992,8.515591910049263,25.755109501402522,22.43319433111873,1.2936636474172767,25.290040425933483,10.468293582741861,0.8366698950995745,12.513932794714883,0.029714695184185246,-49.155169860459864,48.98506414424628,4.4378081741338594e-09,0.9999999999989999,0.13333333333333333,0.46460986406771804,2.3200720159824084,0.9968916353408613,0.8392945830858938,0.9681650409211056,0.9918935376974783,0.33150117953814606,0.06078717471447792,0.37399543992294926,0.6177962726536146,0.017376420718128834,0.014233405509167275,0.009781617688094024,0.006347579566916145,0.004466121099414707,0.0024321698124411656,0.01090038521643713,0.10256410256410256,0.008300680601450245,0.15384615384615385,1.5B,8192
13,3,lenshift_8192,lenshift,4992,8.515591910049263,27.138251096559525,22.43319433111873,1.2936636474172767,25.290040425933483,10.468293582741861,0.8366698950995745,12.513932794714883,0.029714695184185246,-65.98072998598218,21.058392708822794,2.0207441532695793e-08,0.9999999992837525,0.13333333333333333,0.5013547856804096,1.8736844892052122,0.9983238844241618,0.8944139103487839,0.9846159593514362,0.9954147584840347,0.45587475932615695,0.4775796382027062,0.5329141023824588,0.46160301527174064,0.008611278577726455,0.0062240978442908304,0.0036344016006411867,0.0021856489193297236,0.001446874372652594,0.0007178266078553025,0.004924146453376118,0.10256410256410256,0.0036895468997002476,0.15384615384615385,1.5B,8192
13,4,lenshift_8192,lenshift,4992,8.515591910049263,34.22924011421488,22.43319433111873,1.2936636474172767,25.290040425933483,10.468293582741861,0.8366698950995745,12.513932794714883,0.029714695184185246,-97.28277332149446,37.31477631942835,4.437809843957368e-09,0.9999999999989999,0.13333333333333333,0.45979892512859166,1.109822882634716,0.9992864344885786,0.9932648505335012,0.9954512297876665,0.9967946514946404,0.8129345675180062,0.2116889529669388,0.28621592200270723,0.7079899722350289,0.0033708833389388053,0.0022634986007666075,0.0010363615216915857,0.00041606838552624213,0.0001952430362473337,5.005568929298172e-05,0.003351402214151345,0.10256410256410256,0.002165162910991254,0.15384615384615385,1.5B,8192
13,5,lenshift_8192,lenshift,4992,8.515591910049263,19.13135774145486,22.43319433111873,1.2936636474172767,25.290040425933483,10.468293582741861,0.8366698950995745,12.513932794714883,0.029714695184185246,-45.27908514998853,12.714425416568702,4.124945530943905e-05,0.99999699257996,0.13333333333333333,0.544989411616569,3.418852885756058,0.9626933444272439,0.6724529894890927,0.8225458579647081,0.8589099078090491,0.0005405280637961196,0.239980406985691,0.360796015656315,0.4926379244186214,0.3115987761125395,0.26050009288562354,0.1866509143677463,0.13214680737523052,0.1014368866420251,0.06503012999608504,0.2034929403026053,0.10256410256410256,0.1682962767401129,0.15384615384615385,1.5B,8192
13,6,lenshift_8192,lenshift,4992,8.515591910049263,21.014888584961728,23.418114420779684,1.6495651898213477,27.009525508476713,7.251929937079938,1.0192742331661644,9.892096769478368,0.08252104919093646,13.767662547528744,11.684282205445925,0.00010687129198055482,0.9999915748603981,0.13333333333333333,0.44278703984424117,2.634791949368365,0.9978257056749384,0.752541832206956,0.961675764054394,0.9986132728924473,0.036619810895940574,0.19078693994438645,0.0845555154268427,0.8961378471017707,0.0009310649410492434,0.0005960056751991874,0.00028791753601571706,0.0001486992116004988,9.027330570320432e-05,4.0277317283463826e-05,0.0006349858548350677,0.10256410256410256,0.0005624451861431405,0.15384615384615385,1.5B,8192
13,7,lenshift_8192,lenshift,4992,8.515591910049263,18.55729754029669,23.418114420779684,1.6495651898213477,27.009525508476713,7.251929937079938,1.0192742331661644,9.892096769478368,0.08252104919093646,18.333569278591312,11.207859351416118,0.00016562808739486348,0.9999864330360921,0.13333333333333333,0.4782986180660486,2.562263948129851,0.9968031124230919,0.8184937348797688,0.9011932651220897,0.9707256930205322,0.11911630834530751,0.19267594062121995,0.2604374228335479,0.5730874248365752,0.011478516637714492,0.007039034696992416,0.003935910981831975,0.00231867012280388,0.0015691240580133826,0.0008143870509868461,0.007472134527950169,0.10256410256410256,0.005895632027864454,0.15384615384615385,1.5B,8192
13,8,lenshift_8192,lenshift,4992,8.515591910049263,20.62324375131231,23.418114420779684,1.6495651898213477,27.009525508476713,7.251929937079938,1.0192742331661644,9.892096769478368,0.08252104919093646,25.305172900902107,29.421942175598815,4.442404846808319e-09,0.9999999999988332,0.13333333333333333,0.4440319076425315,2.118910267527141,0.9984447931772069,0.8483234251135285,0.9497830467354889,0.9922141573114522,0.16341079166892225,0.3227748642147841,0.12146803191539352,0.7518334993214517,0.0005792299217886216,0.00022361334175944835,0.00010850728836538628,5.916329933604761e-05,3.901484641898226e-05,1.988360118725971e-05,0.000188314810001946,0.10256410256410256,0.00014952859427796192,0.15384615384615385,1.5B,8192
13,9,lenshift_8192,lenshift,4992,8.515591910049263,18.28500534513644,23.418114420779684,1.6495651898213477,27.009525508476713,7.251929937079938,1.0192742331661644,9.892096769478368,0.08252104919093646,34.091472847387195,36.85577907710103,4.437811021141415e-09,0.9999999999989999,0.13333333333333333,0.5278646947681114,2.6419971253459513,0.9975857834462162,0.7679670567121883,0.9765434255077408,0.9963962400404028,0.10430925645303546,0.4891511819019172,0.08080238940185995,0.9088398196589618,0.0030107333478882827,0.0019973775808214433,0.0011671191786773154,0.0006722065251581534,0.0004455846619931701,0.00022456696153445524,0.0014880165102984593,0.10256410256410256,0.0012116124454203748,0.15384615384615385,1.5B,8192
13,10,lenshift_8192,lenshift,4992,8.515591910049263,18.15000453272742,23.418114420779684,1.6495651898213477,27.009525508476713,7.251929937079938,1.0192742331661644,9.892096769478368,0.08252104919093646,12.328742329031229,7.107544081052765,0.006634204583381996,0.9991817663679591,0.13333333333333333,0.5152174474098608,2.425517030114427,0.9975201288200702,0.8597383751729067,0.958012919788406,0.9884424596520729,0.25107066265086697,0.03577427662618282,0.27174316497922113,0.6920631990085699,0.010042002344210153,0.006250736103126581,0.0031939526914603815,0.0017285388513411238,0.001110687664091232,0.0005606439911363959,0.006781121953564224,0.10256410256410256,0.0051192846786242,0.15384615384615385,1.5B,8192
13,11,lenshift_8192,lenshift,4992,8.515591910049263,17.588134806291947,23.418114420779684,1.6495651898213477,27.009525508476713,7.251929937079938,1.0192742331661644,9.892096769478368,0.08252104919093646,15.38019862305373,21.43740365386475,1.541628206240477e-08,0.9999999995093858,0.13333333333333333,0.49630218891681754,2.742463806427227,0.9962056417486647,0.741252913544825,0.9561552565791643,0.9876791107177617,0.16230426567393952,0.002528895204350956,0.2185943703813805,0.752726838373052,0.011884829570500608,0.008480214047685862,0.005346321363274522,0.0034323690101396784,0.002502230649091066,0.0014469730094205386,0.008184949273681344,0.10256410256410256,0.006919112484392355,0.15384615384615385,1.5B,8192
14,0,lenshift_8192,lenshift,4992,8.515591910049263,19.5512490825337,26.484914509110848,2.6966032508165467,35.17965124553225,12.544334346322058,0.826675091342795,14.696807616565215,0.021058059647482467,-80.8219557760749,27.73177590756677,4.46827641899325e-09,0.9999999999978848,0.06666666666666667,0.6990632293816235,0.4905891134542089,0.9994529392587347,0.989083443305033,0.9936058764770895,0.9964510482607871,0.028067946646920916,0.04833823636221268,0.8921830790617514,0.09235046570034652,0.019116834455164978,0.011940827474614245,0.004825656535081162,0.0025885980732547847,0.0016638107405523748,0.0007808420796383454,0.012771441052735543,0.10336538461538461,0.01116007825090372,0.1546474358974359,1.5B,8192
14,1,lenshift_8192,lenshift,4992,8.515591910049263,21.131186306575405,26.484914509110848,2.6966032508165467,35.17965124553225,12.544334346322058,0.826675091342795,14.696807616565215,0.021058059647482467,-65.22811260228627,28.87484546142514,4.445736885164843e-09,0.9999999999987117,0.06666666666666667,0.6755651721923127,0.5266941323665268,0.9987199125718507,0.9744726924508654,0.984817950557854,0.9918352002216673,0.10058586687832571,0.11785801418301478,0.9209866126508773,0.048250488818626036,0.05874387753871075,0.044138746083168215,0.025043103509108662,0.01483546181651327,0.009948320113030599,0.0049553274887151316,0.04270207925256645,0.10336538461538461,0.03652253731966706,0.1546474358974359,1.5B,8192
14,2,lenshift_8192,lenshift,4992,8.515591910049263,18.30383831859691,26.484914509110848,2.6966032508165467,35.17965124553225,12.544334346322058,0.826675091342795,14.696807616565215,0.021058059647482467,-49.271232641884126,33.10262563533615,4.437926502407913e-09,0.9999999999989957,0.06666666666666667,0.697988020707278,1.558058247045188,0.9961195817056273,0.8898547930605913,0.9306378117239517,0.9583230774938319,0.2732771259031883,0.10983369545136101,0.7264083278956444,0.17737761638095448,0.12542157558878506,0.08629753047809428,0.04254832932833034,0.021185231980063075,0.012564447528105194,0.005424458288483635,0.09109220977696551,0.10336538461538461,0.07327122076178477,0.1546474358974359,1.5B,8192
14,3,lenshift_8192,lenshift,4992,8.515591910049263,20.949187635263144,26.484914509110848,2.6966032508165467,35.17965124553225,12.544334346322058,0.826675091342795,14.696807616565215,0.021058059647482467,-72.0958960376156,45.56317620971822,4.4378088406885594e-09,0.9999999999989999,0.06666666666666667,0.6394514835067066,0.9444049529038578,0.9995284046897988,0.9925769717759173,0.9959068461472269,0.997989037594438,0.03043409179574663,0.16438382542378172,0.6429780697265085,0.28098402513616677,0.0023715119011566916,0.000850329617905183,0.00016954345104225912,6.092970290653486e-05,3.13020433570885e-05,1.1002457114155902e-05,0.0012164003644675805,0.10336538461538461,0.0009544847704192794,0.1546474358974359,1.5B,8192
14,4,lenshift_8192,lenshift,4992,8.515591910049263,21.964212141906486,26.484914509110848,2.6966032508165467,35.17965124553225,12.544334346322058,0.826675091342795,14.696807616565215,0.021058059647482467,-94.06710262253182,28.869773054204416,4.446543170025931e-09,0.9999999999986824,0.06666666666666667,0.6567438684689646,0.13521001314085498,0.999717492843171,0.9961995855062153,0.9972787329379977,0.9984593972786572,0.03147431289548841,0.01716696045997068,0.981449909925548,0.006460820416740633,0.007251618849721968,0.0030086322304660818,0.0006504771406736924,0.0002150623080867434,9.816775775539716e-05,3.1505155071697126e-05,0.004569485809132726,0.10336538461538461,0.0033332084040831565,0.1546474358974359,1.5B,8192
14,5,lenshift_8192,lenshift,4992,8.515591910049263,21.051757345683118,26.484914509110848,2.6966032508165467,35.17965124553225,12.544334346322058,0.826675091342795,14.696807616565215,0.021058059647482467,-113.67086407507304,43.2979373059934,4.437808844445725e-09,0.9999999999989999,0.06666666666666667,0.6377252917197165,0.03113063782119962,0.9997938390696581,0.9996309393556561,0.9998141812254175,0.9999183060299779,0.008230539310150498,0.08654578753018782,0.9960967883519295,0.00044660244896988356,0.00024998877664179166,8.056677028993871e-05,1.1023419427425848e-05,2.496099522137934e-06,1.0818489567247441e-06,3.4241989831636566e-07,0.00011131728912986876,0.10336538461538461,7.000272382754076e-05,0.1546474358974359,1.5B,8192
14,6,lenshift_8192,lenshift,4992,8.515591910049263,20.748219588982078,21.620777146239323,1.589719025479116,26.825383472279192,9.363308764145268,0.7422634255673572,12.993496074923632,0.06308791522168225,-49.93600775269442,26.01452295560739,4.571131652542397e-09,0.9999999999939644,0.06666666666666667,0.6731375983305825,2.4741832379884823,0.9966431716972133,0.7284458446894474,0.8684484161171384,0.9779501798832226,0.05199226802934187,0.0007065603051488178,0.46169711624086235,0.3251666236341933,0.022163026505438617,0.011554244082309418,0.006605957416861635,0.003933448272983355,0.0026414219065370795,0.0013835324189890256,0.008298052413602324,0.10336538461538461,0.00660056224217768,0.1546474358974359,1.5B,8192
14,7,lenshift_8192,lenshift,4992,8.515591910049263,19.01127517712574,21.620777146239323,1.589719025479116,26.825383472279192,9.363308764145268,0.7422634255673572,12.993496074923632,0.06308791522168225,-42.63765961304307,23.891790609573945,5.481316642853891e-09,0.9999999999568918,0.13333333333333333,0.7523162846843622,2.7337114396476885,0.9956358123636608,0.7029700679183116,0.9410102923953827,0.98437272856988,0.04880649311752466,0.3981492449571661,0.2741672161316226,0.7000264314310187,0.023045079251056918,0.017744866242012526,0.011362989209768673,0.0070287864092446525,0.0048683840315412,0.002584587507973641,0.013987989481078504,0.10256410256410256,0.011087685044737674,0.15384615384615385,1.5B,8192
14,8,lenshift_8192,lenshift,4992,8.515591910049263,22.089500784008624,21.620777146239323,1.589719025479116,26.825383472279192,9.363308764145268,0.7422634255673572,12.993496074923632,0.06308791522168225,-61.561454514507204,4.247631539357826,0.07407357104756918,0.9859034944308431,0.13333333333333333,0.7615827430132172,1.9742889669775951,0.9985330703542431,0.8871397286663918,0.9851791044877352,0.9965575752478523,0.039657892713863496,0.22366203496026937,0.5015080943185156,0.4896033074768058,0.004063193153181826,0.0024527834975678524,0.0013605425290314297,0.0007545281250803509,0.0004925490850390845,0.00024106733622509543,0.001836865702634765,0.10256410256410256,0.001479529970958468,0.15384615384615385,1.5B,8192
14,9,lenshift_8192,lenshift,4992,8.515591910049263,20.583975159946792,21.620777146239323,1.589719025479116,26.825383472279192,9.363308764145268,0.7422634255673572,12.993496074923632,0.06308791522168225,-41.67815487086773,20.668196501566854,2.7324762131181192e-08,0.999999998942386,0.13333333333333333,0.7420767576324463,1.6627156157285128,0.9976276385730943,0.9306918773328053,0.9741812242811826,0.9911541286306798,0.7103247141437785,0.012649101638377402,0.18443201135279558,0.7990992655756896,0.009505131444600712,0.007486398311470832,0.004973859591943698,0.0031284920272078094,0.0021726390272042914,0.0011573357621676955,0.005951391978189583,0.10256410256410256,0.004988683485933782,0.15384615384615385,1.5B,8192
14,10,lenshift_8192,lenshift,4992,8.515591910049263,18.96182421012541,21.620777146239323,1.589719025479116,26.825383472279192,9.363308764145268,0.7422634255673572,12.993496074923632,0.06308791522168225,-45.93175093468744,15.284129196661524,3.7537868252151776e-06,0.9999997697538381,0.06666666666666667,0.7531760153135112,2.4135289082988565,0.9943059556094775,0.8117721209156211,0.8999683312083171,0.9515293362970481,0.09016865160284282,0.00926054770166207,0.4938093908464902,0.4115443743077758,0.072599472853753,0.0447705743208822,0.024479772365989756,0.014787787579862394,0.009800537497501089,0.00501547670565549,0.029714114272157217,0.10336538461538461,0.02456108501394965,0.15384615384615385,1.5B,8192
14,11,lenshift_8192,lenshift,4992,8.515591910049263,20.801701134055186,21.620777146239323,1.589719025479116,26.825383472279192,9.363308764145268,0.7422634255673572,12.993496074923632,0.06308791522168225,-42.85852146690013,29.341509333055,4.4428154285505205e-09,0.9999999999988183,0.06666666666666667,0.7319458446616915,2.52608999545396,0.9968330672291941,0.7859747089338825,0.9065870392777463,0.9691793995859166,0.02417222914536199,0.005072309998013447,0.4064159655285909,0.48073996186952095,0.025733149373299184,0.011655592515868497,0.005676637102087875,0.003113481888415925,0.002064904502969908,0.0010849251571487576,0.008139673661682077,0.10336538461538461,0.006146908620075061,0.1546474358974359,1.5B,8192
15,0,lenshift_8192,lenshift,4992,8.515591910049263,19.863853703279688,21.16026963606004,1.8305068808715894,27.06624893250664,7.956605152737766,1.2684749336384769,12.502924106235833,0.08165364905285159,-46.54996765218675,18.267304855166003,2.2973737902820377e-07,0.9999999883136207,0.13333333333333333,0.38173264046815997,3.122230268893895,0.9923331262597008,0.6482102624627943,0.9075320340531631,0.9590032565891593,0.0027715767580764328,0.8646764832671938,0.07069813802911472,0.7763731293832479,0.033218928681586116,0.02421795024440627,0.01439829696395117,0.008573270230854703,0.005780950722041085,0.0029853663838020645,0.023697455187270577,0.10256410256410256,0.019596877884434795,0.15384615384615385,1.5B,8192
15,1,lenshift_8192,lenshift,4992,8.515591910049263,21.261477129641044,21.16026963606004,1.8305068808715894,27.06624893250664,7.956605152737766,1.2684749336384769,12.502924106235833,0.08165364905285159,-49.053077899327036,5.314533477241639,0.030924759494389643,0.9951045104059593,0.06666666666666667,0.4408791598317392,3.3697237485328784,0.9901089422827933,0.6780129040446824,0.8205758762604242,0.9131709378188554,0.1269185118682199,0.12371065200778286,0.10978952629909823,0.5789441023492123,0.06870722137101061,0.04418189656562414,0.021868101954129533,0.010533278533591772,0.006566093616845701,0.0035555429793155315,0.04489268224484861,0.10336538461538461,0.037225124434707615,0.1546474358974359,1.5B,8192
15,2,lenshift_8192,lenshift,4992,8.515591910049263,19.37480265849503,21.16026963606004,1.8305068808715894,27.06624893250664,7.956605152737766,1.2684749336384769,12.502924106235833,0.08165364905285159,-38.52379999961704,19.255540687358007,1.8827945227550216e-07,0.9999999910225833,0.06666666666666667,0.43651792400923434,4.375051639858101,0.9662317891840868,0.48176238123172865,0.6331973177163148,0.7485235167870503,0.05838348989451875,0.03484092412919737,0.05526881150295764,0.5377441360937416,0.2157405442236285,0.15276006404138495,0.08327458730301465,0.047562292876899497,0.03161537200177571,0.016919635210643304,0.1782269037022656,0.10336538461538461,0.14374573895867288,0.1546474358974359,1.5B,8192
15,3,lenshift_8192,lenshift,4992,8.515591910049263,16.878174416113563,21.16026963606004,1.8305068808715894,27.06624893250664,7.956605152737766,1.2684749336384769,12.502924106235833,0.08165364905285159,-47.07382998242974,2.1789700345834717,0.3287041261878296,0.8983450529861897,0.06666666666666667,0.5294471954368075,4.322938156823909,0.9469227490462415,0.5525404543040044,0.6545549702751301,0.7373186466180011,0.25937288584780016,0.12792772342416958,0.21009732974248804,0.45499189297172576,0.33865608491927,0.2608678012426763,0.16374017267389152,0.10795021403395313,0.08101826788370423,0.051765002804447874,0.29904054408970837,0.10336538461538461,0.26070385613981173,0.1546474358974359,1.5B,8192
15,4,lenshift_8192,lenshift,4992,8.515591910049263,22.353830972499498,21.16026963606004,1.8305068808715894,27.06624893250664,7.956605152737766,1.2684749336384769,12.502924106235833,0.08165364905285159,-39.013471265439875,16.683545260573737,1.0090362588950858e-06,0.9999999431885368,0.13333333333333333,0.3885588511813228,3.0030754877815165,0.9963264086330877,0.651016817947523,0.9140240381224882,0.9846703887892486,0.014801804609632097,0.2220416941009124,0.05954062238460419,0.6741584361500423,0.009743728517895605,0.0061333769360028614,0.0027997832909507393,0.0012981808866848557,0.000806600705961068,0.00039261430830360124,0.008242511249084377,0.10256410256410256,0.007303666368964934,0.15384615384615385,1.5B,8192
15,5,lenshift_8192,lenshift,4992,8.515591910049263,28.603832835180153,21.16026963606004,1.8305068808715894,27.06624893250664,7.956605152737766,1.2684749336384769,12.502924106235833,0.08165364905285159,-91.68170736730099,12.993440371472389,3.184229871638411e-05,0.9999977247991121,0.13333333333333333,0.32854623912045794,0.3646481832700972,0.999689200561433,0.9952165451599712,0.9984174232909304,0.9992332221916798,0.2872044729682721,0.26745572416152275,0.05551266003622404,0.9424405236551049,0.0005800184822400608,0.0003318311965613569,0.00013377379090718437,5.857144985634396e-05,3.182897552657308e-05,1.1440691851572355e-05,0.0007928964664651982,0.10336538461538461,0.0004826980526880547,0.1546474358974359,1.5B,8192
15,6,lenshift_8192,lenshift,4992,8.515591910049263,14.719826263741007,94.11191405435096,0.7808722712522784,96.2703564222111,11.425599479869899,1.2469992390905629,15.797473123232386,0.039341913816031825,130.59834080626752,12.242422331772104,9.410469121972408e-05,0.9999930252336175,0.06666666666666667,0.13783835401667147,3.3973509431368782,0.9895416512823954,0.6313287329612463,0.826653398972541,0.9158198025883039,0.1049206702476706,0.382006654265993,0.07319779991371396,0.6677123213673724,0.07586305161654183,0.05740916777541307,0.03323187456762526,0.018716077376201574,0.013116206919306253,0.0077313744542284076,0.0474286691771754,0.10336538461538461,0.04176524753848394,0.1546474358974359,1.5B,8192
15,7,lenshift_8192,lenshift,4992,8.515591910049263,101.13416578375346,94.11191405435096,0.7808722712522784,96.2703564222111,11.425599479869899,1.2469992390905629,15.797473123232386,0.039341913816031825,7491.376253016293,120.32467816025019,4.437808174119558e-09,0.9999999999989999,0.13333333333333333,0.821121810405303,0.0009362656418092832,0.9997996239262807,0.9999999284565096,0.9999999968992832,0.9999999999465227,0.020047264398044717,0.6126181408316143,3.326636961044091e-10,0.9999999915651393,9.396071921378533e-12,3.066311858705752e-13,8.950330460142662e-15,9.017670447984415e-16,1.1298592207463957e-15,1.1298540424229767e-15,8.707896333506786e-11,0.10256410256410256,8.650317709212368e-11,0.15384615384615385,1.5B,8192
15,8,lenshift_8192,lenshift,4992,8.515591910049263,14.267475518413166,94.11191405435096,0.7808722712522784,96.2703564222111,11.425599479869899,1.2469992390905629,15.797473123232386,0.039341913816031825,-8.56523634120822,0.05873732699546963,0.7043746744112312,0.5138758943429633,0.13333333333333333,0.04010087385928869,4.0446022669311015,0.973941123774093,0.5397960964817344,0.6889188108881065,0.8009776033500388,0.04509148022895637,0.11472296300338058,0.14697674092369914,0.4864552927543717,0.2525814856830951,0.19766415076036184,0.11373340342926383,0.06614997346802673,0.04653734308354209,0.02591962008274608,0.1727045746994395,0.10336538461538461,0.15175579610414583,0.1546474358974359,1.5B,8192
15,9,lenshift_8192,lenshift,4992,8.515591910049263,20.36033152677575,94.11191405435096,0.7808722712522784,96.2703564222111,11.425599479869899,1.2469992390905629,15.797473123232386,0.039341913816031825,113.31730397930369,26.3800352755934,4.531174658857343e-09,0.9999999999955029,0.06666666666666667,0.10117071512147081,1.8394035956201604,0.9976344142014931,0.9241638595677237,0.9799903980105342,0.9885497333488534,0.2061921188373006,0.21906393495992127,0.4785009743704375,0.5075245795842884,0.02197276397447878,0.01683947229873898,0.009803014291132782,0.005329837185468032,0.003301851909192273,0.0014776823465336931,0.011093093531416354,0.10336538461538461,0.00872299532115635,0.15384615384615385,1.5B,8192
15,10,lenshift_8192,lenshift,4992,8.515591910049263,15.049636506704141,94.11191405435096,0.7808722712522784,96.2703564222111,11.425599479869899,1.2469992390905629,15.797473123232386,0.039341913816031825,135.65384024335071,7.200354410102591,0.00613522818940654,0.9992528998375675,0.13333333333333333,0.14134267271758816,3.178703909099867,0.9847313106832328,0.7246628007354549,0.8568730792169421,0.8989570352025832,0.08589352817098828,0.08730741796127184,0.24970769738576767,0.6149698664102289,0.14724328267653303,0.11413954978347617,0.07055821812233228,0.04416919426561562,0.03136146737653824,0.01794671234254188,0.08118545352829976,0.10336538461538461,0.06599945787941687,0.15384615384615385,1.5B,8192
15,11,lenshift_8192,lenshift,4992,8.515591910049263,16.955728806445034,94.11191405435096,0.7808722712522784,96.2703564222111,11.425599479869899,1.2469992390905629,15.797473123232386,0.039341913816031825,181.60642480105162,36.68088991579134,4.437811523539551e-09,0.9999999999989997,0.13333333333333333,0.16013926326894495,2.238024898767015,0.9976377658854628,0.8935962620836645,0.9808361335762373,0.9908274019801416,0.05834067923314379,0.6487094355155811,0.0913576412517722,0.8960342036038698,0.010793995797501722,0.007517379801321706,0.00430107853756072,0.0022680620626088707,0.0014271882497234895,0.0007269021341647678,0.007001041686618266,0.10256410256410256,0.0051983048202213855,0.15384615384615385,1.5B,8192
16,0,lenshift_8192,lenshift,4992,8.515591910049263,21.89524239330356,22.940162041772222,2.063752046102855,28.362655059034175,10.697065216086752,1.0298044648785014,13.511432231242939,0.046978366091503417,13.848079069750383,5.839418157236651,0.01985282366002603,0.9970979110249794,0.13333333333333333,0.712393100091238,2.4095987131202232,0.9982370366461979,0.8658732348419889,0.9670305644148993,0.9975145018272209,0.037445789027988674,0.3300536144159034,0.020457111528394235,0.848501721817319,0.0014874486222089332,0.0006918590447492805,0.00028316662080929764,0.00012644881154490659,6.64174649943586e-05,2.2845320718568032e-05,0.0008290497608112469,0.10336538461538461,0.0006125543942777088,0.1546474358974359,1.5B,8192
16,1,lenshift_8192,lenshift,4992,8.515591910049263,16.59183750024125,22.940162041772222,2.063752046102855,28.362655059034175,10.697065216086752,1.0298044648785014,13.511432231242939,0.046978366091503417,-0.12852657586336136,5.396968804940116,0.028859652443896145,0.9954901384061735,0.13333333333333333,0.7587864858798402,3.114334743753785,0.980571813768195,0.7728716772227825,0.8461289536061845,0.903924024516859,0.18372916567000885,0.0715782615122107,0.17576257745626353,0.6613471558274515,0.0948591899681679,0.07168903698863532,0.05104426347436962,0.034429008697958376,0.02473889872326937,0.013741790413868688,0.05622241188202124,0.10336538461538461,0.0486641256495689,0.1546474358974359,1.5B,8192
16,2,lenshift_8192,lenshift,4992,8.515591910049263,18.482761111870484,22.940162041772222,2.063752046102855,28.362655059034175,10.697065216086752,1.0298044648785014,13.511432231242939,0.046978366091503417,0.8607695901591796,14.548601136804791,7.474329730264852e-06,0.9999995195765584,0.06666666666666667,0.7733765977242817,3.3688032582217575,0.9843983632556716,0.6979025058954883,0.8063905285080403,0.8804272077876195,0.5646303607831222,0.13452128045524558,0.2630328667928228,0.40741431638854564,0.13461385339182283,0.08775958967375029,0.04961434346369922,0.02868231994075324,0.018513202794137287,0.008684605318231536,0.08495544104462235,0.10336538461538461,0.0688512364977199,0.1546474358974359,1.5B,8192
16,3,lenshift_8192,lenshift,4992,8.515591910049263,13.840758747514862,22.940162041772222,2.063752046102855,28.362655059034175,10.697065216086752,1.0298044648785014,13.511432231242939,0.046978366091503417,-0.9135566565091722,0.2485329260234721,0.685488137640423,0.5618152755567989,0.06666666666666667,0.7766315250206325,4.843999042068718,0.9428882977233809,0.41261067471331975,0.5414667175406678,0.6634640056448857,0.08773615150939307,0.049104576703617564,0.16027969658062416,0.3769871369425347,0.36734635440741426,0.2626401468394291,0.15824033937880572,0.0947736649398196,0.06592017394941083,0.03817217453718372,0.2525646557777211,0.10336538461538461,0.1898934279737436,0.1546474358974359,1.5B,8192
16,4,lenshift_8192,lenshift,4992,8.515591910049263,17.23271249958191,22.940162041772222,2.063752046102855,28.362655059034175,10.697065216086752,1.0298044648785014,13.511432231242939,0.046978366091503417,12.788018533959985,8.742101358249784,0.0017569205344178753,0.9998240037521872,0.06666666666666667,0.7382560386417283,5.728809371430814,0.9079364658407468,0.3016551001857001,0.3874158590580096,0.4798722327278601,0.27264614016577493,0.021644492979345564,0.04232538837046608,0.2955024678821919,0.4421047356054273,0.31081564511130255,0.17494056869716945,0.1011965005123164,0.06812049885090521,0.03616378077499004,0.30891293268555786,0.10336538461538461,0.23462620511130178,0.1546474358974359,1.5B,8192
16,5,lenshift_8192,lenshift,4992,8.515591910049263,19.66277146828016,22.940162041772222,2.063752046102855,28.362655059034175,10.697065216086752,1.0298044648785014,13.511432231242939,0.046978366091503417,17.10026438755449,0.28894494695123285,0.6828189487936451,0.5717378188789757,0.13333333333333333,0.7397586101538641,3.0341279571131112,0.9947106865345569,0.6914691831043376,0.881763297755019,0.965214443275787,0.06525933729729783,0.08806874809606047,0.05370250688778202,0.7492620078673113,0.020259260545582143,0.013435555734543171,0.007382669943006563,0.004297085896850039,0.002864757972626289,0.001375771496100262,0.010976705747725234,0.10336538461538461,0.008708225225686896,0.15384615384615385,1.5B,8192
16,6,lenshift_8192,lenshift,4992,8.515591910049263,16.34968873655129,23.30480889462767,1.673965331376892,27.140321360917163,8.969932750112777,1.3131775781857036,15.132724176459531,0.044712292149225015,-37.62511847727001,2.6292945169843733,0.24653697929920038,0.9327232934745541,0.13333333333333333,0.523163522167007,2.108991285539176,0.9936182376848655,0.85760944613845,0.921406564828013,0.9574680905647068,0.08854184647059515,0.14225341089124188,0.05857459208722337,0.8710533008756101,0.040811820286695014,0.02896354190558016,0.016569883588437025,0.009563194215576125,0.006395450042400291,0.0034883908306967697,0.024412456148105464,0.10336538461538461,0.01965966664577643,0.15384615384615385,1.5B,8192
16,7,lenshift_8192,lenshift,4992,8.515591910049263,16.774501888029466,23.30480889462767,1.673965331376892,27.140321360917163,8.969932750112777,1.3131775781857036,15.132724176459531,0.044712292149225015,-45.12967278063297,0.5077944644726813,0.6968021634858212,0.6205745564744859,0.06666666666666667,0.5816644236787637,5.290904497247627,0.9442667869826814,0.28372624754075315,0.41901421679606843,0.5558156207752176,0.012701658758470472,0.06216438884402192,0.06977995329164524,0.19282781793961312,0.2991359584746718,0.18481095163320602,0.09686274300360577,0.05275498822207747,0.03496677576521612,0.01741036121592873,0.2266791639355479,0.10336538461538461,0.1452511299832519,0.1546474358974359,1.5B,8192
16,8,lenshift_8192,lenshift,4992,8.515591910049263,19.791028846368125,23.30480889462767,1.673965331376892,27.140321360917163,8.969932750112777,1.3131775781857036,15.132724176459531,0.044712292149225015,-45.119751915335655,15.161623223277275,4.21048532691497e-06,0.9999997397490921,0.13333333333333333,0.49491479978198094,2.8051322449329423,0.9958765766271466,0.7183932929011831,0.9588093442706752,0.9859726750730274,0.004652717047663124,0.010920701527794341,0.12588711481605322,0.8314321211024592,0.01392923365601855,0.010164099484117827,0.0062035716658692674,0.003735604758225784,0.0025598649725391883,0.0013513885569895168,0.009388859713970939,0.10336538461538461,0.00829260118998918,0.1546474358974359,1.5B,8192
16,9,lenshift_8192,lenshift,4992,8.515591910049263,20.10343564776518,23.30480889462767,1.673965331376892,27.140321360917163,8.969932750112777,1.3131775781857036,15.132724176459531,0.044712292149225015,-16.71180592069868,38.23288668261375,4.437809509911654e-09,0.9999999999989999,0.06666666666666667,0.291090167266741,2.462892119239087,0.9974267895025406,0.8026109928216809,0.9162425266840625,0.9716821141518086,0.1779005726223163,0.05462602459278765,0.028481209258081962,0.3584642008737344,0.012810929834603595,0.0051641131547044425,0.00198493110672354,0.0010408916066317019,0.0006670023110178432,0.0003448493608401465,0.002698033993543836,0.10336538461538461,0.001708566786930037,0.1546474358974359,1.5B,8192
16,10,lenshift_8192,lenshift,4992,8.515591910049263,19.544646357910864,23.30480889462767,1.673965331376892,27.140321360917163,8.969932750112777,1.3131775781857036,15.132724176459531,0.044712292149225015,-53.543253503739834,1.161581525229849,0.5492067431642169,0.7616199080216142,0.06666666666666667,0.5587245799465077,4.4267187842700295,0.9702065529440329,0.4837314050574586,0.5718590589224476,0.6797964235568733,0.02497171271476506,0.0027379857198133184,0.2101138430058226,0.3309052704192561,0.36758441477276543,0.25391020925378305,0.10810076358788048,0.03737239349611262,0.01884206574118786,0.007451649104012103,0.4008120740787175,0.10336538461538461,0.2720680261413421,0.1546474358974359,1.5B,8192
16,11,lenshift_8192,lenshift,4992,8.515591910049263,18.539275752487583,23.30480889462767,1.673965331376892,27.140321360917163,8.969932750112777,1.3131775781857036,15.132724176459531,0.044712292149225015,-37.86412814934738,1.2996037804987282,0.5195096688070318,0.7857682922616334,0.06666666666666667,0.5415332994045393,3.343291208425023,0.98208034173924,0.694387226899674,0.7946685324843686,0.8768350052151739,0.12052786952221003,0.016203229469467673,0.04901193889973827,0.7218493446370391,0.14708821382227982,0.10092962114653026,0.05778358961142308,0.03388166186287922,0.022551651327105543,0.011203832904149821,0.08335502543789283,0.10336538461538461,0.059389911866987256,0.1546474358974359,1.5B,8192
17,0,lenshift_8192,lenshift,4992,8.515591910049263,19.8685873632931,22.222197604470118,1.606428294913801,26.656551290972182,9.017580563901765,1.0104736111034962,13.837458894714274,0.0701646732225127,-25.579833768308163,21.342551408801228,1.8785402646970166e-08,0.9999999993663449,0.13333333333333333,0.6973307940203896,2.1092790333283755,0.9958061011620943,0.9113362908027416,0.9651301279774674,0.9723428640406506,0.150364376957989,0.10624275366518532,0.10598808636003547,0.8592394437293445,0.024818200223721963,0.017197865162817343,0.009348059459754279,0.004914124741733621,0.0029969269534087456,0.0013457919636224614,0.008973851524671448,0.10336538461538461,0.006158316481291784,0.1546474358974359,1.5B,8192
17,1,lenshift_8192,lenshift,4992,8.515591910049263,16.190462539559448,22.222197604470118,1.606428294913801,26.656551290972182,9.017580563901765,1.0104736111034962,13.837458894714274,0.0701646732225127,-43.067796749604895,6.905476870404527,0.007916109982280248,0.9989987212698116,0.13333333333333333,0.7602403441215181,2.5703077414206477,0.9849410701428002,0.7654620761477381,0.8410286825536608,0.8886237154009562,0.018261913358406545,0.04616434933122515,0.5817177517801256,0.2282202086040707,0.1836300936221785,0.12604372453476934,0.06495686992127807,0.037294185415321104,0.025826887851985718,0.014808593293893139,0.11404116450136195,0.10336538461538461,0.08460247917417332,0.1546474358974359,1.5B,8192
17,2,lenshift_8192,lenshift,4992,8.515591910049263,18.468292655865458,22.222197604470118,1.606428294913801,26.656551290972182,9.017580563901765,1.0104736111034962,13.837458894714274,0.0701646732225127,-30.465918129542843,11.966419046977535,8.447906147515104e-05,0.9999935228342027,0.13333333333333333,0.7237826296040413,2.469421608881827,0.9963893724758461,0.8634134162466702,0.956290980112239,0.9857945583997647,0.12464496334557218,0.3328996225084497,0.06442681399858889,0.8215831655262275,0.010418016950903351,0.008036441076114809,0.005457586453091655,0.0034806667289049857,0.002386980513303337,0.001227125335891799,0.005773683941468354,0.10336538461538461,0.004745025732763215,0.1546474358974359,1.5B,8192
17,3,lenshift_8192,lenshift,4992,8.515591910049263,15.16595503186405,22.222197604470118,1.606428294913801,26.656551290972182,9.017580563901765,1.0104736111034962,13.837458894714274,0.0701646732225127,-33.45926574151963,9.850528225775633,0.0005720083570786348,0.9999472834387703,0.13333333333333333,0.7270516812509418,2.783618196743051,0.9879106704171378,0.8055720534695106,0.8951326593843032,0.9363999471272831,0.038324887994229145,0.1212745641638533,0.3285105574227655,0.5877289162842443,0.07125720387934409,0.053092341038138355,0.03327725729493123,0.021712933229448818,0.01609542398145426,0.009987355848523003,0.04554713755652609,0.10336538461538461,0.03671137292182842,0.15384615384615385,1.5B,8192
17,4,lenshift_8192,lenshift,4992,8.515591910049263,18.869873575960586,22.222197604470118,1.606428294913801,26.656551290972182,9.017580563901765,1.0104736111034962,13.837458894714274,0.0701646732225127,-44.310918158851564,4.978299823007546,0.0409071160366769,0.9931613298158742,0.13333333333333333,0.7538971870015743,2.3101383276135667,0.9974604430474755,0.83126766924371,0.9568290770948439,0.9902108194657152,0.4180035716194356,0.7218119009256956,0.42591349474455753,0.5102477582929004,0.008770408675336943,0.00594029781713715,0.0037522757771371903,0.0023473180261471063,0.0015987102286071306,0.0008288881082710981,0.004407629823915988,0.10336538461538461,0.0035071200336492287,0.15384615384615385,1.5B,8192
17,5,lenshift_8192,lenshift,4992,8.515591910049263,16.978613928757444,22.222197604470118,1.606428294913801,26.656551290972182,9.017580563901765,1.0104736111034962,13.837458894714274,0.0701646732225127,-34.90116186067462,8.735430040862411,0.0015655171943283136,0.9998392169848561,0.13333333333333333,0.7432769668941656,2.7919220081846223,0.9903139886113894,0.8037347537871101,0.9117982321192181,0.9440072278620306,0.023636231867780744,0.38869799330270416,0.28519188214724356,0.6256775318727748,0.057618127039448755,0.04379770343923656,0.02840205387248183,0.01777148564306036,0.012146828537397587,0.006407053889022438,0.02671174885079642,0.10336538461538461,0.020551665235799755,0.1546474358974359,1.5B,8192
17,6,lenshift_8192,lenshift,4992,8.515591910049263,17.07920814913651,20.75869190613427,1.8320663297938011,24.625791756311322,11.667457441041753,1.0939911384855316,16.68512891727964,0.02574253028781876,-49.210044032370206,21.358915366523433,1.6328575376225397e-08,0.9999999994673077,0.06666666666666667,0.6508816030190162,1.4508057186856307,0.9953589638177051,0.8850547497859576,0.9249303801408232,0.9562836313355146,0.009460650401679871,0.1326309376647048,0.7750085043428766,0.12884253835912785,0.11375189667937582,0.07337959295713044,0.04425845268974995,0.02864164085923675,0.02076346250353149,0.012463497257475637,0.041839478650496635,0.10336538461538461,0.03366836832587924,0.1546474358974359,1.5B,8192
17,7,lenshift_8192,lenshift,4992,8.515591910049263,16.777892604461087,20.75869190613427,1.8320663297938011,24.625791756311322,11.667457441041753,1.0939911384855316,16.68512891727964,0.02574253028781876,-60.027984394691885,10.549747218377888,0.000303287186534589,0.9999737626682458,0.13333333333333333,0.41898055094858805,1.76696282390405,0.9961414395869677,0.8827043735030198,0.9332716805414579,0.9710755111727127,0.29383761774390127,0.002510540251824178,0.6256135899768648,0.30480942578811854,0.056020650418752455,0.03866993830659885,0.023714219849646296,0.015600449134986788,0.011519230671219316,0.007046161848709506,0.0257238242916097,0.10336538461538461,0.02122167094108036,0.1546474358974359,1.5B,8192
17,8,lenshift_8192,lenshift,4992,8.515591910049263,25.570601385054065,20.75869190613427,1.8320663297938011,24.625791756311322,11.667457441041753,1.0939911384855316,16.68512891727964,0.02574253028781876,-53.92020220682025,36.13465704303235,4.437813808432799e-09,0.9999999999989997,0.13333333333333333,0.4106475246854131,1.6994331832269778,0.9968981832553487,0.9028331942069449,0.9697134816966562,0.9851032593268242,0.0831042708099623,0.22206761441274647,0.6204703937532989,0.3595994775560968,0.05604314638252341,0.04231627204107948,0.023876986439181576,0.013194702165587588,0.008543823634194423,0.004425298282707634,0.04574399358702778,0.10256410256410256,0.03917017024686364,0.15384615384615385,1.5B,8192
17,9,lenshift_8192,lenshift,4992,8.515591910049263,20.136482295101207,20.75869190613427,1.8320663297938011,24.625791756311322,11.667457441041753,1.0939911384855316,16.68512891727964,0.02574253028781876,-36.628154990496114,61.903589095687494,4.4378088402533714e-09,0.9999999999989999,0.06666666666666667,0.6190873541177545,1.6200994094784826,0.9987754175873741,0.9063175010747213,0.962851860490431,0.993351976780638,0.3330922336061446,0.07358586868910999,0.684034519237948,0.12028974765968897,0.005720809952917064,0.0020854640438703383,0.0009679631761762888,0.0005232956872506606,0.00036007654899172185,0.0002108630373318843,0.001322996894863757,0.10336538461538461,0.0009529427689180068,0.1546474358974359,1.5B,8192
17,10,lenshift_8192,lenshift,4992,8.515591910049263,14.682231950542596,20.75869190613427,1.8320663297938011,24.625791756311322,11.667457441041753,1.0939911384855316,16.68512891727964,0.02574253028781876,-41.88257811346557,6.603994008735754,0.01028997746900673,0.9986468878396684,0.13333333333333333,0.5599937298314196,2.9126078373245923,0.9809379698487379,0.7119336997015107,0.8252475128753156,0.917220348802893,0.13346343275320383,0.0408711898470151,0.4532156434622204,0.385943402517541,0.18352129502503312,0.1525810869151917,0.11256094633504761,0.08003380935550859,0.06234225872672209,0.04143664345430892,0.1293497429275725,0.10256410256410256,0.11481883818343579,0.15384615384615385,1.5B,8192
17,11,lenshift_8192,lenshift,4992,8.515591910049263,17.507961439484767,20.75869190613427,1.8320663297938011,24.625791756311322,11.667457441041753,1.0939911384855316,16.68512891727964,0.02574253028781876,-58.36427459982224,22.09468805999495,1.0291462423544782e-08,0.9999999997452536,0.13333333333333333,0.6076969582934306,1.1582114386666467,0.9987512358325827,0.9439590537059975,0.9738840862387491,0.9908410322981069,0.1611178661326722,0.06646313558446648,0.7548074032061046,0.2033535405060934,0.014882590737779637,0.010167913322544714,0.00597160001150567,0.0035812487115163215,0.0024956394583083197,0.001398073515082197,0.007471038610375547,0.10336538461538461,0.005981907449776749,0.15384615384615385,1.5B,8192
18,0,lenshift_8192,lenshift,4992,8.515591910049263,21.476996925653335,24.240535352617478,1.4023272124325783,28.103736905732575,8.971251793571744,0.9252723888562946,12.430155169400267,0.09202563448976644,-37.31357830949128,17.186621967237443,6.335574145167243e-07,0.9999999654598074,0.13333333333333333,0.4043037003959915,3.1768566408013355,0.9825487415538026,0.7518539161937928,0.8500677378929927,0.8954538041378539,0.09525493328113754,0.18100107392288356,0.19665117277071956,0.6714074353561709,0.1096180525796008,0.07728834113395204,0.0484319331265586,0.03052756884522057,0.02176171875426785,0.012183478300230893,0.044698555539523996,0.10256410256410256,0.0330403626880028,0.15384615384615385,1.5B,8192
18,1,lenshift_8192,lenshift,4992,8.515591910049263,14.981297633927282,24.240535352617478,1.4023272124325783,28.103736905732575,8.971251793571744,0.9252723888562946,12.430155169400267,0.09202563448976644,-38.61368980631232,1.6787051390856504,0.6311927717971144,0.7939681698517335,0.06666666666666667,0.48392686394648815,5.828662691121595,0.8625965927585448,0.299747674170747,0.3984126682166408,0.49951377361572236,0.040570008467555985,0.0639286980695366,0.10051070628177154,0.250180747447133,0.6114404207843446,0.4966463109007605,0.36064915661031843,0.24932527606413316,0.19121954599477575,0.12497040480044705,0.3672564889252176,0.10336538461538461,0.3073719884126713,0.1546474358974359,1.5B,8192
18,2,lenshift_8192,lenshift,4992,8.515591910049263,23.49533933378091,24.240535352617478,1.4023272124325783,28.103736905732575,8.971251793571744,0.9252723888562946,12.430155169400267,0.09202563448976644,-41.47862121928483,6.335672764340416,0.01329853525462024,0.9982032001900848,0.13333333333333333,0.369049757363313,2.9009090299158014,0.9913628753873956,0.7785426002611976,0.8609183827111966,0.9252301659926807,0.03184651698304397,0.010519126355182262,0.15565171934599228,0.6740559400643421,0.05954725167594321,0.036415497656393854,0.020453102448906427,0.012459695884999794,0.008664770570524527,0.004653319143569625,0.01848787560870228,0.10256410256410256,0.013059730346314089,0.15384615384615385,1.5B,8192
18,3,lenshift_8192,lenshift,4992,8.515591910049263,16.353964983489735,24.240535352617478,1.4023272124325783,28.103736905732575,8.971251793571744,0.9252723888562946,12.430155169400267,0.09202563448976644,-34.52566958311945,10.020341469557025,0.0005170549389486986,0.9999537306771352,0.06666666666666667,0.41977260863755844,5.870190526067308,0.8543456985179497,0.338157734899575,0.40606445387393125,0.46485444866445935,0.07205587486789211,0.15372560821234038,0.04427488963653361,0.33943844722457467,0.5985063376908468,0.4519390390244265,0.307838579189888,0.21256729314660563,0.15910287184041363,0.10041930079216806,0.41391587668335605,0.10336538461538461,0.33151743258760774,0.1546474358974359,1.5B,8192
18,4,lenshift_8192,lenshift,4992,8.515591910049263,25.134765322646185,24.240535352617478,1.4023272124325783,28.103736905732575,8.971251793571744,0.9252723888562946,12.430155169400267,0.09202563448976644,-63.011197682324564,0.6025047564471606,0.6497497500405933,0.6462291457358145,0.13333333333333333,0.39972531904244063,1.8574588040613271,0.9986630921659904,0.9538189846249953,0.9834127894782757,0.9940349289057948,0.13415414584331264,0.01270128997354636,0.15941851161884424,0.8222563589820815,0.003415701116895614,0.0018570977686262935,0.001075478162854021,0.0006480198926014625,0.0004429554244094821,0.00022343557473815024,0.00142795794851372,0.10336538461538461,0.0011637014242937163,0.1546474358974359,1.5B,8192
18,5,lenshift_8192,lenshift,4992,8.515591910049263,18.488224282127575,24.240535352617478,1.4023272124325783,28.103736905732575,8.971251793571744,0.9252723888562946,12.430155169400267,0.09202563448976644,-35.58664421457797,20.972759088035673,2.1778034544659992e-08,0.999999999211175,0.13333333333333333,0.45437546086865566,4.383145729075887,0.9066305881944561,0.5704509440860001,0.6825680907695846,0.7344028511440627,0.08463023960714744,0.06897722670827733,0.275137698398833,0.4565255768829114,0.45814583374101886,0.39980994592961494,0.3150505504315892,0.24043538885458665,0.193092248984911,0.12975209023229892,0.2883241040308169,0.10336538461538461,0.2448284988790258,0.15384615384615385,1.5B,8192
18,6,lenshift_8192,lenshift,4992,8.515591910049263,13.581181989223898,25.446265033465462,0.8672452713515738,27.679130257884946,11.99250840867346,0.9243821845809758,17.196310046057153,0.02891278139226355,113.45124159753323,3.4697171120205894,0.13540009767473563,0.9698130254223338,0.13333333333333333,0.6071052707585124,4.66565869896383,0.8844897801707845,0.5021417133148356,0.5380606765798223,0.5773260964174833,0.15376299872314192,0.0008013696408735171,0.41002150309379815,0.14769034583683832,0.7968550453745915,0.6476590322895505,0.429201747835983,0.2873814417546266,0.21243764473588111,0.13073618370765255,0.6629966466694728,0.10336538461538461,0.5339977893827105,0.15384615384615385,1.5B,8192
18,7,lenshift_8192,lenshift,4992,8.515591910049263,18.440004147988905,25.446265033465462,0.8672452713515738,27.679130257884946,11.99250840867346,0.9243821845809758,17.196310046057153,0.02891278139226355,194.88054896332324,28.96835115365684,4.450302459967118e-09,0.999999999998546,0.13333333333333333,0.6311591082025975,3.092584752856242,0.9625118866298923,0.7672854640885537,0.8338540971125994,0.855802007920173,0.222163919961595,0.2698635736169521,0.42400090117546557,0.42613688113041254,0.36686881782257746,0.3138720458235364,0.2231877938539838,0.14980156009024276,0.10929692500471265,0.06329455075753052,0.21955030624300478,0.10336538461538461,0.16662368810397088,0.15384615384615385,1.5B,8192
18,8,lenshift_8192,lenshift,4992,8.515591910049263,30.630366837021633,25.446265033465462,0.8672452713515738,27.679130257884946,11.99250840867346,0.9243821845809758,17.196310046057153,0.02891278139226355,212.13552781939507,25.137685757130384,4.75153651920152e-09,0.9999999999868638,0.13333333333333333,0.4566817864652805,1.4598657993486914,0.998781153926526,0.9744098963174141,0.982744028017542,0.989565922627274,0.35827021299752104,0.05982688247875956,0.20702987901620934,0.7709242158946542,0.010746445853269608,0.0057353592278344195,0.002060772323150654,0.0006868137876307079,0.00029575673607274615,7.509852131720958e-05,0.010471814084289694,0.10256410256410256,0.005276937208238282,0.15384615384615385,1.5B,8192
18,9,lenshift_8192,lenshift,4992,8.515591910049263,21.941844700145225,25.446265033465462,0.8672452713515738,27.679130257884946,11.99250840867346,0.9243821845809758,17.196310046057153,0.02891278139226355,236.0168712437153,28.9651441834867,4.445627780251434e-09,0.9999999999987157,0.13333333333333333,0.6149560463666676,3.693302684596017,0.966825786901335,0.6884242748238951,0.7529952092832117,0.7951778133361764,0.6726782850434532,0.09866079903587988,0.3001027984946156,0.47366303248658814,0.40574646709738876,0.2926956792608091,0.17026577953868316,0.09596041492889934,0.06195541252459697,0.030915958532287634,0.27382823580933147,0.10336538461538461,0.21504117074109275,0.1546474358974359,1.5B,8192
18,10,lenshift_8192,lenshift,4992,8.515591910049263,23.27125594026582,25.446265033465462,0.8672452713515738,27.679130257884946,11.99250840867346,0.9243821845809758,17.196310046057153,0.02891278139226355,322.37071965634823,36.39289851579815,4.4378126035707745e-09,0.9999999999989997,0.13333333333333333,0.7423195325013494,1.1530540539341028,0.9975766838530674,0.9561614502686541,0.9754769970953172,0.9845531538001867,0.16172462270054666,0.11042541744811629,0.04757760904775991,0.9327982068099836,0.016698439622075668,0.011991746290122144,0.006525126858989925,0.003594289162395998,0.0023962735185523985,0.0012560678796134737,0.013903069440428394,0.10256410256410256,0.009639910612311588,0.15384615384615385,1.5B,8192
18,11,lenshift_8192,lenshift,4992,8.515591910049263,20.385889701994817,25.446265033465462,0.8672452713515738,27.679130257884946,11.99250840867346,0.9243821845809758,17.196310046057153,0.02891278139226355,171.54228285700083,30.974144153296947,4.438869938165583e-09,0.9999999999989615,0.13333333333333333,0.5268030861043058,2.4353151469731094,0.9921323546292907,0.8692893175741984,0.948478242595042,0.9637092944366873,0.20657578159929457,0.6123890727099557,0.30631435270595775,0.6548684526171187,0.06230623601063817,0.05018798865955949,0.032193587870086166,0.020032412995617126,0.013809445841156419,0.007127714699364936,0.0367445127673131,0.10336538461538461,0.027116823717654122,0.15384615384615385,1.5B,8192
19,0,lenshift_8192,lenshift,4992,8.515591910049263,23.0085383677981,23.933980259672587,1.8649092510695842,28.84959679587097,9.785439637656959,0.7773496278837269,15.552938890028678,0.08179642421650442,-51.590017220936716,0.3195771159371361,0.7528592192616314,0.5697680002854927,0.13333333333333333,0.7431041520340582,1.0469781193067256,0.9992740008964699,0.9694921545149693,0.989245423512161,0.9965147581095088,0.030143678936082496,0.02255393767651348,0.7741429966047928,0.20759945459058815,0.0063683556753441365,0.0032871998245692304,0.001635482218003626,0.0009328870149409061,0.0006097665839079979,0.0002836062965366286,0.0025013092115555176,0.10336538461538461,0.0020118530073388228,0.1546474358974359,1.5B,8192
19,1,lenshift_8192,lenshift,4992,8.515591910049263,21.371569319917377,23.933980259672587,1.8649092510695842,28.84959679587097,9.785439637656959,0.7773496278837269,15.552938890028678,0.08179642421650442,-41.737868246622384,7.65594237530604,0.004194896732041491,0.9995192825233489,0.06666666666666667,0.6913232316750196,2.109989307534516,0.9964938259212801,0.9115034890738444,0.9475635404277678,0.9711007136569134,0.2813468828888037,0.040629872797509625,0.40763456918294877,0.48939780585011,0.03631159886836772,0.025846390368719184,0.01252085125117501,0.0051338843781934445,0.002707994475381021,0.0011226996177994253,0.02623471160344362,0.10336538461538461,0.02189705034759876,0.1546474358974359,1.5B,8192
19,2,lenshift_8192,lenshift,4992,8.515591910049263,19.256552163640993,23.933980259672587,1.8649092510695842,28.84959679587097,9.785439637656959,0.7773496278837269,15.552938890028678,0.08179642421650442,-60.46390833699843,0.7892722054966725,0.620951894622277,0.6876748859966284,0.13333333333333333,0.7652190029421819,0.2584133969428527,0.999464926946521,0.9892615202104196,0.9934612302082142,0.9964599674445168,0.09944316044807433,0.04806484029263469,0.9652255334841797,0.02447017636565705,0.012536419396162088,0.007471771236803239,0.0038925533931667283,0.002186513228902745,0.0014866286808567705,0.0007736421247516903,0.006811735775419683,0.10256410256410256,0.004855609299720663,0.15384615384615385,1.5B,8192
19,3,lenshift_8192,lenshift,4992,8.515591910049263,23.332724325429457,23.933980259672587,1.8649092510695842,28.84959679587097,9.785439637656959,0.7773496278837269,15.552938890028678,0.08179642421650442,-4.4964490085840225,36.09569606278092,4.437814410319886e-09,0.9999999999989997,0.13333333333333333,0.6288000379271298,1.9874935860926668,0.9982506983537183,0.9266708734182829,0.9834151492772876,0.9931036963340686,0.34692908611911966,0.18347718019947457,0.04467370137732253,0.9422382850675923,0.005399538839732009,0.003612822777008769,0.0020741918789029873,0.001191766813042252,0.0007579456650499407,0.000329993554655861,0.0035028377178975612,0.10336538461538461,0.00297687579663599,0.1546474358974359,1.5B,8192
19,4,lenshift_8192,lenshift,4992,8.515591910049263,16.992314242186268,23.933980259672587,1.8649092510695842,28.84959679587097,9.785439637656959,0.7773496278837269,15.552938890028678,0.08179642421650442,-1.1962141245603561,20.972681725863367,2.1613050462114417e-08,0.9999999992174975,0.13333333333333333,0.6634137248616157,3.734386642486678,0.9668875907886336,0.6792626957313701,0.785842783979152,0.8400557535384501,0.4800921593564107,0.15030820047728,0.08848689894342197,0.7077328595590359,0.1874772227262395,0.15070560306773365,0.10102933348205445,0.0655421585902926,0.045554976467570764,0.023973978469999817,0.11242480680611502,0.10336538461538461,0.09497093857129156,0.1546474358974359,1.5B,8192
19,5,lenshift_8192,lenshift,4992,8.515591910049263,22.116896715428815,23.933980259672587,1.8649092510695842,28.84959679587097,9.785439637656959,0.7773496278837269,15.552938890028678,0.08179642421650442,-73.72545318480115,2.7044222825788893,0.23559408739326276,0.9371694063781003,0.06666666666666667,0.7242222553357283,0.10436382275443606,0.9997228615935623,0.9962512005265052,0.9977663363484501,0.9989649182032437,0.36970928915186363,0.10969344259331759,0.9877648374902048,0.00766149392231502,0.002740012603186686,0.0011944088756155882,0.000543785416191866,0.000312734950656676,0.00020244824979782835,9.582805717360742e-05,0.000707672042409228,0.10336538461538461,0.000584609746625049,0.1546474358974359,1.5B,8192
19,6,lenshift_8192,lenshift,4992,8.515591910049263,21.735490860805236,21.31627123349646,1.2636239791445374,25.38735555587345,9.045405936360302,1.2443374331433288,15.360622657659949,0.03905198180327222,-51.42098582908511,17.384975916793337,5.223481017597438e-07,0.9999999718280884,0.13333333333333333,0.4956657891932345,1.9154676358964449,0.9938881220709151,0.9027130542548779,0.9420400871153828,0.9616332742358017,0.2857710586504165,0.0026006080670919474,0.26502941091061993,0.6928575940485666,0.03195903039269695,0.023756578681335797,0.01449845417183942,0.008377264351669291,0.005472745195754094,0.0025575578887722847,0.017530597229871183,0.10256410256410256,0.012893911844650979,0.15384615384615385,1.5B,8192
19,7,lenshift_8192,lenshift,4992,8.515591910049263,21.101819784738435,21.31627123349646,1.2636239791445374,25.38735555587345,9.045405936360302,1.2443374331433288,15.360622657659949,0.03905198180327222,-59.39717880799435,0.9164451025426388,0.6136949859451947,0.7126695958758086,0.06666666666666667,0.43586469211371254,2.9114880338908424,0.9768724992112837,0.7298205803354436,0.8036767154852186,0.8590781592282383,0.042303582103794035,0.04759378867443065,0.5195393844975453,0.29428598041518605,0.23930417673142163,0.18698001304892442,0.12032333894565052,0.07778063668050272,0.0557039887328205,0.03247968470830568,0.09264936074463478,0.10336538461538461,0.07156387202994235,0.1546474358974359,1.5B,8192
19,8,lenshift_8192,lenshift,4992,8.515591910049263,20.497578175494333,21.31627123349646,1.2636239791445374,25.38735555587345,9.045405936360302,1.2443374331433288,15.360622657659949,0.03905198180327222,-66.503782647138,4.217647408659104,0.07894478969791537,0.9851411159967933,0.13333333333333333,0.37289185622763654,2.377673628603514,0.9913045708192593,0.81170908895014,0.874091689094268,0.9309077088115097,0.01120752136862313,0.0483712347104186,0.5214486341883543,0.33369298240588596,0.07360824530599673,0.049088951651820756,0.031224302943107612,0.020971295471438972,0.015935453562676845,0.010066345103139801,0.02730556073807772,0.10336538461538461,0.02145384989505332,0.1546474358974359,1.5B,8192
19,9,lenshift_8192,lenshift,4992,8.515591910049263,21.8563279144119,21.31627123349646,1.2636239791445374,25.38735555587345,9.045405936360302,1.2443374331433288,15.360622657659949,0.03905198180327222,-58.387976622674614,8.064733381965198,0.0028777288675732532,0.999683663816379,0.13333333333333333,0.35134660516645544,2.8118544811235138,0.9856156730546107,0.7941344025763317,0.8874222294807999,0.929282759301941,0.27997390715171266,0.21192142708079098,0.37103927022597366,0.529709202782494,0.08368484176181001,0.06781913386195075,0.04920202836115508,0.03442280622870579,0.026047972004213618,0.01565826247262939,0.04628871368553256,0.10256410256410256,0.03898645173766535,0.15384615384615385,1.5B,8192
19,10,lenshift_8192,lenshift,4992,8.515591910049263,23.57360284312037,21.31627123349646,1.2636239791445374,25.38735555587345,9.045405936360302,1.2443374331433288,15.360622657659949,0.03905198180327222,-73.00424556346843,28.443906857573893,4.449978977268526e-09,0.9999999999985563,0.13333333333333333,0.48702729663120425,1.1304524720084008,0.9991670590711851,0.9583257445943688,0.9861642685152497,0.9955989879266418,0.008114574890650594,0.46915572651740955,0.7848888312823412,0.18781162468198,0.0031728110008148553,0.0017134680466183892,0.0009390694038418085,0.0005780920960073384,0.00040546917340843376,0.00022067651708732624,0.0012960447606007982,0.10336538461538461,0.00107246935920998,0.15384615384615385,1.5B,8192
19,11,lenshift_8192,lenshift,4992,8.515591910049263,25.33523119713304,21.31627123349646,1.2636239791445374,25.38735555587345,9.045405936360302,1.2443374331433288,15.360622657659949,0.03905198180327222,-64.09383534826338,18.763161828217562,1.4474768374029968e-07,0.9999999928989345,0.13333333333333333,0.4580041698029686,1.893236288769594,0.998333343947562,0.9583555455521034,0.9839678568690003,0.9925408694805834,0.6190674094438995,0.02119720954952342,0.3632966526588118,0.6267087007175262,0.006215575355142972,0.004303628099764467,0.002435713005729044,0.0013317611568835106,0.0008129455161768822,0.0003542347635526468,0.002543274067977801,0.10336538461538461,0.0017041166163493527,0.1546474358974359,1.5B,8192
20,0,lenshift_8192,lenshift,4992,8.515591910049263,15.390168961192522,23.20453756503349,1.2956350610255298,26.477513764177658,11.272122936693078,2.038712974840137,15.420570695694336,0.1217220845262914,-23.250557573745027,1.84144184156321,0.3993691158039674,0.8631119374428002,0.13333333333333333,0.5843092265589663,5.1000505620863485,0.9499530985722273,0.28263323545600033,0.40106898307057515,0.569289415739015,0.09405017615316577,0.014861020931789704,0.0669201204776439,0.2003066904375419,0.2652025139829706,0.13389964830233358,0.07556665259001145,0.05208364008170689,0.039797900643832936,0.024772597887900347,0.06648037324447546,0.10336538461538461,0.056497449815087884,0.1546474358974359,1.5B,8192
20,1,lenshift_8192,lenshift,4992,8.515591910049263,22.88155390572265,23.20453756503349,1.2956350610255298,26.477513764177658,11.272122936693078,2.038712974840137,15.420570695694336,0.1217220845262914,-34.89848281396553,13.253295694943517,2.5012561301515826e-05,0.9999982454477809,0.13333333333333333,0.4684851405221724,2.0375983534515667,0.9985880521856105,0.9299964468297678,0.9753440927156328,0.9948978969593436,0.317516971106065,0.008571102968275901,0.005939004335559835,0.9572923431719726,0.0025092358559121587,0.0014208377450262825,0.0006204520361383644,0.00025756585079105313,0.0001275055857685831,3.5183759831168055e-05,0.0014745175628087764,0.10256410256410256,0.001141142233070618,0.15384615384615385,1.5B,8192
20,2,lenshift_8192,lenshift,4992,8.515591910049263,16.38768570312451,23.20453756503349,1.2956350610255298,26.477513764177658,11.272122936693078,2.038712974840137,15.420570695694336,0.1217220845262914,-51.42134487256408,0.1425823629833758,1.0754198489716453,0.40775143462419533,0.13333333333333333,0.6231840965232135,4.101972989415299,0.9656466833056526,0.5973616029359204,0.6759759962495424,0.7588955538959533,0.7466401246947052,0.030878888561506557,0.1871793293278622,0.48204877027131604,0.28765422421923115,0.20378867268423184,0.11719098654789767,0.06524567381999,0.04208258280388945,0.019662208153272125,0.1900371789809316,0.10336538461538461,0.14836885173685585,0.1546474358974359,1.5B,8192
20,3,lenshift_8192,lenshift,4992,8.515591910049263,21.380914945034505,23.20453756503349,1.2956350610255298,26.477513764177658,11.272122936693078,2.038712974840137,15.420570695694336,0.1217220845262914,-8.383269185200334,43.10240729153156,4.437808181016134e-09,0.9999999999989999,0.13333333333333333,0.5552718349421936,2.000571337146275,0.9987641473964561,0.939068622076835,0.9961925799332532,0.9980587717189447,0.12243793835494365,0.1711699948696418,0.0006976039807572393,0.9920650722493456,0.0011981183666369046,0.0007005683254519408,0.0003386980821848762,0.00016716150061574006,9.759429507091493e-05,4.019037402925142e-05,0.0005887827481773089,0.10336538461538461,0.0004596739181429486,0.1546474358974359,1.5B,8192
20,4,lenshift_8192,lenshift,4992,8.515591910049263,18.309792115385182,23.20453756503349,1.2956350610255298,26.477513764177658,11.272122936693078,2.038712974840137,15.420570695694336,0.1217220845262914,-40.90485525876284,0.3834314262494445,0.6752006141146509,0.5946957756845046,0.13333333333333333,0.5795599371552693,4.620778156734274,0.9578656909174368,0.45076805705681094,0.58453119156497,0.685249416579689,0.20316439460739827,0.042148112916349456,0.16516709297139767,0.45245657055640887,0.3979534061831394,0.23079588528681758,0.13231719649262666,0.08020944807282582,0.05496642539352692,0.028470842842829306,0.26668005756832985,0.10336538461538461,0.21492714107502667,0.1546474358974359,1.5B,8192
20,5,lenshift_8192,lenshift,4992,8.515591910049263,16.977482933585787,23.20453756503349,1.2956350610255298,26.477513764177658,11.272122936693078,2.038712974840137,15.420570695694336,0.1217220845262914,-41.86889675934799,3.00858053076081,0.19380688611475097,0.9525071745875716,0.13333333333333333,0.5513444277140181,5.773163926967684,0.880027809528286,0.3093041901593529,0.4028919522963824,0.48316414200717644,0.1848748750632171,0.08996099408022973,0.13243656349932825,0.2286129516940332,0.4609844622723996,0.3585111544735951,0.26073429469098813,0.17791453558887607,0.13667290285964523,0.0845251210671665,0.3454312207715216,0.10336538461538461,0.26422176338420506,0.1546474358974359,1.5B,8192
20,6,lenshift_8192,lenshift,4992,8.515591910049263,20.081874354843514,20.77249397254425,1.4693356465726108,24.811709999472818,10.754207326436918,1.7366427418954187,18.628450417296,0.07298433934313596,-12.181779429789458,0.9185188505725819,0.5978526960235547,0.7147402128940119,0.13333333333333333,0.7415484724661514,2.94538116023946,0.9949038524890611,0.7583107036823925,0.8890865024215185,0.9531223769134034,0.05775949526560309,0.2440540131639244,0.13111899067200894,0.7194926335986374,0.021503786549101504,0.012454940566777779,0.006959184160021292,0.003849877970834907,0.002463228418602988,0.001182572553390941,0.010253283731543512,0.10336538461538461,0.008123164895450832,0.1546474358974359,1.5B,8192
20,7,lenshift_8192,lenshift,4992,8.515591910049263,18.46281951241704,20.77249397254425,1.4693356465726108,24.811709999472818,10.754207326436918,1.7366427418954187,18.628450417296,0.07298433934313596,12.931784432381392,9.009618558571674,0.00122396823953309,0.9998777513508504,0.13333333333333333,0.5139341362231112,1.6428451391177992,0.9808406642985779,0.8633390261215625,0.892263349520547,0.912893929429935,0.004148288088888563,0.0921202824965639,0.006903322895459871,0.8911237316958645,0.07579801572497248,0.060033739993286823,0.04017153128607555,0.02751071079677733,0.02062615021317108,0.012583841713532365,0.046503987729900643,0.10336538461538461,0.04001719260556395,0.15384615384615385,1.5B,8192
20,8,lenshift_8192,lenshift,4992,8.515591910049263,20.367118312950836,20.77249397254425,1.4693356465726108,24.811709999472818,10.754207326436918,1.7366427418954187,18.628450417296,0.07298433934313596,10.775717683136463,31.112412068527192,4.438658817576661e-09,0.999999999998969,0.13333333333333333,0.6340959467605092,1.9976858163660285,0.9978374049823688,0.9164226155389741,0.9795811991170219,0.9913919802239475,0.19384448306960866,0.35997231347463465,0.00974640110220069,0.9668256722895954,0.006241247856744853,0.004339403331613439,0.002662425351188731,0.001609769251452277,0.001071175908769638,0.0005442541683183791,0.00306550721947041,0.10336538461538461,0.002346446272906112,0.15384615384615385,1.5B,8192
20,9,lenshift_8192,lenshift,4992,8.515591910049263,21.501295031659566,20.77249397254425,1.4693356465726108,24.811709999472818,10.754207326436918,1.7366427418954187,18.628450417296,0.07298433934313596,-1.8481135107576847,3.02456589974463,0.20656737824095162,0.9509605899398257,0.06666666666666667,0.78979216347522,4.384747115445342,0.9697908103326708,0.523931306907353,0.6372950765482802,0.7272310337286645,0.46972548868900343,0.03996528548512179,0.08526943293223656,0.3280542688545433,0.15628303219178497,0.11452623280617776,0.06220431000552657,0.029780297735857435,0.017966370436354653,0.008255747330244012,0.10043868156566192,0.10336538461538461,0.08237815097890307,0.1546474358974359,1.5B,8192
20,10,lenshift_8192,lenshift,4992,8.515591910049263,17.639160837985226,20.77249397254425,1.4693356465726108,24.811709999472818,10.754207326436918,1.7366427418954187,18.628450417296,0.07298433934313596,-20.098315902985632,2.9572855164296925,0.2022482176240603,0.9499931407560335,0.13333333333333333,0.7526929941574656,3.6671325968043496,0.9528653347430861,0.622433242750699,0.7087959086913711,0.7908092841511395,0.026711539889650915,0.08295433734765167,0.41897667903909735,0.2771586775678442,0.28068704629771096,0.2337708950598109,0.16596484029692832,0.11456401495003585,0.08521204268380553,0.05027349137312468,0.1818928212268976,0.10336538461538461,0.15285898236931356,0.1546474358974359,1.5B,8192
20,11,lenshift_8192,lenshift,4992,8.515591910049263,19.4125925305827,20.77249397254425,1.4693356465726108,24.811709999472818,10.754207326436918,1.7366427418954187,18.628450417296,0.07298433934313596,-7.713627294637263,1.2546728737652302,0.5303423390671097,0.7780229647242447,0.13333333333333333,0.8364255682535712,4.202133120214847,0.9581739438517192,0.5440897977126972,0.6243262485132027,0.7037925187275342,0.011724431392184709,0.004813380834186587,0.3179927437368907,0.1301272239030563,0.24188304317887394,0.17232328439606692,0.10178759182212556,0.05921947727497612,0.039744532143063026,0.020150504804561473,0.19147661936789956,0.10336538461538461,0.12591482013842525,0.1546474358974359,1.5B,8192
21,0,lenshift_8192,lenshift,4992,8.515591910049263,16.852692774845153,20.599152450546747,1.8352345837399449,26.094848449794686,7.94131969250597,0.9411732258942277,15.797783783034301,0.030014000134596944,-31.350811089854687,10.816172254271805,0.00023797413150870053,0.99997988369151,0.06666666666666667,0.7172458164493947,4.6577363525249815,0.9254717303756914,0.4461818270530645,0.5377624194015261,0.6447544226102682,0.0041063490111701295,0.03297801235159148,0.30831681761937674,0.025870914569048137,0.1778748941365592,0.13538419137644453,0.09724600173390471,0.0671368097772502,0.04975618339236838,0.027421856123267307,0.11033699521189132,0.10336538461538461,0.09363337591993379,0.1546474358974359,1.5B,8192
21,1,lenshift_8192,lenshift,4992,8.515591910049263,18.330972399919897,20.599152450546747,1.8352345837399449,26.094848449794686,7.94131969250597,0.9411732258942277,15.797783783034301,0.030014000134596944,-46.27517948031891,1.5748230827739462,0.5673797929674109,0.8068143477789288,0.13333333333333333,0.5921118402579824,3.566471257623125,0.9498272454370087,0.6334865214987598,0.704751537903928,0.7759298960546854,0.021272915826161087,0.13939979529253899,0.4563204027382685,0.22717453846009933,0.1792072509890407,0.12746842484295318,0.08554610685479734,0.058400276533258945,0.04327185022499484,0.026682438558628657,0.09020710747237322,0.10256410256410256,0.07427508684020015,0.15384615384615385,1.5B,8192
21,2,lenshift_8192,lenshift,4992,8.515591910049263,19.321052906616675,20.599152450546747,1.8352345837399449,26.094848449794686,7.94131969250597,0.9411732258942277,15.797783783034301,0.030014000134596944,-47.354566975613125,9.438534939545207,0.0008309444862511161,0.9999204029715544,0.13333333333333333,0.6999010713160471,2.35924894755861,0.9934337847396154,0.8380012622088875,0.9093057872281424,0.9589727448878022,0.15100528037569183,0.1280154362842767,0.4520379279598323,0.4380499898774979,0.020719039664942294,0.012976091158294876,0.009219905478440918,0.0067687562817216685,0.005322200669289051,0.003412748770970412,0.009633662073116774,0.10256410256410256,0.008472917344112674,0.15384615384615385,1.5B,8192
21,3,lenshift_8192,lenshift,4992,8.515591910049263,22.785756658304553,20.599152450546747,1.8352345837399449,26.094848449794686,7.94131969250597,0.9411732258942277,15.797783783034301,0.030014000134596944,-43.942281518131495,30.091328863054514,4.440165381685262e-09,0.9999999999989144,0.13333333333333333,0.4884317962292512,2.3859524297342665,0.9935935148161362,0.8771318418508264,0.9658680604096441,0.9750662244680706,0.38368261316031693,0.09091264884618111,0.3044275520029303,0.6701588670274201,0.01871699758021529,0.015057489063220466,0.010404744070101196,0.00696066422327728,0.005049391932732841,0.0027969719792814854,0.01128640404128811,0.10256410256410256,0.009340904702168562,0.15384615384615385,1.5B,8192
21,4,lenshift_8192,lenshift,4992,8.515591910049263,19.797049506200377,20.599152450546747,1.8352345837399449,26.094848449794686,7.94131969250597,0.9411732258942277,15.797783783034301,0.030014000134596944,-46.06760711967945,7.28997721709311,0.005655632752789658,0.99931796985292,0.13333333333333333,0.6155123231316223,3.4091767137629554,0.9645340936537857,0.6784837689714288,0.7436902097036281,0.8103249742344447,0.1829911322057347,0.025028674180527233,0.4444823641282934,0.23182886041560188,0.13609795763715288,0.09851999266235308,0.060885094130915904,0.03950261827879761,0.029047153506034238,0.017037785129255863,0.08151313184892334,0.10336538461538461,0.0635361070942657,0.15384615384615385,1.5B,8192
21,5,lenshift_8192,lenshift,4992,8.515591910049263,16.7387355495749,20.599152450546747,1.8352345837399449,26.094848449794686,7.94131969250597,0.9411732258942277,15.797783783034301,0.030014000134596944,-39.426064800005406,8.31513578852173,0.002284388418123431,0.9997549904076314,0.13333333333333333,0.8385609814418726,3.547574136559783,0.9589583963695747,0.6021535755270135,0.679595328760463,0.7671626183706741,0.08078494817565396,0.05904811408539912,0.47354369103046573,0.09199636681527047,0.14826193991601952,0.09895950214019651,0.06425845359435656,0.043463492611839225,0.03272120394245188,0.019819755626321295,0.06829341092950227,0.10336538461538461,0.05694192630597668,0.1546474358974359,1.5B,8192
21,6,lenshift_8192,lenshift,4992,8.515591910049263,16.226301245114087,19.976136707315398,1.3600433357123403,24.159208276972983,13.148024053417139,1.8515350809248885,19.477127291653357,0.0947730425144873,-15.284643285194761,13.44789472433331,2.354697048734497e-05,0.9999983950295082,0.13333333333333333,0.4659796369476297,5.705463251872832,0.875270234329517,0.3528325925598499,0.4492940461923469,0.5174137018092225,0.008752732918618111,0.04621857652019057,0.019110999839110382,0.4541614124128834,0.44444160736527116,0.3406600089497892,0.22124672260387238,0.15271501853292746,0.11838670179849577,0.07645105580009955,0.29593608741856575,0.10336538461538461,0.23150456486447396,0.1546474358974359,1.5B,8192
21,7,lenshift_8192,lenshift,4992,8.515591910049263,18.528848223051106,19.976136707315398,1.3600433357123403,24.159208276972983,13.148024053417139,1.8515350809248885,19.477127291653357,0.0947730425144873,-51.984551729634404,5.943125827150652,0.018174483969459858,0.997382981792719,0.13333333333333333,0.5188916921115593,4.254543871451473,0.9298121897094916,0.5872918871491328,0.6884399777575876,0.7335499717152018,0.000893502651718947,0.2235741113659202,0.30164665310477407,0.4019151866880007,0.40624352553930987,0.33958258579240636,0.24012542029130615,0.1619637172918011,0.11983324564112006,0.07191751470570218,0.27075800658638816,0.10336538461538461,0.22231805595764267,0.1546474358974359,1.5B,8192
21,8,lenshift_8192,lenshift,4992,8.515591910049263,19.191107712094393,19.976136707315398,1.3600433357123403,24.159208276972983,13.148024053417139,1.8515350809248885,19.477127291653357,0.0947730425144873,-30.285835644230247,16.36359729024116,1.5391554606779542e-06,0.9999999129433581,0.13333333333333333,0.4635795257919058,4.106124906528849,0.9666479104025084,0.5789061691933253,0.7099748910336648,0.7696061536217969,0.09803543035384676,0.1823954181121697,0.029686079170711137,0.6688433289874642,0.20588633519003627,0.14351163807067063,0.07387142296652353,0.03991975246585816,0.026451043943821632,0.014153725718991953,0.16217228298867511,0.10336538461538461,0.12913237683505577,0.1546474358974359,1.5B,8192
21,9,lenshift_8192,lenshift,4992,8.515591910049263,20.342259001186843,19.976136707315398,1.3600433357123403,24.159208276972983,13.148024053417139,1.8515350809248885,19.477127291653357,0.0947730425144873,-37.368494329508394,7.497744821070228,0.004709534541637826,0.999445895230495,0.13333333333333333,0.48905481816238106,3.7725171501229866,0.9689908651585208,0.6268329013569007,0.7436700315555563,0.8038656397238907,0.11894626161663419,0.2334217277888464,0.05403462717479752,0.66737242249506,0.1811590719878404,0.13166388833575046,0.07043450264904862,0.040441558637086344,0.02667904198232374,0.013270263000478039,0.12664849946964793,0.10336538461538461,0.10822319541426767,0.1546474358974359,1.5B,8192
21,10,lenshift_8192,lenshift,4992,8.515591910049263,18.025291299582456,19.976136707315398,1.3600433357123403,24.159208276972983,13.148024053417139,1.8515350809248885,19.477127291653357,0.0947730425144873,-45.29990616347641,1.0673593218089081,0.5687330636253173,0.7440943009181649,0.13333333333333333,0.4827346552146295,5.575835150742481,0.8951763245518958,0.3685710259231122,0.4475561896617931,0.5177713291661636,0.351000724566363,0.04860393536358143,0.11854186597078925,0.33978769631241545,0.48774218799423885,0.36444082106305264,0.21729192014530407,0.13635925319056585,0.10089117979024499,0.06179357356299965,0.3457853950032389,0.10336538461538461,0.2558230722779107,0.1546474358974359,1.5B,8192
21,11,lenshift_8192,lenshift,4992,8.515591910049263,17.97017304074828,19.976136707315398,1.3600433357123403,24.159208276972983,13.148024053417139,1.8515350809248885,19.477127291653357,0.0947730425144873,-38.027355752987205,12.689282573075616,9.416918953884546e-05,0.9999932570354275,0.13333333333333333,0.3942094324527298,4.841943885306209,0.9585460501257964,0.37685975587935816,0.4470287938842745,0.5352981619555843,0.33961908518228234,0.04157622232890504,0.017238566097312964,0.3827199506171112,0.31427641310144205,0.17050841637007166,0.0707140527273378,0.03041345230570546,0.020181185451251565,0.012139143027942995,0.29055676281298826,0.10336538461538461,0.1937030719599704,0.1546474358974359,1.5B,8192
22,0,lenshift_8192,lenshift,4992,8.515591910049263,25.675835889836204,22.903817950686403,1.346080803178333,26.194190985713714,14.613391470390058,1.6046511356220914,19.409760913903195,0.07666873788994794,-73.93690369371325,20.95174204610521,2.1926361217721137e-08,0.9999999992022177,0.13333333333333333,0.4168739313261028,1.1001496900946568,0.9992715549538164,0.9915301293399229,0.995315803362713,0.9969571986348104,0.1622319232426488,0.16044054520367812,0.12908497965639237,0.8659244635489295,0.0025010919709206503,0.0015741349590068128,0.0007588696209973313,0.00038134691738613095,0.00022283372382457672,9.126700566772323e-05,0.0015083752763539655,0.10256410256410256,0.001282701357773796,0.15384615384615385,1.5B,8192
22,1,lenshift_8192,lenshift,4992,8.515591910049263,20.034142563571883,22.903817950686403,1.346080803178333,26.194190985713714,14.613391470390058,1.6046511356220914,19.409760913903195,0.07666873788994794,-61.50559386052191,19.9965764687513,6.806875814764762e-08,0.9999999970085298,0.13333333333333333,0.4582389998257919,2.5348050434492193,0.9798014258715284,0.8471352458669001,0.8990166993906815,0.9171738583120896,0.0349642879547889,0.035920937122289054,0.4284875686140451,0.4833688523535199,0.11883172215985469,0.09963442715579518,0.07029292181983787,0.0484934176788003,0.03634135956234505,0.02206363992390608,0.08392306264365088,0.10256410256410256,0.07150185113197847,0.15384615384615385,1.5B,8192
22,2,lenshift_8192,lenshift,4992,8.515591910049263,30.19487616555615,22.903817950686403,1.346080803178333,26.194190985713714,14.613391470390058,1.6046511356220914,19.409760913903195,0.07666873788994794,-134.66015930473804,8.66546039597597,0.0016666515964405975,0.9998275790538061,0.13333333333333333,0.39262476030135535,0.7297485352878494,0.9988520072882099,0.9808303519965759,0.984921862074386,0.9889167295917974,0.3027792823897304,0.0674823491144032,0.8378423985451967,0.14085755449292658,0.03264624482930611,0.020883185069435886,0.009345968274847984,0.003312075849746679,0.0014268031244245832,0.0003338582710393061,0.04555062793126981,0.10336538461538461,0.03485149253858657,0.1546474358974359,1.5B,8192
22,3,lenshift_8192,lenshift,4992,8.515591910049263,21.29710629310311,22.903817950686403,1.346080803178333,26.194190985713714,14.613391470390058,1.6046511356220914,19.409760913903195,0.07666873788994794,-60.96843086183071,0.1235093786381185,0.6912484053060547,0.530838002751374,0.13333333333333333,0.41823649696931775,2.7836353782457524,0.9810692046446409,0.7884539262448268,0.8449323866169411,0.8895670933984205,0.20284844075753616,0.09583299047935512,0.43717789378304095,0.399937139775436,0.15693800964126353,0.12388843705659051,0.08435785832333931,0.05434344765821526,0.03875516655583177,0.021889589629916908,0.08133485463013082,0.10256410256410256,0.06698537191642787,0.15384615384615385,1.5B,8192
22,4,lenshift_8192,lenshift,4992,8.515591910049263,27.817824480093673,22.903817950686403,1.346080803178333,26.194190985713714,14.613391470390058,1.6046511356220914,19.409760913903195,0.07666873788994794,-67.81741303531453,9.605773638439132,0.0007141392695124788,0.999932665696883,0.13333333333333333,0.5116178947487267,2.259265431895585,0.9981347955309524,0.8964495556581732,0.967757132329348,0.989232906104883,0.090324911043697,0.019048141743953195,0.31187881978547527,0.6622231981491759,0.006495223430384463,0.003610254718135848,0.0014546457611235289,0.0006192866615327144,0.0003550001060904631,0.00015502113847754874,0.0026418690452697986,0.10256410256410256,0.0020841581402371075,0.15384615384615385,1.5B,8192
22,5,lenshift_8192,lenshift,4992,8.515591910049263,18.1237774535285,22.903817950686403,1.346080803178333,26.194190985713714,14.613391470390058,1.6046511356220914,19.409760913903195,0.07666873788994794,-35.43957602977753,13.74155628205699,1.590374144772579e-05,0.9999989220234126,0.13333333333333333,0.4896000977676934,2.708306674777809,0.9748213506709658,0.7496490990114758,0.7962266213881264,0.8225370579564539,0.02676154185705302,0.05909069293910729,0.023379350773777476,0.7856912214946506,0.15643219178133605,0.11731806433678554,0.06550440398862532,0.03128120278922554,0.018687658902370417,0.009391137478829978,0.1433508618525435,0.10336538461538461,0.12475637470084537,0.1546474358974359,1.5B,8192
22,6,lenshift_8192,lenshift,4992,8.515591910049263,14.44516932590352,23.91419934549101,1.5547496151995515,28.440492045019766,11.301104514826871,3.2256614238615517,22.464587315632357,0.22565043452486427,-68.95971287880093,1.3304536775685847,0.5307107796427122,0.7886859131660044,0.13333333333333333,0.3993195134932412,2.317381606636621,0.9803264020324295,0.7682968847223869,0.8337091188176746,0.8864526804928238,0.0010829211256391247,0.051630900950209835,0.6579168879146613,0.17402598321583918,0.2611078256545897,0.18186181921599828,0.12091681135776687,0.08557898965632442,0.06630191587221138,0.04322351808791655,0.11622632250862762,0.10256410256410256,0.09714767660091052,0.15384615384615385,1.5B,8192
22,7,lenshift_8192,lenshift,4992,8.515591910049263,23.480811063752288,23.91419934549101,1.5547496151995515,28.440492045019766,11.301104514826871,3.2256614238615517,22.464587315632357,0.22565043452486427,-62.8373524453491,13.222904027439654,2.5729297078907553e-05,0.9999981913055715,0.13333333333333333,0.3131854751344683,2.0141832365054775,0.9965318045521596,0.8792117064013101,0.9126332908853781,0.9484004263405597,0.19474761100785587,0.05699425074225872,0.03419181855406055,0.8778797310637437,0.050012739271968844,0.014413173469907753,0.005720871067081282,0.002072508784904788,0.0008107152714195391,0.0001665035628451259,0.07816692974285198,0.10336538461538461,0.05704832537906443,0.1546474358974359,1.5B,8192
22,8,lenshift_8192,lenshift,4992,8.515591910049263,18.206138166626946,23.91419934549101,1.5547496151995515,28.440492045019766,11.301104514826871,3.2256614238615517,22.464587315632357,0.22565043452486427,-77.07246361672878,7.352272888063453,0.005356267517607075,0.9993589932649652,0.13333333333333333,0.464611692237389,1.20308365979187,0.9946875802076917,0.9143153650414486,0.9521859155094711,0.9694129076433303,0.0280027243988501,0.036513058197019,0.8118012900845791,0.1496794081874292,0.10069994263068581,0.0710419914210937,0.045030817141379936,0.030186203190578773,0.022666120425718365,0.013950354039737834,0.048364810802700706,0.10256410256410256,0.040258739873091906,0.15384615384615385,1.5B,8192
22,9,lenshift_8192,lenshift,4992,8.515591910049263,24.17211356165513,23.91419934549101,1.5547496151995515,28.440492045019766,11.301104514826871,3.2256614238615517,22.464587315632357,0.22565043452486427,-51.3375041782856,45.80148709693458,4.437808174461582e-09,0.9999999999989999,0.13333333333333333,0.4077680692219483,2.557475692365867,0.997861928871661,0.812516963711657,0.9806015305029762,0.9962427487111875,0.21474900382964812,0.06309842622729578,0.16358492458667778,0.8309374530915993,0.0029077341226694687,0.001697330381421861,0.000778049461677895,0.0003755939004685315,0.00021932642076334612,9.510561614877482e-05,0.0011497856988041937,0.10256410256410256,0.0008625437701419717,0.15384615384615385,1.5B,8192
22,10,lenshift_8192,lenshift,4992,8.515591910049263,19.043717777486595,23.91419934549101,1.5547496151995515,28.440492045019766,11.301104514826871,3.2256614238615517,22.464587315632357,0.22565043452486427,-69.78354726545513,3.679226072214078,0.11551752818449151,0.9753788710964559,0.13333333333333333,0.4290296855222341,3.3447465485432013,0.9826213161293668,0.7401032473005303,0.8197295071797627,0.8622877725993259,0.943394426185506,0.007786377381296727,0.15386899120351738,0.6327537654043136,0.145930258428242,0.1097201253870668,0.06089020582589458,0.02718397106114692,0.013308931603829538,0.003873445131853986,0.13679643187549725,0.10336538461538461,0.10348352725584552,0.1546474358974359,1.5B,8192
22,11,lenshift_8192,lenshift,4992,8.515591910049263,19.29652708720656,23.91419934549101,1.5547496151995515,28.440492045019766,11.301104514826871,3.2256614238615517,22.464587315632357,0.22565043452486427,-77.69458090950502,4.377007772505749,0.06679867604660886,0.9875924352666441,0.13333333333333333,0.3012900353565549,2.015828832362603,0.9925748143164657,0.8714422846852704,0.9133457699431787,0.9457352227969398,0.30114608147322075,0.03186489300899442,0.33826786132490305,0.549195364061337,0.05439193352781977,0.03980310777385344,0.020501419402246684,0.011656171842227175,0.007413314741451148,0.0036051910042624582,0.045958839122700094,0.10336538461538461,0.0393008777480331,0.1546474358974359,1.5B,8192
23,0,lenshift_8192,lenshift,4992,8.515591910049263,23.08408274808341,23.538814716743047,1.807943400949083,28.710223757636882,15.895061005830408,3.097862429188927,27.3628571626527,0.11188846702994006,-48.92736607696861,8.770412644604221,0.001516730370174233,0.9998447646003294,0.13333333333333333,0.644784115614185,2.519938515514254,0.995425939392473,0.8725242837927627,0.9238031493969175,0.9485874822968483,0.5526152531134702,0.171535966491974,0.19342073832745926,0.6999190345069737,0.027598996144241522,0.015524183498425872,0.0061648998025609315,0.0023068540568996813,0.0010849337283711953,0.00025374127972410687,0.06891654269364159,0.10336538461538461,0.06250342255371232,0.1546474358974359,1.5B,8192
23,1,lenshift_8192,lenshift,4992,8.515591910049263,21.023333921712474,23.538814716743047,1.807943400949083,28.710223757636882,15.895061005830408,3.097862429188927,27.3628571626527,0.11188846702994006,-53.39351628080476,1.7654685870511457,0.41601522044050376,0.853884836597174,0.13333333333333333,0.7153191149048609,2.3619827268617435,0.9908553350888434,0.8097982418229449,0.8579066101867064,0.8912401788948172,0.07346973304803858,0.07710101068532804,0.5954808932327363,0.23387707512847702,0.0849512651485727,0.05710250819871238,0.01887159571088156,0.005984250723670475,0.002869917675653257,0.0008469681055775821,0.09480476687453565,0.10336538461538461,0.08327671213149943,0.1546474358974359,1.5B,8192
23,2,lenshift_8192,lenshift,4992,8.515591910049263,18.362620778592227,23.538814716743047,1.807943400949083,28.710223757636882,15.895061005830408,3.097862429188927,27.3628571626527,0.11188846702994006,-51.215465184883215,5.913007020368241,0.01866112928914588,0.997302252961445,0.13333333333333333,0.6722764314809815,3.939865327978457,0.9742161011260284,0.5302995533925846,0.5989363742773206,0.6774025553497571,0.0639689588465765,0.015164022528268761,0.3836503947847974,0.17932390343237042,0.1714598704932794,0.10956692452689178,0.043678112832536135,0.014812573780976368,0.006848433885330542,0.002519095691764721,0.25533791847549536,0.10336538461538461,0.20351137401450312,0.1546474358974359,1.5B,8192
23,3,lenshift_8192,lenshift,4992,8.515591910049263,16.352897733512044,23.538814716743047,1.807943400949083,28.710223757636882,15.895061005830408,3.097862429188927,27.3628571626527,0.11188846702994006,-47.688602407928556,7.474337248597294,0.006146143741687419,0.9992976511808483,0.06666666666666667,0.6749146650445452,4.269928851241504,0.9649106502143522,0.5534752024588597,0.6141153913409028,0.6698201744044953,0.09364138333274646,0.14747999942822942,0.2239102649242878,0.014294855089016232,0.1302608432208699,0.12663978562725733,0.07292023374009961,0.026940028744561025,0.016403597131625813,0.007595503984609963,0.1663453871840488,0.10336538461538461,0.13492393627537094,0.1546474358974359,1.5B,8192
23,4,lenshift_8192,lenshift,4992,8.515591910049263,20.329705151271803,23.538814716743047,1.807943400949083,28.710223757636882,15.895061005830408,3.097862429188927,27.3628571626527,0.11188846702994006,-49.24405115726404,5.304134116740897,0.031200285938272114,0.995053265061497,0.13333333333333333,0.5060214113424408,2.9658457866807537,0.9889274388699815,0.7712736714404377,0.8514243024364635,0.904695510699251,0.3062695682820386,0.06792961410497855,0.37158998111927904,0.46671767112159257,0.06456458957992305,0.04710901523435462,0.020459150644131854,0.008609218737538355,0.004423732321044189,0.0014982993799091222,0.057027555585074954,0.10256410256410256,0.047955007069543885,0.15384615384615385,1.5B,8192
23,5,lenshift_8192,lenshift,4992,8.515591910049263,16.855845126903876,23.538814716743047,1.807943400949083,28.710223757636882,15.895061005830408,3.097862429188927,27.3628571626527,0.11188846702994006,-60.69722397439182,5.162369531579316,0.044118799610182724,0.9931546117971769,0.13333333333333333,0.6837861484473222,1.2143807009782863,0.9834294257100173,0.8941630896311803,0.9108290766382654,0.9295399016220155,0.013633193672614397,0.061530389606940794,0.8622209987611771,0.03792443811428126,0.054755017819444265,0.04523070762482537,0.03020450027961008,0.020379164364967242,0.014804910118732658,0.008525310581948905,0.03963030196027842,0.10336538461538461,0.03516753648765139,0.15384615384615385,1.5B,8192
23,6,lenshift_8192,lenshift,4992,8.515591910049263,24.43777571794577,21.233505043709663,1.5403230752034833,24.841540429085565,12.31139639427772,1.8760585619003816,18.257129808638403,0.0795601752133756,-43.118659337982535,30.25407768972218,4.43982816930905e-09,0.9999999999989266,0.13333333333333333,0.4157161503827459,1.21202415078979,0.9969605721465354,0.9220067507019496,0.9461701702330272,0.9654944637755709,0.11515843477890719,0.09246995382523471,0.7973106105261697,0.1523265579781491,0.09773915236762497,0.044665331139640475,0.017660052260742392,0.009147887132981465,0.005886228034007883,0.002943818895933442,0.11470959367003133,0.10256410256410256,0.08944426252516406,0.15384615384615385,1.5B,8192
23,7,lenshift_8192,lenshift,4992,8.515591910049263,16.863680723688603,21.233505043709663,1.5403230752034833,24.841540429085565,12.31139639427772,1.8760585619003816,18.257129808638403,0.0795601752133756,-14.440617553889751,25.383165489067324,4.690888791231868e-09,0.9999999999892928,0.13333333333333333,0.5601256675647193,3.7969104626753856,0.9462172071180789,0.6660578685413793,0.7404071088653138,0.785417886994719,0.07002054033302829,0.11940324408996955,0.22695919539354475,0.5516031192836155,0.22080197625004352,0.1888856928023685,0.1436035701627545,0.10099513765793054,0.07299137905147171,0.04050141666339982,0.15298633057400957,0.10256410256410256,0.13183676012374942,0.15384615384615385,1.5B,8192
23,8,lenshift_8192,lenshift,4992,8.515591910049263,20.516478909330093,21.233505043709663,1.5403230752034833,24.841540429085565,12.31139639427772,1.8760585619003816,18.257129808638403,0.0795601752133756,-25.633611817509518,3.2199600537860533,0.16479556123695135,0.9613828341690691,0.13333333333333333,0.6042579022385899,3.7293518288315224,0.9815968617348988,0.6052492188178482,0.7183528308112275,0.7860717295177535,0.016300704593361193,0.4850635381889523,0.1796663582103169,0.5015335491073731,0.21475145840043577,0.11854213443177265,0.05528002295320753,0.02278745165114951,0.009860307140034033,0.002945597045236692,0.2819729969563825,0.10336538461538461,0.22961909893974272,0.1546474358974359,1.5B,8192
23,9,lenshift_8192,lenshift,4992,8.515591910049263,27.925616294137797,21.233505043709663,1.5403230752034833,24.841540429085565,12.31139639427772,1.8760585619003816,18.257129808638403,0.0795601752133756,-44.04309194535017,23.928103068319615,5.4443237065154134e-09,0.9999999999584339,0.13333333333333333,0.37460051057787075,1.356651703359418,0.9965618319947646,0.964844884564553,0.9747388605164446,0.9798147451089178,0.005088136139629107,0.017155305703904222,0.6138525029160444,0.36435683241320477,0.028025856100650094,0.021305286230080468,0.012736537483802386,0.0073172755956016425,0.004605897470697692,0.0021030842793524143,0.018031913915700165,0.10256410256410256,0.013457673348587489,0.15384615384615385,1.5B,8192
23,10,lenshift_8192,lenshift,4992,8.515591910049263,23.329296050729514,21.233505043709663,1.5403230752034833,24.841540429085565,12.31139639427772,1.8760585619003816,18.257129808638403,0.0795601752133756,-32.655355675145984,29.821533133508638,4.440912771761136e-09,0.9999999999988873,0.13333333333333333,0.41370797261964504,1.9644431074219542,0.9964926663124134,0.9258623819446313,0.9738234814732528,0.986182532556438,0.14350883906783587,0.05467512567130295,0.3759081907095915,0.6085668334822647,0.01339787804139515,0.010595763508158577,0.0072535407353528395,0.0048186068210180205,0.003476677273192519,0.002033239831999669,0.010425095937641564,0.10256410256410256,0.006317952096382958,0.15384615384615385,1.5B,8192
23,11,lenshift_8192,lenshift,4992,8.515591910049263,26.802576571770487,21.233505043709663,1.5403230752034833,24.841540429085565,12.31139639427772,1.8760585619003816,18.257129808638403,0.0795601752133756,-18.79829102009535,33.318408507853746,4.437901964090014e-09,0.9999999999989966,0.13333333333333333,0.42677648139325003,1.7937216519134187,0.9983613307918003,0.9614930624141264,0.985882137164211,0.9932297739304554,0.48824957651857276,0.17759742087768948,0.20637942316820898,0.7850578933492562,0.0050215576965428185,0.003271122590376353,0.0018856416031382047,0.001129220923137889,0.0007729637697437908,0.0004036891547122857,0.0018457398117103726,0.10256410256410256,0.0014293164762818316,0.15384615384615385,1.5B,8192
24,0,lenshift_8192,lenshift,4992,8.515591910049263,21.59534953723964,21.394392332899397,1.3101819369479288,25.741950364840413,9.585900707324441,1.3696546899037214,18.54016206362463,0.02180955569076443,93.2961249332875,16.048295460641384,1.8363220946266837e-06,0.9999998926071458,0.13333333333333333,0.6239619325118969,1.5369088594469553,0.9919993262216982,0.9007975507013424,0.9448120886694262,0.9576427527694027,0.05512973211605399,0.512037500162501,0.7331690351230946,0.22075577104675048,0.03432780336139363,0.02664240950790704,0.017548578878890615,0.011172834593749462,0.007676554477351527,0.0038697144149769137,0.01690741664546429,0.10256410256410256,0.012443078648709176,0.15384615384615385,1.5B,8192
24,1,lenshift_8192,lenshift,4992,8.515591910049263,20.672973455134326,21.394392332899397,1.3101819369479288,25.741950364840413,9.585900707324441,1.3696546899037214,18.54016206362463,0.02180955569076443,97.41957840602845,23.080803632095922,6.711721269864147e-09,0.9999999999043416,0.13333333333333333,0.6423177735940474,1.606774464797368,0.9973496067361941,0.9630977225017902,0.9790229593896633,0.9868761265492113,0.10087407756515532,0.09688197548940813,0.26501616191423466,0.7202266813879625,0.007870958791622768,0.005607656506945008,0.0035767521409128685,0.0022722333390052204,0.001582014578200072,0.0008469101566628671,0.0033959629410157737,0.10256410256410256,0.002549156122799667,0.15384615384615385,1.5B,8192
24,2,lenshift_8192,lenshift,4992,8.515591910049263,20.570595883838035,21.394392332899397,1.3101819369479288,25.741950364840413,9.585900707324441,1.3696546899037214,18.54016206362463,0.02180955569076443,83.67922659171745,20.7204372844717,2.6212444917066418e-08,0.9999999989961461,0.13333333333333333,0.6745238903331562,0.676092056564503,0.9977641370979088,0.9793680590744294,0.9878459020066589,0.9915430661639248,0.02567272017262212,0.07382378764895492,0.8808737339624834,0.10977811999120034,0.007663660248758499,0.006282582726113748,0.004422247380566552,0.003071514883844185,0.002279987496087348,0.0013390544939641741,0.004269334579691845,0.10256410256410256,0.0033938727676066237,0.15384615384615385,1.5B,8192
24,3,lenshift_8192,lenshift,4992,8.515591910049263,20.51295765884032,21.394392332899397,1.3101819369479288,25.741950364840413,9.585900707324441,1.3696546899037214,18.54016206362463,0.02180955569076443,85.36389562860131,14.613246163928125,7.035809557236959e-06,0.9999995496515813,0.13333333333333333,0.638814223624336,1.7330876230183532,0.9967108863413262,0.9631059961354475,0.9766371952169058,0.985361785281944,0.3212308881765722,0.05136733563304574,0.4906224452301209,0.4915075779854772,0.008407939571840443,0.00637556490838881,0.004447739698808382,0.003056016709038,0.0022740481670041187,0.0013396300561629953,0.004397557610105742,0.10256410256410256,0.003742218445336476,0.15384615384615385,1.5B,8192
24,4,lenshift_8192,lenshift,4992,8.515591910049263,25.521784829029112,21.394392332899397,1.3101819369479288,25.741950364840413,9.585900707324441,1.3696546899037214,18.54016206362463,0.02180955569076443,101.22877669055015,16.835234050638974,8.8320732622235e-07,0.9999999508253896,0.13333333333333333,0.644171401137003,0.7308703881798624,0.9990779107067218,0.9883361472298585,0.9924807690494653,0.9951710811004846,0.4373955895003885,0.06131991351383448,0.8526062012252783,0.1411595335784313,0.003453359467087846,0.00245139947123902,0.001450207478824106,0.0008296424671052889,0.0005312356527465161,0.00024468458729657146,0.0016716591595088534,0.10256410256410256,0.0012288932429849067,0.15384615384615385,1.5B,8192
24,5,lenshift_8192,lenshift,4992,8.515591910049263,20.74582230532747,21.394392332899397,1.3101819369479288,25.741950364840413,9.585900707324441,1.3696546899037214,18.54016206362463,0.02180955569076443,97.82006828673184,1.5331091694533825,0.46764904086536163,0.8224603784844495,0.13333333333333333,0.6399950119571357,3.50576042779777,0.9567338671896107,0.6963826333506797,0.7508090687670058,0.7981557956438436,0.749410078799114,0.008533008802666942,0.39652247219411413,0.30541124021014954,0.11816108642355119,0.09101616099140072,0.062325672510502715,0.04283824687895368,0.032403655924833664,0.019596363760901694,0.08448817454502733,0.10336538461538461,0.07033664081663088,0.1546474358974359,1.5B,8192
24,6,lenshift_8192,lenshift,4992,8.515591910049263,19.395853059024866,20.93560549500431,1.517999989338534,24.654833160662502,22.26000568636794,7.340261359306017,56.745650039128186,0.23805340675131725,-74.82751894555986,1.4664717120176647,0.48983458993492995,0.8117255111769306,0.13333333333333333,0.42665120298269127,2.702219833484415,0.987579138997435,0.7591208173782635,0.8467496879778883,0.895412632169341,0.04710152665471323,0.08081461165447168,0.5112612717964964,0.3305398063942605,0.1406157535436571,0.09036596994648004,0.05134304687523624,0.021569353276157943,0.011374814973413444,0.004710661519104716,0.1161345246024508,0.10336538461538461,0.09218685793791996,0.1546474358974359,1.5B,8192
24,7,lenshift_8192,lenshift,4992,8.515591910049263,19.91467065170631,20.93560549500431,1.517999989338534,24.654833160662502,22.26000568636794,7.340261359306017,56.745650039128186,0.23805340675131725,-56.53477352112532,20.19448068982456,4.043193826293451e-08,0.9999999983007188,0.13333333333333333,0.40882787363503736,2.687958835342821,0.9751501066738802,0.7965574257171405,0.8333205570693739,0.8687683592329708,0.24536044956392855,0.030527889607107284,0.549814145151141,0.30638294935291116,0.25241592465133234,0.1990562476161766,0.12912475844457583,0.08101207782075759,0.05838698937329638,0.034049450307864076,0.18596254638095142,0.10256410256410256,0.15808732795197047,0.15384615384615385,1.5B,8192
24,8,lenshift_8192,lenshift,4992,8.515591910049263,15.342356402940526,20.93560549500431,1.517999989338534,24.654833160662502,22.26000568636794,7.340261359306017,56.745650039128186,0.23805340675131725,-52.1845363592729,9.913528625736944,0.0005603640030218063,0.9999491259212425,0.13333333333333333,0.4631221625344661,5.309630341838697,0.8830997095395866,0.4023150366637863,0.4607619940221233,0.5215139389836612,0.035582561149019476,0.06766378339470824,0.2738870271228768,0.21242140903244647,0.6102942481763977,0.4587901203155099,0.31743364844375277,0.23817169377025996,0.1690718186204904,0.09344135594426912,0.48474766022104926,0.10256410256410256,0.40003063273384576,0.15384615384615385,1.5B,8192
24,9,lenshift_8192,lenshift,4992,8.515591910049263,19.11757399765004,20.93560549500431,1.517999989338534,24.654833160662502,22.26000568636794,7.340261359306017,56.745650039128186,0.23805340675131725,-71.32482347358018,0.7777023166418076,0.6253985763071661,0.6850075920757003,0.13333333333333333,0.44288254486269296,2.473610423869224,0.9767556027963212,0.7654420123073225,0.8211561557557444,0.86594888440749,0.1483785807751934,0.11677560935626996,0.6577311773453458,0.13918317317656648,0.34894040671243176,0.2526875151235611,0.16684408287175126,0.11296518267541902,0.08180325275163601,0.04185864549355988,0.251987137178277,0.10336538461538461,0.21170275813468756,0.1546474358974359,1.5B,8192
24,10,lenshift_8192,lenshift,4992,8.515591910049263,18.518615606684847,20.93560549500431,1.517999989338534,24.654833160662502,22.26000568636794,7.340261359306017,56.745650039128186,0.23805340675131725,-79.69021480189986,0.5014241041208152,0.6744542810475853,0.6218261510752233,0.13333333333333333,0.45609133548247566,2.85524693724314,0.9818254654853488,0.6979992338427137,0.7573856074556107,0.8134476362205321,0.03911267581317057,0.13322938076671065,0.5811346442862106,0.07416535807773314,0.3275797998740915,0.20688375395839434,0.06919509328594278,0.03305830953112261,0.01872281320694658,0.006279971383463474,0.36962825666534255,0.10336538461538461,0.32961389816212144,0.1546474358974359,1.5B,8192
24,11,lenshift_8192,lenshift,4992,8.515591910049263,19.722700961011864,20.93560549500431,1.517999989338534,24.654833160662502,22.26000568636794,7.340261359306017,56.745650039128186,0.23805340675131725,-74.64494965504855,1.2035533785820007,0.7572977202045766,0.7231492148396769,0.13333333333333333,0.4931614161700231,3.1838789344297163,0.9768956941919377,0.6691375365399639,0.7298921855213456,0.7825384551855943,0.04871587739322614,0.01402449028254571,0.5273410947727404,0.12262275188721272,0.36349370497948963,0.2084968509581372,0.08885253000151314,0.037395153052665615,0.020712621701580995,0.00966243735565827,0.38561595892552847,0.10336538461538461,0.32160986119238977,0.1546474358974359,1.5B,8192
25,0,lenshift_8192,lenshift,4992,8.515591910049263,15.369722644965911,22.85721488038651,1.6795981974416374,26.651588794966226,22.090850097329866,6.815678897217837,52.586272235644316,0.22902020857768995,-64.44353078585118,9.105522426951211,0.0011847015664229904,0.9998842431048999,0.13333333333333333,0.29530915137787256,3.6535513675794746,0.9446361215484811,0.6162990771809509,0.6783932737677218,0.7269103158206708,0.021003650147737307,0.06575911462694073,0.4988795000208448,0.20342135425828056,0.5727780197203278,0.3931274033497984,0.23687372643531238,0.1514892608101535,0.10677755535651307,0.06219345705458525,0.5265328249614705,0.10256410256410256,0.44613739249554973,0.15384615384615385,1.5B,8192
25,1,lenshift_8192,lenshift,4992,8.515591910049263,20.102881540360535,22.85721488038651,1.6795981974416374,26.651588794966226,22.090850097329866,6.815678897217837,52.586272235644316,0.22902020857768995,-87.32236489607021,17.203141201986,6.194935817976577e-07,0.9999999662100763,0.13333333333333333,0.20435064187657093,0.9442442038733863,0.9943741822886184,0.9408245603751869,0.957203206462712,0.9657220955338456,0.056845140460582755,0.09033417281365708,0.8635705446010244,0.09577476885779132,0.13795510687368934,0.10861935890711537,0.06595976425028244,0.0354792507791214,0.022427791096960026,0.01092420653724926,0.11550966586871962,0.10256410256410256,0.09654364334905803,0.15384615384615385,1.5B,8192
25,2,lenshift_8192,lenshift,4992,8.515591910049263,17.012341123773833,22.85721488038651,1.6795981974416374,26.651588794966226,22.090850097329866,6.815678897217837,52.586272235644316,0.22902020857768995,-82.57317010685802,5.11923437473888,0.0364102739049104,0.9940540669221641,0.13333333333333333,0.19077497296378568,1.9754459388462373,0.9732590906326305,0.8186420888745188,0.8447823561121123,0.8689848161136579,0.05080931135876199,0.12053684680094268,0.7612710499560391,0.08779348480640153,0.5417024576188791,0.4317732763132134,0.2861523127991456,0.17450700241042627,0.11756185752800453,0.06368083251770275,0.5934781100128746,0.10256410256410256,0.47366875834817457,0.15384615384615385,1.5B,8192
25,3,lenshift_8192,lenshift,4992,8.515591910049263,21.51369639502196,22.85721488038651,1.6795981974416374,26.651588794966226,22.090850097329866,6.815678897217837,52.586272235644316,0.22902020857768995,-51.40607297234237,36.27852475177497,4.437814274347619e-09,0.9999999999989997,0.13333333333333333,0.19061526912439025,0.422959666200823,0.9981916856222515,0.9814436937309051,0.9874539206857927,0.9908301817806707,0.04611101249443461,0.06815870330005946,0.024396715211441256,0.9656778208716332,0.008353622310618472,0.006313033020060179,0.003924180830230621,0.002447096421480637,0.0017159954714929947,0.000919015754481813,0.006934227029535003,0.10256410256410256,0.005294235787077774,0.15384615384615385,1.5B,8192
25,4,lenshift_8192,lenshift,4992,8.515591910049263,14.435995837525308,22.85721488038651,1.6795981974416374,26.651588794966226,22.090850097329866,6.815678897217837,52.586272235644316,0.22902020857768995,-49.26130696386099,5.102392064232845,0.05819239769338372,0.9908218937422082,0.13333333333333333,0.27321571983388065,5.869955413563727,0.9097512726029023,0.21031054126668705,0.2841776928925435,0.38435983127888207,0.004386106620695385,0.01064201602872794,0.08140455194671826,0.14274795057413572,0.472982654797878,0.44455694710869154,0.20570444860060794,0.10946132835574837,0.07652058388391524,0.04306096451996802,0.3604785259142961,0.10256410256410256,0.3143834286653128,0.15384615384615385,1.5B,8192
25,5,lenshift_8192,lenshift,4992,8.515591910049263,19.654528716853317,22.85721488038651,1.6795981974416374,26.651588794966226,22.090850097329866,6.815678897217837,52.586272235644316,0.22902020857768995,-87.81955651176395,0.8392864895868115,0.7695609767968175,0.6665450987165561,0.13333333333333333,0.40060245753923573,2.3110694083366794,0.9856865401523935,0.7939965504598228,0.8298374462395322,0.8622257196716353,0.1332755131265837,0.029368219070330603,0.6494708002335698,0.11708285797635612,0.2563808705715218,0.1452505905430993,0.06875024703311777,0.033974768965115615,0.019702646062644772,0.007623499430437354,0.3982793473187274,0.10256410256410256,0.3687169472316382,0.15384615384615385,1.5B,8192
25,6,lenshift_8192,lenshift,4992,8.515591910049263,18.19746685336485,19.307733815643015,2.0088096007690135,25.332702534883442,22.301754512148303,5.560016999399972,45.528991253900465,0.10027010540224703,-60.1141364691066,0.4018709359006607,0.7223519140380448,0.5931903750107961,0.13333333333333333,0.6996784372749731,1.4033827561373462,0.9920468716565699,0.9121082696722994,0.9383016643590653,0.9570834254500514,0.06714385460312178,0.2612739089131719,0.7680771425355256,0.15534306939155174,0.02977456542772499,0.02274118936374836,0.01668512844614694,0.011963735289481582,0.009057103684884528,0.0050838013492653985,0.01836417886477474,0.10256410256410256,0.016215878568559154,0.15384615384615385,1.5B,8192
25,7,lenshift_8192,lenshift,4992,8.515591910049263,19.027561181019806,19.307733815643015,2.0088096007690135,25.332702534883442,22.301754512148303,5.560016999399972,45.528991253900465,0.10027010540224703,-61.515430895989994,22.48546308799996,8.47417757646786e-09,0.999999999826938,0.13333333333333333,0.5008310069075176,1.4494645219954405,0.9975237286966436,0.936635962192339,0.9643354801242867,0.9788382973373485,0.22789192955531545,0.19457311778666497,0.679533141435339,0.2460438938926608,0.018170236314659725,0.013715527610020864,0.006139407577643519,0.0016132726312271513,0.0007406263338887777,0.00034487213253728277,0.015140600210124242,0.10256410256410256,0.013569542369235205,0.15384615384615385,1.5B,8192
25,8,lenshift_8192,lenshift,4992,8.515591910049263,20.61436965480497,19.307733815643015,2.0088096007690135,25.332702534883442,22.301754512148303,5.560016999399972,45.528991253900465,0.10027010540224703,-62.7651977064088,12.946971547789872,4.0511751686066384e-05,0.9999971502007453,0.13333333333333333,0.42981720489791275,1.4149536746968692,0.9943267804564573,0.9145840713773344,0.9447758164639942,0.9635781866379709,0.10024142175887052,0.27586042742061023,0.7596880874646572,0.14730094315130193,0.024295413193629177,0.019161535875035243,0.012684231375366702,0.008005519801671215,0.005676494307573418,0.002818849801828618,0.016150914110349097,0.10336538461538461,0.014537971853842072,0.1546474358974359,1.5B,8192
25,9,lenshift_8192,lenshift,4992,8.515591910049263,18.996270489757883,19.307733815643015,2.0088096007690135,25.332702534883442,22.301754512148303,5.560016999399972,45.528991253900465,0.10027010540224703,-81.34857994131744,0.7558325137069914,0.9594443570969873,0.5757770964290246,0.13333333333333333,0.42918822070980833,1.3030352533711418,0.9942776304534192,0.9280112085564199,0.9545956503742986,0.9677805818745892,0.09723304293243595,0.047389884855512765,0.777398065592137,0.1654288489932073,0.027353123843689486,0.022857975093149803,0.0162435858747917,0.009438311884278133,0.005743225940789622,0.002349180885527208,0.020728102776913563,0.10336538461538461,0.018780450108940507,0.1546474358974359,1.5B,8192
25,10,lenshift_8192,lenshift,4992,8.515591910049263,20.61931831100463,19.307733815643015,2.0088096007690135,25.332702534883442,22.301754512148303,5.560016999399972,45.528991253900465,0.10027010540224703,-62.50096462003421,8.03163496835623,0.002934586314919122,0.9996750866412538,0.13333333333333333,0.4512556048727369,1.6735708598808918,0.9979771998508422,0.9342181869407711,0.9700442371926646,0.9854832940125363,0.11617317284036721,0.12488377792594729,0.5326258031202218,0.39642592790632536,0.009554055882599975,0.006658478201866686,0.0031069905933361172,0.0012578489368555998,0.000738513117537534,0.0003561986586758416,0.005954710893556956,0.10256410256410256,0.005246450647001168,0.15384615384615385,1.5B,8192
25,11,lenshift_8192,lenshift,4992,8.515591910049263,18.59708121335571,19.307733815643015,2.0088096007690135,25.332702534883442,22.301754512148303,5.560016999399972,45.528991253900465,0.10027010540224703,-63.47150303865783,24.863766268659674,5.144764901992794e-09,0.9999999999715272,0.13333333333333333,0.6267938068607332,0.9802458250640528,0.9968947366673228,0.9467568867350371,0.9664185783434253,0.9755925826909273,0.012807089100020708,0.1236096260119024,0.8606497360858688,0.07618893797375853,0.02239264989634556,0.01862310428767155,0.010448712103862758,0.0032459367461356073,0.0012269556198121125,0.0004603209622998161,0.019264481781274698,0.10336538461538461,0.017716350955112096,0.1546474358974359,1.5B,8192
26,0,lenshift_8192,lenshift,4992,8.515591910049263,16.057215810728795,22.04795791386474,1.9538825545929825,29.044652930799856,26.884947100120637,9.986200249258118,69.29939107187,0.20459294284106214,-41.176163249707315,7.7185180016676895,0.004474108666484339,0.9995001843620767,0.13333333333333333,0.5212086640914918,5.230416053253585,0.8951646951486086,0.42341429879959575,0.47262618741716556,0.5212001170851613,0.22819035295037504,0.03787363749229122,0.27864121007532794,0.22351593189495889,0.2724149272360972,0.21540085596245273,0.15185951947499057,0.1065807825401117,0.07569895207954086,0.04366563744813776,0.20566152053865627,0.10256410256410256,0.15957595511514736,0.15384615384615385,1.5B,8192
26,1,lenshift_8192,lenshift,4992,8.515591910049263,15.83587178478711,22.04795791386474,1.9538825545929825,29.044652930799856,26.884947100120637,9.986200249258118,69.29939107187,0.20459294284106214,-59.35868685366586,2.781829953659326,0.36946639166140793,0.9078044244906467,0.13333333333333333,0.3768279617911417,4.1250292533815465,0.9498927547728879,0.5750154597264113,0.6459163766032985,0.7058895513294182,0.13618617185056814,0.028057357251232595,0.37983012847504644,0.2315862454142626,0.1647036933473684,0.13929086633137092,0.09990767168899248,0.06832219004800837,0.05118566287500603,0.023606085629882204,0.13023124990948934,0.10336538461538461,0.11123175259456737,0.1546474358974359,1.5B,8192
26,2,lenshift_8192,lenshift,4992,8.515591910049263,15.619866958526588,22.04795791386474,1.9538825545929825,29.044652930799856,26.884947100120637,9.986200249258118,69.29939107187,0.20459294284106214,-51.28606260288507,3.9631690131500363,0.17202703722933238,0.965967249783477,0.13333333333333333,0.5431575421008994,4.585624036835343,0.9537880530302733,0.45986067488796734,0.5382214286923013,0.6192728626878625,0.2904273371067789,0.18716810616411905,0.28609301535410675,0.19220309381323944,0.16289749830418568,0.19994301262122427,0.10882926107321485,0.05723704130199842,0.03246686057236343,0.013491801215349706,0.374040282892573,0.10336538461538461,0.2627431827962862,0.1546474358974359,1.5B,8192
26,3,lenshift_8192,lenshift,4992,8.515591910049263,15.011682514799103,22.04795791386474,1.9538825545929825,29.044652930799856,26.884947100120637,9.986200249258118,69.29939107187,0.20459294284106214,-51.18444859914598,0.7000353063631337,0.8530418490015916,0.6185406045902587,0.13333333333333333,0.5456457541215565,4.928492330742343,0.942795110239088,0.40620289174759855,0.4938483485653699,0.5908992164252164,0.128718345618673,0.021488444272733886,0.23934837488069344,0.18822066774834434,0.17932250817297007,0.2191925209907253,0.1309870620102071,0.07464068922475481,0.042954051144212184,0.014788336043337515,0.4520334095919588,0.10336538461538461,0.37477789826692803,0.1546474358974359,1.5B,8192
26,4,lenshift_8192,lenshift,4992,8.515591910049263,16.862372237574075,22.04795791386474,1.9538825545929825,29.044652930799856,26.884947100120637,9.986200249258118,69.29939107187,0.20459294284106214,-53.3462333821808,1.0901931772823445,0.5680519906516359,0.748047393661928,0.13333333333333333,0.5914377757424195,3.7257443000572352,0.9707882617688943,0.6695730052807457,0.7491458315394977,0.7867176140008545,0.2541602689910941,0.19457509078601065,0.3050383493680614,0.3814884008333923,0.1417379142479511,0.1083934759736971,0.059913704727207674,0.02825995775170761,0.01667081573032412,0.007040163025504437,0.12771831163770722,0.10336538461538461,0.1080695204980725,0.1546474358974359,1.5B,8192
26,5,lenshift_8192,lenshift,4992,8.515591910049263,17.38013228252242,22.04795791386474,1.9538825545929825,29.044652930799856,26.884947100120637,9.986200249258118,69.29939107187,0.20459294284106214,-54.2093654461205,8.387092781747924,0.002139832311013997,0.9997721447204321,0.13333333333333333,0.5038580872924123,4.059991734930168,0.9456627933132316,0.576038653583917,0.6099695679945482,0.6502614762103621,0.09904405086610035,0.06319229252728586,0.4294165426668236,0.1874293156337135,0.17748396200637925,0.13913686516268312,0.07919328088556567,0.055012590072715375,0.038008344868471856,0.021885539544699625,0.15933148209001963,0.10256410256410256,0.13190665901035584,0.15384615384615385,1.5B,8192
26,6,lenshift_8192,lenshift,4992,8.515591910049263,15.244425245679007,20.033174773039367,1.6474101846987024,25.783409341490707,28.63774990380799,10.618688046536285,73.96347040637013,0.21197691980950864,-53.37959401315311,1.8398620935040526,0.6940939040838525,0.7721161290766291,0.13333333333333333,0.46441076629876055,4.545823585861902,0.9431137034919138,0.49561540877037674,0.5775988955687003,0.6464796036428702,0.06685336271811648,0.26222243690979985,0.32762654140847564,0.2165047012246183,0.3466127895992523,0.22259339109134346,0.14107557093927706,0.0937510773940425,0.059554512452684394,0.022504304868505156,0.4322195320625063,0.10336538461538461,0.3500555869848243,0.1546474358974359,1.5B,8192
26,7,lenshift_8192,lenshift,4992,8.515591910049263,15.977937387379265,20.033174773039367,1.6474101846987024,25.783409341490707,28.63774990380799,10.618688046536285,73.96347040637013,0.21197691980950864,-42.52255402560695,6.884208155126544,0.009752351097281368,0.9988023358820948,0.13333333333333333,0.6569214591861081,3.856385389175462,0.956823827268092,0.6115872519793187,0.7000312790680472,0.7710825175140357,0.14778268755752244,0.037389953673335086,0.4032021858908727,0.2368018729415895,0.260876578254156,0.2005096813794191,0.14071979895270795,0.09005486828638834,0.06822043109310845,0.030617710840011303,0.1974184078692981,0.10336538461538461,0.16438602660679455,0.1546474358974359,1.5B,8192
26,8,lenshift_8192,lenshift,4992,8.515591910049263,15.753524070490982,20.033174773039367,1.6474101846987024,25.783409341490707,28.63774990380799,10.618688046536285,73.96347040637013,0.21197691980950864,-48.35770376090659,4.744383952871431,0.056071940453854774,0.9905785872380212,0.13333333333333333,0.5763299235724463,4.119510149418607,0.9493299177750065,0.5960978216368289,0.6616794066824183,0.7112007134396302,0.26241851721996245,0.043277759091918666,0.36266272451306025,0.25447703368631874,0.2903582325568451,0.24265611836354722,0.17822722782958517,0.10041647179516675,0.06448452416411914,0.02176551461167682,0.22890404024981123,0.10336538461538461,0.19166588912221194,0.1546474358974359,1.5B,8192
26,9,lenshift_8192,lenshift,4992,8.515591910049263,17.016389457004653,20.033174773039367,1.6474101846987024,25.783409341490707,28.63774990380799,10.618688046536285,73.96347040637013,0.21197691980950864,-44.97101471357746,3.383077065751422,0.14884325600246204,0.9666659641178884,0.13333333333333333,0.6351161116436634,4.215648661608186,0.9577624570971347,0.5693812096386424,0.6460665754213978,0.703481458042034,0.23242202034723625,0.0062316012131540255,0.2879048260235545,0.18988497796742526,0.1990865892262651,0.2141825980185656,0.14083306534146853,0.07146067113436477,0.035732586567286236,0.01010391013226094,0.14108686829337208,0.10336538461538461,0.10080157697091074,0.1546474358974359,1.5B,8192
26,10,lenshift_8192,lenshift,4992,8.515591910049263,17.62786231911172,20.033174773039367,1.6474101846987024,25.783409341490707,28.63774990380799,10.618688046536285,73.96347040637013,0.21197691980950864,-45.53961125807837,9.411450972605962,0.0008594864638737928,0.9999177046329001,0.13333333333333333,0.6248048078240611,3.2633142994955637,0.9348685975466537,0.6985335713957331,0.7300851056239159,0.7547636077368435,0.023013643889933988,0.004713282068973257,0.5794737047224038,0.16823338279213967,0.3745345210903214,0.31750206675744963,0.2294647917531461,0.15931291041139978,0.1147491187826213,0.0658812094563905,0.2795542655922431,0.10256410256410256,0.2422254484838086,0.15384615384615385,1.5B,8192
26,11,lenshift_8192,lenshift,4992,8.515591910049263,16.582994494301687,20.033174773039367,1.6474101846987024,25.783409341490707,28.63774990380799,10.618688046536285,73.96347040637013,0.21197691980950864,-45.53805903997272,0.8436354694422334,0.7123366024771328,0.6819336614370498,0.13333333333333333,0.5519064796222197,4.780325592857103,0.9569500998293798,0.399643773307015,0.48228322142277336,0.5873146050295036,0.19146036228989272,0.007908142260822704,0.23171859639674638,0.20839105669136745,0.2280179709051678,0.207705198499962,0.1105440886684213,0.0566983668124099,0.031512727418832646,0.011110452798830016,0.4038486263696066,0.10336538461538461,0.3027262004474788,0.1546474358974359,1.5B,8192
27,0,lenshift_8192,lenshift,4992,8.515591910049263,16.26586257585175,18.264540399021932,1.8538851264910543,25.67885111023211,27.479878833782994,9.988614846753356,61.241559628463904,0.18608062298446812,6.290691867936403,1.9217883374076337,0.41210191686634445,0.8678687441595555,0.13333333333333333,0.29941799224704774,5.365785531352868,0.9203606293535009,0.3767295166162634,0.4802809343261381,0.5640508818848262,0.15756009786754221,0.034065611777415405,0.03469523726342962,0.3965197695191203,0.22854665096203472,0.1809761645675841,0.10500545629785618,0.06459827773926377,0.04346760488856676,0.022770068143061296,0.1702311299680324,0.10336538461538461,0.14042180103060098,0.1546474358974359,1.5B,8192
27,1,lenshift_8192,lenshift,4992,8.515591910049263,14.388930079065908,18.264540399021932,1.8538851264910543,25.67885111023211,27.479878833782994,9.988614846753356,61.241559628463904,0.18608062298446812,17.769771672436036,0.5771410948364064,0.8371468839106562,0.6031735090703528,0.13333333333333333,0.37945657357001483,5.968369001197403,0.9104733615304961,0.22067930850456055,0.3070881136654293,0.3950194765398049,0.003827010235952777,0.007608538754004357,0.022435976146004427,0.25091124231356077,0.21567182952249364,0.26474764003094686,0.2033369230994296,0.10084455184949717,0.06077389262419658,0.02139901387713859,0.39826937431831405,0.10336538461538461,0.34811074590191493,0.1546474358974359,1.5B,8192
27,2,lenshift_8192,lenshift,4992,8.515591910049263,12.572082987559988,18.264540399021932,1.8538851264910543,25.67885111023211,27.479878833782994,9.988614846753356,61.241559628463904,0.18608062298446812,9.318064051214606,0.040759371127933264,0.7328164901017191,0.5062539024710865,0.13333333333333333,0.37379849681005967,5.350926798053509,0.914638168558337,0.3915447833271754,0.5077693169134442,0.580656741501257,0.04324839327521879,0.1050546550790874,0.08345688362152055,0.38455743606585435,0.2884480872487227,0.22746082455810032,0.14515146070672508,0.0984181475961674,0.07466389407926283,0.0356641018861419,0.2049474092621668,0.10336538461538461,0.18481685643497575,0.1546474358974359,1.5B,8192
27,3,lenshift_8192,lenshift,4992,8.515591910049263,14.229378923710575,18.264540399021932,1.8538851264910543,25.67885111023211,27.479878833782994,9.988614846753356,61.241559628463904,0.18608062298446812,15.619859901955351,3.7702946478384547,0.14363068047452843,0.9716328717298387,0.13333333333333333,0.345358337527328,5.510189370870595,0.9146650260512548,0.345455334945245,0.45364824948562577,0.5524923335106463,0.2215051594510129,0.041943800799836506,0.03822622517998209,0.3436653866125825,0.24935977056114714,0.20334630035630713,0.1407352265056142,0.0857731667561769,0.05873218624490621,0.0287147153566933,0.18209329276857145,0.10336538461538461,0.1549804643904235,0.1546474358974359,1.5B,8192
27,4,lenshift_8192,lenshift,4992,8.515591910049263,14.34623761151932,18.264540399021932,1.8538851264910543,25.67885111023211,27.479878833782994,9.988614846753356,61.241559628463904,0.18608062298446812,19.568329176865518,5.133673359872773,0.05583363814619577,0.9912342311898781,0.13333333333333333,0.3843430572013226,5.49455662192643,0.9374854269790168,0.2889903106303165,0.40156957901870105,0.5078312480455957,0.1022093107994051,0.0612364311436453,0.018437815700842793,0.32249226320804947,0.2852730243041253,0.3075793552493662,0.17042543654078718,0.07794695786394937,0.04083625985193305,0.01485132695175623,0.44654791016900425,0.10336538461538461,0.38003044505027334,0.1546474358974359,1.5B,8192
27,5,lenshift_8192,lenshift,4992,8.515591910049263,16.449646983373512,18.264540399021932,1.8538851264910543,25.67885111023211,27.479878833782994,9.988614846753356,61.241559628463904,0.18608062298446812,16.708006853237748,0.49037236580625176,0.6641589295542465,0.6201837545050831,0.13333333333333333,0.40456564828929203,3.888322380486404,0.9639783371978604,0.649569078738336,0.7190106731550839,0.7608627008133954,0.1063483631308415,0.10093446873071521,0.017535177947003724,0.6904099901910172,0.21976666927886065,0.1732905506163606,0.09986588497540708,0.0471377796258154,0.023974050109811035,0.00735754694216524,0.1670172664179798,0.10336538461538461,0.1455240314791706,0.1546474358974359,1.5B,8192
27,6,lenshift_8192,lenshift,4992,8.515591910049263,12.30258705619013,19.700775537883345,1.6322957571422616,25.343115061321697,30.007437099072384,11.741295907211468,65.05363962670191,0.16861736822264026,45.3510482693091,1.443635577801615,0.5295474244371314,0.8026934410322372,0.13333333333333333,0.50308716691834,5.568281907444056,0.9202038594326575,0.32572626228086266,0.4407662209927716,0.5205338312776852,0.040858224422741785,0.07783549327761552,0.029669899936034222,0.37540969612056196,0.49469551972136566,0.39552839233261017,0.27929885666502546,0.1577625096320526,0.1093159877621667,0.05102460494333105,0.374682705969199,0.10336538461538461,0.3224300530354942,0.1546474358974359,1.5B,8192
27,7,lenshift_8192,lenshift,4992,8.515591910049263,12.713394344944742,19.700775537883345,1.6322957571422616,25.343115061321697,30.007437099072384,11.741295907211468,65.05363962670191,0.16861736822264026,24.64377160742879,2.597869275137782,0.45754998858717666,0.8771720024178775,0.13333333333333333,0.37694410381776394,5.35815440138237,0.9450735191523384,0.2595040655919784,0.35676875774500283,0.5006548068438772,0.2720157602893103,0.07496702091481211,0.012373590501571071,0.21575579299718173,0.3373824753246645,0.26734185529003407,0.1535385135976936,0.07671798907990013,0.03997733515882253,0.014732078288608093,0.2859494220389482,0.10336538461538461,0.18229626959254633,0.1546474358974359,1.5B,8192
27,8,lenshift_8192,lenshift,4992,8.515591910049263,12.697145854324626,19.700775537883345,1.6322957571422616,25.343115061321697,30.007437099072384,11.741295907211468,65.05363962670191,0.16861736822264026,45.37623756751418,3.2248943366575986,0.2169496798910559,0.9520877771701756,0.13333333333333333,0.45963961217270777,5.777581219860087,0.9239695255396149,0.24367751106316138,0.3439806138706619,0.4529931048437814,0.03846149646696517,0.05856856197468652,0.018215824921828223,0.30582175810134693,0.3873167870355405,0.2732861191306135,0.2174337310315019,0.10783389082537763,0.05686591739042852,0.024370499331301365,0.5361414027208516,0.10336538461538461,0.38644426226553696,0.1546474358974359,1.5B,8192
27,9,lenshift_8192,lenshift,4992,8.515591910049263,13.689602313737025,19.700775537883345,1.6322957571422616,25.343115061321697,30.007437099072384,11.741295907211468,65.05363962670191,0.16861736822264026,57.774675127118826,24.40819301456213,5.245902213825613e-09,0.9999999999673603,0.13333333333333333,0.4686607867414872,4.712130988011655,0.9321505777564459,0.47445299683063624,0.5588296217767416,0.6413560385101477,0.009444223667472329,0.02583043367974991,0.013021423794294336,0.6066441924206707,0.38964004935380525,0.32023485229117055,0.24568164605496384,0.16464656640856737,0.11642088440873669,0.06560128095456894,0.2543100912487823,0.10256410256410256,0.20913506282213057,0.15384615384615385,1.5B,8192
27,10,lenshift_8192,lenshift,4992,8.515591910049263,14.649965107928312,19.700775537883345,1.6322957571422616,25.343115061321697,30.007437099072384,11.741295907211468,65.05363962670191,0.16861736822264026,53.38379017263651,17.067100482170645,7.383108553459915e-07,0.9999999596652073,0.13333333333333333,0.4379734603433981,4.591180681733805,0.9309590857559891,0.4885609149824788,0.5646561325202663,0.6428009738549746,0.1045672794596193,0.03777426049185806,0.03919376408833541,0.5809691801904873,0.42949625151917115,0.36067349044947306,0.24793422989636202,0.1745889076905697,0.12847130490097997,0.07435543319130981,0.2771826571550749,0.10256410256410256,0.21605731367696424,0.15384615384615385,1.5B,8192
27,11,lenshift_8192,lenshift,4992,8.515591910049263,11.456763971607648,19.700775537883345,1.6322957571422616,25.343115061321697,30.007437099072384,11.741295907211468,65.05363962670191,0.16861736822264026,41.572034681914374,2.987225365592167,0.21420525275290572,0.9488370952459475,0.13333333333333333,0.5577964511576776,5.633030224066844,0.9279223908567382,0.2948325255016241,0.3933624771948393,0.4828312427796368,0.008981999179853872,0.12104034885832249,0.019039684291832587,0.3258618183064751,0.5329136568875341,0.3748637608704804,0.1807415045571306,0.0900871724839237,0.05791065574245038,0.025027712806545,0.4842166379017893,0.10336538461538461,0.40933727794131736,0.1546474358974359,1.5B,8192
0,0,agent_8192,agent,8192,9.010913347279288,16.3087930888711,821.4216660248815,1.4359516418372325,825.5886920574902,4.318606296093508,1.0798584986604365,6.690606725864675,0.039278026597328014,3760.016038570553,17.872680129483342,3.8508239392100005e-07,0.9999999802845363,0.08,0.2825624575051762,6.723853760757489,0.8695530890163713,0.17151434129166446,0.2436799201873788,0.32475907021677886,0.0018651297555152269,0.027006973492689212,1.8674572028793495e-05,0.3132693198268679,0.14915461707232702,0.13112737224104706,0.08983655410712282,0.053252918613358693,0.041581981510733175,0.02485071535251117,0.051103366112228876,0.1015625,0.04157316339279793,0.15234375,1.5B,8192
0,1,agent_8192,agent,8192,9.010913347279288,42.13462742497373,821.4216660248815,1.4359516418372325,825.5886920574902,4.318606296093508,1.0798584986604365,6.690606725864675,0.039278026597328014,12022.215939097106,9.096623361110687,0.0011311478495070312,0.9998879690504315,0.08,0.3564272227310715,7.000064970599614e-05,0.9998779279783161,0.9999999099733995,0.999999968838305,0.9999999935142291,0.24313593889951335,0.044068744803098525,3.1236379206338097e-26,0.9999949477553484,4.2061295688797537e-10,4.027797773718137e-11,1.8666414098480204e-12,4.797819720953115e-14,3.431801210751284e-15,2.6705349371194025e-15,4.498711620852497e-09,0.1015625,1.5899387652351285e-09,0.15234375,1.5B,8192
0,2,agent_8192,agent,8192,9.010913347279288,13.038416408784801,821.4216660248815,1.4359516418372325,825.5886920574902,4.318606296093508,1.0798584986604365,6.690606725864675,0.039278026597328014,763.76556757465,27.239793356508017,7.341022386258475e-09,0.9999999999975202,0.08,0.07608454095097618,2.7657893721206492,0.9939063538461619,0.8083567915063613,0.8615121720347252,0.8981927009088093,0.08254359128422095,0.2021444619468582,1.0005733218862627e-06,0.9003499290603107,0.03307138274585158,0.02038222474030992,0.007364536727430739,0.002323517005707293,0.000941264624150864,0.00023633987805951007,0.00556632635583666,0.1015625,0.002317274546804819,0.15234375,1.5B,8192
0,3,agent_8192,agent,8192,9.010913347279288,89.50239389830261,821.4216660248815,1.4359516418372325,825.5886920574902,4.318606296093508,1.0798584986604365,6.690606725864675,0.039278026597328014,30741.719824895263,59.858584865927696,7.300910292874082e-09,0.9999999999989999,0.08,0.4258374711612906,2.503505995462904e-07,0.9998779296873083,0.9999999999972641,0.999999999998933,0.9999999999989982,0.09985465066665711,0.18225511125319827,1.0705306662753031e-44,0.9999999992919367,4.437091963719273e-16,4.4370906383978774e-16,4.4370906383978774e-16,4.4370906383978774e-16,4.4370906383978774e-16,4.4370906383978774e-16,9.337217779545407e-14,0.1015625,9.248591605843999e-14,0.15234375,1.5B,8192
0,4,agent_8192,agent,8192,9.010913347279288,16.381803002132504,821.4216660248815,1.4359516418372325,825.5886920574902,4.318606296093508,1.0798584986604365,6.690606725864675,0.039278026597328014,1551.787722023204,18.48276698385598,1.9039649412882024e-07,0.9999999906007518,0.08,0.11707663632442707,6.35552705016181,0.8907097054937145,0.19380222798168778,0.2913609977302868,0.4083621354450152,0.00019762657265687267,0.006779194142438882,0.00040874620904559635,0.4259014401707138,0.08047942081190641,0.06094588581531186,0.04126712619991962,0.03106938000284204,0.023738208384795213,0.014658683209532,0.05178724443836345,0.1015625,0.03721827015302993,0.15234375,1.5B,8192
0,5,agent_8192,agent,8192,9.010913347279288,17.24361926824602,821.4216660248815,1.4359516418372325,825.5886920574902,4.318606296093508,1.0798584986604365,6.690606725864675,0.039278026597328014,1716.8795245941728,24.912020252260845,7.690169032196428e-09,0.9999999999838329,0.08,0.12559239776807232,2.6328031079997967,0.9962859364500332,0.7996937737457223,0.864028889490401,0.9098113935465953,0.2854087538038925,0.02939225331070361,2.144097481406487e-06,0.9001924007290364,0.014767244760116325,0.00660570111168535,0.0016629279911099361,0.00039791469095197687,0.00013290001403771403,2.3955534716435308e-05,0.002675492694213492,0.1015625,0.0016247460281855373,0.15234375,1.5B,8192
0,6,agent_8192,agent,8192,9.010913347279288,46.619869031668976,735.9771282568179,0.6213722592311007,738.4858315394571,3.785225003042703,0.36505091313999394,5.5174707695973595,0.13809857797378502,20445.12575436756,21.408376049250364,1.8588285341630724e-08,0.9999999994949653,0.08,0.6037144625519989,0.0005363696196167875,0.9998779022730727,0.9999973819380553,0.9999986716278837,0.9999995429716803,0.06041329265553941,0.007465977038918936,6.633858734713046e-20,0.9999932292089131,6.856799508829288e-08,1.4305369624282605e-08,5.957870479705069e-10,3.5238453991152875e-11,4.335263882703697e-12,1.3867189583883238e-13,3.125453055783695e-07,0.1015625,2.793799590431801e-07,0.15234375,1.5B,8192
0,7,agent_8192,agent,8192,9.010913347279288,20.490323818565354,735.9771282568179,0.6213722592311007,738.4858315394571,3.785225003042703,0.36505091313999394,5.5174707695973595,0.13809857797378502,8981.362518172711,17.798013892024755,3.578109390866274e-07,0.9999999813545454,0.08,0.6026179459435769,0.25154884394019184,0.9989678333314516,0.9843486794071078,0.986514531127385,0.989174049364588,0.06052228440569252,0.020767480282074757,5.799679826996718e-06,0.9836603003232288,0.00683213448990289,0.004596045101820174,0.002219088102306228,0.0010483297706699525,0.0005820638501608468,0.00022309894796504346,0.006739772949394388,0.1015625,0.004453829395656043,0.15234375,1.5B,8192
0,8,agent_8192,agent,8192,9.010913347279288,17.12307979484414,735.9771282568179,0.6213722592311007,738.4858315394571,3.785225003042703,0.36505091313999394,5.5174707695973595,0.13809857797378502,1816.488356411457,25.209924645721912,7.604542931471755e-09,0.9999999999873037,0.08,0.15388237315322628,2.0260283966925705,0.9950369881732453,0.872023001995689,0.8993884940382821,0.9217370723391888,0.08462501339792539,0.06385660588514952,2.929104570905054e-05,0.8732881857977931,0.04824467743408579,0.03029396496771191,0.011402754926526768,0.0035638362419114855,0.0013674773912998241,0.00023196786143688748,0.04616873953522336,0.1015625,0.032828460201842116,0.15234375,1.5B,8192
0,9,agent_8192,agent,8192,9.010913347279288,11.495842599409922,735.9771282568179,0.6213722592311007,738.4858315394571,3.785225003042703,0.36505091313999394,5.5174707695973595,0.13809857797378502,434.01694212364964,11.539328620536253,0.00012224533828635744,0.9999902550050137,0.08,0.056918356800962945,5.301550766557355,0.9472217711254722,0.35221732631739644,0.43997087283309544,0.5372417462944068,0.020615372305833546,0.00033379250349696576,1.9598711380670792e-05,0.35643398545412397,0.24785764868716995,0.17578098387381683,0.11261312686018748,0.06699458504851429,0.04593865295768227,0.02458931262396544,0.05174404808366757,0.1015625,0.04768724734989792,0.15234375,1.5B,8192
0,10,agent_8192,agent,8192,9.010913347279288,43.21461828952799,735.9771282568179,0.6213722592311007,738.4858315394571,3.785225003042703,0.36505091313999394,5.5174707695973595,0.13809857797378502,19967.42406410817,32.98987933341414,7.3010403529978506e-09,0.9999999999989952,0.08,0.6341943380030118,0.0031526760080330474,0.9998772650844523,0.99990295092925,0.9999561028275145,0.9999841021630745,0.014276570583433568,0.014346955820656149,2.0434226821127274e-18,0.999787156434603,3.1495605555244367e-06,7.351469605801082e-07,4.3623337455662345e-08,2.8536700186127484e-09,3.897998243480929e-10,1.5633342302364556e-11,3.2112986421428155e-05,0.1015625,6.6339710703465e-06,0.15234375,1.5B,8192
0,11,agent_8192,agent,8192,9.010913347279288,11.803577057183418,735.9771282568179,0.6213722592311007,738.4858315394571,3.785225003042703,0.36505091313999394,5.5174707695973595,0.13809857797378502,224.12840622104704,40.589698794763535,7.300910355610123e-09,0.9999999999989999,0.08,0.03028315178306163,3.1370723217571532,0.9880927035778019,0.7591854365013244,0.8527330703182238,0.90348895064997,0.2014831568202986,0.005119688324093374,2.94327654834707e-06,0.9127825262987178,0.046471451917579086,0.033930550432319816,0.01997388425014201,0.011220660934778501,0.007039173623226992,0.0031367679708725056,0.02252650046721153,0.1015625,0.015606995838775053,0.15234375,1.5B,8192
1,0,agent_8192,agent,8192,9.010913347279288,12.312086204895024,153.48574266953005,0.3868707296769113,154.6468117624983,4.488532436546748,0.5103614361844074,6.254588314883928,0.04084573164917086,437.1149670947343,52.82449701637961,7.300910292874395e-09,0.9999999999989999,0.08,0.2614159279079429,2.2339041632278613,0.9988181549157852,0.9296719275373604,0.9840268045363819,0.9906083036529951,0.38539491317477115,0.1310836530988908,1.5670695717109255e-10,0.9898164930391161,0.001889449107050846,0.0010148026174815886,0.0003228041934715361,9.667295046225197e-05,2.9221924805887903e-05,5.115684162442781e-06,0.0002079804874785351,0.1015625,8.430105340501277e-05,0.15234375,1.5B,8192
1,1,agent_8192,agent,8192,9.010913347279288,14.309449294279636,153.48574266953005,0.3868707296769113,154.6468117624983,4.488532436546748,0.5103614361844074,6.254588314883928,0.04084573164917086,289.73314827494323,37.16387334000319,7.300912574490903e-09,0.9999999999989999,0.08,0.17436963047160678,1.5382814236211937,0.9993790700464393,0.9811195866626249,0.9872275314895931,0.9929915870496586,0.2012421189936653,0.03392905598824214,3.049998385512955e-11,0.9863752142838084,0.0015680260505206492,0.0006992804941708745,0.00018555498319647022,4.252421482698565e-05,1.573437418128197e-05,2.992732965309286e-06,0.0003970996043506774,0.1015625,0.00021184362178589388,0.15234375,1.5B,8192
1,2,agent_8192,agent,8192,9.010913347279288,16.055909559977348,153.48574266953005,0.3868707296769113,154.6468117624983,4.488532436546748,0.5103614361844074,6.254588314883928,0.04084573164917086,1610.9561638608575,10.523154985159636,0.00031004657226333776,0.9999730944140215,0.08,0.6630139064665203,4.513209616018222,0.989302244830544,0.3305873562329251,0.49288516301614094,0.6660573748817344,0.04236259822840793,0.004497321617208172,2.364633042066632e-11,0.8168573549177134,0.02837442142187967,0.01003256235537849,0.0023573580510782466,0.001148506528870128,0.0005318797570068277,6.102858145328581e-05,0.0010589579586802744,0.1015625,0.0005170727046271265,0.15234375,1.5B,8192
1,3,agent_8192,agent,8192,9.010913347279288,8.97486958505268,153.48574266953005,0.3868707296769113,154.6468117624983,4.488532436546748,0.5103614361844074,6.254588314883928,0.04084573164917086,489.6176895853132,35.95901121990755,7.3009169504741725e-09,0.9999999999989997,0.08,0.36595299860789754,3.648964977975725,0.9943591615787619,0.47280589751409297,0.7509183627961343,0.9210555748724432,0.031121654408934774,0.011603037931763538,1.1226203070128042e-09,0.9575930183610087,0.006031214017362771,0.0034771438069684272,0.001498576380800133,0.0005828380683289461,0.00029709054837534374,6.571088067716838e-05,0.0007947635942684224,0.1015625,0.0003653215443909431,0.15234375,1.5B,8192
1,4,agent_8192,agent,8192,9.010913347279288,19.378711935240602,153.48574266953005,0.3868707296769113,154.6468117624983,4.488532436546748,0.5103614361844074,6.254588314883928,0.04084573164917086,731.1201801747084,38.52270082291216,7.300910788542546e-09,0.9999999999989999,0.08,0.29176017478601557,0.6890013957580249,0.9997927127715414,0.9980056260897192,0.9991270597350287,0.9996140513467048,0.5687620479527737,0.12470428503485209,2.513327889460388e-12,0.9982515310937394,9.068322380771832e-05,3.0246064264335964e-05,4.881047098153979e-06,6.177519197341059e-07,1.5569261533975034e-07,1.6601459380324545e-08,4.053919870933164e-05,0.1015625,9.099985841523049e-06,0.15234375,1.5B,8192
1,5,agent_8192,agent,8192,9.010913347279288,19.516227036376318,153.48574266953005,0.3868707296769113,154.6468117624983,4.488532436546748,0.5103614361844074,6.254588314883928,0.04084573164917086,1851.6954783722758,5.018116997554898,0.040445068397910885,0.9933550817307577,0.08,0.6265820715358398,8.31773694959814,0.5954712595161361,0.026102262964901285,0.04142614179509904,0.06739458239685582,0.038736746997869886,0.006559482621156576,0.0006284239628857641,0.07726668027944453,0.2474596584212189,0.22881452484468492,0.23101337297381475,0.2022847611135214,0.17685347165357979,0.13086680030957518,0.14374164969998826,0.1015625,0.11770980653927103,0.15234375,1.5B,8192
1,6,agent_8192,agent,8192,9.010913347279288,12.19631935599691,30.69442391308379,1.4487198853988268,34.29691765506673,3.482851467890497,0.540709504632768,5.734912135150377,0.13135500756469398,63.959890296682715,13.582774938084185,1.8768890533359637e-05,0.999998718930682,0.08,0.2673398785907689,5.963150368278859,0.8948040514088216,0.2663077309079952,0.34978962593228696,0.4525650724341229,0.04861632653704362,0.08180914030207109,9.038087687046381e-05,0.5019049670640796,0.3298087524577987,0.21981996072624146,0.14905695822110293,0.10513843709319297,0.08238744601168992,0.052965062770115985,0.11345388877261878,0.1015625,0.09036812990117989,0.15234375,1.5B,8192
1,7,agent_8192,agent,8192,9.010913347279288,12.817953862139575,30.69442391308379,1.4487198853988268,34.29691765506673,3.482851467890497,0.540709504632768,5.734912135150377,0.13135500756469398,89.69913973286748,15.217915260232985,4.851648811666702e-06,0.9999997061322539,0.08,0.3106708547549736,6.172554333192421,0.912443040372176,0.2197201662103993,0.3141054295229523,0.41024292926655126,0.0026153805374953265,0.0789888417871154,9.349269714987168e-05,0.4146480905582201,0.22295963250204512,0.14959242768615288,0.0867389642901468,0.05662673348893037,0.04150619472455667,0.02632731138988001,0.06596686086970535,0.1015625,0.045072636650985494,0.15234375,1.5B,8192
1,8,agent_8192,agent,8192,9.010913347279288,15.963753157350926,30.69442391308379,1.4487198853988268,34.29691765506673,3.482851467890497,0.540709504632768,5.734912135150377,0.13135500756469398,24.96877581626177,9.565177664160728,0.0007908847982170761,0.999926175586162,0.08,0.09930806119586587,6.861386829192502,0.8558727829848168,0.1295094969512444,0.2024288188177391,0.2965942453217775,0.06266313357587583,0.014443998939198899,0.0019337173043795198,0.31758563751504826,0.2589166534433319,0.17806780804349473,0.11998704633533774,0.08654267033057692,0.07403636624711707,0.05412588868929327,0.13165229168787201,0.1015625,0.09620599896090375,0.15234375,1.5B,8192
1,9,agent_8192,agent,8192,9.010913347279288,11.868583931829521,30.69442391308379,1.4487198853988268,34.29691765506673,3.482851467890497,0.540709504632768,5.734912135150377,0.13135500756469398,93.62454449571669,24.697203224524856,7.806860979709209e-09,0.9999999999792242,0.08,0.3898183364110985,4.151855292683388,0.9557815427442489,0.6172558646493906,0.6735580673318422,0.7250174564527581,0.15653725180609968,0.029712917070877864,4.566591282800428e-05,0.7319348679497122,0.18915216223828288,0.13812781979240066,0.0840503646487797,0.052560082776199,0.03718504214884905,0.021449049013992038,0.06754277218158916,0.1015625,0.049008115006133744,0.15234375,1.5B,8192
1,10,agent_8192,agent,8192,9.010913347279288,14.214214140694699,30.69442391308379,1.4487198853988268,34.29691765506673,3.482851467890497,0.540709504632768,5.734912135150377,0.13135500756469398,108.09442558302544,18.498086192528717,1.8774847562686375e-07,0.9999999907438518,0.08,0.3958512834202612,2.243174413129875,0.9904250599102921,0.8683570779987942,0.8892658930922184,0.9109234020997166,0.15446689324012297,0.026949685388805378,5.3199787735070024e-06,0.9182081799896337,0.062153332399938366,0.04307891138730611,0.02315512749255084,0.012634360569685123,0.007794459808094618,0.003447256222407362,0.021543030977078305,0.1015625,0.014074342130068689,0.15234375,1.5B,8192
1,11,agent_8192,agent,8192,9.010913347279288,13.149001609773137,30.69442391308379,1.4487198853988268,34.29691765506673,3.482851467890497,0.540709504632768,5.734912135150377,0.13135500756469398,95.3334376141429,25.42750732600689,7.53743949051389e-09,0.9999999999899272,0.08,0.35169888621564965,3.1938315631966567,0.9864633336305678,0.7177554434857439,0.7812670868994828,0.8437213980914123,0.29158251900419074,0.056273039138897474,8.236644084682612e-06,0.8573993428024324,0.08338624477602741,0.05118568514316585,0.024765688779627957,0.01356863519201134,0.008924622648321941,0.004501148322160033,0.02274039435674374,0.1015625,0.016406008061911524,0.15234375,1.5B,8192
2,0,agent_8192,agent,8192,9.010913347279288,22.01532590093011,24.63326988443948,2.1523687308332025,30.79994748377348,6.79847412361579,0.7823535795890213,9.446688805787957,0.08814939903790599,-56.81286562420428,25.165199893526733,7.6585699195123e-09,0.9999999999852758,0.08,0.32350824264708017,1.9048203459565176,0.9944558888227453,0.8602336110770031,0.8940792808452573,0.9270231917727413,0.13367743337651738,0.20970205569772649,0.6787897888056535,0.25765906718212106,0.07873242071383035,0.04915486471663621,0.02592048431158393,0.013646881868762069,0.008351630818112292,0.00364480203358898,0.025353992258020732,0.1015625,0.01891591791135889,0.15234375,1.5B,8192
2,1,agent_8192,agent,8192,9.010913347279288,22.127271413807765,24.63326988443948,2.1523687308332025,30.79994748377348,6.79847412361579,0.7823535795890213,9.446688805787957,0.08814939903790599,-26.03141815122217,22.721096197143197,1.0512270785222228e-08,0.9999999998633706,0.08,0.34010611463370005,3.5778898299875888,0.9924894847359316,0.5941933381457,0.7428871915113756,0.8618119317825446,0.13401218735499376,0.07910533567640021,0.19004480548852182,0.7289608460654987,0.03237577086044269,0.01555454341839451,0.006937524233806153,0.002963839167427794,0.001495330461239406,0.0005465932790785497,0.005993299929325116,0.1015625,0.0036207050529084494,0.15234375,1.5B,8192
2,2,agent_8192,agent,8192,9.010913347279288,15.832101791270803,24.63326988443948,2.1523687308332025,30.79994748377348,6.79847412361579,0.7823535795890213,9.446688805787957,0.08814939903790599,-48.9480344504118,1.3627311326563358,0.5108029753697717,0.7956807151758515,0.08,0.34297423739059535,6.250669671010094,0.863780839138059,0.2697743532277833,0.31827918603042155,0.38074697295030946,0.06139980286518609,0.05266231862696813,0.19580078912412893,0.1822911806945606,0.326754757594306,0.25418768622044347,0.1624058124517194,0.11380380616268097,0.08930474749371424,0.05731051372711702,0.1744718162355497,0.1015625,0.14148127824230236,0.15234375,1.5B,8192
2,3,agent_8192,agent,8192,9.010913347279288,25.10101657361927,24.63326988443948,2.1523687308332025,30.79994748377348,6.79847412361579,0.7823535795890213,9.446688805787957,0.08814939903790599,-100.48295803042129,0.36510418681427836,0.8586140903685503,0.5570645450921725,0.08,0.12448488892286605,4.506773192524903,0.9899465986918344,0.28125898155258616,0.3936516165200575,0.5673980701101534,0.1733416059708095,0.018656044343900113,0.0364682883818573,0.0028956630002208057,0.010019702044701347,0.009623449784967196,0.00520842718026026,0.002856490907794854,0.0017214597648901849,0.0007400581504120462,0.07399959038603048,0.1015625,0.04968063949538313,0.15234375,1.5B,8192
2,4,agent_8192,agent,8192,9.010913347279288,17.587374579861713,24.63326988443948,2.1523687308332025,30.79994748377348,6.79847412361579,0.7823535795890213,9.446688805787957,0.08814939903790599,-57.468417532974854,9.44666434568353,0.0008252439193826721,0.999921026259437,0.08,0.300587889686466,4.065180006988716,0.9408097224873462,0.5825887939947573,0.6209010260162806,0.6692213030143686,0.15325000835649227,0.06520146967429241,0.4679621281368824,0.19829162557766364,0.3440456450075822,0.2538971170989069,0.1571588491084369,0.10524128377761975,0.07765500364010045,0.04744707209815378,0.16243399092951363,0.1015625,0.12485173957224581,0.15234375,1.5B,8192
2,5,agent_8192,agent,8192,9.010913347279288,24.093177169207074,24.63326988443948,2.1523687308332025,30.79994748377348,6.79847412361579,0.7823535795890213,9.446688805787957,0.08814939903790599,-51.82953468710184,1.3982338570058346,0.49829908761409647,0.8018611557020278,0.08,0.27549603739519035,5.518090126604319,0.9510380327301868,0.3202934439394404,0.40800927222146094,0.5054349910495788,0.057661640820072635,0.07626777802697982,0.03204590136007403,0.2506065981406581,0.2508126962322564,0.19717767176286832,0.1052627209372363,0.049359833512474104,0.02635462699252777,0.009470371362234078,0.12216100373888784,0.1015625,0.10152956192033458,0.15234375,1.5B,8192
2,6,agent_8192,agent,8192,9.010913347279288,12.754182373843303,35.03138476787095,1.3302401984905163,38.26472225347107,5.17060818844341,0.7853200991414196,8.804362965556232,0.16284649230015422,59.232433415949345,13.849044008180499,1.5586149323058322e-05,0.9999989653488721,0.08,0.3049733019694685,5.177308427850306,0.8676205202266994,0.48248570714809763,0.5090508562755652,0.5439779753596553,0.031476878584891566,0.07440505591019164,0.3467499861627123,0.2069700014730858,0.45446421646090457,0.37251397763227956,0.2708521230264589,0.19552053820122345,0.14560230395301932,0.0959386845331198,0.22934381074727478,0.1015625,0.1781608809839387,0.15234375,1.5B,8192
2,7,agent_8192,agent,8192,9.010913347279288,15.780262563519804,35.03138476787095,1.3302401984905163,38.26472225347107,5.17060818844341,0.7853200991414196,8.804362965556232,0.16284649230015422,61.070044526830316,27.507480053580366,7.338005756805095e-09,0.9999999999976392,0.08,0.2676740116896743,2.510207818274183,0.9785768744840296,0.8553365124408511,0.8668687965959515,0.879179751688432,0.19444560249649534,0.0699803058977686,0.3258029003038995,0.5501569851385996,0.10519786028907978,0.08354996682512443,0.05265882945466617,0.032034680317542405,0.021398633047547005,0.010678399985682235,0.06078155289057895,0.1015625,0.048458798223762534,0.15234375,1.5B,8192
2,8,agent_8192,agent,8192,9.010913347279288,15.468155655135567,35.03138476787095,1.3302401984905163,38.26472225347107,5.17060818844341,0.7853200991414196,8.804362965556232,0.16284649230015422,46.84840355673805,22.005125603755005,1.537510712342423e-08,0.9999999996520303,0.08,0.2386966363158159,3.4527863572128448,0.9636229369746114,0.7191569155746396,0.7453933955328509,0.7697118084410327,0.08310094120892941,0.15345829808183264,0.3037390306571859,0.4352663597813624,0.21176190343670445,0.15223169449309332,0.09190389579536054,0.05236545909689741,0.03442455302835059,0.016877967480209873,0.13046173125441668,0.1015625,0.08918626556788924,0.15234375,1.5B,8192
2,9,agent_8192,agent,8192,9.010913347279288,13.296881744078238,35.03138476787095,1.3302401984905163,38.26472225347107,5.17060818844341,0.7853200991414196,8.804362965556232,0.16284649230015422,59.37701729871333,4.010954873636365,0.08942879332732732,0.9821980909648634,0.08,0.2570861260591113,6.371478872799631,0.884816879475875,0.23182338493035537,0.2997535959088037,0.3693717905682081,0.028021964435195557,0.005420442966713068,0.1031335737911523,0.26736212981773255,0.24657710387596077,0.1977577021103001,0.17411391768520354,0.1281455433017779,0.09906099683333366,0.06236336860577134,0.08925611568901017,0.1015625,0.06281057987282017,0.15234375,1.5B,8192
2,10,agent_8192,agent,8192,9.010913347279288,15.035433582202065,35.03138476787095,1.3302401984905163,38.26472225347107,5.17060818844341,0.7853200991414196,8.804362965556232,0.16284649230015422,79.72090259962715,12.272988907061517,6.207730919587024e-05,0.9999953236170785,0.08,0.30864221792442975,4.109111705713035,0.9325643315556083,0.630983676815658,0.6585892483501931,0.6891661417364388,0.2242097069148885,0.05267004203695702,0.3817114507817819,0.3187305664403415,0.3231131280764457,0.23810234257752505,0.16182626406854514,0.10197343182069259,0.07192256658019044,0.03863300558010947,0.17530888086871713,0.1015625,0.12907943992809082,0.15234375,1.5B,8192
2,11,agent_8192,agent,8192,9.010913347279288,14.320507796522401,35.03138476787095,1.3302401984905163,38.26472225347107,5.17060818844341,0.7853200991414196,8.804362965556232,0.16284649230015422,71.6407194500789,20.310831707902253,3.954507160290166e-08,0.9999999984861863,0.08,0.3043487737808341,3.82056813244583,0.9353863635320816,0.6470304294020649,0.6906737535345012,0.7213992390222208,0.20758212980372281,0.06428833712787974,0.4891747262634154,0.24199690963656847,0.32559664732522386,0.2569973312350052,0.17721532451434216,0.11994053940836015,0.09070988393246923,0.052883993812273024,0.1875064232436368,0.1015625,0.14845102092119236,0.15234375,1.5B,8192
3,0,agent_8192,agent,8192,9.010913347279288,22.452344568678566,24.913042034398718,1.3226838467000672,28.722877616760783,6.635021940580262,0.719444156263492,9.047274495274426,0.12789770149017995,-50.97097604162991,38.14932528929785,7.300911319198817e-09,0.9999999999989999,0.08,0.5085311021024206,1.8333188542552974,0.9972400204249882,0.9394912048436184,0.9612210748164407,0.9715978986180105,0.3129290864481238,0.08054351785649327,0.12755943868697786,0.8362862580230622,0.017100941133569074,0.011421190409053844,0.005657740813351052,0.0025402582144860237,0.0014039182472106826,0.0005414165482111218,0.00943215153066574,0.1015625,0.006770357352460183,0.15234375,1.5B,8192
3,1,agent_8192,agent,8192,9.010913347279288,20.246399668303848,24.913042034398718,1.3226838467000672,28.722877616760783,6.635021940580262,0.719444156263492,9.047274495274426,0.12789770149017995,-53.361658164300025,25.55075113568455,7.519301280430112e-09,0.9999999999906677,0.08,0.5685863757164186,2.4763706598026527,0.9869375634980053,0.7963917993936324,0.8491771030969469,0.8884073243393689,0.22422460582583703,0.002929163824658687,0.6021147107088695,0.2764670946779618,0.27326856857161697,0.1851114152432659,0.0980653769532365,0.05275024697469304,0.03267247921344686,0.014495219921399006,0.15707941136056627,0.1015625,0.11233769851695269,0.15234375,1.5B,8192
3,2,agent_8192,agent,8192,9.010913347279288,24.063575443028128,24.913042034398718,1.3226838467000672,28.722877616760783,6.635021940580262,0.719444156263492,9.047274495274426,0.12789770149017995,-93.65473098005168,8.627246905583888,0.001724505055727629,0.9998208748851773,0.08,0.5641221716628231,1.5814097492246044,0.9976621022899663,0.9632250787135611,0.968468028513614,0.9753882967824542,0.08897878548328553,0.009943521576713188,0.4388542339931947,0.5258817763361019,0.02016811751565301,0.013973694536035853,0.00661228785143483,0.0028461465277029347,0.0015064852629483217,0.0005137527066455173,0.01996822959441502,0.1015625,0.015792477895976747,0.15234375,1.5B,8192
3,3,agent_8192,agent,8192,9.010913347279288,21.27113558916112,24.913042034398718,1.3226838467000672,28.722877616760783,6.635021940580262,0.719444156263492,9.047274495274426,0.12789770149017995,-78.62368814926594,16.635570007376373,1.0662160536538033e-06,0.9999999400723407,0.08,0.5171995528157202,1.9694481065935556,0.9897207088963896,0.900666869698319,0.9101773047811971,0.921394156989905,0.09555383873077705,0.002784705501387208,0.5316150813443555,0.3757257634565636,0.09077033930243933,0.06576965503522644,0.03772526805886957,0.02101506057573758,0.013076503560978833,0.005872468436085797,0.06114214022440879,0.1015625,0.046444081057136294,0.15234375,1.5B,8192
3,4,agent_8192,agent,8192,9.010913347279288,22.657132235483143,24.913042034398718,1.3226838467000672,28.722877616760783,6.635021940580262,0.719444156263492,9.047274495274426,0.12789770149017995,-49.317354287952185,16.709256652742624,9.878261050146804e-07,0.9999999446304564,0.08,0.4694092926948243,2.08095581953107,0.9954303690485972,0.873336943029499,0.9019933883443827,0.9278405247089949,0.4609397252358174,0.04252617014749216,0.20811906360096893,0.6584085830468405,0.025043868921803988,0.015262260894415295,0.007696270281258591,0.0034699396149306208,0.0018629063346413844,0.0007424961906621289,0.012040401045551338,0.1015625,0.006996289755674161,0.15234375,1.5B,8192
3,5,agent_8192,agent,8192,9.010913347279288,20.36023689147433,24.913042034398718,1.3226838467000672,28.722877616760783,6.635021940580262,0.719444156263492,9.047274495274426,0.12789770149017995,-57.556925867218524,25.73908628663048,7.565645547662672e-09,0.999999999988991,0.08,0.5605023416983788,2.4501722161851847,0.9888079770791582,0.8578959892068077,0.8807595515028418,0.9015390840739046,0.27604685346828584,0.009715607225033729,0.47359524427923383,0.4252788980913264,0.11153132583813816,0.07790982023464896,0.04267544642566978,0.02241836166077209,0.013808688856962032,0.00615601111985752,0.04554177838961195,0.1015625,0.03125130737069136,0.15234375,1.5B,8192
3,6,agent_8192,agent,8192,9.010913347279288,17.314929951719694,24.815185823009706,2.0834490134407053,30.394566540709235,5.981956715791247,0.7744286384817795,9.41566573376965,0.10538377207112476,17.19031797721982,14.774862501770258,6.05128493402743e-06,0.999999616857975,0.08,0.4049571060569272,4.644765554507227,0.9477841493831971,0.48869478902127367,0.5852606377996549,0.6781218548734432,0.0462171382589851,0.13793997597409158,0.25077006537482843,0.4876150850712214,0.13954514374483123,0.099762143815946,0.06322494779085754,0.04276927536013898,0.03335544603516569,0.02058568145550215,0.065351759663475,0.1015625,0.0509043852625803,0.15234375,1.5B,8192
3,7,agent_8192,agent,8192,9.010913347279288,15.759842450612615,24.815185823009706,2.0834490134407053,30.394566540709235,5.981956715791247,0.7744286384817795,9.41566573376965,0.10538377207112476,-1.329589830711484,8.056516690179706,0.0029320601564554083,0.9996785759236914,0.08,0.411278083745636,5.335210685091707,0.943445621642753,0.34723376842319165,0.43853203423822135,0.5268598460609554,0.014120585097150418,0.03456104798166071,0.21032971127192682,0.2791671852440978,0.13821316598107647,0.0932590829096584,0.05732426652630764,0.04642664233522283,0.03273859262119708,0.017996196912304235,0.10038946483981871,0.1015625,0.08510650337661636,0.15234375,1.5B,8192
3,8,agent_8192,agent,8192,9.010913347279288,22.176112740229467,24.815185823009706,2.0834490134407053,30.394566540709235,5.981956715791247,0.7744286384817795,9.41566573376965,0.10538377207112476,44.033762738108635,21.977773815393448,1.3856407133375918e-08,0.9999999997134739,0.08,0.347944279738321,4.217933296033373,0.9841661809450031,0.4792359335958909,0.6201138623451653,0.7481858672992614,0.0839652044844943,0.15309525566547189,0.05586138009926129,0.7215922304170137,0.07408030981287378,0.04069258996505875,0.01790972781512946,0.008607134482163893,0.005078088660881328,0.001988462778717826,0.024310641305511815,0.1015625,0.017721591763955435,0.15234375,1.5B,8192
3,9,agent_8192,agent,8192,9.010913347279288,14.116054557005349,24.815185823009706,2.0834490134407053,30.394566540709235,5.981956715791247,0.7744286384817795,9.41566573376965,0.10538377207112476,16.614102700725198,13.898099204525352,1.3724494143475784e-05,0.999999079266445,0.08,0.5148339227786721,5.239413900202399,0.9373220577614828,0.40499474253756446,0.5099956097084826,0.5979658413566864,0.11271702589535293,0.1275686796900608,0.14919855439249208,0.4570999103545422,0.1306919011754548,0.08861390922482235,0.0504291435337982,0.035675067407712736,0.028863608670417467,0.01837076579482929,0.10408445987559246,0.1015625,0.08484432166918637,0.15234375,1.5B,8192
3,10,agent_8192,agent,8192,9.010913347279288,19.960724770892373,24.815185823009706,2.0834490134407053,30.394566540709235,5.981956715791247,0.7744286384817795,9.41566573376965,0.10538377207112476,17.53491115476936,22.22641259385273,1.2460734210047016e-08,0.9999999997765707,0.08,0.35629361890811895,3.3441022484729546,0.9911789449310033,0.7119511126846699,0.8342920472563665,0.887743277866569,0.09594613106000383,0.10789093778634018,0.18754030474342523,0.7217414954161898,0.038562279174702695,0.02298670467781486,0.010116950148602994,0.00482886698827612,0.0030898788819790158,0.0013427456204801037,0.027018906242180153,0.1015625,0.020153212630528855,0.15234375,1.5B,8192
3,11,agent_8192,agent,8192,9.010913347279288,14.14290600647358,24.815185823009706,2.0834490134407053,30.394566540709235,5.981956715791247,0.7744286384817795,9.41566573376965,0.10538377207112476,-13.313950416399166,5.826190851163119,0.04032601563482539,0.9945211048809193,0.08,0.4648001254065465,5.077399792108657,0.8785138336701983,0.44940169907159505,0.48136543357697137,0.5227838679366879,0.06002735132952319,0.005395381396917524,0.39757467396047513,0.07709540617002827,0.62120549426982,0.46912708869206043,0.29699947728003984,0.19878158844010385,0.1505911716407945,0.09596176456199582,0.2568875523220623,0.1015625,0.20474648748963242,0.15234375,1.5B,8192
4,0,agent_8192,agent,8192,9.010913347279288,18.31291165597109,24.481111970600608,2.063250901359738,31.379736391794996,6.9306226857057425,1.2152029721152255,11.114943869874443,0.15008506530523505,-63.32023785728961,17.36010559462011,5.376790086167453e-07,0.9999999711132468,0.08,0.2103041455586582,2.4054993339028354,0.9789142109574906,0.7823687204962486,0.8215052729006835,0.8537922505832605,0.007156808831665362,0.02437085670568173,0.6784133221085692,0.1770134378288579,0.28291745535874757,0.2037227381292178,0.11622383513917305,0.06761493779910283,0.04617494680461731,0.025238273553562434,0.1494687542201769,0.1015625,0.10690255091167569,0.15234375,1.5B,8192
4,1,agent_8192,agent,8192,9.010913347279288,18.01400353687747,24.481111970600608,2.063250901359738,31.379736391794996,6.9306226857057425,1.2152029721152255,11.114943869874443,0.15008506530523505,-64.97637767158449,16.160987214185297,2.0169884351267127e-06,0.9999998847034801,0.08,0.31950084693813263,1.7847941365063793,0.9741525205466797,0.8420615789785649,0.858444415727815,0.876684012852911,0.30079265907503316,0.011483383028839,0.8008456015571503,0.0817377534002848,0.3029386253163783,0.23635394089791026,0.15498326156665232,0.1022074725990853,0.07611489812579827,0.046986855307243613,0.12956396951783952,0.1015625,0.10208471618754877,0.15234375,1.5B,8192
4,2,agent_8192,agent,8192,9.010913347279288,22.56462019841409,24.481111970600608,2.063250901359738,31.379736391794996,6.9306226857057425,1.2152029721152255,11.114943869874443,0.15008506530523505,-61.52373518329114,33.053158197551966,7.301077706585614e-09,0.9999999999989939,0.08,0.18727726546864745,1.5618644701281008,0.9961122811988754,0.9493970274799661,0.9621164205678505,0.9699532439356293,0.240665669961452,0.04794097860739477,0.17862497398571858,0.7870831278501076,0.021159137368077098,0.015459374343799619,0.008710902213608523,0.004925651211829797,0.003137350266373197,0.0015086080703458377,0.013761987926067514,0.1015625,0.009275399798430905,0.15234375,1.5B,8192
4,3,agent_8192,agent,8192,9.010913347279288,19.83841836183612,24.481111970600608,2.063250901359738,31.379736391794996,6.9306226857057425,1.2152029721152255,11.114943869874443,0.15008506530523505,-45.76646603643894,18.084881523624063,3.499626889406145e-07,0.9999999823013445,0.08,0.09645506212189017,4.41620483686325,0.9702643462545744,0.5423842574069297,0.6281566412010761,0.7200428463846208,0.2262202801762523,0.05059059028841517,0.1641701168312602,0.5225255644989619,0.1368844751663448,0.09268151523401882,0.04679442667815994,0.027798720885583644,0.018214081400771066,0.009166945433454551,0.05090236662118648,0.1015625,0.03838005480426832,0.15234375,1.5B,8192
4,4,agent_8192,agent,8192,9.010913347279288,20.76137003708945,24.481111970600608,2.063250901359738,31.379736391794996,6.9306226857057425,1.2152029721152255,11.114943869874443,0.15008506530523505,-61.17081204429269,4.180849988013506,0.09757334344784703,0.9825286914248923,0.08,0.22640053248419853,6.456550830668213,0.8725169688386257,0.22648211501693796,0.26922523106245105,0.32722814492552743,0.018370399346473665,0.015202031083091594,0.16358989108641953,0.07254360064108036,0.4322918636348243,0.35379403757054173,0.21618705974348368,0.13328959264332715,0.0922177455576776,0.05039513594703842,0.19454187412539983,0.1015625,0.1462037658544204,0.15234375,1.5B,8192
4,5,agent_8192,agent,8192,9.010913347279288,18.221126082470622,24.481111970600608,2.063250901359738,31.379736391794996,6.9306226857057425,1.2152029721152255,11.114943869874443,0.15008506530523505,-41.04440988972783,16.422007735818624,1.663970155307179e-06,0.9999999065815784,0.08,0.41522346863818094,4.343237271748443,0.946814832910965,0.5900146215411467,0.642098077339016,0.6898764794844066,0.08741829578299143,0.014130995368732524,0.258377903711209,0.40706553665282497,0.24574470641550242,0.185638121007636,0.11427805458105621,0.07312362526930061,0.052556936526752626,0.02979371267830239,0.08411118188303525,0.1015625,0.06072294820505848,0.15234375,1.5B,8192
4,6,agent_8192,agent,8192,9.010913347279288,23.58705711044976,22.590569272661895,1.227297789466558,25.59003314369026,6.986698675149304,0.9339173029936015,10.096093451230763,0.0716587530217021,-40.7720748083666,29.514457932673395,7.305100864400693e-09,0.9999999999988478,0.08,0.5314773252867929,2.2685816690146368,0.9979295355679992,0.9081633827381297,0.9468245201675578,0.9708945043517904,0.397147477588335,0.07861398771646,0.1878548953623172,0.7879259025467807,0.009933397401510918,0.00545152191741126,0.002137260670774856,0.0008938861624400449,0.0004536747146349589,0.0001574284081682512,0.002561249551198583,0.1015625,0.0016611540268295015,0.15234375,1.5B,8192
4,7,agent_8192,agent,8192,9.010913347279288,24.029911465627094,22.590569272661895,1.227297789466558,25.59003314369026,6.986698675149304,0.9339173029936015,10.096093451230763,0.0716587530217021,-59.7681053718552,39.53982183430344,7.3009106620676105e-09,0.9999999999989999,0.08,0.5591227041657952,1.5986210047851803,0.9986480915679544,0.9786162412081139,0.9843298169228172,0.9874983453887816,2.303239934288836,0.01914047495232829,0.2421821890318962,0.7455150707766053,0.006221803916008264,0.004213755320634196,0.0019558267655082006,0.0008369365598137335,0.0004382751859836867,0.0001503286768923899,0.002697275683363125,0.1015625,0.0014714836146211216,0.15234375,1.5B,8192
4,8,agent_8192,agent,8192,9.010913347279288,22.528081007062692,22.590569272661895,1.227297789466558,25.59003314369026,6.986698675149304,0.9339173029936015,10.096093451230763,0.0716587530217021,-52.58203709125519,31.576326083391905,7.301445080875269e-09,0.9999999999989806,0.08,0.5709945099343522,1.8067471730046663,0.9950540153754168,0.8664854132547891,0.9120185321070993,0.9434854363598162,0.21422682545002258,0.11185878961912632,0.6948870001260693,0.2552901878352996,0.09247101266850503,0.06176082736386265,0.03059356064066517,0.015396932886524052,0.009035952587207224,0.003931224818010918,0.032179528426183567,0.1015625,0.022442772562057917,0.15234375,1.5B,8192
4,9,agent_8192,agent,8192,9.010913347279288,23.39589133571071,22.590569272661895,1.227297789466558,25.59003314369026,6.986698675149304,0.9339173029936015,10.096093451230763,0.0716587530217021,-60.582268769387156,33.335615871008486,7.301010157326643e-09,0.9999999999989964,0.08,0.6028900926232867,1.8747913253555113,0.9966343979500603,0.9214407768800533,0.9557727627140129,0.9658862835353967,0.07203574974772842,0.03237910563425217,0.4876686645839852,0.47650029394994886,0.024614857547845766,0.016963491291141993,0.008635633879863288,0.004055250861843084,0.002335723816924019,0.0009484016571222757,0.010639134530859866,0.1015625,0.007839975904988646,0.15234375,1.5B,8192
4,10,agent_8192,agent,8192,9.010913347279288,19.611921157281735,22.590569272661895,1.227297789466558,25.59003314369026,6.986698675149304,0.9339173029936015,10.096093451230763,0.0716587530217021,-88.59220135584474,0.463558379560709,2.3691102083056768,0.2699020029927053,0.0,0.5604895591012212,5.3831004609918605,0.9673326101512149,0.1849422609831607,0.28919549280757706,0.43438178591428633,0.01050710396664467,0.03958643800056938,0.06326373130852903,0.0021033710230249705,0.0918696144755988,0.06787581182717209,0.03373460245709949,0.02194933926370002,0.01679895100363138,0.010596769400176375,0.10706187968315395,0.10205078125,0.05596884515392978,0.15283203125,1.5B,8192
4,11,agent_8192,agent,8192,9.010913347279288,23.05401856815102,22.590569272661895,1.227297789466558,25.59003314369026,6.986698675149304,0.9339173029936015,10.096093451230763,0.0716587530217021,-60.88469634996727,26.603191626723856,7.376855043854423e-09,0.9999999999961693,0.08,0.5515325672659219,1.832553014322679,0.9945531145791439,0.9044940300921567,0.923472763315024,0.9391978511945823,0.016270221885175573,0.003933528493029748,0.6212471245366227,0.31199591217627215,0.06884296899708608,0.04536216482082207,0.02267293607187247,0.011345865659691116,0.0065823142421507705,0.0025931533505745077,0.029492850052361415,0.1015625,0.021093320299344062,0.15234375,1.5B,8192
5,0,agent_8192,agent,8192,9.010913347279288,26.121249609610995,20.048391971239326,1.732334525385924,25.772972142047262,6.891298207964754,0.9640941717950142,12.727863196123312,0.11879653418150875,-35.413782101124525,8.117673814296722,0.002718328891091032,0.9997018673050985,0.08,0.2624247224462497,4.064128420296197,0.9763387322879319,0.5269564833999432,0.6195049292456559,0.7158740189002804,0.002872349872865776,0.10856134663217887,0.3273939830718275,0.4545464425034153,0.18397219349014632,0.09995655269792113,0.049410814426452974,0.026958574084955216,0.018205049454003943,0.009756391347805135,0.0438861121337101,0.1015625,0.032416501227054466,0.15234375,1.5B,8192
5,1,agent_8192,agent,8192,9.010913347279288,27.13377918863108,20.048391971239326,1.732334525385924,25.772972142047262,6.891298207964754,0.9640941717950142,12.727863196123312,0.11879653418150875,-83.32582678738981,18.18659196275985,2.5979893225261273e-07,0.9999999869189045,0.08,0.27655659029282376,1.1062978395396925,0.9975213045618818,0.9615025244756186,0.9685626443830933,0.9744055163569466,0.268380036159503,0.08848621263056078,0.2876492130659476,0.6684428872426018,0.01716884986359351,0.012105310016305527,0.005882355574496296,0.0028037249156215396,0.0015343566282688711,0.0005527996879928347,0.013419097962663192,0.1015625,0.009877491223847165,0.15234375,1.5B,8192
5,2,agent_8192,agent,8192,9.010913347279288,28.26940550149568,20.048391971239326,1.732334525385924,25.772972142047262,6.891298207964754,0.9640941717950142,12.727863196123312,0.11879653418150875,-30.81045540049672,11.962901843711734,8.266384540245039e-05,0.9999936236073781,0.08,0.2930012989387947,3.8586034914256278,0.9847253453612446,0.570924189596855,0.7089388845037435,0.8080516237172983,0.05794081100789672,0.028046831075816847,0.25415936875435563,0.586403673096666,0.07949677101592141,0.045288428565428696,0.022052948061530755,0.012157508562292346,0.007783030322210865,0.003870388377497581,0.02210263150017426,0.1015625,0.014171172049693374,0.15234375,1.5B,8192
5,3,agent_8192,agent,8192,9.010913347279288,21.516909143360564,20.048391971239326,1.732334525385924,25.772972142047262,6.891298207964754,0.9640941717950142,12.727863196123312,0.11879653418150875,-65.77271512709558,6.9684271877631545,0.0075801490234543595,0.9990531497107142,0.08,0.3009942257697784,3.217714572598907,0.9381985938344294,0.6729562508291319,0.694660722257451,0.7213301307971676,0.029760595693255176,0.07328971858969258,0.6422232168501799,0.07284219047148902,0.6031907878593199,0.4759008918286791,0.3103279480577532,0.20153145004314785,0.14434357600358175,0.0830185001910722,0.31157455386920196,0.1015625,0.23781227321924583,0.15234375,1.5B,8192
5,4,agent_8192,agent,8192,9.010913347279288,16.445886759800683,20.048391971239326,1.732334525385924,25.772972142047262,6.891298207964754,0.9640941717950142,12.727863196123312,0.11879653418150875,-61.26427043345757,1.2350648527499288,0.5919657287459886,0.7669602676672208,0.08,0.21277340864618088,5.6278332882459,0.8757841616464653,0.3511585215094006,0.410126433518588,0.489898148030557,0.08936784040771162,0.02620398119810252,0.2814011573916631,0.0843745872831623,0.576164095226203,0.4400215252685932,0.2887116841072711,0.19541076171174077,0.14591935305231568,0.09447119988410703,0.29502369243857873,0.1015625,0.23801175850336082,0.15234375,1.5B,8192
5,5,agent_8192,agent,8192,9.010913347279288,18.003264670880565,20.048391971239326,1.732334525385924,25.772972142047262,6.891298207964754,0.9640941717950142,12.727863196123312,0.11879653418150875,-80.14226330088422,6.835863546592009,0.008593289413932979,0.9989117796420657,0.08,0.12604587485109897,2.2484070777233303,0.9565127020437334,0.7850287517301541,0.8037977729549494,0.8254707625772,0.016999773296186405,0.05504886367365458,0.7609575926726843,0.016186082690558046,0.33652376987029875,0.2706910795204635,0.19160658371740893,0.13388484129295852,0.10008306431582964,0.06163894788426915,0.20115179578043937,0.1015625,0.16252353072978357,0.15234375,1.5B,8192
5,6,agent_8192,agent,8192,9.010913347279288,22.17255483402309,20.343621467003082,1.1332847311461247,23.496426476210026,8.307580472510708,0.6681716531015411,10.276954389770202,0.03132582155871076,9.564358438830823,10.662079638335854,0.00027308385734864697,0.9999765842684679,0.08,0.6557229802575965,3.5284728871585234,0.9583240198455989,0.6930240659090409,0.7278943920606048,0.7625270726621856,0.0228384499773866,0.008121908442291659,0.2529306810109721,0.5162955092298646,0.1259322620086236,0.09614762442139983,0.06003396459108454,0.036960636974702706,0.025708697882473677,0.01397979655759704,0.06160792008075658,0.1015625,0.04586293407528317,0.15234375,1.5B,8192
5,7,agent_8192,agent,8192,9.010913347279288,30.492655522524657,20.343621467003082,1.1332847311461247,23.496426476210026,8.307580472510708,0.6681716531015411,10.276954389770202,0.03132582155871076,27.519780546426773,20.955895068123937,2.4692125134739288e-08,0.9999999992065525,0.08,0.4894818544575077,3.053107011328249,0.9955826692088441,0.7145034070764829,0.8332775286517092,0.9227665933617184,0.15212019886188477,0.11852256461691013,0.26935594126443413,0.6937215628226678,0.015353986864758274,0.009171318356229665,0.004285519627626983,0.0018569884506766184,0.000991222627205456,0.0003491915822836062,0.004601527958490235,0.1015625,0.002878620220841815,0.15234375,1.5B,8192
5,8,agent_8192,agent,8192,9.010913347279288,28.3473184935907,20.343621467003082,1.1332847311461247,23.496426476210026,8.307580472510708,0.6681716531015411,10.276954389770202,0.03132582155871076,23.065918244421482,47.71468253340572,7.300910292925457e-09,0.9999999999989999,0.08,0.4940869825301769,2.1242126054142547,0.9972733159608093,0.9177899036423226,0.9543744056396943,0.9731037519948024,0.025854288796007374,0.10442194658924198,0.10022800345129972,0.872401627813966,0.006610520744985855,0.00468352044266793,0.002439843622143766,0.0011851766458937962,0.0006679849951443774,0.00024650596035388913,0.002785730795059092,0.1015625,0.002004563539111213,0.15234375,1.5B,8192
5,9,agent_8192,agent,8192,9.010913347279288,32.68411736737399,20.343621467003082,1.1332847311461247,23.496426476210026,8.307580472510708,0.6681716531015411,10.276954389770202,0.03132582155871076,15.728399615734816,67.93812292907387,7.300910292874082e-09,0.9999999999989999,0.08,0.6073818284030321,1.3448290611536873,0.9993342081874977,0.9699840327553556,0.9872793751560839,0.9940766221478349,0.38627249485446313,0.4179491284278716,0.528013878568281,0.4656244232531976,0.003945286161269216,0.002382458461111633,0.0010796259542097965,0.00046456482707960206,0.00023456829664250786,7.127042785733944e-05,0.004019646163960777,0.10205078125,0.002778902554169536,0.15234375,1.5B,8192
5,10,agent_8192,agent,8192,9.010913347279288,33.547244946306,20.343621467003082,1.1332847311461247,23.496426476210026,8.307580472510708,0.6681716531015411,10.276954389770202,0.03132582155871076,28.273131858557463,25.172542274929583,7.603289085645973e-09,0.9999999999873128,0.08,0.5667149676225606,1.6065786318385322,0.9991443765612048,0.9172955657138587,0.9616780217697818,0.9893849151070407,0.2993886421840135,0.36395215608582143,0.3151544681399547,0.67489529872522,0.0017298208012766336,0.0010664315801207707,0.00047236027571173503,0.00018679371183903833,8.949310100941031e-05,2.528080028406015e-05,0.0006574076296862104,0.1015625,0.00036167201692732266,0.15234375,1.5B,8192
5,11,agent_8192,agent,8192,9.010913347279288,31.18042245021138,20.343621467003082,1.1332847311461247,23.496426476210026,8.307580472510708,0.6681716531015411,10.276954389770202,0.03132582155871076,-24.41801683139056,0.08437501918524504,0.9451688136681069,0.47591714586064715,0.08,0.5321509886473638,2.0429038390936554,0.9982990374071262,0.9290272749140162,0.9609521213580678,0.9776667601114478,0.9163869996142404,0.1318578696326056,0.3844912949997558,0.01872028205129466,0.008362394282399424,0.004835367552967767,0.002089235727044976,0.0009279867437886012,0.00051140405288973,0.00018617611170341852,0.012188663620959068,0.1015625,0.006997581909823241,0.15234375,1.5B,8192
6,0,agent_8192,agent,8192,9.010913347279288,24.519152416093988,21.680458486662637,1.2923686839498718,25.000279634819144,5.927351709241819,0.608902570412271,9.735538614846448,0.04710665599158616,-25.896971728187054,18.773511715698987,1.4623906501292635e-07,0.9999999929720278,0.08,0.4607186595655364,3.7343164440304983,0.9795753274736196,0.6238900938091742,0.7317148173917921,0.7844858932529799,0.1573571133767574,0.042391068424590284,0.35247587832413085,0.4444717910862763,0.11228699414967779,0.07380192108034699,0.03727368741911624,0.01837429549383441,0.010802339490289782,0.004349704339746865,0.04037781645886323,0.1015625,0.02358345442690472,0.15234375,1.5B,8192
6,1,agent_8192,agent,8192,9.010913347279288,25.709072809864946,21.680458486662637,1.2923686839498718,25.000279634819144,5.927351709241819,0.608902570412271,9.735538614846448,0.04710665599158616,-74.82073132321239,6.149002084508538,0.015240376300942575,0.997868751400968,0.04,0.31252402734650697,3.0741414879900155,0.9947958175090983,0.7315380139373218,0.7838918917957569,0.8311746995835455,0.5039819203230526,0.12496114900310129,0.03765547545520605,0.0013622873373976157,0.04883097024686816,0.011920488569850953,0.0013815163182601482,0.0006537489935787581,0.0003702375597607196,0.00015021787451342512,0.11965608026716788,0.10205078125,0.10499907594464873,0.15283203125,1.5B,8192
6,2,agent_8192,agent,8192,9.010913347279288,24.398915407384358,21.680458486662637,1.2923686839498718,25.000279634819144,5.927351709241819,0.608902570412271,9.735538614846448,0.04710665599158616,-15.594706404022872,15.881949947215617,2.1451652027241924e-06,0.999999873362525,0.08,0.4638210605527876,3.6571404586805873,0.989958634501429,0.6223354796468841,0.7432389252537822,0.8350129832394412,0.4180954517491893,0.01596115904504536,0.22133527166502803,0.6288211756153049,0.04064976296533226,0.022918053899248194,0.012710034543114888,0.006750325721433735,0.004270207017958482,0.001822035700675766,0.010901508450608194,0.1015625,0.006697357257327746,0.15234375,1.5B,8192
6,3,agent_8192,agent,8192,9.010913347279288,23.699416384384552,21.680458486662637,1.2923686839498718,25.000279634819144,5.927351709241819,0.608902570412271,9.735538614846448,0.04710665599158616,-64.37218254618347,0.9282858408987522,0.9373460345671745,0.6631806650466286,0.08,0.5459306523833383,2.2442531835063706,0.9749621040412867,0.7706993838873045,0.7834293246421958,0.8026635218875834,0.023990860719507623,0.005591264143728125,0.7543910296802799,0.015811479901268074,0.5427366094656472,0.41811530985772627,0.23797788956393104,0.11629372475394237,0.06108993721603749,0.01962947508797568,0.2263721187703971,0.1015625,0.11833507384498286,0.15234375,1.5B,8192
6,4,agent_8192,agent,8192,9.010913347279288,21.933730050781893,21.680458486662637,1.2923686839498718,25.000279634819144,5.927351709241819,0.608902570412271,9.735538614846448,0.04710665599158616,-28.100028839427978,28.814173826482147,7.309333453325005e-09,0.9999999999986935,0.08,0.5369625051541894,2.335585879410502,0.9869355295245928,0.8391038901275567,0.8780124008418391,0.9077741117464541,0.15098029519705913,0.09797561771963714,0.27257461513214726,0.6383729390355392,0.06257059747008295,0.0477524956644077,0.029543194940323224,0.016250446399240587,0.009892092394590081,0.004250478294825947,0.028448385804393028,0.1015625,0.018403743475942074,0.15234375,1.5B,8192
6,5,agent_8192,agent,8192,9.010913347279288,28.58135629372859,21.680458486662637,1.2923686839498718,25.000279634819144,5.927351709241819,0.608902570412271,9.735538614846448,0.04710665599158616,-26.11623170040548,36.39777046162635,7.300914442755463e-09,0.9999999999989997,0.08,0.485841016374929,2.235929697966903,0.9986214402560784,0.9255777412443589,0.9766150269363235,0.9888480252143543,0.03146611796763077,0.1261034866484283,0.26547120094099863,0.7255328087126848,0.004376120471455068,0.0026446432501043855,0.000981621822127381,0.0003764848290030083,0.00018148020535527811,5.3154795140742216e-05,0.001693134587348583,0.1015625,0.0008168244957189541,0.15234375,1.5B,8192
6,6,agent_8192,agent,8192,9.010913347279288,27.432934249735517,22.04220975412178,2.0095898519965503,26.276111168418183,7.24037537818122,0.9040081183876391,10.060454799785818,0.031434507899690114,-53.76447129994631,10.984747912734747,0.00020324838094752293,0.9999830417981159,0.08,0.3142212838374838,2.540263070714456,0.9980638902523834,0.8278005486076466,0.8960193295343493,0.9513116746349481,0.14306237750156026,0.06955671426516608,0.22746165895789797,0.4177371830378228,0.007625320049744492,0.002319391288062338,0.0005273450481853429,0.0001556255630395233,6.983921576282687e-05,1.9644487355578474e-05,0.0011637068394499497,0.1015625,0.0005572078196170373,0.15234375,1.5B,8192
6,7,agent_8192,agent,8192,9.010913347279288,27.250988742529685,22.04220975412178,2.0095898519965503,26.276111168418183,7.24037537818122,0.9040081183876391,10.060454799785818,0.031434507899690114,-81.268611069303,1.097428083885461,0.8793143499651283,0.6937746654083445,0.0,0.3454594147623922,3.420936492397478,0.9961024964331797,0.6149987929442593,0.7956188820032065,0.9113689458811971,0.10469532039178375,0.017547924671207804,0.04123218895744605,0.0019322449821352642,0.02287259858314826,0.008481405131663235,0.0022469052119471465,0.00071005193248194,0.00028202694866396417,6.520785501347265e-05,0.015424620479425544,0.10205078125,0.0039211923133597795,0.15234375,1.5B,8192
6,8,agent_8192,agent,8192,9.010913347279288,23.782691217943675,22.04220975412178,2.0095898519965503,26.276111168418183,7.24037537818122,0.9040081183876391,10.060454799785818,0.031434507899690114,-84.99607185646892,33.17200460843742,7.301095948597352e-09,0.9999999999989932,0.08,0.431319511964288,1.6215553540424807,0.9982387317227979,0.9425597110650802,0.9662583758798035,0.9803980402862843,0.09932383218322771,0.30211360452763714,0.6082181261570663,0.3502682668771393,0.023553245570214116,0.014872684295134053,0.006564123846697806,0.002757988049017643,0.0014945009112294042,0.0005777155445478163,0.020010798741059526,0.1015625,0.014782806773243383,0.15234375,1.5B,8192
6,9,agent_8192,agent,8192,9.010913347279288,21.590475827720084,22.04220975412178,2.0095898519965503,26.276111168418183,7.24037537818122,0.9040081183876391,10.060454799785818,0.031434507899690114,-103.10237403260544,7.393810141831636,0.007132898225386378,0.9992107306636763,0.0,0.4236124538971419,4.973404941121354,0.9825717012230721,0.2577129296817957,0.3662355959893844,0.5215392538220625,0.02064270453708994,0.0021995544617305907,0.0838601534856328,0.00010270450311232864,0.14695478436839055,0.10409378352555632,0.0304583273761066,0.0057254663906651185,0.0024519846146623106,0.0010313148539137084,0.2861069323898319,0.10205078125,0.2308585336986092,0.15283203125,1.5B,8192
6,10,agent_8192,agent,8192,9.010913347279288,20.888680766974506,22.04220975412178,2.0095898519965503,26.276111168418183,7.24037537818122,0.9040081183876391,10.060454799785818,0.031434507899690114,-52.899218504317105,22.063857006374747,1.3330035783167147e-08,0.9999999997373057,0.08,0.3672076742102458,2.7336737442188146,0.9916767608176011,0.796110896267613,0.8721956529176716,0.9089264884340047,0.21076099526656256,0.1997168298144114,0.44291893830178763,0.4569608481185809,0.07566248413628171,0.04620379215002196,0.020453319043662276,0.009565482294371663,0.005535701892717543,0.0023163485410756016,0.0714675103813644,0.1015625,0.04642743249212778,0.15234375,1.5B,8192
6,11,agent_8192,agent,8192,9.010913347279288,22.01524568377168,22.04220975412178,2.0095898519965503,26.276111168418183,7.24037537818122,0.9040081183876391,10.060454799785818,0.031434507899690114,-64.29402414872311,33.84437603247352,7.3009656182116204e-09,0.9999999999989979,0.08,0.39201649649554715,1.616735623119705,0.9979508436551895,0.9480577777662202,0.966369218697406,0.976822419079937,0.30126958227607004,0.07179409552343419,0.5081845926993376,0.4667285710174999,0.021647915791992548,0.01309299288940013,0.005233573400564421,0.0021108377354416953,0.0011438306714063504,0.0004486176961761902,0.015428558050967947,0.1015625,0.011533727828017022,0.15234375,1.5B,8192
7,0,agent_8192,agent,8192,9.010913347279288,19.301940694763307,22.044934476578458,1.7678326467201222,26.594662252842934,6.096811454293814,0.909286114447238,11.40825508355977,0.0709078573183488,-20.941869745031,5.827680053189397,0.020056873805103584,0.9970634508110315,0.08,0.3341644605596813,4.641432723279415,0.8769380653567802,0.5131195009107273,0.5366822421378669,0.5725516063944001,0.10036321561435502,0.0201149627734607,0.47571093819080884,0.0791784310092008,0.9119863069145697,0.720460989324065,0.5036898568151038,0.34377273692110694,0.25783922527303393,0.15753667929693327,0.4666100651154681,0.1015625,0.3823857934173528,0.15234375,1.5B,8192
7,1,agent_8192,agent,8192,9.010913347279288,22.504482176830045,22.044934476578458,1.7678326467201222,26.594662252842934,6.096811454293814,0.909286114447238,11.40825508355977,0.0709078573183488,-4.3742714915424585,29.688409246504307,7.305554304664557e-09,0.9999999999988316,0.08,0.24090861749045822,4.161393336473699,0.9705898430676944,0.5865398403940103,0.6897128978510796,0.7581598704250592,0.05249006445710391,0.4261486871701886,0.16813188783225114,0.5707162076489267,0.09792917080419086,0.0707443301455759,0.041614809712574016,0.02403019622591215,0.01616149499667521,0.00839569866538571,0.04487906601850374,0.1015625,0.03175390963675081,0.15234375,1.5B,8192
7,2,agent_8192,agent,8192,9.010913347279288,22.03099802038822,22.044934476578458,1.7678326467201222,26.594662252842934,6.096811454293814,0.909286114447238,11.40825508355977,0.0709078573183488,-10.544463535072282,13.51347734569572,1.9650217406206956e-05,0.9999986468627569,0.08,0.16928259167748758,5.017163923515068,0.968289960320039,0.39878074075892,0.4738072683044275,0.5664403486947821,0.17011812543464327,0.041743250289553724,0.1432716347976794,0.4740422624210897,0.14472324923019836,0.08548656805000222,0.03353763904423938,0.013108677124890895,0.006636463388382089,0.0023848125148216207,0.028957682702267017,0.1015625,0.019610016705644297,0.15234375,1.5B,8192
7,3,agent_8192,agent,8192,9.010913347279288,22.24718621169649,22.044934476578458,1.7678326467201222,26.594662252842934,6.096811454293814,0.909286114447238,11.40825508355977,0.0709078573183488,-60.61759534908924,18.747437433339655,2.2124228882383206e-07,0.9999999893734498,0.08,0.19433867639705,1.2164980625558046,0.9931233382277721,0.9448515343705337,0.9496469537855955,0.9553931725602708,0.1419316776547781,0.03606291931821026,0.2513969721824752,0.6979359270850269,0.035046157103715204,0.02789799249420705,0.01691988221063896,0.009731818769742943,0.006121754506076771,0.0027623343749215734,0.028139823367725435,0.1015625,0.022225490074906054,0.15234375,1.5B,8192
7,4,agent_8192,agent,8192,9.010913347279288,20.173025441180975,22.044934476578458,1.7678326467201222,26.594662252842934,6.096811454293814,0.909286114447238,11.40825508355977,0.0709078573183488,-12.17073469888419,4.179263941012323,0.19934151624771265,0.9648755835106065,0.08,0.3153321703520207,5.864070421668779,0.9485067773489964,0.2064907616951516,0.288277637494549,0.3994918572126981,0.022865803282069885,0.003183604349118907,0.07454902840897078,0.16067035737417562,0.21235425441652486,0.13999126379331667,0.06682395204632877,0.030285688495410162,0.01806873094711994,0.009464828984770277,0.03367236861712551,0.1015625,0.018267645009562072,0.15234375,1.5B,8192
7,5,agent_8192,agent,8192,9.010913347279288,18.839531280754738,22.044934476578458,1.7678326467201222,26.594662252842934,6.096811454293814,0.909286114447238,11.40825508355977,0.0709078573183488,-31.982211908325553,12.748029152862728,3.9990720750032216e-05,0.9999970918074829,0.08,0.21447850043755026,3.8554269955355602,0.9564725289290814,0.6359290226255008,0.6721022931504104,0.7170925671745456,0.29361504023691554,0.04555294607330218,0.2841906924367175,0.42735058189407915,0.26156344190094083,0.19055869485549015,0.1110153757878216,0.06270336731489916,0.04034727708238135,0.01934043379075367,0.14488669772852084,0.1015625,0.11385322126905756,0.15234375,1.5B,8192
7,6,agent_8192,agent,8192,9.010913347279288,12.298959328198608,46.52149112113099,0.8560481365423671,51.35928654954594,6.037788453422367,0.7161054747493729,8.386057717704235,0.0736551146575049,144.90045911027119,1.5767060872167349,0.5313942608448157,0.8173499761535685,0.08,0.2863124849617773,6.0162893048862,0.9486309189667314,0.1151202665402491,0.19358480150408974,0.3118471131154078,0.03493164522061676,0.0153591018507786,0.00507771188203417,0.3029525221458086,0.24936048817318573,0.12631548321075442,0.01993979203669257,0.01275760784312792,0.009032681979000472,0.005248523196950048,0.01234612960330292,0.1015625,0.0096739278931361,0.15234375,1.5B,8192
7,7,agent_8192,agent,8192,9.010913347279288,16.40710140062692,46.52149112113099,0.8560481365423671,51.35928654954594,6.037788453422367,0.7161054747493729,8.386057717704235,0.0736551146575049,173.0300377055537,55.10268323472701,7.300910292874123e-09,0.9999999999989999,0.08,0.30624705249549306,1.9973761983033216,0.9988610096765883,0.9487327028367393,0.984131543831784,0.9930719609949787,0.2386491750678701,0.20768909060270957,7.747303468130323e-05,0.9918927180233363,0.002233248939870183,0.001465369625174771,0.0007252603415837343,0.0003433007315435604,0.00019061555660177134,7.553324980428197e-05,0.0013473069883481051,0.1015625,0.0011018163561862528,0.15234375,1.5B,8192
7,8,agent_8192,agent,8192,9.010913347279288,18.71951038936868,46.52149112113099,0.8560481365423671,51.35928654954594,6.037788453422367,0.7161054747493729,8.386057717704235,0.0736551146575049,152.51710125617683,46.299346617423,7.300910293351785e-09,0.9999999999989999,0.08,0.2911470962674221,1.2520961306437037,0.9987939027458888,0.9818602658880458,0.9867209902787678,0.9895421180101517,0.0632649484257648,0.21249732952137812,0.0017943322995655092,0.9836437070070823,0.005056051155151394,0.0034636182928474498,0.0016982987764621053,0.0007530501610695594,0.00041373650965598836,0.00015893901146036416,0.004935954157005272,0.1015625,0.0038815907454487018,0.15234375,1.5B,8192
7,9,agent_8192,agent,8192,9.010913347279288,12.676731340718487,46.52149112113099,0.8560481365423671,51.35928654954594,6.037788453422367,0.7161054747493729,8.386057717704235,0.0736551146575049,156.8591654462507,39.56717757356819,7.300910467287896e-09,0.9999999999989999,0.08,0.2994913331094707,3.4502847905537855,0.9939189038233666,0.5281080070578383,0.8101650455078794,0.9458813377349525,0.00445401309617921,0.04091057080859173,9.808827536996095e-05,0.9689386807019836,0.008896349552711168,0.006087686811100133,0.0034866389015407776,0.0017668315858277255,0.001030898731754881,0.0004547420783253652,0.0028294615047578676,0.1015625,0.0015650409457852732,0.15234375,1.5B,8192
7,10,agent_8192,agent,8192,9.010913347279288,14.16483113919665,46.52149112113099,0.8560481365423671,51.35928654954594,6.037788453422367,0.7161054747493729,8.386057717704235,0.0736551146575049,178.47795924544334,45.72242960031144,7.300910293244241e-09,0.9999999999989999,0.08,0.33214015944348885,2.7460688302056138,0.9966539646773922,0.7670845587422468,0.9181188094103638,0.9728113178322986,0.09686848849788277,0.07131760169341739,0.003858434699882571,0.977798861130929,0.007640449396742203,0.005203233328989758,0.0028319361825627828,0.0015661900712960527,0.0010046889171001707,0.00046581728502581875,0.004119880091583673,0.1015625,0.0031755423083994557,0.15234375,1.5B,8192
7,11,agent_8192,agent,8192,9.010913347279288,12.187374416072617,46.52149112113099,0.8560481365423671,51.35928654954594,6.037788453422367,0.7161054747493729,8.386057717704235,0.0736551146575049,133.7027431097813,8.280533600132912,0.0023511924929504662,0.9997466602288675,0.08,0.27384146968387507,4.945941976729587,0.9774573425493338,0.31820660818224084,0.4204730998100273,0.5602026127901637,0.2083684556538561,0.005154475279184112,0.006184149582298617,0.6684933095125067,0.08102279342669988,0.036139520599653335,0.010065209266374824,0.006167967050212366,0.004550831888955426,0.002944839833520071,0.006563290682297687,0.1015625,0.005450106100429333,0.15234375,1.5B,8192
8,0,agent_8192,agent,8192,9.010913347279288,18.788798778055167,30.131717299583848,2.6649253637063817,37.348490473999306,10.051795307158013,1.308368096777763,14.463649041113028,0.02951604402321921,-20.196086421608925,5.7866561859846115,0.021925763983663082,0.9968332879763604,0.08,0.6578455016901882,4.789290473717318,0.9720878021162732,0.38350135704332244,0.48549117015613835,0.598725857401712,0.061158027468703025,0.09667837986932026,0.21586632433080982,0.25475349420901355,0.07761417355123483,0.04135162142765738,0.01879243108080211,0.009040869929334172,0.005475294418315714,0.00262125674529561,0.018168400515423812,0.1015625,0.011336630427162694,0.15234375,1.5B,8192
8,1,agent_8192,agent,8192,9.010913347279288,16.850448266885735,30.131717299583848,2.6649253637063817,37.348490473999306,10.051795307158013,1.308368096777763,14.463649041113028,0.02951604402321921,-0.32838101498782635,1.3654280118644238,0.5326197958968054,0.7929431852551984,0.08,0.6850419139916145,5.608574448132772,0.9366764659510662,0.32006977308523105,0.4149217533717057,0.5201938883952524,0.010684805616678617,0.03382456341406925,0.007559899818520909,0.07094718720861465,0.10684799742215373,0.08287113365976945,0.053447252580446455,0.03416133572902673,0.023705791128943627,0.012883228316013788,0.02923762633091984,0.1015625,0.023396468558116244,0.15234375,1.5B,8192
8,2,agent_8192,agent,8192,9.010913347279288,17.278199544018957,30.131717299583848,2.6649253637063817,37.348490473999306,10.051795307158013,1.308368096777763,14.463649041113028,0.02951604402321921,-35.14533596485853,0.8524159230291843,0.6116804666763003,0.7009419808442721,0.08,0.6475806997659199,5.279413295055422,0.9510736224333535,0.3551476310393289,0.4320173523850994,0.5374143905158679,0.14046535191659143,0.02397001910291885,0.18316122172463592,0.07953623348232634,0.3191274700967867,0.22140651000999167,0.12179327784210213,0.06342346004992248,0.039645781756959916,0.01771559923411785,0.1624963677420752,0.1015625,0.12044459233652208,0.15234375,1.5B,8192
8,3,agent_8192,agent,8192,9.010913347279288,38.70496976142048,30.131717299583848,2.6649253637063817,37.348490473999306,10.051795307158013,1.308368096777763,14.463649041113028,0.02951604402321921,-144.1222764882259,2.0447913077659905,0.35598463257185764,0.8854202476817254,0.0,0.5598869197334214,3.1580066998376073,0.9970420545275809,0.6602930476998753,0.7625018004134962,0.8668941913593675,0.2552439276865819,0.004465290012334755,0.00021770220126127662,0.0005372939258183277,0.0016406053561587226,1.0413885541539684e-05,1.2415250315277116e-07,3.357494228111597e-09,2.9973534702929974e-10,2.0821807326091808e-11,0.025018583439659608,0.1015625,0.014089104545253296,0.15234375,1.5B,8192
8,4,agent_8192,agent,8192,9.010913347279288,27.422174599089537,30.131717299583848,2.6649253637063817,37.348490473999306,10.051795307158013,1.308368096777763,14.463649041113028,0.02951604402321921,-51.62010974064469,0.0610571913421154,0.7257551830160779,0.5121034679735795,0.08,0.5992299564269639,0.8646739094657488,0.9996799061372148,0.9862543810997919,0.9936916547147564,0.9968824290939152,0.19759443569559254,0.26123837911987724,0.020872644342653703,0.05964771935263116,0.0003615498147243904,0.0001344126550616616,1.8287025894202923e-05,4.4944269422337305e-06,1.7471252091316116e-06,4.0058908763261337e-07,0.00011175239158037489,0.1015625,4.345872198962049e-05,0.15234375,1.5B,8192
8,5,agent_8192,agent,8192,9.010913347279288,23.72864273096355,30.131717299583848,2.6649253637063817,37.348490473999306,10.051795307158013,1.308368096777763,14.463649041113028,0.02951604402321921,-7.281906828284264,33.52336783334613,7.3009864684235474e-09,0.9999999999989972,0.08,0.614518507801958,2.9027705112411013,0.9976351490012995,0.7083275743423828,0.8863448240238779,0.9565806642577187,0.07243365814451952,0.40222756367989854,0.2873819073399343,0.6891608205924,0.0058922701358109265,0.002209388065047855,0.0005338701996744582,0.00017220060114709606,9.287135731198606e-05,3.4807503603061834e-05,0.0003718978815902653,0.1015625,0.0001986270561459037,0.15234375,1.5B,8192
8,6,agent_8192,agent,8192,9.010913347279288,28.104223730360673,22.909353578091128,1.396516185714482,26.695095340469553,7.145712057211652,1.0915410297450514,11.587717574817557,0.07229137219852608,-18.12165471725166,41.47350919060409,7.300910318796268e-09,0.9999999999989999,0.08,0.49156631038754056,2.6764497827765954,0.9968742524780263,0.8324230097372118,0.9366585958750601,0.9734592993000253,0.3927716547986762,0.01401509153532765,0.18381821266688095,0.7950489453833139,0.007953613459964214,0.005596103526063826,0.003104509446268003,0.0017588451156572281,0.0010857364047460907,0.0004838606690233061,0.0035423869775687553,0.1015625,0.0020262998518867283,0.15234375,1.5B,8192
8,7,agent_8192,agent,8192,9.010913347279288,36.20693463254889,22.909353578091128,1.396516185714482,26.695095340469553,7.145712057211652,1.0915410297450514,11.587717574817557,0.07229137219852608,-28.774965956341475,10.90563451917842,0.0002186706694735527,0.9999816384635639,0.04,0.6201195201213731,4.146957960307356,0.9909339709818487,0.46139101306543384,0.5520440418956857,0.6734330144809565,0.06274274897271237,0.02435910827165877,0.0020994076044184625,0.0017884591249791746,0.048698878448959086,0.02167990610124813,0.007767623544097186,0.0022396747292747353,0.0005718237650697392,6.936689701233778e-05,0.049341704888534864,0.10205078125,0.04272139002791951,0.15283203125,1.5B,8192
8,8,agent_8192,agent,8192,9.010913347279288,22.558562443781675,22.909353578091128,1.396516185714482,26.695095340469553,7.145712057211652,1.0915410297450514,11.587717574817557,0.07229137219852608,-7.446114387712441,28.954897696734406,7.308230237547928e-09,0.9999999999987339,0.08,0.5558562491468645,3.445595597766774,0.9944526512056573,0.5972834521519076,0.8069950811739807,0.9139612720080919,0.00816209546234703,0.13238006908565558,0.15624864431121124,0.798110242069415,0.01375516673120604,0.006819319196830375,0.003490104564600245,0.0017776538361315665,0.001135555551141321,0.0005495925116511035,0.003073245841508206,0.1015625,0.002172245572611977,0.15234375,1.5B,8192
8,9,agent_8192,agent,8192,9.010913347279288,20.502627595773188,22.909353578091128,1.396516185714482,26.695095340469553,7.145712057211652,1.0915410297450514,11.587717574817557,0.07229137219852608,-25.67774034664035,24.61287291906774,7.820744469672327e-09,0.9999999999785463,0.08,0.6085789174013738,2.8512052790163325,0.9830387776146764,0.7994476076081378,0.8594936307153973,0.8937565315865551,0.02759802245691456,0.12497661689650474,0.24182696736316514,0.6640786890718712,0.054113458033353205,0.04255992513637267,0.02796788764368386,0.01808884611972965,0.012588309734080467,0.006831106876063153,0.025794632349946132,0.1015625,0.018512636511385096,0.15234375,1.5B,8192
8,10,agent_8192,agent,8192,9.010913347279288,24.45113835171363,22.909353578091128,1.396516185714482,26.695095340469553,7.145712057211652,1.0915410297450514,11.587717574817557,0.07229137219852608,-53.81052756309509,36.634971367777325,7.300914925791216e-09,0.9999999999989997,0.08,0.5755817616020756,1.288751521144253,0.9955850624588497,0.9453570162122689,0.9606387936020908,0.9690587138562615,0.11522864089181395,0.3250975717678637,0.7424756409357799,0.22552353390151192,0.06853250706915805,0.05199890697653399,0.03049430308504861,0.017216499406964434,0.011065210379327185,0.005249767771210149,0.03577796744853959,0.1015625,0.025239693608206788,0.15234375,1.5B,8192
8,11,agent_8192,agent,8192,9.010913347279288,28.346578173755915,22.909353578091128,1.396516185714482,26.695095340469553,7.145712057211652,1.0915410297450514,11.587717574817557,0.07229137219852608,-21.454159368760884,45.021015111822635,7.300910293620546e-09,0.9999999999989999,0.08,0.4996441887920565,2.2989819549397037,0.9984600574810015,0.8907906058500393,0.9720519475759815,0.9881069135046048,0.08294053030349731,0.4027428721232169,0.17803746540025472,0.8131323009643718,0.004132269314310744,0.0026098386149005608,0.001254618583634254,0.000579038722723322,0.0003157576062570222,0.00012028948137538312,0.001437919159032274,0.1015625,0.0009427174410322738,0.15234375,1.5B,8192
9,0,agent_8192,agent,8192,9.010913347279288,23.979365261132674,22.78437796499155,1.9219586005202889,27.919223278441503,6.63639524594855,0.9090952781083969,10.845734507674873,0.11064422726193585,-33.99825728312135,20.65879993699491,3.03939877728703e-08,0.9999999989324104,0.08,0.4356107796441862,3.5321480827468315,0.9758969687500018,0.7051687349212454,0.7719320157275061,0.8215568276614791,0.07226044513385199,0.022485217240016286,0.1738762595615717,0.6643334727639332,0.08759688395622599,0.0658275803137234,0.044007717573199635,0.02740583831301314,0.018543039424297064,0.00964949130157707,0.029882558382338012,0.1015625,0.0235911866651928,0.15234375,1.5B,8192
9,1,agent_8192,agent,8192,9.010913347279288,24.7642289141228,22.78437796499155,1.9219586005202889,27.919223278441503,6.63639524594855,0.9090952781083969,10.845734507674873,0.11064422726193585,-33.52136799134314,28.932853715494275,7.308393423945941e-09,0.9999999999987279,0.08,0.5694882197388244,3.4172344579893026,0.9890890236452177,0.632075014001147,0.7570182925040057,0.8450365921116213,0.028012144219492496,0.0031201259269053594,0.36149735777466674,0.5061915680691071,0.10753562690840827,0.06090942882124588,0.026714232496777308,0.013789424975209004,0.008456404174217476,0.003656727870466392,0.024686356574072962,0.1015625,0.01735880873758082,0.15234375,1.5B,8192
9,2,agent_8192,agent,8192,9.010913347279288,28.592483589394128,22.78437796499155,1.9219586005202889,27.919223278441503,6.63639524594855,0.9090952781083969,10.845734507674873,0.11064422726193585,-36.28323334082961,35.57718297559768,7.300920255198639e-09,0.9999999999989995,0.08,0.5883232298802867,2.466919273314923,0.9962593199478569,0.8446097685539216,0.9260538400419678,0.953957265302135,0.027011746623237798,0.038469262023803186,0.17989144206138707,0.752028289489185,0.021813820176770287,0.013275552841652993,0.006481812621095447,0.0030951378303290095,0.0017090799173926903,0.0006143463332537453,0.005299290071732201,0.1015625,0.003466968067025122,0.15234375,1.5B,8192
9,3,agent_8192,agent,8192,9.010913347279288,22.425573392887173,22.78437796499155,1.9219586005202889,27.919223278441503,6.63639524594855,0.9090952781083969,10.845734507674873,0.11064422726193585,-52.90578311495483,11.851736397482455,9.169259744538505e-05,0.9999928688909259,0.08,0.48671297157593374,3.815664405460407,0.9711222863836587,0.6092519964556748,0.6593436428710797,0.7246190628521118,0.24913765012747513,0.02429564565451381,0.4177518974503402,0.25287879046050277,0.2595563589005591,0.16312890079939182,0.08880970759390197,0.05194887642744285,0.03485570406109689,0.01735237088832394,0.1134024969942347,0.1015625,0.0931069180897598,0.15234375,1.5B,8192
9,4,agent_8192,agent,8192,9.010913347279288,28.183184298622827,22.78437796499155,1.9219586005202889,27.919223278441503,6.63639524594855,0.9090952781083969,10.845734507674873,0.11064422726193585,-40.09811959788203,27.705096653662622,7.326230474189964e-09,0.9999999999980713,0.08,0.5802826140293469,2.8229114758116,0.9952728212989488,0.7371871708578356,0.8571054013760815,0.9263217102065413,0.013629700752543883,0.07729753090322244,0.4102239061239694,0.5139489124975625,0.05294194539061832,0.029515274263984332,0.012397060522913915,0.005483055112762657,0.0030426620123272705,0.0010635091476037509,0.009880985653217609,0.1015625,0.005345256894862584,0.15234375,1.5B,8192
9,5,agent_8192,agent,8192,9.010913347279288,26.093520461574766,22.78437796499155,1.9219586005202889,27.919223278441503,6.63639524594855,0.9090952781083969,10.845734507674873,0.11064422726193585,-31.739006355404854,34.05220169201493,7.300955170802513e-09,0.9999999999989984,0.08,0.5226416437313874,2.9993063309205428,0.9939976865712031,0.7805409021156486,0.8705657368412932,0.9183778490440099,0.0958852710107545,0.03545704783415404,0.18814910069730598,0.7380086022291293,0.031204085858981233,0.01993086378963286,0.009212730961041887,0.004680246592825756,0.002774949773234357,0.0010600209787394428,0.007946452128193426,0.1015625,0.005489283522133833,0.15234375,1.5B,8192
9,6,agent_8192,agent,8192,9.010913347279288,14.132850291073504,22.722199476434174,1.6334069236315347,26.98852701498996,8.339761854673846,0.8731622988587475,11.65081389958089,0.0353891049351264,-70.8811069354415,3.885015208274126,0.18005823100406984,0.9681659938081787,0.08,0.520519837481496,6.032167121475862,0.8391805630047005,0.3246421155606652,0.3455333880250306,0.3776526337536358,0.11884028863440932,0.03356701455953104,0.2946750026786029,0.02909400398757558,0.9543897949881628,0.7251319734405723,0.44705996837387707,0.27317013677118973,0.19325468657531708,0.10872204407134135,0.5634828879759989,0.1015625,0.44633579201235096,0.15234375,1.5B,8192
9,7,agent_8192,agent,8192,9.010913347279288,25.5774261088423,22.722199476434174,1.6334069236315347,26.98852701498996,8.339761854673846,0.8731622988587475,11.65081389958089,0.0353891049351264,-52.414774276316166,4.620402002707124,0.054871579350724176,0.9902466321376852,0.08,0.5251733835790995,2.853201871083544,0.996492207444617,0.789437650553716,0.851102635537315,0.9035007222511381,0.23818532792658553,0.016103446805618482,0.2302863040346385,0.09512750443801406,0.025400872671513662,0.008550565946232602,0.0014311460785110537,0.0004333330905208777,0.000218443638670958,7.634101379788039e-05,0.0014421915424441532,0.1015625,0.0012054940609169213,0.15234375,1.5B,8192
9,8,agent_8192,agent,8192,9.010913347279288,18.12067735423425,22.722199476434174,1.6334069236315347,26.98852701498996,8.339761854673846,0.8731622988587475,11.65081389958089,0.0353891049351264,-69.99457821901888,2.884496444836259,0.22969527862372796,0.9446570740062711,0.0,0.4913321316591691,6.355253813427088,0.9209799764366375,0.14318006164888133,0.2022810747643197,0.28720748926116874,0.03420802597853356,0.0061964928883444514,0.05894542146178753,0.0004891908294769047,0.19037483779742514,0.1560454215693366,0.11799341465903786,0.0667413514339539,0.04185878988194287,0.01955184966216231,0.23858637918348163,0.10205078125,0.16994678018765225,0.15283203125,1.5B,8192
9,9,agent_8192,agent,8192,9.010913347279288,21.61453560574942,22.722199476434174,1.6334069236315347,26.98852701498996,8.339761854673846,0.8731622988587475,11.65081389958089,0.0353891049351264,-38.701938008889556,8.979524644091725,0.0012569112685492257,0.9998740528776776,0.08,0.5000791789098105,3.5084787473478607,0.9942653372836638,0.5684794636213327,0.7052041057387544,0.8243932575328938,0.0012621927457798776,0.13595972737023132,0.31087812572575135,0.5467478419529899,0.04404670412018287,0.009492295018104878,0.0031365240197644573,0.0015016618018585156,0.0009257999373913628,0.00041819408222313904,0.002774198245467684,0.1015625,0.0019195889369544908,0.15234375,1.5B,8192
9,10,agent_8192,agent,8192,9.010913347279288,28.125120246402705,22.722199476434174,1.6334069236315347,26.98852701498996,8.339761854673846,0.8731622988587475,11.65081389958089,0.0353891049351264,-24.625453332497273,34.8063034836523,7.300931338652787e-09,0.9999999999989992,0.08,0.5298347055471041,2.136234481531918,0.9989171560924339,0.865110251002698,0.9402574806275352,0.9813263476280696,0.1951037024869351,0.053190188312867814,0.07609702011086696,0.9073896669156726,0.0012096404051423744,0.00041958891212659743,0.0001295678468687848,4.6785800506978914e-05,2.3231150211124672e-05,7.269865263806618e-06,0.00025694994886887976,0.1015625,0.00015991622721989534,0.15234375,1.5B,8192
9,11,agent_8192,agent,8192,9.010913347279288,23.811677387877104,22.722199476434174,1.6334069236315347,26.98852701498996,8.339761854673846,0.8731622988587475,11.65081389958089,0.0353891049351264,-48.387542866170406,40.959998620674014,7.300910336815475e-09,0.9999999999989999,0.08,0.48712992222355217,1.939763074664002,0.9978145055233693,0.8636975044295961,0.9298521388485174,0.973819462333814,0.18710461193683736,0.001584415939357875,0.5820522766244735,0.3969568213193823,0.021823741299517474,0.0133236001926983,0.006437353242746002,0.003073117980718329,0.0017478883946572123,0.0006982124194405193,0.010269948014452109,0.1015625,0.007763928090497051,0.15234375,1.5B,8192
10,0,agent_8192,agent,8192,9.010913347279288,19.053055603041113,23.25324730000279,2.0924558088833507,28.368497111757996,9.859612070468641,1.3377960975230065,15.170637772343209,0.045389361154494365,-55.90103322453797,8.777500314638019,0.0015071934274672083,0.9998458571325024,0.08,0.4082511877573928,3.1946795098327208,0.9734669096416494,0.6575635301435707,0.7058689733315704,0.7614425397431303,0.16682152538466655,0.000216086892315559,0.5699517047001941,0.1871022658622885,0.2613073313691283,0.18992621354280845,0.10686892025828643,0.056162200764464945,0.03509890276774674,0.01675822909163579,0.14500598217893132,0.1015625,0.12185410353450857,0.15234375,1.5B,8192
10,1,agent_8192,agent,8192,9.010913347279288,25.88474623754874,23.25324730000279,2.0924558088833507,28.368497111757996,9.859612070468641,1.3377960975230065,15.170637772343209,0.045389361154494365,-11.75323436781764,29.267915536649525,7.3062689480084815e-09,0.9999999999988054,0.08,0.4168259044730631,3.5612768688574072,0.994353397665562,0.5677673867376664,0.7843564371251376,0.9093492880401967,0.28704468372885517,0.1519689759694276,0.07730757970605034,0.8638040981181738,0.017615428607742394,0.009266627449110769,0.0035453007070616045,0.0013175400837712968,0.0006746632057003447,0.00023511896671978217,0.008600462758418935,0.1015625,0.005707437494858439,0.15234375,1.5B,8192
10,2,agent_8192,agent,8192,9.010913347279288,22.35923916930734,23.25324730000279,2.0924558088833507,28.368497111757996,9.859612070468641,1.3377960975230065,15.170637772343209,0.045389361154494365,-29.847178761847317,8.094714557752013,0.003326781928817238,0.9996442250178523,0.08,0.4279812950559268,5.103220149922117,0.969772463781321,0.34965518500303233,0.46284808359783286,0.5754836122363793,0.023958597306972473,0.10374602704296065,0.11888051832624072,0.34835933129639257,0.07774698903514667,0.035315300659014316,0.019145266324521324,0.011749806404708579,0.007624717910022817,0.0036617315492294142,0.054976303109911584,0.1015625,0.03772940546170203,0.15234375,1.5B,8192
10,3,agent_8192,agent,8192,9.010913347279288,23.289966066012468,23.25324730000279,2.0924558088833507,28.368497111757996,9.859612070468641,1.3377960975230065,15.170637772343209,0.045389361154494365,-35.38377057388425,25.211578072048724,7.592086066184156e-09,0.9999999999877591,0.08,0.3938976337756873,3.884883004402921,0.979783590595482,0.5649746065222432,0.6823718557847045,0.7993833553304479,0.14511622503963229,0.014031570953095152,0.29905906427997225,0.444176836586442,0.07029528992207829,0.054535873496949355,0.031174048753160346,0.01685021337729561,0.0100346411366066,0.004705478696586443,0.04300853813579429,0.1015625,0.03283898059750634,0.15234375,1.5B,8192
10,4,agent_8192,agent,8192,9.010913347279288,24.33732047154376,23.25324730000279,2.0924558088833507,28.368497111757996,9.859612070468641,1.3377960975230065,15.170637772343209,0.045389361154494365,-81.1552402107045,1.897663312847726,0.6214411560509442,0.8196518247533976,0.04,0.5189888980778576,4.478946077621512,0.9418613706731013,0.49936175057553567,0.5290662001810559,0.5733580462300221,0.0789748490334099,0.009278902654188403,0.44152810832370415,0.006463231617277278,0.47647755398300407,0.3271098118586113,0.1497382885561272,0.06257315454621189,0.03603004483386625,0.016216589749558693,0.478591313806295,0.1015625,0.3841627742325793,0.15234375,1.5B,8192
10,5,agent_8192,agent,8192,9.010913347279288,23.831453795628377,23.25324730000279,2.0924558088833507,28.368497111757996,9.859612070468641,1.3377960975230065,15.170637772343209,0.045389361154494365,-39.87001305539161,23.8652266478166,9.597910916363089e-09,0.9999999999077498,0.08,0.4679122304628729,1.3743595721432205,0.98882408082841,0.8834771319843241,0.8941967261491944,0.9079455556472905,0.027493453491581166,0.08148427239374878,0.018907824638993063,0.8755272016650195,0.05084595457374655,0.038101637627528974,0.021816060197574778,0.011335031496219984,0.006848505944729298,0.0028466289246360825,0.033038601066674035,0.10205078125,0.023866747419204203,0.15283203125,1.5B,8192
10,6,agent_8192,agent,8192,9.010913347279288,19.901742008535056,27.11998900032433,2.804275270893914,33.830261719774086,7.471425999154299,1.226766163343634,11.87862290922876,0.08181167203321363,-37.84102981723845,11.917994579300284,8.616084767644327e-05,0.9999933307347751,0.08,0.46999047344971145,4.699264309028364,0.9533793181268535,0.4508620548913616,0.5390106836245809,0.6366034218873413,0.041194392954820636,0.05220371876832086,0.3060807112708933,0.3426032192264611,0.26149515087112696,0.18127224075142273,0.10426095545111064,0.05841952098300855,0.038750972072853475,0.01971292994814494,0.17160944794329677,0.1015625,0.1371115771634658,0.15234375,1.5B,8192
10,7,agent_8192,agent,8192,9.010913347279288,19.707768823981592,27.11998900032433,2.804275270893914,33.830261719774086,7.471425999154299,1.226766163343634,11.87862290922876,0.08181167203321363,-54.1084243071964,4.734067416400649,0.06402289609553696,0.9893590157287518,0.08,0.46415850389714514,5.54939372231987,0.9342328170041074,0.3423451157757603,0.39204746747932545,0.45966496588287165,0.03917954178833316,0.009400749193233526,0.20605257849135294,0.05103206036502017,0.31320142514805815,0.23144950530921315,0.132952563439642,0.07129892476639921,0.0422289922343779,0.01900505191166665,0.17974458464464865,0.1015625,0.11948159198778098,0.15234375,1.5B,8192
10,8,agent_8192,agent,8192,9.010913347279288,17.985287878049373,27.11998900032433,2.804275270893914,33.830261719774086,7.471425999154299,1.226766163343634,11.87862290922876,0.08181167203321363,-26.567322600632906,30.445290500298142,7.3047724713795146e-09,0.9999999999988602,0.08,0.4361388933235539,3.0228669876550587,0.9896779591192219,0.755503129682481,0.8331219012607785,0.8927485500650334,0.09275889154520113,0.0065859929888578694,0.04627496150214506,0.6654082968947502,0.03066217965106196,0.02302451655572138,0.014934821296385205,0.009001222082465466,0.005931090728471586,0.003017018832880063,0.007112066014051526,0.1015625,0.005216134689103725,0.15234375,1.5B,8192
10,9,agent_8192,agent,8192,9.010913347279288,15.956084165167082,27.11998900032433,2.804275270893914,33.830261719774086,7.471425999154299,1.226766163343634,11.87862290922876,0.08181167203321363,-50.83039040584117,0.7176428092643619,0.6677799465686394,0.6678159113015026,0.08,0.5076594912595958,6.380587861310033,0.8682792468797635,0.24028901990986226,0.2804451760568585,0.33669918939498433,0.008020292390531925,0.06927503107149935,0.18040957698349272,0.09996780248664787,0.38303365460914457,0.27072321601656657,0.19389090743746162,0.1427167133539545,0.10563915862034047,0.06311824534348301,0.2006251927334435,0.1015625,0.14659590395962976,0.15234375,1.5B,8192
10,10,agent_8192,agent,8192,9.010913347279288,19.10825928700598,27.11998900032433,2.804275270893914,33.830261719774086,7.471425999154299,1.226766163343634,11.87862290922876,0.08181167203321363,-52.11710174009204,5.943577852100134,0.01838942292561843,0.997366543415193,0.04,0.4233208255199341,5.945897131857365,0.9512493745925156,0.1565904951260502,0.2395166552322535,0.3644689401226771,0.004941591547356794,0.0019381228287734809,0.03822811915934664,0.03752805636088209,0.13984865617120895,0.1242258481487533,0.07701830457629158,0.04086721995353754,0.02476499802430918,0.011001571812077346,0.11316536575600684,0.10205078125,0.07997616992744284,0.15234375,1.5B,8192
10,11,agent_8192,agent,8192,9.010913347279288,21.41630196786528,27.11998900032433,2.804275270893914,33.830261719774086,7.471425999154299,1.226766163343634,11.87862290922876,0.08181167203321363,-22.985634744167328,18.442910593003035,1.9828881187170626e-07,0.9999999901850779,0.08,0.4210732557307157,5.180820612353264,0.9578956361059661,0.3952172273695936,0.4985252636742903,0.6093505834716068,0.7623265495077325,0.040969202343226874,0.06765966497608036,0.4633713917345832,0.12373505508748973,0.08413036925669835,0.04844086031647038,0.027803138425731334,0.019949730361546802,0.0096887528988746,0.07063148663567362,0.1015625,0.06517572719537036,0.15234375,1.5B,8192
11,0,agent_8192,agent,8192,9.010913347279288,17.99428859431647,24.257946686233844,2.202471417274324,28.718540248997325,8.482576522307532,0.861993582509037,11.298696683351565,0.03474320699162136,-50.01007783835939,6.873310459214736,0.008338169247640354,0.9989500275591553,0.08,0.49715752593641005,6.03663081242498,0.9083567752762587,0.24548113016507964,0.3015280374077387,0.38521481044978595,0.013538165700112348,0.02341934945369939,0.17236483615342477,0.032660162466798835,0.3245339025386669,0.24847351624078493,0.17144112503355802,0.1121543349856429,0.07890578332061458,0.044157104784944355,0.2444640537951087,0.1015625,0.1704787308677168,0.15234375,1.5B,8192
11,1,agent_8192,agent,8192,9.010913347279288,22.686428619143268,24.257946686233844,2.202471417274324,28.718540248997325,8.482576522307532,0.861993582509037,11.298696683351565,0.03474320699162136,-24.907559232786298,12.045173186808825,7.661899284294137e-05,0.9999941271991377,0.08,0.5354331557813695,3.9560226952235857,0.9882160709253105,0.5634967548750274,0.6846770601521446,0.8033254728478173,0.45264106871593895,0.044722790134894996,0.14038696810897494,0.628648935157854,0.0323509706733524,0.020441622653943958,0.010370570159993306,0.005211984644829454,0.002820742142694978,0.001027854764472957,0.01312222410862542,0.1015625,0.006585519622840879,0.15234375,1.5B,8192
11,2,agent_8192,agent,8192,9.010913347279288,29.000882248253532,24.257946686233844,2.202471417274324,28.718540248997325,8.482576522307532,0.861993582509037,11.298696683351565,0.03474320699162136,-12.872696127044037,32.766818925505504,7.3010776877384986e-09,0.9999999999989939,0.08,0.5001522178453558,2.4523884188557474,0.9975442843973492,0.8163194021714973,0.9070928808686948,0.9537514957994797,0.12353297143117303,0.06870862089145051,0.026556229601725333,0.9136234300917636,0.009997798392946363,0.004902728927710359,0.0014047914959451845,0.0003830765508666083,0.00014472014606080298,3.0272333861039652e-05,0.0022771167414681417,0.1015625,0.000862380589080442,0.15234375,1.5B,8192
11,3,agent_8192,agent,8192,9.010913347279288,19.61511003742961,24.257946686233844,2.202471417274324,28.718540248997325,8.482576522307532,0.861993582509037,11.298696683351565,0.03474320699162136,-57.54596188889536,3.2682779858196227,0.18649806608143205,0.9587820742097627,0.08,0.42609024974061743,6.299909685060723,0.8831145972714536,0.22747861298222857,0.26398899484463223,0.32411989780783307,0.09427296439439425,0.031064050203726712,0.18355735072863857,0.011705909517354326,0.40416297469028184,0.28281156617340775,0.18088469234390436,0.11027783484774914,0.07723375769785754,0.04506538516439052,0.3800278768094923,0.1015625,0.2806287243159041,0.15234375,1.5B,8192
11,4,agent_8192,agent,8192,9.010913347279288,27.08805802504515,24.257946686233844,2.202471417274324,28.718540248997325,8.482576522307532,0.861993582509037,11.298696683351565,0.03474320699162136,-35.98276606481522,38.28705521672964,7.300910920254295e-09,0.9999999999989999,0.08,0.5050700883853508,2.324459965585782,0.9983409705002885,0.8729125413739665,0.9696773562721455,0.9826265313847591,0.052105374365676915,0.1527188948449818,0.0731780508132856,0.9060586601208283,0.005835224848077183,0.003324484742514636,0.0011001156107681824,0.0003949414687924592,0.0001834425293923231,4.71859417983207e-05,0.0031592822084763107,0.10205078125,0.0023530351540582807,0.15234375,1.5B,8192
11,5,agent_8192,agent,8192,9.010913347279288,21.61443708132859,24.257946686233844,2.202471417274324,28.718540248997325,8.482576522307532,0.861993582509037,11.298696683351565,0.03474320699162136,-32.7443434111774,4.740967910736799,0.06404263642268852,0.9893640992635268,0.08,0.46084492883315664,5.015410217679628,0.9705972137689758,0.3275629781616001,0.47240893233695425,0.6311219347882258,0.040926254704594295,0.05332393985489203,0.06663659159597565,0.297503197825158,0.06955745759105411,0.045363905450911304,0.026176626855909654,0.016128730088804777,0.010497091171794908,0.004891430645917337,0.02100094981793161,0.1015625,0.013441275848458323,0.15234375,1.5B,8192
11,6,agent_8192,agent,8192,9.010913347279288,21.084090733933493,23.354435849030146,3.4479933219412637,30.94355487743668,7.413646920402254,0.8341829591439361,11.309910641020334,0.05080874738564944,-14.119400682662672,43.06866856684064,7.300911630426681e-09,0.9999999999989999,0.04,0.44048013477225323,3.7889908015850997,0.9865953376808636,0.6293987593774399,0.7399618769313446,0.803469514355258,0.021525217398059543,0.015721617431533663,0.07235455622184132,0.0019994447568438627,0.12144314586015503,0.07341446080837502,0.027649003394897023,0.008498786852020141,0.0031942061773353224,0.0006975623963726972,0.11777999331148101,0.1015625,0.09097640831640985,0.15234375,1.5B,8192
11,7,agent_8192,agent,8192,9.010913347279288,17.2809881484524,23.354435849030146,3.4479933219412637,30.94355487743668,7.413646920402254,0.8341829591439361,11.309910641020334,0.05080874738564944,-22.58420645665319,1.0716438047966221,0.5678749184912776,0.7449085545383339,0.08,0.3535762523633334,4.858111577098274,0.9714759456000032,0.3761591882147383,0.537896378430547,0.671991762146643,0.1344246021702069,0.13597209747026928,0.061645148014325246,0.004215839421389905,0.1930521697316869,0.11376385528383712,0.04889993499871348,0.023974416660930028,0.014522237280996506,0.007048787709487003,0.15444077068965642,0.1015625,0.11891650153647476,0.15234375,1.5B,8192
11,8,agent_8192,agent,8192,9.010913347279288,25.145256665231276,23.354435849030146,3.4479933219412637,30.94355487743668,7.413646920402254,0.8341829591439361,11.309910641020334,0.05080874738564944,-35.12186401244253,22.98617591895163,9.791964051800114e-09,0.9999999998949163,0.08,0.3567138905675884,0.5824043880690225,0.9974742596475278,0.9582041305257524,0.9644297551665798,0.9707615352147426,0.0021807833090749518,0.0062831889557313225,0.00410003446897667,0.9602091145942796,0.014756841619679306,0.010103850295038193,0.004879231509497881,0.0021468500146286534,0.0011080016391745856,0.00035412210942868937,0.01097524782471544,0.1015625,0.008024865983746963,0.15234375,1.5B,8192
11,9,agent_8192,agent,8192,9.010913347279288,23.500987410092065,23.354435849030146,3.4479933219412637,30.94355487743668,7.413646920402254,0.8341829591439361,11.309910641020334,0.05080874738564944,-68.30500775109977,4.1512081497348845,0.10053753220177296,0.9814795013531724,0.08,0.4175405426151678,2.840752792236107,0.9675326796436806,0.7091027715970105,0.7402365362411905,0.7778132194342869,0.007986659205420743,0.0104788445047177,0.6597129036020729,0.029306115974006616,0.4132527975006736,0.3048431095428444,0.17059363825944013,0.08941556458933268,0.0555568737773644,0.02606325342235925,0.2856599081325458,0.1015625,0.22118738489266476,0.15234375,1.5B,8192
11,10,agent_8192,agent,8192,9.010913347279288,17.88872096703352,23.354435849030146,3.4479933219412637,30.94355487743668,7.413646920402254,0.8341829591439361,11.309910641020334,0.05080874738564944,0.41969446213624906,33.2419582161092,7.301012812852227e-09,0.9999999999989964,0.0,0.4712991883544481,5.462252201590568,0.958079023925925,0.3318236260749576,0.4154679948588228,0.48880681174373736,0.16212322652033895,0.04653093154779342,0.02787556710299709,0.0008420039644188599,0.24142131076078152,0.14942405851727647,0.05783574762935994,0.02642631077742839,0.013292773004895835,0.004409998881243927,0.1662681809937784,0.1015625,0.1208288975015953,0.15234375,1.5B,8192
11,11,agent_8192,agent,8192,9.010913347279288,28.389477098866536,23.354435849030146,3.4479933219412637,30.94355487743668,7.413646920402254,0.8341829591439361,11.309910641020334,0.05080874738564944,-52.809847191907465,7.407962447148748,0.005704425802637366,0.9993391111962587,0.08,0.3922888782115933,4.511621257180352,0.9756843549444522,0.47143756699669453,0.5544614618976281,0.6491034031809453,0.011704285198596454,0.006916982726926424,0.24537492497602068,0.13678427960121445,0.18534784479139887,0.10516750527862283,0.046395557932532784,0.01709566219875649,0.008297861177530627,0.00249383301622018,0.12587565582705568,0.1015625,0.08636007336825595,0.15234375,1.5B,8192
12,0,agent_8192,agent,8192,9.010913347279288,21.243345935432117,21.585008171601803,1.8002924268403333,28.34451397220557,9.887069123767578,0.8453971530686151,15.220248049239379,0.03416510176314216,-18.954599652439356,2.003183053806424,0.4782816120418548,0.8576472416009754,0.08,0.5846803289540878,3.6077838698017293,0.9523093332898253,0.6250821261194672,0.6558715531960702,0.6958000158310867,0.013818476487024278,0.029946515978748534,0.5601323139586734,0.022315081141821493,0.5644670924119087,0.4286194227860054,0.252886636794181,0.14319179054894074,0.08943280183898994,0.03985159557078166,0.3466275010810816,0.1015625,0.26490360074559527,0.15234375,1.5B,8192
12,1,agent_8192,agent,8192,9.010913347279288,20.73015089350223,21.585008171601803,1.8002924268403333,28.34451397220557,9.887069123767578,0.8453971530686151,15.220248049239379,0.03416510176314216,-16.280284939333797,1.5595314534148201,0.51163719782932,0.8187313046606094,0.0,0.5631603480848353,5.387840184651688,0.9733003261309854,0.17316588855047452,0.28840810599246347,0.4319220537650827,0.06620367958503337,0.1114767284373741,0.024743067235389733,0.0026161024380020968,0.13080204140843388,0.0727578960437979,0.022678034574869766,0.01148024796631811,0.007692458292972224,0.004002149798224437,0.2668902726855504,0.10205078125,0.16058995922378796,0.15234375,1.5B,8192
12,2,agent_8192,agent,8192,9.010913347279288,22.401085193471715,21.585008171601803,1.8002924268403333,28.34451397220557,9.887069123767578,0.8453971530686151,15.220248049239379,0.03416510176314216,4.631515582092106,9.02286445707432,0.0012101265234330113,0.9998793224121921,0.08,0.5550377478592465,4.889094268349567,0.9688259611014384,0.4090706295689911,0.5021195172411917,0.5885274185023812,0.008338416803092219,0.007551619435091084,0.2162192133634025,0.0445085860229807,0.10862226936980024,0.06801409914325227,0.036640209181872246,0.018654038801338056,0.010836697450250937,0.004382711912715988,0.11228337783460646,0.1015625,0.08933272703875732,0.15234375,1.5B,8192
12,3,agent_8192,agent,8192,9.010913347279288,14.706971894609252,21.585008171601803,1.8002924268403333,28.34451397220557,9.887069123767578,0.8453971530686151,15.220248049239379,0.03416510176314216,-14.209367897361517,2.83126346746576,0.25908326781896585,0.9379981095875649,0.0,0.556353339456502,7.424233620793423,0.7871588576985077,0.10414587197600444,0.13473834153712996,0.180395813675886,0.008945521082467378,0.004158798129963892,0.06522426593531196,0.012256486907161041,0.3520843865264602,0.27761526720484636,0.19492673362101665,0.1371178630763811,0.10290862505238725,0.06254008964823672,0.2421622107508991,0.1015625,0.17404450731742085,0.15234375,1.5B,8192
12,4,agent_8192,agent,8192,9.010913347279288,15.580645899130662,21.585008171601803,1.8002924268403333,28.34451397220557,9.887069123767578,0.8453971530686151,15.220248049239379,0.03416510176314216,-34.07187299204816,15.59437566010456,2.8464231822205373e-06,0.9999998294531964,0.08,0.5311305220633261,4.551312255000676,0.9695585551558147,0.462707162285858,0.5084567192171372,0.5711215821189487,0.013639773849338087,0.019799514685781006,0.33248157266635436,0.008256428880096426,0.3050944516033502,0.1562351291512181,0.05067169319559106,0.023528201945330205,0.015154264578942853,0.007956921741720477,0.4952302114189958,0.1015625,0.38409277816140747,0.15234375,1.5B,8192
12,5,agent_8192,agent,8192,9.010913347279288,20.596887881993077,21.585008171601803,1.8002924268403333,28.34451397220557,9.887069123767578,0.8453971530686151,15.220248049239379,0.03416510176314216,-18.32182228127931,0.46556968865479575,0.8568043205414275,0.5832564498563282,0.08,0.5726592271110853,3.4021350106441877,0.9770863385301979,0.6419091608142938,0.6891250977101421,0.7473750746206324,0.21285505089811396,0.0922904161531124,0.5143255595399103,0.08307265947013166,0.2311792513500648,0.1442877396709056,0.07123431599264798,0.036948601995786354,0.02363209054010446,0.01119724138123163,0.15227946485985264,0.1015625,0.10708509014212977,0.15234375,1.5B,8192
12,6,agent_8192,agent,8192,9.010913347279288,27.58097917738019,23.688538876477313,1.5791769430293807,29.250674346950998,9.015972076973313,0.7710877973065512,12.263217522256962,0.04008479047074261,-89.33293884154409,8.01716500800103,0.004594122537559518,0.9995304666208331,0.0,0.5838572074802014,3.745715872591942,0.9746623900632196,0.5696927363331411,0.6159592961865136,0.673621462785321,0.04118935640642318,0.01042736739761807,0.49245164104527667,0.0009691716666747704,0.3262601637089522,0.2116508609249428,0.08437359083733875,0.03605028992976409,0.0171414560714836,0.003304314749443358,0.5354949540890547,0.1015625,0.4005971075488703,0.15234375,1.5B,8192
12,7,agent_8192,agent,8192,9.010913347279288,27.005231426649726,23.688538876477313,1.5791769430293807,29.250674346950998,9.015972076973313,0.7710877973065512,12.263217522256962,0.04008479047074261,-42.501645646989346,0.8664282169193029,0.6074394134120933,0.7040017519675278,0.08,0.3891270800177742,3.2103129566184143,0.9955036700287869,0.6036304208228062,0.7483795980828838,0.8660578067820378,0.09610088375102399,0.1414797633399758,0.3713020370760129,0.49187663616023497,0.02068080066292122,0.008446453218633208,0.003127967022864426,0.0012369222270867204,0.0006433235783664469,0.00020947712661875098,0.0040536979582457494,0.1015625,0.002929501565180199,0.15234375,1.5B,8192
12,8,agent_8192,agent,8192,9.010913347279288,24.458111444102546,23.688538876477313,1.5791769430293807,29.250674346950998,9.015972076973313,0.7710877973065512,12.263217522256962,0.04008479047074261,-26.871704138815403,0.16040704771876335,0.7131716405176808,0.5378657299603312,0.08,0.3728819477134141,4.627332110040434,0.9833192763291418,0.3772347466052896,0.5238157156001746,0.6916704403177208,0.29182359897767196,0.06433193804266438,0.06923406616723393,0.3949768037623005,0.04243814381301793,0.02294500323105308,0.012079195174436227,0.005535773657459919,0.0031395034885073614,0.0011011136452531226,0.018120535970141693,0.1015625,0.006516369202779085,0.15234375,1.5B,8192
12,9,agent_8192,agent,8192,9.010913347279288,25.082031430605507,23.688538876477313,1.5791769430293807,29.250674346950998,9.015972076973313,0.7710877973065512,12.263217522256962,0.04008479047074261,-3.3712288048118353,40.68210087157786,7.300910357467678e-09,0.9999999999989999,0.08,0.3795791478700163,3.1617657020058867,0.996527714493089,0.6902447450090005,0.8670475444643716,0.9383394917739465,0.21898554873640785,0.28749191447511635,0.04487455586514549,0.9094834956386513,0.009117310265467637,0.004745952834285183,0.0019166779959964623,0.0007689591355820269,0.0003993549512012739,0.00013502984424435395,0.0028505807968182218,0.1015625,0.0018769404713190024,0.15234375,1.5B,8192
12,10,agent_8192,agent,8192,9.010913347279288,19.633738220042762,23.688538876477313,1.5791769430293807,29.250674346950998,9.015972076973313,0.7710877973065512,12.263217522256962,0.04008479047074261,-23.236282121390104,9.457883596420288,0.0008164117924649021,0.9999219344065976,0.08,0.3356967586611392,3.615410202290363,0.9787062821683166,0.6552406612496916,0.7132063089950051,0.7718422916259238,0.06671222345916564,0.11502690500141666,0.021805968549296128,0.5905609195480811,0.10548897144208495,0.06556138419063422,0.03368444617542364,0.01701980038858134,0.010096689841855007,0.004256540768020783,0.04544987765605103,0.1015625,0.02966482366981863,0.15234375,1.5B,8192
12,11,agent_8192,agent,8192,9.010913347279288,27.04859520187095,23.688538876477313,1.5791769430293807,29.250674346950998,9.015972076973313,0.7710877973065512,12.263217522256962,0.04008479047074261,-19.64559554681182,22.329860296100378,1.5056935009390478e-08,0.9999999996720257,0.08,0.37501504540453884,2.381605588214943,0.9964101691102533,0.8000816661166271,0.8675823709542718,0.923460101990635,0.02734072384928976,0.13318395700072805,0.009567158572369833,0.08695201995071877,0.015492893038203372,0.00811171991599429,0.0031455666570949243,0.001253761939304115,0.0006141535850682008,0.00020414694645918074,0.0029631646963646572,0.1015625,0.002246875859282661,0.15234375,1.5B,8192
13,0,agent_8192,agent,8192,9.010913347279288,28.33555836682906,22.15043817547052,1.366424239441696,26.62822710995167,11.09615971972671,0.9818820042043122,13.745027455499436,0.025495585097608346,-20.582943730056286,0.7517925407737494,0.627355367105918,0.6795596528415933,0.08,0.45949861171685547,3.47969535432432,0.9951363180813309,0.6255018218156821,0.7746108237801805,0.8861548339391478,0.0048444009146906275,0.17728224674452508,0.06220963628348873,0.4701296435496215,0.013527742775771328,0.0042864918375378055,0.0019145030203105975,0.0009879295854582186,0.0005730633017930616,0.00023532044910737996,0.002405013963680347,0.1015625,0.0015499522696182288,0.15234375,1.5B,8192
13,1,agent_8192,agent,8192,9.010913347279288,21.936153973155193,22.15043817547052,1.366424239441696,26.62822710995167,11.09615971972671,0.9818820042043122,13.745027455499436,0.025495585097608346,-20.228892339393497,1.2965615969151258,0.5351504906530221,0.7836511975156994,0.0,0.6161442604429236,6.339584438982377,0.8987920742608655,0.2079783334849157,0.29417001729751946,0.3903998301722826,0.23717282496518544,0.08629389162170598,0.01476457004308563,0.0021319895767622533,0.24537343056607835,0.19713794332900336,0.12410023336291384,0.07796368788442684,0.055092645311603274,0.031058315604731532,0.07425714519567057,0.1015625,0.06215545434850321,0.15234375,1.5B,8192
13,2,agent_8192,agent,8192,9.010913347279288,28.277634487562448,22.15043817547052,1.366424239441696,26.62822710995167,11.09615971972671,0.9818820042043122,13.745027455499436,0.025495585097608346,-25.849409361369908,19.14524661935866,1.0490216893388411e-07,0.9999999951536511,0.08,0.4251508558961479,3.2324393305611387,0.993578657912039,0.6987240630475232,0.8094303011634486,0.9059137942823513,0.09730278543000914,0.08496555993390009,0.23423553398644945,0.6786318923224761,0.023101607398229463,0.013554166439686013,0.006028570095462657,0.0028442096970870577,0.001662935040034221,0.0006481151698119012,0.006959057056081878,0.1015625,0.0051399156094425824,0.15234375,1.5B,8192
13,3,agent_8192,agent,8192,9.010913347279288,33.607219707630044,22.15043817547052,1.366424239441696,26.62822710995167,11.09615971972671,0.9818820042043122,13.745027455499436,0.025495585097608346,-44.02865085750818,0.3538805190473795,0.6777633240391926,0.587557032164604,0.08,0.40913991056108834,2.880394659829306,0.9956134642062641,0.8075400872944325,0.8769729327949563,0.9207305945533312,0.3550274766199423,0.004808449652911051,0.1457083429185202,0.6591780360425021,0.022640759783995597,0.01181221341861343,0.004392967050393959,0.001509612405993701,0.0006820366364510877,0.0002062357624445735,0.008290343466633657,0.1015625,0.002439137400821801,0.15234375,1.5B,8192
13,4,agent_8192,agent,8192,9.010913347279288,32.11560509564068,22.15043817547052,1.366424239441696,26.62822710995167,11.09615971972671,0.9818820042043122,13.745027455499436,0.025495585097608346,-50.69486570544541,32.81038027442992,7.301066342870105e-09,0.9999999999989944,0.08,0.4062421339268405,2.221331923262862,0.9962427639860527,0.909263530887079,0.9379691351815398,0.951525418782787,0.024829746323912216,0.15986834905158176,0.14821042164251721,0.7829277581170627,0.01526457655065478,0.010049394364679809,0.00448841581120099,0.001686778212354043,0.0008171884435667275,0.0002400357539892091,0.015312376315413555,0.1015625,0.012538135808214775,0.15234375,1.5B,8192
13,5,agent_8192,agent,8192,9.010913347279288,25.148261939470235,22.15043817547052,1.366424239441696,26.62822710995167,11.09615971972671,0.9818820042043122,13.745027455499436,0.025495585097608346,-21.418936628848314,1.4433556832373142,0.48773816478215914,0.8089720269604262,0.08,0.4229650934019809,4.558706881141109,0.9757707158066087,0.42550213006345056,0.591711142831155,0.7094167295084945,0.017192142049503034,0.011129686676135397,0.05408695865423985,0.4385226585768533,0.05295825734293191,0.036063344211118696,0.021676097924988577,0.013177588790109489,0.008991627662459489,0.0047287019853509155,0.014131572753781317,0.1015625,0.011131543790536092,0.15234375,1.5B,8192
13,6,agent_8192,agent,8192,9.010913347279288,25.230960278611146,23.71780670170641,2.336843114969586,30.49402017678933,7.396939604378581,1.0590972974864084,11.913055274786952,0.07129433972368919,81.96607447136194,6.808009393978864,0.008618209457315128,0.9988963232144471,0.08,0.44669199892577927,3.088077187591249,0.9974203250917996,0.697444259289832,0.8326988700148502,0.9239141830579869,0.1438920698246342,0.05299564751512875,0.010986528633130781,0.6071278781287242,0.004573510497045318,0.001557173061108486,0.0005174421414104242,0.0001732887435425463,7.462721684783488e-05,1.9798898925819577e-05,0.0009764852485816393,0.1015625,0.0008059341198701117,0.15234375,1.5B,8192
13,7,agent_8192,agent,8192,9.010913347279288,21.26760878443796,23.71780670170641,2.336843114969586,30.49402017678933,7.396939604378581,1.0590972974864084,11.913055274786952,0.07129433972368919,39.620672050863504,4.251413780264556,0.07390762853771103,0.9859518599018264,0.08,0.45165116755218127,3.7946215610972005,0.9935348939473341,0.5308595163095239,0.6921954411601641,0.8279078941370155,0.00247647506151516,0.1010532648915996,0.10608251037684892,0.472045141743063,0.022295546454548235,0.008184211877443887,0.002686230501037646,0.0013532529910169047,0.000794017920182091,0.0003173919318366948,0.00751298089460744,0.1015625,0.004804026702356012,0.15234375,1.5B,8192
13,8,agent_8192,agent,8192,9.010913347279288,21.27820840076344,23.71780670170641,2.336843114969586,30.49402017678933,7.396939604378581,1.0590972974864084,11.913055274786952,0.07129433972368919,28.494955519214272,3.8157112933695316,0.1193348895206145,0.9763159048173375,0.08,0.4975272496310685,3.3362885657687764,0.9933989288814015,0.6803707241942045,0.8045460313730869,0.8893790321476218,0.2080184418820421,0.02012547841216339,0.13752207345649536,0.32127331702136286,0.025649625374700877,0.01805962122123122,0.008318646727740403,0.0034181288937124295,0.001646089297002266,0.0005110272371758941,0.012645436161376589,0.1015625,0.007410565780229327,0.15234375,1.5B,8192
13,9,agent_8192,agent,8192,9.010913347279288,21.028915020584822,23.71780670170641,2.336843114969586,30.49402017678933,7.396939604378581,1.0590972974864084,11.913055274786952,0.07129433972368919,40.20578207820654,10.233213443309069,0.0004040648607772073,0.9999640365861315,0.08,0.4653323083151589,4.014814267793427,0.986174591817879,0.5087994353144141,0.6369846578236813,0.7595861688071677,0.010391326573785165,0.07277125440109167,0.26548299357208094,0.43411474269487804,0.04760091355854339,0.02554557359178602,0.012164024523982634,0.005943693174262256,0.0033176220478281756,0.00125764294026929,0.023603957370048105,0.1015625,0.016584539321468788,0.15234375,1.5B,8192
13,10,agent_8192,agent,8192,9.010913347279288,17.785990177479686,23.71780670170641,2.336843114969586,30.49402017678933,7.396939604378581,1.0590972974864084,11.913055274786952,0.07129433972368919,54.54720652382821,3.5691289864480495,0.1257037823888109,0.9725851054658876,0.08,0.49708501376171593,5.09396269044627,0.9741718154621954,0.3045637526566579,0.42945606564403804,0.571589950596444,0.05228533614046249,0.001661196960633049,0.04368469421946462,0.25362230672121827,0.07776844259981638,0.030621711260553366,0.017690470098030764,0.009875545731463257,0.006839799354858912,0.0034748435536207786,0.02611863353743117,0.1015625,0.017448399324660677,0.15234375,1.5B,8192
13,11,agent_8192,agent,8192,9.010913347279288,22.293756691974718,23.71780670170641,2.336843114969586,30.49402017678933,7.396939604378581,1.0590972974864084,11.913055274786952,0.07129433972368919,49.62494531972334,3.0824269927106798,0.17995525195720932,0.9561620276245041,0.08,0.4705482128931474,3.817824444918411,0.992925230134705,0.5018103831491872,0.6838211885057645,0.8279932880760674,0.06604539709545065,0.11255342763450127,0.19680392949143313,0.6448326149416739,0.022982430859749495,0.009397503615590969,0.003061709877451156,0.0012718099166505441,0.0007156966636160862,0.0002989708571568171,0.00529854542752976,0.1015625,0.0036005656916241833,0.15234375,1.5B,8192
14,0,agent_8192,agent,8192,9.010913347279288,27.07078379651513,26.17635022603147,2.8909132082688624,44.37124010530909,12.481792289495905,0.7784774534630973,17.74187606780075,0.01939376609786402,-110.71382677555084,0.46908823028206825,0.6696559904241383,0.6149208368225074,0.04,0.600684070235539,2.5056446034772417,0.998404314113288,0.8031973116731945,0.9024349978333102,0.9616894913979376,0.0063546489373815795,0.07883698669193107,0.09409293054978443,0.0003254952341184764,0.0022488157365566502,0.0008216698607159207,0.0001747564121791117,3.809082351585737e-05,1.2448566952210646e-05,2.0551303374522426e-06,0.019156576862882323,0.1015625,0.01384151663654521,0.15234375,1.5B,8192
14,1,agent_8192,agent,8192,9.010913347279288,28.079013562033875,26.17635022603147,2.8909132082688624,44.37124010530909,12.481792289495905,0.7784774534630973,17.74187606780075,0.01939376609786402,-36.92175345122814,5.588904395699501,0.02457971379817718,0.9962728759201472,0.08,0.5008158257717464,3.292071761688888,0.992151505062528,0.6366649289986209,0.7125434923534398,0.8061640445950837,0.01842936278754026,0.01712679336088696,0.006869809888319049,0.005074369838561591,0.026432815426909374,0.015335323461379304,0.005164531566444764,0.0017846961123240527,0.0009047905813572562,0.00034369680753344636,0.035807995175768714,0.1015625,0.028702744072621203,0.15234375,1.5B,8192
14,2,agent_8192,agent,8192,9.010913347279288,17.63521105382995,26.17635022603147,2.8909132082688624,44.37124010530909,12.481792289495905,0.7784774534630973,17.74187606780075,0.01939376609786402,-42.73430334310979,4.889084104448557,0.08412079405395922,0.9867279389623327,0.0,0.6017134219477985,6.301763355505804,0.9194566529186307,0.1437424156959518,0.21919305015355736,0.3274900681595621,0.044957284663297514,0.025463482143190275,0.039089273957808084,0.0045160863676417294,0.1652961218849766,0.1404815967566439,0.09497779305223979,0.06315745849237814,0.043833953646994314,0.025711976244867277,0.0817631551676043,0.1015625,0.05973030020748774,0.15234375,1.5B,8192
14,3,agent_8192,agent,8192,9.010913347279288,29.13611865445314,26.17635022603147,2.8909132082688624,44.37124010530909,12.481792289495905,0.7784774534630973,17.74187606780075,0.01939376609786402,-79.22823427058756,10.631277554668486,0.00028112702573536034,0.9999758391564416,0.0,0.4973389337113667,4.404463835698101,0.9918979276468729,0.31763006212321815,0.43706393375316666,0.605012707587499,0.12307857572066494,0.02247244674491755,0.006083909301420961,3.1413310469588215e-06,0.021414388157331557,0.00380002168254956,0.0005787563548551666,6.417737267119983e-05,1.4674133465479932e-05,7.889710545298863e-07,0.404381407764572,0.10205078125,0.31198542106800575,0.15283203125,1.5B,8192
14,4,agent_8192,agent,8192,9.010913347279288,27.908366076089607,26.17635022603147,2.8909132082688624,44.37124010530909,12.481792289495905,0.7784774534630973,17.74187606780075,0.01939376609786402,-132.1820377483964,5.000398975040298,0.05383079547199682,0.9916047616610366,0.0,0.55802983677529,4.48516057856515,0.9917246735315854,0.17736084800614693,0.3208846861127106,0.5533823946145902,0.0411687782076382,0.08885004003197494,0.010153889372789743,6.434954168339949e-07,0.016053578554754585,0.0013706314351661967,0.00013383897861446792,1.4986915070869886e-05,2.045648061895438e-06,2.3092788604822116e-07,0.468376960521021,0.10205078125,0.17122591978297694,0.15283203125,1.5B,8192
14,5,agent_8192,agent,8192,9.010913347279288,28.064184438900774,26.17635022603147,2.8909132082688624,44.37124010530909,12.481792289495905,0.7784774534630973,17.74187606780075,0.01939376609786402,-138.69980294350535,4.511177278123796,0.06317870450341022,0.9888018228492313,0.0,0.45223754221082363,3.966454089398985,0.9948638940763411,0.41389334993994376,0.5689761690538525,0.751300236996908,0.16840271709011345,0.07307511210543105,0.12349506081660803,8.548517208466785e-08,0.007840293884105398,0.001236565063848197,0.00011176524349453104,1.1146189658769222e-05,1.3332274312284413e-06,5.4663300831844926e-08,0.3545610449931592,0.10205078125,0.255085789182155,0.15283203125,1.5B,8192
14,6,agent_8192,agent,8192,9.010913347279288,29.770026383676583,21.587619903479425,1.954127205455326,26.67043888313072,10.156734244266035,0.865766878546575,17.0560692054033,0.04864027495710317,-41.35323226451874,6.6168460957705975,0.03160209636484613,0.9961556780906424,0.0,0.5470647958050492,6.188360859346828,0.9508820092470597,0.09898276656550452,0.1648821307530828,0.2612964118788846,0.07052383692452091,0.035175675473495094,0.0069059291678101285,0.001584797252936129,0.2784652565624047,0.22387860697193318,0.08947249788329627,0.03096200565297642,0.012255876598015712,0.002677520792404138,0.09912487184852196,0.1015625,0.08707335671251958,0.15234375,1.5B,8192
14,7,agent_8192,agent,8192,9.010913347279288,23.582849460250088,21.587619903479425,1.954127205455326,26.67043888313072,10.156734244266035,0.865766878546575,17.0560692054033,0.04864027495710317,-13.858222253620625,2.072611157782376,0.35023889488310533,0.8882123495700593,0.08,0.6253312290228463,4.361368718861214,0.9871070054712502,0.44888984649222746,0.5786687208721497,0.713660740724762,0.045851619715274405,0.05634114844608994,0.12418582671592357,0.5767566503308853,0.053385792175734983,0.022691420556341806,0.006913861342733793,0.0027279711790859267,0.001542272445133684,0.0006215344746241008,0.007888846481918899,0.1015625,0.005500536256350899,0.15234375,1.5B,8192
14,8,agent_8192,agent,8192,9.010913347279288,25.339330704483324,21.587619903479425,1.954127205455326,26.67043888313072,10.156734244266035,0.865766878546575,17.0560692054033,0.04864027495710317,-39.1994036026299,0.9292269881116226,0.6074271115385678,0.7157123757395799,0.08,0.6712696581595095,3.5311847068416227,0.9911640661664848,0.6601671147228078,0.7707147710079868,0.8467563419267686,0.019481706374584684,0.031046274770367532,0.1543034318534852,0.44178596903347833,0.040656163821751586,0.02492010540073221,0.00937867659102696,0.0035184735508974837,0.001764716998293916,0.0005460812795621505,0.0143293327008192,0.1015625,0.006720119040094487,0.15234375,1.5B,8192
14,9,agent_8192,agent,8192,9.010913347279288,24.59783093791915,21.587619903479425,1.954127205455326,26.67043888313072,10.156734244266035,0.865766878546575,17.0560692054033,0.04864027495710317,-9.531118279322982,23.921895507723093,8.31390646985476e-09,0.9999999999581655,0.08,0.6648024353593127,2.951570231878846,0.9870583840949183,0.7053156549225418,0.7595187104834119,0.8147601664155338,0.14851002625898713,0.01037916193963373,0.05830953868039951,0.6808668561174973,0.06839036724016899,0.04023601899275306,0.01776264220098232,0.008317077418431356,0.004618599020649857,0.00178090501048988,0.03279471447477525,0.1015625,0.020882996655487714,0.15234375,1.5B,8192
14,10,agent_8192,agent,8192,9.010913347279288,18.76306115295469,21.587619903479425,1.954127205455326,26.67043888313072,10.156734244266035,0.865766878546575,17.0560692054033,0.04864027495710317,-26.591419175209012,5.98319825908402,0.017561822313876117,0.9974855867139721,0.04,0.7181707882451761,5.2832659644946816,0.952547082566277,0.36712360062347354,0.4675335388960101,0.5650684813774445,0.08196150115943775,0.11798639348357887,0.1530971567008962,0.1049712314316992,0.10296570258687726,0.070539168443397,0.042988118053594954,0.027950905044925322,0.020233305247757974,0.010335893818261934,0.056372531238817275,0.1015625,0.04090857569579921,0.15234375,1.5B,8192
14,11,agent_8192,agent,8192,9.010913347279288,22.13689480427649,21.587619903479425,1.954127205455326,26.67043888313072,10.156734244266035,0.865766878546575,17.0560692054033,0.04864027495710317,-27.9770549046807,7.153595634270459,0.0063718294941639605,0.9992185638877057,0.0,0.7284989308425948,4.849502780640659,0.9713097301020305,0.422585570395121,0.5443231543882693,0.6468896728671383,0.0679309417307068,0.10533787136436845,0.07056875109518862,0.13486607757145513,0.07748346786085013,0.05829996851627663,0.033603000042910475,0.016200081365490115,0.008018063455869126,0.002040424992978415,0.03539016343560098,0.1015625,0.025715240832181383,0.15234375,1.5B,8192
15,0,agent_8192,agent,8192,9.010913347279288,24.392446598990716,22.139209518413338,2.280052404860429,29.038614888983865,8.391296947275755,1.4863239704014342,14.60142190571121,0.08160248634494459,-17.777644882909954,6.192573224194348,0.019480729970291197,0.9973950889164943,0.08,0.3745567108959124,6.038402726956694,0.9303152731169853,0.21591528270818075,0.3003676073894274,0.41038130164301695,0.05168436422754552,0.18576434215419102,0.04096382018349564,0.28808085796963145,0.15756517771846934,0.1079567657949716,0.0668782502980611,0.0387976558389256,0.02673076380606255,0.013077704317515006,0.03919575191796914,0.1015625,0.029834728593555657,0.15234375,1.5B,8192
15,1,agent_8192,agent,8192,9.010913347279288,21.226678131204153,22.139209518413338,2.280052404860429,29.038614888983865,8.391296947275755,1.4863239704014342,14.60142190571121,0.08160248634494459,-36.17451807920588,1.7824630069662817,0.532392466567976,0.8364678843614377,0.04,0.40611801138132275,6.858234612719352,0.8827355671127862,0.11131721765957057,0.16058389768195075,0.2352358177014646,0.06247739241448802,0.003585790651034093,0.02666521450168107,0.03420264229486646,0.2899821267402698,0.2735300114030386,0.2008474786277584,0.12672193839920187,0.08738352509193636,0.047453008499130374,0.1565837059291119,0.1015625,0.1217813634827921,0.15234375,1.5B,8192
15,2,agent_8192,agent,8192,9.010913347279288,22.099245863894588,22.139209518413338,2.280052404860429,29.038614888983865,8.391296947275755,1.4863239704014342,14.60142190571121,0.08160248634494459,-49.10176480654627,0.14143522921949625,1.1506132270442762,0.42637009588712776,0.08,0.4238579339425754,6.397616169617801,0.8901553835369552,0.21916454264482493,0.27780186131370066,0.3486846558096428,0.07599548831217517,0.047826810697313205,0.11011118300602724,0.039190635396981845,0.3580714903167905,0.29858223866007055,0.213541040094128,0.13697060767975094,0.09534348623745084,0.054066623593996256,0.18519383137620357,0.1015625,0.13590810395411987,0.15234375,1.5B,8192
15,3,agent_8192,agent,8192,9.010913347279288,17.52194564902829,22.139209518413338,2.280052404860429,29.038614888983865,8.391296947275755,1.4863239704014342,14.60142190571121,0.08160248634494459,-49.48360569681972,0.9110935933422297,0.63352510214774,0.7098820220658684,0.08,0.39934779233849305,6.952503272266156,0.8500600049601182,0.1095808881457833,0.16169725606221144,0.24369167829113925,0.03823962491969157,0.020160333855882673,0.04822064045372468,0.011269862329894841,0.4152795891654312,0.3621914367158002,0.2740057307510574,0.18528254719016407,0.1386747346203185,0.08651914513791534,0.18696903599665773,0.1015625,0.13887052069546255,0.15234375,1.5B,8192
15,4,agent_8192,agent,8192,9.010913347279288,24.543132136649703,22.139209518413338,2.280052404860429,29.038614888983865,8.391296947275755,1.4863239704014342,14.60142190571121,0.08160248634494459,-46.24416554858908,4.420762201305479,0.12155582313591931,0.9781405421216565,0.08,0.3654165982541595,5.952228905773645,0.9244720464418145,0.26863163361066034,0.3463729813454828,0.4331715604408744,0.04248912306765096,0.027393346823833653,0.1170959652959946,0.08013421554091679,0.22220642366595855,0.17612840246278338,0.12781486755328988,0.08288244358670048,0.05689618581366581,0.0294962317366039,0.12171966266523698,0.1015625,0.0873964577181967,0.15234375,1.5B,8192
15,5,agent_8192,agent,8192,9.010913347279288,25.724484430762285,22.139209518413338,2.280052404860429,29.038614888983865,8.391296947275755,1.4863239704014342,14.60142190571121,0.08160248634494459,-78.15714454255067,1.7277504953090101,0.4247424233118068,0.8490833157593553,0.08,0.3077393223810717,1.321281980577476,0.9933280443890671,0.9107347588940876,0.9189697825260041,0.9299403641483321,0.12295132384829843,0.021390347482824534,0.09353131422527668,0.7980762866450278,0.040397500209823335,0.02702637137546866,0.013679531994016792,0.006606479465222363,0.0037535709522824954,0.001439945617739095,0.035125034351297484,0.10205078125,0.022774164238838417,0.15283203125,1.5B,8192
15,6,agent_8192,agent,8192,9.010913347279288,18.645038029600475,94.99729040651849,0.8606648576456095,97.5801431757179,11.256568881741902,1.3231397060693064,15.161623934102726,0.03961723340811641,132.36175950430334,2.2718111765861977,0.31080643947037573,0.906493133961901,0.04,0.10259979745266924,6.102534059215489,0.9347078438117655,0.20509368941895445,0.2807204926787486,0.38194550583367215,0.06880756456959602,0.026653435190622687,0.06061822987230278,0.05155920859746124,0.16801862222310954,0.13905949587254265,0.09589638348849212,0.057488505740174854,0.036501903768539436,0.015710324781047873,0.0735054685195573,0.1015625,0.06098889385703878,0.15234375,1.5B,8192
15,7,agent_8192,agent,8192,9.010913347279288,76.02430692768891,94.99729040651849,0.8606648576456095,97.5801431757179,11.256568881741902,1.3231397060693064,15.161623934102726,0.03961723340811641,3118.0760905370116,17.103306777775288,6.831951326806667e-07,0.999999962662962,0.08,0.47575567132279295,9.702620891733862e-05,0.9998779239604969,0.999999144513251,0.9999998244299056,0.9999999711832772,0.0378935571465604,0.12938779035533798,1.0168536048066138e-10,0.9999941188976716,9.34387176216323e-10,6.683463924665541e-11,1.6543501819126927e-12,4.703828519616908e-14,3.81252968746528e-15,2.3624693895884304e-15,3.126575794661424e-10,0.1015625,1.4784529545144384e-10,0.15234375,1.5B,8192
15,8,agent_8192,agent,8192,9.010913347279288,16.045528242061447,94.99729040651849,0.8606648576456095,97.5801431757179,11.256568881741902,1.3231397060693064,15.161623934102726,0.03961723340811641,189.40548216551542,2.409102715551853,0.36597812731156687,0.903092340633149,0.08,0.16115907127864382,6.639319318811932,0.9031291915876294,0.1191664294959364,0.1730938564899087,0.25789109087893186,0.01488087209743938,0.026611794104294262,0.04475918388818426,0.03256641621805,0.21231449829729088,0.21445327199946984,0.1436899063166225,0.09015171454289274,0.05929208365258915,0.029680970691849922,0.08864719050109615,0.1015625,0.06822737576858444,0.15234375,1.5B,8192
15,9,agent_8192,agent,8192,9.010913347279288,23.940118457219082,94.99729040651849,0.8606648576456095,97.5801431757179,11.256568881741902,1.3231397060693064,15.161623934102726,0.03961723340811641,197.10463689640164,21.72156347334385,1.566814785966106e-08,0.9999999996304534,0.08,0.10430747537460432,3.7870179700368674,0.9939308302091531,0.5258181089915681,0.7272219586758555,0.838714671671791,0.07989487258955563,0.4270522681870581,0.12179387412673931,0.6965349346888928,0.02410742691353371,0.007947922069482838,0.002437069726395539,0.0007932045697684597,0.00034683025079439747,9.863487290619075e-05,0.004966038398468974,0.1015625,0.003766847813003262,0.15234375,1.5B,8192
15,10,agent_8192,agent,8192,9.010913347279288,23.050134465824563,94.99729040651849,0.8606648576456095,97.5801431757179,11.256568881741902,1.3231397060693064,15.161623934102726,0.03961723340811641,237.84787157922983,2.148457668721676,0.33480682640396914,0.8955245574370637,0.08,0.13112043242841212,4.118800566713002,0.9899984876479261,0.46900832290164834,0.589671627347114,0.7371664223938688,0.10752731585081321,0.12086626656890331,0.18467682221046516,0.5436292586401767,0.031014151100451717,0.011273204556347517,0.004401940839126152,0.0020168929423848366,0.001204698754537119,0.0004883210912127557,0.005689108156309492,0.1015625,0.003815474931840244,0.15234375,1.5B,8192
15,11,agent_8192,agent,8192,9.010913347279288,22.275579430475275,94.99729040651849,0.8606648576456095,97.5801431757179,11.256568881741902,1.3231397060693064,15.161623934102726,0.03961723340811641,257.99778512492776,0.7616377845406532,0.8841844363484154,0.61522188035126,0.08,0.15343054702048192,3.7709471257977887,0.9923415449191257,0.555195736678913,0.6999678184733201,0.8313716938422546,0.10479217504327565,0.04448220538688474,0.018069172391280232,0.36059608602973875,0.03358258257698297,0.018580211065630535,0.006164984217326719,0.002534604889636723,0.001270754111151004,0.00041323274851710033,0.00520633702567587,0.1015625,0.002760568286131752,0.15234375,1.5B,8192
16,0,agent_8192,agent,8192,9.010913347279288,22.07913565431634,22.607009132656053,1.7741599102213348,27.96793578257379,10.94159779148168,0.9725473813661968,14.133373156889562,0.04315416963534134,2.099908299744129,2.000778174959123,0.7727482328287867,0.7865463359919643,0.0,0.6644759777300254,5.728178275035109,0.9629733028283716,0.19832876795843873,0.28157621455418413,0.4048691836508346,0.17803486301838412,0.005854218331586836,0.04598735919847823,0.0033633124904195962,0.08877897498655828,0.06801080453967587,0.03811169435941784,0.016731258291124748,0.008654164893087752,0.00294821237263035,0.05922941695582839,0.1015625,0.047637526639299994,0.15234375,1.5B,8192
16,1,agent_8192,agent,8192,9.010913347279288,19.08966454661739,22.607009132656053,1.7741599102213348,27.96793578257379,10.94159779148168,0.9725473813661968,14.133373156889562,0.04315416963534134,8.52261208742857,10.926710288506001,0.00021487448871204803,0.9999820013054104,0.08,0.6556164193420337,6.002043881723976,0.9215575864413235,0.2988541570874692,0.3711031452109674,0.43385678511287484,0.05679626065302257,0.01590290156369134,0.10170118659336853,0.05496941853720833,0.16501213437073214,0.13292117540017276,0.09669395687798983,0.056710125047155106,0.03614252978987169,0.01752338054297004,0.09578180435486021,0.1015625,0.07472521495096082,0.15234375,1.5B,8192
16,2,agent_8192,agent,8192,9.010913347279288,19.282887245542145,22.607009132656053,1.7741599102213348,27.96793578257379,10.94159779148168,0.9725473813661968,14.133373156889562,0.04315416963534134,3.778328164946288,8.671326120849699,0.0017726752434675465,0.9998197882131196,0.0,0.6917198028883192,6.642939493164907,0.9001107833703597,0.16610711213227777,0.19607902380352266,0.24340035818988823,0.0962139848190029,0.00487731760337784,0.0917919750853263,0.00019647450901648088,0.30020136626697064,0.1788399348250019,0.120297338174217,0.08087549643355071,0.050642395285182586,0.020536896794458134,0.2461821155436101,0.10205078125,0.16790008845127197,0.15283203125,1.5B,8192
16,3,agent_8192,agent,8192,9.010913347279288,15.228084069331457,22.607009132656053,1.7741599102213348,27.96793578257379,10.94159779148168,0.9725473813661968,14.133373156889562,0.04315416963534134,-7.869318273616955,10.015000253217295,0.0005865319612402201,0.9999483522431534,0.0,0.7237546924278527,6.313492544796204,0.8912875367698395,0.21625766920659956,0.2498922953248863,0.3041933463748978,0.029408574677779686,0.03440927718017317,0.1760054623578427,0.005093362846727638,0.31907333556185197,0.22137320244726655,0.15430313997080267,0.10404379523863178,0.0744870819618074,0.04463627213029164,0.33601188001810806,0.1015625,0.23847989926035604,0.15234375,1.5B,8192
16,4,agent_8192,agent,8192,9.010913347279288,18.07413225748915,22.607009132656053,1.7741599102213348,27.96793578257379,10.94159779148168,0.9725473813661968,14.133373156889562,0.04315416963534134,-3.9239520840346813,0.25441341660916805,0.6858822842125205,0.5632231032042316,0.04,0.7009815496773453,6.108386983977391,0.8920023383283575,0.27617771832920135,0.3214836737066815,0.37262936029443233,0.03614285608476697,0.1632909681786061,0.2059674545842703,0.009672376131542822,0.34284298404947927,0.2549230840863837,0.16970880712382858,0.10922027713118744,0.07535479299776199,0.038025383878522605,0.2591490122315967,0.1015625,0.1705373352941173,0.15234375,1.5B,8192
16,5,agent_8192,agent,8192,9.010913347279288,21.319545767008695,22.607009132656053,1.7741599102213348,27.96793578257379,10.94159779148168,0.9725473813661968,14.133373156889562,0.04315416963534134,-5.9211435238830745,3.97158643649891,0.09294516164701598,0.9814310843838862,0.04,0.7153039190185203,4.451854909442025,0.9571683853141824,0.4988188957486033,0.5412617752990072,0.601140008899472,0.1264325481681774,0.010855932358345033,0.39663862627693897,0.018335807049105354,0.30530238386150116,0.20819487771440057,0.10848564792784814,0.05259100853702296,0.028535739013472488,0.01145259007394369,0.22539272471752472,0.1015625,0.17874511866407086,0.15234375,1.5B,8192
16,6,agent_8192,agent,8192,9.010913347279288,19.97810255192904,23.895922512216107,1.8035381699777313,27.77758384260719,9.068973336429806,1.3695177195870063,14.594219999178422,0.0500563641505262,-7.708058784715831,14.48802746180445,9.291682253674969e-06,0.9999994100910943,0.08,0.45848045036353835,5.063436567454181,0.9061098586304893,0.42926909786780504,0.491349307147499,0.5601965627386485,0.002207651925000609,0.1462889294893115,0.014217802421640535,0.4903944661580346,0.15750745830692553,0.13176788889449434,0.10284939147745298,0.07688747173723584,0.05832510806672168,0.03666416685457043,0.08878880647811956,0.1015625,0.07517441696093384,0.15234375,1.5B,8192
16,7,agent_8192,agent,8192,9.010913347279288,18.174242345977213,23.895922512216107,1.8035381699777313,27.77758384260719,9.068973336429806,1.3695177195870063,14.594219999178422,0.0500563641505262,-64.20234439335763,1.8361537531018257,0.680911657160594,0.7796015091032362,0.08,0.6475898881269513,2.8363311282053396,0.9545659671033392,0.7121872401889736,0.7271246711304922,0.7460990950019564,0.002985851335905565,0.055024038356700444,0.6908995160558244,0.04021064731200251,0.6046778940042479,0.45436598588602034,0.258597686629386,0.1367236896169348,0.08759390057320868,0.046475129737869283,0.41326648787598885,0.1015625,0.3350339974130107,0.15234375,1.5B,8192
16,8,agent_8192,agent,8192,9.010913347279288,27.339110834310407,23.895922512216107,1.8035381699777313,27.77758384260719,9.068973336429806,1.3695177195870063,14.594219999178422,0.0500563641505262,-37.30103257019073,1.6234443867579103,0.4474313676612762,0.835269605218841,0.08,0.47681032669521073,2.733801665371651,0.994787199952181,0.6829037390303103,0.7734221195783566,0.8744985697903895,0.30676018920884185,0.036508717071622065,0.5329846655966878,0.3759197836834261,0.0534993435059395,0.02623375571810827,0.010152870742579099,0.004152580850232508,0.0021469877968860445,0.0008231600682162363,0.014911803190179361,0.1015625,0.011725200182051589,0.15234375,1.5B,8192
16,9,agent_8192,agent,8192,9.010913347279288,19.102112356611126,23.895922512216107,1.8035381699777313,27.77758384260719,9.068973336429806,1.3695177195870063,14.594219999178422,0.0500563641505262,-51.847310823519365,10.338857225942775,0.0006523172333836483,0.9999434079916798,0.08,0.43299940665709485,4.755093887526715,0.934172702963573,0.47972075622917165,0.5252434371691022,0.5845377368953282,0.17479141541273568,0.00964917852342495,0.3614448820676684,0.04256989133738349,0.3722299825590791,0.26678546372765205,0.14681267575015364,0.08541015488563178,0.05801905457357453,0.03317321117195364,0.23036763028665658,0.1015625,0.1747938156438168,0.15234375,1.5B,8192
16,10,agent_8192,agent,8192,9.010913347279288,22.71530845737462,23.895922512216107,1.8035381699777313,27.77758384260719,9.068973336429806,1.3695177195870063,14.594219999178422,0.0500563641505262,-67.310294568073,2.135776196140796,0.3407649342686306,0.8939768396519155,0.08,0.6497948208657301,1.653845534004941,0.9863309719046528,0.850976567284868,0.8681216705047768,0.8883775598985826,0.14751818447298026,0.04016206912081888,0.8054211065054944,0.031445789173010566,0.23106111510241842,0.1621809116339051,0.08303751300236803,0.042815901295877576,0.026897233832989597,0.013317411575950483,0.17891010282760114,0.1015625,0.13959182205520163,0.15234375,1.5B,8192
16,11,agent_8192,agent,8192,9.010913347279288,21.58879021354651,23.895922512216107,1.8035381699777313,27.77758384260719,9.068973336429806,1.3695177195870063,14.594219999178422,0.0500563641505262,-53.102827361515665,0.820075456322229,0.9372195108042587,0.636687657113893,0.0,0.6107601124320009,6.550997713295959,0.91412418156242,0.12089713800817926,0.16925259288288655,0.2462269289116843,0.08268533113576382,0.0020442907401724275,0.06657325103409661,0.0007726060046484822,0.23675299949915737,0.17923843836838602,0.10995194179887424,0.07026021533114686,0.04605694892010239,0.023068147647234655,0.2520031552848411,0.1015625,0.14382058814362284,0.15234375,1.5B,8192
17,0,agent_8192,agent,8192,9.010913347279288,24.239119041404958,23.31451380872088,2.061560979919892,28.28706794456014,9.162136545244676,1.2085917799144652,13.821713030098117,0.05780006845992329,12.602632253430784,11.35774342622608,0.00014432811833940036,0.9999883214297342,0.08,0.5848367739341535,3.3058762449259733,0.9964561392914089,0.6383278701154045,0.7635496215765673,0.888519237634364,0.1852118601904862,0.004061312469358036,0.04119960246990181,0.8607641748537238,0.009939888659392413,0.002816423673316606,0.0008691019801571319,0.0003236181525697469,0.00016453832035635873,5.684845693594895e-05,0.000948952709579064,0.1015625,0.00043142819350770197,0.15234375,1.5B,8192
17,1,agent_8192,agent,8192,9.010913347279288,19.814055506597686,23.31451380872088,2.061560979919892,28.28706794456014,9.162136545244676,1.2085917799144652,13.821713030098117,0.05780006845992329,-6.11460867524147,7.597383890300989,0.006665336688470864,0.999244859006237,0.08,0.6578394732534919,3.819328977992151,0.9924218160523023,0.5714743125650429,0.716339303141866,0.8293522787732764,0.1609833913441423,0.09528013709654704,0.0655270756346342,0.5291665210337064,0.02302106874839434,0.011055658583592236,0.004936459614624201,0.0025743524555236767,0.001618815129323164,0.0007430133421756262,0.00971033468897214,0.1015625,0.006727918684508609,0.15234375,1.5B,8192
17,2,agent_8192,agent,8192,9.010913347279288,20.078275022080753,23.31451380872088,2.061560979919892,28.28706794456014,9.162136545244676,1.2085917799144652,13.821713030098117,0.05780006845992329,-21.226756657939404,3.869605279993266,0.25562631080496745,0.9500112303849503,0.0,0.5756662327527574,6.903098155010219,0.8701296741094449,0.12200471436714011,0.1764887497765583,0.2566628109249381,0.14236071676755047,0.06509910288179377,0.028169248625377036,0.0020697808126265474,0.33557061714743985,0.2540565907296965,0.15601313270413913,0.09435594707791166,0.06785219240885565,0.03819275667738249,0.1840362457006122,0.1015625,0.1526000509739183,0.15234375,1.5B,8192
17,3,agent_8192,agent,8192,9.010913347279288,17.024635321818774,23.31451380872088,2.061560979919892,28.28706794456014,9.162136545244676,1.2085917799144652,13.821713030098117,0.05780006845992329,-9.309994041919708,0.13099725916981697,0.691202193969947,0.5326933256803261,0.08,0.6009032504313004,5.140105344964648,0.9543118763906278,0.3956218962762015,0.5152125080738463,0.6115531570949789,0.015314036333009096,0.01659658600661984,0.04773907078960635,0.2603716838942334,0.09460269560294023,0.07919432520539359,0.056258079686977755,0.036830640647376234,0.025785746236341292,0.013604593960523903,0.04114766328113289,0.1015625,0.03316336386898684,0.15234375,1.5B,8192
17,4,agent_8192,agent,8192,9.010913347279288,20.90186687674757,23.31451380872088,2.061560979919892,28.28706794456014,9.162136545244676,1.2085917799144652,13.821713030098117,0.05780006845992329,-23.769405003637075,10.777928542345762,0.0002562551132748668,0.9999784710253411,0.08,0.6887843254911462,3.9299018128117984,0.9881306418291772,0.5839486017485078,0.702146644621845,0.7940511772640085,0.10243361632717995,0.1904495965689046,0.1439735408382494,0.1951319742896684,0.049523177280876365,0.03698024317599343,0.01563576873536578,0.005973077482445897,0.0030424701790277096,0.001072646885010782,0.023316096383486626,0.1015625,0.015151014886683738,0.15234375,1.5B,8192
17,5,agent_8192,agent,8192,9.010913347279288,19.71186063360949,23.31451380872088,2.061560979919892,28.28706794456014,9.162136545244676,1.2085917799144652,13.821713030098117,0.05780006845992329,-7.6801719181239605,8.788732187822461,0.0014956637696071685,0.9998473572678981,0.08,0.6717495576431447,4.2277838669664085,0.985607963613277,0.49293369395857367,0.623647313151615,0.74420516037448,0.04913979039554883,0.08900996098029346,0.12310776657353799,0.42499481089442986,0.06675507332862093,0.04082697649960547,0.01862953947098535,0.009043721816946446,0.005135283587220774,0.001996133924377735,0.02082549973067641,0.1015625,0.017203018049236126,0.15234375,1.5B,8192
17,6,agent_8192,agent,8192,9.010913347279288,20.96092889844595,20.912826162352722,1.8095091509541874,25.093128818163663,11.310177197388743,0.8607759580383583,19.125089872782507,0.037513670872196876,-38.70552796125412,2.2058194491255563,0.5891570845150125,0.8325799761730308,0.0,0.5523813862562232,6.704981013490855,0.8883188730787688,0.1483060938895262,0.19141808202253213,0.2561149108689803,0.13260596565696184,0.007616904903434307,0.08158788760875303,0.006220319578799307,0.23703031125160937,0.20770228765124724,0.16053866587139676,0.10467406960983607,0.07024206100128523,0.03751839596386294,0.1660824094494364,0.1015625,0.1345061364047096,0.15234375,1.5B,8192
17,7,agent_8192,agent,8192,9.010913347279288,18.109608756902617,20.912826162352722,1.8095091509541874,25.093128818163663,11.310177197388743,0.8607759580383583,19.125089872782507,0.037513670872196876,-58.037640352369635,11.664605168523849,0.00011237172384730123,0.9999911975450714,0.08,0.44900838566829493,2.1899790248485407,0.9691375267015717,0.7976102930537616,0.8117982031680496,0.8293109770329838,0.2279656364908269,0.013036446981261385,0.7615668810323141,0.01836420101259663,0.5286108047417043,0.41192357531785084,0.2584477660694604,0.15912575951479077,0.11155577903992804,0.06250918358277194,0.35955041260618614,0.1015625,0.29701168410211454,0.15234375,1.5B,8192
17,8,agent_8192,agent,8192,9.010913347279288,37.0331850825901,20.912826162352722,1.8095091509541874,25.093128818163663,11.310177197388743,0.8607759580383583,19.125089872782507,0.037513670872196876,4.682686202228069,3.686056046746671,0.11491350304745175,0.9755424747573705,0.08,0.32605136310642735,3.8665653998881093,0.9949188178117744,0.4876276144941783,0.6725133673215793,0.8129087510259616,0.04597415953705042,0.28536994709313834,0.034668345146544884,0.702600374645813,0.01616775413440529,0.003483903120442396,0.0004957152780528651,0.0001269068661310622,5.874687514939768e-05,1.946168226939447e-05,0.0008012668576138265,0.1015625,0.0005253372534732518,0.15234375,1.5B,8192
17,9,agent_8192,agent,8192,9.010913347279288,26.331940542556318,20.912826162352722,1.8095091509541874,25.093128818163663,11.310177197388743,0.8607759580383583,19.125089872782507,0.037513670872196876,-39.94049746776,12.276648567523807,0.00011390907426442052,0.9999917925988325,0.04,0.6007075639785439,5.430693531432873,0.9679680264837144,0.26779741918651784,0.3597631622076042,0.47341396738681674,0.010554498097794962,0.018632447377090022,0.1100878141871845,0.005652794581031986,0.1427721995538353,0.09512643080042144,0.041043678084094995,0.014710005617715129,0.0071561356829356335,0.0024975312328040303,0.14129974316598579,0.1015625,0.11062463503082628,0.15234375,1.5B,8192
17,10,agent_8192,agent,8192,9.010913347279288,19.61406897258568,20.912826162352722,1.8095091509541874,25.093128818163663,11.310177197388743,0.8607759580383583,19.125089872782507,0.037513670872196876,-22.268240351229906,0.8413670444861054,0.6212599409227811,0.6978719801476723,0.08,0.4784062533488712,6.456130705934551,0.8964121427392426,0.19681984284409718,0.2657218754075029,0.34827609505226875,0.016881435482280716,0.041412797923804034,0.05754129128861423,0.1334743822983871,0.14204139272447508,0.11697340965765675,0.10121711303004517,0.0735916805767739,0.055795442810899556,0.03379236341201851,0.09544230727556106,0.1015625,0.07844385180520858,0.15234375,1.5B,8192
17,11,agent_8192,agent,8192,9.010913347279288,17.118827624595887,20.912826162352722,1.8095091509541874,25.093128818163663,11.310177197388743,0.8607759580383583,19.125089872782507,0.037513670872196876,-46.616522894764785,16.44660636264598,1.7526827068095553e-06,0.9999999027751988,0.08,0.637868377490897,4.115556347517696,0.9497252234997596,0.5647196640020027,0.5983045250174718,0.6403284330740762,0.006036377010851801,0.04844153301955689,0.47775515986287975,0.020909993993207764,0.45118354512919157,0.3200817149282976,0.18196762801583347,0.10560441530164287,0.07018115792055449,0.03747153113524279,0.33871329099172753,0.1015625,0.2441190779575009,0.15234375,1.5B,8192
18,0,agent_8192,agent,8192,9.010913347279288,30.19068749305536,24.90125854937662,1.536914180233018,28.468494322012862,8.773052401429746,0.7886065393197526,12.707388756534414,0.08586893207733119,-13.032851375639439,3.9647797867655754,0.09557354369714514,0.9810554243282065,0.08,0.3629733130301845,3.799740881124674,0.9932486339792788,0.5701926353139962,0.7081325654569804,0.8237294689710063,0.07680765808297996,0.032993817419783134,0.036010965498781106,0.30555768446345394,0.05299306811736534,0.015732424212350334,0.004666741014272466,0.0018284138304700051,0.0010183164822346426,0.000417647688125591,0.0020668993123130323,0.1015625,0.0013999713642867141,0.15234375,1.5B,8192
18,1,agent_8192,agent,8192,9.010913347279288,15.75156543536027,24.90125854937662,1.536914180233018,28.468494322012862,8.773052401429746,0.7886065393197526,12.707388756534414,0.08586893207733119,-42.431049353443086,6.267667474137852,0.029101706527913666,0.9961572734847237,0.0,0.47550358046883173,6.8428595115454804,0.8742846727985472,0.11318323814571675,0.1634316615845789,0.23692088174834308,0.04065223696900078,0.035427228938832434,0.061927358801206936,0.013541184012599202,0.40218837021252696,0.3426152277960915,0.24022560926395103,0.15406826832625342,0.10805069285656176,0.060797025721801415,0.14050956439635626,0.1015625,0.11274465809009317,0.15234375,1.5B,8192
18,2,agent_8192,agent,8192,9.010913347279288,31.553577991991936,24.90125854937662,1.536914180233018,28.468494322012862,8.773052401429746,0.7886065393197526,12.707388756534414,0.08586893207733119,-2.5398443900048733,15.829220907762647,2.259586505228961e-06,0.999999866258653,0.08,0.31300235528331655,3.2078628522465884,0.996517276198833,0.6602762714519563,0.8245553076802717,0.9205783086495628,0.05291410389997209,0.09382461675664766,0.015311304552042831,0.8428626851415149,0.013029823660105643,0.005191938127717337,0.0016817801797404052,0.0006539500158081694,0.00031291290256829597,9.488737667011555e-05,0.002496803965046877,0.1015625,0.001275775850696113,0.15234375,1.5B,8192
18,3,agent_8192,agent,8192,9.010913347279288,18.33909326222972,24.90125854937662,1.536914180233018,28.468494322012862,8.773052401429746,0.7886065393197526,12.707388756534414,0.08586893207733119,-27.723921698052436,6.835854425327852,0.008520972931908925,0.9989181655899106,0.08,0.43453407850198345,6.536100875011772,0.9014643465347276,0.13874351528372697,0.20647687856664845,0.3049419895815164,0.03903722241762386,0.005975390521056223,0.05989146071305941,0.019539581311008185,0.3661056250905468,0.26653378647288495,0.17249981900165204,0.10201841811782905,0.06891629755894138,0.03609636049046936,0.07350241958374994,0.1015625,0.061885980433167315,0.15234375,1.5B,8192
18,4,agent_8192,agent,8192,9.010913347279288,30.891444167880387,24.90125854937662,1.536914180233018,28.468494322012862,8.773052401429746,0.7886065393197526,12.707388756534414,0.08586893207733119,-40.07464312016964,4.044118024408817,0.09112686657596542,0.9823116553052645,0.08,0.3418142314339498,3.398988611835406,0.993789232574708,0.6658532132701582,0.7866376836485033,0.8728563850535171,0.0004140506397710131,0.11606609877172555,0.06667808483655777,0.34876576909049484,0.03709818737255361,0.018809780630213147,0.0067472851795941854,0.0024215129661969786,0.0011250259912445589,0.0003185516469604011,0.012883143626756239,0.1015625,0.0034313426722417666,0.15234375,1.5B,8192
18,5,agent_8192,agent,8192,9.010913347279288,22.37827832963585,24.90125854937662,1.536914180233018,28.468494322012862,8.773052401429746,0.7886065393197526,12.707388756534414,0.08586893207733119,-8.603221043944359,4.9061205461621284,0.043420439935718785,0.9926530868928652,0.08,0.36319580760787074,4.9292307295316515,0.9797321140570381,0.2541595464952789,0.3939374953725187,0.6040401894984619,0.08477082042035566,0.027885071471232176,0.04796952734813513,0.5604859936110962,0.05134718987028108,0.027918998545713444,0.010549414000705531,0.005823855933530842,0.003949327779134649,0.0017786494292949173,0.014260811519963012,0.1015625,0.00849173223780399,0.15234375,1.5B,8192
18,6,agent_8192,agent,8192,9.010913347279288,14.69501708462333,26.608844017441374,1.017710809374417,29.29259422932758,12.345333066031042,0.920807923630494,17.460021260730098,0.028032525570195074,122.79167722165585,4.96821928396821,0.05103186063079877,0.9920375026057979,0.08,0.5591609039305895,6.644097217000544,0.8494204773034733,0.21257994991858373,0.2488302122784824,0.2982082097434279,0.030703641965398987,0.002742916901087966,0.1491235974444823,0.04535588683018083,0.32588202002173194,0.25012726026312515,0.1914419674008453,0.13123408359581248,0.09535694227520246,0.05700093190548819,0.15158128233092805,0.1015625,0.10921010569683298,0.15234375,1.5B,8192
18,7,agent_8192,agent,8192,9.010913347279288,24.120662568906504,26.608844017441374,1.017710809374417,29.29259422932758,12.345333066031042,0.920807923630494,17.460021260730098,0.028032525570195074,256.0080911917612,6.513754746876657,0.015162581864541162,0.9980539485869104,0.08,0.5351137540666949,4.333337427773131,0.9913689617726124,0.38033053992362365,0.5445585121279158,0.7059466451396565,0.20925618418733194,0.02535455361321226,0.06849786181060355,0.4887514534009202,0.01631808073635002,0.004955161731281174,0.0013434568716976377,0.0005495760210136466,0.0002943768315238727,9.94335553029486e-05,0.0045653674868011964,0.1015625,0.0028022262542451754,0.15234375,1.5B,8192
18,8,agent_8192,agent,8192,9.010913347279288,34.051582153054525,26.608844017441374,1.017710809374417,29.29259422932758,12.345333066031042,0.920807923630494,17.460021260730098,0.028032525570195074,226.22309722565114,47.14835236268118,7.3009102930382294e-09,0.9999999999989999,0.08,0.4118179517849254,1.042572023946811,0.9996233288376418,0.9855340699435078,0.9929186939423351,0.9964287490864402,0.1973107874051152,0.14573319694991582,0.03148375385383503,0.9556280116193263,0.0007627634244434324,0.0003251072750362942,8.393789831717837e-05,1.9919491771380477e-05,6.3510718239267566e-06,1.0527073912645535e-06,0.0007277873822362076,0.1015625,0.0004316514722669712,0.15234375,1.5B,8192
18,9,agent_8192,agent,8192,9.010913347279288,24.286358665334333,26.608844017441374,1.017710809374417,29.29259422932758,12.345333066031042,0.920807923630494,17.460021260730098,0.028032525570195074,270.47494892030954,2.607726212590933,0.2523650310727433,0.9311275790853776,0.08,0.5744102839887137,4.8584670193490345,0.9803851819807232,0.3575239566680437,0.46436823515081965,0.6068275382954805,0.01221436743269777,0.00926033696741868,0.08566209731345523,0.23884639585051298,0.05348606778823321,0.022206219441786048,0.00735066199181093,0.003973380467561965,0.002688316091144431,0.0011330672831441678,0.015185468517342555,0.1015625,0.00956685407548517,0.15234375,1.5B,8192
18,10,agent_8192,agent,8192,9.010913347279288,20.987630956512717,26.608844017441374,1.017710809374417,29.29259422932758,12.345333066031042,0.920807923630494,17.460021260730098,0.028032525570195074,285.1868034172803,0.49126217514276505,0.6640564413031638,0.620393457587246,0.08,0.6592955514318865,3.921058602890933,0.9826151832390522,0.5822437906234058,0.6575459911414834,0.7427331507080255,0.22527806630436586,0.019837204505062545,3.523288187579274e-05,0.1759193303953043,0.059129882005203895,0.03960458023063894,0.020670780218127946,0.010434353627348491,0.006364048462258702,0.0028317557518676623,0.024030995785580395,0.1015625,0.018600794631280542,0.15234375,1.5B,8192
18,11,agent_8192,agent,8192,9.010913347279288,27.469438909847,26.608844017441374,1.017710809374417,29.29259422932758,12.345333066031042,0.920807923630494,17.460021260730098,0.028032525570195074,214.5449666902423,14.338042471557856,9.103004687400706e-06,0.9999994069821512,0.08,0.39763728284430216,3.8410336121194995,0.9948053593677078,0.479407740333831,0.6676059956784515,0.8428638834899517,0.19132924344417646,0.011324563166937196,0.06400155205823757,0.6807178093752408,0.007191661224123384,0.0029550882302653465,0.0009327194503034412,0.0003173426278539431,0.00013989955481556287,3.692293933274554e-05,0.0026448462180975593,0.1015625,0.0013532942082983203,0.15234375,1.5B,8192
19,0,agent_8192,agent,8192,9.010913347279288,29.369043135057858,24.609719490913996,1.5458356150420052,28.502189075322246,10.039500612575406,0.8716613309945614,15.374575132706315,0.09153147590215946,10.039174932986498,0.4219962563365698,0.8922761234475896,0.5658407051736496,0.04,0.6420739728871951,3.9986702434275703,0.9939223235631359,0.46142142972395955,0.641154701063127,0.7750079675217281,0.06471871967144871,0.05205916034628544,0.000992630075529951,0.0001268504906461704,0.02510228318546511,0.008153480069248669,0.002412369043138281,0.0008915484364142551,0.0004195376632729895,0.00011744874495055551,0.034350117924908136,0.1015625,0.023654443233970545,0.15234375,1.5B,8192
19,1,agent_8192,agent,8192,9.010913347279288,33.46644741796459,24.609719490913996,1.5458356150420052,28.502189075322246,10.039500612575406,0.8716613309945614,15.374575132706315,0.09153147590215946,35.99326386116445,0.9378157574683428,0.6790091108373361,0.7070587855431529,0.0,0.6093076162221661,5.022539931251089,0.9858106719975561,0.1385054624387888,0.23715556790136744,0.3975761849728392,0.0624109584445236,0.02514607422705417,9.264652502039453e-06,1.5697238916555867e-05,0.14863922502687346,0.019564492395774097,0.0007330033128374171,0.0001982307802092036,5.293942627256107e-05,4.361373348765331e-06,0.08818320339925978,0.1015625,0.08095225985273455,0.15234375,1.5B,8192
19,2,agent_8192,agent,8192,9.010913347279288,21.352291146389064,24.609719490913996,1.5458356150420052,28.502189075322246,10.039500612575406,0.8716613309945614,15.374575132706315,0.09153147590215946,-28.345395363867283,2.7251343950629234,0.37617722838255513,0.9052310347333544,0.08,0.6446878105480038,4.690089578439743,0.9766971175896,0.3818898218347937,0.5077834173081475,0.6662812843292968,0.07487484575711933,0.08029198019622408,0.10423089778841418,0.061310354239399595,0.09627009319283049,0.070969156333657,0.04348651276701609,0.022090692083886983,0.013843282150519444,0.006560164134245804,0.0704156105802457,0.1015625,0.04717241413003573,0.15234375,1.5B,8192
19,3,agent_8192,agent,8192,9.010913347279288,33.51641541106968,24.609719490913996,1.5458356150420052,28.502189075322246,10.039500612575406,0.8716613309945614,15.374575132706315,0.09153147590215946,40.36281797289848,9.82616126164794,0.0006253710593488056,0.9999430442291751,0.04,0.6224990162822707,2.3188943012348022,0.9989835487791132,0.8978326376298364,0.9671082964064837,0.9876564274623008,0.12791901483159762,0.16588215642505588,1.6231276675800611e-06,1.494991340416164e-05,0.000710128203391497,9.479585401934175e-05,1.1202453737281883e-05,1.7964537731343646e-06,3.9476974502280245e-07,6.719030136589415e-08,0.006878200747308991,0.1015625,0.00435625086805831,0.15234375,1.5B,8192
19,4,agent_8192,agent,8192,9.010913347279288,22.278822936545595,24.609719490913996,1.5458356150420052,28.502189075322246,10.039500612575406,0.8716613309945614,15.374575132706315,0.09153147590215946,35.00848438870162,13.530069636646658,1.9337474046990963e-05,0.9999986696464455,0.04,0.6053678796327812,3.886009822377136,0.9885079407775595,0.60384902932687,0.7077313984958142,0.7866530063266336,0.127898700050614,0.161498167683499,0.0023049410602815905,0.016064702153011225,0.04764010981464661,0.03309307896435096,0.015065996223346374,0.0066920259019611445,0.003739752086959813,0.0011978225268464023,0.03192784400283353,0.1015625,0.029988372966950602,0.15234375,1.5B,8192
19,5,agent_8192,agent,8192,9.010913347279288,33.70123408053993,24.609719490913996,1.5458356150420052,28.502189075322246,10.039500612575406,0.8716613309945614,15.374575132706315,0.09153147590215946,-38.94118421105668,0.25946618197485805,1.5410867083152338,0.41809805381968307,0.0,0.6343752706435642,4.411487676282608,0.9919687107629457,0.21830446394344186,0.350956690193649,0.5634957439161606,0.08761995791640409,0.019385590486555415,0.0005476438357179942,2.2451159250668787e-06,0.009383017814645058,0.0014054783812267576,0.0002948695090217519,3.64414488895243e-05,7.986167710231905e-06,1.0360728146350892e-06,0.07818355090124329,0.10205078125,0.03796090484415906,0.15283203125,1.5B,8192
19,6,agent_8192,agent,8192,9.010913347279288,22.296532992858978,22.72153385374945,1.8368627432001896,26.846627606584256,9.573280678412813,1.3450206096085322,15.851031249969022,0.04195102328270718,-10.63417924195528,6.106960494071245,0.01765450457561704,0.9975830605143904,0.08,0.4879335360577837,1.7070603026923643,0.9881456322305091,0.8366139439464702,0.8579718820921737,0.8861910309210924,0.030218742473280436,0.04376752127668343,0.007034274290062564,0.8693224634978328,0.05259956678470251,0.03707918942626171,0.021066751649880283,0.011592718128513322,0.006975945237055031,0.0030333795091379632,0.025676829593733706,0.1015625,0.018354136011379755,0.15234375,1.5B,8192
19,7,agent_8192,agent,8192,9.010913347279288,25.095846685045984,22.72153385374945,1.8368627432001896,26.846627606584256,9.573280678412813,1.3450206096085322,15.851031249969022,0.04195102328270718,-10.194215164519846,18.84645528718829,1.3694081059429622e-07,0.9999999934663633,0.08,0.45404079605205366,3.5009458573012973,0.9938515110784341,0.6058548095947426,0.7634118048605997,0.8899984655688846,0.07586460127412459,0.010985302109849215,0.07179154557196192,0.8579168353894226,0.020312831946564247,0.010745491709050764,0.004804312362404635,0.002113014518577727,0.0011413879876592133,0.00041567291272717017,0.00517336707496781,0.1015625,0.0032972218265584488,0.15234375,1.5B,8192
19,8,agent_8192,agent,8192,9.010913347279288,22.55106196616167,22.72153385374945,1.8368627432001896,26.846627606584256,9.573280678412813,1.3450206096085322,15.851031249969022,0.04195102328270718,-24.856400769902393,3.76088650804013,0.11064771151794603,0.9770388281570005,0.08,0.41502997214468257,4.7524908376988515,0.9796584022463458,0.35400035533350216,0.5042669454693507,0.6662759823769467,0.20262416683989776,0.0249874334892597,0.05496148156180007,0.48254068841976516,0.07890984873513915,0.04554776456419556,0.015898452652041435,0.006723611599370765,0.003911065449928689,0.0016481994308168368,0.027077405323917027,0.1015625,0.017372840692838572,0.15234375,1.5B,8192
19,9,agent_8192,agent,8192,9.010913347279288,25.201251826528676,22.72153385374945,1.8368627432001896,26.846627606584256,9.573280678412813,1.3450206096085322,15.851031249969022,0.04195102328270718,-38.53350631147623,0.6478710230439901,0.6709523584274958,0.6536596632709734,0.08,0.3701710019083096,4.90580001745223,0.9738199582407951,0.3806357972013976,0.5029991583652937,0.6279809398688881,0.025169334019076728,0.15615314650219525,0.1133125018497433,0.17945882749399503,0.0947432240735258,0.05700316193699451,0.02965960767057667,0.014880314969348817,0.009457454333706218,0.004093773449951066,0.03971168937232611,0.1015625,0.02687724689360577,0.15234375,1.5B,8192
19,10,agent_8192,agent,8192,9.010913347279288,21.91077706635213,22.72153385374945,1.8368627432001896,26.846627606584256,9.573280678412813,1.3450206096085322,15.851031249969022,0.04195102328270718,-28.871268833843715,5.529811878832334,0.027633573756796245,0.9958675486540363,0.08,0.42992197974375945,4.5649897574809986,0.984381559898481,0.38233306265966677,0.5449275700652876,0.7150887231658842,0.13816496152624425,0.003503920397801674,0.08058639684401561,0.2408313608775766,0.06362569348691713,0.03721047322747609,0.016915277736399694,0.00746670794044576,0.0038668909921311086,0.001260391331308721,0.04520424592859609,0.1015625,0.03419713430285676,0.15234375,1.5B,8192
19,11,agent_8192,agent,8192,9.010913347279288,26.93239306677504,22.72153385374945,1.8368627432001896,26.846627606584256,9.573280678412813,1.3450206096085322,15.851031249969022,0.04195102328270718,-21.143250048160553,9.721801789477468,0.0006428698381376859,0.9999400417267319,0.08,0.4223510038098157,4.001804872950021,0.9916857986628594,0.4797967401848741,0.6673344811388302,0.8336625241990251,0.03501393167397859,0.0541790994111781,0.06851051893935639,0.7053733040587691,0.03900286465549246,0.01936617034880799,0.005603245731770451,0.001849908988618398,0.0008601090016498983,0.0002721037256271217,0.01320548428478396,0.1015625,0.009060566614919685,0.15234375,1.5B,8192
20,0,agent_8192,agent,8192,9.010913347279288,20.439040315544712,23.973632343390612,1.5732316489727216,29.01540666373773,10.693861871933727,1.9309841727134875,15.749921698697289,0.13505057894907838,-28.19007054530084,6.1769517082720995,0.015139283865881648,0.9979050881053996,0.08,0.49440167456169704,5.051620474538774,0.9620163501171558,0.4179518996121861,0.49216846720511204,0.5892637012754811,0.35975614228862207,0.015290117996479058,0.11582298413698303,0.27741487850827773,0.14845942577436394,0.08094523214824724,0.04546110089092234,0.02470858903313271,0.016305608052972265,0.008129673359898566,0.05536393141238724,0.1015625,0.03276834417098863,0.15234375,1.5B,8192
20,1,agent_8192,agent,8192,9.010913347279288,23.108534761542675,23.973632343390612,1.5732316489727216,29.01540666373773,10.693861871933727,1.9309841727134875,15.749921698697289,0.13505057894907838,-48.44514426961541,1.2759738257154822,0.7639642708541856,0.718449442585373,0.08,0.4517772030622096,4.02021152957148,0.9827878440799436,0.5881149440717612,0.6967263106844255,0.7726732226607324,0.10300217204523576,0.039632241088188636,0.07645372961114677,0.06672611749096075,0.09480369021018818,0.07041834149312833,0.035690449114091694,0.015713016614599666,0.008898788917330232,0.003833173481388833,0.02903051065842548,0.1015625,0.020290717396248686,0.15234375,1.5B,8192
20,2,agent_8192,agent,8192,9.010913347279288,21.02718902990178,23.973632343390612,1.5732316489727216,29.01540666373773,10.693861871933727,1.9309841727134875,15.749921698697289,0.13505057894907838,-45.14530934393406,2.811201423406601,0.21785095029637028,0.9432781218647337,0.08,0.5556610606114738,3.1103600321870175,0.9866454046543772,0.6811939743219795,0.7809671148054901,0.8408544236096955,0.026234411222727294,0.14784128221366455,0.47942590735405927,0.2993224031608179,0.09907489076261625,0.06075468638127365,0.03188745402432151,0.01824059100097646,0.01260710912043569,0.006715897758203703,0.04679253390216365,0.1015625,0.034169533478238874,0.15234375,1.5B,8192
20,3,agent_8192,agent,8192,9.010913347279288,20.898833346316763,23.973632343390612,1.5732316489727216,29.01540666373773,10.693861871933727,1.9309841727134875,15.749921698697289,0.13505057894907838,-51.96904383227229,1.5453392751514912,0.49588062639727726,0.8198832277847563,0.08,0.4911993259766645,4.694889176805016,0.9547352240040435,0.49578156362475434,0.583131652663706,0.6580394165846234,0.025523752136560773,0.16706635642766643,0.22093983895302738,0.0511152882627148,0.1841709816695215,0.14277822621390776,0.09342455321402332,0.05480157330958853,0.03711906886400678,0.021009522621688433,0.07767673350743023,0.1015625,0.06466749935028156,0.15234375,1.5B,8192
20,4,agent_8192,agent,8192,9.010913347279288,19.801727130496637,23.973632343390612,1.5732316489727216,29.01540666373773,10.693861871933727,1.9309841727134875,15.749921698697289,0.13505057894907838,-55.679062246344984,2.707691978197545,0.2356491435256073,0.937310326097002,0.08,0.5296859800513247,4.165443871632691,0.9714487728428601,0.5756852956236697,0.6606668840344436,0.7291916679005778,0.25109048220637886,0.03726927802642521,0.31278847433236256,0.054720334122669675,0.18512184951696792,0.13752852631516138,0.07486959928800525,0.039311282788200376,0.02368042821485506,0.011476109882920938,0.11260478154769173,0.1015625,0.07111612501212353,0.15234375,1.5B,8192
20,5,agent_8192,agent,8192,9.010913347279288,16.7734249916261,23.973632343390612,1.5732316489727216,29.01540666373773,10.693861871933727,1.9309841727134875,15.749921698697289,0.13505057894907838,-48.65554451197386,0.4784864764660597,0.7532900558179871,0.6044959033829871,0.08,0.5533095450521552,5.541274818077559,0.9099771437188728,0.35964846481933227,0.40861354029086006,0.47303165057441793,0.23974054663663802,0.05027499468676533,0.2702400658734641,0.04530138131214284,0.3623186371802436,0.27029918638797445,0.1663439579982211,0.10440506761402393,0.07601618274169927,0.045484005005958165,0.14083857524776805,0.1015625,0.10601573751537587,0.15234375,1.5B,8192
20,6,agent_8192,agent,8192,9.010913347279288,22.83671542310389,22.11169373722158,2.03157515686845,27.217330617499364,11.605105451216108,2.2148652694346835,24.748023496759316,0.09194324105267886,-11.914618785209314,7.358118808762811,0.006392018672014682,0.9992641230040444,0.08,0.6387988165093886,4.101404662190458,0.9735457324020446,0.5564417006857986,0.6510411573586357,0.7270132162502728,0.009346392929544756,0.26469662023642715,0.36556930409318955,0.11006295398116867,0.17707062827577086,0.1160203014016194,0.06308892359075463,0.03355999128742726,0.02095051413001886,0.010268342126740526,0.09929364550620255,0.1015625,0.07181410392409573,0.15234375,1.5B,8192
20,7,agent_8192,agent,8192,9.010913347279288,22.980169174677183,22.11169373722158,2.03157515686845,27.217330617499364,11.605105451216108,2.2148652694346835,24.748023496759316,0.09194324105267886,16.257861115038395,2.6253388226032257,0.24719263561813062,0.9324745136625453,0.08,0.41469947820605674,3.498691144396602,0.9642274748821915,0.6287066450085583,0.6794864794576564,0.7350113325180436,0.14494930442173848,0.007740900931753725,0.009256189264916876,0.6602009935817563,0.12936481495291827,0.09187239568370349,0.05085668942797637,0.029933765098508223,0.020290025896424722,0.010442934867274432,0.056360565145332435,0.1015625,0.04392274694135928,0.15234375,1.5B,8192
20,8,agent_8192,agent,8192,9.010913347279288,27.725997080913192,22.11169373722158,2.03157515686845,27.217330617499364,11.605105451216108,2.2148652694346835,24.748023496759316,0.09194324105267886,0.686881079338491,5.40637085121125,0.02863362930432926,0.9955321011842283,0.08,0.5165446441649346,3.4251843451491633,0.991564178751512,0.6097891999195644,0.7121411719996266,0.8072638218742689,0.019370881236425053,0.006019960813356429,0.3854129533572989,0.41030912332486175,0.06163394941491914,0.02509438722154768,0.008596247473338117,0.003948316494729111,0.0023202709946114775,0.0010539339172089869,0.007355648936163767,0.1015625,0.0047007354246904,0.15234375,1.5B,8192
20,9,agent_8192,agent,8192,9.010913347279288,21.814106082811243,22.11169373722158,2.03157515686845,27.217330617499364,11.605105451216108,2.2148652694346835,24.748023496759316,0.09194324105267886,-27.660583967808634,0.30428981548175216,0.6999169313186373,0.5741239068289153,0.04,0.7310770293030157,3.708131825516587,0.933025319767765,0.6242469442569836,0.653950187309692,0.6845159612150515,0.23307243051345639,0.013801997069256514,0.5802774914062844,0.006469214159880226,0.46318519487055565,0.3635759228953014,0.24036972226510536,0.1590042597611656,0.11469374102316257,0.06363701059689811,0.3361767496565201,0.1015625,0.26679050731924364,0.15234375,1.5B,8192
20,10,agent_8192,agent,8192,9.010913347279288,20.812653838930107,22.11169373722158,2.03157515686845,27.217330617499364,11.605105451216108,2.2148652694346835,24.748023496759316,0.09194324105267886,-21.633474752306938,0.6344029493629932,0.6502341262786612,0.6530698454275414,0.08,0.62407048480314,3.3032579731732046,0.9692773743087366,0.638345399115452,0.6845235761119651,0.7363740259276546,0.007980042150204168,0.10826711948272422,0.573212692733498,0.10821276650505379,0.29724329788345705,0.19899027708796163,0.10816557198975597,0.06039320526013288,0.03939438723453927,0.02042405150353243,0.12545854347850632,0.1015625,0.09503065225180499,0.15234375,1.5B,8192
20,11,agent_8192,agent,8192,9.010913347279288,19.902529957268026,22.11169373722158,2.03157515686845,27.217330617499364,11.605105451216108,2.2148652694346835,24.748023496759316,0.09194324105267886,-9.586821712553501,7.670639101415873,0.004603680949092321,0.9994828075118068,0.08,0.6864408160822608,4.331172810148166,0.9509144041712123,0.5130081959993503,0.5786789329607303,0.6462518825594733,0.03225810203217705,0.059780057330063585,0.41109857357236296,0.17076520365502,0.26149738268262424,0.17702205476913582,0.10296340906776424,0.062275187432790244,0.04373989316424727,0.025672210333621485,0.10658657905393126,0.1015625,0.07892317313176866,0.15234375,1.5B,8192
21,0,agent_8192,agent,8192,9.010913347279288,20.861382717135783,22.106452840062893,2.201419106745309,28.238411919305598,8.388154634600749,0.8972348286798687,15.613384074697365,0.0327920538185637,-69.28093213960528,1.6009608693420887,0.48902556855770235,0.8270411852452132,0.08,0.6729487919624042,1.0304412793806557,0.9935469426973118,0.9058214896508471,0.9178384596722378,0.9326634963503285,0.10686598965082794,0.043749229544429724,0.8855414546704263,0.035025877127706245,0.054926988020587056,0.034852883204673626,0.017520472689279507,0.009754985711497369,0.006362224815335852,0.003150194580720778,0.020686524823424205,0.1015625,0.015408595293651345,0.15234375,1.5B,8192
21,1,agent_8192,agent,8192,9.010913347279288,20.340124702308124,22.106452840062893,2.201419106745309,28.238411919305598,8.388154634600749,0.8972348286798687,15.613384074697365,0.0327920538185637,-31.729530785232782,1.9629443399608135,0.3791510748025252,0.8761773828202639,0.08,0.5053416273595114,4.926242621386223,0.945408311406305,0.3974463505965972,0.46649943070353167,0.5559720627823777,0.019455322447416767,0.045514339560065675,0.2992409873894867,0.28409061950934256,0.17657602764907093,0.10032530558476102,0.051251551166944916,0.03091715345401216,0.022273594887348407,0.012926409715460704,0.04138445591541855,0.1015625,0.031201763105141018,0.15234375,1.5B,8192
21,2,agent_8192,agent,8192,9.010913347279288,21.378927260795763,22.106452840062893,2.201419106745309,28.238411919305598,8.388154634600749,0.8972348286798687,15.613384074697365,0.0327920538185637,-10.535375721752644,2.9098809100687504,0.20408553660619244,0.9482701994153078,0.08,0.5882887108666393,5.780681586662209,0.9412488485611348,0.23667939769793764,0.33796554745651153,0.46730283212104645,0.014841633381474817,0.013852099135423845,0.06749813836425263,0.2756344236127779,0.058333757292288256,0.03967162750095339,0.032090027147646014,0.021389145643742648,0.014023881933079097,0.007344166468856917,0.03399816970282356,0.1015625,0.02264237024208238,0.15234375,1.5B,8192
21,3,agent_8192,agent,8192,9.010913347279288,28.63338756634321,22.106452840062893,2.201419106745309,28.238411919305598,8.388154634600749,0.8972348286798687,15.613384074697365,0.0327920538185637,-22.79353778064251,11.562639214098454,0.00011956704294579136,0.9999904838097186,0.08,0.396288362305574,3.8209120336858184,0.9913572041027665,0.5512891709134805,0.7207008064864825,0.825152063428556,0.2796457307157828,0.06470441081637945,0.20505010307338556,0.5140322174641994,0.028406081022862177,0.013786444366798606,0.004917247987740536,0.00186548947920279,0.0009361348137010204,0.00032169132810050963,0.006322184226955222,0.1015625,0.003187902526065552,0.15234375,1.5B,8192
21,4,agent_8192,agent,8192,9.010913347279288,21.656723920032004,22.106452840062893,2.201419106745309,28.238411919305598,8.388154634600749,0.8972348286798687,15.613384074697365,0.0327920538185637,-31.832271061837673,2.8215205520391464,0.2382926882040989,0.9406179895511344,0.08,0.5670247034094232,4.6461849085057,0.9632484828320205,0.4501513900448584,0.5255584958117562,0.6192356342558032,0.04225727325399253,0.009712404064547542,0.3080072435573266,0.22009355976952255,0.12779604957087182,0.07658920385882953,0.03763525972368492,0.021530044187301468,0.014396574820431662,0.007466923205352811,0.03334151657877755,0.1015625,0.023841498917080917,0.15234375,1.5B,8192
21,5,agent_8192,agent,8192,9.010913347279288,18.255995719207075,22.106452840062893,2.201419106745309,28.238411919305598,8.388154634600749,0.8972348286798687,15.613384074697365,0.0327920538185637,-25.407951729372144,18.366794284433126,2.2158548381293785e-07,0.9999999890100103,0.08,0.7490017230439705,5.356869237433848,0.9210282104362102,0.3834118209870132,0.46371115493008747,0.5541388128718288,0.00921156252698041,0.001854313820509379,0.27817214677689905,0.043827971798326607,0.19549065087237957,0.14347138352923203,0.09320162876196214,0.061920990888531986,0.04432852712711667,0.02541899993215333,0.11888831597490854,0.1015625,0.09539079404163506,0.15234375,1.5B,8192
21,6,agent_8192,agent,8192,9.010913347279288,15.60427981694737,21.20810795888289,1.4979585210862196,24.684972947592435,13.048483150079523,1.4754678899839233,21.00026012015458,0.08042573529350254,-42.942705096676946,0.20826555248640943,1.0501682282960285,0.442897429269583,0.08,0.6619455688878367,6.061657262533117,0.8985172214324026,0.269137461173975,0.34153498291804124,0.4272529701626816,0.06133597146311609,0.02170343534698782,0.1578022544751045,0.030306845672706476,0.25259503129652133,0.19640952175203538,0.135487986153425,0.09723563858139556,0.07473642775973637,0.047694676386650925,0.12395484636176748,0.1015625,0.09509508248252906,0.15234375,1.5B,8192
21,7,agent_8192,agent,8192,9.010913347279288,24.04959053064712,21.20810795888289,1.4979585210862196,24.684972947592435,13.048483150079523,1.4754678899839233,21.00026012015458,0.08042573529350254,-51.1637759283185,6.9244375843554735,0.00792316714050654,0.9990065982217264,0.08,0.5404735257007953,3.079856225638161,0.9769482620838259,0.6710701217142642,0.718122871222266,0.7717060233830079,0.09922253223283173,0.15922312294772833,0.5903077764786109,0.1494103572823545,0.40763002434789913,0.27418091590572835,0.13461657006414235,0.06926957250651845,0.042908812780916475,0.019739733249206685,0.18088208129821717,0.1015625,0.09463022109999172,0.15234375,1.5B,8192
21,8,agent_8192,agent,8192,9.010913347279288,21.24036771745591,21.20810795888289,1.4979585210862196,24.684972947592435,13.048483150079523,1.4754678899839233,21.00026012015458,0.08042573529350254,-56.077841222286224,1.249521665275097,0.8194307724581819,0.6919336527262583,0.08,0.6092237702668832,3.0647486312924275,0.983877514220418,0.6992947945549437,0.7545121331465358,0.810146261060167,0.04040142107351263,0.021115149635472896,0.5209395231015501,0.09365046943287346,0.1897713187741611,0.11945368390443288,0.05695089155986641,0.02971268188206786,0.019154059271425217,0.009489033425457968,0.08488736486757416,0.1015625,0.06290228817566203,0.15234375,1.5B,8192
21,9,agent_8192,agent,8192,9.010913347279288,19.31001036222675,21.20810795888289,1.4979585210862196,24.684972947592435,13.048483150079523,1.4754678899839233,21.00026012015458,0.08042573529350254,-48.42772229760885,1.515100248157978,0.7264051644500108,0.7486440993892488,0.08,0.6704238551611459,4.203807564401783,0.9690852932899493,0.530821777375719,0.6169182325319122,0.6978916043682813,0.06406114454098177,0.10035484946492579,0.35554136436288947,0.07482774542360077,0.18394666529462947,0.1220559578190368,0.0674817985644999,0.03823313597435124,0.024832267647451924,0.012649249164054497,0.08042632675532986,0.1015625,0.05875520219170906,0.15234375,1.5B,8192
21,10,agent_8192,agent,8192,9.010913347279288,22.390382801351187,21.20810795888289,1.4979585210862196,24.684972947592435,13.048483150079523,1.4754678899839233,21.00026012015458,0.08042573529350254,-38.92338516190648,3.3425207547843456,0.22278778964232282,0.9520872038388526,0.08,0.5763606506734963,4.703395619681595,0.9688043463445389,0.44378927821793174,0.5325330921092676,0.6327129657569633,0.13127167019009178,0.08366739485291608,0.22036845221751739,0.15463603822423344,0.1418879258004133,0.08382055639030196,0.042121009213805384,0.024859426575573062,0.01647419686312018,0.008465787067087947,0.06865191835420936,0.1015625,0.0513993524040727,0.15234375,1.5B,8192
21,11,agent_8192,agent,8192,9.010913347279288,17.560954730601324,21.20810795888289,1.4979585210862196,24.684972947592435,13.048483150079523,1.4754678899839233,21.00026012015458,0.08042573529350254,-49.10015481058508,0.38811028469353914,1.0424795997317755,0.494400190253673,0.04,0.6828405583433125,6.315583523546157,0.8913969684406597,0.22841138406040773,0.289088530094463,0.36040785532667147,0.0728181849169085,0.007410696178738574,0.1386503631647948,0.010014140012029552,0.27102062461258103,0.20912412149557436,0.1524633179489015,0.10581104347260963,0.07679283643289417,0.048928104551512114,0.16636945694951014,0.1015625,0.1191859378083669,0.15234375,1.5B,8192
22,0,agent_8192,agent,8192,9.010913347279288,26.318595411271968,23.476158134215154,1.3296262058818067,27.155135680855608,15.093963274243961,1.522489583510367,18.802812076264217,0.08240870731301815,-59.61289248988032,31.173985712230206,7.301727026557684e-09,0.9999999999989704,0.08,0.37578386170896316,2.0402198351628718,0.9961221800259455,0.917684923234345,0.9411920053158616,0.9554192222449842,0.21913823985384528,0.4410229790909028,0.32416427791836505,0.6192161283781986,0.019860153779823312,0.013019110709709618,0.006067829098512941,0.002670289954670629,0.0014347676325941448,0.0005101146099467113,0.012328259932490777,0.1015625,0.005855725899727802,0.15234375,1.5B,8192
22,1,agent_8192,agent,8192,9.010913347279288,23.865197076541218,23.476158134215154,1.3296262058818067,27.155135680855608,15.093963274243961,1.522489583510367,18.802812076264217,0.08240870731301815,-48.31676270067692,27.221262589097023,7.342014851670496e-09,0.9999999999974836,0.08,0.3609013643959893,3.1400781479827122,0.9822870880769046,0.7181258878970166,0.7734202317262445,0.822669928562985,0.09527982099518306,0.009040372565040755,0.49160541869661695,0.3174647278115817,0.1542685331062332,0.10311608376447491,0.050459052284378456,0.02448263484893957,0.014520893671993955,0.006647460722912155,0.08988205147411191,0.1015625,0.06220145961821198,0.15234375,1.5B,8192
22,2,agent_8192,agent,8192,9.010913347279288,38.587013760280236,23.476158134215154,1.3296262058818067,27.155135680855608,15.093963274243961,1.522489583510367,18.802812076264217,0.08240870731301815,-151.6575031611137,29.548279635608196,7.305069790929111e-09,0.9999999999988489,0.08,0.3572039333421916,0.8567955150810819,0.9997071062015059,0.9952269385716292,0.9966266563791022,0.9977790649814856,0.0854220945969697,0.02206800031825029,0.08760082507246775,0.9059811825026726,0.0008672035789284064,0.00037523048766488726,6.703752928276322e-05,1.00137450848261e-05,2.5131246215932784e-06,2.3279699728991355e-07,0.0015793538406865244,0.10205078125,0.001049538246892448,0.15234375,1.5B,8192
22,3,agent_8192,agent,8192,9.010913347279288,25.773973624454317,23.476158134215154,1.3296262058818067,27.155135680855608,15.093963274243961,1.522489583510367,18.802812076264217,0.08240870731301815,-43.27186517510563,28.727025147061795,7.3100964293803344e-09,0.9999999999986657,0.08,0.36870490299625575,2.3558586128543824,0.9939273694350413,0.8683633671202341,0.9109871530618828,0.9353005330398602,0.5409515553299895,0.2904496960099139,0.14364355369714493,0.7752682814229891,0.028438111991427352,0.01940053583784013,0.009436928716804285,0.004500187212536496,0.0025388285378963684,0.0009995812350635188,0.01968843558520067,0.1015625,0.011854977515082151,0.15234375,1.5B,8192
22,4,agent_8192,agent,8192,9.010913347279288,26.303337037860118,23.476158134215154,1.3296262058818067,27.155135680855608,15.093963274243961,1.522489583510367,18.802812076264217,0.08240870731301815,-70.58614448818844,5.554665202391334,0.03758966128567961,0.9945779195701121,0.08,0.365462133500459,5.060335076189027,0.9777367409575928,0.273980982345425,0.3633428534710723,0.49324128539723244,0.05952668364770641,0.020742950816273087,0.12854778725784133,0.007581927488020009,0.07735164694121742,0.053045520091050055,0.02116016654899396,0.010938588356206537,0.007205852216063496,0.0036338762632083703,0.26412442993589175,0.1015625,0.14724446905456492,0.15234375,1.5B,8192
22,5,agent_8192,agent,8192,9.010913347279288,20.841816221884542,23.476158134215154,1.3296262058818067,27.155135680855608,15.093963274243961,1.522489583510367,18.802812076264217,0.08240870731301815,-44.562590876594186,5.353468982968479,0.030890133319582576,0.9952018035091466,0.08,0.30404392860596724,5.38839065102738,0.9581020359117036,0.31830215885231017,0.41401286619233924,0.5167953766421878,0.1795298222717776,0.10364700302238422,0.013746508929102069,0.1206297238286756,0.16934974553361465,0.12223711464002456,0.06673993603771872,0.03616213630189593,0.02207136174962166,0.010322515407827757,0.09696920278061923,0.1015625,0.08351897404617237,0.15234375,1.5B,8192
22,6,agent_8192,agent,8192,9.010913347279288,15.342674252622457,24.74105808602927,1.6932596785036491,29.91074049928163,11.164526986426791,2.7623143007733755,22.301299687324807,0.19159845722404814,-58.1780204627139,7.517353715054924,0.004771534461914037,0.9994451496188999,0.08,0.42654548238283263,3.9075093060607493,0.9324431356341374,0.5924984132189947,0.6287539896718778,0.673359225883763,0.10087706999139989,0.1008381263033753,0.5254128377341561,0.05145924646412685,0.5184896816504289,0.39328945717025776,0.2556162939425927,0.17363348252115868,0.12971118144249855,0.08113664441589674,0.26886633056432774,0.1015625,0.2254077987039391,0.15234375,1.5B,8192
22,7,agent_8192,agent,8192,9.010913347279288,24.04747232236855,24.74105808602927,1.6932596785036491,29.91074049928163,11.164526986426791,2.7623143007733755,22.301299687324807,0.19159845722404814,-62.93810475990176,10.565773148089647,0.0003013939401085671,0.9999740234487234,0.08,0.42691472371323436,3.0990057436633895,0.9910955938519858,0.7180047094343606,0.7954200300401374,0.8540125197277658,0.09661836275704072,0.051655556856588625,0.4333941322220169,0.017265560594339827,0.05618796220695868,0.03437498763102769,0.016761410124581207,0.007126161635989544,0.003977942569225022,0.0016574869252394438,0.05081516173009732,0.1015625,0.035139293836483815,0.15234375,1.5B,8192
22,8,agent_8192,agent,8192,9.010913347279288,18.90023107166674,24.74105808602927,1.6932596785036491,29.91074049928163,11.164526986426791,2.7623143007733755,22.301299687324807,0.19159845722404814,-60.77384480088949,8.891263788798824,0.0025631432403527043,0.999750895571828,0.08,0.4992475133672117,2.4643216633340295,0.9871985904382015,0.7497305370944032,0.7923472918293175,0.8394760834966092,0.14676708548566753,0.017785042840929854,0.6675786081034873,0.1393250692365941,0.217065193887872,0.12550543901791258,0.05632850894394011,0.0301537936537534,0.02052132180164125,0.011251097601904953,0.054659865211798504,0.1015625,0.04047495873212448,0.15234375,1.5B,8192
22,9,agent_8192,agent,8192,9.010913347279288,23.616037460022515,24.74105808602927,1.6932596785036491,29.91074049928163,11.164526986426791,2.7623143007733755,22.301299687324807,0.19159845722404814,-25.253189239650965,5.82490836456418,0.020266913921521076,0.9970419073134626,0.08,0.4671218817724254,3.820897039766879,0.991673899094917,0.6039724138631519,0.7137305213585866,0.8083371735070488,0.15266538942079738,0.027509880225788264,0.06368180770263529,0.5930280264365271,0.0637977274114942,0.026640429956691667,0.009368510168610069,0.003928763687886868,0.0021792248134852137,0.0008485672185677973,0.0055466978461436505,0.1015625,0.0031597116999568645,0.15234375,1.5B,8192
22,10,agent_8192,agent,8192,9.010913347279288,19.309559840552208,24.74105808602927,1.6932596785036491,29.91074049928163,11.164526986426791,2.7623143007733755,22.301299687324807,0.19159845722404814,-81.5200151061872,12.728918192326091,4.194837321005889e-05,0.999996969676274,0.08,0.4922243434186885,3.141638501830536,0.9770673612941906,0.6792333675424639,0.7232546183561515,0.7637346590502762,0.05191226277415595,0.17449296831007377,0.5803741604241419,0.022875489638947602,0.25886114394434984,0.17866898276450377,0.08563355335605084,0.04187638698058422,0.025863419502440258,0.01163623297436781,0.2637683231941488,0.1015625,0.19621979063362494,0.15234375,1.5B,8192
22,11,agent_8192,agent,8192,9.010913347279288,18.237425262175147,24.74105808602927,1.6932596785036491,29.91074049928163,11.164526986426791,2.7623143007733755,22.301299687324807,0.19159845722404814,-81.25675963691901,2.662743642111309,0.40572542856040994,0.8956001487576445,0.08,0.45154831926145766,2.113183868575449,0.9742183578008796,0.8013659025377441,0.822348999223825,0.8420950814125726,0.06451889092594687,0.015680877234091284,0.764131130460884,0.02945359050340291,0.3952001695409381,0.30550259049587203,0.18701915544791617,0.11802604961384675,0.08073695979407727,0.043745178334199004,0.25948884529492194,0.1015625,0.19634338568136014,0.15234375,1.5B,8192
23,0,agent_8192,agent,8192,9.010913347279288,26.61310503089578,24.578460523696712,2.1656258871098477,32.51390588075445,15.357713982347796,2.7559792663958436,28.469718536728237,0.09637945050869526,-52.45152179374418,11.048514445879846,0.00019187310635432334,0.999984080936936,0.08,0.49907669184108155,3.676949929584336,0.9950797453526222,0.5599801483865304,0.6668393427023901,0.8011591820865497,0.0875234100231781,0.07108289379659416,0.008558739154098159,0.0008273428845534656,0.01182222221408215,0.00493972638695993,0.0011951689973958475,0.00041488855337927267,0.00014853124458878074,3.522828029382618e-05,0.053047821920722986,0.1015625,0.036794613472599,0.15234375,1.5B,8192
23,1,agent_8192,agent,8192,9.010913347279288,25.46913265016879,24.578460523696712,2.1656258871098477,32.51390588075445,15.357713982347796,2.7559792663958436,28.469718536728237,0.09637945050869526,-45.85622078910819,20.029084924753988,5.0045076360696375e-08,0.9999999979711884,0.04,0.5140491084171962,3.8571563017294586,0.9939928396964485,0.5268884098795336,0.6245135233914941,0.7444963958379616,0.037409268783753724,0.031416060682490254,0.007852537673925606,0.0011388213151466197,0.02737357432674516,0.011212672356340606,0.0011899948918066992,0.00010102576354368795,3.871894298703621e-05,1.3501561071495776e-05,0.0549804328377145,0.1015625,0.042427003644692436,0.15234375,1.5B,8192
23,2,agent_8192,agent,8192,9.010913347279288,23.140419751119293,24.578460523696712,2.1656258871098477,32.51390588075445,15.357713982347796,2.7559792663958436,28.469718536728237,0.09637945050869526,-57.439094478111656,27.804750301096647,7.327565060738524e-09,0.9999999999980251,0.0,0.5040833496107859,4.047730301120627,0.9939104546498642,0.43978615107020663,0.599297232051676,0.78100447165605,0.1664119423108379,0.015838406348757328,0.018522268008910846,0.0010799138670311954,0.023909547614383936,0.007727097945250967,0.0013218750497970345,0.0005126541717410011,0.00022698952808543828,6.929072707411672e-05,0.047815769491526175,0.1015625,0.038297964858271256,0.15234375,1.5B,8192
23,3,agent_8192,agent,8192,9.010913347279288,18.95350417963111,24.578460523696712,2.1656258871098477,32.51390588075445,15.357713982347796,2.7559792663958436,28.469718536728237,0.09637945050869526,-53.4281935053441,6.95187221285596,0.007984868033883857,0.9990119434311066,0.08,0.5254885870815846,2.046720732470152,0.9843885728261779,0.8047487432170435,0.833877162857398,0.8683358707967622,0.029288477232947585,0.001087936600611794,0.7474349979308028,0.02092758649304588,0.05606490189238911,0.04106731776479755,0.02401143853420775,0.01421030421381395,0.009593282482224007,0.004844379740084037,0.029067699457016066,0.1015625,0.023257132742597716,0.15234375,1.5B,8192
23,4,agent_8192,agent,8192,9.010913347279288,26.509079865768086,24.578460523696712,2.1656258871098477,32.51390588075445,15.357713982347796,2.7559792663958436,28.469718536728237,0.09637945050869526,-59.933892957662465,3.055536514351843,0.19339181456318738,0.9538337243665503,0.08,0.3376583005566198,3.3595602824363024,0.9955515292656903,0.6552723270422088,0.7431605406020703,0.8424504542469831,0.062184376986928136,0.11197005729919418,0.0023876273500246354,0.013861094776497097,0.01360204820320312,0.006821115999650336,0.001226532059222114,0.00012999411560895798,6.177404610236656e-05,2.3013351706506087e-05,0.03533202155599485,0.1015625,0.02824926184943451,0.15234375,1.5B,8192
23,5,agent_8192,agent,8192,9.010913347279288,20.600419767568084,24.578460523696712,2.1656258871098477,32.51390588075445,15.357713982347796,2.7559792663958436,28.469718536728237,0.09637945050869526,-34.37530321185477,3.1029205496888608,0.17733607493348358,0.9570122474618439,0.08,0.4750851373267996,3.55057897566963,0.9806415969745699,0.6667087387038729,0.7352907046596617,0.797015749346817,0.2016449374983078,0.05408650278499966,0.10649778616405499,0.059332215576294256,0.10043156277854813,0.061260426580232966,0.03042788363057777,0.01701019543839344,0.01091003258617645,0.005079750488939761,0.11311882353806356,0.1015625,0.08887441413530074,0.15234375,1.5B,8192
23,6,agent_8192,agent,8192,9.010913347279288,30.00511983456589,21.914219070333903,1.632395310807024,26.17737589858709,13.01858336648099,2.0431730756222395,19.346639919947773,0.07563588360904074,-9.27801869227551,9.682962624588981,0.0006659068145361997,0.9999376673320676,0.08,0.30544180692220974,3.46051909891487,0.9939686691228342,0.6653023869479687,0.7924886312777432,0.885275259335577,0.37953127502253947,0.03980609683829606,0.1724278410418919,0.5247801503756554,0.023391456704444535,0.012714152591579868,0.006484063122241193,0.0030454920887511287,0.0016189416778095442,0.0005152104468303882,0.005708019231139682,0.1015625,0.0027236374675156548,0.15234375,1.5B,8192
23,7,agent_8192,agent,8192,9.010913347279288,16.046691952917772,21.914219070333903,1.632395310807024,26.17737589858709,13.01858336648099,2.0431730756222395,19.346639919947773,0.07563588360904074,-10.25078200380085,11.843913996417541,0.00010969073591336302,0.9999916275013129,0.08,0.48402953608061006,6.869165103864025,0.7902936147508077,0.24921879163425287,0.28791587809755004,0.3283284658327039,0.10434931703254552,0.10519415061094639,0.10665431252679863,0.2321678413695733,0.30716764002852764,0.22929448197737995,0.1661004944090858,0.11921587032786926,0.09092860550995942,0.06099625115928078,0.13303342638838367,0.1015625,0.10281875489856526,0.15234375,1.5B,8192
23,8,agent_8192,agent,8192,9.010913347279288,22.65453153713237,21.914219070333903,1.632395310807024,26.17737589858709,13.01858336648099,2.0431730756222395,19.346639919947773,0.07563588360904074,-32.85928650130518,3.7704050058382563,0.10830739874343218,0.9774213813303245,0.04,0.5292549061280608,4.246840210788154,0.9815355926013909,0.5449905651198576,0.6356486405239009,0.7184588285565922,0.24679838149710887,0.12872954746075382,0.22416288925933175,0.008317629225186257,0.10466845720163129,0.07305322951722382,0.03447404596183993,0.017840979376704067,0.01102177516051103,0.004798859316153251,0.10216798773063301,0.1015625,0.08488855055093911,0.15234375,1.5B,8192
23,9,agent_8192,agent,8192,9.010913347279288,28.373415260972155,21.914219070333903,1.632395310807024,26.17737589858709,13.01858336648099,2.0431730756222395,19.346639919947773,0.07563588360904074,-11.174618614430074,41.01769257284468,7.300910333857973e-09,0.9999999999989999,0.08,0.31468557582020423,2.146215478086039,0.9974215265225126,0.9289306599606775,0.9617674426975916,0.9720413884559328,0.1946904967597678,0.30575970731889013,0.08498647139649972,0.8844879261421046,0.01051126642086727,0.006944630611503897,0.0031402413773200318,0.0013364739842116528,0.0006947930170627471,0.00024316307922605398,0.004178757509898589,0.1015625,0.002350312670401487,0.15234375,1.5B,8192
23,10,agent_8192,agent,8192,9.010913347279288,29.989441198643984,21.914219070333903,1.632395310807024,26.17737589858709,13.01858336648099,2.0431730756222395,19.346639919947773,0.07563588360904074,-8.280684275669046,28.16271912853699,7.3170002576550135e-09,0.9999999999984124,0.08,0.34803539741108025,2.8219725682315735,0.9946969665212465,0.7490321997255335,0.8743713551269447,0.9322979473977517,0.020869644242896834,0.10669263966290271,0.35135151371163525,0.5205441876364889,0.02469068798673727,0.015192542552026287,0.007370725792447545,0.0034791855409187014,0.0018829601297331317,0.0006283641608098033,0.011931317504898061,0.1015625,0.0065559785599980935,0.15234375,1.5B,8192
23,11,agent_8192,agent,8192,9.010913347279288,23.543587748173763,21.914219070333903,1.632395310807024,26.17737589858709,13.01858336648099,2.0431730756222395,19.346639919947773,0.07563588360904074,-30.564974342938513,12.52698972960934,5.264470866952929e-05,0.9999961574497755,0.08,0.34077874105838696,3.84157980186641,0.9555479995612289,0.6079751155642066,0.6463311467018814,0.68518614526827,0.0746789682786646,0.021293304364128574,0.4921389216380493,0.1904991106664965,0.35438297122947043,0.2611517648771298,0.1565953941294997,0.08929136938220915,0.059477855507511904,0.029577118111911136,0.1852540538756282,0.1015625,0.1328006925763569,0.15234375,1.5B,8192
24,0,agent_8192,agent,8192,9.010913347279288,24.13769418772606,23.24701339831288,1.9498953104097234,28.470962396574162,10.767487186499292,1.4020376703673652,20.263419747128403,0.03058848614461766,132.0209584874101,26.784794031176716,7.363636757464316e-09,0.9999999999966691,0.08,0.5665618004408083,3.1538627493003446,0.9938783018476508,0.7105876403127837,0.8322746173841646,0.9167004112247952,0.04052971608038014,0.23423433746738276,0.27040521912614784,0.6701576978713195,0.013669393346833422,0.008722467250094922,0.003977587186234148,0.0018833829698397318,0.0010705620903026295,0.00040741940019384536,0.005345435482376102,0.1015625,0.0037067898109216318,0.15234375,1.5B,8192
24,1,agent_8192,agent,8192,9.010913347279288,22.32202139133462,23.24701339831288,1.9498953104097234,28.470962396574162,10.767487186499292,1.4020376703673652,20.263419747128403,0.03058848614461766,135.96541874739341,16.70019459282048,9.9624499653133e-07,0.9999999441264538,0.08,0.597601818932961,3.0353193537561016,0.9929864063190329,0.783198793868439,0.8438806324550416,0.8996159404560097,0.1103602794937455,0.061346329051136905,0.09407873243721815,0.8347409916849378,0.0211362860917501,0.012172927660555707,0.00526033149511101,0.002406253276333698,0.0013537555641162634,0.000484944916505861,0.009483291943118147,0.1015625,0.005693627989839913,0.15234375,1.5B,8192
24,2,agent_8192,agent,8192,9.010913347279288,23.003577348065033,23.24701339831288,1.9498953104097234,28.470962396574162,10.767487186499292,1.4020376703673652,20.263419747128403,0.03058848614461766,102.14744583889842,6.1914720963686705,0.014691619001045025,0.9979573693608588,0.08,0.5207418647551628,3.7597012419086373,0.9887588232167541,0.6018824573856981,0.710027509889801,0.8030134640414348,0.12075192216889441,0.13092347400112025,0.20194363157129147,0.4580562069667017,0.03203168806470686,0.018497729499921203,0.008703149753655248,0.004241722210426944,0.0024512393390401484,0.0010316158135028441,0.02443041598836954,0.1015625,0.019778745950459673,0.15234375,1.5B,8192
24,3,agent_8192,agent,8192,9.010913347279288,21.72414957342034,23.24701339831288,1.9498953104097234,28.470962396574162,10.767487186499292,1.4020376703673652,20.263419747128403,0.03058848614461766,105.46537058055401,0.8916733786463737,0.6028476478473034,0.7092347475170595,0.08,0.542068743367738,4.064447113392142,0.9884699343060457,0.5738000646719487,0.6801423350349762,0.7669800513183884,0.06622782972922892,0.04728395928849238,0.07682775310263801,0.5094441871959506,0.03443109419425137,0.015406780760097424,0.006716336226533232,0.002953747119568283,0.001641077869860287,0.0006568978549552966,0.056396965047838886,0.1015625,0.039480122924721577,0.15234375,1.5B,8192
24,4,agent_8192,agent,8192,9.010913347279288,22.896720694324866,23.24701339831288,1.9498953104097234,28.470962396574162,10.767487186499292,1.4020376703673652,20.263419747128403,0.03058848614461766,127.49734109640121,23.623145204037428,8.650904405094008e-09,0.9999999999439702,0.08,0.5635174904486724,3.715857968285699,0.9856457299890312,0.650788970068668,0.7362975880454351,0.8101990317632682,0.22894994189348417,0.0029401641521200617,0.1446950385518766,0.676791114594026,0.04509832562034351,0.0258322426498581,0.010217599306616164,0.004304194610750861,0.0023711148036600735,0.0008956974323324142,0.03365311215904938,0.1015625,0.02181503493386187,0.15234375,1.5B,8192
24,5,agent_8192,agent,8192,9.010913347279288,21.411428549104087,23.24701339831288,1.9498953104097234,28.470962396574162,10.767487186499292,1.4020376703673652,20.263419747128403,0.03058848614461766,133.46914568543434,6.5161204393953085,0.011105643657297971,0.9985226926393037,0.08,0.614580617558316,4.691419608114028,0.9790539639586799,0.4062983569434897,0.5388648487942321,0.6672067191279327,0.13549942056422104,0.039778090257460264,0.08999246954214278,0.4570855917115447,0.03634979996267218,0.020022848671280034,0.009939531160642417,0.006147200967932118,0.003938408262559078,0.0018144480031272374,0.030116254793105736,0.1015625,0.022663906375186452,0.15234375,1.5B,8192
24,6,agent_8192,agent,8192,9.010913347279288,20.81392471095189,21.544168512179542,1.6864003588707457,26.18899059833147,21.456241380984178,5.5894408386774295,56.69691733362021,0.19689830607278289,-65.40219934284687,6.206431590835564,0.023673644115769395,0.9968984744377931,0.08,0.42521256055003437,4.272217803920413,0.9472657473680506,0.5676660972929393,0.6121719758065106,0.6604855032011648,0.07197955746195062,0.0025074424584583532,0.439884995393642,0.026177097483268165,0.36090471907605176,0.26930775358565656,0.17359090244650763,0.09488544980542783,0.06557563671751777,0.03749164930376667,0.2899726953745636,0.1015625,0.22317401010073443,0.15234375,1.5B,8192
24,7,agent_8192,agent,8192,9.010913347279288,26.136844111050564,21.544168512179542,1.6864003588707457,26.18899059833147,21.456241380984178,5.5894408386774295,56.69691733362021,0.19689830607278289,-37.22215820848942,20.08620373532176,4.726487177738472e-08,0.9999999981043253,0.08,0.3838776881547859,3.1684243802900314,0.9905072381214335,0.7001276152553717,0.8037962326335136,0.8739652765360414,0.09300988656479547,0.317105175322689,0.36303668373274717,0.4641746379175595,0.06049295090162887,0.037210570395771705,0.01593160240906364,0.008043461019570933,0.0048924865395802136,0.002280331544755156,0.027692454027291282,0.1015625,0.02091274526977886,0.15234375,1.5B,8192
24,8,agent_8192,agent,8192,9.010913347279288,19.462278472261954,21.544168512179542,1.6864003588707457,26.18899059833147,21.456241380984178,5.5894408386774295,56.69691733362021,0.19689830607278289,-42.631980419158936,11.107014434368466,0.0003290018493448563,0.9999731055038348,0.08,0.3767864150578746,5.471062249016077,0.932212290500651,0.36567976488068454,0.44312753493873985,0.5134430183752238,0.0323247361996728,0.08163231319914344,0.21124689965345347,0.19203121197783182,0.17540968720683675,0.12028356077219686,0.08914677902481052,0.07110930807735369,0.0522494985637883,0.029701477411352182,0.2377229515188147,0.1015625,0.19668772709391957,0.15234375,1.5B,8192
24,9,agent_8192,agent,8192,9.010913347279288,20.942006480383753,21.544168512179542,1.6864003588707457,26.18899059833147,21.456241380984178,5.5894408386774295,56.69691733362021,0.19689830607278289,-71.0350988144055,11.703732878901064,0.00015774037782623006,0.9999882081737859,0.08,0.4524174587498909,3.331726353645636,0.9620371333237773,0.6749225792303567,0.7111429546983291,0.7436623830345177,0.26136909757053406,0.09266372396126332,0.6134017371643153,0.01101546392735308,0.4266759340961042,0.3132272986733184,0.20620971854693335,0.09772435847408849,0.058922679064250943,0.031074943158641323,0.3592040243698611,0.1015625,0.28061222323243845,0.15234375,1.5B,8192
24,10,agent_8192,agent,8192,9.010913347279288,20.211513919521565,21.544168512179542,1.6864003588707457,26.18899059833147,21.456241380984178,5.5894408386774295,56.69691733362021,0.19689830607278289,-57.75134142488241,10.198433427140117,0.00044311243867888706,0.9999610230331542,0.08,0.45844803913934895,3.0838835226531716,0.9834165849344503,0.7435995074481945,0.7914502078060138,0.8341296267169634,0.0035395660949297802,0.03783584757424485,0.15791396099667812,0.014288263873276601,0.1225509215965516,0.08338573371284844,0.04111693024550571,0.02053155407029705,0.013146614472977986,0.0066407296657868525,0.1382874262403854,0.1015625,0.10458349631719986,0.15234375,1.5B,8192
24,11,agent_8192,agent,8192,9.010913347279288,20.345519094251912,21.544168512179542,1.6864003588707457,26.18899059833147,21.456241380984178,5.5894408386774295,56.69691733362021,0.19689830607278289,-66.10990057094023,5.27459840523079,0.03415429661506764,0.9947023472230065,0.08,0.5122517586546101,3.8588213543234304,0.9506799603700432,0.6329325697545467,0.6724869995668541,0.7148186284478902,0.045898276276576055,0.007472067258526671,0.4793087097258132,0.027825370198390043,0.3707033443340715,0.28223639431988023,0.1709877370807526,0.09890356084091646,0.06639849444586123,0.03757931837580419,0.2625096189642523,0.1015625,0.20569100720241787,0.15234375,1.5B,8192
25,0,agent_8192,agent,8192,9.010913347279288,17.389910308807856,23.4515629411571,1.6690820234027637,27.103678890362467,21.64003790381396,5.435126357890013,52.48999292504424,0.18415193245607947,-53.67795671150088,9.553394075483084,0.0007525237491963281,0.9999288237826697,0.08,0.2818928364198435,3.6769679255689685,0.9632955421233786,0.6023570792415299,0.6531132678853107,0.7171083797581387,0.04627839870329575,0.01168994473339069,0.4886497820128206,0.19662547679412207,0.23794188113827225,0.1562682433397097,0.09190914108497067,0.05806714184018124,0.04124038310765544,0.024055886106786644,0.09497252822498747,0.1015625,0.07444877859169209,0.15234375,1.5B,8192
25,1,agent_8192,agent,8192,9.010913347279288,18.169276529772063,23.4515629411571,1.6690820234027637,27.103678890362467,21.64003790381396,5.435126357890013,52.48999292504424,0.18415193245607947,-47.21052849665284,20.356218681903556,4.470959010212971e-08,0.9999999982683605,0.08,0.24234527343649412,3.266862080740069,0.9742371290183147,0.6371886521242387,0.7132230705035869,0.7996097435806043,0.04839313790075428,0.016575080577167167,0.5217469579509879,0.2946316216333042,0.19341491553251197,0.12832467674904882,0.07457379880638815,0.04656849371293363,0.033255701994757796,0.018763116932334976,0.0722133498134848,0.1015625,0.05352433640069436,0.15234375,1.5B,8192
25,2,agent_8192,agent,8192,9.010913347279288,20.836154056964155,23.4515629411571,1.6690820234027637,27.103678890362467,21.64003790381396,5.435126357890013,52.48999292504424,0.18415193245607947,-75.34699785895646,22.655521204695106,1.0949322370312486e-08,0.9999999998454188,0.08,0.17198751050120137,1.0886261371083827,0.9920527111311028,0.9178138865451013,0.9319524693891357,0.943750871241967,0.03644319979561228,0.1734997778249152,0.8690334392779553,0.07211988587364697,0.20898568818657254,0.15427558909640599,0.0913803594830044,0.052861469620466,0.034741666257673755,0.01715598376363007,0.12357600791968967,0.1015625,0.0946192382261695,0.15234375,1.5B,8192
25,3,agent_8192,agent,8192,9.010913347279288,17.0694059502223,23.4515629411571,1.6690820234027637,27.103678890362467,21.64003790381396,5.435126357890013,52.48999292504424,0.18415193245607947,-53.501533061265945,16.984606372192502,7.707675013375374e-07,0.9999999576345147,0.08,0.2172441255603454,3.457973926942297,0.952835456998534,0.6844271771645102,0.723265946931588,0.7653268738367064,0.0437314014275092,0.021836303286918657,0.5192509787126355,0.25440740603839773,0.31519690647471954,0.24351668667278487,0.16296470536470295,0.1066446581506288,0.0774413399535634,0.04418611617893869,0.15065479840031246,0.1015625,0.11594306523777238,0.15234375,1.5B,8192
25,4,agent_8192,agent,8192,9.010913347279288,17.022012718348098,23.4515629411571,1.6690820234027637,27.103678890362467,21.64003790381396,5.435126357890013,52.48999292504424,0.18415193245607947,-79.2275119908154,3.8862523920834064,0.19206980116382294,0.9626986420127883,0.08,0.19892038754316307,3.391813669742589,0.9288844070764943,0.6590020825736729,0.676724163156927,0.7001754678084396,0.009415321466105908,0.006065521556597453,0.6252356294042151,0.037535452162867425,0.7123487251302517,0.5565329791247096,0.36425436884450213,0.24881178940531265,0.18832501398166493,0.11428305178840861,0.5126591954316331,0.1015625,0.41497295741390317,0.15234375,1.5B,8192
25,5,agent_8192,agent,8192,9.010913347279288,21.021307733824646,23.4515629411571,1.6690820234027637,27.103678890362467,21.64003790381396,5.435126357890013,52.48999292504424,0.18415193245607947,-80.76775003038347,1.5675228741019964,0.5750597298921696,0.8096265386131168,0.08,0.4014440803503898,3.259183144359917,0.9528898602949301,0.6641477730116079,0.69003290046281,0.7219820024966809,0.10518795502421519,0.15681695936624163,0.6205662815945205,0.03549909413909692,0.5938737840762035,0.43498416795844175,0.2605189868519982,0.15197913503460275,0.10082347326636829,0.053670148425987656,0.33780373484152637,0.1015625,0.2590517071704575,0.15234375,1.5B,8192
25,6,agent_8192,agent,8192,9.010913347279288,18.646414851243552,20.249517770482345,1.920141899135002,25.587342798209498,21.898905520767876,4.541380542184463,45.45207432463265,0.08634606268820724,-52.14638204779476,0.7097076801583171,0.6389711948655156,0.6699298869944382,0.08,0.667479133050263,3.198547577639308,0.9584655703660003,0.6827703685349045,0.7130149588986411,0.7466427167553916,0.1817496019524374,0.011611288177356904,0.6160456241038703,0.016306688137892066,0.1657578308686933,0.1282185518033803,0.07831744504717496,0.04474778224210927,0.031291778778671016,0.01872998038431727,0.12012741238865239,0.1015625,0.09517648932505864,0.15234375,1.5B,8192
25,7,agent_8192,agent,8192,9.010913347279288,22.944592084995257,20.249517770482345,1.920141899135002,25.587342798209498,21.898905520767876,4.541380542184463,45.45207432463265,0.08634606268820724,-40.85211435705423,1.2974254786968231,0.6466764493730889,0.7600013601329505,0.08,0.3682538070210767,4.537110220577596,0.986400251459133,0.42670387810900146,0.5556267077909312,0.6712300701775394,0.11581173200425043,0.20016738489334918,0.021816675334215826,0.16947171693722768,0.033444190495340496,0.025252615784047514,0.010508297034333201,0.003838471379873269,0.0016755534596977798,0.0005036181034573215,0.05881176814202004,0.1015625,0.048050763382891194,0.15234375,1.5B,8192
25,8,agent_8192,agent,8192,9.010913347279288,21.692587798487047,20.249517770482345,1.920141899135002,25.587342798209498,21.898905520767876,4.541380542184463,45.45207432463265,0.08634606268820724,-54.35442293310189,17.771786079130834,3.8367671027590466e-07,0.9999999801117085,0.08,0.3238551295771641,2.612970192590943,0.9864692543221308,0.7899809052677478,0.8238160547594869,0.85428966159328,0.1242883693970338,0.0029850610824961876,0.19800880791312656,0.02685234555865908,0.11049903769542976,0.07408457642314688,0.034913212081153853,0.016346388771715924,0.008968574350014516,0.0031997779344401624,0.08309735540179895,0.1015625,0.06564333497115175,0.15234375,1.5B,8192
25,9,agent_8192,agent,8192,9.010913347279288,22.756784911549282,20.249517770482345,1.920141899135002,25.587342798209498,21.898905520767876,4.541380542184463,45.45207432463265,0.08634606268820724,-56.96102259028703,0.7549014713440556,1.2942951170253683,0.44362230243106504,0.08,0.3080422875777146,5.292953102452029,0.9655948716808117,0.3356821296440988,0.4534553628897789,0.5609016339882624,0.109228515439038,0.07151169583334371,0.09188040208866857,0.1828842779158533,0.07921441882386861,0.05838172767201995,0.04853746492422473,0.024747458004373453,0.011979986447129871,0.0031823598057394422,0.071286192347789,0.1015625,0.056660815910815336,0.15234375,1.5B,8192
25,10,agent_8192,agent,8192,9.010913347279288,22.716540128122695,20.249517770482345,1.920141899135002,25.587342798209498,21.898905520767876,4.541380542184463,45.45207432463265,0.08634606268820724,-54.658503596961964,1.9563869858975522,0.48831106552226045,0.8525602497434609,0.08,0.3824079925422457,2.747595684551179,0.9872036992058093,0.7155829830658674,0.7799941790825249,0.835797358663475,0.05740320688171585,0.039703553555868965,0.6269117028321359,0.14966689992053223,0.06935561192041807,0.04332238243375939,0.020336600221124303,0.010005099277590662,0.005768592432974061,0.002541506553633161,0.034897684560974876,0.1015625,0.026941205899676798,0.15234375,1.5B,8192
25,11,agent_8192,agent,8192,9.010913347279288,22.484076991700938,20.249517770482345,1.920141899135002,25.587342798209498,21.898905520767876,4.541380542184463,45.45207432463265,0.08634606268820724,-46.391621601520455,5.32756674081611,0.03457946505213457,0.9947256074485512,0.08,0.5619056509144152,4.806784455919756,0.9736661015721821,0.4349513413113765,0.5210711616430956,0.6007396662982147,0.2413149948463228,0.06755323747942021,0.2094954861333301,0.0430324358237382,0.11462626802732348,0.06862926056327431,0.037907338598203374,0.018283041716776735,0.010825465954319394,0.004641912816040075,0.18072958243930298,0.1015625,0.12516212630077647,0.15234375,1.5B,8192
26,0,agent_8192,agent,8192,9.010913347279288,25.450136496331485,22.8929588617317,2.19304598266641,29.83892591068343,24.366444651528866,9.589695198730924,69.12577501609691,0.15928833983182447,-33.49260491132736,11.548794817179441,0.000145780525383779,0.9999886255415545,0.08,0.3895960464089592,5.00299231310886,0.9298287268835174,0.44455212285392315,0.5059350204621217,0.5659171042759573,0.010505944928310473,0.003976217982214703,0.3518141856356136,0.15297269609291028,0.13901545020016115,0.11358813973317265,0.07036330042504726,0.05101118270255407,0.03995040488163333,0.024303260535260468,0.05933855739904308,0.1015625,0.048672744279559456,0.15234375,1.5B,8192
26,1,agent_8192,agent,8192,9.010913347279288,17.478511062196908,22.8929588617317,2.19304598266641,29.83892591068343,24.366444651528866,9.589695198730924,69.12577501609691,0.15928833983182447,-63.68521047756076,2.9478346090763807,0.20146682987739717,0.9497953856414785,0.08,0.38235239119427583,3.118354551369106,0.9705186931873981,0.6886667343725777,0.7332875706727591,0.7745188072324848,0.04295089447664857,0.06188994963994343,0.6113103083967921,0.026790640740791787,0.10791201139164272,0.07726917494176086,0.04846253729019747,0.030015937808341452,0.021143064575866434,0.01086835761920827,0.054327535920323404,0.1015625,0.039438037244692095,0.15234375,1.5B,8192
26,2,agent_8192,agent,8192,9.010913347279288,18.851496198429537,22.8929588617317,2.19304598266641,29.83892591068343,24.366444651528866,9.589695198730924,69.12577501609691,0.15928833983182447,-54.98431661352515,6.1425845781341195,0.029307444593879482,0.996128030161477,0.08,0.47239138932246233,3.8493786062526443,0.9665529119722329,0.609770654264434,0.6785956733601973,0.7315712437441276,0.3496916539883268,0.2069127140430025,0.45002531443439264,0.026835793864999694,0.08516349621875621,0.07401355174848527,0.04935956516010316,0.030156110947284414,0.020855097223122617,0.011295208308698774,0.0662046515557998,0.1015625,0.05462412586924063,0.15234375,1.5B,8192
26,3,agent_8192,agent,8192,9.010913347279288,17.425085875218834,22.8929588617317,2.19304598266641,29.83892591068343,24.366444651528866,9.589695198730924,69.12577501609691,0.15928833983182447,-57.55442688195035,3.223468013573438,0.18443487639570882,0.9585660695292045,0.08,0.4970560995064445,3.2101899239186147,0.9672898999980438,0.7274012598313165,0.7586903180979521,0.7869428208105235,0.1942439087529464,0.09468127252605596,0.509106149304027,0.023148178000686526,0.1210473452088415,0.09312147666229498,0.05864593576073183,0.03585336439602455,0.024512536841430593,0.013939480974861434,0.06265488913401662,0.1015625,0.04929141632415729,0.15234375,1.5B,8192
26,4,agent_8192,agent,8192,9.010913347279288,20.00344419448552,22.8929588617317,2.19304598266641,29.83892591068343,24.366444651528866,9.589695198730924,69.12577501609691,0.15928833983182447,-54.70610967907123,7.658688781084493,0.005127488371697867,0.9994288250901494,0.08,0.5431911896869765,3.7607434792051686,0.974360147521117,0.6076181519644963,0.6800946235939107,0.7366397529259957,0.000519017365987362,0.06599237109166789,0.45139153069951665,0.016048077751970927,0.0996713426217474,0.07662197129743839,0.04558007296017196,0.024135185194973752,0.014809342760606258,0.007427396529732932,0.09946887565523324,0.1015625,0.05717790114730365,0.15234375,1.5B,8192
26,5,agent_8192,agent,8192,9.010913347279288,24.720950881368683,22.8929588617317,2.19304598266641,29.83892591068343,24.366444651528866,9.589695198730924,69.12577501609691,0.15928833983182447,-41.46232977602631,15.993298438377678,2.1377926934350164e-06,0.9999998761077649,0.08,0.3972296464896838,4.0634532391890215,0.9513820777377672,0.5709903319477363,0.6133704534746969,0.6562962229319271,0.031012072602800922,0.011340831850462862,0.48391344905734707,0.1441604471140282,0.10630760295160818,0.07988395116850769,0.0567474090832103,0.03643961131605602,0.027727242332534756,0.01595518152528925,0.07504378300582573,0.1015625,0.05746816515448481,0.15234375,1.5B,8192
26,6,agent_8192,agent,8192,9.010913347279288,18.85700477680106,20.76854141121148,1.8403867581858078,26.499673009431735,25.965093985453038,9.612093762684449,73.81275367895103,0.16844564485295443,-59.49104691389948,2.6300011947751045,0.25554518138826415,0.9316407954388513,0.08,0.3957763692863717,3.1043316379113968,0.9703677145389532,0.7293759000790968,0.7635520745935116,0.7976842732684655,0.004046403021697564,0.022903545784911383,0.5389454640194551,0.03137755253076161,0.2049817231812646,0.1494302130403341,0.08458000538121764,0.04821145399967888,0.03221704018146096,0.017478424844573195,0.10243046785188914,0.1015625,0.08212227120807268,0.15234375,1.5B,8192
26,7,agent_8192,agent,8192,9.010913347279288,17.362874976796707,20.76854141121148,1.8403867581858078,26.499673009431735,25.965093985453038,9.612093762684449,73.81275367895103,0.16844564485295443,-43.67327462541289,4.419334349397104,0.1034759236985057,0.9816759444337613,0.08,0.5900517321129556,4.429174612240227,0.9531989390969449,0.5383895466378865,0.6034156834259378,0.664032209421247,0.053992747779031736,0.0020022703322071234,0.41248661579859447,0.03983079321978897,0.2112777301590455,0.15158632947341596,0.08910292628801511,0.05575755693481023,0.03909025102276214,0.02099406246807499,0.13203963619593703,0.1015625,0.09858553890523827,0.15234375,1.5B,8192
26,8,agent_8192,agent,8192,9.010913347279288,18.288504351247052,20.76854141121148,1.8403867581858078,26.499673009431735,25.965093985453038,9.612093762684449,73.81275367895103,0.16844564485295443,-48.37339585600421,6.243034028913826,0.014815537810555288,0.9979912957708438,0.08,0.5170898469815168,3.971208681172205,0.9571031818233484,0.6082068911396983,0.6631964038933819,0.7095738474505686,0.17256515038576148,0.004771318279372938,0.4636096633254751,0.02930330321999364,0.19364963393311976,0.16134079778589183,0.10950176626061492,0.06184493755154955,0.04090910280052577,0.020875701839429894,0.1376284243240448,0.1015625,0.0990463180331745,0.15234375,1.5B,8192
26,9,agent_8192,agent,8192,9.010913347279288,19.747897329038683,20.76854141121148,1.8403867581858078,26.499673009431735,25.965093985453038,9.612093762684449,73.81275367895103,0.16844564485295443,-51.2211944416631,4.173328806064092,0.10626104410797779,0.9805496891729478,0.08,0.5540047760263099,2.872689502246729,0.9739370775455636,0.7409764141930724,0.7748680973176988,0.8088105165048671,0.04476625407242185,0.0037149075214473193,0.6438273766335426,0.029258417885055364,0.22159602505537093,0.16071661023246747,0.08539360625143681,0.0467948236086457,0.03151010716573558,0.0172152979034872,0.1349986400438464,0.1015625,0.1002023140398903,0.15234375,1.5B,8192
26,10,agent_8192,agent,8192,9.010913347279288,22.726571466962792,20.76854141121148,1.8403867581858078,26.499673009431735,25.965093985453038,9.612093762684449,73.81275367895103,0.16844564485295443,-26.7305293912068,15.352014162577689,4.9863624165012905e-06,0.9999997015249873,0.08,0.4730931382839059,6.000667862134141,0.8905948212496816,0.29139647476224695,0.34329591132542703,0.4086338301716534,0.012672977828058873,0.005277480856564543,0.22053437033272508,0.1421928527139768,0.28964645739612505,0.19871843540805229,0.11392601359446834,0.07429036203148595,0.05828630431242531,0.03806349908867305,0.17685962757907564,0.1015625,0.12952637857741775,0.15234375,1.5B,8192
26,11,agent_8192,agent,8192,9.010913347279288,19.152815910147794,20.76854141121148,1.8403867581858078,26.499673009431735,25.965093985453038,9.612093762684449,73.81275367895103,0.16844564485295443,-55.84505109908059,0.12828449200605974,0.6936832919092728,0.531876375685879,0.08,0.5167746626941939,3.021184236502391,0.9696952088302504,0.7181274658695621,0.7510857036890307,0.7833205851753853,0.06428305823510394,0.008422821135591452,0.6365642717982722,0.023305925139380124,0.2575428893144228,0.1816250330224107,0.10362312848160408,0.05876355989069929,0.040525041120490365,0.021062342747662888,0.13411683541932903,0.1015625,0.10446604578880174,0.15234375,1.5B,8192
27,0,agent_8192,agent,8192,9.010913347279288,19.63260639758375,18.24139866212349,1.8777142252114674,24.958470827104986,24.105087144224704,9.314306212688319,61.28274556788008,0.15855458935571784,31.471692979335785,7.5298135944176465,0.005868567772584332,0.9993467979708189,0.08,0.4291504744252532,5.752686486178009,0.932031650408759,0.31154586923285643,0.3950770668342412,0.48305297131029645,0.2929864252597314,0.01637848133393227,0.1477969627449984,0.054576085917496735,0.14654587167049798,0.11179185339227506,0.08024993622864496,0.041599952580780364,0.028418203046623156,0.014869648803454613,0.08251674015378208,0.1015625,0.06445042228749068,0.15234375,1.5B,8192
27,1,agent_8192,agent,8192,9.010913347279288,17.08882786461622,18.24139866212349,1.8777142252114674,24.958470827104986,24.105087144224704,9.314306212688319,61.28274556788008,0.15855458935571784,36.14169253408909,4.469641013536602,0.07314963001077546,0.9873258862781811,0.08,0.4737729118040026,6.141276758202753,0.9117411865543477,0.25021309938445535,0.330466462642084,0.41323055393386904,0.09350015978009907,0.0341392107116274,0.104493526691514,0.06443714702495332,0.17762950211847398,0.13732530817851413,0.0927858495841118,0.056263372094697235,0.03860099996083326,0.022231364446628682,0.08131565946525844,0.1015625,0.06250829538548654,0.15234375,1.5B,8192
27,2,agent_8192,agent,8192,9.010913347279288,17.050400933795874,18.24139866212349,1.8777142252114674,24.958470827104986,24.105087144224704,9.314306212688319,61.28274556788008,0.15855458935571784,26.447284962516278,0.7925553929817397,0.9670041414023582,0.6102516436039243,0.08,0.47353509368478464,3.698442646465907,0.9627389029848725,0.662449908211642,0.6998745630105929,0.7385562059507977,0.09996387949307017,0.12534893557080462,0.18610782673000706,0.0359558114264071,0.22338172125151032,0.16087092067524855,0.08661180296546124,0.048208181545897344,0.03188587095457652,0.016395537168154978,0.13140143632784806,0.1015625,0.10551078335882112,0.15234375,1.5B,8192
27,3,agent_8192,agent,8192,9.010913347279288,18.122830700675536,18.24139866212349,1.8777142252114674,24.958470827104986,24.105087144224704,9.314306212688319,61.28274556788008,0.15855458935571784,31.54076182859717,1.3514233054884244,1.0994827495201265,0.6020427418638494,0.08,0.45113016880195994,5.344293179311486,0.9342562510366228,0.39854200291836417,0.47358019262512907,0.5490118333538806,0.1156512614182219,0.08918687748063814,0.11821186289051014,0.05446337083600065,0.31926306809570676,0.2204413520122449,0.11574039800265071,0.06289198089805652,0.041542756600197336,0.02267158952193925,0.1502271752393226,0.1015625,0.11732016500937417,0.15234375,1.5B,8192
27,4,agent_8192,agent,8192,9.010913347279288,18.83788694991753,18.24139866212349,1.8777142252114674,24.958470827104986,24.105087144224704,9.314306212688319,61.28274556788008,0.15855458935571784,49.523295130580664,6.362951403018087,0.012957336165842262,0.9982569830496176,0.08,0.4782192797389943,5.746650913271841,0.9250863713532844,0.29854509920277494,0.3725976166055002,0.46564991567602493,0.04929365800274965,0.04108477953855605,0.06422169871997808,0.0687597818514454,0.3131189138038187,0.21866572115444588,0.12327883952547014,0.07125371768727208,0.04712479001392186,0.021954587602700273,0.18253878269962914,0.1015625,0.14470066698099904,0.15234375,1.5B,8192
27,5,agent_8192,agent,8192,9.010913347279288,21.06439495052109,18.24139866212349,1.8777142252114674,24.958470827104986,24.105087144224704,9.314306212688319,61.28274556788008,0.15855458935571784,40.30838933866471,0.5639938889071345,0.7049580862978382,0.6320132337697866,0.08,0.4573687836192741,5.758916426137585,0.9308139126300754,0.30612117451147364,0.3862382672036628,0.4738654460895409,0.14968879985485195,0.030243535356916595,0.1463242733150098,0.06508468517184868,0.14295743996226742,0.11870960455062901,0.08057005591000699,0.04786971907310903,0.027950098578301528,0.01306017905375931,0.07503168426656304,0.1015625,0.05843570205558273,0.15234375,1.5B,8192
27,6,agent_8192,agent,8192,9.010913347279288,15.307312405851146,19.261872034708993,1.7215000102087077,25.686585998284936,26.277429257221304,10.950517875059033,65.18194051429012,0.14684093261173106,63.151109889149666,3.3194354847073555,0.18098608262781504,0.9612674317940406,0.08,0.4820394025168976,6.569713243831991,0.8765054198748099,0.20798631855843214,0.26949249883947074,0.34601775249044076,0.052724822403309446,0.01883377233571437,0.046011731650122414,0.06226158561854075,0.6295194399343259,0.4457742557251537,0.2952125493491715,0.1889368500166106,0.13498300163020635,0.0719873478121667,0.228155208244011,0.1015625,0.17678275741288482,0.15234375,1.5B,8192
27,7,agent_8192,agent,8192,9.010913347279288,16.64280110713343,19.261872034708993,1.7215000102087077,25.686585998284936,26.277429257221304,10.950517875059033,65.18194051429012,0.14684093261173106,36.227235856465995,5.93751752236858,0.029451701141487586,0.9959782373457562,0.08,0.35395986108602806,5.04346288741699,0.9193567168829861,0.4490597587600725,0.49396251680698305,0.544095050349724,0.03936762209981293,0.015505240779634555,0.04266675627005514,0.031759074797583504,0.5372814011643304,0.3955576100320806,0.23568495503378037,0.1335941159072287,0.08735676279665676,0.0448445336303903,0.2789124789191685,0.1015625,0.21830574230969782,0.15234375,1.5B,8192
27,8,agent_8192,agent,8192,9.010913347279288,15.646904703660232,19.261872034708993,1.7215000102087077,25.686585998284936,26.277429257221304,10.950517875059033,65.18194051429012,0.14684093261173106,60.373082398436964,2.964146370999515,0.3400544660346859,0.9258027875304541,0.08,0.47295550879047216,6.167483330594848,0.8845286446475298,0.28397912606425857,0.3406159089204504,0.40657970785765357,0.20164917589076037,0.009626487713857657,0.05967626652455476,0.045255532650431515,0.722214506238544,0.5207495179474662,0.31291219375784485,0.18525804573863472,0.1272535402734369,0.06824490792703793,0.3107079087813864,0.1015625,0.23961405781762507,0.15234375,1.5B,8192
27,9,agent_8192,agent,8192,9.010913347279288,23.493485517959034,19.261872034708993,1.7215000102087077,25.686585998284936,26.277429257221304,10.950517875059033,65.18194051429012,0.14684093261173106,67.26604403369129,15.097094725817442,4.476156013421777e-06,0.9999997223878405,0.08,0.2392659168146505,6.437655041168952,0.9053896130773373,0.17678202251825778,0.2613870646144225,0.36294504535960426,0.10131807354079303,0.012924415389562682,0.012088017569244392,0.3205185889195793,0.1617578527030238,0.12240108875444715,0.08478077450637016,0.06165030789595247,0.04571626028773141,0.028537143330545994,0.147080072143869,0.1015625,0.11649162030664538,0.15234375,1.5B,8192
27,10,agent_8192,agent,8192,9.010913347279288,29.563445245750593,19.261872034708993,1.7215000102087077,25.686585998284936,26.277429257221304,10.950517875059033,65.18194051429012,0.14684093261173106,62.19869125448167,22.688437635079026,1.06344291867529e-08,0.9999999998581395,0.08,0.23966129115652954,1.8469176036227692,0.9834265289395098,0.8336219346272634,0.8510216361196818,0.8717016967443749,0.24494787406385576,0.0515644775169557,0.000353526088224327,0.8629309699366707,0.08868103815592368,0.06436331038745409,0.03841725209446815,0.021075999867342005,0.01303891979163254,0.005791965725524842,0.04889638828452361,0.1015625,0.03521642427646925,0.15234375,1.5B,8192
27,11,agent_8192,agent,8192,9.010913347279288,14.33462473344285,19.261872034708993,1.7215000102087077,25.686585998284936,26.277429257221304,10.950517875059033,65.18194051429012,0.14684093261173106,36.09253262216225,1.6590665415860713,0.4482679757233359,0.839241303303884,0.08,0.5050705211092684,5.574220488946878,0.9203120742425006,0.3770628237838613,0.4426708373864587,0.5074245301305014,0.08040031340196574,0.11170485088911786,0.07336373034681339,0.03159932778201472,0.48803393214294216,0.35722522622114883,0.21174042454040895,0.1206571923603044,0.08012036303285204,0.043230491347306305,0.25243330452703516,0.1015625,0.20272034147071666,0.15234375,1.5B,8192
