layer,head,prompt,regime,T,log_T,q_norm,k_norm_mean,k_norm_std,k_norm_max,v_norm_mean,v_norm_std,v_norm_max,value_spectral,cent_top1,cent_margin12,cent_entropy,cent_top_block_mass,cent_recent_frac,qk_align_max,entropy,gini,mass_top8,mass_top16,mass_top32,margin_top8,margin_top16,sink_mass,recent_mass,oracle_rl2_1,oracle_rl2_2,oracle_rl2_5,oracle_rl2_10,oracle_rl2_15,oracle_rl2_25,router_rl2_10,router_read_10,router_rl2_15,router_read_15,model,ctx_target
0,0,longdoc_16384,longdoc,16384,9.704060527839234,59.68489664801423,250.4253719708588,0.32954438417245996,251.52355395375255,0.20376096417131725,0.05185881958842817,0.3972160155901852,0.05967697815875692,1230.7395041584969,21.76556408405304,2.270398608398934e-08,0.9999999996444346,0.0392156862745098,0.08371972719713373,3.6388132357485623,0.997032598671874,0.6063432444862286,0.7327610415245402,0.8561643096619774,0.0802602767944336,0.07251548767089844,2.9377861890234615e-14,0.9025703058215298,0.016764206474571455,0.004144864028210935,0.0004067101753892079,3.793333020667859e-05,3.37880006579616e-06,1.8557618527128597e-07,0.00021221153256946424,0.1015625,2.6536322674593985e-05,0.150390625,0.5B,16384
0,1,longdoc_16384,longdoc,16384,9.704060527839234,52.18270895889107,250.4253719708588,0.32954438417245996,251.52355395375255,0.20376096417131725,0.05185881958842817,0.3972160155901852,0.05967697815875692,4011.077872298658,14.362134777009487,1.1586561987565957e-05,0.9999992601323443,0.0392156862745098,0.31822043414149087,0.005639751240339703,0.9999387220120382,0.9999391160571162,0.9999859692429814,0.9999972444768175,0.04142570495605469,0.16035842895507812,8.111951923486916e-67,0.9998125129193192,4.4464006662241676e-10,1.3657662392125119e-12,1.0568131795277363e-15,1.3537912345489321e-15,1.0563220725787792e-15,1.3537912345489321e-15,9.019462014352276e-16,0.1015625,0.0,0.150390625,0.5B,16384
0,2,longdoc_16384,longdoc,16384,9.704060527839234,59.2836032922483,250.4253719708588,0.32954438417245996,251.52355395375255,0.20376096417131725,0.05185881958842817,0.3972160155901852,0.05967697815875692,3794.8940050452948,2.495947927236557,0.5169674195921564,0.8743555663170004,0.0,0.2562538283636901,7.517537698606084,0.9145681635938212,0.024742215526882407,0.04572289024797084,0.08123376986706012,0.008524537086486816,0.0012657642364501953,1.706852151908636e-05,4.2590985880417624e-05,0.1688463356691207,0.15136839209749328,0.10893600799687336,0.07076785040206356,0.025682218612711884,7.050461858341346e-05,0.02345096349792607,0.101806640625,0.003028894682562812,0.150634765625,0.5B,16384
0,3,longdoc_16384,longdoc,16384,9.704060527839234,57.76831987423701,250.4253719708588,0.32954438417245996,251.52355395375255,0.20376096417131725,0.05185881958842817,0.3972160155901852,0.05967697815875692,2685.9201651513577,0.6055357754230499,0.7908112823079126,0.6298078088121402,0.0,0.18825550161807825,7.122147137025996,0.9390184866023381,0.0663586387855511,0.10438468530813756,0.15421766046752866,0.029465675354003906,0.05401134490966797,0.007310967551119688,0.00031784303424326187,0.10188035141582505,0.06658716855934145,0.03297545501803134,0.009176201885739706,0.0022313589156472808,0.0007794932610349748,0.009121032123597838,0.101806640625,0.004626160110876677,0.150634765625,0.5B,16384
0,4,longdoc_16384,longdoc,16384,9.704060527839234,26.48050589867651,250.4253719708588,0.32954438417245996,251.52355395375255,0.20376096417131725,0.05185881958842817,0.3972160155901852,0.05967697815875692,1023.7176533918828,1.3865127842873335,0.6611832697571856,0.7640884496271094,0.0392156862745098,0.16510826138504042,3.1301129354996955,0.9989547395455454,0.5722110935797337,0.8662051708935528,0.9820876259641913,0.019879192113876343,0.13267314434051514,6.193219158115402e-26,0.38285775041858716,2.524491590873635e-05,1.992716569765722e-06,1.715734426847972e-08,1.6076276273573593e-10,7.1337760993606186e-12,4.948025807839573e-14,5.197174264226384e-06,0.1015625,4.28791509433568e-06,0.150390625,0.5B,16384
0,5,longdoc_16384,longdoc,16384,9.704060527839234,23.022753448731628,250.4253719708588,0.32954438417245996,251.52355395375255,0.20376096417131725,0.05185881958842817,0.3972160155901852,0.05967697815875692,1267.799485579133,2.134882040321827,0.46824098168917033,0.8707564424767895,0.0196078431372549,0.24983663198157888,1.9680982682059955,0.9996698798480278,0.9381697225745106,0.9945849898216161,0.9996615397517972,0.5172832012176514,0.11250793933868408,4.523845323976742e-20,0.5405185850170449,2.1553151250994618e-07,1.0284568732621307e-08,4.288040592352724e-11,2.0889114193429505e-13,3.9347525900451645e-15,1.8223785032341326e-15,0.0007083743767337969,0.1015625,0.00035388838138296954,0.150390625,0.5B,16384
0,6,longdoc_16384,longdoc,16384,9.704060527839234,58.97799865864836,250.4253719708588,0.32954438417245996,251.52355395375255,0.20376096417131725,0.05185881958842817,0.3972160155901852,0.05967697815875692,3883.725645415485,4.793283857405186,0.050028465676437824,0.9915546291416483,0.0392156862745098,0.263685162928494,6.738563259628901,0.9416350273749752,0.11258507771602456,0.17698372996706474,0.2659330384383942,0.0008317232131958008,0.03924846649169922,3.908062629014086e-06,0.32970865728017307,0.1035991659511206,0.07967606020675609,0.0336734534148991,0.012931318235249364,0.0076325680775446835,0.002609565116531888,0.005687249289857009,0.1015625,0.005762810197170776,0.150390625,0.5B,16384
0,7,longdoc_16384,longdoc,16384,9.704060527839234,32.803408487655275,268.82970283401175,0.8275573602226541,270.46934497144287,0.21192959338308193,0.04514586607004202,0.30496422539709617,0.20315817820142237,1080.6787849888206,15.137017164379358,4.3636141847145975e-06,0.9999997311970247,0.0392156862745098,0.14037093980684595,0.4693982784694273,0.9999161598384676,0.9979609189017132,0.9994862221249615,0.9999414866715826,0.01188039779663086,0.19665169715881348,1.288643387453743e-21,0.14069071589052937,7.929146995088714e-08,2.165281961919453e-09,8.623917700308475e-12,9.495799904493943e-14,4.499682102615427e-15,2.372192985174946e-15,5.932618152687617e-08,0.1015625,3.116784486718977e-08,0.150390625,0.5B,16384
0,8,longdoc_16384,longdoc,16384,9.704060527839234,129.34611193006577,268.82970283401175,0.8275573602226541,270.46934497144287,0.21192959338308193,0.04514586607004202,0.30496422539709617,0.20315817820142237,2892.8531719744205,14.707529559731483,6.815145685701101e-06,0.9999995708232602,0.0,0.08503407706793412,2.7574342726618584,0.9987877339774064,0.7386678656164273,0.8540229876562073,0.9371047741882923,0.1069788932800293,0.004145145416259766,0.0510221906637325,2.3332295021032117e-08,0.010192920065068356,0.0014114561422935398,2.0437834658627777e-05,7.036728484252155e-07,1.2228462056126998e-07,1.5594457700954983e-08,0.001247675370821593,0.101806640625,9.643939300360522e-06,0.150634765625,0.5B,16384
0,9,longdoc_16384,longdoc,16384,9.704060527839234,58.809330459024586,268.82970283401175,0.8275573602226541,270.46934497144287,0.21192959338308193,0.04514586607004202,0.30496422539709617,0.20315817820142237,272.1535531952977,30.21351806074381,1.4634537678387701e-08,0.999999999998852,0.0392156862745098,0.018901506571970022,2.991416595573045,0.9989869498114161,0.7285318562455733,0.8841386430698112,0.9531306216660198,0.4811643362045288,0.12676262855529785,2.9569717896313015e-15,0.9348151293946727,0.0008896033063479117,0.00012112899085824963,5.487551122046513e-06,4.1926424105509054e-07,8.323731030003162e-08,7.059009493126919e-09,6.381748450451159e-05,0.1015625,2.4748463707941566e-05,0.150390625,0.5B,16384
0,10,longdoc_16384,longdoc,16384,9.704060527839234,63.249734397615484,268.82970283401175,0.8275573602226541,270.46934497144287,0.21192959338308193,0.04514586607004202,0.30496422539709617,0.20315817820142237,1216.2231460511684,1.6742593385279179,1.0690925813788388,0.678869455665005,0.0392156862745098,0.07239610744262519,8.159323832667376,0.8300932372601264,0.022152552690058794,0.03989658904182716,0.06893568173934314,0.026832103729248047,0.03256624937057495,1.9940242890923353e-06,0.05220927336423399,0.37430623000711444,0.2520670678276746,0.1277990961273623,0.07664160744031538,0.05134780072293747,0.02348160427679899,0.11214959543401282,0.1015625,0.06672591824522886,0.150390625,0.5B,16384
0,11,longdoc_16384,longdoc,16384,9.704060527839234,54.52424136048998,268.82970283401175,0.8275573602226541,270.46934497144287,0.21192959338308193,0.04514586607004202,0.30496422539709617,0.20315817820142237,1146.566940933466,16.447046764194965,2.2286631807522027e-06,0.9999998758309535,0.0392156862745098,0.08109620420877141,3.0223270559406794,0.9967817930783889,0.7091327295806318,0.7776160664544053,0.8415388770315662,0.17216825485229492,0.0024466514587402344,8.908583567907428e-20,0.7921824994083128,0.033938092735847324,0.013348836650032834,0.0022904784170183997,0.00048501319517202347,0.0001628373251219622,2.8437290951025915e-05,0.0016911545084573932,0.1015625,0.0006922070361039002,0.150390625,0.5B,16384
0,12,longdoc_16384,longdoc,16384,9.704060527839234,66.35021017396797,268.82970283401175,0.8275573602226541,270.46934497144287,0.21192959338308193,0.04514586607004202,0.30496422539709617,0.20315817820142237,1255.5319658890367,0.6385178584605455,0.9287995700712082,0.5819168812224853,0.0392156862745098,0.07248706072117221,4.443405759472508,0.9948894971084201,0.4008051300816763,0.5122983175600069,0.6367549105546364,0.008985757827758789,0.08795833587646484,0.12927538617363446,2.6831915784057627e-08,0.030973944976266547,0.0033610371740357835,1.4546066386940808e-05,2.5604370153173197e-08,1.1033463680363385e-08,4.152769250566526e-09,4.0169351964165894e-08,0.1015625,1.821875216938914e-08,0.150390625,0.5B,16384
0,13,longdoc_16384,longdoc,16384,9.704060527839234,54.85232264148644,268.82970283401175,0.8275573602226541,270.46934497144287,0.21192959338308193,0.04514586607004202,0.30496422539709617,0.20315817820142237,1297.0344144403934,18.589435011148453,2.8327167709618294e-07,0.9999999866801492,0.0392156862745098,0.09100247473177238,2.6593348304092324,0.9970924469547454,0.7732311760165739,0.8254503539524549,0.8769486412858503,0.3805689811706543,0.04177355766296387,1.994127607522491e-10,0.8232618885739013,0.03182679279130906,0.01172687370294428,0.0028716871031262497,0.0007687556395044279,0.000327688448457432,8.468024060498997e-05,0.0028822921808672962,0.1015625,0.0012206323777279907,0.150390625,0.5B,16384
1,0,longdoc_16384,longdoc,16384,9.704060527839234,15.829567142172476,24.032696058039242,1.6524061082959778,28.89603184909375,2.0370060293480514,0.6514217451598404,2.897033967643282,0.3123862465570008,42.73321811109781,15.30472557991743,6.08656539862854e-06,0.9999996331362484,0.0392156862745098,0.2986957956738831,2.307700671376766,0.9933514031164852,0.8377081423226003,0.8600154366461776,0.8816413237924156,0.20608973503112793,0.08400082588195801,0.0005629160134332059,0.8330080680138255,0.07063064924695012,0.04266230467913132,0.017479847030899432,0.006287778660545121,0.0028178863836571294,0.0007195753217846808,0.06703573348721507,0.1015625,0.04584166751200593,0.150390625,0.5B,16384
1,1,longdoc_16384,longdoc,16384,9.704060527839234,9.996225896560366,24.032696058039242,1.6524061082959778,28.89603184909375,2.0370060293480514,0.6514217451598404,2.897033967643282,0.3123862465570008,22.882908537983894,15.435865998268127,3.34219808328887e-06,0.999999798526082,0.0392156862745098,0.24596492711695805,5.0986826975046595,0.9568544663626155,0.45913072395845006,0.5372968708805135,0.6131668562918903,0.058177947998046875,0.038404107093811035,0.0012758115668611754,0.5538201015659271,0.24950106982965256,0.1831239987334635,0.10522150626252291,0.05920337415188633,0.040464595027948545,0.021842912314499183,0.17717352107644402,0.1015625,0.14111131729417137,0.150390625,0.5B,16384
1,2,longdoc_16384,longdoc,16384,9.704060527839234,10.502435083949146,24.032696058039242,1.6524061082959778,28.89603184909375,2.0370060293480514,0.6514217451598404,2.897033967643282,0.3123862465570008,32.53491660952568,15.942061200737953,2.078750611673979e-06,0.9999998787411306,0.0392156862745098,0.2393811175073348,5.2475575607881595,0.9517001787325924,0.46539578596543724,0.5437000084450325,0.6083385462020173,0.22504472732543945,0.08712804317474365,0.00014149605049884785,0.5779928085943943,0.19063415429506764,0.14537314294325435,0.0861427934681824,0.05087792147948754,0.03493715156231964,0.017967323852037104,0.09363084511590192,0.1015625,0.06826618909961851,0.150390625,0.5B,16384
1,3,longdoc_16384,longdoc,16384,9.704060527839234,12.847663153335976,24.032696058039242,1.6524061082959778,28.89603184909375,2.0370060293480514,0.6514217451598404,2.897033967643282,0.3123862465570008,-15.776888623833656,5.071691855788231,0.040183597923109424,0.9935192059300988,0.0392156862745098,0.02040809134473683,6.806098458122887,0.8963775327421705,0.1943037186724914,0.26752833197133713,0.35446284381784127,0.10089236497879028,0.023725509643554688,0.001120119548422185,0.34614933915337615,0.17493265986705664,0.15127873021588165,0.13539540848409942,0.09302527149869687,0.06859742301085003,0.04088850271047371,0.08647406373216604,0.1015625,0.07561519567548543,0.150390625,0.5B,16384
1,4,longdoc_16384,longdoc,16384,9.704060527839234,9.960460005142428,24.032696058039242,1.6524061082959778,28.89603184909375,2.0370060293480514,0.6514217451598404,2.897033967643282,0.3123862465570008,18.547729298472404,13.777709301561117,1.5398108797474448e-05,0.9999989597568962,0.0392156862745098,0.1654167831427655,5.208463271887595,0.9482770564252088,0.461293738486293,0.548146661484226,0.6279703532009164,0.17556369304656982,0.003345012664794922,0.0004475365586834031,0.6649931962322917,0.18738211189703852,0.14117923342392855,0.09060572300296749,0.05617293517343532,0.03868913236814033,0.021464275294719837,0.09727260581884668,0.1015625,0.07305645516043356,0.150390625,0.5B,16384
1,5,longdoc_16384,longdoc,16384,9.704060527839234,12.568685242549142,24.032696058039242,1.6524061082959778,28.89603184909375,2.0370060293480514,0.6514217451598404,2.897033967643282,0.3123862465570008,-2.507555603981018,5.780330091714859,0.02098378621870215,0.9969133206217087,0.0392156862745098,0.07056412745689332,5.593818324062502,0.9640093968730766,0.28635627826376203,0.40064576306907856,0.5418400958767955,0.08100652694702148,0.07606297731399536,8.692460759152535e-05,0.5298432125692545,0.05822789241648469,0.05311029552865449,0.04039413506572855,0.025628471901524494,0.017378748624366915,0.008852728486443348,0.04052960431450673,0.1015625,0.027778106916803373,0.150390625,0.5B,16384
1,6,longdoc_16384,longdoc,16384,9.704060527839234,12.326599897032226,24.032696058039242,1.6524061082959778,28.89603184909375,2.0370060293480514,0.6514217451598404,2.897033967643282,0.3123862465570008,34.24319748580456,16.506068915128708,1.4250701656775753e-06,0.9999999207253757,0.0392156862745098,0.31144452066022865,1.9064348970373906,0.9913535929976598,0.8631076454659347,0.8823331075785341,0.9033634151555351,0.0009663701057434082,0.01898115873336792,0.00017153883786861018,0.8764810650448092,0.059963931394700146,0.042802950298392976,0.023489235016993074,0.011871755454975041,0.0069219150523894555,0.0028305526110520085,0.04600080217405395,0.1015625,0.036520248726940034,0.150390625,0.5B,16384
1,7,longdoc_16384,longdoc,16384,9.704060527839234,16.33784911702795,207.87510975605707,0.5159471030230958,209.6023885716409,2.7985782776680272,0.22949898203665664,3.7038332231352307,0.03318480036271981,2103.3857353553176,5.495423309504986,0.02688324445832482,0.9958841893594501,0.0392156862745098,0.6245322021539873,6.17586165470708,0.9284483263394337,0.2547423268981741,0.34563122362119125,0.45407907679736015,0.26519644260406494,0.005877494812011719,0.00013475994626365874,0.45843744976154854,0.041490166453419644,0.02789736987957685,0.019967635198279075,0.015907732309416747,0.013003314119208789,0.008664646840814071,0.019246614234981745,0.1015625,0.014283203453273113,0.150390625,0.5B,16384
1,8,longdoc_16384,longdoc,16384,9.704060527839234,12.329191369664406,207.87510975605707,0.5159471030230958,209.6023885716409,2.7985782776680272,0.22949898203665664,3.7038332231352307,0.03318480036271981,386.14204755425453,24.908019855618477,1.50430492622033e-08,0.9999999999829772,0.0392156862745098,0.16852562028567825,2.3488092344459117,0.9974547715404923,0.9101888776653341,0.9291059825883621,0.942709501686628,0.09946632385253906,0.13439738750457764,1.4693182700965214e-10,0.9264600488723642,0.007941010452174746,0.0044733632714387414,0.0016612597383024361,0.0005348843681936565,0.00023270376614195647,6.442746029333154e-05,0.0035312126703101114,0.1015625,0.001638824513437709,0.150390625,0.5B,16384
1,9,longdoc_16384,longdoc,16384,9.704060527839234,14.073988091799192,207.87510975605707,0.5159471030230958,209.6023885716409,2.7985782776680272,0.22949898203665664,3.7038332231352307,0.03318480036271981,301.205306224525,14.583738289773464,8.200568201052457e-06,0.9999994821828969,0.0392156862745098,0.12420648467133533,2.21421520692169,0.9971837448618149,0.8444344451667092,0.8857539845843949,0.9208045176866568,0.1683896780014038,0.1678139567375183,1.248435455619204e-09,0.8667078264519714,0.012990936261382806,0.0069832317906161085,0.002111522966848109,0.0006081355032449894,0.00024000227259766705,5.050629343512589e-05,0.00599416762868328,0.1015625,0.003366426388691243,0.150390625,0.5B,16384
1,10,longdoc_16384,longdoc,16384,9.704060527839234,10.326632280730122,207.87510975605707,0.5159471030230958,209.6023885716409,2.7985782776680272,0.22949898203665664,3.7038332231352307,0.03318480036271981,898.4536087810993,19.369616761803627,9.41632817130938e-08,0.9999999961004384,0.0392156862745098,0.4261588348462457,4.353176517390148,0.9870275398553708,0.45966361477913675,0.6390864882732115,0.7933611918514634,0.13503718376159668,0.04442191123962402,8.279780181901814e-09,0.8539061288553078,0.007742173819942113,0.005255751128536955,0.0028107429667072023,0.0013902498587585587,0.000670571770527694,0.00018183650512219906,0.00213584909355033,0.1015625,0.0009418549262914824,0.150390625,0.5B,16384
1,11,longdoc_16384,longdoc,16384,9.704060527839234,12.152628469488503,207.87510975605707,0.5159471030230958,209.6023885716409,2.7985782776680272,0.22949898203665664,3.7038332231352307,0.03318480036271981,1062.7305357456207,14.373429417610168,1.0103785458247845e-05,0.9999993537545904,0.0392156862745098,0.42848312474139943,4.667347112667773,0.9786912033968517,0.45904484872714796,0.5788889674752554,0.6892190141384054,0.02881169319152832,0.1858057975769043,9.308803805209908e-08,0.7346577268338363,0.013429271858104391,0.009496680273905647,0.005433327661836393,0.0034723579112822187,0.0024570340206433072,0.0013657487666199225,0.004186865314008027,0.1015625,0.0027725162811597457,0.150390625,0.5B,16384
1,12,longdoc_16384,longdoc,16384,9.704060527839234,20.452066197394135,207.87510975605707,0.5159471030230958,209.6023885716409,2.7985782776680272,0.22949898203665664,3.7038332231352307,0.03318480036271981,2800.5653577893972,7.518224570900202,0.0075117116591955045,0.999141503191249,0.0392156862745098,0.6628741649658398,7.391071877959455,0.8669790382840858,0.10681532591299522,0.16737864278148576,0.23770636798130798,0.029571056365966797,0.06856244802474976,9.308060473865806e-05,0.23295122749393365,0.03570591203675191,0.039617861628372546,0.03608833048266035,0.028859402379807976,0.022898726171860277,0.014053739104041493,0.03433595889360045,0.1015625,0.02540998072670531,0.150390625,0.5B,16384
1,13,longdoc_16384,longdoc,16384,9.704060527839234,18.603169703834375,207.87510975605707,0.5159471030230958,209.6023885716409,2.7985782776680272,0.22949898203665664,3.7038332231352307,0.03318480036271981,2595.40460485965,6.171399764716625,0.026506630208069232,0.9963688673971302,0.0392156862745098,0.674690634747034,6.603876561426541,0.9207928949751054,0.15320209270193158,0.22888303570060323,0.33795847060108697,0.06891679763793945,0.012533009052276611,3.6663274035833025e-05,0.39388989506964134,0.02009436826138754,0.013906784405339163,0.009025889159162947,0.008984140233183507,0.008584513226839466,0.006317635074208966,0.012023969628132488,0.1015625,0.00996568139846945,0.150390625,0.5B,16384
2,0,longdoc_16384,longdoc,16384,9.704060527839234,14.486163988709775,63.703671167149935,1.245498466841005,67.67606620970784,2.460447487179861,0.29101247763113525,5.436600980758978,0.11928120869988315,174.67055093497038,21.455799719318748,2.5685600679753215e-08,0.9999999995079949,0.0392156862745098,0.26849003390878384,1.3246166616158523,0.9996566055667403,0.9718754603173123,0.9831620456161972,0.9910656755494678,0.15596961975097656,0.05840227007865906,2.5589965946891132e-08,0.9745770738951859,0.0018258086565137222,0.000801044649512327,0.0001829748831809422,4.46099152725496e-05,1.5951278775337247e-05,3.2347198694834907e-06,0.0009002972036285692,0.1015625,0.00045209449773534523,0.150390625,0.5B,16384
2,1,longdoc_16384,longdoc,16384,9.704060527839234,10.290536799488724,63.703671167149935,1.245498466841005,67.67606620970784,2.460447487179861,0.29101247763113525,5.436600980758978,0.11928120869988315,136.188894495368,26.516082350164652,1.471209541479444e-08,0.9999999999959506,0.0392156862745098,0.23157868645729238,3.231855255373212,0.9981534458899984,0.6396071619769178,0.8531441206818373,0.9482293315446578,0.07000261545181274,0.03946959972381592,6.300067934331514e-09,0.9705034121244228,0.0070547705419932456,0.004041887543771008,0.0012480148835807695,0.00029920980585986667,0.00012570442971271485,2.9755200049679305e-05,0.0004409009774623367,0.1015625,0.00018897113207151309,0.150390625,0.5B,16384
2,2,longdoc_16384,longdoc,16384,9.704060527839234,14.706034979948587,63.703671167149935,1.245498466841005,67.67606620970784,2.460447487179861,0.29101247763113525,5.436600980758978,0.11928120869988315,130.9515207633376,3.18985103815794,0.18864454743342643,0.9575184329815888,0.0392156862745098,0.20880588385310472,2.9942277600422127,0.9981238769161938,0.7348533524979588,0.8586937417428371,0.9209436354965684,0.21406400203704834,0.05653733015060425,6.09858483569285e-10,0.3367997165494192,0.01388398622876259,0.004811069342992013,0.001076292247624423,0.00029780394646656237,0.00011456792339393768,2.1520540987570473e-05,0.0009347106924663647,0.1015625,0.0004344742118952208,0.150390625,0.5B,16384
2,3,longdoc_16384,longdoc,16384,9.704060527839234,9.318810689691425,63.703671167149935,1.245498466841005,67.67606620970784,2.460447487179861,0.29101247763113525,5.436600980758978,0.11928120869988315,170.8883161097765,19.78553833439946,1.1362095785547084e-07,0.9999999952708876,0.0392156862745098,0.3538627030797617,3.2228056148400195,0.9935860571365376,0.7600754672212257,0.8013968686810556,0.8466452855548782,0.48200753331184387,0.0012025833129882812,1.3626778297901503e-06,0.8408064384118226,0.04549856959400742,0.02417278697476551,0.008969213948300064,0.0034964348758308966,0.0017607098294811073,0.0006172413201222637,0.009612557814511017,0.1015625,0.00490721314191204,0.150390625,0.5B,16384
2,4,longdoc_16384,longdoc,16384,9.704060527839234,10.376844026813075,63.703671167149935,1.245498466841005,67.67606620970784,2.460447487179861,0.29101247763113525,5.436600980758978,0.11928120869988315,188.55343858897686,22.789970559999347,1.813184313302084e-08,0.999999999853157,0.0392156862745098,0.3345666903225442,4.697523002250675,0.9773481336641354,0.4893468176946691,0.6178850269539307,0.6978606965058927,0.1969732642173767,0.12200061976909637,7.279072282029487e-06,0.6657766657762488,0.12560962722258576,0.07757168369218076,0.040550875100565556,0.020224645036448108,0.012660296527046146,0.005909517400155716,0.09781479797923502,0.1015625,0.0633183675827673,0.150390625,0.5B,16384
2,5,longdoc_16384,longdoc,16384,9.704060527839234,6.505723414149918,63.703671167149935,1.245498466841005,67.67606620970784,2.460447487179861,0.29101247763113525,5.436600980758978,0.11928120869988315,180.93718066811562,8.297294460237026,0.002445284347876427,0.9997411593339021,0.0392156862745098,0.46903264348458595,7.392108373413487,0.8691710286388441,0.1118912442692741,0.16972517892773115,0.23974623950043927,0.06772136688232422,0.019679903984069824,1.4427851404058196e-05,0.2785325427392308,0.2537988531696027,0.19579911468688682,0.12279730758940517,0.08207498631086091,0.06242342929811498,0.0388460065717897,0.07308320667110829,0.1015625,0.05108381070980324,0.150390625,0.5B,16384
2,6,longdoc_16384,longdoc,16384,9.704060527839234,9.77318384525943,63.703671167149935,1.245498466841005,67.67606620970784,2.460447487179861,0.29101247763113525,5.436600980758978,0.11928120869988315,126.85822135210037,20.794249143451452,3.637167080046423e-08,0.9999999990083366,0.0392156862745098,0.2801239856881253,1.9801901183217037,0.9985881901649188,0.9158939158664595,0.9525985613788345,0.9662469992874928,0.2705455422401428,0.042852818965911865,6.1954790313563556e-09,0.9631219124081982,0.011148330612794124,0.006078783199204032,0.002088595721564911,0.0006851941511828521,0.00029673562556260113,8.217450011675349e-05,0.0017333129056567203,0.1015625,0.0007274204202904303,0.150390625,0.5B,16384
2,7,longdoc_16384,longdoc,16384,9.704060527839234,11.535050931321216,117.24553582995524,1.6921217932943695,123.23016303483382,2.5335996369407656,1.011188324737059,4.321395805893982,0.18148968429306928,415.5351138934493,17.8295776322484,3.789949444026605e-07,0.9999999808240309,0.0392156862745098,0.3475420029123774,2.6585817715365665,0.9941921730205527,0.7665937657634848,0.8141225981688458,0.8673615226129257,0.18680521845817566,0.037708580493927,3.066251396926677e-05,0.8091727047442351,0.05569531200660886,0.03339927678746515,0.013671752957562523,0.0051824199352137204,0.002479868686910621,0.0007960990519819778,0.030776939745445927,0.1015625,0.020347421651833057,0.150390625,0.5B,16384
2,8,longdoc_16384,longdoc,16384,9.704060527839234,10.895743405546606,117.24553582995524,1.6921217932943695,123.23016303483382,2.5335996369407656,1.011188324737059,4.321395805893982,0.18148968429306928,167.23327407985926,20.276750057935715,8.221694402330755e-08,0.9999999969111055,0.0392156862745098,0.1807608443232087,1.059305711118388,0.9954824152670165,0.9104570617836458,0.922127510614696,0.9350731584334786,0.1282547116279602,0.062154412269592285,2.7931074496523456e-06,0.920614458632049,0.033465993214580374,0.02220251364849486,0.010550985406474334,0.004939941640578853,0.0027213992806425086,0.0010267894037666772,0.01735530681808653,0.1015625,0.01139072148396867,0.150390625,0.5B,16384
2,9,longdoc_16384,longdoc,16384,9.704060527839234,13.026828015597829,117.24553582995524,1.6921217932943695,123.23016303483382,2.5335996369407656,1.011188324737059,4.321395805893982,0.18148968429306928,423.0179277807474,15.399949699640274,3.4139109918799103e-06,0.9999997932526813,0.0392156862745098,0.3090860840612859,3.984955762314855,0.993704712721558,0.5238668996436825,0.6325838014907752,0.7384648116513185,0.03424704074859619,0.057590872049331665,3.6058462955502895e-06,0.5879107444586814,0.03529899602874309,0.024226897262148103,0.00810946212372008,0.003185405185568755,0.0016547328542772422,0.0005248860340546646,0.020976723813009288,0.1015625,0.013303997402191693,0.150390625,0.5B,16384
2,10,longdoc_16384,longdoc,16384,9.704060527839234,10.080719568738587,117.24553582995524,1.6921217932943695,123.23016303483382,2.5335996369407656,1.011188324737059,4.321395805893982,0.18148968429306928,189.439947552979,19.457661472260952,1.2508105408849378e-07,0.9999999947013634,0.0392156862745098,0.18170333206580871,4.493175948971221,0.9901675175683752,0.4443846794105376,0.5857850644666751,0.7106375648970807,0.014953792095184326,0.02570819854736328,2.305424050652254e-06,0.5812568891906056,0.2132334123337965,0.13303159649092128,0.05914056355935639,0.020848478453812457,0.009299381562572553,0.003305125772538943,0.02454374613478152,0.1015625,0.014425420645713867,0.150390625,0.5B,16384
2,11,longdoc_16384,longdoc,16384,9.704060527839234,11.585305194744906,117.24553582995524,1.6921217932943695,123.23016303483382,2.5335996369407656,1.011188324737059,4.321395805893982,0.18148968429306928,471.4498073980212,20.94149475544691,3.861865268355945e-08,0.9999999989286046,0.0392156862745098,0.3887900696676748,3.1567612157548415,0.9951743728330272,0.6937844988797383,0.7674340383519074,0.8320992360220397,0.009202837944030762,0.013887882232666016,2.706229064921042e-06,0.7400686334800317,0.0624771492354937,0.029071330200446655,0.007375795664764129,0.0020966273327471725,0.0009044319558877109,0.00022990770898108104,0.034943543216080404,0.1015625,0.02179553898925828,0.150390625,0.5B,16384
2,12,longdoc_16384,longdoc,16384,9.704060527839234,9.870588132667084,117.24553582995524,1.6921217932943695,123.23016303483382,2.5335996369407656,1.011188324737059,4.321395805893982,0.18148968429306928,310.9502804130316,17.560051187872887,8.366864069711485e-07,0.9999999571150319,0.0392156862745098,0.31428041801357276,3.4973533069704885,0.9885002341459845,0.6330261026113042,0.7033476887221448,0.771272364892195,0.04984760284423828,0.0306665301322937,1.5663433740295456e-05,0.6780800780633446,0.11108246911214134,0.06365574027452912,0.02522431280150173,0.010677308082224142,0.005902039473841482,0.0023356271090350486,0.05199484449251844,0.1015625,0.03498890367416724,0.150390625,0.5B,16384
2,13,longdoc_16384,longdoc,16384,9.704060527839234,8.223950513884725,117.24553582995524,1.6921217932943695,123.23016303483382,2.5335996369407656,1.011188324737059,4.321395805893982,0.18148968429306928,416.3975709192455,9.692998338490725,0.0007991523693481239,0.9999279654678659,0.0392156862745098,0.46804639289856503,6.56815792420625,0.903986486112941,0.22214167923187228,0.2986986138339054,0.38788779996623174,0.021263837814331055,0.03056466579437256,0.00011173364308820223,0.32337371107566704,0.5669670088704035,0.4046154907477907,0.22628194106173388,0.1371589668507395,0.0969602461230789,0.05835059302401383,0.17550702198210613,0.1015625,0.12556437852186264,0.150390625,0.5B,16384
3,0,longdoc_16384,longdoc,16384,9.704060527839234,18.511630090073353,22.913874493586384,2.5206428379421,31.135706825644263,3.960200856956864,0.6356173160998031,5.5131644428620925,0.045124081688156105,-73.48045334219933,5.455629788339138,0.08396129664570302,0.9877042327947113,0.0392156862745098,0.5571434174827379,2.374990015997885,0.9993108698496024,0.8623530130566812,0.9629782588710585,0.9878314763550433,0.09218692779541016,0.007719516754150391,0.08335327575179495,0.01375347309934931,0.0015571541891582757,0.0008364890155585679,0.00025214148856802376,8.017882205740737e-05,3.3313420953575116e-05,7.690242056559474e-06,0.003498740520454413,0.1015625,0.001705617242626147,0.150390625,0.5B,16384
3,1,longdoc_16384,longdoc,16384,9.704060527839234,14.36185189107444,22.913874493586384,2.5206428379421,31.135706825644263,3.960200856956864,0.6356173160998031,5.5131644428620925,0.045124081688156105,-16.185783884488046,29.909820682369173,1.463327632084521e-08,0.9999999999988975,0.0392156862745098,0.5038685062863612,2.742385837899258,0.9979922814939624,0.7837116119881462,0.9595140799543092,0.9738796130562848,0.04286631941795349,0.2708849869668484,0.09352661898260696,0.8830604371698318,0.004266739046362191,0.0026756114889362045,0.0011439135875068599,0.0004996548631268418,0.0002853798366364742,0.0001140289693342391,0.0033605395240523792,0.1015625,0.002519271576824038,0.150390625,0.5B,16384
3,2,longdoc_16384,longdoc,16384,9.704060527839234,15.20349931060103,22.913874493586384,2.5206428379421,31.135706825644263,3.960200856956864,0.6356173160998031,5.5131644428620925,0.045124081688156105,-29.362694775685668,32.314897580072284,1.4630707022713718e-08,0.9999999999989906,0.0392156862745098,0.5188342748937673,2.08880228435349,0.9972127303591563,0.8343740478547863,0.908119846274472,0.9506894371779062,0.0028807371854782104,0.14645148813724518,0.6177479905205842,0.32297202862817415,0.044134892522905624,0.028692340414493995,0.01405581474883099,0.006647132432295899,0.0037682611888350185,0.001358834290978623,0.02326601525342241,0.1015625,0.015801654258039574,0.150390625,0.5B,16384
3,3,longdoc_16384,longdoc,16384,9.704060527839234,11.637784775491875,22.913874493586384,2.5206428379421,31.135706825644263,3.960200856956864,0.6356173160998031,5.5131644428620925,0.045124081688156105,-23.814544952241704,1.6757673353422433,0.5647760152709236,0.8153705890819597,0.0392156862745098,0.575403392586181,5.3291773721114595,0.9729306860803015,0.30093691724469274,0.3711746183340485,0.47851268110175904,0.009743742644786835,0.020977914333343506,0.22648992357247855,0.28684445209388065,0.08698961183877843,0.043996788913385876,0.02059328833989517,0.010023388974433898,0.006021907188525223,0.0023157543563683365,0.019608630782735982,0.1015625,0.011970145287210092,0.150390625,0.5B,16384
3,4,longdoc_16384,longdoc,16384,9.704060527839234,20.8802016167754,22.913874493586384,2.5206428379421,31.135706825644263,3.960200856956864,0.6356173160998031,5.5131644428620925,0.045124081688156105,-48.64805956184864,17.00530230998993,7.560851721310212e-07,0.9999999588185559,0.0392156862745098,0.5484393549455233,1.0342446294985905,0.9995848031787216,0.9629464753050789,0.975847347524358,0.985234693876433,0.10620546340942383,0.06758880615234375,0.7622512959989204,0.07625259206400878,0.009038590755467948,0.004007445562659159,0.0010785205205129076,0.0002915012381400898,0.00010888230211492843,2.32920020073104e-05,0.0202257258076045,0.1015625,0.01118687591834256,0.150390625,0.5B,16384
3,5,longdoc_16384,longdoc,16384,9.704060527839234,18.606823047985564,22.913874493586384,2.5206428379421,31.135706825644263,3.960200856956864,0.6356173160998031,5.5131644428620925,0.045124081688156105,-90.96123911796894,14.130070172410342,4.817813178183692e-05,0.9999969662356243,0.0,0.5160373277192221,4.92575253691814,0.9932302417218437,0.11958663964889779,0.21257631665511414,0.37300820763858145,0.07218223810195923,0.00020147114992141724,0.016580430586854322,0.0004453986013972698,0.000793992231335805,0.0005377946931402371,0.0002748426957413507,0.00010057949546955881,4.0553866301113205e-05,9.380435700746854e-06,0.026301086897085185,0.101806640625,0.015588118783160035,0.150634765625,0.5B,16384
3,6,longdoc_16384,longdoc,16384,9.704060527839234,15.327832652287572,22.913874493586384,2.5206428379421,31.135706825644263,3.960200856956864,0.6356173160998031,5.5131644428620925,0.045124081688156105,2.786767869256437,14.808700061403215,5.892592806029724e-06,0.9999996285658909,0.0392156862745098,0.4806685672117662,3.717067416099437,0.9969871085819216,0.5017808042066111,0.6680368342147656,0.8287702413335986,0.06141555309295654,0.013070940971374512,0.034089743195859584,0.8792151296345654,0.0024148377945311965,0.0018757992878314044,0.0009170696300952827,0.00039056135244899495,0.00019966324548025666,6.193307643647511e-05,0.0014215131394145271,0.1015625,0.0009118619688482209,0.150390625,0.5B,16384
3,7,longdoc_16384,longdoc,16384,9.704060527839234,16.402383693892627,33.98263887333363,1.038248192896385,36.34644620542586,3.2058169961606686,0.868245435312207,4.920813650244686,0.18511019153111846,168.30317702889442,19.246474402025342,1.6414208047331194e-07,0.9999999927088143,0.0392156862745098,0.40809565248819907,5.702332211254554,0.9759802285371777,0.2932084912789228,0.34510392490429453,0.4073335546476959,0.058762550354003906,0.004161357879638672,0.0005973360159318496,0.27582291363295985,0.3395830122395896,0.16076046810261851,0.053292569748312715,0.01076846708885577,0.003939650619871757,0.0007848719626936854,0.7107142062400948,0.1015625,0.5266299619550029,0.150390625,0.5B,16384
3,8,longdoc_16384,longdoc,16384,9.704060527839234,11.066432975739465,33.98263887333363,1.038248192896385,36.34644620542586,3.2058169961606686,0.868245435312207,4.920813650244686,0.18511019153111846,152.0220570936799,11.574058376252651,0.00013781676931847876,0.9999892512399715,0.0392156862745098,0.4773251961502,7.092366458548811,0.9093735780260149,0.16836624535440434,0.21684226880133847,0.26056026534153165,0.07890129089355469,0.08189272880554199,0.018038357485461842,0.22752678483267375,0.46600752974109344,0.3511583301746308,0.4318138404663565,0.29775054536734447,0.18807587649047966,0.08244353428706667,0.7990980588341824,0.1015625,0.6639662118080826,0.150390625,0.5B,16384
3,9,longdoc_16384,longdoc,16384,9.704060527839234,9.642701022837086,33.98263887333363,1.038248192896385,36.34644620542586,3.2058169961606686,0.868245435312207,4.920813650244686,0.18511019153111846,40.338639579713345,6.464694656431675,0.022400715132535165,0.9970622514823863,0.0392156862745098,0.2189610849935551,8.090098970061302,0.763779072303408,0.0998722656509847,0.12335882444918417,0.15641405145717724,0.12906646728515625,0.028858661651611328,0.06403219724954473,0.07449026710386933,1.0828323715626462,1.076624261147752,1.0114049210317455,0.867462247398039,0.6485666566017829,0.3908080704821923,0.2169233608092024,0.1015625,0.16306756763162264,0.150390625,0.5B,16384
3,10,longdoc_16384,longdoc,16384,9.704060527839234,11.289878039617815,33.98263887333363,1.038248192896385,36.34644620542586,3.2058169961606686,0.868245435312207,4.920813650244686,0.18511019153111846,147.79142366349697,17.27733737230301,6.179912064575356e-07,0.9999999672806732,0.0392156862745098,0.5233934041133862,4.95862813436272,0.9691734659018597,0.4354687659550016,0.47497259104528583,0.5192814635549114,0.09253436326980591,0.06402453780174255,0.0024196219696700507,0.45050671445722623,0.46119817148772807,0.26076998808399965,0.07835832332608726,0.031098509354286187,0.01586191221484924,0.006031454638617302,0.5668062555353225,0.1015625,0.4572472965334903,0.150390625,0.5B,16384
3,11,longdoc_16384,longdoc,16384,9.704060527839234,12.008883645028845,33.98263887333363,1.038248192896385,36.34644620542586,3.2058169961606686,0.868245435312207,4.920813650244686,0.18511019153111846,186.5432208776474,12.776741549372673,9.261221423042045e-05,0.9999933903751054,0.0392156862745098,0.5491524691210266,6.930660252430425,0.9413601436053023,0.11275619906339851,0.15314594066989665,0.20798827006563234,0.0154036283493042,0.008819401264190674,0.025391041236612174,0.09889488863727103,0.20594339796589556,0.23492223228391096,0.2251897271552193,0.13041808371979333,0.06855339649131127,0.026714234381452165,0.464667943338361,0.1015625,0.36010843432605105,0.150390625,0.5B,16384
3,12,longdoc_16384,longdoc,16384,9.704060527839234,11.563855767022542,33.98263887333363,1.038248192896385,36.34644620542586,3.2058169961606686,0.868245435312207,4.920813650244686,0.18511019153111846,170.3947156071663,15.597324334084988,2.8893883553849786e-06,0.9999998280141351,0.0392156862745098,0.5018749205117705,6.526817548567719,0.9427295848720092,0.21643562847501932,0.28298869134200777,0.3360778509233138,0.09274482727050781,0.34188687801361084,0.01993458502673891,0.2703245576851335,0.39495823912321376,0.2522737822181422,0.22129126379752698,0.15282595323997705,0.08678774800185737,0.03213841001893857,0.713441067752206,0.1015625,0.6025266632236481,0.150390625,0.5B,16384
3,13,longdoc_16384,longdoc,16384,9.704060527839234,11.83367810543198,33.98263887333363,1.038248192896385,36.34644620542586,3.2058169961606686,0.868245435312207,4.920813650244686,0.18511019153111846,118.20746949315071,11.862945508211851,9.989828591673388e-05,0.9999924144087621,0.0392156862745098,0.38220382128984964,6.685531015402352,0.941103687247156,0.18631147804791462,0.22336274209996854,0.2722240843151173,0.23518097400665283,0.04444289207458496,0.017018784564349642,0.179428606211455,0.4212397505563986,0.3415811987980506,0.27079690668880435,0.1619490138992211,0.09470521082084939,0.03621070191901661,0.6341998241993136,0.1015625,0.5053809900195378,0.150390625,0.5B,16384
4,0,longdoc_16384,longdoc,16384,9.704060527839234,24.082709923653645,21.51845616847174,1.141770661715763,24.26038180710356,3.7533353157391005,0.5821764108034206,6.165067082303197,0.10701225457075889,-57.95280534774065,21.899361299350858,2.1688621137421197e-08,0.9999999996904869,0.0392156862745098,0.7053094554693874,1.1048322930138554,0.9997178954118268,0.9899703710387522,0.9932622584309041,0.9950802112276713,0.09368333220481873,0.10332006216049194,0.6421784605709232,0.3508817453153394,0.003673043272807227,0.0018253233981172343,0.0005420791099652091,0.0001624341266137791,6.675533421705497e-05,1.5802711429263986e-05,0.0008624918362178008,0.101806640625,0.0005720176799087967,0.150390625,0.5B,16384
4,1,longdoc_16384,longdoc,16384,9.704060527839234,20.633308784556792,21.51845616847174,1.141770661715763,24.26038180710356,3.7533353157391005,0.5821764108034206,6.165067082303197,0.10701225457075889,-42.28318143635988,24.37011530995369,1.5303719230420188e-08,0.9999999999723401,0.0392156862745098,0.7378485579149816,0.9100878847760985,0.9978592127419551,0.94711309537335,0.9674879082381541,0.976175069187079,0.005164146423339844,0.17571330070495605,0.8683742348874971,0.11067189081565548,0.040121401974933954,0.028811767128688087,0.015472465951635166,0.007937078358805907,0.0047448560348978975,0.0019847817020440216,0.014689203334344078,0.1015625,0.0100558359582641,0.150390625,0.5B,16384
4,2,longdoc_16384,longdoc,16384,9.704060527839234,17.633174027170707,21.51845616847174,1.141770661715763,24.26038180710356,3.7533353157391005,0.5821764108034206,6.165067082303197,0.10701225457075889,-42.33519318699837,8.59671557508409,0.0018526702087729747,0.9998094675113036,0.0392156862745098,0.7482436546606817,2.169059483486151,0.9936492118462368,0.8612425120311951,0.8784802430310246,0.8973626062808495,0.16526015102863312,0.008050903677940369,0.2782861963244517,0.59328434991425,0.047576037463310426,0.029941255566249415,0.013591067300994854,0.006123058789754374,0.0033438315000909086,0.0012672397531335584,0.014973021046488493,0.1015625,0.008967384816656066,0.150390625,0.5B,16384
4,3,longdoc_16384,longdoc,16384,9.704060527839234,18.019540453895452,21.51845616847174,1.141770661715763,24.26038180710356,3.7533353157391005,0.5821764108034206,6.165067082303197,0.10701225457075889,-25.800120685249567,10.543785836547613,0.0003128745935004466,0.9999730895062832,0.0392156862745098,0.8093448371905857,3.9376276854666776,0.98283197511568,0.5884764457018212,0.6690919205495102,0.7408159642157662,0.1272273063659668,0.09297847747802734,0.38047263127179803,0.3846299048134723,0.12355075071463394,0.08030683406017201,0.03756348166336068,0.017205910266184333,0.009842963897240965,0.0038741079867853478,0.03244318823352609,0.1015625,0.022212461127785327,0.150390625,0.5B,16384
4,4,longdoc_16384,longdoc,16384,9.704060527839234,20.617343134435387,21.51845616847174,1.141770661715763,24.26038180710356,3.7533353157391005,0.5821764108034206,6.165067082303197,0.10701225457075889,-16.348753402009606,31.58082047663629,1.4630983624826681e-08,0.9999999999989806,0.0392156862745098,0.6885886033074899,2.8069640670997607,0.9984899439760787,0.7394390717071325,0.9502547907728771,0.9732818336398029,0.19438296556472778,0.28567659854888916,0.13414632566762436,0.8462694241551971,0.00655897140440771,0.00378993836783809,0.0014452402970213524,0.0005186202492607877,0.00022240433778111533,6.038347712965847e-05,0.0014612391883329198,0.1015625,0.0007805138078678803,0.150390625,0.5B,16384
4,5,longdoc_16384,longdoc,16384,9.704060527839234,22.681910874637257,21.51845616847174,1.141770661715763,24.26038180710356,3.7533353157391005,0.5821764108034206,6.165067082303197,0.10701225457075889,-53.32026927545667,17.72921996191144,3.888310431353435e-07,0.9999999800227943,0.0392156862745098,0.6987048295692175,1.5376079640774933,0.9991440908071719,0.9670341542691732,0.9770175181516445,0.9824497680944579,0.3437144011259079,0.025153279304504395,0.5585790344629529,0.41572905424089607,0.012904042877291771,0.007263010501744722,0.002526671089195392,0.0009387122128082156,0.0004360375422158332,0.00012753158066934828,0.005116468449331468,0.1015625,0.003189516218771387,0.150390625,0.5B,16384
4,6,longdoc_16384,longdoc,16384,9.704060527839234,22.558223977299175,21.51845616847174,1.141770661715763,24.26038180710356,3.7533353157391005,0.5821764108034206,6.165067082303197,0.10701225457075889,-54.953120412305,23.996392372995615,1.558033810154301e-08,0.9999999999608411,0.0392156862745098,0.73108955933369,0.8697577763275163,0.9993222506116259,0.9783244499850866,0.9838882192883383,0.9877634927216521,0.3772265613079071,0.3023201823234558,0.8132183372880469,0.1704162263987773,0.016878708143746268,0.010127690145837916,0.003895754445314326,0.0014439439451023415,0.0007093848232583801,0.00021908462967228564,0.006290231024633818,0.1015625,0.003738639009297982,0.150390625,0.5B,16384
4,7,longdoc_16384,longdoc,16384,9.704060527839234,11.8419282261961,31.26490213566562,1.2951645599701314,34.92332604997093,3.6496044840408493,0.7325573393247145,6.7694877567671545,0.10577893929732815,28.807716891169548,2.184741958975792,0.5270863642073575,0.8536466541694249,0.0392156862745098,0.2595005955878855,3.9860284055309583,0.9204548928387886,0.601244331046131,0.6160257898793213,0.6387984179090404,0.023503780364990234,0.005360007286071777,0.5829046440592959,0.06074729500339415,0.583004405155205,0.42466784986043443,0.2759632690131337,0.1868702880811592,0.13992793466277242,0.08447864169306019,0.23663833194922027,0.1015625,0.19462335735165723,0.150390625,0.5B,16384
4,8,longdoc_16384,longdoc,16384,9.704060527839234,12.352862220341196,31.26490213566562,1.2951645599701314,34.92332604997093,3.6496044840408493,0.7325573393247145,6.7694877567671545,0.10577893929732815,129.58165393397212,3.9719138853251934,0.19473842039623881,0.9636177680791863,0.0392156862745098,0.5220604915119302,6.532085258674581,0.8714992952832985,0.2692586784681249,0.2991571370256124,0.3461378808665696,0.0032519102096557617,0.016208648681640625,0.23721804260389426,0.10529421927691274,0.38553720233116295,0.2645034305142202,0.17840604673067806,0.12606245793760704,0.09844195227427574,0.06328116501586227,0.10691154578759236,0.1015625,0.08319365575264744,0.150390625,0.5B,16384
4,9,longdoc_16384,longdoc,16384,9.704060527839234,13.296819435747647,31.26490213566562,1.2951645599701314,34.92332604997093,3.6496044840408493,0.7325573393247145,6.7694877567671545,0.10577893929732815,36.20559564977884,1.566630832850933,1.7427259106913815,0.5464752426909277,0.0392156862745098,0.27234618876801,4.952023345653658,0.9333790338972403,0.47211638354527474,0.5001792177700015,0.530217817185973,0.1091465950012207,0.049642086029052734,0.42726835736714813,0.019408105788965832,0.40968953315379397,0.2886478107879471,0.1524603851464981,0.08359105397234036,0.05514007213202029,0.028847577494777264,0.18759098398961427,0.1015625,0.13468402234215035,0.150390625,0.5B,16384
4,10,longdoc_16384,longdoc,16384,9.704060527839234,15.50561731017177,31.26490213566562,1.2951645599701314,34.92332604997093,3.6496044840408493,0.7325573393247145,6.7694877567671545,0.10577893929732815,124.10248759388924,10.241839930415154,0.0006630668877602811,0.9999420662932621,0.0392156862745098,0.38878102908595896,4.131594697758244,0.9813026800845954,0.5805982264996825,0.6417773844576821,0.7040832290849055,0.5190426111221313,0.046827733516693115,0.34268715290244334,0.3822109959048131,0.09383040917181508,0.05041296409165173,0.023002353253303912,0.012173571457153698,0.007684325478008508,0.0034443507212278627,0.016356093337834957,0.1015625,0.011667024647263366,0.150390625,0.5B,16384
4,11,longdoc_16384,longdoc,16384,9.704060527839234,14.965945881103647,31.26490213566562,1.2951645599701314,34.92332604997093,3.6496044840408493,0.7325573393247145,6.7694877567671545,0.10577893929732815,89.5147828888148,5.300127750262618,0.03724158569926368,0.9943329323567285,0.0392156862745098,0.2769080821413141,5.4831747118811265,0.9827643709995808,0.23830917986513206,0.33907098760740345,0.4547857119109168,0.005610674619674683,0.018552660942077637,0.08287384334323988,0.45292690893717896,0.04016395706217009,0.01736444606191859,0.0037063671056240593,0.001809781705471484,0.000940060499795695,0.000414825501318737,0.002921805746506792,0.1015625,0.0024685417147893986,0.150390625,0.5B,16384
4,12,longdoc_16384,longdoc,16384,9.704060527839234,22.458794479967267,31.26490213566562,1.2951645599701314,34.92332604997093,3.6496044840408493,0.7325573393247145,6.7694877567671545,0.10577893929732815,133.21952684223652,13.631224438548088,3.1111568335506e-05,0.9999979115614623,0.0392156862745098,0.34382116538483587,0.4677759026401296,0.9994433501386984,0.9817279599164226,0.9851134952196263,0.98863896354201,0.2550826072692871,0.004542350769042969,0.05561242080671479,0.9247267830709722,0.004170495167713903,0.0025069476264894235,0.001012858568482855,0.0003652201336764471,0.00016084679375133235,3.971320355357882e-05,0.003325733587729282,0.1015625,0.002081906677673308,0.150390625,0.5B,16384
4,13,longdoc_16384,longdoc,16384,9.704060527839234,10.935763809823971,31.26490213566562,1.2951645599701314,34.92332604997093,3.6496044840408493,0.7325573393247145,6.7694877567671545,0.10577893929732815,36.421003982424736,5.382300551980734,0.03534504430954306,0.994755592126597,0.0392156862745098,0.20074803224270477,5.9889909125677585,0.9590196551997168,0.2383166214052276,0.3271053164315045,0.4201049803073177,0.01876288652420044,0.09382610023021698,0.03292299097804442,0.32073207309291857,0.09396590000965163,0.04956110815301662,0.022045015844858504,0.014795971583569593,0.011362672881838322,0.006721946135227605,0.011068020232190135,0.1015625,0.007809031582819056,0.150390625,0.5B,16384
5,0,longdoc_16384,longdoc,16384,9.704060527839234,18.553243411436274,24.263314467446882,1.417063947525917,28.05752906972689,4.373267750187297,0.70024196684843,7.754614487787955,0.12394263567129656,-31.376257978379726,1.5514191444963217,1.2457424846388192,0.6596434017088707,0.0392156862745098,0.6203662583036653,6.5308469609134185,0.9409928608066211,0.17198354968964688,0.22233259631362945,0.2917243310293353,0.0032138824462890625,0.03553348779678345,0.11348599496495336,0.029453314944501638,0.18845200070881926,0.12237935437177935,0.05496068866278287,0.02554237261741382,0.015147062988016623,0.00752730262120758,0.03281022564530961,0.1015625,0.021749423121567753,0.150390625,0.5B,16384
5,1,longdoc_16384,longdoc,16384,9.704060527839234,19.51543363808727,24.263314467446882,1.417063947525917,28.05752906972689,4.373267750187297,0.70024196684843,7.754614487787955,0.12394263567129656,-40.59118651226163,39.971607219427824,1.4630451923294367e-08,0.9999999999989999,0.0392156862745098,0.583030856495631,1.641510989937908,0.9995756410596198,0.957188666160696,0.9920879276777212,0.9961262516097256,0.22569584846496582,0.06455647945404053,0.5365119565656581,0.4601853307784418,0.002164790370332641,0.0014452347607478674,0.0006327956904413467,0.00023842009130024163,0.00010772157326447244,3.0805775854621625e-05,0.0005258614168369452,0.1015625,0.0002924192057464663,0.150390625,0.5B,16384
5,2,longdoc_16384,longdoc,16384,9.704060527839234,18.293024169329627,24.263314467446882,1.417063947525917,28.05752906972689,4.373267750187297,0.70024196684843,7.754614487787955,0.12394263567129656,-57.06586783379316,1.5384447425603867,0.7405678077874297,0.7784470849561096,0.0392156862745098,0.6969963721819893,1.984273917289042,0.9926268961132744,0.7930895465790802,0.8121383736804636,0.8395724511148631,0.021425604820251465,0.00798410177230835,0.7665384783838064,0.006271349365528535,0.26614657642028,0.15204450137318842,0.05676652460649748,0.022313236315383844,0.011438583627174329,0.004262175669628006,0.05515427167084928,0.1015625,0.0325446081031029,0.150390625,0.5B,16384
5,3,longdoc_16384,longdoc,16384,9.704060527839234,20.069180918118,24.263314467446882,1.417063947525917,28.05752906972689,4.373267750187297,0.70024196684843,7.754614487787955,0.12394263567129656,-31.597476080060005,0.005479222163558006,1.0784657699759035,0.45739355696145484,0.0392156862745098,0.635434078710234,5.415693772433842,0.9816573762131744,0.2540288194898007,0.3886617748779005,0.526686956675856,0.037372589111328125,0.01951456069946289,0.018186665000697846,0.04546533229979624,0.1272475763328707,0.07153491901584727,0.025010848719475644,0.00929966123922022,0.004909326771720956,0.0019229069722582965,0.012000195506483043,0.1015625,0.007852255756634764,0.150390625,0.5B,16384
5,4,longdoc_16384,longdoc,16384,9.704060527839234,16.863717892427978,24.263314467446882,1.417063947525917,28.05752906972689,4.373267750187297,0.70024196684843,7.754614487787955,0.12394263567129656,-51.13950493186712,16.870660535991192,1.8740471245864755e-06,0.9999998976719113,0.0392156862745098,0.6260908692578558,1.0510428259249118,0.9980803729890904,0.9410701954330963,0.9508890233339903,0.960165437713882,0.0018024444580078125,0.05679655075073242,0.8359360607319056,0.12228399266345219,0.07391800878261218,0.04422419980691296,0.01728050955215902,0.00658496715535824,0.0032491117161375406,0.0010382323853260968,0.017781505233505957,0.1015625,0.00906433900100667,0.150390625,0.5B,16384
5,5,longdoc_16384,longdoc,16384,9.704060527839234,17.30459649296719,24.263314467446882,1.417063947525917,28.05752906972689,4.373267750187297,0.70024196684843,7.754614487787955,0.12394263567129656,-47.990305460989475,16.473715115338564,1.341158873850776e-06,0.9999999250571187,0.0392156862745098,0.6637948046531404,1.0617867403967125,0.9965933880152678,0.9167167729830455,0.9294745420933469,0.942159242777662,0.10376882553100586,0.03690183162689209,0.871938789491895,0.0669960423675115,0.14463553871445223,0.09321682737082486,0.03966130516343989,0.01540589549633857,0.007829155534586693,0.0027356652337765233,0.029196598866674413,0.1015625,0.01601707115955564,0.150390625,0.5B,16384
5,6,longdoc_16384,longdoc,16384,9.704060527839234,15.707709839721696,24.263314467446882,1.417063947525917,28.05752906972689,4.373267750187297,0.70024196684843,7.754614487787955,0.12394263567129656,-23.780591696500778,21.16100499033928,3.110400868585506e-08,0.9999999992662199,0.0392156862745098,0.6284455912843022,2.745418606181522,0.9918358323459024,0.7962145312634639,0.8359190496442633,0.8659628527733578,0.15007412433624268,0.014118432998657227,0.12990290554294678,0.7231998356290106,0.04520829507968026,0.030211024922107484,0.013951260755115586,0.006313973573571416,0.00348251232297549,0.0013659015753653787,0.010822697425399508,0.1015625,0.006971361986122223,0.150390625,0.5B,16384
5,7,longdoc_16384,longdoc,16384,9.704060527839234,16.656937670870885,19.854177953897334,1.757258985084762,24.44944963225814,3.111206720124369,0.6490813267917392,6.56740047409916,0.14848312142724227,-53.16688673198223,5.078544974327087,0.12388879349872965,0.9824051670600679,0.0392156862745098,0.5651001268628205,3.4030687706603238,0.9791501884608335,0.6252291288502186,0.6645492933585992,0.7193279894723482,0.005707979202270508,0.011947810649871826,0.5741686518241697,0.057000390711721576,0.3221199178410328,0.2186017135727703,0.10132329026721565,0.04960850249561655,0.029569974178435317,0.013366910934177934,0.12829106644341817,0.1015625,0.0869714915245337,0.150390625,0.5B,16384
5,8,longdoc_16384,longdoc,16384,9.704060527839234,16.673366285087468,19.854177953897334,1.757258985084762,24.44944963225814,3.111206720124369,0.6490813267917392,6.56740047409916,0.14848312142724227,-33.54435160756111,0.8314844109117985,1.0320477778132728,0.6136263284265386,0.0392156862745098,0.4560386117034405,6.666565554863926,0.9369511590972157,0.13950343778748792,0.1966486832537811,0.28031167014836683,0.06535768508911133,0.011313676834106445,0.057943723393506334,0.0360695617946086,0.23076549373026103,0.1567820230500256,0.07340896012523208,0.04139238149249015,0.028104875554615234,0.014439769835740631,0.03306428041737607,0.1015625,0.02253423582563397,0.150390625,0.5B,16384
5,9,longdoc_16384,longdoc,16384,9.704060527839234,24.220748572794857,19.854177953897334,1.757258985084762,24.44944963225814,3.111206720124369,0.6490813267917392,6.56740047409916,0.14848312142724227,-60.25896197557449,15.079537080950104,4.597223760828826e-06,0.9999997156481659,0.0392156862745098,0.5895259898315653,0.9295439947100905,0.9995078196918041,0.980276022240739,0.985315536637864,0.9895603462607141,0.00579524040222168,0.09094750881195068,0.302869632103314,0.6750132012360179,0.004176411883143128,0.002419138066842923,0.0009474855089917827,0.00033836962966714236,0.0001502861839896571,4.03856287709876e-05,0.0028170630016625684,0.1015625,0.0016673571878738438,0.150390625,0.5B,16384
5,10,longdoc_16384,longdoc,16384,9.704060527839234,19.42174573104939,19.854177953897334,1.757258985084762,24.44944963225814,3.111206720124369,0.6490813267917392,6.56740047409916,0.14848312142724227,-44.024499155581,4.348061952739954,0.07582747557939697,0.9863357778381728,0.0392156862745098,0.721820462111812,2.4953153346607198,0.9722463990426847,0.7629658218650085,0.7834093563150799,0.8061288773931342,0.11004436016082764,0.0109785795211792,0.7289239837317373,0.0631536586752552,0.34303540361804447,0.25952157377055746,0.15757332560701096,0.09349368610435385,0.06390358189562736,0.034883392438284685,0.11969230794732645,0.1015625,0.08642504858690137,0.150390625,0.5B,16384
5,11,longdoc_16384,longdoc,16384,9.704060527839234,20.298349645549447,19.854177953897334,1.757258985084762,24.44944963225814,3.111206720124369,0.6490813267917392,6.56740047409916,0.14848312142724227,-40.5273776948452,13.912148341536522,1.8361090915123905e-05,0.9999988081120954,0.0392156862745098,0.5784186662376112,2.117294128709674,0.9944323921397589,0.854304226824648,0.8730797513875893,0.8911796719083728,0.2766895294189453,0.016608476638793945,0.6640690282704911,0.23000637654532655,0.13746304687189007,0.0805799457026804,0.03178072695381863,0.012631378318159492,0.006356358778306,0.00216058964757837,0.02575308269173471,0.1015625,0.013851772722736333,0.150390625,0.5B,16384
5,12,longdoc_16384,longdoc,16384,9.704060527839234,20.081642602715153,19.854177953897334,1.757258985084762,24.44944963225814,3.111206720124369,0.6490813267917392,6.56740047409916,0.14848312142724227,-33.68688504397869,17.327105775475502,5.642946361983877e-07,0.9999999700432582,0.0392156862745098,0.5875122285916573,2.342266001678377,0.9963627187302568,0.8565251293207461,0.8966694744888606,0.9223599567471658,0.4627971649169922,0.04974949359893799,0.5443125626766944,0.3871959169013689,0.06594550221445923,0.03812112352203508,0.014665451720169835,0.00584514459469786,0.0030326750350364593,0.0010244011687257117,0.00936625239797504,0.1015625,0.005313465428696595,0.150390625,0.5B,16384
5,13,longdoc_16384,longdoc,16384,9.704060527839234,16.98242604155267,19.854177953897334,1.757258985084762,24.44944963225814,3.111206720124369,0.6490813267917392,6.56740047409916,0.14848312142724227,-55.56818678230047,4.295146260759793,0.20372315630586696,0.9678052124999027,0.0392156862745098,0.6215905923610058,2.816852684104431,0.9727283998370531,0.7321724655002745,0.7413318521399131,0.7546453131765541,0.37824660539627075,0.0065552592277526855,0.6973782445766692,0.02049625369743576,0.5065740832431725,0.3752963376666856,0.19417684002328028,0.08656521698020002,0.04513530179628478,0.01684204561481224,0.15946362523114543,0.1015625,0.08854487824312046,0.150390625,0.5B,16384
6,0,longdoc_16384,longdoc,16384,9.704060527839234,13.092281530060562,13.763042098584076,1.792782035286112,17.90812537473579,3.524239894330994,0.4135481386036031,4.696228341279249,0.08072470653551281,34.73785606212914,1.4827888999134302,1.1334316470760595,0.6635399508422499,0.0196078431372549,0.5765984792776113,6.651493973440194,0.9303876631409139,0.15909149657405935,0.22632337470625272,0.31875196986862253,0.22450828552246094,0.00523829460144043,0.04891238982169451,0.012948320971131248,0.23129566186492606,0.16786263459223977,0.08106048390836486,0.04545300156653388,0.029731949549443217,0.01418776302861765,0.0455178200148173,0.1015625,0.031239191411041353,0.150390625,0.5B,16384
6,1,longdoc_16384,longdoc,16384,9.704060527839234,17.58195133186828,13.763042098584076,1.792782035286112,17.90812537473579,3.524239894330994,0.4135481386036031,4.696228341279249,0.08072470653551281,81.87929057329893,33.1950652487576,1.463055765758693e-08,0.9999999999989961,0.0392156862745098,0.5907781658885776,3.3232190433447673,0.9959983089697113,0.6382018428133283,0.8208846676962053,0.9317752996930773,0.141341432929039,0.004950284957885742,0.0581537218688406,0.8921956883923631,0.013492083243406838,0.00876331123454855,0.003656247304959061,0.0014942018157646662,0.0008141658314213717,0.00031038742377505115,0.008567438916752412,0.1015625,0.006670969955103449,0.150390625,0.5B,16384
6,2,longdoc_16384,longdoc,16384,9.704060527839234,13.398235773286233,13.763042098584076,1.792782035286112,17.90812537473579,3.524239894330994,0.4135481386036031,4.696228341279249,0.08072470653551281,42.0657168738544,3.2902966402471066,0.29570456750456453,0.936225278418232,0.0392156862745098,0.6041809925638126,6.27938032246813,0.9349884284583858,0.22382714152704813,0.29312294068132333,0.3919524007797031,0.10345032811164856,0.03594970703125,0.10852623810991674,0.22803874719401235,0.1824124565113022,0.11987176936893608,0.06279473241298388,0.035502107548385946,0.023308426080558334,0.012359086167564887,0.055888291832632955,0.1015625,0.04387088056748948,0.150390625,0.5B,16384
6,3,longdoc_16384,longdoc,16384,9.704060527839234,12.884825332362169,13.763042098584076,1.792782035286112,17.90812537473579,3.524239894330994,0.4135481386036031,4.696228341279249,0.08072470653551281,44.827926367521286,0.042630571871995926,1.7223701310010378,0.2641940646206365,0.0392156862745098,0.61028280974964,6.476851871360476,0.9464597152709848,0.1304924304115681,0.20137322976368943,0.2998054183263955,0.004074916243553162,0.03846149891614914,0.03992083638942506,0.14401145667624152,0.16152923241388725,0.09967611854579632,0.0363828393203549,0.02229480553098298,0.014322971366773943,0.0070680867438819295,0.029203889822117062,0.1015625,0.022903128627106244,0.150390625,0.5B,16384
6,4,longdoc_16384,longdoc,16384,9.704060527839234,22.24657517231257,13.763042098584076,1.792782035286112,17.90812537473579,3.524239894330994,0.4135481386036031,4.696228341279249,0.08072470653551281,63.595369305461645,30.950157787650824,1.4631551095249056e-08,0.9999999999989602,0.0392156862745098,0.5180013441823862,1.7451892203063506,0.9990198072612552,0.9625629659472335,0.977984747140929,0.983506523723222,0.5832881927490234,0.016564607620239258,0.039469286246402856,0.9374746332657298,0.0038887853693638746,0.0023924320392311863,0.0009647574501046496,0.0003663082274281223,0.00017698560598054854,5.2821723557025426e-05,0.003852088709209909,0.1015625,0.0023249889973604243,0.150390625,0.5B,16384
6,5,longdoc_16384,longdoc,16384,9.704060527839234,16.64458436382264,13.763042098584076,1.792782035286112,17.90812537473579,3.524239894330994,0.4135481386036031,4.696228341279249,0.08072470653551281,66.04791329801083,3.913404241204262,0.09640708393014799,0.9804185833433133,0.0392156862745098,0.5662883488598878,4.618135913016362,0.9881737174706953,0.42309645756865544,0.5464563118214879,0.6812382620944645,0.4748581647872925,0.0690765380859375,0.06295206330366351,0.6626583347686006,0.045110894719604756,0.025854607919067955,0.010419569691389869,0.00454380308340462,0.002258296401440091,0.0008245409920777009,0.019941121748955706,0.1015625,0.013602787719008821,0.150390625,0.5B,16384
6,6,longdoc_16384,longdoc,16384,9.704060527839234,18.224789694696415,13.763042098584076,1.792782035286112,17.90812537473579,3.524239894330994,0.4135481386036031,4.696228341279249,0.08072470653551281,66.01002465002239,34.093144811689854,1.4630512237912307e-08,0.9999999999989977,0.0392156862745098,0.5612622857453468,3.064037920638834,0.9959518929659318,0.7442952112196587,0.9084096317350384,0.9370838755324239,0.11149558424949646,0.0677269697189331,0.06622519462640647,0.858203936039079,0.0228387867995681,0.014298377291308156,0.005828414158283141,0.0023112168355445563,0.0011272945061962106,0.00034451660980249063,0.020351768325402624,0.1015625,0.014250540072062338,0.150390625,0.5B,16384
6,7,longdoc_16384,longdoc,16384,9.704060527839234,20.27923002602178,19.93620589223561,1.1564811145260872,23.077434986623373,3.7208763753111946,0.6887331339788718,6.870256631028449,0.10379190272253443,-38.03291970491409,13.814506095834076,3.2917347790799513e-05,0.9999978539800527,0.0392156862745098,0.6231229034679497,2.5834050919226605,0.9904980474663241,0.7632348229782181,0.7952318400933822,0.825004575238541,0.13727742433547974,0.006513237953186035,0.6454940761109802,0.1664951813420097,0.26569627084455016,0.1596614625385088,0.06131161172254594,0.02374646694851139,0.012355339898607338,0.0045448793073214555,0.0391090913765011,0.1015625,0.022117512106133358,0.150390625,0.5B,16384
6,8,longdoc_16384,longdoc,16384,9.704060527839234,18.112977973681136,19.93620589223561,1.1564811145260872,23.077434986623373,3.7208763753111946,0.6887331339788718,6.870256631028449,0.10379190272253443,-48.73856243491173,10.762005895376205,0.0002866934761828191,0.9999763224366484,0.0392156862745098,0.4525787893928634,1.9454927045034562,0.9886842881188018,0.8139835988679575,0.8302711783701366,0.850690074585583,0.05143254995346069,0.048357486724853516,0.7836679715286498,0.059252177681225204,0.35524063555698815,0.2444469412365593,0.11330207093758432,0.04835198944047396,0.025439334894194938,0.008370174763102058,0.07622062608677344,0.1015625,0.042817852527432324,0.150390625,0.5B,16384
6,9,longdoc_16384,longdoc,16384,9.704060527839234,20.57074622672384,19.93620589223561,1.1564811145260872,23.077434986623373,3.7208763753111946,0.6887331339788718,6.870256631028449,0.10379190272253443,-56.14123396016657,14.903044666163623,5.37822108998093e-06,0.9999996628095642,0.0392156862745098,0.5085256595241422,1.0381600284930934,0.9986270967886054,0.9673843037538075,0.9722742396016198,0.9780253266431752,0.017831861972808838,0.020668230950832367,0.32273691004507254,0.6461357472972408,0.008407523813035516,0.005688093058210035,0.0028004114716859143,0.0012714852987120314,0.0006846192808330482,0.00024525868854499266,0.005106642524047305,0.1015625,0.003542501200611153,0.150390625,0.5B,16384
6,10,longdoc_16384,longdoc,16384,9.704060527839234,20.668197959691646,19.93620589223561,1.1564811145260872,23.077434986623373,3.7208763753111946,0.6887331339788718,6.870256631028449,0.10379190272253443,-47.835358798503876,13.695800359826535,1.8404114579718484e-05,0.9999987712409284,0.0392156862745098,0.4746474140023483,1.4970432631689286,0.9972242360835979,0.9053455765621182,0.9254259268978716,0.941694177580346,0.05274459719657898,0.11780542135238647,0.7450537096717462,0.1817846942821405,0.0916400058102401,0.05204303479909648,0.021111117169945636,0.008480408620689836,0.004291265482632225,0.0014443269862382739,0.022174589188680708,0.1015625,0.012348512438732254,0.150390625,0.5B,16384
6,11,longdoc_16384,longdoc,16384,9.704060527839234,18.830316591726255,19.93620589223561,1.1564811145260872,23.077434986623373,3.7208763753111946,0.6887331339788718,6.870256631028449,0.10379190272253443,-50.658892780542374,9.382628745399415,0.002304082812986375,0.9997924603634184,0.0392156862745098,0.6666856314650071,1.5907561260085645,0.9838377300278027,0.8579351947805016,0.8679614647125568,0.8824795775929085,0.06966501474380493,0.0121917724609375,0.8384208245892071,0.034821852537909134,0.2775219078510979,0.2114601313875376,0.12840665843882731,0.0752168048204119,0.04911727812192287,0.02385383216339827,0.11537304753049749,0.1015625,0.08309079672525424,0.150390625,0.5B,16384
6,12,longdoc_16384,longdoc,16384,9.704060527839234,20.95118078674542,19.93620589223561,1.1564811145260872,23.077434986623373,3.7208763753111946,0.6887331339788718,6.870256631028449,0.10379190272253443,-46.978472642600536,13.0898627191782,2.930919925400997e-05,0.999997924826125,0.0392156862745098,0.5064190761554177,1.7051299664703372,0.9979670208679413,0.9433844465503475,0.9552611139436076,0.9651927072944988,0.6674071550369263,0.007954597473144531,0.5816154413327871,0.37455463173223835,0.04268524137007259,0.02706458774003857,0.012132538279489619,0.004925019233158003,0.002444523879242847,0.000779425423248026,0.011301270834156987,0.1015625,0.0062620667674756145,0.150390625,0.5B,16384
6,13,longdoc_16384,longdoc,16384,9.704060527839234,16.9625686377765,19.93620589223561,1.1564811145260872,23.077434986623373,3.7208763753111946,0.6887331339788718,6.870256631028449,0.10379190272253443,-22.938711404800415,4.273109667003155,0.2345088682359636,0.9603227187515905,0.0392156862745098,0.32009621922828385,6.867453639188265,0.9293797432352718,0.1059942009281415,0.17443567303865262,0.26841555658127236,0.06704074144363403,0.018206357955932617,0.019025478573733615,0.04301044218294156,0.2586942312345223,0.1911249193154684,0.10008124896350425,0.05143942528538585,0.030230549292416253,0.012158435211128277,0.02432334630516325,0.1015625,0.014347063997596844,0.150390625,0.5B,16384
7,0,longdoc_16384,longdoc,16384,9.704060527839234,25.366076257988833,20.294111865623094,0.8238339184152939,22.48964274214619,3.170011364964852,0.5006531505933589,6.185954119071499,0.10766612438932625,-31.145765356719494,24.66892906650901,1.5123037581945077e-08,0.9999999999796552,0.0392156862745098,0.6492377169503993,1.5563177570773832,0.9996196830628333,0.9769655995958123,0.988610729508375,0.9925487953781592,0.07434511184692383,0.15148508548736572,0.06471947443903595,0.9237529517679468,0.0017383579388651374,0.0007917134528723852,0.0002586047685668553,8.404188153325064e-05,3.575326410022264e-05,8.7726152131624e-06,0.0004065864818832606,0.1015625,0.00019821445799152117,0.150390625,0.5B,16384
7,1,longdoc_16384,longdoc,16384,9.704060527839234,19.51594989901682,20.294111865623094,0.8238339184152939,22.48964274214619,3.170011364964852,0.5006531505933589,6.185954119071499,0.10766612438932625,-45.96910437196493,17.49846452753991,4.799291444042336e-07,0.9999999748467605,0.0392156862745098,0.6850045862166848,1.01780459167836,0.9953326121316164,0.92230232772897,0.9378363605037089,0.9491393191230293,0.024150416254997253,0.05285660922527313,0.8807658844230767,0.07255979620996214,0.0936825295045545,0.06757347395726282,0.03679634233530084,0.019029870713934267,0.011361062741132157,0.004835685357885514,0.03726218573342416,0.1015625,0.02591763105553519,0.150390625,0.5B,16384
7,2,longdoc_16384,longdoc,16384,9.704060527839234,19.7994854326768,20.294111865623094,0.8238339184152939,22.48964274214619,3.170011364964852,0.5006531505933589,6.185954119071499,0.10766612438932625,-33.62457621097565,17.03194104321301,7.376848072018759e-07,0.999999959900254,0.0392156862745098,0.679317425390948,2.2960451595440374,0.9930649966061841,0.8203115205115169,0.8655382451108516,0.9017310562894513,0.0838044285774231,0.1247020959854126,0.6324633630494715,0.28170445108824216,0.12704934241126925,0.08719723467558152,0.04374199479974069,0.020823704778256392,0.011485244584168039,0.004274721081280409,0.04318739066364279,0.1015625,0.02732210846147833,0.150390625,0.5B,16384
7,3,longdoc_16384,longdoc,16384,9.704060527839234,25.909049698463775,20.294111865623094,0.8238339184152939,22.48964274214619,3.170011364964852,0.5006531505933589,6.185954119071499,0.10766612438932625,-64.07014090195298,22.320229914039373,1.9349435511582724e-08,0.9999999997963913,0.0392156862745098,0.6087398838916387,1.1781164219854612,0.9995774441717346,0.9691108464243462,0.9840959179890529,0.9899515739397233,0.023811399936676025,0.04437434673309326,0.7362701974973872,0.245160003011059,0.007575107134627228,0.0036692853881973137,0.0011767274112439168,0.00041149194357663625,0.00018075914101589653,4.419207986341998e-05,0.005231348207069544,0.1015625,0.0026069486466353984,0.150390625,0.5B,16384
7,4,longdoc_16384,longdoc,16384,9.704060527839234,19.408779113474623,20.294111865623094,0.8238339184152939,22.48964274214619,3.170011364964852,0.5006531505933589,6.185954119071499,0.10766612438932625,-47.393316832371056,20.03661379730329,7.15856082818765e-08,0.9999999973304206,0.0392156862745098,0.6354173799788014,1.6384485306727923,0.9970078410091979,0.9275971877493664,0.9423087407294413,0.9538431004611039,0.10643860697746277,0.08312439918518066,0.44901210503710903,0.4929718914660242,0.02542133950113148,0.017144981783483428,0.008146426512734478,0.0035264956635450203,0.0018166042808471087,0.0006246798660012007,0.012270818330731022,0.1015625,0.007868463505637786,0.150390625,0.5B,16384
7,5,longdoc_16384,longdoc,16384,9.704060527839234,20.608412426881628,20.294111865623094,0.8238339184152939,22.48964274214619,3.170011364964852,0.5006531505933589,6.185954119071499,0.10766612438932625,-40.225393267406616,17.22492318385048,6.242775026856969e-07,0.9999999666267676,0.0392156862745098,0.6656100068697195,1.3776120033522923,0.9969019088580612,0.898409014879729,0.9246004065940971,0.946786482343281,0.05405184766277671,0.007998533546924591,0.8004181875015456,0.1526500259375221,0.07282366004991081,0.048493798559469774,0.023375024861367645,0.011140919255532412,0.006374496313722846,0.002431705513584105,0.021870445741286288,0.1015625,0.013822353568547326,0.150390625,0.5B,16384
7,6,longdoc_16384,longdoc,16384,9.704060527839234,22.335320180319176,20.294111865623094,0.8238339184152939,22.48964274214619,3.170011364964852,0.5006531505933589,6.185954119071499,0.10766612438932625,-47.35810617916286,20.00477375369519,6.012078563508094e-08,0.9999999978473497,0.0392156862745098,0.6641247077453706,1.5185370290480926,0.9982975761482425,0.9347609147420753,0.9563747883811698,0.9697467059345601,0.087993323802948,0.18514606356620789,0.7010330411904113,0.26170264506724594,0.03764010799588163,0.023220770747211756,0.009851049779200222,0.004030299793224933,0.0020883566188716544,0.0006951525177983843,0.014074315420407872,0.1015625,0.006272861720174491,0.150390625,0.5B,16384
7,7,longdoc_16384,longdoc,16384,9.704060527839234,29.164537215948595,21.62095361015659,1.1977959460491079,25.377379075695067,5.014822570716171,0.5609079466151102,8.136063950322887,0.0639448593838707,-75.73971223458648,2.6592619381844997,0.24163647443454234,0.9345790798475043,0.0392156862745098,0.5312599660711134,0.8055405176471375,0.9998784758870773,0.9942778055597717,0.9975820199443326,0.998962802116133,0.04492592811584473,0.391990065574646,0.1442367325322187,0.009163349276474416,4.187767325040587e-05,9.160698311967987e-06,1.5078864086854782e-06,2.891510509564448e-07,9.25424210769142e-08,1.642560238707214e-08,4.176158904900618e-05,0.1015625,1.8799878018514435e-05,0.150390625,0.5B,16384
7,8,longdoc_16384,longdoc,16384,9.704060527839234,21.471001513939246,21.62095361015659,1.1977959460491079,25.377379075695067,5.014822570716171,0.5609079466151102,8.136063950322887,0.0639448593838707,-109.83011720329523,3.746988696977496,0.18129848733349851,0.9666300392624615,0.0,0.3400785565241389,3.6875861977896984,0.9978863281076504,0.48139515330888294,0.6719606217634496,0.836866807707458,0.037743330001831055,0.18589401245117188,0.0897755444691931,9.233707505386015e-05,0.0008749782858599208,0.00033037980761522817,0.00010074599506535395,3.755881004302667e-05,1.782220385627541e-05,5.445852929149091e-06,0.039923467616412196,0.101806640625,0.02307067263715367,0.150634765625,0.5B,16384
7,9,longdoc_16384,longdoc,16384,9.704060527839234,23.56613201289728,21.62095361015659,1.1977959460491079,25.377379075695067,5.014822570716171,0.5609079466151102,8.136063950322887,0.0639448593838707,-50.30340871959925,32.702257085591555,1.4630625101690428e-08,0.9999999999989937,0.0392156862745098,0.5824252152284859,1.1442462891663507,0.9997448482747197,0.9755262790708709,0.9931799507935138,0.9973184151849711,0.3438224196434021,0.0481221079826355,0.7165421829940237,0.2813954609172236,0.002823379000724878,0.0017350938482870934,0.0007468121936545138,0.00029450422258214587,0.00013982739267645808,4.0984708827612145e-05,0.0013171356445786085,0.1015625,0.0007282740255047124,0.150390625,0.5B,16384
7,10,longdoc_16384,longdoc,16384,9.704060527839234,23.19380513037932,21.62095361015659,1.1977959460491079,25.377379075695067,5.014822570716171,0.5609079466151102,8.136063950322887,0.0639448593838707,-24.54837018251419,19.294389382004738,9.933003603153479e-08,0.999999995824993,0.0392156862745098,0.6623476142722712,2.6381652430795515,0.9989768357739236,0.8176839083080898,0.8994930547263539,0.9656822430624991,0.21347588300704956,0.010266780853271484,0.22398254735440826,0.7554953065132888,0.0019239415120610296,0.0009157096991244119,0.00033808912712174637,0.00013191387791704307,6.280932743374451e-05,1.9399097497847335e-05,0.0002747802053823156,0.1015625,0.00017883395820074522,0.150390625,0.5B,16384
7,11,longdoc_16384,longdoc,16384,9.704060527839234,30.508315672492053,21.62095361015659,1.1977959460491079,25.377379075695067,5.014822570716171,0.5609079466151102,8.136063950322887,0.0639448593838707,-57.364186592400074,27.01940043270588,1.4680259311413152e-08,0.9999999999971565,0.0392156862745098,0.543635479807638,0.8065828892678497,0.9998617827984565,0.9872264911228859,0.9955249119781078,0.9989333628862708,1.125169277191162,0.1269218921661377,0.8279849705931311,0.1057184989192234,0.0002011207133841238,7.519589506113414e-05,1.635307276005229e-05,3.5540280721136802e-06,1.130166684944977e-06,1.8429344630844297e-07,0.000516739773066754,0.1015625,0.00047571422195218213,0.150390625,0.5B,16384
7,12,longdoc_16384,longdoc,16384,9.704060527839234,24.113799998754736,21.62095361015659,1.1977959460491079,25.377379075695067,5.014822570716171,0.5609079466151102,8.136063950322887,0.0639448593838707,-19.930607706308365,14.219305321574211,1.0177774836315641e-05,0.9999993322182857,0.0392156862745098,0.6313959370133343,3.100569195831001,0.998596476722568,0.66746201476869,0.814177320472877,0.9356460622940597,0.0496821403503418,0.04144859313964844,0.2558232398605689,0.7209883954811093,0.0027070900150332456,0.0010687411645631064,0.00024248776105864864,8.282608560674249e-05,3.696417828337879e-05,1.0054156822606324e-05,0.00018848015092896506,0.1015625,0.00010361322826403713,0.150390625,0.5B,16384
7,13,longdoc_16384,longdoc,16384,9.704060527839234,15.922121040457249,21.62095361015659,1.1977959460491079,25.377379075695067,5.014822570716171,0.5609079466151102,8.136063950322887,0.0639448593838707,-37.442796625196934,0.3279334679245949,0.9630498463659236,0.5468067393874195,0.0392156862745098,0.6586138641605364,4.830520053083152,0.9845719536915825,0.35185095206038897,0.5666171705429827,0.7027901929238074,0.018903524382039905,0.30959272384643555,0.03342387443174949,0.16790556336961523,0.06769311200373238,0.04180676996675857,0.01993275426315962,0.009138768190682166,0.005112222443635949,0.002019580462403666,0.006641110825031157,0.1015625,0.004379181132653649,0.150390625,0.5B,16384
8,0,longdoc_16384,longdoc,16384,9.704060527839234,9.458882440391518,283.90135418701936,0.8260957159057609,287.18185679938176,3.432452364745134,0.30979670193504066,5.287798235015611,0.04297067869166135,304.52438119612634,0.7203606385737658,1.1956579861723657,0.5685296197809673,0.0392156862745098,0.11864675824701683,7.344242152486512,0.9199918846038124,0.03948235132414214,0.06669881935124825,0.11603789785734873,0.016578391194343567,0.009710371494293213,0.010413225226633675,0.08710133357927119,0.2608573771219273,0.13478767617831924,0.05053214529269404,0.022313727018860544,0.010326753888058371,0.004093494667748132,0.015071558239593314,0.1015625,0.009918454000048338,0.150390625,0.5B,16384
8,1,longdoc_16384,longdoc,16384,9.704060527839234,13.129017002304812,283.90135418701936,0.8260957159057609,287.18185679938176,3.432452364745134,0.30979670193504066,5.287798235015611,0.04297067869166135,326.43946827948093,1.3017266616225243,0.6636854655982563,0.7557457262181994,0.0392156862745098,0.09401740147380287,4.789077063672928,0.9927513857606797,0.281386231409147,0.4731353401976597,0.6357963634910173,0.06508442759513855,0.01644033193588257,0.0022882693455545957,0.2720325251112984,0.056115162479241636,0.015529666341681063,0.002192275220631359,0.0005117470407817149,0.00024758096842492094,8.091386661786554e-05,0.0010947977742897248,0.1015625,0.0007238499451947971,0.150390625,0.5B,16384
8,2,longdoc_16384,longdoc,16384,9.704060527839234,12.111878108071393,283.90135418701936,0.8260957159057609,287.18185679938176,3.432452364745134,0.30979670193504066,5.287798235015611,0.04297067869166135,193.11888198554516,23.22940067946911,1.6655479589863808e-08,0.9999999999154259,0.0392156862745098,0.06524452901412729,2.5209055906356554,0.9986853902486899,0.8766962681958668,0.9315305957881882,0.9667568331856795,0.58931565284729,0.022299766540527344,0.0013684446786706669,0.9738118989031345,0.0022358446385031846,0.0013118603827432316,0.0005620274437244979,0.0002464549587525305,0.00012919944982107457,4.828065487386026e-05,0.00045969139515438656,0.1015625,0.00027042274706981425,0.150390625,0.5B,16384
8,3,longdoc_16384,longdoc,16384,9.704060527839234,53.31461129698038,283.90135418701936,0.8260957159057609,287.18185679938176,3.432452364745134,0.30979670193504066,5.287798235015611,0.04297067869166135,181.1576201915741,32.62603658437729,1.4630638998795888e-08,0.9999999999989932,0.0392156862745098,0.028462825695136963,1.3967092341534865e-06,0.9999389648352786,0.9999999992330906,0.9999999997532114,0.9999999999552889,0.24377167224884033,0.1091461181640625,1.9026485250694273e-17,0.9999999950772557,4.512480712489292e-14,2.797992889144263e-15,7.901921449318501e-16,7.901852996965308e-16,8.84329309381053e-16,1.016372697782831e-15,4.675270601904138e-13,0.1015625,4.654487771339577e-13,0.150390625,0.5B,16384
8,4,longdoc_16384,longdoc,16384,9.704060527839234,16.036063868104556,283.90135418701936,0.8260957159057609,287.18185679938176,3.432452364745134,0.30979670193504066,5.287798235015611,0.04297067869166135,376.44385535269976,36.89761455729604,1.4630454557962978e-08,0.9999999999989999,0.0392156862745098,0.08754570980505451,2.933324062691253,0.9988911828365732,0.7266778517666543,0.8886813534774596,0.9654708873760235,0.36016055941581726,0.09167918562889099,0.0014368484910173424,0.9721698173544349,0.0012213387824802275,0.000604488627769503,0.00018284563779253835,4.546072288739795e-05,1.614144399520789e-05,2.9587993015538387e-06,0.0002753898888442935,0.1015625,0.0001353351521057836,0.150390625,0.5B,16384
8,5,longdoc_16384,longdoc,16384,9.704060527839234,13.115917696446502,283.90135418701936,0.8260957159057609,287.18185679938176,3.432452364745134,0.30979670193504066,5.287798235015611,0.04297067869166135,250.0630528330803,18.298021763563156,2.3278615249423655e-07,0.9999999886939347,0.0392156862745098,0.08061053084776336,1.834716071051055,0.9983930176707777,0.9508096039924233,0.970212630511177,0.9766265330002117,0.3541694786399603,0.06772279739379883,0.007266142393342932,0.9648949726442239,0.006063194403472739,0.003961499410240491,0.0017461470501617662,0.0007299964715206829,0.0003711332495466624,0.00012450415558241197,0.0048839434774201945,0.1015625,0.0022703302137302285,0.150390625,0.5B,16384
8,6,longdoc_16384,longdoc,16384,9.704060527839234,12.25304180448775,283.90135418701936,0.8260957159057609,287.18185679938176,3.432452364745134,0.30979670193504066,5.287798235015611,0.04297067869166135,231.13577583432198,21.80557806789875,2.2353221846908846e-08,0.9999999996600868,0.0392156862745098,0.07425912433675269,3.0854521796906025,0.9977417030176372,0.7167287146006287,0.8442676438423509,0.9269342389809171,0.3703575134277344,0.045974016189575195,0.018903568140688748,0.9342558604343512,0.005895041413412936,0.0028665222991346257,0.0011128059435645545,0.0004485330752848032,0.00023260290868125198,7.854686326883016e-05,0.0013152549612422283,0.1015625,0.0006691574158791819,0.150390625,0.5B,16384
8,7,longdoc_16384,longdoc,16384,9.704060527839234,33.22935404331069,16.13751893992331,1.7128220456547905,19.392598321869386,5.126360288875086,0.5314140593244514,6.242900641743762,0.11386982869835659,30.27942139096558,38.16813178360462,1.4630452561959719e-08,0.9999999999989999,0.0392156862745098,0.5533471848665784,0.6757836389441568,0.9998969508855978,0.9991920671785124,0.9994722143160056,0.999675789818196,0.05699872970581055,0.2907682955265045,0.0026815864995333675,0.9964626257933012,3.456745664550353e-05,1.1018592120683284e-05,1.3616838646941252e-06,1.428399887792424e-07,2.6786703173549363e-08,1.849713725434344e-09,0.0004018118096051546,0.1015625,0.00035850420169641147,0.150390625,0.5B,16384
8,8,longdoc_16384,longdoc,16384,9.704060527839234,24.2634994843399,16.13751893992331,1.7128220456547905,19.392598321869386,5.126360288875086,0.5314140593244514,6.242900641743762,0.11386982869835659,37.49262575805187,46.039812406525016,1.463045180354004e-08,0.9999999999989999,0.0392156862745098,0.5558950379030627,1.9309299824221267,0.9994363232251993,0.9631445153317386,0.9855231494492426,0.9913666510256808,0.08414578437805176,0.03960537910461426,0.11008548300223507,0.8796843633166951,0.0031129012706078646,0.0016474435587706022,0.0004388504417987173,0.00010713010666466205,3.808855640817901e-05,6.783311273085919e-06,0.006780967969149596,0.1015625,0.005529172754505031,0.150390625,0.5B,16384
8,9,longdoc_16384,longdoc,16384,9.704060527839234,22.405677011311333,16.13751893992331,1.7128220456547905,19.392598321869386,5.126360288875086,0.5314140593244514,6.242900641743762,0.11386982869835659,55.96916135959327,16.245150592178106,1.533372983909113e-06,0.9999999119304788,0.0392156862745098,0.544097623289998,3.513515134027076,0.9973396825505654,0.5970067880776682,0.7565373154905262,0.8908780624275675,0.05266618728637695,0.031258344650268555,0.0811440625025188,0.8650169298823233,0.009585353516933497,0.004917621238110096,0.0015073496307108005,0.00040042923367082656,0.00015585231763800623,4.060722308901375e-05,0.007085177089941775,0.1015625,0.0060959288394567615,0.150390625,0.5B,16384
8,10,longdoc_16384,longdoc,16384,9.704060527839234,19.61858554356756,16.13751893992331,1.7128220456547905,19.392598321869386,5.126360288875086,0.5314140593244514,6.242900641743762,0.11386982869835659,30.71886534243822,28.81998581252992,1.4638936505201088e-08,0.999999999998691,0.0392156862745098,0.5801730492162822,2.626224189862052,0.9955891852513975,0.8384831720229593,0.8931584139455322,0.9223393348224352,0.055290937423706055,0.25603123009204865,0.3247733638467955,0.5991975104236986,0.04338304930403854,0.025960159128279425,0.009891913983527647,0.0035326492152233284,0.0016761568732802966,0.00047921304273959293,0.04782815947604261,0.1015625,0.04222565704867102,0.150390625,0.5B,16384
8,11,longdoc_16384,longdoc,16384,9.704060527839234,23.914313024973897,16.13751893992331,1.7128220456547905,19.392598321869386,5.126360288875086,0.5314140593244514,6.242900641743762,0.11386982869835659,47.55347342044115,49.61644389666617,1.4630451803238425e-08,0.9999999999989999,0.0392156862745098,0.5472029850882723,1.7093236674933558,0.9996037329503937,0.9603412255935023,0.991722492828168,0.9951478547430762,0.24463973939418793,0.14014512300491333,0.02756030076383574,0.9671619523057517,0.0015712118715812782,0.0008195017693004543,0.00022642079044148277,5.8135599720795334e-05,2.0598308137952933e-05,3.890548293274525e-06,0.0026724779735649174,0.1015625,0.0020526310305500296,0.150390625,0.5B,16384
8,12,longdoc_16384,longdoc,16384,9.704060527839234,21.35681996833896,16.13751893992331,1.7128220456547905,19.392598321869386,5.126360288875086,0.5314140593244514,6.242900641743762,0.11386982869835659,20.585673723369837,32.872360000386834,1.4630602502485432e-08,0.9999999999989944,0.0392156862745098,0.5687117831113077,2.3796297571879865,0.9977842771139624,0.9006035269632274,0.9360255641398914,0.9499989738014842,0.42393016815185547,0.16265495121479034,0.36057801287217656,0.5759685443315558,0.022434424211420285,0.011306350361970356,0.003669293243513644,0.001146707936187151,0.0004962224306477697,0.00013078363890353165,0.04846766607491085,0.1015625,0.04449952491816563,0.150390625,0.5B,16384
8,13,longdoc_16384,longdoc,16384,9.704060527839234,23.414670771480157,16.13751893992331,1.7128220456547905,19.392598321869386,5.126360288875086,0.5314140593244514,6.242900641743762,0.11386982869835659,52.90114443562925,32.10228524543345,1.4630767531030447e-08,0.9999999999989886,0.0392156862745098,0.562835387869254,2.6806674129169688,0.9987006486444431,0.8263043862082801,0.9421075890564139,0.9749268418311643,0.41564643383026123,0.04154688119888306,0.1264312376567768,0.8557915843850679,0.006704944805388434,0.003602729915777901,0.0011095394326240274,0.00029217539650975785,0.0001106207476879629,2.5268491032031753e-05,0.009270165906204404,0.1015625,0.008063965368209264,0.150390625,0.5B,16384
9,0,longdoc_16384,longdoc,16384,9.704060527839234,22.413208326602508,21.33204405940792,1.0654263803959498,24.385836671919094,3.6109264273173407,0.48351414774496426,9.601005784002005,0.08614404565954215,-14.46668984554708,25.272392427548766,1.4904996846951575e-08,0.9999999999884206,0.0392156862745098,0.4604139783603896,2.8758430277586635,0.9986511728716925,0.7619526023933815,0.9061500170134117,0.9649248272714124,0.20647776126861572,0.28673434257507324,0.15161820903768103,0.8290310843234164,0.0030955000812832962,0.0018489190036365937,0.000793663589407669,0.00029437497306865855,0.00013146441311413746,3.292341940966064e-05,0.0007343943576575481,0.1015625,0.00044233540023095924,0.150390625,0.5B,16384
9,1,longdoc_16384,longdoc,16384,9.704060527839234,20.274774675610626,21.33204405940792,1.0654263803959498,24.385836671919094,3.6109264273173407,0.48351414774496426,9.601005784002005,0.08614404565954215,-29.83901838026941,7.974609715864062,0.0031469055636463824,0.9996517634455514,0.0392156862745098,0.4344305120915916,2.6885085448872124,0.992109609163674,0.7726343811730884,0.8159149845841593,0.8486520966305724,0.16148962080478668,0.12504416704177856,0.11712543784369793,0.6847346568143365,0.054358767859604216,0.03276935045002086,0.013438169594345748,0.005459143267510419,0.0024520070688694726,0.0006216648887686956,0.012537620186067466,0.1015625,0.0066400006960408405,0.150390625,0.5B,16384
9,2,longdoc_16384,longdoc,16384,9.704060527839234,23.70308158734746,21.33204405940792,1.0654263803959498,24.385836671919094,3.6109264273173407,0.48351414774496426,9.601005784002005,0.08614404565954215,-40.007551244460046,14.33610997069627,9.19818419990237e-06,0.9999994023587727,0.0392156862745098,0.41270108162838315,1.281370012988969,0.9986546649295913,0.9190658748563614,0.9453578839947538,0.9633557118132196,0.20813167095184326,0.08057498931884766,0.7913783329271581,0.17702520988217096,0.027813764210613354,0.015795128732376547,0.006561278340120144,0.0026389524097070473,0.0012936935177310601,0.00039493899317853757,0.005583178775128045,0.1015625,0.0026789439733193054,0.150390625,0.5B,16384
9,3,longdoc_16384,longdoc,16384,9.704060527839234,24.11054039468303,21.33204405940792,1.0654263803959498,24.385836671919094,3.6109264273173407,0.48351414774496426,9.601005784002005,0.08614404565954215,-18.549913784780074,14.655571742623579,6.796092379009052e-06,0.9999995672427796,0.0392156862745098,0.47817160772146294,3.2596563147209734,0.997249746704495,0.6243775198892221,0.7393918720640811,0.8640260712469406,0.06389468908309937,0.03353456221520901,0.3615012772111292,0.5498552674149204,0.016740599654831316,0.007317485659900139,0.0028092236596934566,0.0011237736831652139,0.0005539634716617129,0.00016777402673034324,0.0021049478759263794,0.1015625,0.0012478195163207295,0.150390625,0.5B,16384
9,4,longdoc_16384,longdoc,16384,9.704060527839234,27.56763146655976,21.33204405940792,1.0654263803959498,24.385836671919094,3.6109264273173407,0.48351414774496426,9.601005784002005,0.08614404565954215,-22.74935717880726,1.4743445347994566,0.855469127139605,0.706635741313643,0.0392156862745098,0.4810921795898716,5.353113230142447,0.9849065728916591,0.2549317658437575,0.35004150926590605,0.4757009204863365,0.005821824073791504,0.062105655670166016,0.09708573241568771,0.07758554191095991,0.06788961731359787,0.03782295593630518,0.010480038906146547,0.0028302083633513627,0.0011030557785726054,0.0002851447349478362,0.005755806505870072,0.1015625,0.0026514805630246836,0.150390625,0.5B,16384
9,5,longdoc_16384,longdoc,16384,9.704060527839234,28.548036847119914,21.33204405940792,1.0654263803959498,24.385836671919094,3.6109264273173407,0.48351414774496426,9.601005784002005,0.08614404565954215,-23.160355623811483,25.733397372066975,1.4805795212181764e-08,0.9999999999923299,0.0392156862745098,0.44467979525612933,2.3411511626086012,0.9993630845978471,0.8456945220871716,0.9487717581197839,0.9833622479700826,0.1784707009792328,0.08485126495361328,0.3979488138993305,0.5955170141911527,0.001488460223511777,0.0006739259182659832,0.00021384802216553331,6.28159890712339e-05,2.314544296869061e-05,4.483849100202934e-06,0.00016663818795811995,0.1015625,8.642114148450624e-05,0.150390625,0.5B,16384
9,6,longdoc_16384,longdoc,16384,9.704060527839234,21.72299901989901,21.33204405940792,1.0654263803959498,24.385836671919094,3.6109264273173407,0.48351414774496426,9.601005784002005,0.08614404565954215,-32.78079583123326,9.051371600478888,0.0018400370747104565,0.999820897667305,0.0392156862745098,0.4983808741457334,3.247412218498865,0.9913778070883498,0.6581114182012814,0.705364861615705,0.7627988636792333,0.16398024559020996,0.04095059633255005,0.5309956615247756,0.2273681933359034,0.2216449353489651,0.11578706972627793,0.035687165865191196,0.010605420801492694,0.0044715482949376495,0.0012632501694732194,0.023369632737781615,0.1015625,0.011648327771914985,0.150390625,0.5B,16384
9,7,longdoc_16384,longdoc,16384,9.704060527839234,29.521197423067175,26.726383932342557,3.5618257543899667,39.523363317302,6.617317728206789,0.41658289749897875,8.68123999787998,0.031332921287263726,-131.38502702920232,13.325431235483848,2.3400070952509194e-05,0.9999983675558161,0.0,0.7638563377795461,2.0291636394154864,0.9994834807588806,0.8605016684490677,0.9256649808434865,0.9773090191842395,0.15283313393592834,0.0767422616481781,0.5282908356390206,2.2909316911585992e-12,2.0816622184205024e-05,2.2705000811306285e-06,1.1058466716911971e-07,6.226402730899759e-09,5.072803228974016e-10,4.096666170985242e-12,0.1442095362217927,0.1015625,0.11770153707551233,0.150390625,0.5B,16384
9,8,longdoc_16384,longdoc,16384,9.704060527839234,29.685103537808395,26.726383932342557,3.5618257543899667,39.523363317302,6.617317728206789,0.41658289749897875,8.68123999787998,0.031332921287263726,-163.45121660962468,21.13048495032126,2.935445511145916e-08,0.9999999993333675,0.0,0.7229613464937406,3.2094067133621174,0.9987579647462543,0.5453329049144013,0.8020921018548042,0.9476832014021762,0.04088987782597542,0.07259383797645569,0.229469499873252,5.713320385315208e-08,5.243475716018399e-06,3.305733303635161e-07,2.4336906463558247e-08,2.2661234205331927e-09,3.495658290520798e-10,1.0748824912847004e-11,0.14553856356444503,0.1015625,0.0872676367663821,0.150390625,0.5B,16384
9,9,longdoc_16384,longdoc,16384,9.704060527839234,29.228508261310466,26.726383932342557,3.5618257543899667,39.523363317302,6.617317728206789,0.41658289749897875,8.68123999787998,0.031332921287263726,-139.93763701530406,19.593213599408045,7.837757015641316e-08,0.9999999969030615,0.0,0.7615808990784099,4.659020212132215,0.9944843955463748,0.21360266454398552,0.3127128784315816,0.4740737881728106,0.02053399384021759,0.007050700602121651,0.10309617317148473,2.4087593791858973e-10,1.047615597679772e-05,1.6663221208890303e-06,6.522842899665426e-08,8.26299427439248e-09,1.0265081427976326e-09,1.0080707974443388e-11,0.2181192365472964,0.1015625,0.11211072308030175,0.150390625,0.5B,16384
9,10,longdoc_16384,longdoc,16384,9.704060527839234,26.83102731996621,26.726383932342557,3.5618257543899667,39.523363317302,6.617317728206789,0.41658289749897875,8.68123999787998,0.031332921287263726,-124.81933529675007,21.57936092466116,2.4216142587294366e-08,0.9999999995741595,0.0392156862745098,0.7039335254623453,1.5032600120518747,0.9997867655427206,0.9847800830564473,0.9980114301987214,0.9991311203042971,0.7075057327747345,0.03812974691390991,0.19891437112713595,9.244274601760436e-05,6.380855817448918e-06,1.0076744693429098e-06,8.799683193415121e-08,1.4998734815713327e-08,3.8275717224024725e-09,3.8767233835902214e-10,0.002206839058507235,0.1015625,0.0017946516387403989,0.150390625,0.5B,16384
9,11,longdoc_16384,longdoc,16384,9.704060527839234,31.997034915489433,26.726383932342557,3.5618257543899667,39.523363317302,6.617317728206789,0.41658289749897875,8.68123999787998,0.031332921287263726,-50.3359249830246,5.24470579251647,0.0448469032228431,0.9931598507249446,0.0392156862745098,0.5969891816188072,2.880219131520195,0.9988398423660615,0.7647309100751882,0.8882637380547225,0.9541573986578533,0.33233195543289185,0.2535986304283142,0.13640703393246642,0.2814719770364151,0.0019921155710072047,0.0006381498285797043,7.951552468107056e-05,7.029176461965555e-06,4.995259628032699e-07,2.0467635290791406e-09,0.00014297292254637664,0.1015625,1.3824606688583508e-05,0.150390625,0.5B,16384
9,12,longdoc_16384,longdoc,16384,9.704060527839234,18.395691717372436,26.726383932342557,3.5618257543899667,39.523363317302,6.617317728206789,0.41658289749897875,8.68123999787998,0.031332921287263726,-18.47550581395626,2.085956074297428,0.6618501742634447,0.8050928293032068,0.0392156862745098,0.6597774815833828,5.736423364418162,0.9821455807522015,0.20722355232110576,0.30034020406649165,0.39992366521114914,0.09072726964950562,0.11041820049285889,0.04411446381857161,0.1885479457078582,0.05302918937794207,0.02732328092758386,0.004029845605500988,0.0004300640616914433,0.000203566852061829,6.428883687089817e-05,0.0003896915006118112,0.1015625,0.0002731298128346375,0.150390625,0.5B,16384
9,13,longdoc_16384,longdoc,16384,9.704060527839234,23.95431563497,26.726383932342557,3.5618257543899667,39.523363317302,6.617317728206789,0.41658289749897875,8.68123999787998,0.031332921287263726,-72.92977292835712,5.201312318444252,0.03399301446804559,0.994520854226144,0.0392156862745098,0.7315193192501994,2.311574292231146,0.9995264365194422,0.8715655977627338,0.9749796436968016,0.9957282806655757,0.06646496057510376,0.4721873551607132,0.0010038632457168531,2.4504927616660267e-05,3.119308050696383e-05,8.342865593805064e-06,1.5089997089849044e-06,3.472826461986879e-07,1.0920776617409254e-07,1.7585716120647404e-08,0.0017633208919625102,0.1015625,0.0002867327552225903,0.150390625,0.5B,16384
10,0,longdoc_16384,longdoc,16384,9.704060527839234,21.990069261244933,20.123091551998613,1.2754968563320817,24.349563355026397,6.984622023968861,0.6302593180736592,9.400943726357898,0.03908728384115773,-10.446766875684261,1.9055514708161354,0.385775027225062,0.870488829556432,0.0392156862745098,0.6156717409772271,4.740720302517095,0.9921190822755542,0.3453399746157982,0.45720172262354586,0.6042042426182233,0.1555410623550415,0.012330174446105957,0.12868736397531644,0.3765591863671442,0.02393936981632265,0.009015991072226386,0.001900394620909131,0.0006949066450077316,0.0003193023688416096,7.01611196064659e-05,0.0008647323220522302,0.1015625,0.00044499982904058473,0.150390625,0.5B,16384
10,1,longdoc_16384,longdoc,16384,9.704060527839234,16.39579418926785,20.123091551998613,1.2754968563320817,24.349563355026397,6.984622023968861,0.6302593180736592,9.400943726357898,0.03908728384115773,-31.17430866509676,0.6174029149115086,1.8421356444378583,0.4527256159122354,0.0,0.6555341910956547,8.319724522779032,0.7643915869133171,0.06444314855153256,0.07663887143340253,0.09754656312258073,0.06402724981307983,0.0007864981889724731,0.048005430501105374,0.004904026084206191,0.34083631051546615,0.2515421074474076,0.1667924795110798,0.12098621462913686,0.09003793694485482,0.04723838765718511,0.10945015121245102,0.1015625,0.07815619316188249,0.150390625,0.5B,16384
10,2,longdoc_16384,longdoc,16384,9.704060527839234,27.047391700602297,20.123091551998613,1.2754968563320817,24.349563355026397,6.984622023968861,0.6302593180736592,9.400943726357898,0.03908728384115773,-54.38438368216157,24.124852696433663,1.546316404742502e-08,0.9999999999656772,0.0392156862745098,0.522725277641942,1.4833008771365972,0.999618175061087,0.9745159891664176,0.9840326763076646,0.9909245222308012,0.6337429285049438,0.03387635946273804,0.1678996100501207,0.8032369611016714,0.0011121980481501395,0.0004826647085764486,0.00012684259816085695,3.141343512409357e-05,1.083014228621366e-05,1.923293915877187e-06,0.0007505481366394973,0.1015625,0.0004082564549184953,0.150390625,0.5B,16384
10,3,longdoc_16384,longdoc,16384,9.704060527839234,22.51241617414848,20.123091551998613,1.2754968563320817,24.349563355026397,6.984622023968861,0.6302593180736592,9.400943726357898,0.03908728384115773,0.20084518566727638,29.78759055957198,1.4633642860949161e-08,0.9999999999988842,0.0392156862745098,0.6097253363560092,2.816948689415589,0.9990698049006553,0.7650336683511539,0.9333475698102386,0.9775020926952073,0.027240753173828125,0.28939008712768555,0.042680894365839925,0.9472843253053623,0.0007045269188384672,0.0003516310648638576,0.00010662740543886714,3.234075646758718e-05,1.3364283726097956e-05,3.3702881255094215e-06,7.839006425702601e-05,0.1015625,4.0563341382396206e-05,0.150390625,0.5B,16384
10,4,longdoc_16384,longdoc,16384,9.704060527839234,19.216976240538223,20.123091551998613,1.2754968563320817,24.349563355026397,6.984622023968861,0.6302593180736592,9.400943726357898,0.03908728384115773,-24.772363506257534,14.404289159923792,8.574467822663991e-06,0.9999994445317771,0.0392156862745098,0.5818400367795968,2.5536828274260577,0.9970260278360666,0.7640545960701941,0.8543983723594496,0.9110448404551164,0.07797873020172119,0.11940675973892212,0.5205328801426043,0.42586948141523406,0.03147428204957276,0.016986263273979486,0.007059478406877589,0.003226695760350533,0.0018294572489855386,0.0007148603703278096,0.004493424042702119,0.1015625,0.0028008372167466007,0.150390625,0.5B,16384
10,5,longdoc_16384,longdoc,16384,9.704060527839234,20.643675075955755,20.123091551998613,1.2754968563320817,24.349563355026397,6.984622023968861,0.6302593180736592,9.400943726357898,0.03908728384115773,-7.232537851668894,9.087251004762948,0.0011496313716989602,0.999886335866099,0.0392156862745098,0.5954591672071561,4.3197086165753165,0.994645570983968,0.3865412945935213,0.5731534001942025,0.732854910495405,0.1253880262374878,0.08849528431892395,0.11634089493385297,0.7123859385452349,0.010231757457427035,0.004606813975067322,0.0014792085799076346,0.0005756902765507077,0.00026050488688492856,6.57547803484863e-05,0.000686291186149175,0.1015625,0.0003658391885772959,0.150390625,0.5B,16384
10,6,longdoc_16384,longdoc,16384,9.704060527839234,28.37713401942096,20.123091551998613,1.2754968563320817,24.349563355026397,6.984622023968861,0.6302593180736592,9.400943726357898,0.03908728384115773,-60.533260349184275,24.912221867591143,1.5099553267513244e-08,0.9999999999808833,0.0392156862745098,0.5339197743937453,0.5394969758624413,0.9996940751059816,0.9805342692577231,0.9863841228527466,0.9905152798994562,0.11394527554512024,0.12095743417739868,0.03256291550421482,0.9483086886732974,0.0015919262891797505,0.0007431064454738172,0.00017815833892591772,3.8023285787692134e-05,1.1809288717308509e-05,1.6072658240147589e-06,0.0011941800359772654,0.1015625,0.0007221362431567901,0.150390625,0.5B,16384
10,7,longdoc_16384,longdoc,16384,9.704060527839234,15.719453329501095,24.592511605535606,2.3013044824562234,31.895875265906586,3.638023744799908,0.7720722611127878,8.04064502468944,0.1510040548080681,-13.401531107723713,8.068785928189754,0.0033291030788961855,0.9996425038370076,0.0392156862745098,0.6415066716421378,4.938067709265188,0.9831177271037931,0.4068813173608615,0.5229064646715739,0.6361057444236494,0.32863426208496094,0.29956310987472534,0.08299405099458661,0.4585279782169233,0.07475743765858761,0.0447137369879975,0.01849496413113385,0.008224322908293622,0.005122722302883309,0.0023295047359232937,0.008359103175341734,0.1015625,0.005416808284681455,0.150390625,0.5B,16384
10,8,longdoc_16384,longdoc,16384,9.704060527839234,15.773200750817887,24.592511605535606,2.3013044824562234,31.895875265906586,3.638023744799908,0.7720722611127878,8.04064502468944,0.1510040548080681,-42.643312871456146,3.437877245247364,0.15251126218040767,0.9670905122336186,0.0392156862745098,0.6660452557609936,3.222870077405151,0.9802421676560297,0.6598261984041575,0.6794862791183538,0.7057090795245005,0.15233516693115234,0.004802703857421875,0.6231278201738316,0.060742367287436996,0.3721811649809263,0.22738696179260262,0.07719467121232224,0.026238990707758512,0.01464011074986057,0.00658130503231693,0.03630684858085291,0.1015625,0.02417601716646855,0.150390625,0.5B,16384
10,9,longdoc_16384,longdoc,16384,9.704060527839234,15.718283251967195,24.592511605535606,2.3013044824562234,31.895875265906586,3.638023744799908,0.7720722611127878,8.04064502468944,0.1510040548080681,-40.95952512323856,1.9575264900922775,0.5617623571001166,0.8507297444381025,0.0392156862745098,0.6029558855082904,4.647610586072457,0.9790722813396762,0.44013167731011615,0.49427217239279,0.5616095396333394,0.054335713386535645,0.0450742244720459,0.36403481668151205,0.06997975703806288,0.23563262279220368,0.13570236327979818,0.03679726599241734,0.00970183742633015,0.005289976334439181,0.0024719316241444576,0.015087679910626352,0.1015625,0.009435258011332917,0.150390625,0.5B,16384
10,10,longdoc_16384,longdoc,16384,9.704060527839234,16.547876415982554,24.592511605535606,2.3013044824562234,31.895875265906586,3.638023744799908,0.7720722611127878,8.04064502468944,0.1510040548080681,-41.62124103307724,4.190291926264763,0.09403960011230084,0.9827547416094259,0.0392156862745098,0.6578266179507625,1.930354999843681,0.9954958833402632,0.8262885741334476,0.8546571791635622,0.8823346583163878,0.48714447021484375,0.06280863285064697,0.7359319752201762,0.12026564423110316,0.07716475581402044,0.042331768741374745,0.014343807557085253,0.004892239843844263,0.002519439330677228,0.0009948815400715812,0.011447300852870141,0.1015625,0.006416942350116863,0.150390625,0.5B,16384
10,11,longdoc_16384,longdoc,16384,9.704060527839234,18.364760512328353,24.592511605535606,2.3013044824562234,31.895875265906586,3.638023744799908,0.7720722611127878,8.04064502468944,0.1510040548080681,-22.30248323082924,10.224771931767464,0.00042907941445552693,0.9999622445162724,0.0392156862745098,0.611178426163215,3.4756494637423105,0.9951481898817476,0.639289746535087,0.7650382120899895,0.8427537158886625,0.12183666229248047,0.29159772396087646,0.31435859738887195,0.4750299300375787,0.032539251833115915,0.016668855152808613,0.005907593361704601,0.0023860680715201503,0.0012459057400880608,0.00042108253681910325,0.004823654404999019,0.1015625,0.0025299187799351884,0.150390625,0.5B,16384
10,12,longdoc_16384,longdoc,16384,9.704060527839234,18.528886782664944,24.592511605535606,2.3013044824562234,31.895875265906586,3.638023744799908,0.7720722611127878,8.04064502468944,0.1510040548080681,-35.813323974609375,3.832354888319969,0.10362079215434761,0.9787125289889996,0.0392156862745098,0.5917110012634001,3.0341067526147376,0.9962971114876933,0.7115371563517727,0.8069048623934745,0.8748884316582343,0.038396596908569336,0.030483007431030273,0.4275563861704717,0.2908912204993595,0.03152475083812889,0.0149157047405353,0.0049064907528119615,0.0017320653936820137,0.0008669029063149141,0.00030679884104303047,0.0047311493375302195,0.1015625,0.0023508525301622544,0.150390625,0.5B,16384
10,13,longdoc_16384,longdoc,16384,9.704060527839234,14.571718190065472,24.592511605535606,2.3013044824562234,31.895875265906586,3.638023744799908,0.7720722611127878,8.04064502468944,0.1510040548080681,-38.88704462349415,1.9914580583572388,0.5786185577140751,0.8450894852162106,0.0392156862745098,0.6394530027643399,4.409708306142258,0.9843994431394696,0.47408582326586507,0.5303392617583519,0.6059763995752678,0.28124064207077026,0.013482332229614258,0.3669115456671607,0.10541534217874647,0.17344205316785924,0.09273037358419235,0.023612450146829344,0.0068693760148485486,0.0035582240873426527,0.0014458460334486655,0.011466493980498201,0.1015625,0.006427723201170257,0.150390625,0.5B,16384
11,0,longdoc_16384,longdoc,16384,9.704060527839234,23.707401943404257,16.658016705651157,1.0053075695667806,19.504032893259605,4.775361950536182,0.5413312744971548,7.9450648418301855,0.07641529348349206,-24.224384356290102,0.6389935128390789,1.0053524836308372,0.5325653482987716,0.0392156862745098,0.6661078345717363,3.157094687225296,0.9978163272845155,0.7011228785325295,0.8102799728596074,0.8932997166525156,0.0005195140838623047,0.03600728511810303,0.1684209521560626,0.5700701887466366,0.0076235096238414166,0.003047066277366393,0.0008991103150359879,0.00026177336500858914,0.00011566825082272863,3.117295513682621e-05,0.0005933790064547076,0.1015625,0.00026967751137004355,0.150390625,0.5B,16384
11,1,longdoc_16384,longdoc,16384,9.704060527839234,18.072993352591734,16.658016705651157,1.0053075695667806,19.504032893259605,4.775361950536182,0.5413312744971548,7.9450648418301855,0.07641529348349206,-58.21554563753307,7.148683201521635,0.00746342911931169,0.999113364206708,0.0,0.6779999795815437,4.764321483791307,0.982203752181289,0.3862206006897139,0.4357548749008065,0.5174223824683711,0.04184272885322571,0.008714377880096436,0.31143582216898336,0.0017131296420556117,0.13107152967190433,0.0543126093556414,0.02068602204373446,0.010077441599223682,0.0057483785898183115,0.002064399379507849,0.39148267585484436,0.101806640625,0.27466881395776627,0.150634765625,0.5B,16384
11,2,longdoc_16384,longdoc,16384,9.704060527839234,20.398608415545784,16.658016705651157,1.0053075695667806,19.504032893259605,4.775361950536182,0.5413312744971548,7.9450648418301855,0.07641529348349206,-38.53372973948717,0.35259890742599964,0.760925166805676,0.5769096256003036,0.0392156862745098,0.6403181358849743,3.6423055128738038,0.9948147345508632,0.6551943633779839,0.7759967263641586,0.8435090540437982,0.04152941703796387,0.15674275159835815,0.10824417435395815,0.017031825867807764,0.023222335796978202,0.013999880805671515,0.005022944850365316,0.001668534544164341,0.0007267386220364438,0.0001860112355009612,0.005281531827538765,0.1015625,0.002982609813144461,0.150390625,0.5B,16384
11,3,longdoc_16384,longdoc,16384,9.704060527839234,15.783341101161465,16.658016705651157,1.0053075695667806,19.504032893259605,4.775361950536182,0.5413312744971548,7.9450648418301855,0.07641529348349206,-26.648350354284048,6.596691746264696,0.01595848410146345,0.9980347417047261,0.0392156862745098,0.7767867665710569,5.432736113639165,0.9679183578943982,0.37641098804952644,0.45762343963822544,0.5426274662936198,0.4510573744773865,0.05377548933029175,0.11977768351723946,0.10454112479799568,0.09210437681400638,0.06748511897637344,0.03502430339247314,0.018344112098359303,0.011271038932933224,0.004719137738297423,0.025101467532774428,0.1015625,0.015229476769949964,0.150390625,0.5B,16384
11,4,longdoc_16384,longdoc,16384,9.704060527839234,20.21181351363476,16.658016705651157,1.0053075695667806,19.504032893259605,4.775361950536182,0.5413312744971548,7.9450648418301855,0.07641529348349206,-28.49903203547001,9.478531278669834,0.000809742443021669,0.9999230226766064,0.0392156862745098,0.7539285323342038,4.2377161312953895,0.9825566903360994,0.5207925313842899,0.6016720426040365,0.6911534628000725,0.08115947246551514,0.0016506314277648926,0.3453889703493767,0.13567967096790684,0.1258375568324034,0.0767661105283486,0.03695194666723093,0.017765021277668262,0.010138063463640825,0.0040129836549925866,0.04838638120043098,0.1015625,0.031043552081228953,0.150390625,0.5B,16384
11,5,longdoc_16384,longdoc,16384,9.704060527839234,22.841088224706667,16.658016705651157,1.0053075695667806,19.504032893259605,4.775361950536182,0.5413312744971548,7.9450648418301855,0.07641529348349206,-18.387454494833946,0.6397204287350178,0.8777522142994594,0.6000844411652555,0.0392156862745098,0.6879432496718852,3.909773481668251,0.9960097598576422,0.5308106090248514,0.678201637594471,0.8076482926749278,0.1217086911201477,0.042418479919433594,0.13984145040410442,0.5504691478041472,0.011841939843521427,0.004692601768400304,0.0016270290882774378,0.0006304541669922185,0.00027397671947710956,7.849501650659917e-05,0.0013410582003868998,0.1015625,0.0007317530208964323,0.150390625,0.5B,16384
11,6,longdoc_16384,longdoc,16384,9.704060527839234,18.99998351146585,16.658016705651157,1.0053075695667806,19.504032893259605,4.775361950536182,0.5413312744971548,7.9450648418301855,0.07641529348349206,-33.209274888038635,1.2724966183304787,0.5771870569499247,0.7731899607106316,0.0392156862745098,0.7250978002102391,3.7944224410426353,0.9888028316154475,0.6023893250253022,0.6613435460673394,0.7364989633018758,0.005997002124786377,0.011835217475891113,0.3729047152209183,0.22932889496538128,0.09179091470983775,0.051935757254475044,0.021911074920875365,0.009584038412096462,0.005091688268864353,0.001775694696451875,0.025342449752182666,0.1015625,0.014557722609153289,0.150390625,0.5B,16384
11,7,longdoc_16384,longdoc,16384,9.704060527839234,29.186045904513204,27.839251958370326,3.579636913337505,41.28223967539005,9.011006877134589,0.638029383343939,11.139798001254887,0.02533446461432079,-111.32781450639595,15.766706531838281,2.575418679575954e-06,0.9999998487621202,0.0,0.8445539550653983,0.0600195748633508,0.9999370170512777,0.9996969285285552,0.9998884592654506,0.9999840710670026,0.024832770228385925,0.017019063234329224,0.9905487084159454,8.329814601022583e-11,2.220478562772856e-05,1.2700472174555692e-06,6.72973682969083e-08,3.4746267670201992e-09,3.9019723423184487e-10,5.074934100456951e-12,0.0018841481559874575,0.1015625,0.0004978460391956897,0.150390625,0.5B,16384
11,8,longdoc_16384,longdoc,16384,9.704060527839234,17.86144397462344,27.839251958370326,3.579636913337505,41.28223967539005,9.011006877134589,0.638029383343939,11.139798001254887,0.02533446461432079,1.2791308276355267,0.7251512948423624,0.6698274688302909,0.6702870053128944,0.0392156862745098,0.6492737175823386,6.34094459446496,0.9642255737968606,0.14304299428026146,0.22704740808516394,0.32129541998604233,0.065227210521698,0.03016132116317749,0.010395697914293135,0.0537038091153135,0.08869292082920685,0.0557416455353513,0.024744571252931242,0.008557583602864878,0.0034477245598922247,0.0004529412267692241,0.006962693309323416,0.1015625,0.003475310320428706,0.150390625,0.5B,16384
11,9,longdoc_16384,longdoc,16384,9.704060527839234,25.609540550692987,27.839251958370326,3.579636913337505,41.28223967539005,9.011006877134589,0.638029383343939,11.139798001254887,0.02533446461432079,-123.82338453127886,9.461634655977832,0.000815137283209692,0.9999221413446259,0.0,0.8624649251813166,4.090513988815492,0.9970028118522045,0.3371227073835865,0.48220310612854944,0.6845684282057621,0.01203465461730957,0.034930020570755005,0.12692288801243223,1.2110919470446654e-08,9.778991737726054e-06,4.1866307182178015e-06,4.4885232218500926e-07,5.75265437777626e-08,8.642538199222546e-09,1.536112588744303e-10,0.17643354512145268,0.1015625,0.08805704903161228,0.150390625,0.5B,16384
11,10,longdoc_16384,longdoc,16384,9.704060527839234,24.27018279283664,27.839251958370326,3.579636913337505,41.28223967539005,9.011006877134589,0.638029383343939,11.139798001254887,0.02533446461432079,-43.58643938228488,33.877387057989836,1.4630532408823827e-08,0.999999999998997,0.0392156862745098,0.7341626469235308,0.5763075338363612,0.999898187017932,0.9949060215423301,0.9977417082451934,0.9990132978134917,0.11744534969329834,0.08755064010620117,0.07700148995090673,0.0008694587038346308,1.5597266139499314e-05,3.7685327797671417e-06,5.16947566233938e-07,7.972238188159161e-08,2.1435814002574144e-08,2.4223490634782824e-09,3.997158272612471e-05,0.1015625,2.232260766131813e-05,0.150390625,0.5B,16384
11,11,longdoc_16384,longdoc,16384,9.704060527839234,27.49886809113864,27.839251958370326,3.579636913337505,41.28223967539005,9.011006877134589,0.638029383343939,11.139798001254887,0.02533446461432079,-116.45157870413095,4.301105009202729,0.07097836037338008,0.9866276689655051,0.0,0.863286271819833,4.002511322478374,0.9969814079860885,0.31138753119277585,0.443853193430926,0.6661651814320922,0.05526987463235855,0.04234462231397629,0.18104360130916974,2.0371522485943746e-10,1.1177013136387477e-05,1.5772695397574095e-06,1.321344611953695e-07,1.0557854020734558e-08,1.3045112212890428e-09,1.6573344593295274e-11,0.1543294706480655,0.101806640625,0.10111044757672319,0.150390625,0.5B,16384
11,12,longdoc_16384,longdoc,16384,9.704060527839234,23.880565897026745,27.839251958370326,3.579636913337505,41.28223967539005,9.011006877134589,0.638029383343939,11.139798001254887,0.02533446461432079,-99.0703868533019,0.34364580805413425,0.6795911019460252,0.5850149383489799,0.0196078431372549,0.8528205119299189,2.789230741827217,0.9992562990162056,0.7492049261146402,0.9199730676442716,0.9875346514636401,0.029458127915859222,0.04469911754131317,0.07522539226137046,8.880077955616776e-06,1.8983436689281298e-05,5.328751116989653e-06,5.89968321035819e-07,4.0098574023244785e-08,7.016420449788503e-09,5.187232172548858e-10,0.008377683124482317,0.1015625,0.006346651252100937,0.150390625,0.5B,16384
11,13,longdoc_16384,longdoc,16384,9.704060527839234,29.505706690759805,27.839251958370326,3.579636913337505,41.28223967539005,9.011006877134589,0.638029383343939,11.139798001254887,0.02533446461432079,-143.6067638269451,33.23948331034626,1.4630554668959028e-08,0.9999999999989961,0.0,0.8763885096307968,1.432026804596993e-05,0.9999389613242016,0.9999997839183291,0.9999998346718053,0.999999868639802,0.23690234124660492,0.01362551748752594,0.9999992742711015,3.982719432714118e-10,1.5141970336377758e-06,6.929394037021148e-07,1.0639324921310757e-07,1.1036114301312779e-08,2.160543315812194e-09,1.2784114333975106e-10,4.471831098872146e-06,0.1015625,3.862060115111598e-06,0.150390625,0.5B,16384
12,0,longdoc_16384,longdoc,16384,9.704060527839234,36.02401575167518,16.387258762825184,1.4323052385577497,20.711948486656365,6.442243313678864,0.711935586343838,9.014858379363714,0.05102985934532979,28.957217268645763,24.01570902019739,1.555549547340058e-08,0.9999999999618365,0.0392156862745098,0.5426355304994963,0.10021011841964492,0.9999191861528332,0.9979758541640903,0.9987217900521246,0.9992110180318402,0.4752469062805176,0.2322503924369812,0.007453728836739947,0.989845321290288,0.00014534639667543016,6.200959222030922e-05,1.3957072297984608e-05,2.6479787428071475e-06,6.760728289018302e-07,6.929402991278639e-08,0.00020206550860579902,0.1015625,0.0001210933195183631,0.150390625,0.5B,16384
12,1,longdoc_16384,longdoc,16384,9.704060527839234,12.519353144624091,16.387258762825184,1.4323052385577497,20.711948486656365,6.442243313678864,0.711935586343838,9.014858379363714,0.05102985934532979,-5.6546444445848465,0.7568299310514703,0.6428856088159395,0.6792012906186384,0.0392156862745098,0.7035681310483913,3.9972123292635646,0.9519720197774793,0.6372893706273863,0.6698352908538864,0.6982593439806672,0.4063938409090042,0.19031065702438354,0.4775519371928926,0.01821287581114575,0.49153684656419994,0.39127557761940457,0.26249670288434707,0.16831675862330736,0.11633101607924731,0.0664618553840714,0.20161019311243455,0.1015625,0.15202139179484297,0.150390625,0.5B,16384
12,2,longdoc_16384,longdoc,16384,9.704060527839234,17.461433461632055,16.387258762825184,1.4323052385577497,20.711948486656365,6.442243313678864,0.711935586343838,9.014858379363714,0.05102985934532979,19.376359153538942,2.758026883006096,0.3633109042496275,0.9094004434069081,0.0392156862745098,0.6726452906831588,2.6478725298314507,0.9906048520790063,0.7368284243889717,0.7849147356541554,0.8244930580229627,0.05396592617034912,0.1085352897644043,0.6317224399032612,0.17547169090280437,0.12840383453828805,0.06824979135245084,0.03167149766734577,0.01824822409798218,0.01201311932709042,0.005847230623706548,0.02442884842057231,0.1015625,0.017884261120393232,0.150390625,0.5B,16384
12,3,longdoc_16384,longdoc,16384,9.704060527839234,16.782433949782646,16.387258762825184,1.4323052385577497,20.711948486656365,6.442243313678864,0.711935586343838,9.014858379363714,0.05102985934532979,-17.912822999060154,2.8298019990324974,0.3263577951467606,0.9278804090379386,0.0196078431372549,0.5789206106042102,2.0992872392110806,0.9827248518869024,0.7980658686263271,0.8144997465241888,0.8363478168558262,0.0808756947517395,0.01197957992553711,0.7695199405378857,0.003552526281514234,0.238509629441572,0.1778668986016897,0.1075109208244454,0.06305207629767347,0.0422278466306261,0.022019643532565976,0.1499643200528656,0.1015625,0.0977274066259099,0.150390625,0.5B,16384
12,4,longdoc_16384,longdoc,16384,9.704060527839234,14.078449886946808,16.387258762825184,1.4323052385577497,20.711948486656365,6.442243313678864,0.711935586343838,9.014858379363714,0.05102985934532979,14.813260652124882,0.8815471462439746,0.8162314195289738,0.6619624674468243,0.0392156862745098,0.7592727600402582,4.20963984532563,0.9700397720839639,0.5265693729519191,0.5586138640008257,0.6030484153468394,0.010159790515899658,0.030634522438049316,0.47726531427463187,0.10342891489400233,0.326707257221744,0.20304021883759957,0.08248690917480865,0.0376609963744995,0.024307944573686,0.013238765352193618,0.03800436952745569,0.1015625,0.027249155182741843,0.150390625,0.5B,16384
12,5,longdoc_16384,longdoc,16384,9.704060527839234,15.375499155114063,16.387258762825184,1.4323052385577497,20.711948486656365,6.442243313678864,0.711935586343838,9.014858379363714,0.05102985934532979,27.72989384829998,4.080913469195366,0.08686152215391477,0.9831686798200197,0.0392156862745098,0.7037974714809645,5.778481307373387,0.9676690181042965,0.3306231965336692,0.372063626651762,0.43106441381356275,0.3342478275299072,0.07663315534591675,0.1163224820452088,0.03827024358146634,0.38008855753560256,0.252195788647726,0.09650808616461246,0.02542867057534444,0.009291630996367158,0.0029790902468448976,0.03542171330952611,0.1015625,0.010949594262594961,0.150390625,0.5B,16384
12,6,longdoc_16384,longdoc,16384,9.704060527839234,17.172484901642058,16.387258762825184,1.4323052385577497,20.711948486656365,6.442243313678864,0.711935586343838,9.014858379363714,0.05102985934532979,24.57832894846797,0.8138585519045591,0.6731202631161992,0.6848448035112381,0.0392156862745098,0.6362552024580703,3.9217786536336767,0.9904454551681876,0.5152894164932321,0.593158447136364,0.6958458859788282,0.010187685489654541,0.061405301094055176,0.3823536369323755,0.3339355887230369,0.07616708637432684,0.032712140046568694,0.012416493853405776,0.006992307582227866,0.004442522329512164,0.0020136962818706914,0.012555828049010792,0.1015625,0.00967151330373072,0.150390625,0.5B,16384
12,7,longdoc_16384,longdoc,16384,9.704060527839234,15.27036676587504,20.558068385854135,0.8215062529193964,23.33539454362005,6.288316763977523,0.7118884402017058,8.2867782820175,0.13394549234063874,-1.720965899527073,1.7417676821351051,0.5085519137644421,0.8344279998756507,0.0392156862745098,0.7902763448903565,3.914571186459111,0.9960367130060027,0.5403439232079714,0.6771948210080541,0.8001978415463504,0.23525631427764893,0.25646936893463135,0.08786559296818482,0.4777774464786152,0.017647020837548284,0.005609897730657823,0.0027873156213525526,0.0014361154425785868,0.0008537648403939293,0.0003410519109888577,0.0017435286876854297,0.1015625,0.0010843696351960205,0.150390625,0.5B,16384
12,8,longdoc_16384,longdoc,16384,9.704060527839234,21.81556170953964,20.558068385854135,0.8215062529193964,23.33539454362005,6.288316763977523,0.7118884402017058,8.2867782820175,0.13394549234063874,-8.042188137769699,27.701517522335052,1.4655862195391834e-08,0.999999999998068,0.0392156862745098,0.668711348074797,1.7329495331901392,0.9996243659818344,0.9521634368339412,0.9867706162683716,0.9936690605485745,0.1585615873336792,0.10846245288848877,0.08161472497567428,0.9081580244172703,0.001069800492710038,0.0005607547684016272,0.0001779094719350496,5.4889727524111344e-05,2.1939412241301087e-05,5.20567579793582e-06,0.0007325344627946455,0.1015625,0.00032881510415920566,0.150390625,0.5B,16384
12,9,longdoc_16384,longdoc,16384,9.704060527839234,17.64397545919439,20.558068385854135,0.8215062529193964,23.33539454362005,6.288316763977523,0.7118884402017058,8.2867782820175,0.13394549234063874,1.9977894872426987,5.362309753894806,0.031581774591669415,0.9951359266797756,0.0392156862745098,0.7756155253517938,3.382990121335937,0.9980983722677331,0.5878887597479061,0.8048107782187025,0.9195291222707307,0.03859138488769531,0.02036118507385254,0.09454613948708256,0.6484507684770546,0.0035593208276905692,0.0023619687569562224,0.0012183508232314713,0.0006056970635633655,0.00034011694848654517,0.000116844333698409,0.0010216334784307302,0.1015625,0.0005918622452594773,0.150390625,0.5B,16384
12,10,longdoc_16384,longdoc,16384,9.704060527839234,14.797364048595123,20.558068385854135,0.8215062529193964,23.33539454362005,6.288316763977523,0.7118884402017058,8.2867782820175,0.13394549234063874,-8.429707359522581,11.156039735302329,0.0002829155957476919,0.9999770856767707,0.0392156862745098,0.7996940334396991,3.5494195420270085,0.9943678905604023,0.5968106642360793,0.726364133902007,0.8543468532365234,0.12910938262939453,0.09914450347423553,0.29215969524619445,0.5063612458726698,0.025872247419075053,0.01745270925860541,0.00914775823963077,0.004786457265948737,0.002988799548474112,0.0013122641494871762,0.005623625460219592,0.1015625,0.003692788304579654,0.150390625,0.5B,16384
12,11,longdoc_16384,longdoc,16384,9.704060527839234,17.91944755737223,20.558068385854135,0.8215062529193964,23.33539454362005,6.288316763977523,0.7118884402017058,8.2867782820175,0.13394549234063874,-15.139509797096252,0.387364000082016,1.0722286434432522,0.44099451784185634,0.0392156862745098,0.7650031915261598,3.0697402591531384,0.9973334622786257,0.6774164871831333,0.7675879667864539,0.8659525040343482,0.05790567398071289,0.0014033317565917969,0.3977611778986577,0.3478331538094654,0.013461555000092409,0.00641412960024233,0.0021062312338387297,0.0007002208606967028,0.0003308979659636732,0.00010610308571348889,0.001925956700154963,0.1015625,0.001013051697974403,0.150390625,0.5B,16384
12,12,longdoc_16384,longdoc,16384,9.704060527839234,19.566460236002538,20.558068385854135,0.8215062529193964,23.33539454362005,6.288316763977523,0.7118884402017058,8.2867782820175,0.13394549234063874,21.975583158433437,24.423900060355663,1.537225007852119e-08,0.9999999999698541,0.0392156862745098,0.6771040909329111,2.9696725825359813,0.9990266675931689,0.7385756725637209,0.8888196391099213,0.9657756299216358,0.5121880769729614,0.003477727994322777,0.010771044386109345,0.9656495907049008,0.0007897011006970375,0.0002963348420696874,8.625439441545614e-05,2.7815530899025358e-05,1.153235961214167e-05,2.6835282969248507e-06,8.716863092332892e-05,0.1015625,4.4557305549078843e-05,0.150390625,0.5B,16384
12,13,longdoc_16384,longdoc,16384,9.704060527839234,15.154405133548629,20.558068385854135,0.8215062529193964,23.33539454362005,6.288316763977523,0.7118884402017058,8.2867782820175,0.13394549234063874,-3.1408317908644676,2.7589350193738937,0.40513513522482936,0.8961008775680581,0.0392156862745098,0.7900733402854339,4.648903595818836,0.988162073858455,0.44649518692051965,0.5703913927474382,0.6677141608698496,0.04496407508850098,0.01505732536315918,0.042381391392067494,0.2877491304482208,0.0626518585518694,0.0405286591905193,0.017904966934266856,0.007108931777678081,0.0033099795130303185,0.0008923552426914452,0.012347925953626262,0.1015625,0.004731890071881516,0.150390625,0.5B,16384
13,0,longdoc_16384,longdoc,16384,9.704060527839234,20.36083904895659,22.43568145806705,1.8986713220475684,30.685634641805297,5.217651733527209,0.4131617538070246,7.456206756220184,0.075425628457748,-30.108546197414398,5.484548196196556,0.030575715002102356,0.9954391776691568,0.0392156862745098,0.7408410401119763,2.591336532727651,0.9991437125336439,0.8481860569611492,0.9308979127719633,0.9709098795866338,0.4201100943610072,0.2217261791229248,0.029603997025606038,0.01670168588151988,0.001662826014712409,0.0006855040642203069,0.00017613759746538217,5.220396188097568e-05,2.2963976127453488e-05,6.738494971586083e-06,0.00602108408924469,0.1015625,0.004943537108795922,0.150390625,0.5B,16384
13,1,longdoc_16384,longdoc,16384,9.704060527839234,19.259032353576885,22.43568145806705,1.8986713220475684,30.685634641805297,5.217651733527209,0.4131617538070246,7.456206756220184,0.075425628457748,14.935310035943985,36.20402181148529,1.4630456840319641e-08,0.9999999999989997,0.0392156862745098,0.715188883002721,2.3449197774549004,0.9992360697273428,0.8833800846321043,0.9726860815291848,0.9897877590650179,0.1666860580444336,0.23024463653564453,0.1605721564306182,0.8326452337009461,0.0023534833290564075,0.001393904038537518,0.0005442371717228052,0.0002036224602975202,9.374174266289193e-05,2.6589834741742626e-05,0.0011505201229371027,0.1015625,0.000627505443995483,0.150390625,0.5B,16384
13,2,longdoc_16384,longdoc,16384,9.704060527839234,21.739357072200807,22.43568145806705,1.8986713220475684,30.685634641805297,5.217651733527209,0.4131617538070246,7.456206756220184,0.075425628457748,-63.13470970839262,7.080944687593728,0.0067922375933314435,0.9991596303341708,0.0,0.5854445722064291,4.838463556498617,0.9939241776091438,0.1670569906816071,0.2724141746900127,0.44353419819592826,0.00390779972076416,0.03750640153884888,0.00018080242680277594,0.0009759333462210517,6.747424272735444e-06,2.7373777279658886e-06,6.810284994826313e-07,6.79004703453551e-08,1.1807629786330635e-08,2.0341591007829443e-09,0.1346439727763087,0.101806640625,0.10075259253996348,0.150634765625,0.5B,16384
13,3,longdoc_16384,longdoc,16384,9.704060527839234,19.633468720185725,22.43568145806705,1.8986713220475684,30.685634641805297,5.217651733527209,0.4131617538070246,7.456206756220184,0.075425628457748,5.9036382138729095,0.64003986120224,0.6566864732232426,0.65355804327529,0.0392156862745098,0.645236869935808,0.5110439332553789,0.9996544359346694,0.960023497125885,0.9712686883121626,0.9845750376059211,0.0003609657287597656,0.043152451515197754,0.011013433613546989,0.9597159419403335,0.0018648296166028579,0.0007497203709768903,0.00019523846136171698,5.633255677206105e-05,2.4648684591970144e-05,6.895043865980277e-06,0.0002734541763124961,0.1015625,0.00015885225167866154,0.150390625,0.5B,16384
13,4,longdoc_16384,longdoc,16384,9.704060527839234,19.515104255188263,22.43568145806705,1.8986713220475684,30.685634641805297,5.217651733527209,0.4131617538070246,7.456206756220184,0.075425628457748,32.225719133391976,12.686600003391504,4.2430498844029654e-05,0.9999969031105871,0.0392156862745098,0.7537061337680728,3.362245571000118,0.9982574851394787,0.6326839858822675,0.8018774696509373,0.9114287642286876,0.5702284723520279,0.09785205125808716,0.044735007745547416,0.8682513491433674,0.003436710691726791,0.0014624121757828002,0.00044009320454434415,0.00012548792039455007,4.995366924706767e-05,1.069950846489051e-05,0.0005270130241789014,0.1015625,0.0002873154217620399,0.150390625,0.5B,16384
13,5,longdoc_16384,longdoc,16384,9.704060527839234,17.516694590080185,22.43568145806705,1.8986713220475684,30.685634641805297,5.217651733527209,0.4131617538070246,7.456206756220184,0.075425628457748,15.402160964906216,1.835227930918336,0.46690338303885354,0.8507203022710045,0.0392156862745098,0.7920754024246824,5.347122880505852,0.9830328716537429,0.2790173183687164,0.40442291916164774,0.5472488190431919,0.013253331184387207,0.003877878189086914,0.0683807558300531,0.3358860725531877,0.0696701684666992,0.04632147172644712,0.01789153476044928,0.004926669406261687,0.0018989610690995687,0.0004426351041459371,0.008443782120376515,0.1015625,0.003082726834169384,0.150390625,0.5B,16384
13,6,longdoc_16384,longdoc,16384,9.704060527839234,13.856843977982864,22.43568145806705,1.8986713220475684,30.685634641805297,5.217651733527209,0.4131617538070246,7.456206756220184,0.075425628457748,-12.57950585335493,2.479373559355736,0.4758711370689637,0.8773543468839408,0.0392156862745098,0.7264031919084288,5.218817764219762,0.9798559299566674,0.2741770804742184,0.43910038749216795,0.6019572388818807,0.053536057472229004,9.363889694213867e-05,0.0195364832464197,0.09809271044683704,0.07065337090929608,0.05183027145684981,0.02839874368365871,0.014989632822198142,0.009116345460650736,0.004036125467357997,0.04027347692841254,0.1015625,0.033263701177551695,0.150390625,0.5B,16384
13,7,longdoc_16384,longdoc,16384,9.704060527839234,12.183051446731682,21.642085513537303,1.1461002200964538,25.060837098317773,5.895110601555051,0.41599918473885966,9.587322675459614,0.07803925013882781,-6.281783893704414,1.3433259576559067,0.5606884380890403,0.786455237376719,0.0392156862745098,0.8282275035912665,6.5262425375301945,0.9446007714855963,0.1611587480267387,0.2291168309725573,0.32019890787507616,0.0585399866104126,0.060690879821777344,0.04871094398811775,0.10748007923792113,0.1492845385395643,0.1045192231666043,0.055550207370189474,0.029666582080282444,0.019155310632832382,0.009878079320171283,0.0323265401837697,0.1015625,0.022670149234357,0.150390625,0.5B,16384
13,8,longdoc_16384,longdoc,16384,9.704060527839234,18.042932186184636,21.642085513537303,1.1461002200964538,25.060837098317773,5.895110601555051,0.41599918473885966,9.587322675459614,0.07803925013882781,-43.42290522530675,1.9624933446757495,1.3876961971696309,0.6647478415657911,0.0,0.7736754688330394,5.532404096505395,0.9782770818565943,0.23166204838979587,0.3217285169554742,0.44929629102544827,0.040983498096466064,0.03785359859466553,0.12799816558943725,0.0024752031908883225,0.10327488171706732,0.07105210400062321,0.03016017264764334,0.011640451166849522,0.006055281880166443,0.0021444522007597615,0.17770560738702293,0.101806640625,0.08692542497665579,0.150634765625,0.5B,16384
13,9,longdoc_16384,longdoc,16384,9.704060527839234,18.79683419609239,21.642085513537303,1.1461002200964538,25.060837098317773,5.895110601555051,0.41599918473885966,9.587322675459614,0.07803925013882781,-12.401610631495714,4.593816388398409,0.06641739488823727,0.9887964245410578,0.0392156862745098,0.7938484647832948,4.459992055743431,0.991741502868449,0.43464436443548604,0.5878906353462037,0.702129839461727,0.11570125818252563,0.09876525402069092,0.05779081879042839,0.009001296416213729,0.044468839433032065,0.023731727503663397,0.007702507953658899,0.002736691781125226,0.0012897500591070212,0.0004217584458233756,0.04053038856185611,0.1015625,0.021150494289407275,0.150390625,0.5B,16384
13,10,longdoc_16384,longdoc,16384,9.704060527839234,17.5906445284742,21.642085513537303,1.1461002200964538,25.060837098317773,5.895110601555051,0.41599918473885966,9.587322675459614,0.07803925013882781,8.690591916441917,11.337663538753986,0.00014757878036366652,0.9999880542372153,0.0392156862745098,0.7399361568175651,3.812334685855935,0.9963555322741591,0.5216559552996858,0.7349406539660861,0.8435423622111591,0.1090090274810791,0.021341562271118164,0.09694801352878332,0.7580055204284362,0.012685153813784437,0.005580098587219916,0.00205201562607184,0.0008081300221584928,0.00040945944091802565,0.00013510705473510111,0.0017865455387259502,0.1015625,0.0010764813856262182,0.150390625,0.5B,16384
13,11,longdoc_16384,longdoc,16384,9.704060527839234,16.377923027529896,21.642085513537303,1.1461002200964538,25.060837098317773,5.895110601555051,0.41599918473885966,9.587322675459614,0.07803925013882781,-15.365729682147503,0.6333225965499878,0.8176373279282939,0.6247619467982665,0.0392156862745098,0.7986889681282697,3.9910100884557638,0.988711114106882,0.5234147902480701,0.5926066436250627,0.6740341725280398,0.039827704429626465,0.052614808082580566,0.40848896749801206,0.1571122742255853,0.12252093302988423,0.061573554429536985,0.019089596367788092,0.006898989294756383,0.0031535761853168087,0.000922169654376019,0.017366391771451953,0.1015625,0.008648803487253266,0.150390625,0.5B,16384
13,12,longdoc_16384,longdoc,16384,9.704060527839234,16.26871161623049,21.642085513537303,1.1461002200964538,25.060837098317773,5.895110601555051,0.41599918473885966,9.587322675459614,0.07803925013882781,3.8537368290126324,2.426890056580305,0.3929597250417955,0.8963027204441348,0.0392156862745098,0.7907646436102996,5.310391431102272,0.9794499617417446,0.32301169503150184,0.41799302628030927,0.5382856901724975,0.08237016201019287,0.010935425758361816,0.003879965471834473,0.015455690332057466,0.07671298297660376,0.05004290396077121,0.02273388301901181,0.010667477066968554,0.005860082769587081,0.002226842280346079,0.03272130487371892,0.1015625,0.023696289172203514,0.150390625,0.5B,16384
13,13,longdoc_16384,longdoc,16384,9.704060527839234,18.135533505556293,21.642085513537303,1.1461002200964538,25.060837098317773,5.895110601555051,0.41599918473885966,9.587322675459614,0.07803925013882781,-0.5397777929902077,0.40119820088148117,0.7052861065076698,0.5954951788279623,0.0392156862745098,0.755226611384912,4.704990006428411,0.9867817606665639,0.42001897792075926,0.5151200891139246,0.6190349370440585,0.0844931686297059,0.015124291181564331,0.013768901331741037,0.06935852543556267,0.06779879229493511,0.03690222343158821,0.013669248459575435,0.004894517324567547,0.0021425828629751476,0.0006280344243717244,0.028153371384482147,0.1015625,0.020243976990417828,0.150390625,0.5B,16384
14,0,longdoc_16384,longdoc,16384,9.704060527839234,16.24003625176581,21.478980943564476,1.5593217220018996,25.88025905427334,6.020314122209351,0.744279213187702,8.373860336138904,0.08049955862518055,-17.261196944862604,5.696212198585272,0.022672133524526263,0.9966312092913793,0.0392156862745098,0.7146458873707953,3.509397514354027,0.9957914642320661,0.6146968907611141,0.7413194833311593,0.8465467910571493,0.04572188854217529,0.1997995376586914,0.2803565273844624,0.5665255632433848,0.018293942586010196,0.010741931685178003,0.004749734365783476,0.00236899813935982,0.001446505114578511,0.0006303672759952292,0.0034492992704603653,0.1015625,0.0023863587112199014,0.150390625,0.5B,16384
14,1,longdoc_16384,longdoc,16384,9.704060527839234,31.111294957783343,21.478980943564476,1.5593217220018996,25.88025905427334,6.020314122209351,0.744279213187702,8.373860336138904,0.08049955862518055,-34.6383270919323,15.287856444716454,3.9936195277074635e-06,0.9999997579738453,0.0392156862745098,0.46403213439967,0.6633997148325843,0.9992146984323216,0.9566422040713344,0.9656858315272023,0.9750122293751434,0.7407281398773193,0.019975662231445312,0.01372423886416524,0.9437266785644731,0.007523649038145544,0.0038965412643032714,0.0011781380953790241,0.0003276569958465213,0.00012465101595960257,2.4774648593216776e-05,0.006789006650219729,0.1015625,0.0036378445350638893,0.150390625,0.5B,16384
14,2,longdoc_16384,longdoc,16384,9.704060527839234,17.55684100983166,21.478980943564476,1.5593217220018996,25.88025905427334,6.020314122209351,0.744279213187702,8.373860336138904,0.08049955862518055,-1.4097261130809784,23.424496419727802,1.6266175708133005e-08,0.999999999931823,0.0392156862745098,0.7062315645620422,3.3043832096003323,0.9962314119161493,0.6340272489382925,0.8865288255242159,0.9213390647348646,0.007292270660400391,0.48443180322647095,0.061009178583466925,0.8739763101057816,0.019588172410457096,0.011794536968248769,0.004702805275546043,0.001899602570075751,0.0009936564786964836,0.00034003671890388813,0.005435090272803565,0.1015625,0.003009092527877866,0.150390625,0.5B,16384
14,3,longdoc_16384,longdoc,16384,9.704060527839234,16.482107185463327,21.478980943564476,1.5593217220018996,25.88025905427334,6.020314122209351,0.744279213187702,8.373860336138904,0.08049955862518055,-40.22769472002983,0.7214110046625137,1.011973360618883,0.5569005844570404,0.0392156862745098,0.6712816755315065,3.768516497482552,0.9764567677164778,0.6064869007153786,0.6482269159928665,0.6955740114989964,0.10863685607910156,0.14366960525512695,0.5069906160826679,0.08044649138932039,0.24667054183036802,0.16570978320496882,0.08458656253395738,0.04309358012893728,0.026566207108599898,0.01207670534500582,0.07744133435247444,0.1015625,0.04977816584774229,0.150390625,0.5B,16384
14,4,longdoc_16384,longdoc,16384,9.704060527839234,17.939231410185347,21.478980943564476,1.5593217220018996,25.88025905427334,6.020314122209351,0.744279213187702,8.373860336138904,0.08049955862518055,-1.8297104462981224,18.1779561676085,2.6008946032804394e-07,0.9999999872113351,0.0392156862745098,0.7892547562909672,3.532202886169345,0.9964520386264321,0.6362229108391916,0.7797639358469072,0.8788005337079682,0.18780064582824707,0.14801454544067383,0.08432244819121795,0.8010239053102304,0.014451475981497153,0.007385276483400895,0.0025763277468187477,0.001086261627865923,0.0005801166550366375,0.00020971138619196048,0.0034381448679727134,0.1015625,0.002195795424848335,0.150390625,0.5B,16384
14,5,longdoc_16384,longdoc,16384,9.704060527839234,16.430722010426695,21.478980943564476,1.5593217220018996,25.88025905427334,6.020314122209351,0.744279213187702,8.373860336138904,0.08049955862518055,-28.647339195013046,3.722932144999504,0.22240927292253168,0.9536686491240886,0.0392156862745098,0.6857558143465037,4.801557375185821,0.9654460656969223,0.4650601964351102,0.5330651443480667,0.609924387652898,0.22086405754089355,0.03890717029571533,0.309653537833138,0.18948849630124598,0.14392557729333408,0.09881710125645854,0.062052475671004706,0.037950207936766636,0.026420761570989583,0.014168187736613897,0.057587929601203486,0.1015625,0.039649643396128406,0.150390625,0.5B,16384
14,6,longdoc_16384,longdoc,16384,9.704060527839234,17.511583268583692,21.478980943564476,1.5593217220018996,25.88025905427334,6.020314122209351,0.744279213187702,8.373860336138904,0.08049955862518055,-19.50351218879223,10.38127562776208,0.0003539182974148658,0.9999689363162655,0.0392156862745098,0.7707308369891575,2.9827710465038746,0.9952912842616909,0.6971488248909824,0.7944538892176134,0.8691163345426312,0.0249444842338562,0.088981032371521,0.46545134168788954,0.42330866144048607,0.041371561034993336,0.02386610769713964,0.010368012670832767,0.004495765633138063,0.0023465651601017224,0.0008296098603020406,0.007711957206959622,0.1015625,0.004132075525319653,0.150390625,0.5B,16384
14,7,longdoc_16384,longdoc,16384,9.704060527839234,18.261205414273636,18.69469903873622,1.406872125219881,22.27497643299333,6.082972934825467,1.0514070009238083,9.69383307227074,0.12472733948329034,6.321040041744709,8.506547003984451,0.0019376875037158564,0.9997967865077251,0.0392156862745098,0.7507646344008317,3.3407722432289955,0.9967277023738265,0.6664242487106466,0.7947208170290202,0.8698002614228574,0.04185378551483154,0.06331047415733337,0.30212190386922744,0.5676716426827467,0.022693724653817266,0.010025313147252565,0.0019097724608408528,0.0007473823904869843,0.00042753475377652446,0.00019081950467198357,0.0015547788397645475,0.1015625,0.0012697026184072425,0.150390625,0.5B,16384
14,8,longdoc_16384,longdoc,16384,9.704060527839234,13.144888117170067,18.69469903873622,1.406872125219881,22.27497643299333,6.082972934825467,1.0514070009238083,9.69383307227074,0.12472733948329034,-5.589278411120176,3.0478668995201588,0.2852886379373149,0.9357019627861396,0.0392156862745098,0.7449709017669573,6.353720108574033,0.9268922352643844,0.2545331426399075,0.32156240522701734,0.40327995101054315,0.06135547161102295,0.01716446876525879,0.08523799374008402,0.217606464290529,0.20184431986874282,0.15460286986970437,0.10621038304430006,0.06865618229382481,0.04863708745986374,0.02653569978079439,0.0443390723123019,0.1015625,0.03870761416760531,0.150390625,0.5B,16384
14,9,longdoc_16384,longdoc,16384,9.704060527839234,16.86963739709332,18.69469903873622,1.406872125219881,22.27497643299333,6.082972934825467,1.0514070009238083,9.69383307227074,0.12472733948329034,-10.86944942176342,1.482167144306004,0.7621974174656417,0.7577438770299766,0.0196078431372549,0.5850126092752743,6.052375124432734,0.9726853344932995,0.12758260328858326,0.21142995790286648,0.32948841561366976,0.05256158113479614,0.028852760791778564,0.01072831104147071,0.012573751492990483,0.10319573317296983,0.069279357694379,0.033833474450395445,0.015944808842034915,0.008947883593597317,0.00378069594522461,0.04351962120334824,0.1015625,0.03424747291040392,0.150390625,0.5B,16384
14,10,longdoc_16384,longdoc,16384,9.704060527839234,25.39783234170124,18.69469903873622,1.406872125219881,22.27497643299333,6.082972934825467,1.0514070009238083,9.69383307227074,0.12472733948329034,5.054921831935644,29.9359094761312,1.4633553079662756e-08,0.9999999999988876,0.0392156862745098,0.5916521430598546,1.2055069982955142,0.999372138540743,0.9445090402436443,0.9765359708629393,0.985588558360468,0.12409806251525879,0.18038880825042725,0.07466686642970513,0.9065287108116968,0.0038093937552700578,0.0021523616168031812,0.0008260767992313156,0.00033686708852673653,0.00016973085104494444,5.472159892900738e-05,0.0025474393357512747,0.1015625,0.0019445939847820355,0.150390625,0.5B,16384
14,11,longdoc_16384,longdoc,16384,9.704060527839234,14.756581828156273,18.69469903873622,1.406872125219881,22.27497643299333,6.082972934825467,1.0514070009238083,9.69383307227074,0.12472733948329034,-2.048111140727997,2.449184611439705,0.27894351283445307,0.9203738533796149,0.0392156862745098,0.7297747210624926,5.712698778822585,0.9668228010209788,0.2914701833358594,0.3642722551183092,0.44664335351926754,0.1392892599105835,0.11780357360839844,0.17426480089901122,0.26026962473386733,0.16096768976690784,0.10219899655655759,0.042377650504307515,0.0154921496324206,0.008310416955210407,0.0035278068997881646,0.02328877028600354,0.1015625,0.015535001358663376,0.150390625,0.5B,16384
14,12,longdoc_16384,longdoc,16384,9.704060527839234,12.777136436840108,18.69469903873622,1.406872125219881,22.27497643299333,6.082972934825467,1.0514070009238083,9.69383307227074,0.12472733948329034,-24.78585546463728,1.542435485869646,0.5501547102148929,0.812868653486561,0.0392156862745098,0.749293186042507,5.192809064529442,0.9120191767721912,0.4458858236010719,0.4682425216215643,0.5039209161361891,0.05126297473907471,0.014276504516601562,0.41718951561418377,0.040297861049048214,0.4293843545646358,0.32583014116862385,0.20390942780908414,0.131460608025638,0.09585079767929222,0.05644769875799824,0.21687853175573446,0.1015625,0.16418069580193956,0.150390625,0.5B,16384
14,13,longdoc_16384,longdoc,16384,9.704060527839234,14.914624075210725,18.69469903873622,1.406872125219881,22.27497643299333,6.082972934825467,1.0514070009238083,9.69383307227074,0.12472733948329034,-25.66293639689684,1.2865107171237469,0.5900934029694326,0.7725663168799072,0.0392156862745098,0.7514129296496055,3.994671464905727,0.9755578906338441,0.5728189944664046,0.6380144541693625,0.7033148653724453,0.059006452560424805,0.04539155960083008,0.44535514236707935,0.12174708108971352,0.1336374052347078,0.09073123412846403,0.049410411827724834,0.027499705169540384,0.01810470998830267,0.009266391809332695,0.11532397506658941,0.1015625,0.0830456309525341,0.150390625,0.5B,16384
15,0,longdoc_16384,longdoc,16384,9.704060527839234,20.81097450515123,20.18929051110463,1.0581573948666776,22.85613584555447,8.61912627406095,0.5873064827388867,10.006928344550069,0.06931359191421857,-21.43333611637354,1.2645198330283165,0.5555769255545143,0.7760095048813603,0.0392156862745098,0.37888204392785396,4.8986727623698805,0.9882276942887106,0.36216737056122866,0.4541221590525137,0.5740960798082385,0.2849888503551483,0.07285261154174805,0.16714654619156538,0.36230181860383703,0.061234520853642734,0.02837484100143314,0.008199176997354098,0.0027585806178019407,0.0012610678589699436,0.00038044265615757043,0.003642780036373414,0.1015625,0.001618336967434971,0.150390625,0.5B,16384
15,1,longdoc_16384,longdoc,16384,9.704060527839234,17.953217553584086,20.18929051110463,1.0581573948666776,22.85613584555447,8.61912627406095,0.5873064827388867,10.006928344550069,0.06931359191421857,-36.84251557290554,4.325376781634986,0.1096932882051784,0.9811187492226244,0.0392156862745098,0.32032491947345165,4.476980127615456,0.9907419744306414,0.43986725000555976,0.5975652711273798,0.7270825010282584,0.003814518451690674,0.0011467337608337402,0.010529488134643435,0.09802439605346525,0.047719162795172555,0.028769260782918922,0.011315859342558923,0.003947248356032065,0.00187281713555009,0.0005962213877078317,0.021983422964783533,0.1015625,0.017489047022862483,0.150390625,0.5B,16384
15,2,longdoc_16384,longdoc,16384,9.704060527839234,35.400718685340095,20.18929051110463,1.0581573948666776,22.85613584555447,8.61912627406095,0.5873064827388867,10.006928344550069,0.06931359191421857,-70.42513597384095,36.08689173683524,1.4630457890700432e-08,0.9999999999989997,0.0392156862745098,0.3147363531937022,0.41969965139736093,0.9999161761368267,0.9978093601351925,0.9993708503449222,0.9997333512910076,0.4887000322341919,0.2880890369415283,0.018570966295191504,0.9786807261685667,2.3720494929715314e-05,6.035869138037426e-06,6.73074585429065e-07,6.396303861067363e-08,1.1898497131453149e-08,7.298274154393644e-10,1.8788600129184517e-05,0.1015625,1.1349959899809123e-05,0.150390625,0.5B,16384
15,3,longdoc_16384,longdoc,16384,9.704060527839234,23.054843469012674,20.18929051110463,1.0581573948666776,22.85613584555447,8.61912627406095,0.5873064827388867,10.006928344550069,0.06931359191421857,-16.528963290154934,22.651286602020264,1.806461344135872e-08,0.9999999998535498,0.0392156862745098,0.38584701790790504,3.0146993583891906,0.9985002889511798,0.6892396137117237,0.8902067569621205,0.9566674356498038,0.09569758176803589,0.24276202917099,0.21821454179279834,0.7519367695623955,0.004869845743864431,0.002687274584730949,0.0008653705613744033,0.00021497467788072057,7.34824737818832e-05,1.42668179857948e-05,0.0004939832959566489,0.1015625,0.00015008145914332044,0.150390625,0.5B,16384
15,4,longdoc_16384,longdoc,16384,9.704060527839234,23.50903642180655,20.18929051110463,1.0581573948666776,22.85613584555447,8.61912627406095,0.5873064827388867,10.006928344550069,0.06931359191421857,-5.171452168375254,29.0221727527678,1.4637298292146775e-08,0.9999999999987512,0.0392156862745098,0.38962585208830924,2.996583413456583,0.998934282948731,0.659692298564528,0.9197487094229669,0.9750893880097028,0.03161919116973877,0.43676066398620605,0.05019147240544834,0.9332705427006904,0.0014222602139314208,0.0006074555552356811,0.00016920404308616666,4.327269580099742e-05,1.6320320806596592e-05,3.351118727577837e-06,0.0001242438804915281,0.1015625,4.5741396675218e-05,0.150390625,0.5B,16384
15,5,longdoc_16384,longdoc,16384,9.704060527839234,22.29558097008827,20.18929051110463,1.0581573948666776,22.85613584555447,8.61912627406095,0.5873064827388867,10.006928344550069,0.06931359191421857,-22.65365669876337,26.648863576352596,1.4702132077822061e-08,0.9999999999963296,0.0392156862745098,0.41720690739584554,2.6204284716046833,0.9991280877129154,0.758630649421734,0.9403335042497696,0.9809690579214961,0.15224921703338623,0.2610495090484619,0.3191009227697689,0.6691055503906099,0.0020126676658059964,0.0010178711088486164,0.00033433377109798166,9.997954420212495e-05,4.2332479140937965e-05,9.574006020596153e-06,0.0002484475681154756,0.1015625,0.00010746012097973367,0.150390625,0.5B,16384
15,6,longdoc_16384,longdoc,16384,9.704060527839234,17.157726822713776,20.18929051110463,1.0581573948666776,22.85613584555447,8.61912627406095,0.5873064827388867,10.006928344550069,0.06931359191421857,-73.94128944538534,1.7475629299879074,0.6733113481764124,0.7982401178020517,0.0392156862745098,0.43908049907171,2.150766454174061,0.9868752883628776,0.7903201982026758,0.8052119957961814,0.8251563262765823,0.22802026569843292,0.06568433344364166,0.7577653456064779,0.012248736961828214,0.2792700569360421,0.18096309476300346,0.09714344489289094,0.04916487108936327,0.02780380873315637,0.009891743579695066,0.40360815300243824,0.1015625,0.2941345897793703,0.150390625,0.5B,16384
15,7,longdoc_16384,longdoc,16384,9.704060527839234,13.229894904370152,17.35948099976145,1.0863527606691397,21.92067685459029,6.350052543494272,0.8787861358026431,9.171088918536297,0.1284816733121709,-33.77717913687229,0.8795149326324463,0.9998203167495692,0.5547508015139262,0.0392156862745098,0.78147454968804,4.841342879534362,0.9566717013015504,0.45764255250659147,0.5043843019763184,0.5635208077091488,0.020750999450683594,0.022465825080871582,0.3792246322848983,0.06274284092178271,0.2123736690539969,0.13523034723142482,0.07317072526448182,0.04200778116600229,0.02798518027456392,0.015195228502971092,0.07889690703521593,0.1015625,0.055204164965644835,0.150390625,0.5B,16384
15,8,longdoc_16384,longdoc,16384,9.704060527839234,16.01886528917277,17.35948099976145,1.0863527606691397,21.92067685459029,6.350052543494272,0.8787861358026431,9.171088918536297,0.1284816733121709,-41.859672628343105,3.9635511189699173,0.09633552102914035,0.9809754686916652,0.0392156862745098,0.7720076575198427,1.5700751733629978,0.9943108513357735,0.8595508339284792,0.8889485875807444,0.9143134841189212,0.09470343589782715,0.15468597412109375,0.8006455855102113,0.06515074390111919,0.09600652480510563,0.06262558322364821,0.031015285480980547,0.015277187159429776,0.009180880645534255,0.0041476549199065404,0.04670781090480466,0.1015625,0.0289397010449774,0.150390625,0.5B,16384
15,9,longdoc_16384,longdoc,16384,9.704060527839234,15.442388470978637,17.35948099976145,1.0863527606691397,21.92067685459029,6.350052543494272,0.8787861358026431,9.171088918536297,0.1284816733121709,-33.10003734007478,0.549805324524641,1.0465751008983966,0.48647270596482867,0.0392156862745098,0.7405023444492883,4.1206566072355315,0.9872738548901914,0.5891554756122318,0.6881992719523228,0.7609096771245186,0.16221320629119873,0.2658367156982422,0.17407703829374643,0.06782530982743552,0.04893466525873146,0.036025358102938214,0.0188546813931104,0.009003659471144624,0.005137773782266841,0.0021243198669114024,0.013574031689686655,0.1015625,0.008668191109378208,0.150390625,0.5B,16384
15,10,longdoc_16384,longdoc,16384,9.704060527839234,16.212970036315735,17.35948099976145,1.0863527606691397,21.92067685459029,6.350052543494272,0.8787861358026431,9.171088918536297,0.1284816733121709,-26.485717214643955,5.025928091257811,0.039335045266833894,0.9934767819633521,0.0392156862745098,0.739241993305485,3.3751877163520305,0.9908971778247572,0.7130955047539199,0.7854567810952335,0.8456761580929983,0.20137906074523926,0.04352700710296631,0.29411733052633127,0.42110891466650374,0.03570981817977611,0.02554550072351907,0.014534573079836206,0.007683392085403314,0.0046808287876280025,0.0021138461488855696,0.010858911324007924,0.1015625,0.008283512850035068,0.150390625,0.5B,16384
15,11,longdoc_16384,longdoc,16384,9.704060527839234,15.912214839534759,17.35948099976145,1.0863527606691397,21.92067685459029,6.350052543494272,0.8787861358026431,9.171088918536297,0.1284816733121709,-35.57736791856587,1.12578041292727,0.7498029888496555,0.7106286173953404,0.0392156862745098,0.7793236458331742,3.4271028555388114,0.9896846456003302,0.6332480519598535,0.7115506944891941,0.7844364461279013,0.03624230623245239,0.030697286128997803,0.4590622808803415,0.14104829110397468,0.06063565877485945,0.03670352264004587,0.016926697924028344,0.008520061490791597,0.00523054299745572,0.002467529048720053,0.01717110640071642,0.1015625,0.009614304679703024,0.150390625,0.5B,16384
15,12,longdoc_16384,longdoc,16384,9.704060527839234,18.19735048638574,17.35948099976145,1.0863527606691397,21.92067685459029,6.350052543494272,0.8787861358026431,9.171088918536297,0.1284816733121709,-60.6796057196334,1.4804136948660016,0.9155160419173904,0.7276752762945697,0.0196078431372549,0.7485083195235879,4.427058705537252,0.9802000380573437,0.4617784012132038,0.5231272776922737,0.6104736211037262,0.02818259596824646,0.0008640438318252563,0.38191972909191635,0.008417450902301792,0.10901623265145627,0.07544095122818135,0.0377251644819045,0.01655445383919944,0.008152161093299245,0.002442270388517407,0.1612154269180796,0.1015625,0.10635791437298553,0.150390625,0.5B,16384
15,13,longdoc_16384,longdoc,16384,9.704060527839234,14.876261659618745,17.35948099976145,1.0863527606691397,21.92067685459029,6.350052543494272,0.8787861358026431,9.171088918536297,0.1284816733121709,-30.719409380108118,0.584137449041009,1.0386976511628763,0.4977108612824737,0.0392156862745098,0.7867671215896912,4.55476956066096,0.9734512516864612,0.5146261857750078,0.5697138530498704,0.6429155990047791,0.028200268745422363,0.02182716131210327,0.32372724846003953,0.07333601073587703,0.12112083336017772,0.07640079850218195,0.04116857899967812,0.023334114794861475,0.014839127554829261,0.007156276226807634,0.02811186069268151,0.1015625,0.019444442371768043,0.150390625,0.5B,16384
16,0,longdoc_16384,longdoc,16384,9.704060527839234,20.853506764410668,29.36058396378316,2.054573711760111,35.68115343624378,5.706783353690674,0.5617315800988254,8.120878490810444,0.1263021791963725,-49.50403080508113,13.906003158539534,1.588169122859896e-05,0.999998953703989,0.0392156862745098,0.8617783141574118,1.8935466494390787,0.9996283349895635,0.9288404842963073,0.9737311150660303,0.9930537155232129,0.10390250384807587,0.35984863340854645,0.3855345472377197,0.0009837500234160636,0.0002821602224261748,7.281895568490695e-05,1.151717209616875e-05,2.329366037792044e-06,7.932799711829307e-07,1.4414475159374844e-07,0.012190007699672474,0.1015625,0.006761931477883445,0.150390625,0.5B,16384
16,1,longdoc_16384,longdoc,16384,9.704060527839234,22.7345460397187,29.36058396378316,2.054573711760111,35.68115343624378,5.706783353690674,0.5617315800988254,8.120878490810444,0.1263021791963725,-72.65807150001638,0.5900211988482624,0.9219967446668721,0.5749311438958109,0.0,0.8397063017166924,4.568173248694174,0.9955719018913551,0.2298001538408671,0.3742453417464561,0.5977896179990374,0.03917991369962692,0.004596523940563202,0.0607599581875631,1.6130387609789398e-05,0.013962737815605645,0.00012314969346625422,7.979665115415183e-06,1.6986580843378037e-06,4.3697589347407017e-07,4.166713104536914e-08,0.0998544344886441,0.101806640625,0.08464517298563731,0.150634765625,0.5B,16384
16,2,longdoc_16384,longdoc,16384,9.704060527839234,27.111291191032496,29.36058396378316,2.054573711760111,35.68115343624378,5.706783353690674,0.5617315800988254,8.120878490810444,0.1263021791963725,-49.64790729805827,2.711020099930465,0.24512118682771086,0.9362128901393103,0.0392156862745098,0.8125738091380835,2.153264689641505,0.9993934314288588,0.8466504057949176,0.933286736242111,0.9700017140054366,0.2662002742290497,0.011787652969360352,3.77193300794422e-05,0.0001803734159534782,0.00018239780033314174,6.859358642830868e-07,1.9071702414807517e-08,1.6734111781978694e-09,3.063083252091337e-10,2.0072195962357772e-11,0.011577340616669547,0.101806640625,0.011534063915367937,0.150634765625,0.5B,16384
16,3,longdoc_16384,longdoc,16384,9.704060527839234,30.15359045664326,29.36058396378316,2.054573711760111,35.68115343624378,5.706783353690674,0.5617315800988254,8.120878490810444,0.1263021791963725,-63.40265507576987,0.43191680079326034,1.3226662604965447,0.4740757592428069,0.0,0.8076083319634169,4.340449010995545,0.9965133785372864,0.22145899586905027,0.3989654576123924,0.6682912370933773,0.039729684591293335,0.05236952379345894,3.6304674143251056e-06,2.267561040906035e-08,7.072552089167972e-05,9.176002028843567e-07,4.145060268520697e-09,1.8408985229197128e-10,2.4854205826926785e-11,1.099164856070221e-12,0.01225287298785207,0.101806640625,0.011094338049803915,0.150634765625,0.5B,16384
16,4,longdoc_16384,longdoc,16384,9.704060527839234,18.745980397843745,29.36058396378316,2.054573711760111,35.68115343624378,5.706783353690674,0.5617315800988254,8.120878490810444,0.1263021791963725,-54.355975014623255,0.47097312891855836,0.9904068353943475,0.5501110181566722,0.0196078431372549,0.809342248947028,3.6372277741355092,0.9973373609850193,0.5287671428405516,0.6689843754810811,0.8180474238958312,0.016999179497361183,0.11835956573486328,0.27352567163975805,0.004335589052668116,0.007230384204134982,0.002524154732235163,0.0005200188542798194,0.0001308386798366594,4.7202135061144444e-05,9.299863955247721e-06,0.28330885311288545,0.101806640625,0.12151315362397964,0.150634765625,0.5B,16384
16,5,longdoc_16384,longdoc,16384,9.704060527839234,22.22192921407237,29.36058396378316,2.054573711760111,35.68115343624378,5.706783353690674,0.5617315800988254,8.120878490810444,0.1263021791963725,-1.4852861948311329,12.73944465443492,8.39808866203574e-05,0.9999940426700907,0.0392156862745098,0.7803544233242471,2.4755639009495383,0.9989378871107212,0.802588041490143,0.8859194106078293,0.9442947093808558,0.043552398681640625,0.07592058181762695,0.46838376421259426,0.21990794522858648,0.005517026154504757,0.0009112266226629641,1.3148143841630105e-05,7.626456678819456e-07,1.6952289519490786e-07,1.7961121433583847e-08,0.00011284570753209103,0.1015625,0.00011208593292486511,0.150390625,0.5B,16384
16,6,longdoc_16384,longdoc,16384,9.704060527839234,22.707945678767672,29.36058396378316,2.054573711760111,35.68115343624378,5.706783353690674,0.5617315800988254,8.120878490810444,0.1263021791963725,-66.70017001638189,0.17313531902618706,1.5171797651646262,0.3275767412058993,0.0,0.841015030702588,4.233510430563341,0.9966483156229323,0.3632301073578473,0.5469000190265796,0.7392695029479442,0.06066362001001835,0.0010062046349048615,0.03964857253208501,4.400230276253966e-05,0.009901117901850555,0.0017041984329407916,4.78752105408172e-05,5.140724992802602e-06,1.2721154321825902e-06,1.7045452635517095e-07,0.031611298329637834,0.101806640625,0.022928085902769398,0.150634765625,0.5B,16384
16,7,longdoc_16384,longdoc,16384,9.704060527839234,18.13929445355173,27.2291478890372,1.7792307644420269,34.066287133780975,6.502347661352951,1.5022025887719637,11.482932481542498,0.3871772286565438,-58.66950299590826,9.051146686077118,0.002695789940186805,0.999745410574845,0.0392156862745098,0.7988081708569884,3.936957576739977,0.9974402415421704,0.4294924392352497,0.6192243079152527,0.7809546319842526,0.04169124364852905,0.0003669857978820801,0.02636683836569679,0.000741228417268426,0.003928291056410856,0.0007055271313991434,7.140467249274099e-05,6.502782079012827e-06,1.8355845698369106e-06,3.57524979547663e-07,0.015691706513461152,0.1015625,0.01143784193061809,0.150390625,0.5B,16384
16,8,longdoc_16384,longdoc,16384,9.704060527839234,15.864818537023265,27.2291478890372,1.7792307644420269,34.066287133780975,6.502347661352951,1.5022025887719637,11.482932481542498,0.3871772286565438,-31.50600951910019,11.519214801490307,0.0001244287787029029,0.9999900624381701,0.0392156862745098,0.8283559029642545,0.44136036429380554,0.9995572265915299,0.9710367836405538,0.9773492949180971,0.9845126874572673,0.0806494951248169,0.1574174165725708,0.9449169075140733,0.012369241161028641,0.019464417929663844,0.009468347767502598,0.0030963042846770734,0.0009772087657192714,0.0004027505718774279,9.804139068473174e-05,0.13923379511003223,0.1015625,0.08901263320376536,0.150390625,0.5B,16384
16,9,longdoc_16384,longdoc,16384,9.704060527839234,19.096652606739106,27.2291478890372,1.7792307644420269,34.066287133780975,6.502347661352951,1.5022025887719637,11.482932481542498,0.3871772286565438,-53.28244785219431,20.61621337942779,4.479194147028981e-08,0.9999999986325316,0.0,0.7362883439651178,4.422713963787982,0.996224616422308,0.23502098748191622,0.40044336341542636,0.6447635631351712,0.04491332173347473,0.03614497184753418,0.0032157303338917168,7.659836441979211e-07,0.0021447212875277608,0.00035871150326613303,1.4227681679503051e-05,1.18173929258673e-06,2.083105026788608e-07,1.7106262177986006e-08,0.015482633457731678,0.101806640625,0.009598540267020311,0.150634765625,0.5B,16384
16,10,longdoc_16384,longdoc,16384,9.704060527839234,14.775354121352825,27.2291478890372,1.7792307644420269,34.066287133780975,6.502347661352951,1.5022025887719637,11.482932481542498,0.3871772286565438,-3.1206818968057632,16.25180653296411,2.4869321638194224e-06,0.9999998583682043,0.0392156862745098,0.7321012358288882,2.551596277838958,0.9972552439196468,0.7756514123014,0.8428743011667132,0.9024749194986853,0.029497265815734863,0.004339873790740967,0.49212157291163783,0.3998414673228353,0.029191296909393632,0.013765771912700033,0.0047449076110569225,0.001515033479672332,0.0006311751372938461,0.0001427362680859582,0.0038547971333887246,0.1015625,0.0019705672852831945,0.150390625,0.5B,16384
16,11,longdoc_16384,longdoc,16384,9.704060527839234,14.25817357481378,27.2291478890372,1.7792307644420269,34.066287133780975,6.502347661352951,1.5022025887719637,11.482932481542498,0.3871772286565438,-9.993423540145159,2.212685499340296,0.37042845855163264,0.894964998198745,0.0392156862745098,0.7803124952926804,3.6771164740990163,0.9937636274297661,0.6554836458353951,0.7219112367734322,0.7909789732793093,0.0718151330947876,0.01787826418876648,0.21913862653160074,0.06911138149818055,0.06336804058843798,0.029555502260342866,0.009046510603401144,0.00285621745139798,0.0012257470160942955,0.0002891876453552509,0.013239666682578515,0.1015625,0.0066741253864199875,0.150390625,0.5B,16384
16,12,longdoc_16384,longdoc,16384,9.704060527839234,21.296965361062007,27.2291478890372,1.7792307644420269,34.066287133780975,6.502347661352951,1.5022025887719637,11.482932481542498,0.3871772286565438,-31.63269070489332,2.7321952399797738,0.6029329849909522,0.8604543896014929,0.0196078431372549,0.7092915800278716,4.077150003703536,0.9971512493143201,0.3805890553482346,0.5212768531302339,0.7231471353488411,0.01999068260192871,0.017763987183570862,2.338147563425082e-05,5.026541015395611e-05,0.004430706556909781,0.0004826672431395896,1.50835612514242e-05,1.4083010304401125e-06,3.138744993443342e-07,2.15609511114646e-08,0.00649268920157157,0.101806640625,0.005594635637932758,0.150634765625,0.5B,16384
16,13,longdoc_16384,longdoc,16384,9.704060527839234,12.218933069950403,27.2291478890372,1.7792307644420269,34.066287133780975,6.502347661352951,1.5022025887719637,11.482932481542498,0.3871772286565438,-20.13703408651054,18.28969976492226,2.468019362015374e-07,0.9999999880651887,0.0392156862745098,0.8261385890108909,3.7577871091862853,0.9926048393860907,0.5651073415163343,0.6828658260998101,0.7855287830290474,0.12491869926452637,0.1259094476699829,0.34186625037942325,0.08240480338212364,0.05060891027294766,0.03222993357276736,0.013487524708563821,0.005503418405504769,0.002849493552716967,0.0010041287191769862,0.11066245643154919,0.1015625,0.07497986017858468,0.150390625,0.5B,16384
17,0,longdoc_16384,longdoc,16384,9.704060527839234,19.17243241803212,18.232658086715908,1.1920642727118425,22.308270740124346,6.495347882586147,0.4973136758413911,8.367227893541733,0.03545098658182546,-0.6846174225211143,7.658722378313541,0.004248022050759273,0.9995156822136698,0.0392156862745098,0.6468390738355496,5.763714053964552,0.9707349235155337,0.19939255763229122,0.3076121707537566,0.456975579227375,0.04629342257976532,0.06550300121307373,0.038021122292551494,0.4858730917734408,0.025657473336590773,0.015477065558678388,0.007368946798387312,0.0036242951308719765,0.0022353189724941707,0.001174286870831825,0.0038174284804100775,0.1015625,0.0026292991698209146,0.150390625,0.5B,16384
17,1,longdoc_16384,longdoc,16384,9.704060527839234,13.903647532882438,18.232658086715908,1.1920642727118425,22.308270740124346,6.495347882586147,0.4973136758413911,8.367227893541733,0.03545098658182546,-38.60481384396553,3.58351781219244,0.15892982988942705,0.9674675850552311,0.0392156862745098,0.6951983460309759,3.4485033550406197,0.9711088968240048,0.6352283469344635,0.666869827326864,0.6997309856725475,0.0338137149810791,0.13786691427230835,0.599088378759487,0.10639429130397253,0.13040232204850677,0.08722350744244814,0.041823655299017486,0.019831208465232793,0.012608099513975592,0.0064041547316244585,0.02658505430552462,0.1015625,0.015461973529762824,0.150390625,0.5B,16384
17,2,longdoc_16384,longdoc,16384,9.704060527839234,14.859454141720947,18.232658086715908,1.1920642727118425,22.308270740124346,6.495347882586147,0.4973136758413911,8.367227893541733,0.03545098658182546,-29.731630597263575,7.444015603512526,0.0059438874842659565,0.9993175640080469,0.0392156862745098,0.6611566526859498,3.932215298265655,0.9766501253714374,0.572473414310382,0.6265536421718303,0.6869038037154358,0.0671224594116211,0.03151988983154297,0.4754504354803875,0.2357508090849048,0.08345614729514152,0.05323655229231219,0.023483040516411806,0.011727508149055273,0.0074057849088017755,0.003422164087382392,0.017184234698042894,0.1015625,0.009434889683374893,0.150390625,0.5B,16384
17,3,longdoc_16384,longdoc,16384,9.704060527839234,15.323453265151189,18.232658086715908,1.1920642727118425,22.308270740124346,6.495347882586147,0.4973136758413911,8.367227893541733,0.03545098658182546,-27.70875282585621,7.911941036581993,0.0032679253251807422,0.9996335458405846,0.0392156862745098,0.7462615902661062,3.9363644547097496,0.9677378417741999,0.5755369652794918,0.6233894862796593,0.6905120286183158,0.017966747283935547,0.0209120512008667,0.48811137224674356,0.2423002537897101,0.08834324304344889,0.06312407215855957,0.036189890838555006,0.02095744105901258,0.013979165657175338,0.007051188650076585,0.025344860445482585,0.1015625,0.017374372146461363,0.150390625,0.5B,16384
17,4,longdoc_16384,longdoc,16384,9.704060527839234,17.597065528497996,18.232658086715908,1.1920642727118425,22.308270740124346,6.495347882586147,0.4973136758413911,8.367227893541733,0.03545098658182546,-23.654144298285246,7.438639830797911,0.005108783632226025,0.9994018687854224,0.0392156862745098,0.7367528251278456,6.628590497866131,0.8918930418139026,0.24975980272991458,0.290296780712029,0.33763374551122805,0.03479480743408203,0.07697165012359619,0.18701078956611702,0.1502313926979123,0.13737465382638003,0.09703134559604404,0.0532181108965626,0.03162895381313406,0.022703702799376207,0.013007252271905793,0.04510624246649841,0.1015625,0.03148632259746202,0.150390625,0.5B,16384
17,5,longdoc_16384,longdoc,16384,9.704060527839234,15.836032146364861,18.232658086715908,1.1920642727118425,22.308270740124346,6.495347882586147,0.4973136758413911,8.367227893541733,0.03545098658182546,-42.48944380134344,2.403611421585083,0.29921151485572334,0.9156794351291037,0.0392156862745098,0.5756026656245719,4.985120504048664,0.8833239423592832,0.4996214911247632,0.5188480596925377,0.5469592361356578,0.018265724182128906,0.01538074016571045,0.46686723333554364,0.07017550366495542,0.21977578769832826,0.17200807083456296,0.11889685893070316,0.08341115347540416,0.06312037757161416,0.0385698261219823,0.10829104535954316,0.1015625,0.08708519512756184,0.150390625,0.5B,16384
17,6,longdoc_16384,longdoc,16384,9.704060527839234,16.916484611765586,18.232658086715908,1.1920642727118425,22.308270740124346,6.495347882586147,0.4973136758413911,8.367227893541733,0.03545098658182546,-41.059866055846214,1.542067989706993,0.8971295799531624,0.712613519727431,0.0392156862745098,0.6707526730716309,4.4015449990171405,0.9263393271428798,0.5499678933068044,0.5773155037551757,0.6121466135504556,0.1717432141304016,0.022026419639587402,0.507079793705765,0.06967942756670852,0.1704844612437998,0.12769751106528146,0.08363048583729504,0.05617632267301938,0.04139999060304078,0.02450390119739465,0.07732807592130088,0.1015625,0.0608223891812423,0.150390625,0.5B,16384
17,7,longdoc_16384,longdoc,16384,9.704060527839234,14.509820401797827,19.330437055014343,0.941046489881505,22.766257838222355,4.723410989944245,1.0220813297029425,12.754729611661284,0.20590525549433797,-61.59800427407026,3.0017313081771135,0.29622543321120937,0.9343534135573643,0.0392156862745098,0.7190033352271595,2.337433713508944,0.9739569311787882,0.7822206823117925,0.7966215551833049,0.8150315439650484,0.025482043623924255,0.056623369455337524,0.7522941842504552,0.018217154429538363,0.4955600609569802,0.37102463617876963,0.21894331476805318,0.1250639671206611,0.08088340442747226,0.03912617352744112,0.31535572647104454,0.1015625,0.2418873260612964,0.150390625,0.5B,16384
17,8,longdoc_16384,longdoc,16384,9.704060527839234,20.960404991071073,19.330437055014343,0.941046489881505,22.766257838222355,4.723410989944245,1.0220813297029425,12.754729611661284,0.20590525549433797,-66.08001574873924,1.932449147105217,0.385524341567768,0.872940889145019,0.0392156862745098,0.6366224598400774,4.603729689980695,0.9882206818752874,0.45361477751382406,0.5298584371971027,0.6317194399236594,0.34581851959228516,0.037793636322021484,0.20981821097453296,0.04080535809959794,0.06960548963553738,0.04102844986383217,0.014292362836690544,0.004111012870398382,0.0017374332294084545,0.0005099300882424516,0.07354571980342554,0.1015625,0.04992874181807797,0.150390625,0.5B,16384
17,9,longdoc_16384,longdoc,16384,9.704060527839234,18.761756576064716,19.330437055014343,0.941046489881505,22.766257838222355,4.723410989944245,1.0220813297029425,12.754729611661284,0.20590525549433797,-41.648305140435696,16.88937395066023,9.313912644889005e-07,0.9999999495498068,0.0392156862745098,0.6977786661392961,1.4711420312440397,0.9968345710501606,0.8895936867022896,0.9123503607072522,0.9283349961354379,0.5406441688537598,0.04047340154647827,0.7960097970607196,0.13814102075969717,0.1375591411440033,0.07314118727303352,0.027389912029621183,0.011049360320487063,0.005749301164778651,0.0020065159101561995,0.015728429255530505,0.1015625,0.00891530554825731,0.150390625,0.5B,16384
17,10,longdoc_16384,longdoc,16384,9.704060527839234,19.325941647492655,19.330437055014343,0.941046489881505,22.766257838222355,4.723410989944245,1.0220813297029425,12.754729611661284,0.20590525549433797,-39.48414500057697,23.3084929138422,1.6700512487204916e-08,0.999999999914345,0.0392156862745098,0.7367476523182586,1.8253284438190842,0.9984948942593636,0.948610225844746,0.9710414367348955,0.9778079303767129,0.24720418453216553,0.11031270027160645,0.40609616263008064,0.5722202806553649,0.010090961258802648,0.006577271041158254,0.003347327386610937,0.0015489474206308422,0.0008868087250471532,0.00033810239515152485,0.003070619037436638,0.1015625,0.0019490414367147712,0.150390625,0.5B,16384
17,11,longdoc_16384,longdoc,16384,9.704060527839234,17.46208034248687,19.330437055014343,0.941046489881505,22.766257838222355,4.723410989944245,1.0220813297029425,12.754729611661284,0.20590525549433797,-28.793304674327374,16.072752185165882,1.8258760034176426e-06,0.9999998942151899,0.0392156862745098,0.7225524123224722,3.6230492091361466,0.9818242472451916,0.6843705880351744,0.7965588179077205,0.8350895005365779,0.061661481857299805,0.09664058685302734,0.31295236349670014,0.5228460404005453,0.07722009881734314,0.05673528345451621,0.034854355323676645,0.020017280764184093,0.012910608704029372,0.006165063695567116,0.03516574864275564,0.1015625,0.023725964200680745,0.150390625,0.5B,16384
17,12,longdoc_16384,longdoc,16384,9.704060527839234,14.637023959249507,19.330437055014343,0.941046489881505,22.766257838222355,4.723410989944245,1.0220813297029425,12.754729611661284,0.20590525549433797,-55.76456957682967,2.7451881915330887,0.31545576100108225,0.9228531889637119,0.0392156862745098,0.676546759815658,3.88864166267412,0.9663580836274438,0.5888999825716513,0.6293668331937512,0.6766752622499737,0.13491404056549072,0.010669976472854614,0.5182182126170093,0.049238249535697415,0.22317524768755193,0.15480034114285277,0.08945184059034647,0.05126714878845302,0.03324180172418414,0.01695166405750022,0.2229629168758822,0.1015625,0.14798187935312487,0.150390625,0.5B,16384
17,13,longdoc_16384,longdoc,16384,9.704060527839234,21.783260626192423,19.330437055014343,0.941046489881505,22.766257838222355,4.723410989944245,1.0220813297029425,12.754729611661284,0.20590525549433797,-30.817751187831163,29.821924936026335,1.4633718536074956e-08,0.9999999999988816,0.0392156862745098,0.6868172675719036,1.3220250169068708,0.9995400514314832,0.9804528527609918,0.9869233914414064,0.9916573342094831,0.32615964114665985,0.03238070011138916,0.08474675426520413,0.9052388709682521,0.00225952890152726,0.001286717819213303,0.0005464259718292939,0.00022951947951357985,0.00011910573274757089,3.891239383962815e-05,0.0005717594134128812,0.1015625,0.00030149271728613386,0.150390625,0.5B,16384
18,0,longdoc_16384,longdoc,16384,9.704060527839234,16.301031135894352,19.067300829644893,0.9980244237011845,21.943041674797378,6.7620996256218175,0.8223693417355443,10.11570917857696,0.037613231106891895,-72.04577276110649,1.043877013027668,1.2068177542886374,0.6189087600087907,0.0392156862745098,0.6866079990229218,2.313926102250747,0.9703362823783428,0.7812127478533782,0.792606799269752,0.8071929512325152,0.001833200454711914,0.06043446063995361,0.7650785888273134,0.007552444636236125,0.8960507344723663,0.6676635470463225,0.40371677601293965,0.2460584685061002,0.16734145347690185,0.08548321755703359,0.7791523767227255,0.1015625,0.5869000253691231,0.150390625,0.5B,16384
18,1,longdoc_16384,longdoc,16384,9.704060527839234,19.673657767524816,19.067300829644893,0.9980244237011845,21.943041674797378,6.7620996256218175,0.8223693417355443,10.11570917857696,0.037613231106891895,-49.78440700471401,12.818845137953758,4.166945480711194e-05,0.9999970383752257,0.0392156862745098,0.5500132351301736,3.3556627861986574,0.9760163655557634,0.6644461846767515,0.6990422016235365,0.7359759942216955,0.09161758422851562,0.041066884994506836,0.5799205384228228,0.10364104773335603,0.33927403910447773,0.22746368517431217,0.11737460253981233,0.058813448770457584,0.03471783626599911,0.014935515217871355,0.3226886269715458,0.1015625,0.2282065948484432,0.150390625,0.5B,16384
18,2,longdoc_16384,longdoc,16384,9.704060527839234,21.59782277997056,19.067300829644893,0.9980244237011845,21.943041674797378,6.7620996256218175,0.8223693417355443,10.11570917857696,0.037613231106891895,-43.22029010951519,21.00497142225504,3.122863983755358e-08,0.9999999992443898,0.0392156862745098,0.5050300328511635,1.8218316205822145,0.9963288886716135,0.9144626611992286,0.9448402840630524,0.9565731934748729,0.4952516555786133,0.18445849418640137,0.602229979059222,0.3543270674569636,0.04634680170914281,0.032466057566497716,0.016815038459870472,0.008292871853447034,0.00476021417706178,0.0018373964814503588,0.0213112415190053,0.1015625,0.013102571053419172,0.150390625,0.5B,16384
18,3,longdoc_16384,longdoc,16384,9.704060527839234,29.34152077219494,19.067300829644893,0.9980244237011845,21.943041674797378,6.7620996256218175,0.8223693417355443,10.11570917857696,0.037613231106891895,-70.58377293497324,26.688568327575922,1.4710139509131e-08,0.9999999999960423,0.0392156862745098,0.507422622701173,0.13358547532086681,0.9999291663365637,0.9995446015626467,0.9996930278200468,0.9997917273262737,0.003890901803970337,0.038020312786102295,0.025353711812816464,0.9742996064226694,3.264526684096353e-05,1.8046415050077027e-05,6.052566588429222e-06,1.8518238540721858e-06,7.621182677070659e-07,1.8178759643988184e-07,2.6897610506705323e-05,0.1015625,1.608614905693488e-05,0.150390625,0.5B,16384
18,4,longdoc_16384,longdoc,16384,9.704060527839234,24.35023891070893,19.067300829644893,0.9980244237011845,21.943041674797378,6.7620996256218175,0.8223693417355443,10.11570917857696,0.037613231106891895,-62.9177173897624,1.7185222283005714,0.5667478766927925,0.8178255169896532,0.0392156862745098,0.5295034417586982,2.0051722987699234,0.994809116856911,0.8116676188456918,0.8539490132605824,0.8846287581563874,0.07232463359832764,0.19186082482337952,0.724834558138419,0.024748333007601278,0.22479504541317782,0.1327369761235703,0.053370236470815256,0.020848653958655355,0.0103696444190892,0.003443462829036889,0.15982541475812997,0.1015625,0.10694353771981817,0.150390625,0.5B,16384
18,5,longdoc_16384,longdoc,16384,9.704060527839234,20.89872201289157,19.067300829644893,0.9980244237011845,21.943041674797378,6.7620996256218175,0.8223693417355443,10.11570917857696,0.037613231106891895,-50.53032484371215,9.526299710385501,0.000767737331495369,0.9999270800437114,0.0392156862745098,0.5678938140033443,1.4443952099162187,0.9934564217375992,0.870127770979991,0.8888358477394279,0.9094155993525483,0.2062288224697113,0.01514461636543274,0.8321099995205813,0.06574582244841248,0.5994001821292122,0.3956128571122029,0.19974025232232545,0.09703777560005619,0.0567418461909282,0.02420511376560972,0.30594250540601287,0.1015625,0.21422511847158135,0.150390625,0.5B,16384
18,6,longdoc_16384,longdoc,16384,9.704060527839234,20.032917430886425,19.067300829644893,0.9980244237011845,21.943041674797378,6.7620996256218175,0.8223693417355443,10.11570917857696,0.037613231106891895,-40.46890018880367,12.591840751469135,4.642454723484775e-05,0.9999965902292921,0.0392156862745098,0.647940216374579,3.863773605874476,0.9817747001582022,0.6312496128711947,0.6862919857912804,0.726818595026161,0.03913545608520508,0.11882275342941284,0.3959455680654881,0.2826973792309553,0.1221945349057541,0.07527648473014817,0.03293582252800043,0.014657131663838627,0.008131265669680074,0.0031014990256736084,0.07213985810232454,0.1015625,0.052920143631633595,0.150390625,0.5B,16384
18,7,longdoc_16384,longdoc,16384,9.704060527839234,17.876380146871362,18.487367498846655,0.9028095874281568,21.26211551443324,3.5780388278694075,0.6343475549324142,11.106369494588009,0.1646819352223939,-13.192493688315153,15.29589269682765,3.722776400021162e-06,0.9999997724476759,0.0392156862745098,0.8069278360274076,2.6301125468855484,0.9890656799434979,0.7787989651212645,0.8800384185512392,0.9086777625600032,0.1395857334136963,0.3237879276275635,0.5343770591261395,0.3934384587611912,0.05957111607359768,0.046003410432766456,0.02944753914317052,0.017898327931602964,0.012168645932096805,0.00630302679934046,0.02849600630512484,0.1015625,0.02155109768234603,0.150390625,0.5B,16384
18,8,longdoc_16384,longdoc,16384,9.704060527839234,18.461076108756806,18.487367498846655,0.9028095874281568,21.26211551443324,3.5780388278694075,0.6343475549324142,11.106369494588009,0.1646819352223939,-25.36824807524681,14.500390097498894,7.834152797154202e-06,0.9999994956355122,0.0392156862745098,0.8488798725482488,0.9857932495455446,0.9951485415099794,0.9271493711717896,0.9405480711899973,0.9534739031343334,0.056363001465797424,0.014803647994995117,0.8823024402110327,0.07749052913479501,0.10424907273818769,0.07824337502218957,0.04586722406279557,0.025750089344124396,0.016452199754803196,0.007833636625007969,0.03850181005803023,0.1015625,0.026438896743556064,0.150390625,0.5B,16384
18,9,longdoc_16384,longdoc,16384,9.704060527839234,18.049664302462237,18.487367498846655,0.9028095874281568,21.26211551443324,3.5780388278694075,0.6343475549324142,11.106369494588009,0.1646819352223939,-14.038057861849666,12.983044916763902,3.2165970338744916e-05,0.9999977008292811,0.0392156862745098,0.7379107395899903,3.538357121329963,0.9827450876961413,0.7226099061012214,0.7865542776510166,0.8244645521860999,0.16032695770263672,0.06079661846160889,0.24177930328061562,0.5681587451371868,0.05017315596646945,0.04009463160510129,0.02533672054515968,0.015562268091362314,0.010298242470403045,0.005252755079698711,0.02242470125113965,0.1015625,0.016489018179062658,0.150390625,0.5B,16384
18,10,longdoc_16384,longdoc,16384,9.704060527839234,17.636981138387664,18.487367498846655,0.9028095874281568,21.26211551443324,3.5780388278694075,0.6343475549324142,11.106369494588009,0.1646819352223939,-15.271039953455329,11.197761805728078,0.0001703513486064537,0.9999861030399175,0.0392156862745098,0.8082602792021898,2.983317898032203,0.9855827630181614,0.6996650600415294,0.762673014240704,0.8214808644026463,0.15633165836334229,0.019581913948059082,0.5735987238187982,0.2549394770461188,0.12795998080658746,0.08760630035413447,0.04653530480088311,0.0256390377704955,0.016314973286194648,0.008002887001961268,0.04446675773914702,0.1015625,0.03311104072114517,0.150390625,0.5B,16384
18,11,longdoc_16384,longdoc,16384,9.704060527839234,18.74855615778743,18.487367498846655,0.9028095874281568,21.26211551443324,3.5780388278694075,0.6343475549324142,11.106369494588009,0.1646819352223939,-7.077508129179478,14.088369220495224,1.150096660910322e-05,0.9999992387572929,0.0392156862745098,0.7803329395656788,2.355029433918154,0.9947499264488214,0.8595159304939345,0.8909488229369324,0.9151962560819007,0.10190802812576294,0.20034456253051758,0.09969082178646445,0.8058878116839976,0.02869064808974133,0.019036191040769455,0.009055597395654636,0.004526694604181961,0.002718865729430058,0.001150976938142312,0.009847187540196811,0.1015625,0.00680981267561233,0.150390625,0.5B,16384
18,12,longdoc_16384,longdoc,16384,9.704060527839234,18.928283696031304,18.487367498846655,0.9028095874281568,21.26211551443324,3.5780388278694075,0.6343475549324142,11.106369494588009,0.1646819352223939,-19.092790346592665,20.779833883047104,3.546575062657186e-08,0.9999999990439501,0.0392156862745098,0.7963661781153323,1.99499403467953,0.995600751107969,0.912622264285157,0.9298810650147076,0.9427418045450444,0.004066213965415955,0.1557621955871582,0.5166052135200987,0.42854610500740453,0.03683147100802169,0.02581546922577695,0.013868232515513747,0.007067968272232172,0.004208365219356643,0.001791583865400379,0.014696713569660125,0.1015625,0.01087860438655943,0.150390625,0.5B,16384
18,13,longdoc_16384,longdoc,16384,9.704060527839234,19.955892051368206,18.487367498846655,0.9028095874281568,21.26211551443324,3.5780388278694075,0.6343475549324142,11.106369494588009,0.1646819352223939,-48.606549869291484,2.133307312615216,0.6556277238065409,0.8195963026409335,0.0392156862745098,0.7994313792062506,1.9847224287109473,0.9878245154226314,0.8049424117713702,0.8175263024703965,0.8364333249732265,0.20284605026245117,0.02125847339630127,0.7853063169886598,0.015992912979038924,0.4228456523466298,0.2870406438913014,0.12009632876153219,0.03973898821577172,0.018727583327802767,0.007733222676606798,0.3491860184067257,0.1015625,0.26877229613015613,0.150390625,0.5B,16384
19,0,longdoc_16384,longdoc,16384,9.704060527839234,23.151886245689383,20.929617965257034,1.601778103106338,25.328408487370186,5.988434746564685,0.7421823450824239,8.438461453036672,0.19560102795780754,-35.826125882565975,19.115539364516735,1.1503197555309527e-07,0.9999999950073564,0.0392156862745098,0.46471602312461624,2.0140709811556445,0.9992565094101037,0.8799186360592897,0.9574421356360068,0.9827785265371819,0.03215312957763672,0.2211395502090454,0.5038689843982003,0.47811753999860657,0.003228938564686937,0.0018322081597913914,0.0007035421150518193,0.0002789933503257225,0.00013766287843984036,4.4147655841867464e-05,0.0013330809034249314,0.1015625,0.0009750825289803987,0.150390625,0.5B,16384
19,1,longdoc_16384,longdoc,16384,9.704060527839234,20.94809537938118,20.929617965257034,1.601778103106338,25.328408487370186,5.988434746564685,0.7421823450824239,8.438461453036672,0.19560102795780754,-35.48399564623833,24.240968354046345,1.552999159406095e-08,0.9999999999635436,0.0392156862745098,0.4576185863913261,1.9476344601559887,0.9984561493287735,0.9009933810716813,0.9538252944932674,0.9683747432141414,0.3699350357055664,0.05559110641479492,0.5477384869323715,0.4242161328331126,0.012923739311534971,0.00768491629913365,0.0032129981597082452,0.001414595210117251,0.0007562699478601765,0.00026176273925962234,0.0032206291458621705,0.1015625,0.0020400875458979188,0.150390625,0.5B,16384
19,2,longdoc_16384,longdoc,16384,9.704060527839234,20.521776175028656,20.929617965257034,1.601778103106338,25.328408487370186,5.988434746564685,0.7421823450824239,8.438461453036672,0.19560102795780754,-73.838734483812,0.3220708887092769,0.9364978031618041,0.5398260331521582,0.0392156862745098,0.33890595485896813,4.24408976954287,0.9864930509690413,0.5053361388574223,0.5691653613539969,0.6404570977490897,0.07576487958431244,0.04840978980064392,0.3750378888295978,0.021589873560982013,0.11904344240629508,0.057717505649462625,0.01665559378809796,0.006013778286180599,0.00331951622291526,0.00134649276775977,0.1641811148805595,0.1015625,0.12181925503117448,0.150390625,0.5B,16384
19,3,longdoc_16384,longdoc,16384,9.704060527839234,26.315016955734972,20.929617965257034,1.601778103106338,25.328408487370186,5.988434746564685,0.7421823450824239,8.438461453036672,0.19560102795780754,-56.31007222831249,16.878476470708847,8.504166711479271e-07,0.9999999532501644,0.0392156862745098,0.40279119719821826,1.0571055075847364,0.9997505184409868,0.9854119938178305,0.9929363412597636,0.9953343653681778,0.13224577903747559,0.22839421033859253,0.1105420796762184,0.8837619338196837,0.001105551121534906,0.000537049063481393,0.0001567941264997281,4.4684338895199326e-05,1.6481798877233514e-05,3.254532575751322e-06,0.0007979896166954006,0.1015625,0.00047732539561712523,0.150390625,0.5B,16384
19,4,longdoc_16384,longdoc,16384,9.704060527839234,21.008236110128887,20.929617965257034,1.601778103106338,25.328408487370186,5.988434746564685,0.7421823450824239,8.438461453036672,0.19560102795780754,-39.90342093259096,26.038212902843952,1.4761230771027387e-08,0.9999999999940641,0.0392156862745098,0.4801851155461134,1.4268593562587566,0.999184180398028,0.930392947142999,0.9776862538670402,0.9856824579138673,0.21095800399780273,0.008487701416015625,0.7107777667170386,0.2781233144947068,0.009866826908722115,0.006247994151403632,0.002675509425347455,0.0011476102436550118,0.000615361875246399,0.0002190761350216489,0.002298667170203549,0.1015625,0.0014851604017773051,0.150390625,0.5B,16384
19,5,longdoc_16384,longdoc,16384,9.704060527839234,17.610109207295597,20.929617965257034,1.601778103106338,25.328408487370186,5.988434746564685,0.7421823450824239,8.438461453036672,0.19560102795780754,-23.568190693855286,21.358466882258654,3.1666620763702315e-08,0.9999999992512101,0.0392156862745098,0.44716280381340207,3.311437539335634,0.9908097699463583,0.7504703429262946,0.828149443279518,0.8674872918211262,0.07291507720947266,0.06196331977844238,0.17438160015957513,0.6949788409835647,0.054046787206540894,0.03415850289716715,0.017143063435781432,0.008448886991224019,0.004858204515760372,0.001983895774136472,0.01435636407960147,0.1015625,0.010024903068944003,0.150390625,0.5B,16384
19,6,longdoc_16384,longdoc,16384,9.704060527839234,17.651264640541886,20.929617965257034,1.601778103106338,25.328408487370186,5.988434746564685,0.7421823450824239,8.438461453036672,0.19560102795780754,-51.57272041216493,2.1067361161112785,0.45586217882183633,0.8723738013615668,0.0392156862745098,0.32267891163393314,6.1529428206604475,0.9709127081881236,0.1720569275396165,0.2478256339080721,0.3425347821873227,0.04308098554611206,0.009313374757766724,0.021129804591245156,0.014284490255203966,0.2388063603969508,0.14400761151903113,0.038294474303185826,0.010775042594010284,0.005663250126116213,0.0022594523845155187,0.05367324582458454,0.1015625,0.0435724121122524,0.150390625,0.5B,16384
19,7,longdoc_16384,longdoc,16384,9.704060527839234,20.423392699861335,20.074766285410334,1.1084002704075477,22.769363714214663,7.590426731074082,0.8539764127229486,10.154758617683587,0.0878679092120367,-33.26255285739899,6.281488239765167,0.01801495943592779,0.9976701197017805,0.0392156862745098,0.5969722588409756,5.440904403865033,0.9698998937914913,0.34137295562780634,0.43366618409190527,0.5345006752478006,0.37680041790008545,0.12778490781784058,0.07396644643048225,0.21082588358886808,0.09427284350081952,0.07338621868888887,0.0422685226965369,0.0240749593124164,0.015231021500594556,0.007332425245853779,0.03380725083699992,0.1015625,0.021973103599262297,0.150390625,0.5B,16384
19,8,longdoc_16384,longdoc,16384,9.704060527839234,17.057748396791375,20.074766285410334,1.1084002704075477,22.769363714214663,7.590426731074082,0.8539764127229486,10.154758617683587,0.0878679092120367,-31.65588947944343,17.045130725950003,1.3330424446068142e-06,0.9999999278859574,0.0392156862745098,0.5757471926620277,2.9871641817195833,0.9887317201425263,0.8096632313945578,0.8449698094711678,0.8705480541792985,0.715012937784195,0.08272328972816467,0.27761567546951926,0.5757421055833611,0.0581648693986615,0.03988515097266634,0.021808049958237943,0.01163958414967712,0.007161313440071109,0.003124835862026738,0.02431933957362819,0.1015625,0.015015878755075226,0.150390625,0.5B,16384
19,9,longdoc_16384,longdoc,16384,9.704060527839234,19.660316247211334,20.074766285410334,1.1084002704075477,22.769363714214663,7.590426731074082,0.8539764127229486,10.154758617683587,0.0878679092120367,-13.418314702808857,24.153478655964136,1.6128063972665775e-08,0.9999999999397293,0.0392156862745098,0.5719308761580969,4.122097245425999,0.9866182559254751,0.5529241285763657,0.7117874797610417,0.7814343817406882,0.07597571611404419,0.0628058910369873,0.21866162260749028,0.5862280115002504,0.057492262946338905,0.03900931142198603,0.017352836375642236,0.0076465874064006465,0.004482858574080793,0.0018687379071951437,0.011225661743995993,0.1015625,0.0066063398689308215,0.150390625,0.5B,16384
19,10,longdoc_16384,longdoc,16384,9.704060527839234,18.156560580015054,20.074766285410334,1.1084002704075477,22.769363714214663,7.590426731074082,0.8539764127229486,10.154758617683587,0.0878679092120367,-35.1187094822526,6.10173162072897,0.037137172325034246,0.9950174686102315,0.0392156862745098,0.6922257818376704,5.421827235251235,0.9575889168546976,0.3663791536639244,0.4213211885768426,0.4925982117403251,0.19387948513031006,0.00498199462890625,0.2582481028201864,0.10842082352975332,0.1879024541358011,0.1269124356342422,0.06687370171735914,0.03649700000161607,0.02282272081542713,0.010676027756393234,0.07363186219455979,0.1015625,0.042881853557174616,0.150390625,0.5B,16384
19,11,longdoc_16384,longdoc,16384,9.704060527839234,21.383189266677903,20.074766285410334,1.1084002704075477,22.769363714214663,7.590426731074082,0.8539764127229486,10.154758617683587,0.0878679092120367,-22.914212334901094,20.186817798763514,5.1181417552757685e-08,0.9999999982765335,0.0392156862745098,0.563156420064499,1.713304252429024,0.9989690106131196,0.957622569418739,0.972874519837382,0.9790305828359873,0.19794440269470215,0.20544493198394775,0.04507320463963966,0.9297974562045893,0.006976421754001811,0.003926921652719167,0.0014947220063015255,0.0005462131445781181,0.0002595320815701932,7.921854202519591e-05,0.002371591128690403,0.1015625,0.001300261654081746,0.150390625,0.5B,16384
19,12,longdoc_16384,longdoc,16384,9.704060527839234,18.257995514774702,20.074766285410334,1.1084002704075477,22.769363714214663,7.590426731074082,0.8539764127229486,10.154758617683587,0.0878679092120367,-0.49230167269706726,13.447431644424796,2.9704700112062663e-05,0.9999979905518535,0.0392156862745098,0.6161717565620264,6.200744072562896,0.9382546029251893,0.25850617370188234,0.33587449938832553,0.4288099237863694,0.08077961206436157,0.025418400764465332,0.03693835588591287,0.4327284549493631,0.11680775741397074,0.08218527030888298,0.048099638246932135,0.029658058561247282,0.020048599821118385,0.009706371291547283,0.038642546375090014,0.1015625,0.027806666146644596,0.150390625,0.5B,16384
19,13,longdoc_16384,longdoc,16384,9.704060527839234,20.718427573582147,20.074766285410334,1.1084002704075477,22.769363714214663,7.590426731074082,0.8539764127229486,10.154758617683587,0.0878679092120367,-28.237693808972836,16.69143968075514,1.0291882687034385e-06,0.9999999428419789,0.0392156862745098,0.5665644634070892,2.4292421211280795,0.997848398083915,0.8283410953023231,0.9122641923646208,0.9377045522330772,0.159063458442688,0.06953883171081543,0.48361033406479137,0.460616161879214,0.020755044945262664,0.01030564427941254,0.0038147108668745095,0.0014246633599024666,0.0006560184323072071,0.000186927582421478,0.003911164111913946,0.1015625,0.0021025430550988982,0.150390625,0.5B,16384
20,0,longdoc_16384,longdoc,16384,9.704060527839234,16.302534757301263,21.38138725520184,1.522148697689129,27.39878204646826,4.968432688795582,1.3320726985384703,11.086815292979308,0.25968889942820095,-37.31921359151602,14.035308085381985,2.344782678002646e-05,0.9999984465432292,0.0392156862745098,0.578657476729352,2.058500273275387,0.9881226409704289,0.8185879975025682,0.8525053674407082,0.8775932307120369,0.018476486206054688,0.01746368408203125,0.7395088047617117,0.12639360817717635,0.1413692626475679,0.0999236322113194,0.05347647060426876,0.029968551617316513,0.01947888187168858,0.009313928312643601,0.06234005192645751,0.1015625,0.0389158144355387,0.150390625,0.5B,16384
20,1,longdoc_16384,longdoc,16384,9.704060527839234,16.339613551507036,21.38138725520184,1.522148697689129,27.39878204646826,4.968432688795582,1.3320726985384703,11.086815292979308,0.25968889942820095,-45.35922214575112,4.019868632778525,0.14567639785931338,0.9733518168059514,0.0392156862745098,0.5850723836721956,2.594955572506051,0.9717130618682575,0.745365454612662,0.763120738845362,0.7834845877345405,0.004347115755081177,0.02364259958267212,0.7222829481378524,0.046499376607402026,0.3131959811428116,0.2274641941585465,0.13242926773533883,0.07667291049138877,0.04981790722284613,0.024185179283832053,0.1543916254814448,0.1015625,0.11999427647802076,0.150390625,0.5B,16384
20,2,longdoc_16384,longdoc,16384,9.704060527839234,16.78552700926712,21.38138725520184,1.522148697689129,27.39878204646826,4.968432688795582,1.3320726985384703,11.086815292979308,0.25968889942820095,-27.46559937298298,10.939008563756943,0.00022607554763970293,0.9999813010047163,0.0392156862745098,0.5287725406575551,4.0207144646156205,0.9802235294927181,0.5708920368981967,0.6370736193255612,0.6973795822573333,0.009360313415527344,0.06543219089508057,0.4230224927762497,0.2625460413244799,0.16325709105631833,0.09798627955732539,0.04363749505811231,0.01977028899483566,0.010940886859086448,0.004726774123014667,0.058234989573855526,0.1015625,0.03967050299999744,0.150390625,0.5B,16384
20,3,longdoc_16384,longdoc,16384,9.704060527839234,14.45160158943749,21.38138725520184,1.522148697689129,27.39878204646826,4.968432688795582,1.3320726985384703,11.086815292979308,0.25968889942820095,-33.65265985252336,10.891180620994419,0.00022416245654892377,0.9999812153380092,0.0392156862745098,0.6002432462464778,4.366806061886525,0.9645793715211789,0.5768331103920372,0.6178795072618333,0.6633299954218893,0.3194788098335266,0.02663898468017578,0.32066734593470675,0.04550342676706477,0.2420392637707035,0.16017151948090858,0.09220998245514432,0.05561146582655153,0.03747316126617322,0.019725314032044697,0.25268423693792413,0.1015625,0.1725412868225427,0.150390625,0.5B,16384
20,4,longdoc_16384,longdoc,16384,9.704060527839234,12.53168703682234,21.38138725520184,1.522148697689129,27.39878204646826,4.968432688795582,1.3320726985384703,11.086815292979308,0.25968889942820095,-36.37729810923338,9.503268837928772,0.0008783344539093904,0.9999188208172145,0.0392156862745098,0.6062448498099486,4.167116625592049,0.9482499395478104,0.5748126963151884,0.6094723192242021,0.6552998070456841,0.014418795704841614,0.029220402240753174,0.500396358493763,0.13064726417989347,0.30041458486392075,0.22288046808292694,0.1344786131428408,0.08303202448678614,0.059483736839176224,0.033521524702855555,0.13830092438647712,0.1015625,0.09788875433340441,0.150390625,0.5B,16384
20,5,longdoc_16384,longdoc,16384,9.704060527839234,13.110517458869497,21.38138725520184,1.522148697689129,27.39878204646826,4.968432688795582,1.3320726985384703,11.086815292979308,0.25968889942820095,-32.717434007674456,6.779913958162069,0.018159713273008686,0.9977038899345123,0.0392156862745098,0.6202989320125704,5.644259154281578,0.9323961184659482,0.3723272866464678,0.4239503111500378,0.49093543943533485,0.1250143051147461,0.010073184967041016,0.26643054332471683,0.14725469818857545,0.1637739841437534,0.12323738768281964,0.0890567841693388,0.06427556424701465,0.045899887655326634,0.02609008698075241,0.11862445800686781,0.1015625,0.0898673253404306,0.150390625,0.5B,16384
20,6,longdoc_16384,longdoc,16384,9.704060527839234,15.092232268500345,21.38138725520184,1.522148697689129,27.39878204646826,4.968432688795582,1.3320726985384703,11.086815292979308,0.25968889942820095,-42.63937767967582,1.091054055839777,0.9290959209158791,0.6419059860634397,0.0392156862745098,0.49432347455468156,6.125125946161844,0.935613317222812,0.30028251983781973,0.3507094858466515,0.4095022631450531,0.042485713958740234,0.05265545845031738,0.17475952493109478,0.041374129105807164,0.2349914593860578,0.23804550461034132,0.13602582970625277,0.06991403101743103,0.042691020832067036,0.019610260324379798,0.08708972587706448,0.1015625,0.06751176524037454,0.150390625,0.5B,16384
20,7,longdoc_16384,longdoc,16384,9.704060527839234,14.205314089838376,20.540308374978867,1.4881910913567389,24.978293980829005,11.041357110417161,2.3581848015710043,25.831909248621187,0.10047551428212104,-24.306966230273247,4.005733376834542,0.1711821581810372,0.9662724636120654,0.0392156862745098,0.71134826405556,3.799918651899321,0.9832967842130786,0.5838557637640706,0.6486876878804105,0.7155037730386758,0.05304384231567383,0.06412273645401001,0.45411286734886963,0.1481583376164035,0.04081710180375372,0.025259906001171176,0.011728563467623224,0.0056965843765573575,0.0034172761508181083,0.0014763272096456922,0.011210258950968376,0.1015625,0.007667046695644895,0.150390625,0.5B,16384
20,8,longdoc_16384,longdoc,16384,9.704060527839234,14.988814960091148,20.540308374978867,1.4881910913567389,24.978293980829005,11.041357110417161,2.3581848015710043,25.831909248621187,0.10047551428212104,-56.76573393307626,2.847581433132291,0.23254274048327692,0.942853516958327,0.0392156862745098,0.6495183167056552,4.322158595184351,0.980208772761916,0.5019517770612527,0.5569355766720399,0.6347957348214143,0.2606848478317261,0.04039323329925537,0.3836784905331935,0.004107101470522316,0.10998535898333452,0.06706112052709202,0.030256604356654625,0.012963080017017839,0.007375140220596055,0.0027432514916757673,0.15546974243104814,0.1015625,0.119714279853693,0.150390625,0.5B,16384
20,9,longdoc_16384,longdoc,16384,9.704060527839234,13.381068619893457,20.540308374978867,1.4881910913567389,24.978293980829005,11.041357110417161,2.3581848015710043,25.831909248621187,0.10047551428212104,-24.053199337329715,16.96383498283103,1.2904390283383775e-06,0.9999999304204246,0.0392156862745098,0.7354436938900675,3.8583495096614593,0.9663366699156496,0.6395443091217038,0.7030889900290668,0.74728093741098,0.12547383643686771,0.2853527367115021,0.450002032744295,0.240005547331752,0.05634823054484129,0.04272375012488659,0.027346340347994727,0.017209860601926582,0.01178975332218306,0.006211414876945701,0.04809505280132603,0.1015625,0.026994350969761473,0.150390625,0.5B,16384
20,10,longdoc_16384,longdoc,16384,9.704060527839234,14.530283143579767,20.540308374978867,1.4881910913567389,24.978293980829005,11.041357110417161,2.3581848015710043,25.831909248621187,0.10047551428212104,-42.117240875493735,5.91378477262333,0.02478535149898146,0.9967047020280996,0.0392156862745098,0.6684744648832587,5.122574393019891,0.9820618350636504,0.3464895466133583,0.4441890715191283,0.562301313660269,0.2930002212524414,0.03828549385070801,0.07826942922153542,0.004412259624132617,0.10638427517749081,0.06305464307344255,0.029527980275739947,0.013738239474714418,0.007893021505454774,0.0031048194945832368,0.03785876280668442,0.1015625,0.026799719180769746,0.150390625,0.5B,16384
20,11,longdoc_16384,longdoc,16384,9.704060527839234,14.90509468425802,20.540308374978867,1.4881910913567389,24.978293980829005,11.041357110417161,2.3581848015710043,25.831909248621187,0.10047551428212104,-66.89595907484181,0.5387221213895828,1.5602408167356563,0.43959608025775854,0.0,0.6327133503911643,4.711522243820481,0.982454539966716,0.3830524432901694,0.4379576777681072,0.5193495033261355,0.006016194820404053,0.024101734161376953,0.31771924160204024,0.0004941068881126484,0.12878163446679639,0.0744224179493826,0.025965147103402225,0.00858421891348695,0.00439136622262128,0.0015562458327331346,0.22433131216383087,0.101806640625,0.15883525172167573,0.150634765625,0.5B,16384
20,12,longdoc_16384,longdoc,16384,9.704060527839234,15.671932553616363,20.540308374978867,1.4881910913567389,24.978293980829005,11.041357110417161,2.3581848015710043,25.831909248621187,0.10047551428212104,-55.6175285121426,2.7629108503460884,0.2453546257140996,0.9380783323124718,0.0392156862745098,0.7138747057492788,2.867940432484886,0.9928548997969389,0.7446961900908147,0.78389818644177,0.8334700046024353,0.3247990310192108,0.006217733025550842,0.5431754884275395,0.012368849250817018,0.02974341786270983,0.019129844747221087,0.008719288688969916,0.0034032157570806866,0.0016593115804821473,0.0006086236916151524,0.059411235070611676,0.1015625,0.04590896635450132,0.150390625,0.5B,16384
20,13,longdoc_16384,longdoc,16384,9.704060527839234,15.617710824187373,20.540308374978867,1.4881910913567389,24.978293980829005,11.041357110417161,2.3581848015710043,25.831909248621187,0.10047551428212104,-17.69808618724346,16.260527051985264,2.5560878439255677e-06,0.9999998560894255,0.0392156862745098,0.6253017174455403,3.559918544189081,0.9885159636688787,0.6728970066459443,0.7222259642762582,0.7751211401262186,0.04834461212158203,0.02903437614440918,0.4110409180724936,0.344448766630625,0.03355205320880392,0.01968888360652968,0.007526750817564659,0.0031076196720882785,0.0017848101012830815,0.0007982945946997686,0.004256410221901152,0.1015625,0.0024835342055646863,0.150390625,0.5B,16384
21,0,longdoc_16384,longdoc,16384,9.704060527839234,14.864621909754668,21.100837483688828,2.1107383450337704,28.000372829959254,13.446716352420466,2.7351394044087844,22.651460843839306,0.0996109860016886,-40.38253438472748,13.664442025125027,3.818285642681356e-05,0.9999974687687989,0.0392156862745098,0.587171974714941,3.547462803973807,0.9695738939317624,0.656817121165122,0.6930316490544255,0.7287383819812658,0.1947169303894043,0.036351919174194336,0.5589768090631347,0.10112577111219809,0.05283719049983924,0.03892603533217738,0.02285943049851544,0.012491779619221793,0.007627505564892643,0.003465571279961011,0.040463996191672805,0.1015625,0.0267786751198645,0.150390625,0.5B,16384
21,1,longdoc_16384,longdoc,16384,9.704060527839234,15.815008877099103,21.100837483688828,2.1107383450337704,28.000372829959254,13.446716352420466,2.7351394044087844,22.651460843839306,0.0996109860016886,-64.2348104454577,1.5969112701714039,0.5562462110122667,0.8165955826238293,0.0392156862745098,0.6043772894820072,4.553389752418565,0.98781023982254,0.4168499050613167,0.4991029418733667,0.6174506349997109,0.014303982257843018,0.07098650932312012,0.23546473417019456,0.004940939760066836,0.05715783143589502,0.033841785535003964,0.01618663263114889,0.007178467626197136,0.003595761566414133,0.0012150651161544437,0.13221601527804072,0.1015625,0.0818878154587212,0.150390625,0.5B,16384
21,2,longdoc_16384,longdoc,16384,9.704060527839234,15.971729623919996,21.100837483688828,2.1107383450337704,28.000372829959254,13.446716352420466,2.7351394044087844,22.651460843839306,0.0996109860016886,-64.21920499391854,7.0232535768300295,0.014203737686068212,0.9983984516544143,0.0392156862745098,0.5458739447775587,3.965792288729179,0.9825021045552551,0.5489938622612782,0.5902749884272435,0.6430730405235054,0.08235514163970947,0.054759979248046875,0.46820301787368657,0.008976950701632305,0.049839070064731095,0.04750451998373685,0.021605636172030946,0.009468751348688402,0.005019977085809261,0.0017749300842157761,0.16125613967891275,0.1015625,0.11907944273255373,0.150390625,0.5B,16384
21,3,longdoc_16384,longdoc,16384,9.704060527839234,15.449357220478877,21.100837483688828,2.1107383450337704,28.000372829959254,13.446716352420466,2.7351394044087844,22.651460843839306,0.0996109860016886,-60.20657820254564,3.2522240225225687,0.2919297410908414,0.936943676325729,0.0392156862745098,0.613535152815833,4.913002410168408,0.981896545511237,0.377638878269243,0.45297270913318466,0.551256950212802,0.07846856117248535,0.02118384838104248,0.2261733623898346,0.012428279375976355,0.07112850019297783,0.05055340673777431,0.024216468007927407,0.011337662998651906,0.0061555519992713015,0.0021904105182471148,0.11311953711032219,0.1015625,0.0865059269024622,0.150390625,0.5B,16384
21,4,longdoc_16384,longdoc,16384,9.704060527839234,14.88471540365743,21.100837483688828,2.1107383450337704,28.000372829959254,13.446716352420466,2.7351394044087844,22.651460843839306,0.0996109860016886,-59.817399833351374,7.618205415084958,0.009669596852418695,0.9989849525080953,0.0392156862745098,0.6158566284704535,3.637289069145563,0.9724155806654374,0.6208680852202844,0.6414246923400968,0.6716441602183872,0.16141986846923828,0.013422958552837372,0.5756272631918437,0.011010303952159718,0.08562936330554526,0.059077645113989274,0.029701750669163383,0.012737560944801836,0.0068418148172478465,0.0025546007795959566,0.10334214895955025,0.1015625,0.08170545232015815,0.150390625,0.5B,16384
21,5,longdoc_16384,longdoc,16384,9.704060527839234,16.092816048438458,21.100837483688828,2.1107383450337704,28.000372829959254,13.446716352420466,2.7351394044087844,22.651460843839306,0.0996109860016886,-63.1284941509366,5.253098975867033,0.11896533347890166,0.9819410701442145,0.0392156862745098,0.6570026188855066,4.078283990100413,0.9770619364185773,0.5368147914481601,0.5793127660303525,0.6338159033635888,0.04236257076263428,0.03641784191131592,0.4724983918353009,0.00653735709241283,0.07796782687746424,0.055871987639784286,0.02531982610864109,0.011888274770770889,0.006760381525735588,0.002746266564118683,0.1512495789552634,0.1015625,0.11436242565732274,0.150390625,0.5B,16384
21,6,longdoc_16384,longdoc,16384,9.704060527839234,15.74535247185916,21.100837483688828,2.1107383450337704,28.000372829959254,13.446716352420466,2.7351394044087844,22.651460843839306,0.0996109860016886,-64.92623546812683,1.873551475815475,0.5160605336993884,0.8472817355047005,0.0392156862745098,0.6226653815394175,4.064175160213413,0.9868853241852449,0.5246021782709758,0.578337518461136,0.656995646355793,0.24853229522705078,0.039492785930633545,0.3928117783203154,0.008144456787296406,0.055118787472822214,0.033628391842926375,0.014522527921787346,0.0059927081021126484,0.0031496818861089797,0.0010853901817160286,0.1451745269405579,0.1015625,0.10224392130507225,0.150390625,0.5B,16384
21,7,longdoc_16384,longdoc,16384,9.704060527839234,20.454335636594443,19.98692233747402,1.6627763843639611,24.922521715532596,12.104210288364097,3.5346664787096946,22.252153860275104,0.24885533376863636,-39.85918179899454,14.930864818394184,7.208843813308748e-06,0.9999995602528011,0.0392156862745098,0.6519284179209497,0.7459776541986435,0.998809198727504,0.9474222582504108,0.9606040436398656,0.9718920770139173,0.1643049716949463,0.06878089904785156,0.9028274206237394,0.054804046272190224,0.061892093546389464,0.03508527965582341,0.015121926583403883,0.007034029374923402,0.003895716201291788,0.0014177828376070111,0.023096799176059665,0.1015625,0.013870034150667015,0.150390625,0.5B,16384
21,8,longdoc_16384,longdoc,16384,9.704060527839234,16.90899180154516,19.98692233747402,1.6627763843639611,24.922521715532596,12.104210288364097,3.5346664787096946,22.252153860275104,0.24885533376863636,-61.08562061563134,4.742608051747084,0.11383399428490998,0.9823699777831464,0.0392156862745098,0.5509944822132514,5.137519233864867,0.988031396344197,0.2373292645105604,0.3364425197077507,0.4908234793527683,0.015016108751296997,0.06506484746932983,0.07041503790278109,0.003009502917430646,0.07944202213798873,0.038054643168493274,0.017286566538146274,0.007445131867406172,0.003600100093078447,0.0007411945697598906,0.09744637735341287,0.1015625,0.07002186180918656,0.150390625,0.5B,16384
21,9,longdoc_16384,longdoc,16384,9.704060527839234,19.89633140007116,19.98692233747402,1.6627763843639611,24.922521715532596,12.104210288364097,3.5346664787096946,22.252153860275104,0.24885533376863636,-28.674912601709366,17.157828956842422,6.570535361346227e-07,0.9999999646266212,0.0392156862745098,0.5461782324913671,2.02365719541962,0.9936294745888159,0.8667815745137633,0.883505626340771,0.9020737385787241,0.06067848205566406,0.06408929824829102,0.19489758550860115,0.6722368087064704,0.04407600585796503,0.02902853480169246,0.014020755122558515,0.006356216382847123,0.00349493806064607,0.0012752644259389466,0.03380192338265071,0.1015625,0.020205256342394846,0.150390625,0.5B,16384
21,10,longdoc_16384,longdoc,16384,9.704060527839234,16.788422195557963,19.98692233747402,1.6627763843639611,24.922521715532596,12.104210288364097,3.5346664787096946,22.252153860275104,0.24885533376863636,-55.971648417413235,2.9329156950116158,0.3904503077904261,0.9187955242722917,0.0392156862745098,0.6948972381893779,4.700160158904996,0.9699974816615301,0.4463170951817462,0.48619419887501686,0.5443498356001395,0.03664720058441162,0.002152681350708008,0.3864620232650034,0.0034062937888730063,0.2578181103461849,0.15534043587521779,0.06840555797253409,0.03144419853300291,0.019455858586292812,0.008512180664877,0.4038301576268406,0.1015625,0.3144485724833195,0.150390625,0.5B,16384
21,11,longdoc_16384,longdoc,16384,9.704060527839234,19.48265619925791,19.98692233747402,1.6627763843639611,24.922521715532596,12.104210288364097,3.5346664787096946,22.252153860275104,0.24885533376863636,-62.427972516044974,3.1821942385286093,0.2926171144646381,0.9436881577034173,0.0392156862745098,0.6649836641269369,4.399245993326856,0.9791804805240891,0.47579451732293493,0.5138380398075652,0.5714508937123425,0.14264950156211853,0.07520470023155212,0.417170242943333,0.003820442141568677,0.2444039193369911,0.1317446239537029,0.0551873135512265,0.019842334096566844,0.007884525766054909,0.0021874451904770587,0.4584072158046477,0.1015625,0.3501342508551541,0.150390625,0.5B,16384
21,12,longdoc_16384,longdoc,16384,9.704060527839234,16.359879428552134,19.98692233747402,1.6627763843639611,24.922521715532596,12.104210288364097,3.5346664787096946,22.252153860275104,0.24885533376863636,-22.18722179159522,18.096765961498022,4.6594971184260707e-07,0.9999999770389275,0.0392156862745098,0.6414613590712729,3.872430157363265,0.9776560750220852,0.6471790145969304,0.7116391369182357,0.7534193756463985,0.1898350715637207,0.15444374084472656,0.38140779191923224,0.34269796251804147,0.12986447598778264,0.09131592336730941,0.04880371030193246,0.025743353655975625,0.015824582342640975,0.006824029110949051,0.06740265536149034,0.1015625,0.04888302318469154,0.150390625,0.5B,16384
21,13,longdoc_16384,longdoc,16384,9.704060527839234,16.851725596640968,19.98692233747402,1.6627763843639611,24.922521715532596,12.104210288364097,3.5346664787096946,22.252153860275104,0.24885533376863636,-56.23384939599782,2.6965947886928916,0.28308345354882514,0.9312054271568999,0.0392156862745098,0.7091827489225172,4.771442120376216,0.969843732951264,0.43342702797186455,0.47136171688474693,0.5299588986098803,0.06781811267137527,0.007275134325027466,0.3729379420186424,0.004577024673930511,0.2872690149783054,0.17828156024997965,0.08707275883852891,0.03506250847784114,0.016583532060795644,0.005899900215270121,0.4950126792117894,0.1015625,0.37365929583483476,0.150390625,0.5B,16384
22,0,longdoc_16384,longdoc,16384,9.704060527839234,15.360084255370504,18.40266187990339,2.032795386328735,23.472410195420014,11.397295438579869,4.7741670621009575,30.53781249210055,0.40033403171033954,69.28897910565138,11.808637164533138,9.604561537049204e-05,0.999992522006727,0.0392156862745098,0.4112446270000742,6.592181616904153,0.9386678236972754,0.1860511113956651,0.25782125933367156,0.3364789145700094,0.27440401911735535,0.005632340908050537,0.013785841928673385,0.2599508074563671,0.3201874412392133,0.203864503360789,0.11079328398997162,0.05579863826844466,0.037179426470472135,0.01724293226522252,0.12121474876836338,0.1015625,0.08803023112756793,0.150390625,0.5B,16384
22,1,longdoc_16384,longdoc,16384,9.704060527839234,14.189033486343225,18.40266187990339,2.032795386328735,23.472410195420014,11.397295438579869,4.7741670621009575,30.53781249210055,0.40033403171033954,38.524062112905085,0.6505544865503907,0.766772182986186,0.6432317140867544,0.0392156862745098,0.4780679497819374,7.299674398002585,0.9167306614151326,0.07877743216049804,0.10716089339673922,0.15529864135202814,0.02676522731781006,0.009874343872070312,0.026471360509219912,0.01730142364415036,0.8555549901280415,0.5439875762404457,0.2572933830368008,0.10950762946204462,0.06238554135166304,0.024625535757186484,0.11145845562299003,0.1015625,0.08209967614513247,0.150390625,0.5B,16384
22,2,longdoc_16384,longdoc,16384,9.704060527839234,12.37938197898928,18.40266187990339,2.032795386328735,23.472410195420014,11.397295438579869,4.7741670621009575,30.53781249210055,0.40033403171033954,17.841506124474108,2.6897450857795775,0.8031523048069225,0.8177926693605132,0.0392156862745098,0.42052256570147745,7.180518859717362,0.9175978999988075,0.09601351320160349,0.13978477377491785,0.1982043540141823,0.0021896958351135254,0.0190618634223938,0.02790276616380649,0.022751420512351274,0.7832394557253275,0.5710663855138466,0.2901611399015698,0.1349012027459772,0.07766228889639168,0.030272830615155708,0.10505730309619558,0.1015625,0.10570718401285063,0.150390625,0.5B,16384
22,3,longdoc_16384,longdoc,16384,9.704060527839234,14.33567973640564,18.40266187990339,2.032795386328735,23.472410195420014,11.397295438579869,4.7741670621009575,30.53781249210055,0.40033403171033954,50.064370173960924,0.7301256656646729,0.9057359002609594,0.6215575088342459,0.0392156862745098,0.5162014036610415,6.926944312963025,0.9251518765636259,0.1378721546630375,0.1848274451433381,0.2529213601773318,0.30400407314300537,0.017257750034332275,0.01658208525943166,0.018854179852943072,0.7721633722649893,0.5217197844444307,0.24201360994932458,0.11503635163331424,0.0690745948446983,0.029831784985429356,0.14554103920436484,0.1015625,0.07701657718143988,0.150390625,0.5B,16384
22,4,longdoc_16384,longdoc,16384,9.704060527839234,17.616076408586054,18.40266187990339,2.032795386328735,23.472410195420014,11.397295438579869,4.7741670621009575,30.53781249210055,0.40033403171033954,80.75976197421551,15.136860772967339,5.74154386933019e-06,0.9999996514924614,0.0392156862745098,0.43570393101695265,6.218109356256664,0.9577334347797275,0.21351212577790285,0.30640538979513854,0.39674283854765807,0.04011940956115723,0.05328226089477539,0.018613258048748162,0.23988222902900302,0.2434764909805701,0.1538215413797641,0.07359861456921277,0.035762113836354505,0.02002950704802021,0.008186103205227417,0.09654263804904419,0.1015625,0.06677425907027662,0.150390625,0.5B,16384
22,5,longdoc_16384,longdoc,16384,9.704060527839234,14.534178668914535,18.40266187990339,2.032795386328735,23.472410195420014,11.397295438579869,4.7741670621009575,30.53781249210055,0.40033403171033954,37.96199809387326,2.024279400706291,0.5751589441496596,0.8428741043810222,0.0392156862745098,0.45908563376978556,7.078540404738248,0.9297561683193883,0.08550808720267958,0.13004226567940674,0.1889187948242612,0.02244269847869873,0.0008158683776855469,0.01973393323098831,0.01849343517998706,0.5111469286311761,0.43266915008004275,0.19984749427236836,0.0951735982616394,0.05552376412532295,0.021246686482141945,0.10660970777856964,0.1015625,0.10044399137600675,0.150390625,0.5B,16384
22,6,longdoc_16384,longdoc,16384,9.704060527839234,11.925747683615604,18.40266187990339,2.032795386328735,23.472410195420014,11.397295438579869,4.7741670621009575,30.53781249210055,0.40033403171033954,35.47725958377123,6.638435399159789,0.016426770023468186,0.9979380934874781,0.0392156862745098,0.4563618227479088,7.158943175468732,0.9129062496431721,0.11605009834324047,0.1628578656447172,0.22544815379149605,0.008279204368591309,0.020097315311431885,0.046315548834404405,0.1039284209426163,0.2626904027764565,0.2181044145642457,0.16411686811228832,0.09745397751522787,0.06660747807935777,0.03224399117727699,0.13126265159148578,0.1015625,0.10261207723193666,0.150390625,0.5B,16384
22,7,longdoc_16384,longdoc,16384,9.704060527839234,13.745301078799447,16.290470633807093,1.8380043227066283,21.671674129267508,10.921511959988859,4.612193741164525,30.22066640669829,0.4012170851023741,21.109169223345816,3.6010306691750884,0.22876474832649757,0.9540618555441112,0.0392156862745098,0.3887656286795063,6.850436517887518,0.9384437729711386,0.11955322631232612,0.1840549025403061,0.25850077535832583,0.055888831615448,0.021835550665855408,0.008385037433677151,0.04466737042710378,0.49275355082559885,0.3871235646705481,0.17566424676889825,0.08231296495636807,0.045089740015488884,0.015934632112545203,0.07993301535071803,0.1015625,0.06267915512684484,0.150390625,0.5B,16384
22,8,longdoc_16384,longdoc,16384,9.704060527839234,14.210843640101903,16.290470633807093,1.8380043227066283,21.671674129267508,10.921511959988859,4.612193741164525,30.22066640669829,0.4012170851023741,38.834149319678545,13.618757765740156,1.7815234980262246e-05,0.9999987824299773,0.0392156862745098,0.31466247334519615,6.6115491382626175,0.930918676370079,0.21676959147425212,0.2867471287612281,0.35413080545648545,0.17234289646148682,0.06604588031768799,0.01097837038001399,0.3195883440131557,0.2272297388757581,0.15021688932669752,0.09734280902733353,0.05776076188814084,0.04045846473731025,0.01912601186671912,0.1897313686726407,0.1015625,0.13627194825426203,0.150390625,0.5B,16384
22,9,longdoc_16384,longdoc,16384,9.704060527839234,13.986696983010013,16.290470633807093,1.8380043227066283,21.671674129267508,10.921511959988859,4.612193741164525,30.22066640669829,0.4012170851023741,9.784244578331709,0.6083225444890559,0.9548455164374609,0.5965207975603682,0.0392156862745098,0.34455494745530796,6.78904855545159,0.9378370555234969,0.12033674855051806,0.18006961865319432,0.26500740895340597,0.03467808663845062,0.029226690530776978,0.00968114710808741,0.025294921423632794,0.6771750825255746,0.40911737793431296,0.19956063116587316,0.09171517229350923,0.050895010630227284,0.01768335148133731,0.07072620468797552,0.1015625,0.06205407829330384,0.150390625,0.5B,16384
22,10,longdoc_16384,longdoc,16384,9.704060527839234,13.436638970844923,16.290470633807093,1.8380043227066283,21.671674129267508,10.921511959988859,4.612193741164525,30.22066640669829,0.4012170851023741,14.705555949360132,3.4664013334549963,0.20511837522548787,0.9593828302582293,0.0392156862745098,0.37865096694516814,7.061799278724821,0.9276448575340758,0.09527190143077338,0.15272038948171038,0.21521347684949024,0.07599504664540291,0.007980257272720337,0.009435832919385729,0.033151914658231356,0.544839572351214,0.4747056499014572,0.22840149210206975,0.09953469461570653,0.055596435420510654,0.020580624269505778,0.11114484440980699,0.1015625,0.08350146281385987,0.150390625,0.5B,16384
22,11,longdoc_16384,longdoc,16384,9.704060527839234,12.946577458112776,16.290470633807093,1.8380043227066283,21.671674129267508,10.921511959988859,4.612193741164525,30.22066640669829,0.4012170851023741,8.136582276783884,2.184642648207955,0.6750818019995459,0.824251007716646,0.0392156862745098,0.3470148548591994,6.578857399636259,0.9486533016081046,0.1224603714631482,0.18469824503411975,0.2751884098205155,0.11933320760726929,0.052602946758270264,0.008462486528024083,0.01717487192022031,0.5359649416380684,0.3118149759284389,0.148965923972261,0.0694315872704138,0.039563772030232036,0.014431317871916014,0.07740244937491333,0.1015625,0.0511102855280711,0.150390625,0.5B,16384
22,12,longdoc_16384,longdoc,16384,9.704060527839234,14.369127724400492,16.290470633807093,1.8380043227066283,21.671674129267508,10.921511959988859,4.612193741164525,30.22066640669829,0.4012170851023741,11.314943240955472,2.3101927135139704,0.3105969912231078,0.9088917587906264,0.0392156862745098,0.4050599090890762,5.967904974250731,0.9656340501044147,0.2470119710387952,0.32637654293097407,0.4318461470122173,0.008205682039260864,0.011059671640396118,0.05009906723257206,0.20910405842827212,0.15454559767701506,0.12500240261826143,0.08027515981862351,0.03571228468466856,0.019463312157117035,0.005974378311325222,0.07249856328421765,0.1015625,0.06023861690054759,0.150390625,0.5B,16384
22,13,longdoc_16384,longdoc,16384,9.704060527839234,13.870527560587707,16.290470633807093,1.8380043227066283,21.671674129267508,10.921511959988859,4.612193741164525,30.22066640669829,0.4012170851023741,12.396316591650248,1.4059827905148268,0.8609147062015653,0.7342679503808279,0.0392156862745098,0.35972906295161555,6.453964206155039,0.945978084386793,0.14457676406205067,0.2152535378559827,0.3197445023278893,0.023725152015686035,0.00907764583826065,0.009187503352329618,0.015077660468954264,0.45393717151758006,0.32070087494094873,0.1614295812214067,0.0816601292360414,0.048861276561661726,0.018389888804762385,0.05870888799267429,0.1015625,0.04180327571901392,0.150390625,0.5B,16384
23,0,longdoc_16384,longdoc,16384,9.704060527839234,11.482821319381777,22.33213544080957,1.9095457876660618,28.197379772390953,11.38080904249085,3.0288575918379617,20.372126909958826,0.15308924168279556,5.411792296916246,11.178713424131274,0.0003580058066814827,0.999971928076366,0.0392156862745098,0.17463811099088802,6.628545036191639,0.9315207670247971,0.18691268115730433,0.2511398076357603,0.32986073104473385,0.057715147733688354,0.09850448369979858,0.032544885682773576,0.19445636629233268,0.16498285368716897,0.12799029977956325,0.07686692590169163,0.046454148831297525,0.031355412180661284,0.015148712284645016,0.046271509041617497,0.1015625,0.03446008402743606,0.150390625,0.5B,16384
23,1,longdoc_16384,longdoc,16384,9.704060527839234,33.924041710477205,22.33213544080957,1.9095457876660618,28.197379772390953,11.38080904249085,3.0288575918379617,20.372126909958826,0.15308924168279556,80.0692101418972,42.00944045186043,1.4630451818398589e-08,0.9999999999989999,0.0392156862745098,0.2965246656468369,0.001933443896713142,0.9999389280275255,0.9999966418263683,0.9999988431110928,0.9999995477858419,0.6416430473327637,0.14842653274536133,9.361339274391699e-10,0.9999978030927013,5.11203515443691e-08,1.549890111198077e-08,2.4137015730073303e-09,3.3519645586701863e-10,7.824240282281616e-11,7.911077368908526e-12,5.2834655055176774e-08,0.1015625,2.096879670667936e-08,0.150390625,0.5B,16384
23,2,longdoc_16384,longdoc,16384,9.704060527839234,14.751440644627124,22.33213544080957,1.9095457876660618,28.197379772390953,11.38080904249085,3.0288575918379617,20.372126909958826,0.15308924168279556,20.579434394836426,11.023317620158195,0.0002006880564435306,0.9999834200657867,0.0392156862745098,0.18242268858443136,5.9074048174697715,0.9612812190245754,0.28438650130694815,0.357598586993365,0.44978187783588297,0.13310879468917847,0.0036242008209228516,0.00040848761470733627,0.11145987906231583,0.26335950796430097,0.1710008525405113,0.07911100436744632,0.03399021054481128,0.017241590188145754,0.005410121342240685,0.03813008456894608,0.1015625,0.04063123651777396,0.150390625,0.5B,16384
23,3,longdoc_16384,longdoc,16384,9.704060527839234,11.85156533214363,22.33213544080957,1.9095457876660618,28.197379772390953,11.38080904249085,3.0288575918379617,20.372126909958826,0.15308924168279556,41.12788136815652,3.178211926948279,0.18366751797700828,0.9582020317969729,0.0392156862745098,0.41520887750176566,7.36129694406507,0.901008850392849,0.09755469913204314,0.1412694995029063,0.1955978631303058,0.029110385105013847,0.1448200736194849,0.02034130786883451,0.06147709250063934,0.2847046377216878,0.22587783277591944,0.13780000236907242,0.08059581883788064,0.05026882173552062,0.02214527507069736,0.08163245588191413,0.1015625,0.07310143407118005,0.150390625,0.5B,16384
23,4,longdoc_16384,longdoc,16384,9.704060527839234,17.48965668866434,22.33213544080957,1.9095457876660618,28.197379772390953,11.38080904249085,3.0288575918379617,20.372126909958826,0.15308924168279556,39.1072206646204,23.99627260863781,1.5909640528210897e-08,0.9999999999482083,0.0392156862745098,0.2714029834843149,0.7481461210856997,0.9985427643430662,0.9641339695765982,0.969079570493085,0.9747370492177817,0.2676107883453369,0.019397258758544922,0.00018370238523653012,0.970142848724179,0.011972508211779023,0.007812004571840772,0.00336085766490386,0.001308963143333178,0.00062615170023203,0.0001881184023180097,0.00802431626648755,0.1015625,0.005225079645338567,0.150390625,0.5B,16384
23,5,longdoc_16384,longdoc,16384,9.704060527839234,11.862819372486502,22.33213544080957,1.9095457876660618,28.197379772390953,11.38080904249085,3.0288575918379617,20.372126909958826,0.15308924168279556,-49.08899599313736,5.460548754781485,0.035936925614200824,0.9946903917602353,0.0392156862745098,0.0014071854476241227,6.400147743455058,0.9440566113040132,0.21823673833873555,0.28537577710158085,0.3645287240943011,0.12802338600158691,0.05880534648895264,0.08632733256037119,0.12205802168254462,0.21184211842306203,0.15989037082350335,0.104256748387898,0.0599120033278033,0.03446884204003386,0.011387577653339639,0.14736528822579592,0.1015625,0.11886076965564044,0.150390625,0.5B,16384
23,6,longdoc_16384,longdoc,16384,9.704060527839234,15.144795665149653,22.33213544080957,1.9095457876660618,28.197379772390953,11.38080904249085,3.0288575918379617,20.372126909958826,0.15308924168279556,12.206359088420868,22.53124724328518,1.8758935493777365e-08,0.999999999824499,0.0392156862745098,0.19874652364045794,3.6407527510507105,0.9847237037625949,0.6858400032092759,0.7287033624286844,0.7703539093724084,0.21021783351898193,0.004862308502197266,0.050474732408191406,0.6729348994717409,0.08004087188239524,0.05273514333318457,0.026683498919145423,0.01209470042423154,0.0062227397843027344,0.0020858918046629013,0.06687600293525543,0.1015625,0.052269250640145634,0.150390625,0.5B,16384
23,7,longdoc_16384,longdoc,16384,9.704060527839234,12.867657701485905,15.851114072798046,1.536187533644798,20.788552177269676,10.691921599896318,4.245968436355245,23.737422965890474,0.38518648325012206,3.7069955717306584,2.3901940535288304,0.5701102501151282,0.8481478866579065,0.0392156862745098,0.3241828259310915,5.456069367762097,0.9748348417008766,0.24864211763423294,0.3434013622632247,0.4725395731223937,0.025773853063583374,0.05774050951004028,0.004320733193513251,0.0065724942131830996,0.17472334959383737,0.11184775422747745,0.058482888313411106,0.03275703170975617,0.020570000668587097,0.008778229578974275,0.0632874858954463,0.1015625,0.05067916412674847,0.150390625,0.5B,16384
23,8,longdoc_16384,longdoc,16384,9.704060527839234,12.128970417829676,15.851114072798046,1.536187533644798,20.788552177269676,10.691921599896318,4.245968436355245,23.737422965890474,0.38518648325012206,15.151045717298985,0.6147530304733664,0.858539490210329,0.6221815212153353,0.0392156862745098,0.34539218641937897,7.311795994952343,0.9047645084865903,0.09238342379517939,0.14471650344717676,0.20020326642570788,0.08319719508290291,0.10362504608929157,0.018682008646470172,0.042161164171171696,0.6197349936898879,0.5541544129062737,0.31686328053979085,0.17394569450213673,0.10642696611476725,0.044867422003281025,0.09847511930260412,0.1015625,0.09048530454158173,0.150390625,0.5B,16384
23,9,longdoc_16384,longdoc,16384,9.704060527839234,12.05424077658096,15.851114072798046,1.536187533644798,20.788552177269676,10.691921599896318,4.245968436355245,23.737422965890474,0.38518648325012206,26.223110070452094,3.9824270042590797,0.1927545013375257,0.9650136186884811,0.0392156862745098,0.3920441365825854,7.417187673820571,0.9035430137116738,0.07289265898462795,0.11217874000086824,0.16309537410157154,0.08857751823961735,0.016715824604034424,0.012680044095344048,0.030755791804083506,0.754359205711525,0.6020515288476403,0.3056591812320404,0.14817239982387856,0.0894434744041916,0.041752742979671,0.11814375193168025,0.1015625,0.09639819615726221,0.150390625,0.5B,16384
23,10,longdoc_16384,longdoc,16384,9.704060527839234,12.54058577117659,15.851114072798046,1.536187533644798,20.788552177269676,10.691921599896318,4.245968436355245,23.737422965890474,0.38518648325012206,16.81172162364237,0.20642169727943838,0.8285230540487765,0.5363194240285903,0.0392156862745098,0.3348888678381006,6.704312036436248,0.9377179901936394,0.14745862228154444,0.20949132003782459,0.2861577614315319,0.009642565622925758,0.13097184896469116,0.009538220990640502,0.032093532311965475,0.6501606873801216,0.37719704087750144,0.18073879861541617,0.08954628633307296,0.0546636076805692,0.023053504200175223,0.07440445975286479,0.1015625,0.06841020745779977,0.150390625,0.5B,16384
23,11,longdoc_16384,longdoc,16384,9.704060527839234,12.766761974283162,15.851114072798046,1.536187533644798,20.788552177269676,10.691921599896318,4.245968436355245,23.737422965890474,0.38518648325012206,54.3244951851666,1.9789400827139616,0.5806072209187518,0.8302733735596255,0.0392156862745098,0.5314414038200149,7.6378423961461355,0.8825881570188367,0.06601344835071016,0.1014817803003911,0.14607122464818242,0.018736332654953003,0.003099098801612854,0.017033525001231925,0.03513548598067871,0.7400249871752546,0.6449126172289289,0.3542459317290723,0.19304710305527603,0.12025643743406945,0.05001970559705074,0.13581100914872235,0.1015625,0.11902574253268558,0.150390625,0.5B,16384
23,12,longdoc_16384,longdoc,16384,9.704060527839234,14.606443396607258,15.851114072798046,1.536187533644798,20.788552177269676,10.691921599896318,4.245968436355245,23.737422965890474,0.38518648325012206,10.31038561463356,1.554688851814717,0.523232092806669,0.8178980575335112,0.0392156862745098,0.37258316274437814,4.703827038602947,0.98844844012161,0.38505101475658854,0.5343858230884094,0.6835725848183599,0.06949859857559204,0.028484702110290527,0.0030654462943204707,0.0031587448599743055,0.10466098442521905,0.062301309664781285,0.02361015753985983,0.009806547839536819,0.005098490605043394,0.00179568617810342,0.05557907038452216,0.1015625,0.04634536706176314,0.150390625,0.5B,16384
23,13,longdoc_16384,longdoc,16384,9.704060527839234,12.095205454148774,15.851114072798046,1.536187533644798,20.788552177269676,10.691921599896318,4.245968436355245,23.737422965890474,0.38518648325012206,13.460121972486377,1.3518486637622118,0.6275676484719134,0.7744131288353657,0.0392156862745098,0.31801986749037947,7.344754902164282,0.9090625796105561,0.08415991342891777,0.1276763626853358,0.18335661071983914,0.15722817182540894,0.012162894010543823,0.015241644230163772,0.043043839903195824,0.37459690597085327,0.3225126422551052,0.2143504949527194,0.12006987098416565,0.0763035894089707,0.03457642774982501,0.11637059714886773,0.1015625,0.10296155969967126,0.150390625,0.5B,16384
0,0,needle_16384_d50,needle,16384,9.704060527839234,60.32689335311011,250.42569764982642,0.3298445030766705,251.52695789139608,0.20371535113664482,0.05191523712898113,0.3972160155901852,0.05973684394235829,1368.5076868981123,24.29236851632595,1.533918489425639e-08,0.9999999999708071,0.0392156862745098,0.09210681034967856,2.91840736994876,0.9987524919861523,0.7631833758689944,0.8710068376279688,0.9436286531713437,0.11371064186096191,0.035059452056884766,1.0135855626593881e-15,0.9688980424626394,0.004738762618552813,0.000863175654079495,8.128849852901138e-05,7.008586497596992e-06,8.474983437953632e-07,4.2104564503984536e-08,2.3076197586262463e-05,0.1015625,3.2142095226394405e-06,0.150390625,0.5B,16384
0,1,needle_16384_d50,needle,16384,9.704060527839234,52.24214241045282,250.42569764982642,0.3298445030766705,251.52695789139608,0.20371535113664482,0.05191523712898113,0.3972160155901852,0.05973684394235829,4465.437975279987,19.23262781649828,1.3023968149781232e-07,0.9999999943616924,0.0392156862745098,0.3514952284663273,0.010668870419807136,0.9999386386222582,0.999950379725679,0.9999863412026034,0.9999973234235775,0.05350816249847412,0.13562250137329102,1.3462324409014522e-65,0.9996642658360501,2.0535306382937564e-09,7.611640828501678e-12,1.6015664161619337e-15,5.517038705212407e-16,6.978677816998456e-16,8.809577209315613e-16,6.090193671249532e-15,0.1015625,4.267529520738287e-16,0.150390625,0.5B,16384
0,2,needle_16384_d50,needle,16384,9.704060527839234,58.98867632169839,250.42569764982642,0.3298445030766705,251.52695789139608,0.20371535113664482,0.05191523712898113,0.3972160155901852,0.05973684394235829,3875.553844600916,2.9645386338233948,0.47379266435529144,0.8976713457797233,0.0,0.26325407661875416,7.388863281185179,0.9232855484972624,0.03757586410670078,0.06471673400119995,0.10925262633397423,0.06025981903076172,0.008550167083740234,1.5654472300240438e-05,0.00012782758315598399,0.33303801416657364,0.2244596298221343,0.06432813661976507,0.017145241778775067,0.00548677431840251,3.793902083261756e-05,0.018780548787253982,0.101806640625,0.003378548270738686,0.150634765625,0.5B,16384
0,3,needle_16384_d50,needle,16384,9.704060527839234,57.99852694909915,250.42569764982642,0.3298445030766705,251.52695789139608,0.20371535113664482,0.05191523712898113,0.3972160155901852,0.05973684394235829,2739.326689004898,2.8409793078899384,0.359919889212345,0.9180717601211648,0.0,0.19120165693988558,7.008592424416583,0.9446408343270134,0.07361994945155267,0.11267874389198644,0.16739719748132215,0.018912315368652344,0.023954391479492188,0.006241765438951679,0.00043616164856649436,0.0829544990031126,0.052833068337360206,0.026625005548939516,0.007516815279685202,0.002385748417347759,0.0007247185085556036,0.00851458951171841,0.101806640625,0.0036198465169147882,0.150634765625,0.5B,16384
0,4,needle_16384_d50,needle,16384,9.704060527839234,27.414644328107325,250.42569764982642,0.3298445030766705,251.52695789139608,0.20371535113664482,0.05191523712898113,0.3972160155901852,0.05973684394235829,918.2694201814011,6.101123242639005,0.023371020164452822,0.9968240353625174,0.0392156862745098,0.14487656296874324,2.9621445163822835,0.9991205372386417,0.6601766652336917,0.9098261345745942,0.987067888035042,0.0690235048532486,0.1672818511724472,8.415233562752795e-27,0.4240902059408233,1.2640877043103899e-05,9.824715879219277e-07,8.92611319332792e-09,8.40480287837348e-11,4.216451359264779e-12,4.6342729340317254e-14,0.00013006927983760856,0.1015625,9.378922652387642e-07,0.150390625,0.5B,16384
0,5,needle_16384_d50,needle,16384,9.704060527839234,23.29830631436371,250.42569764982642,0.3298445030766705,251.52695789139608,0.20371535113664482,0.05191523712898113,0.3972160155901852,0.05973684394235829,1174.8955476172268,2.84556080494076,0.4917755514094055,0.8808624529111362,0.0392156862745098,0.2295941661141564,1.887138747655578,0.9996823784862833,0.9700649630998873,0.9955213472302669,0.9998190778346486,0.7464990615844727,0.16890835762023926,6.452077334309836e-22,0.3877506581010201,1.3589357049940826e-07,5.2764031224225386e-09,2.7465615998903184e-11,1.347807716440097e-13,3.2802389586707106e-15,2.488645259718197e-15,0.00026474661624815087,0.1015625,0.0002510358628636574,0.150390625,0.5B,16384
0,6,needle_16384_d50,needle,16384,9.704060527839234,59.75023077876322,250.42569764982642,0.3298445030766705,251.52695789139608,0.20371535113664482,0.05191523712898113,0.3972160155901852,0.05973684394235829,4063.116814158857,8.878213457763195,0.0014864061982969089,0.9998525300982407,0.0392156862745098,0.2724460067827341,5.208841093103925,0.9865078883672365,0.3002904575930153,0.42151569636155123,0.5358050738657372,0.05496478080749512,0.13011384010314941,5.898535702901007e-07,0.5816056786364016,0.05605403032015313,0.02931128756509233,0.009153283260920235,0.002263045232319685,0.0009397459076164079,0.0002690727292495385,0.0013907321004224611,0.1015625,0.00038828026248789743,0.150390625,0.5B,16384
0,7,needle_16384_d50,needle,16384,9.704060527839234,33.71477729084535,268.82860857669925,0.8282094552901461,270.4674487898592,0.21195554620883805,0.045180672961176185,0.3060827681927407,0.20360141683808147,1060.9170439988375,8.328707296401262,0.002252295632487611,0.9997585712973198,0.0392156862745098,0.13581617194425405,0.3856654843737395,0.9999206343558917,0.9982043246211519,0.9997237949858216,0.9999753132203278,0.4927530288696289,0.8212447166442871,3.170131851033785e-22,0.00011894967076518122,5.047937562759285e-08,1.3778213835293252e-09,2.9788997486770074e-12,2.3788578302542974e-14,1.7882629888878906e-15,1.6292217625051362e-15,1.284789282160613e-07,0.1015625,1.1695606115086201e-07,0.150390625,0.5B,16384
0,8,needle_16384_d50,needle,16384,9.704060527839234,129.89880691761314,268.82860857669925,0.8282094552901461,270.4674487898592,0.21195554620883805,0.045180672961176185,0.3060827681927407,0.20360141683808147,2831.112369706854,18.58921787329018,3.040985450004321e-07,0.9999999853969128,0.0,0.08282131599728361,3.4724176144847836,0.997389210701017,0.5736950058393617,0.7235219232341248,0.8238210013789068,0.08087491989135742,0.26495230197906494,0.027722223224027284,3.430498854726875e-09,0.04107277493266496,0.003800278780435083,4.6308581367090493e-05,1.2136193980439515e-06,2.417258721956067e-07,2.3491858401875533e-08,0.003437885186584861,0.101806640625,2.1676368568057873e-05,0.150634765625,0.5B,16384
0,9,needle_16384_d50,needle,16384,9.704060527839234,59.852781316012404,268.82860857669925,0.8282094552901461,270.4674487898592,0.21195554620883805,0.045180672961176185,0.3060827681927407,0.20360141683808147,328.3233143016696,35.0049489364028,1.4630469638266035e-08,0.9999999999989992,0.0392156862745098,0.02339067870157507,1.3948485030346311,0.9997104160980614,0.9215109140350694,0.9769053287746103,0.9954214806582037,0.20996928215026855,0.07428848743438721,1.4049080940994476e-17,0.9861372003670813,6.490323957065868e-05,4.2229202131564175e-06,8.106955680647504e-08,3.673971092552638e-09,6.238061016184273e-10,4.4891672504775804e-11,3.2714473793273625e-07,0.1015625,1.5819127816757419e-07,0.150390625,0.5B,16384
0,10,needle_16384_d50,needle,16384,9.704060527839234,63.81780195874208,268.82860857669925,0.8282094552901461,270.4674487898592,0.21195554620883805,0.045180672961176185,0.3060827681927407,0.20360141683808147,1260.0593413095921,0.4573954399675131,1.3678185754023238,0.4566668266760871,0.0392156862745098,0.07437705357273497,7.950305522751285,0.8620648840027233,0.02858906450998495,0.04807565787830714,0.07796646919789035,0.05157551169395447,0.002366974949836731,2.42420781418984e-06,0.029742620443606066,0.3203843175236529,0.20776907452461654,0.10508098170898203,0.050841048786102176,0.03403506222636921,0.017629405728861725,0.06943583098823831,0.1015625,0.031218095250423454,0.150390625,0.5B,16384
0,11,needle_16384_d50,needle,16384,9.704060527839234,55.26714500168286,268.82860857669925,0.8282094552901461,270.4674487898592,0.21195554620883805,0.045180672961176185,0.3060827681927407,0.20360141683808147,1288.115331016481,19.06972141377628,1.72083820653279e-07,0.9999999922872554,0.0392156862745098,0.08923754451769104,2.165065051159684,0.9986517545458712,0.8441842515307689,0.8866093381650707,0.9259472868768017,0.020077109336853027,0.16364240646362305,1.551953234053577e-21,0.9138882443271261,0.011942462684693539,0.0033408024402315044,0.0002868484549705433,4.040571378905267e-05,1.2470885652236244e-05,2.320634334591128e-06,0.00015570124847320393,0.1015625,5.698405978081617e-05,0.150390625,0.5B,16384
0,12,needle_16384_d50,needle,16384,9.704060527839234,67.65733079636854,268.82860857669925,0.8282094552901461,270.4674487898592,0.21195554620883805,0.045180672961176185,0.3060827681927407,0.20360141683808147,1525.898809209466,4.279302194714546,0.11736857552863897,0.9787616594998636,0.0196078431372549,0.0861591144571466,4.032790264605829,0.9962511753553761,0.49235437173520213,0.6130346134780372,0.7267394384747654,0.19102072715759277,0.05280780792236328,0.16793552887114074,4.520245930705337e-09,0.02056654433521339,0.0017658892167119172,4.861354178745288e-06,5.5126766887966805e-09,2.1411421500611793e-09,6.248697720318105e-10,1.1521497853592398e-08,0.101806640625,4.034788277331332e-09,0.150390625,0.5B,16384
0,13,needle_16384_d50,needle,16384,9.704060527839234,55.18016643767301,268.82860857669925,0.8282094552901461,270.4674487898592,0.21195554620883805,0.045180672961176185,0.3060827681927407,0.20360141683808147,1216.4750627279282,20.47140608727932,5.453661288404429e-08,0.9999999981862937,0.0392156862745098,0.0846890180059515,2.221384880729767,0.9985402956296714,0.858349703267399,0.9001264349930822,0.9339714357701769,0.25240397453308105,0.03229713439941406,1.288654680279612e-10,0.8944844926925725,0.011875887328598251,0.004282606876394317,0.0008251211673215878,0.0001987123041862878,7.620550551771947e-05,1.7826412483617106e-05,0.0010202426736824512,0.1015625,0.0006093682848098082,0.150390625,0.5B,16384
1,0,needle_16384_d50,needle,16384,9.704060527839234,16.40724440694524,24.032461044264558,1.6516331446990038,28.89603184909375,2.0363032707016266,0.6518945192810723,2.8992544826121582,0.3126785569281908,43.248477809131145,14.5377699136734,7.682066411400998e-06,0.9999995085516232,0.0392156862745098,0.3014353413865819,1.4550499953217957,0.9972265508528164,0.9167202941720451,0.9331902266390734,0.9491250771011112,0.04197883605957031,0.07548809051513672,0.0001937729312118404,0.9132109984178594,0.024462861787334873,0.015694376968112662,0.006748033514664774,0.002662486321193192,0.0012099387290372251,0.00028971908809163503,0.02077611902416722,0.1015625,0.015274396223786317,0.150390625,0.5B,16384
1,1,needle_16384_d50,needle,16384,9.704060527839234,10.595033595998155,24.032461044264558,1.6516331446990038,28.89603184909375,2.0363032707016266,0.6518945192810723,2.8992544826121582,0.3126785569281908,25.211283542215824,13.642400242388248,1.775733865034001e-05,0.9999987934839589,0.0392156862745098,0.252627202381043,4.372149235489243,0.9728390800998378,0.5808898238121945,0.6633970275689666,0.7342135503015206,0.3525395393371582,0.029551029205322266,0.00040786006632488397,0.6884420518631421,0.13009471236013592,0.09853508644835277,0.0593750543100287,0.034968079189374286,0.023352831852276847,0.011610479440461386,0.08153735704592495,0.1015625,0.06518451582369574,0.150390625,0.5B,16384
1,2,needle_16384_d50,needle,16384,9.704060527839234,11.022189809804306,24.032461044264558,1.6516331446990038,28.89603184909375,2.0363032707016266,0.6518945192810723,2.8992544826121582,0.3126785569281908,30.127884628251195,23.225858595222235,1.808000543750631e-08,0.9999999998580313,0.0392156862745098,0.25852772853713124,3.1051543538185244,0.9840835435249559,0.7416934499024226,0.8060403898427121,0.8467008864895508,0.08617913722991943,0.06880193948745728,8.681485662083163e-05,0.8381165847514056,0.08020201742944348,0.05790611982086852,0.03317670132874055,0.01886154926534961,0.012336014261623281,0.005922391242785681,0.040638240678229444,0.1015625,0.031142782460999035,0.150390625,0.5B,16384
1,3,needle_16384_d50,needle,16384,9.704060527839234,11.831017960551614,24.032461044264558,1.6516331446990038,28.89603184909375,2.0363032707016266,0.6518945192810723,2.8992544826121582,0.3126785569281908,-9.205383811146021,9.50466513261199,0.0007919592128107608,0.9999249090896128,0.0392156862745098,0.061752526594695496,6.331678109472815,0.9095397001716156,0.2924210599043563,0.35129299057345104,0.42099184431139225,0.1996093988418579,0.002554178237915039,0.0005381819982829598,0.4547899558862448,0.26699183913477076,0.19941268650382107,0.14753810274972254,0.09619420442031068,0.06884982766535276,0.03861552932450535,0.09887784079486128,0.1015625,0.08166978647281323,0.150390625,0.5B,16384
1,4,needle_16384_d50,needle,16384,9.704060527839234,12.2373834859661,24.032461044264558,1.6516331446990038,28.89603184909375,2.0363032707016266,0.6518945192810723,2.8992544826121582,0.3126785569281908,38.91476209461689,19.70609423518181,7.203703303166786e-08,0.9999999972277758,0.0392156862745098,0.23007771919039702,3.699356206303346,0.9869984406089093,0.6859194352691761,0.7558297399417827,0.8190616728463972,0.5626034736633301,0.03737974166870117,5.495738455051952e-05,0.828482979094006,0.06850703464435097,0.04333674737259304,0.02264220633104909,0.012379155851586984,0.007592426262000105,0.0034294103851099655,0.02598097086129916,0.1015625,0.018727189105754747,0.150390625,0.5B,16384
1,5,needle_16384_d50,needle,16384,9.704060527839234,10.924555540973492,24.032461044264558,1.6516331446990038,28.89603184909375,2.0363032707016266,0.6518945192810723,2.8992544826121582,0.3126785569281908,7.660858858376741,10.41104381158948,0.0003447477697099362,0.999969829100639,0.0392156862745098,0.11539111247929211,5.867509796261611,0.9504229417994948,0.2536532178033355,0.36820201504677513,0.5061977199512607,0.02349114418029785,0.03128862380981445,0.00011117575778102896,0.5364341952917133,0.07360139016003885,0.06074875129891778,0.04762381873208898,0.032188820785658656,0.02293540538305896,0.012924137868108627,0.02790165438641874,0.1015625,0.024352244167439002,0.150390625,0.5B,16384
1,6,needle_16384_d50,needle,16384,9.704060527839234,14.40335288882427,24.032461044264558,1.6516331446990038,28.89603184909375,2.0363032707016266,0.6518945192810723,2.8992544826121582,0.3126785569281908,57.0197968930006,22.833882078528404,1.9100512659500452e-08,0.9999999998145213,0.0392156862745098,0.34721457785274035,0.8696864557340367,0.9985276182223434,0.9558851459306547,0.9671517347457426,0.9753736280145625,0.2591050863265991,0.09271526336669922,5.5521953974072036e-06,0.9664900067221228,0.010774887082488308,0.007390603817471704,0.003552784902926714,0.0016108322002333063,0.0008554095141135728,0.00029909377196173846,0.008329835410626877,0.1015625,0.005570976395921175,0.150390625,0.5B,16384
1,7,needle_16384_d50,needle,16384,9.704060527839234,18.9469121513273,207.87466345231132,0.5158394569742805,209.42724538336873,2.799273156483042,0.23000903481356566,3.7038332231352307,0.03320185136065227,2754.4370996057987,5.970378339290619,0.017966688231975687,0.9974357251737985,0.0392156862745098,0.7029348551807194,6.045235409991925,0.9415213031315038,0.22351191928752706,0.3384514173960459,0.4663613998378539,0.003264904022216797,0.004207730293273926,3.055214594136773e-05,0.5139320399544343,0.03490533378682445,0.023784683270342485,0.015560624107977978,0.01262733611862273,0.01005145572615029,0.006395134296889581,0.015606708703920764,0.1015625,0.011689738702634794,0.150390625,0.5B,16384
1,8,needle_16384_d50,needle,16384,9.704060527839234,14.306612020210078,207.87466345231132,0.5158394569742805,209.42724538336873,2.799273156483042,0.23000903481356566,3.7038332231352307,0.03320185136065227,352.7024519070983,31.090892009437084,1.4632075259500507e-08,0.9999999999989411,0.0392156862745098,0.1371746444790347,1.8197128331049028,0.9993374846950683,0.974958245655762,0.9812969791269754,0.9861644895208385,1.2250890731811523,0.04578965902328491,6.5907917268784745e-12,0.9792387207073052,0.0018627578026229016,0.0009108879434122493,0.00024270421756695048,5.917304633074494e-05,2.3097961565091205e-05,5.070566400996501e-06,0.0006586088150472052,0.1015625,0.00035985130600542077,0.150390625,0.5B,16384
1,9,needle_16384_d50,needle,16384,9.704060527839234,17.264179352181788,207.87466345231132,0.5158394569742805,209.42724538336873,2.799273156483042,0.23000903481356566,3.7038332231352307,0.03320185136065227,713.960370959714,26.8603732008487,1.4723386096372627e-08,0.9999999999955704,0.0392156862745098,0.2233551086522713,0.4947771073622606,0.9997722438170991,0.9850163522444068,0.9887934821304528,0.9930533609860838,0.11161923408508301,0.004140377044677734,3.4749112247795657e-12,0.9870437930336631,0.0009421005510460279,0.0003632973267895244,7.626857895823989e-05,1.4926190392530893e-05,4.233948993897653e-06,6.194077458247878e-07,0.0003574704737490711,0.1015625,0.00016523020816820526,0.150390625,0.5B,16384
1,10,needle_16384_d50,needle,16384,9.704060527839234,10.841929576998318,207.87466345231132,0.5158394569742805,209.42724538336873,2.799273156483042,0.23000903481356566,3.7038332231352307,0.03320185136065227,978.2136391252279,22.70623342692852,1.7914742562429006e-08,0.9999999998603557,0.0392156862745098,0.4404782786906215,3.83771098990051,0.9932780450304652,0.5167283611640904,0.7572464337208558,0.8799000302705218,0.11347556114196777,0.18581819534301758,5.813536985072912e-10,0.91767558962277,0.0036385275314031714,0.002350136916888882,0.0011077547609123384,0.0005632818914269662,0.0002783265958129538,7.931005903976978e-05,0.0007882914328221631,0.1015625,0.00040323947340438276,0.150390625,0.5B,16384
1,11,needle_16384_d50,needle,16384,9.704060527839234,13.265176907038038,207.87466345231132,0.5158394569742805,209.42724538336873,2.799273156483042,0.23000903481356566,3.7038332231352307,0.03320185136065227,1198.483324751258,15.795268774032593,2.3373527391214404e-06,0.9999998617584198,0.0392156862745098,0.4443328974702249,3.3159332913128,0.995752703693133,0.6939894172181325,0.7934019844943523,0.8728920977782368,0.009688615798950195,0.0046710968017578125,5.260502536769095e-09,0.9166397955722976,0.005710564875538814,0.003327985712505844,0.0014731593858493034,0.0007079877678198492,0.00041550851817734053,0.00017846043512805633,0.0010741047797556311,0.1015625,0.0006818714360653696,0.150390625,0.5B,16384
1,12,needle_16384_d50,needle,16384,9.704060527839234,21.721017696152934,207.87466345231132,0.5158394569742805,209.42724538336873,2.799273156483042,0.23000903481356566,3.7038332231352307,0.03320185136065227,3176.9294703155756,4.804407104849815,0.04855113245509328,0.9917484843544669,0.0392156862745098,0.7082751187584453,6.902541601304355,0.9168502890634007,0.13155346910131305,0.1997235441108471,0.27816071716573987,0.10942840576171875,0.042714595794677734,3.1676828057800456e-05,0.2886162669660002,0.0327736046875973,0.02914068030256055,0.021868933792614457,0.016002149914567915,0.012111643216062395,0.007102007311822568,0.02077175922250478,0.1015625,0.01423993310391383,0.150390625,0.5B,16384
1,13,needle_16384_d50,needle,16384,9.704060527839234,20.799900204620844,207.87466345231132,0.5158394569742805,209.42724538336873,2.799273156483042,0.23000903481356566,3.7038332231352307,0.03320185136065227,3077.7369351536036,4.467341527342796,0.06320194178729363,0.9885464712910964,0.0392156862745098,0.716167878728574,6.26521468719844,0.9403215464717892,0.18307142668749105,0.2769569892705798,0.38792831277978296,0.06206536293029785,0.0022745132446289062,1.0649797855323209e-05,0.4524600800197057,0.01678111822953834,0.012532152278774916,0.008036588989215976,0.005955094017415374,0.00523211653933438,0.003936590193704603,0.009671077431711377,0.1015625,0.007905094025321358,0.150390625,0.5B,16384
2,0,needle_16384_d50,needle,16384,9.704060527839234,12.32295032448524,63.701265208149955,1.2472942357460661,67.52753972645003,2.460776649605182,0.2906750895108163,5.436600980758978,0.11941305801633613,111.65975134819746,19.625919423997402,8.401647729505899e-08,0.9999999966723012,0.0392156862745098,0.23312487461199402,1.2794122861584345,0.9993467250313611,0.9623436930209106,0.9729823526728159,0.9811534466901953,0.05557656288146973,0.02573084831237793,5.134905864481923e-08,0.9683742798452267,0.005107694640217094,0.0024478892898332854,0.0007346670046538639,0.00021801227265599995,8.699772392808097e-05,2.034296058395231e-05,0.0015217781570273019,0.1015625,0.0007390597928189907,0.150390625,0.5B,16384
2,1,needle_16384_d50,needle,16384,9.704060527839234,10.203582849788964,63.701265208149955,1.2472942357460661,67.52753972645003,2.460776649605182,0.2906750895108163,5.436600980758978,0.11941305801633613,148.7214617319405,27.235133197158575,1.4670726220147734e-08,0.9999999999975142,0.0392156862745098,0.2567910343381948,3.1860198027459297,0.9982996386692109,0.663370157162497,0.8732525858108274,0.9525885937666391,0.21370857954025269,0.027576029300689697,8.390717692836875e-09,0.969010057277319,0.00521896251088251,0.0022549392638962482,0.0007821364218378824,0.00020728919746083863,9.044205253651142e-05,2.184447083693486e-05,0.00035879359688871954,0.1015625,0.00016516004024138783,0.150390625,0.5B,16384
2,2,needle_16384_d50,needle,16384,9.704060527839234,13.103106017682377,63.701265208149955,1.2472942357460661,67.52753972645003,2.460776649605182,0.2906750895108163,5.436600980758978,0.11941305801633613,214.43499110639095,1.3185754269361496,0.5192061283601687,0.7885811189989843,0.0392156862745098,0.3198539009431018,3.2169147665063367,0.9968295328668373,0.7140351138219478,0.8186624106085285,0.8859745350996403,0.03467881679534912,0.25954604148864746,3.651146662787577e-10,0.3462707732362306,0.026798436428608487,0.012766212171948229,0.0032563492871067507,0.0009662454250610893,0.00039483326491069134,9.617997435796383e-05,0.002058859922942156,0.1015625,0.0010373478797950303,0.150390625,0.5B,16384
2,3,needle_16384_d50,needle,16384,9.704060527839234,10.412300731365308,63.701265208149955,1.2472942357460661,67.52753972645003,2.460776649605182,0.2906750895108163,5.436600980758978,0.11941305801633613,165.93531546741724,22.82250863313675,1.7572372419216375e-08,0.9999999998754185,0.0392156862745098,0.348002435574326,1.1012271071880928,0.9990415829395477,0.9578086747200412,0.9680797569381374,0.9772399070527332,0.41689378023147583,0.06114451587200165,3.991726750993776e-07,0.9646846979368091,0.007479941078770367,0.0041486895741013035,0.0015267555453325305,0.0005655590386067216,0.00026495157374646855,8.086011505507505e-05,0.0019209423815979138,0.1015625,0.001162804488218795,0.150390625,0.5B,16384
2,4,needle_16384_d50,needle,16384,9.704060527839234,10.12055943976863,63.701265208149955,1.2472942357460661,67.52753972645003,2.460776649605182,0.2906750895108163,5.436600980758978,0.11941305801633613,223.67426574602723,22.989226903766394,1.7372194288084952e-08,0.9999999998855891,0.0392156862745098,0.40757906854282905,4.473953882371532,0.973053460098832,0.5842372370126503,0.6602012771526365,0.7098117653145706,0.22719094157218933,0.22821947932243347,1.2926574297378409e-05,0.6799483003129041,0.125516277609631,0.08440724631727574,0.04155463436055951,0.02192966080961129,0.013222547466046,0.006363870636647984,0.08577326410844922,0.1015625,0.06442207990119363,0.150390625,0.5B,16384
2,5,needle_16384_d50,needle,16384,9.704060527839234,6.357570487071169,63.701265208149955,1.2472942357460661,67.52753972645003,2.460776649605182,0.2906750895108163,5.436600980758978,0.11941305801633613,171.93603762425482,8.73317553754896,0.0016521473255332972,0.9998324755645981,0.0392156862745098,0.4604648706620552,7.156119008984822,0.8845028944356789,0.13635133465058608,0.21296989880522815,0.2921885632480972,0.025149479508399963,0.004132451489567757,1.3794122581736239e-05,0.31558047337850215,0.18677970104525413,0.14382868421965217,0.09901501657229879,0.06446406967747834,0.047208060593432445,0.02824948003619968,0.044811774315655147,0.1015625,0.03297693220661021,0.150390625,0.5B,16384
2,6,needle_16384_d50,needle,16384,9.704060527839234,10.25771246394285,63.701265208149955,1.2472942357460661,67.52753972645003,2.460776649605182,0.2906750895108163,5.436600980758978,0.11941305801633613,125.73646223172545,25.511971328407526,1.509543321763492e-08,0.9999999999814657,0.0392156862745098,0.2648782465896484,2.211529692157534,0.998129199335831,0.9132425679495624,0.9443265061310048,0.9606166645809825,0.2461709976196289,0.06513547897338867,7.93020675746047e-08,0.9437191313810841,0.013847938302486965,0.00781498138190317,0.0027372445892099454,0.0009960531907224183,0.0004742635233526121,0.00013461221315043257,0.0031295360842201357,0.1015625,0.001543067531284085,0.150390625,0.5B,16384
2,7,needle_16384_d50,needle,16384,9.704060527839234,11.295432308615425,117.24009593770153,1.6914608329094707,123.23016303483382,2.534477446875391,1.0113363090191547,4.450786999617049,0.1817327675022298,297.1033649966121,16.664279229938984,1.0625980731677393e-06,0.9999999409496908,0.0392156862745098,0.2633728959566822,2.023858959674788,0.9963673929574276,0.8291800087634906,0.8698785188274767,0.9147158983763249,0.01863771677017212,0.005139768123626709,3.83943958966021e-06,0.8671427249606959,0.033553528418077246,0.019810918624310753,0.007887516643635717,0.0029548270973453407,0.0013930720441009481,0.0004230000198785954,0.014464671761249069,0.1015625,0.009054215593590343,0.150390625,0.5B,16384
2,8,needle_16384_d50,needle,16384,9.704060527839234,11.615937884706533,117.24009593770153,1.6914608329094707,123.23016303483382,2.534477446875391,1.0113363090191547,4.450786999617049,0.1817327675022298,197.66152937710285,19.017992481589317,1.2549490884607539e-07,0.9999999944684086,0.0392156862745098,0.18106045603027815,2.2283441920094815,0.9962772235393231,0.849006132443324,0.8852280826989418,0.9191583294337001,0.10151094198226929,0.10112005472183228,8.994434539713973e-07,0.8927230395636084,0.028729474517593334,0.016361039642193834,0.006311297934854503,0.002373249142975423,0.001176244752580141,0.0003963395607510747,0.013170238806856686,0.1015625,0.007941550776604562,0.150390625,0.5B,16384
2,9,needle_16384_d50,needle,16384,9.704060527839234,11.746971795286347,117.24009593770153,1.6914608329094707,123.23016303483382,2.534477446875391,1.0113363090191547,4.450786999617049,0.1817327675022298,335.6641951277852,15.549413077533245,2.956286086269767e-06,0.9999998225591291,0.0392156862745098,0.2765120436581277,4.372632878143022,0.9841763208782912,0.5047702123569597,0.6187583321348548,0.728902899639429,0.005811333656311035,0.022098064422607422,2.5921309099524196e-05,0.5987335267228708,0.1405956989209186,0.08949130945115372,0.04389255485853452,0.02010104686015762,0.011901890945072878,0.005001374489394668,0.12635032525505874,0.1015625,0.09194374011469755,0.150390625,0.5B,16384
2,10,needle_16384_d50,needle,16384,9.704060527839234,10.669990565864268,117.24009593770153,1.6914608329094707,123.23016303483382,2.534477446875391,1.0113363090191547,4.450786999617049,0.1817327675022298,260.55737317726016,20.415561508387327,5.711668592668564e-08,0.9999999980496339,0.0392156862745098,0.23137833400969887,3.891615938152456,0.994816702544539,0.551529967229856,0.7154601124972565,0.8264325214368217,0.024557113647460938,0.10773316025733948,2.1123603527715926e-07,0.6980316949174541,0.0674047712010652,0.03831052006038378,0.015310065644859929,0.004510669876552543,0.0019206057003942178,0.0005538044320052404,0.011388895311294913,0.1015625,0.005556732142624987,0.150390625,0.5B,16384
2,11,needle_16384_d50,needle,16384,9.704060527839234,10.894032671746876,117.24009593770153,1.6914608329094707,123.23016303483382,2.534477446875391,1.0113363090191547,4.450786999617049,0.1817327675022298,370.6280781030655,19.558161724358797,1.2369266021382688e-07,0.9999999947590914,0.0392156862745098,0.3191160928002109,4.124540426394677,0.9916872942828963,0.5097350201461904,0.6604195067948888,0.7792992788757106,0.035969167947769165,0.12655198574066162,9.941003353075501e-06,0.6388221893836628,0.0852374143855216,0.05218103866923318,0.02240944835543515,0.00914004038030828,0.005129688824943825,0.0018275795294352192,0.05557979721903286,0.1015625,0.03472936886550983,0.150390625,0.5B,16384
2,12,needle_16384_d50,needle,16384,9.704060527839234,10.986209113938731,117.24009593770153,1.6914608329094707,123.23016303483382,2.534477446875391,1.0113363090191547,4.450786999617049,0.1817327675022298,257.8932182714343,17.374192856252193,5.420094217287772e-07,0.9999999713503892,0.0392156862745098,0.23440849290078822,3.1611463526608636,0.9931762691302568,0.7289943526305964,0.8042732390957263,0.8575783317054494,0.19846418499946594,0.038736939430236816,5.108194004546855e-06,0.797372989836803,0.05435327472007954,0.02990695850084952,0.012006510148763382,0.004991832132283312,0.0025950028071789746,0.0008996463281578478,0.027283008635461056,0.1015625,0.020424258846857113,0.150390625,0.5B,16384
2,13,needle_16384_d50,needle,16384,9.704060527839234,7.83602861482659,117.24009593770153,1.6914608329094707,123.23016303483382,2.534477446875391,1.0113363090191547,4.450786999617049,0.1817327675022298,443.10406534560025,12.182744501158595,7.063331542459391e-05,0.9999947009862201,0.0392156862745098,0.49989043899620644,7.098672768967012,0.879229255827605,0.16398301233168128,0.2367287096397824,0.3185426828202206,0.07068699598312378,0.004158675670623779,0.00023579472592746278,0.2849242067723614,0.6892974956091775,0.4926226899295711,0.255105351629802,0.16972570303395512,0.11712765312495713,0.06335541983069123,0.1402491968902404,0.1015625,0.10181732412334704,0.150390625,0.5B,16384
3,0,needle_16384_d50,needle,16384,9.704060527839234,23.094543883524523,22.920289819969135,2.5183225346408387,30.998685747405588,3.9596428660275267,0.63509571176978,5.5131644428620925,0.0451861939784709,-89.66062232479453,3.0038669630885124,0.20567001167577842,0.950959936427365,0.0392156862745098,0.5216041042089842,2.5591278715635783,0.9993715992742943,0.8273867280044085,0.9420961314429548,0.992175521317992,0.17391204833984375,0.09151351451873779,0.01965983833781076,0.14697315834891692,0.0002832827333950563,0.00011154512490852278,2.0330822413878383e-05,3.4159172974406847e-06,9.178693544430984e-07,1.279407835261653e-07,0.0004155063571023632,0.1015625,0.00010069104463179932,0.150390625,0.5B,16384
3,1,needle_16384_d50,needle,16384,9.704060527839234,15.501366110942763,22.920289819969135,2.5183225346408387,30.998685747405588,3.9596428660275267,0.63509571176978,5.5131644428620925,0.0451861939784709,-21.36049123108387,37.79795962572098,1.4630452831945887e-08,0.9999999999989999,0.0392156862745098,0.48386724608662895,2.3616509115720516,0.9989091141318368,0.8914556174488588,0.9822152331711054,0.9867929778001943,0.22242826223373413,0.3626617193222046,0.06343504904101521,0.9225417744399659,0.0025551089313457596,0.001492285782003302,0.0005883593809725947,0.0002286471154466931,0.00011316927141221513,3.504727731532843e-05,0.002386375506262046,0.1015625,0.001638414379055506,0.150390625,0.5B,16384
3,2,needle_16384_d50,needle,16384,9.704060527839234,16.79439866375247,22.920289819969135,2.5183225346408387,30.998685747405588,3.9596428660275267,0.63509571176978,5.5131644428620925,0.0451861939784709,-31.190283440053463,44.46170987188816,1.463045180548444e-08,0.9999999999989999,0.0392156862745098,0.4992007130484741,2.1887161948393388,0.9986111316099238,0.8407462984153894,0.9472588026360599,0.9730260668775742,0.13093149662017822,0.08022177219390869,0.5193634032698992,0.4433590921045246,0.009851497171897388,0.006087454760925007,0.002571816457812657,0.0010328386147760323,0.0005073015973315593,0.0001672663314759216,0.0069488022636538995,0.1015625,0.00443989502134369,0.150390625,0.5B,16384
3,3,needle_16384_d50,needle,16384,9.704060527839234,12.873355516404411,22.920289819969135,2.5183225346408387,30.998685747405588,3.9596428660275267,0.63509571176978,5.5131644428620925,0.0451861939784709,-18.40458170475904,4.431020405492745,0.0673294487317707,0.9878711330078248,0.0392156862745098,0.5033418452714015,5.803814470458233,0.9710869421784024,0.24057603412617842,0.3083604682097521,0.4021018132141239,0.026178553700447083,0.0048951879143714905,0.14232992410782286,0.3211637540562717,0.0821402023284546,0.03854559797654122,0.015087756237642106,0.005738649066960616,0.0029939994824889765,0.0011168764765969066,0.011541425621097232,0.1015625,0.007552655633785276,0.150390625,0.5B,16384
3,4,needle_16384_d50,needle,16384,9.704060527839234,24.026367873441572,22.920289819969135,2.5183225346408387,30.998685747405588,3.9596428660275267,0.63509571176978,5.5131644428620925,0.0451861939784709,-65.92969618737698,15.249131374061108,3.889133864689809e-06,0.9999997615547018,0.0392156862745098,0.5228111809461622,1.1306716925548983,0.9996061351714354,0.9614482509240538,0.9753528415594702,0.9847569722954871,0.20096784830093384,0.15672975778579712,0.7425030721093243,0.2163417555157587,0.006383732222587577,0.002506927643778862,0.0005276623648083444,0.00011121553813033718,3.75565518600705e-05,6.512706618311265e-06,0.014503157856944851,0.1015625,0.011919523224297929,0.150390625,0.5B,16384
3,5,needle_16384_d50,needle,16384,9.704060527839234,26.33558857206263,22.920289819969135,2.5183225346408387,30.998685747405588,3.9596428660275267,0.63509571176978,5.5131644428620925,0.0451861939784709,-122.61239203069272,13.019655421339849,3.626527317004301e-05,0.9999974896125019,0.0,0.47997566179161383,5.676180499048572,0.986226297290238,0.08479980115297321,0.14917055828294948,0.246838470393042,0.002474665641784668,0.07878983020782471,0.004759965237659853,0.0003682714844575403,0.004500816966247156,0.0004185023161857356,6.566588518800776e-05,1.1331563595275831e-05,1.002977516318963e-06,4.3887862578180486e-08,0.040312431813881285,0.101806640625,0.02677321715046931,0.150634765625,0.5B,16384
3,6,needle_16384_d50,needle,16384,9.704060527839234,16.550362019747237,22.920289819969135,2.5183225346408387,30.998685747405588,3.9596428660275267,0.63509571176978,5.5131644428620925,0.0451861939784709,3.9206577613949776,23.46860284730792,1.6197428231942986e-08,0.9999999999347513,0.0392156862745098,0.4702229888453089,3.287174221364837,0.9983028726067223,0.6115739190011067,0.8088575980511316,0.9358383974340059,0.13124102019355632,0.03411778807640076,0.03369909658561616,0.9342602381229905,0.0016205752263710779,0.0008083016129606244,0.00028835909253002685,0.00011779555329541151,5.589973707976798e-05,1.4920269928454801e-05,0.0010695019264455965,0.1015625,0.0006577550707061405,0.150390625,0.5B,16384
3,7,needle_16384_d50,needle,16384,9.704060527839234,16.60368275106743,33.97899236893899,1.0381332695378949,36.32744139981822,3.205173883601769,0.8678748186767128,5.051575939773117,0.18535301165293816,155.22215123474598,19.826766312122345,6.577299127924554e-08,0.9999999975441378,0.0392156862745098,0.4024548369728915,3.361902753275619,0.9921222737456604,0.6597831467159894,0.6994654886274337,0.7458620852543896,0.01744985580444336,0.032254576683044434,6.91322242709393e-05,0.6517792209870442,0.1510552633668087,0.06743147235914645,0.009701193154769283,0.0011654428896062858,0.00032909953682498,4.90764830174478e-05,0.250633660776719,0.1015625,0.18638429916245955,0.150390625,0.5B,16384
3,8,needle_16384_d50,needle,16384,9.704060527839234,12.349749891165564,33.97899236893899,1.0381332695378949,36.32744139981822,3.205173883601769,0.8678748186767128,5.051575939773117,0.18535301165293816,161.13854083698243,20.47454038541764,6.756077539362443e-08,0.9999999975776603,0.0392156862745098,0.45585831280800815,5.755755753529677,0.9582867763859485,0.3683358722706114,0.42685655814127416,0.490021194021715,0.013441070914268494,0.06354367733001709,0.005985425664521297,0.45104028077963765,0.36334654794033644,0.20451652967402523,0.08857486718615858,0.05732689705656121,0.03478635781177362,0.012432190075565423,0.48221822707361184,0.1015625,0.39029597279096145,0.150390625,0.5B,16384
3,9,needle_16384_d50,needle,16384,9.704060527839234,10.196767307856167,33.97899236893899,1.0381332695378949,36.32744139981822,3.205173883601769,0.8678748186767128,5.051575939773117,0.18535301165293816,38.36243175342679,5.842447001487017,0.020751482344485678,0.9970253164756842,0.0392156862745098,0.1923675179868316,7.911949047461478,0.8089073075822127,0.08613888581836922,0.11931248900587418,0.164661710771362,0.0004897564649581909,0.00040340423583984375,0.04358522248111197,0.08531032302699892,1.33756037335052,1.2206836145608817,0.8603025723380999,0.667223887265684,0.5106354453236494,0.2897095838143861,0.09817845650836163,0.1015625,0.08350353754321821,0.150390625,0.5B,16384
3,10,needle_16384_d50,needle,16384,9.704060527839234,13.170819069382883,33.97899236893899,1.0381332695378949,36.32744139981822,3.205173883601769,0.8678748186767128,5.051575939773117,0.18535301165293816,149.98167936131358,19.20960169658065,1.1500513578207754e-07,0.9999999950805118,0.0392156862745098,0.4793388199630544,3.0816574331767894,0.9894584962314432,0.7007571194146957,0.7254230401265729,0.7608128124239064,0.19655752182006836,0.10162532329559326,0.000345128763278432,0.710787373926516,0.15252312830045076,0.08593272102545749,0.021431888465195597,0.004751417060836453,0.0019016216211714036,0.0005130714775949876,0.18674271677268425,0.1015625,0.13752237667754602,0.150390625,0.5B,16384
3,11,needle_16384_d50,needle,16384,9.704060527839234,13.799119857436319,33.97899236893899,1.0381332695378949,36.32744139981822,3.205173883601769,0.8678748186767128,5.051575939773117,0.18535301165293816,162.74050149694085,17.202195812016726,6.318243140531439e-07,0.999999966114457,0.0392156862745098,0.45724826607709174,3.991254043072342,0.9819567138654773,0.5958390163718904,0.6265771111834068,0.6626688210517436,0.10749214887619019,0.05781149864196777,0.0018906524202256902,0.6174856540223206,0.271307370885271,0.1530662464970059,0.04233471584289937,0.011978591771484604,0.005209771857196611,0.0014557965023747948,0.3433079229938922,0.1015625,0.24779076415798626,0.150390625,0.5B,16384
3,12,needle_16384_d50,needle,16384,9.704060527839234,12.115594273396145,33.97899236893899,1.0381332695378949,36.32744139981822,3.205173883601769,0.8678748186767128,5.051575939773117,0.18535301165293816,153.83709620684385,23.467078983783722,1.820661891692728e-08,0.9999999998553868,0.0392156862745098,0.45282195386995455,6.196292436209689,0.9644300385960022,0.21446363766016466,0.28707532424819937,0.3601265600821718,0.033824384212493896,0.09387624263763428,0.007028781725439577,0.2698261503329532,0.19478088817152292,0.10998258045892133,0.11730290891315222,0.061011227195404465,0.030125754991082686,0.010734860359881191,0.44110137449549447,0.1015625,0.34270208687327536,0.150390625,0.5B,16384
3,13,needle_16384_d50,needle,16384,9.704060527839234,12.006310154904654,33.97899236893899,1.0381332695378949,36.32744139981822,3.205173883601769,0.8678748186767128,5.051575939773117,0.18535301165293816,96.9561260342598,6.84462184458971,0.012441069775963145,0.9984956774452871,0.0392156862745098,0.33077495311479505,6.254630954746595,0.9529529744316201,0.23817050787189295,0.2884104017355858,0.3560793577227475,0.01857692003250122,0.028813719749450684,0.014293366922687454,0.251954638375114,0.3831822579413605,0.2788013873650335,0.1826427413479831,0.10636797203376099,0.06318802436990038,0.023530935129502693,0.5008968686865625,0.1015625,0.39307551880962505,0.150390625,0.5B,16384
4,0,needle_16384_d50,needle,16384,9.704060527839234,26.437429106749885,21.515835465386857,1.1470531470209053,23.931115432277725,3.751338808238527,0.5826393703374381,6.214064860677889,0.10746892506702783,-51.67378323129378,8.065935240825638,0.0028467415100953165,0.9996860228290912,0.0392156862745098,0.6722479124982494,1.2183686044901,0.9997330178263867,0.9780214814204407,0.9895010999723804,0.9934139146799701,0.34111519157886505,0.03786066174507141,0.09475562441859485,0.8756638658359317,0.0008513122815666386,0.0003475831203327131,6.612013159032103e-05,1.2324523878255801e-05,3.970049186030078e-06,6.000391111205894e-07,0.00026477019942840836,0.101806640625,7.297654819175192e-05,0.150634765625,0.5B,16384
4,1,needle_16384_d50,needle,16384,9.704060527839234,22.05974205004617,21.515835465386857,1.1470531470209053,23.931115432277725,3.751338808238527,0.5826393703374381,6.214064860677889,0.10746892506702783,-40.37038677930832,28.800143640488386,1.4639502043643519e-08,0.9999999999986708,0.0392156862745098,0.7399129226941253,1.2118212359438676,0.9988684241234838,0.9522582898861937,0.9758565261034211,0.9845141629739057,0.14940214157104492,0.1388341188430786,0.7650510380403412,0.21975551289152867,0.022726372011497034,0.015173164214241287,0.006933606586657621,0.0029748744069129484,0.0015261623761587285,0.0005001178685346267,0.0072456403364371,0.1015625,0.004340359129611953,0.150390625,0.5B,16384
4,2,needle_16384_d50,needle,16384,9.704060527839234,17.69486946410283,21.515835465386857,1.1470531470209053,23.931115432277725,3.751338808238527,0.5826393703374381,6.214064860677889,0.10746892506702783,-30.67543228343129,11.973129339516163,0.00011514422774069588,0.999991305828891,0.0392156862745098,0.7654198879046197,2.3851524854322137,0.9914561726818826,0.8210186481067685,0.8464646031879204,0.8694981557135907,0.3570401668548584,0.14212557673454285,0.15157286848651652,0.6994298130118785,0.041343615315502846,0.026970984196346318,0.013265830691302815,0.006199050079334651,0.00348944104327809,0.0013762128528289695,0.015601582503825392,0.1015625,0.009764319121966156,0.150390625,0.5B,16384
4,3,needle_16384_d50,needle,16384,9.704060527839234,18.386957345731,21.515835465386857,1.1470531470209053,23.931115432277725,3.751338808238527,0.5826393703374381,6.214064860677889,0.10746892506702783,-30.197773061692715,9.772435389459133,0.0006171645446997103,0.9999428195653521,0.0392156862745098,0.8268365791213946,3.5114744450315514,0.9842344086152023,0.6617889050702118,0.7168239016202466,0.7736010272153172,0.2796027660369873,0.0404818058013916,0.4720251336320462,0.31985465665793206,0.14884066070728522,0.09721997799717867,0.04744692582451748,0.022383733348256867,0.012635124760302095,0.004894796951851122,0.0484648109320435,0.1015625,0.03350971394164162,0.150390625,0.5B,16384
4,4,needle_16384_d50,needle,16384,9.704060527839234,22.19963634231776,21.515835465386857,1.1470531470209053,23.931115432277725,3.751338808238527,0.5826393703374381,6.214064860677889,0.10746892506702783,-11.937237466685474,37.056935728527606,1.4630453964681064e-08,0.9999999999989999,0.0392156862745098,0.7095386983391032,2.695301654116636,0.9988871372744745,0.7612876774619238,0.958300511687368,0.9828930765567301,0.2387545108795166,0.42200028896331787,0.08933928131509702,0.8968047350117672,0.003100936518060507,0.0016971672858630315,0.0005683706581209008,0.0001818964829635064,7.654607432521216e-05,1.9171912622638566e-05,0.0007904729760836604,0.1015625,0.00032825358647242664,0.150390625,0.5B,16384
4,5,needle_16384_d50,needle,16384,9.704060527839234,23.269881513033273,21.515835465386857,1.1470531470209053,23.931115432277725,3.751338808238527,0.5826393703374381,6.214064860677889,0.10746892506702783,-42.49513365607709,22.101092473138124,2.4693407298821864e-08,0.9999999995657274,0.0392156862745098,0.675929592003913,1.8774468938725815,0.9991125986002168,0.9545806228601086,0.9718432383166316,0.978241089401155,0.6203494668006897,0.21105575561523438,0.1992062657057161,0.7619258588894444,0.006659364312499567,0.0033066268117596404,0.0009222625957673939,0.0002684260405483476,0.000112368426596145,2.6398714721096858e-05,0.0017073834952936336,0.1015625,0.0009893500383365468,0.150390625,0.5B,16384
4,6,needle_16384_d50,needle,16384,9.704060527839234,24.843577896577685,21.515835465386857,1.1470531470209053,23.931115432277725,3.751338808238527,0.5826393703374381,6.214064860677889,0.10746892506702783,-62.212260603904724,17.644258907064795,7.079434640407817e-07,0.9999999636959029,0.0392156862745098,0.7130139167316625,1.5158886664316205,0.9994290238355651,0.9741951007720447,0.9834663531777662,0.9874709280888694,0.4374816417694092,0.029583878815174103,0.37761109473621013,0.5937731141152855,0.004088434616779738,0.002113425263905152,0.0006217647288309606,0.00017729986229733454,7.25741134432402e-05,1.717112563953838e-05,0.002257467120348775,0.101806640625,0.0009822712185729165,0.150634765625,0.5B,16384
4,7,needle_16384_d50,needle,16384,9.704060527839234,11.373534799886226,31.250504985685737,1.3125959426118086,35.056003641917926,3.6452599285344234,0.7321934568283921,6.808319449097182,0.10653835518456758,24.717728532850742,0.7986146099865437,1.5758877894746557,0.44523643973251775,0.0392156862745098,0.2464328141604377,5.891554649461968,0.8597473393037809,0.3764785260915929,0.39251056725209243,0.41929538129735433,0.006155252456665039,0.01573413610458374,0.3584843983987939,0.05771465090338993,0.5429897375473257,0.3793260091060732,0.23354435620060582,0.15268839467367934,0.11289435838381245,0.06842359733809258,0.1854548374886367,0.1015625,0.14983132123314086,0.150390625,0.5B,16384
4,8,needle_16384_d50,needle,16384,9.704060527839234,12.971280069477173,31.250504985685737,1.3125959426118086,35.056003641917926,3.6452599285344234,0.7321934568283921,6.808319449097182,0.10653835518456758,145.79846408963203,1.4360450208187103,0.6392125760674844,0.7846149453090858,0.0392156862745098,0.5422213702926971,6.6492025475582395,0.882195337897572,0.2504228641376492,0.29171256708136956,0.3452834702246454,0.10203993320465088,0.018022358417510986,0.18907544703578086,0.13252080429262875,0.3065048596944368,0.21747647089033786,0.15500731568658768,0.11937673824606518,0.09322440017689727,0.058502880362530034,0.09091208537402089,0.1015625,0.06945396097693157,0.150390625,0.5B,16384
4,9,needle_16384_d50,needle,16384,9.704060527839234,13.679293861585995,31.250504985685737,1.3125959426118086,35.056003641917926,3.6452599285344234,0.7321934568283921,6.808319449097182,0.10653835518456758,38.615590155124664,1.397428259253502,1.2392712642963624,0.6483134972911403,0.0392156862745098,0.25494012851777237,6.135977073987032,0.9061935855297802,0.3156761286571777,0.34613344687029046,0.38995004817552037,0.0204617977142334,0.0032788515090942383,0.26753320009745063,0.0330803376199513,0.3171372514407185,0.22073463703218985,0.12439027422472067,0.07596756389361899,0.05187493124826768,0.02850939355588605,0.1538035908455528,0.1015625,0.11180192068914897,0.150390625,0.5B,16384
4,10,needle_16384_d50,needle,16384,9.704060527839234,17.221697740191132,31.250504985685737,1.3125959426118086,35.056003641917926,3.6452599285344234,0.7321934568283921,6.808319449097182,0.10653835518456758,121.66087053716183,11.211288642138243,0.0003851990737770053,0.99996937574399,0.0392156862745098,0.3419762861034287,3.7399707648825573,0.9877981966498861,0.664249621148245,0.7100832371701233,0.7684836156419655,0.059599995613098145,0.03792309761047363,0.18381144453191658,0.5643897628066836,0.05623683790654525,0.03323478433917546,0.014669600953517065,0.0070067581834673655,0.004134401134853478,0.001740202366966292,0.011742296518661963,0.1015625,0.008003349502831932,0.150390625,0.5B,16384
4,11,needle_16384_d50,needle,16384,9.704060527839234,15.917256240344296,31.250504985685737,1.3125959426118086,35.056003641917926,3.6452599285344234,0.7321934568283921,6.808319449097182,0.10653835518456758,87.54251411557198,6.583855152130127,0.014907182658601267,0.9981410611545727,0.0392156862745098,0.24993629747142448,5.698292367906717,0.9807594446815893,0.2007394700431033,0.2781122071699436,0.3854430348381289,0.013197183609008789,0.003493070602416992,0.05620311906322581,0.387919302906411,0.05399540521735167,0.02228767841478578,0.0042335485221094565,0.0019770295178631265,0.0010725308796176666,0.0004241124893391084,0.003489194263701963,0.1015625,0.002713762549579818,0.150390625,0.5B,16384
4,12,needle_16384_d50,needle,16384,9.704060527839234,21.626991648826163,31.250504985685737,1.3125959426118086,35.056003641917926,3.6452599285344234,0.7321934568283921,6.808319449097182,0.10653835518456758,120.0174270272255,14.639037758111954,6.887070188275588e-06,0.9999995607454959,0.0392156862745098,0.3256853521127952,0.8645498898651809,0.9991177462389963,0.974609774213742,0.9795331416807297,0.9833964436248428,0.5910906791687012,0.13212960958480835,0.10896401644659127,0.8537742244218035,0.006550336638782658,0.004035748784358216,0.0017028522862774808,0.0006548368897941413,0.0003073838434727258,8.298328150315675e-05,0.004579442819908219,0.1015625,0.003240379831170462,0.150390625,0.5B,16384
4,13,needle_16384_d50,needle,16384,9.704060527839234,11.123100035475913,31.250504985685737,1.3125959426118086,35.056003641917926,3.6452599285344234,0.7321934568283921,6.808319449097182,0.10653835518456758,23.90569683164358,1.1117287054657936,1.274273936170997,0.5510622450266633,0.0392156862745098,0.1829505926586824,6.517649201624716,0.9462911974213463,0.13526608466222748,0.20378441403133307,0.30004984129123335,0.07689476013183594,0.0007716119289398193,0.03900398608272649,0.17986363251310866,0.09687517897272653,0.056647453708517204,0.027579501116520713,0.018278577836257713,0.013512081464884631,0.008082031235512207,0.017801420630908307,0.1015625,0.011623950160586887,0.150390625,0.5B,16384
5,0,needle_16384_d50,needle,16384,9.704060527839234,22.236682739914855,24.244817552959322,1.4458283209559368,28.18769888797129,4.382158116049168,0.707762506151045,8.014393308884568,0.12441333202626458,-25.440372856333852,1.055937109515071,1.0604943697164912,0.626236347383179,0.0392156862745098,0.4907651467649571,6.350541030664555,0.9547021217351962,0.16573456660686142,0.25042041440200535,0.34332964534576765,0.014824703335762024,0.08062241226434708,0.02948603423706412,0.042305727652904204,0.13227680525590493,0.0803771122077906,0.0406071007424693,0.02422650744021709,0.015529475584585613,0.006701221097791266,0.024212497828374063,0.1015625,0.024291812082391177,0.150390625,0.5B,16384
5,1,needle_16384_d50,needle,16384,9.704060527839234,20.051514638333693,24.244817552959322,1.4458283209559368,28.18769888797129,4.382158116049168,0.707762506151045,8.014393308884568,0.12441333202626458,-30.31042307522148,30.838554528541863,1.4631568803222242e-08,0.9999999999989595,0.0392156862745098,0.5652928161239167,1.8542081582502292,0.999569140998284,0.9436505617027235,0.9877719257292257,0.9942670606078827,0.1182565689086914,0.07430818676948547,0.2066976919027306,0.7891806883904606,0.0010149775854890737,0.0005643026285076838,0.0002122026009693783,7.6534696160273e-05,3.6136483571068484e-05,1.0853867236855748e-05,0.00020352311352859692,0.1015625,0.00012169372773681227,0.150390625,0.5B,16384
5,2,needle_16384_d50,needle,16384,9.704060527839234,19.070254759054507,24.244817552959322,1.4458283209559368,28.18769888797129,4.382158116049168,0.707762506151045,8.014393308884568,0.12441333202626458,-42.34538596495986,0.1403336189687252,1.019404767651305,0.49153270420674894,0.0392156862745098,0.6214667273154307,4.575173438179096,0.987754773081509,0.4013735235823418,0.4941776718497411,0.6152300334088185,0.005626678466796875,0.2150970697402954,0.28311466262771223,0.06456555778565434,0.07480050631466248,0.03649110852976435,0.01281922674744269,0.0042889013462719785,0.002153994239112343,0.0008113936353552747,0.007999101693827358,0.1015625,0.0034599560478374963,0.150390625,0.5B,16384
5,3,needle_16384_d50,needle,16384,9.704060527839234,21.03119329704191,24.244817552959322,1.4458283209559368,28.18769888797129,4.382158116049168,0.707762506151045,8.014393308884568,0.12441333202626458,-33.6140311062336,0.7308169417083263,1.113376047716179,0.5785959457631479,0.0392156862745098,0.5855786426000694,5.527635740379898,0.9801886165312721,0.23085451690929956,0.34783573560872294,0.487905890254543,0.05594072490930557,0.030191361904144287,0.02598138291064581,0.03539542857494128,0.12326505775294934,0.06944943058662378,0.025016156405363428,0.010025961172662516,0.00531329309240312,0.002121298830330411,0.016836775428374983,0.1015625,0.01088110814007756,0.150390625,0.5B,16384
5,4,needle_16384_d50,needle,16384,9.704060527839234,17.42076155863607,24.244817552959322,1.4458283209559368,28.18769888797129,4.382158116049168,0.707762506151045,8.014393308884568,0.12441333202626458,-56.258739463984966,19.69876293465495,1.1824420732062225e-07,0.9999999950361629,0.0392156862745098,0.6104238972806904,0.9787362614752373,0.9991018716226042,0.9754428860799867,0.9807556850552528,0.984204264132605,0.1360558271408081,0.20006084442138672,0.7951070463744326,0.18829559808621915,0.02089615340335205,0.012983663589013563,0.0053868500712979306,0.0022701652892019356,0.0011685258676987413,0.0004004403122578087,0.007365551855480528,0.1015625,0.004762883809990674,0.150390625,0.5B,16384
5,5,needle_16384_d50,needle,16384,9.704060527839234,17.818605969240622,24.244817552959322,1.4458283209559368,28.18769888797129,4.382158116049168,0.707762506151045,8.014393308884568,0.12441333202626458,-50.185379918664694,13.542514104396105,2.3594436578286277e-05,0.9999984242745901,0.0392156862745098,0.6614767976812256,1.2897576585860093,0.9973317983626035,0.9186133864952661,0.9363985732232601,0.9490911129559995,0.1936020851135254,0.09737753868103027,0.7960546132497341,0.13774635064568894,0.06631582127076434,0.04219620552401406,0.018324439928108477,0.007712586898228828,0.004053892233813202,0.0014535598213925589,0.018288232299857307,0.1015625,0.010777070561054569,0.150390625,0.5B,16384
5,6,needle_16384_d50,needle,16384,9.704060527839234,15.394118504095859,24.244817552959322,1.4458283209559368,28.18769888797129,4.382158116049168,0.707762506151045,8.014393308884568,0.12441333202626458,-20.589257158339024,15.248360201716423,4.611334093943463e-06,0.999999723071192,0.0392156862745098,0.5975459124237017,3.204108467096508,0.9907500424158256,0.7623882092885067,0.8047061395385362,0.8419912257871068,0.6825605034828186,0.015155553817749023,0.07982942715501096,0.7492164648390192,0.046893650913622645,0.030582997003722516,0.013759400577225933,0.005599210730660629,0.003095324043456082,0.0012519697197133318,0.009489951313232601,0.1015625,0.005426612423068621,0.150390625,0.5B,16384
5,7,needle_16384_d50,needle,16384,9.704060527839234,15.805897448127403,19.85144876416671,1.7924208368323966,25.25983966181497,3.116412921804005,0.6499657807043699,6.419396278259545,0.14947421842379396,-57.16366699710488,1.6868758387863636,0.8800587563639457,0.744845463687384,0.0392156862745098,0.5759981991257153,2.952302569868058,0.9779445305813292,0.6968425877579907,0.7198524232049538,0.7532761389038508,0.19987154006958008,0.014962434768676758,0.6564717305258778,0.03864764833393103,0.3767102290952795,0.2654290052445448,0.13449806441785853,0.06561424763189935,0.039993045266846355,0.018636557534470133,0.1514698594269772,0.1015625,0.1008877057710497,0.150390625,0.5B,16384
5,8,needle_16384_d50,needle,16384,9.704060527839234,13.721608887231108,19.85144876416671,1.7924208368323966,25.25983966181497,3.116412921804005,0.6499657807043699,6.419396278259545,0.14947421842379396,-31.287500504404306,1.336174976080656,0.7661331175488689,0.7596980707725309,0.0392156862745098,0.41183835670887853,7.1837721318617955,0.9143616347040843,0.09510613022159699,0.1390636073235788,0.2022160395332926,0.008892416954040527,0.07126456499099731,0.039379783919762476,0.015953321552314003,0.2928363747007801,0.19905139428294777,0.08949040844210575,0.05017020300970632,0.031188962037296677,0.016696110656903317,0.03417867801375654,0.1015625,0.025067860428764927,0.150390625,0.5B,16384
5,9,needle_16384_d50,needle,16384,9.704060527839234,24.75890220135058,19.85144876416671,1.7924208368323966,25.25983966181497,3.116412921804005,0.6499657807043699,6.419396278259545,0.14947421842379396,-60.60624172911048,11.404611126112286,0.0001392527410254883,0.9999888009838297,0.0392156862745098,0.5855932112036676,1.0021770071099707,0.9994344890124193,0.9773369322688727,0.9815990555135035,0.9860653130576036,0.5076657235622406,0.004608154296875,0.33797960654362563,0.6369913846699468,0.005055278959383997,0.002704988820106456,0.0009396016619012756,0.0003061928872650385,0.00012550668048354224,3.184611891450791e-05,0.002741109176462321,0.1015625,0.001592185673642787,0.150390625,0.5B,16384
5,10,needle_16384_d50,needle,16384,9.704060527839234,19.10951936219677,19.85144876416671,1.7924208368323966,25.25983966181497,3.116412921804005,0.6499657807043699,6.419396278259545,0.14947421842379396,-43.14387337863445,2.5532523952424526,0.3257216425423072,0.9175262260775418,0.0392156862745098,0.7204888607364834,3.5720260481262427,0.9601276403201922,0.6413682606557587,0.6655861820108391,0.6968632307563484,0.17772608995437622,0.008453607559204102,0.5915863780563191,0.09142919805053083,0.5637745397714805,0.40447810501350423,0.22249671013144393,0.1254343366946046,0.08418445084645305,0.045671712401579266,0.15963948005943884,0.1015625,0.11248250313963196,0.150390625,0.5B,16384
5,11,needle_16384_d50,needle,16384,9.704060527839234,19.93662499208766,19.85144876416671,1.7924208368323966,25.25983966181497,3.116412921804005,0.6499657807043699,6.419396278259545,0.14947421842379396,-39.0275994874537,13.107742842286825,2.9931728113603127e-05,0.9999979020771411,0.0392156862745098,0.5790966397501236,2.1842029907954847,0.9928932572582078,0.7906527427590284,0.8252770661747908,0.8562536683620456,0.08224433660507202,0.2079828977584839,0.7161222416834595,0.14339029512927376,0.19021908410590868,0.1070705319190427,0.04046925159463299,0.015961688721790025,0.008384747687569825,0.0029944547413212276,0.03157698344881994,0.1015625,0.017218364137083948,0.150390625,0.5B,16384
5,12,needle_16384_d50,needle,16384,9.704060527839234,19.97453838502506,19.85144876416671,1.7924208368323966,25.25983966181497,3.116412921804005,0.6499657807043699,6.419396278259545,0.14947421842379396,-39.45046725869179,15.90113902837038,2.114480986102603e-06,0.9999998757604877,0.0392156862745098,0.5584512996185138,1.8685445973665025,0.9974833132251563,0.8750476800520924,0.9222565016349487,0.9432840800520058,0.16717809438705444,0.1309148073196411,0.6600663685930728,0.2885451022730633,0.05582125181554871,0.03185302462229206,0.01228036256522883,0.004884892337039858,0.002514890984136868,0.0008251931995297433,0.009564196759095468,0.1015625,0.005661833792640992,0.150390625,0.5B,16384
5,13,needle_16384_d50,needle,16384,9.704060527839234,15.990192150946912,19.85144876416671,1.7924208368323966,25.25983966181497,3.116412921804005,0.6499657807043699,6.419396278259545,0.14947421842379396,-52.759724773583,1.2076348586706445,0.6766956497640948,0.7496341546050559,0.0392156862745098,0.6017837857362973,3.561686353457984,0.963646138872345,0.655159855690482,0.6704152121344026,0.6886266375530301,0.2016376256942749,0.06691348552703857,0.5975773924321598,0.022054465963226747,0.6454855184104318,0.46510477286145024,0.24214838045208834,0.1137774907136559,0.06388076081363232,0.025778608888891833,0.22905972255489304,0.1015625,0.13668143008567124,0.150390625,0.5B,16384
6,0,needle_16384_d50,needle,16384,9.704060527839234,12.262594336983849,13.779404265553143,1.7928479617395439,17.624560979691598,3.524621843026277,0.41663116757710744,5.3041087482346265,0.08026657395075162,33.5464654173702,0.5181991960853338,1.5039973094307373,0.4144170389755255,0.0196078431372549,0.6365414499185401,7.093997804581228,0.8956351434951907,0.12713310737745992,0.17694715300288685,0.24671117411547402,0.07885456085205078,0.01803135871887207,0.06773141801384558,0.01549862101365767,0.2534848417874891,0.17918462771103558,0.10226443852528685,0.06336120515789405,0.044135149866215286,0.023816593204882268,0.05509044682772697,0.1015625,0.0412241201046315,0.150390625,0.5B,16384
6,1,needle_16384_d50,needle,16384,9.704060527839234,17.79101322788411,13.779404265553143,1.7928479617395439,17.624560979691598,3.524621843026277,0.41663116757710744,5.3041087482346265,0.08026657395075162,80.56031723693013,37.616782169789076,1.4630453029806325e-08,0.9999999999989999,0.0392156862745098,0.5589327952863817,3.2590289167065087,0.9966359592824144,0.6388492752827083,0.8490005420331734,0.9466212500767421,0.10806161165237427,0.03143024444580078,0.036673829337212485,0.9190591747971308,0.008929656400477852,0.005792448599494722,0.002299857618188477,0.0010375826548755308,0.0005611984920355232,0.00021959310159318728,0.006628726629434228,0.1015625,0.0045293185647390785,0.150390625,0.5B,16384
6,2,needle_16384_d50,needle,16384,9.704060527839234,12.30164057715209,13.779404265553143,1.7928479617395439,17.624560979691598,3.524621843026277,0.41663116757710744,5.3041087482346265,0.08026657395075162,39.9351220279932,2.515719100367278,0.47624622459673005,0.8845720858148128,0.0392156862745098,0.6421034618639779,6.587085717624295,0.9055730021849274,0.2042355272462965,0.26670791572122826,0.35092542564713003,0.05620391666889191,0.03698021173477173,0.12286012321740693,0.2039107122832413,0.1847021991631324,0.12765550480528443,0.07647703244232919,0.04943773683910598,0.03365282565782,0.01966331958462964,0.06265587071496519,0.1015625,0.05086490510528539,0.150390625,0.5B,16384
6,3,needle_16384_d50,needle,16384,9.704060527839234,12.220884836634413,13.779404265553143,1.7928479617395439,17.624560979691598,3.524621843026277,0.41663116757710744,5.3041087482346265,0.08026657395075162,42.74112678878009,1.4950041733682156,1.1135627971896174,0.6634454953970309,0.0392156862745098,0.5991294189089362,6.553179888550009,0.9366641392856572,0.1306540083917353,0.20761551187401045,0.31409470154066577,0.012292623519897461,0.015332341194152832,0.039070953443963274,0.2080614291750695,0.1643252546310623,0.10070322518988356,0.043155163036135064,0.027111811359149356,0.018038729513197738,0.008987853056732383,0.034127146347057255,0.1015625,0.026781939985951686,0.150390625,0.5B,16384
6,4,needle_16384_d50,needle,16384,9.704060527839234,22.66675212145105,13.779404265553143,1.7928479617395439,17.624560979691598,3.524621843026277,0.41663116757710744,5.3041087482346265,0.08026657395075162,67.26072427630424,32.848521899431944,1.4630606474909573e-08,0.9999999999989944,0.0392156862745098,0.502934872847305,1.6558117000221004,0.9993243136558356,0.9708767156077655,0.9832301090659317,0.9883991304674541,0.8347018957138062,0.04075440764427185,0.018886080800847704,0.9644080452393654,0.0031468911390705933,0.0018144633152896075,0.0006942349117283776,0.00024849130476300676,0.00011291988450594676,3.083357238663808e-05,0.0037020927424016186,0.1015625,0.002246933918842641,0.150390625,0.5B,16384
6,5,needle_16384_d50,needle,16384,9.704060527839234,16.873425094259503,13.779404265553143,1.7928479617395439,17.624560979691598,3.524621843026277,0.41663116757710744,5.3041087482346265,0.08026657395075162,69.84106486639939,1.9833803387591615,0.36884506786804927,0.8790402170252098,0.0392156862745098,0.5805344744122464,4.49029527198513,0.9905446070142929,0.40802380695780516,0.5556453645984464,0.700172846150517,0.001104310154914856,0.042201196774840355,0.06258597605278007,0.7035380675503348,0.03168451886820628,0.016823183449821526,0.006959193990905211,0.0030527067606086183,0.0016065912106644938,0.0006076888360750128,0.012179417495702408,0.1015625,0.008968807802867917,0.150390625,0.5B,16384
6,6,needle_16384_d50,needle,16384,9.704060527839234,18.922154248899453,13.779404265553143,1.7928479617395439,17.624560979691598,3.524621843026277,0.41663116757710744,5.3041087482346265,0.08026657395075162,70.76494261622429,32.08510223776102,1.4630773441681741e-08,0.9999999999989884,0.0392156862745098,0.5649301179126861,2.8468077958884686,0.9974475275214691,0.8096583972337503,0.9323365371771577,0.961253445554603,0.07947659492492676,0.2915691137313843,0.053930357129585264,0.893091785431321,0.00961970552420737,0.005543707476999355,0.0021750848218869303,0.0008383372670924398,0.00041217122053506674,0.00013042378954378905,0.00892674934016101,0.1015625,0.0065390751181044135,0.150390625,0.5B,16384
6,7,needle_16384_d50,needle,16384,9.704060527839234,19.84911562849701,19.911029270082537,1.1871755626584668,23.181426684708256,3.7127081983347203,0.6924252228376577,6.517079963885234,0.10447085242883067,-41.36748370528221,9.635506480932236,0.0008750817918007529,0.9999212192532725,0.0392156862745098,0.6291896366254816,2.841008310533953,0.9862307096078032,0.7276008824050607,0.7576278698955717,0.7893020519519693,0.20621925592422485,0.011752128601074219,0.6353423886722503,0.14024685293770514,0.3529068113930831,0.21465993533057848,0.09077519316097848,0.03872270383356383,0.021074712964243437,0.008202319743017859,0.06807051988653041,0.1015625,0.04125638488587052,0.150390625,0.5B,16384
6,8,needle_16384_d50,needle,16384,9.704060527839234,16.592579946287266,19.911029270082537,1.1871755626584668,23.181426684708256,3.7127081983347203,0.6924252228376577,6.517079963885234,0.10447085242883067,-46.75733796134591,7.112302511930466,0.012607074576196123,0.9985762914130293,0.0392156862745098,0.4065733053269107,3.6720233019255524,0.9700696093748256,0.617756629082741,0.6438425251089985,0.673060450987962,0.006252408027648926,0.06903815269470215,0.5721337319011018,0.08239871462080375,0.7381084509252116,0.5169677119354372,0.24577742554595663,0.10716929472144603,0.056053320131408124,0.019836199515308066,0.17523769525306354,0.1015625,0.10480657484496295,0.150390625,0.5B,16384
6,9,needle_16384_d50,needle,16384,9.704060527839234,20.659339588964695,19.911029270082537,1.1871755626584668,23.181426684708256,3.7127081983347203,0.6924252228376577,6.517079963885234,0.10447085242883067,-49.658001055940986,17.9815287347883,3.1885714303536855e-07,0.9999999840525176,0.0392156862745098,0.4918716345679043,1.1516712698012883,0.9986354361995439,0.9632311222335629,0.9685324099673397,0.9746241741888612,0.0311054065823555,0.0670400857925415,0.18711749392822585,0.7724386374322192,0.007871483254924594,0.005010560733996267,0.002193456657446816,0.000903690023556933,0.00046746398367890503,0.00015604272026396035,0.004255680699132074,0.1015625,0.002712895142837484,0.150390625,0.5B,16384
6,10,needle_16384_d50,needle,16384,9.704060527839234,20.72890018374914,19.911029270082537,1.1871755626584668,23.181426684708256,3.7127081983347203,0.6924252228376577,6.517079963885234,0.10447085242883067,-46.849751487374306,12.50820755213499,8.26188551806094e-05,0.999994081365245,0.0392156862745098,0.48454097250569544,2.0019874127822654,0.9957519962979063,0.8254184302892387,0.8741783666020145,0.9060304608523885,0.025467395782470703,0.030299901962280273,0.7011777721706688,0.12029684388170772,0.13664093874108726,0.07793998366698934,0.02956455549148469,0.012175152906577195,0.006245689928279186,0.0020872998390876873,0.03563419823892677,0.1015625,0.021329644373123856,0.150390625,0.5B,16384
6,11,needle_16384_d50,needle,16384,9.704060527839234,17.008290471609445,19.911029270082537,1.1871755626584668,23.181426684708256,3.7127081983347203,0.6924252228376577,6.517079963885234,0.10447085242883067,-51.26089458540082,5.218921173363924,0.07255749576199783,0.9898129264558244,0.0392156862745098,0.625686763594924,3.643070574142304,0.9453073420256974,0.6446880903508615,0.6654777011155812,0.6930628684052589,0.13992971181869507,0.07944130897521973,0.6031120181820868,0.06343954792459112,0.659940070017529,0.5060868044621222,0.3135156755424825,0.19074398542149315,0.1323064777683577,0.07197702767765858,0.40401232489258393,0.1015625,0.3089187516781348,0.150390625,0.5B,16384
6,12,needle_16384_d50,needle,16384,9.704060527839234,21.671185254903886,19.911029270082537,1.1871755626584668,23.181426684708256,3.7127081983347203,0.6924252228376577,6.517079963885234,0.10447085242883067,-41.9766243211925,15.391752388328314,4.208626163163186e-06,0.999999750512112,0.0392156862745098,0.5043111800601371,2.2231994624846125,0.9965460005453384,0.8368267743727115,0.8769355147772294,0.912640013540626,0.062144696712493896,0.011529147624969482,0.6060758761068467,0.26064892502256976,0.09133040453273364,0.05388922254973275,0.020529161564307792,0.007972272982690558,0.003981919251662659,0.0012412745103006146,0.023354594726638308,0.1015625,0.012390839808730023,0.150390625,0.5B,16384
6,13,needle_16384_d50,needle,16384,9.704060527839234,16.16626789587041,19.911029270082537,1.1871755626584668,23.181426684708256,3.7127081983347203,0.6924252228376577,6.517079963885234,0.10447085242883067,-33.543229380622506,1.3466238817200065,1.600071144513228,0.5078324026249651,0.0392156862745098,0.3104228768559447,7.011286634883598,0.9121263919405049,0.11020682474707201,0.1664291390253298,0.2571822917774608,0.07163548469543457,0.023178517818450928,0.049434605426032376,0.03590441934529048,0.26551368528323394,0.19823268759367652,0.12566751198567344,0.06828515221043231,0.044437839602932294,0.021880638049857227,0.031220766023471857,0.1015625,0.021993342592717593,0.150390625,0.5B,16384
7,0,needle_16384_d50,needle,16384,9.704060527839234,26.50506044150288,20.282503772650227,0.8288818012327571,22.46820433589725,3.167755272368457,0.503871348311492,6.175309294377942,0.10718903200496946,-28.315744526684284,33.702240981161594,1.4630519996386425e-08,0.9999999999989975,0.0392156862745098,0.6306221900327138,2.108461678470799,0.9995245990897388,0.9519241936436467,0.98547582681878,0.9925520483571574,0.8017537593841553,0.0434495210647583,0.11723783699951922,0.8713845429873222,0.0009193923864459884,0.0004027361200219612,0.00012428589669238898,3.619741539472794e-05,1.4247877238545154e-05,3.2729259447899744e-06,0.00017512659106339788,0.1015625,8.90189961535943e-05,0.150390625,0.5B,16384
7,1,needle_16384_d50,needle,16384,9.704060527839234,19.59942808119667,20.282503772650227,0.8288818012327571,22.46820433589725,3.167755272368457,0.503871348311492,6.175309294377942,0.10718903200496946,-38.927550909109414,20.39533408265561,4.4329002294382324e-08,0.9999999986106138,0.0392156862745098,0.6471091054335618,1.7565417871414688,0.9946884548758983,0.8645854114777954,0.908871344034631,0.9316289525333875,0.12608635425567627,0.016878843307495117,0.7375422800957093,0.1978836769398694,0.13510513173909072,0.09293807552997316,0.046329881680835044,0.02261330516304717,0.013154682572660116,0.005287228326981363,0.047342463800294006,0.1015625,0.033003621579093194,0.150390625,0.5B,16384
7,2,needle_16384_d50,needle,16384,9.704060527839234,19.942696847727202,20.282503772650227,0.8288818012327571,22.46820433589725,3.167755272368457,0.503871348311492,6.175309294377942,0.10718903200496946,-30.163385394960642,19.890823993831873,6.295784690390013e-08,0.9999999976884026,0.0392156862745098,0.6716397939315776,3.1040930809114626,0.9931912082636657,0.7667353102937353,0.8470209308436409,0.8862638369048798,0.08467338979244232,0.3123217821121216,0.3547224006547331,0.5164104123961497,0.05325360615053478,0.03339235233982718,0.015027777451807356,0.006549040929373097,0.0033683010911441913,0.0011295229293019865,0.018137141511133433,0.1015625,0.011551360023111029,0.150390625,0.5B,16384
7,3,needle_16384_d50,needle,16384,9.704060527839234,25.702214075892666,20.282503772650227,0.8288818012327571,22.46820433589725,3.167755272368457,0.503871348311492,6.175309294377942,0.10718903200496946,-56.40501971170306,25.46799824014306,1.4857847961606529e-08,0.9999999999902875,0.0392156862745098,0.6278330552003994,1.6530574930291162,0.9994577016417732,0.943175414326063,0.9817293929585701,0.9879398331116152,0.14073973894119263,0.1815429925918579,0.5912969160553867,0.38810431555450997,0.008386730401166151,0.0041923372959805074,0.0013403848353624656,0.00044249316079909644,0.00019572822615567995,4.7857888390445565e-05,0.004300729020655456,0.1015625,0.0029351636157669073,0.150390625,0.5B,16384
7,4,needle_16384_d50,needle,16384,9.704060527839234,19.15658334681994,20.282503772650227,0.8288818012327571,22.46820433589725,3.167755272368457,0.503871348311492,6.175309294377942,0.10718903200496946,-40.08885992853902,18.172551971161738,2.932129143052263e-07,0.9999999856745259,0.0392156862745098,0.6298437536776905,1.4907902233241592,0.9974153142320898,0.9308969483755559,0.9447746102083162,0.9573655322913829,0.2255869396030903,0.03301919624209404,0.1632704824167072,0.7775745396923511,0.013251179212853986,0.008573067073379239,0.003963226499308757,0.0017476725608706238,0.0009046030701649237,0.00031594839536425824,0.0063362650936081375,0.1015625,0.003677555276423255,0.150390625,0.5B,16384
7,5,needle_16384_d50,needle,16384,9.704060527839234,22.004267761210667,20.282503772650227,0.8288818012327571,22.46820433589725,3.167755272368457,0.503871348311492,6.175309294377942,0.10718903200496946,-37.12183569185436,22.238391805440187,2.0448482307935288e-08,0.9999999997506852,0.0392156862745098,0.6458009278595235,1.5993753084837121,0.9979059132180162,0.889464478398469,0.9296054305276787,0.9491976605935106,0.0017326921224594116,0.02074986696243286,0.732900570700082,0.2196555348424128,0.053906120336905054,0.03200880281494727,0.012770023913931028,0.005190984531363547,0.0026884526583013167,0.0008814577324351381,0.012636593804567628,0.1015625,0.007457186503159448,0.150390625,0.5B,16384
7,6,needle_16384_d50,needle,16384,9.704060527839234,23.412297131692572,20.282503772650227,0.8288818012327571,22.46820433589725,3.167755272368457,0.503871348311492,6.175309294377942,0.10718903200496946,-43.905083171557635,22.314351625507697,1.984305117274108e-08,0.9999999997770415,0.0392156862745098,0.641002809846311,1.7692004727285182,0.9986600378101158,0.9191963112008895,0.9499310977797972,0.9652335536562422,0.36884942650794983,0.26574327051639557,0.6198371272093424,0.3324023016551244,0.024888129989590845,0.013023225770290475,0.004785300566101742,0.0017540577079501404,0.0008442589881908292,0.0002540687295653571,0.005125930844921221,0.1015625,0.0031175395569957576,0.150390625,0.5B,16384
7,7,needle_16384_d50,needle,16384,9.704060527839234,28.577326325966812,21.55696403494293,1.2297129054488514,25.545737536944543,5.005505600548412,0.5646590561790479,7.381062323643598,0.06407800274279601,-52.191811978816986,6.714770644903183,0.009346466146283008,0.9987886010208062,0.0392156862745098,0.5561398768857533,1.5534319553307034,0.9996920117221589,0.9576999783413931,0.9780308449330133,0.989995780288998,0.11771625280380249,0.07413291931152344,0.2326078319362616,0.5167778631898072,0.000241362141245666,5.993252945922174e-05,9.299858474872021e-06,1.915550881949725e-06,6.686995432083806e-07,1.268508001661677e-07,2.2840471806857134e-05,0.1015625,1.4245146141746464e-05,0.150390625,0.5B,16384
7,8,needle_16384_d50,needle,16384,9.704060527839234,16.73053267077291,21.55696403494293,1.2297129054488514,25.545737536944543,5.005505600548412,0.5646590561790479,7.381062323643598,0.06407800274279601,-71.12646774947643,2.9028570502996445,0.35251517341144417,0.9261239472586217,0.0,0.39685684381475667,5.0939136433538135,0.9903780743814103,0.22169884870892972,0.3682728537878612,0.5238325491946112,0.03697359561920166,0.04241800308227539,0.03339167142542659,0.0005680952944363245,0.02796527790399705,0.012078708526726023,0.004553416352769577,0.0019474430605293564,0.0010853590710485942,0.00042853735170380545,0.021724132414181876,0.101806640625,0.014118814199427879,0.150634765625,0.5B,16384
7,9,needle_16384_d50,needle,16384,9.704060527839234,24.906468293538843,21.55696403494293,1.2297129054488514,25.545737536944543,5.005505600548412,0.5646590561790479,7.381062323643598,0.06407800274279601,-45.190539076924324,45.32295370846987,1.4630451803790306e-08,0.9999999999989999,0.0392156862745098,0.5761138924072449,1.7979088065997122,0.9996910229602511,0.9650684329838694,0.9980076006347717,0.9990159767293273,0.2646132707595825,0.17449504137039185,0.2508076546632655,0.7482470572961436,0.00023449664308372389,0.00013441276827133507,4.8579497636037145e-05,1.622134789423561e-05,6.866632010440026e-06,1.7196337145735164e-06,0.00010713954547582307,0.1015625,5.886515740673659e-05,0.150390625,0.5B,16384
7,10,needle_16384_d50,needle,16384,9.704060527839234,25.033822126310838,21.55696403494293,1.2297129054488514,25.545737536944543,5.005505600548412,0.5646590561790479,7.381062323643598,0.06407800274279601,-18.271109387278557,43.49344676360488,1.4630451806669813e-08,0.9999999999989999,0.0392156862745098,0.6484955108654028,1.8391039474438469,0.9996782624732103,0.9390702733794354,0.9931892197645295,0.9987550764144622,0.23175811767578125,0.4771084785461426,0.027834088700995064,0.9711743414849994,0.00010811413433821182,5.3835122687226564e-05,2.0087438169192318e-05,6.704084375515165e-06,3.035352387358835e-06,8.077681452775842e-07,2.9225762215199833e-05,0.1015625,2.184200065821466e-05,0.150390625,0.5B,16384
7,11,needle_16384_d50,needle,16384,9.704060527839234,29.918417262196783,21.55696403494293,1.2297129054488514,25.545737536944543,5.005505600548412,0.5646590561790479,7.381062323643598,0.06407800274279601,-41.471282452344894,29.016393318772316,1.4637336964184445e-08,0.9999999999987497,0.0392156862745098,0.560958839585817,1.4016696681260747,0.9997535648943833,0.942410823944736,0.9818278827359929,0.9969388491320059,0.014071106910705566,0.01841449737548828,0.6137171956696296,0.384822091907645,0.00020718693849308505,7.745572401312197e-05,1.7847609006892378e-05,3.974468435504582e-06,1.2932462723563193e-06,2.234638853021903e-07,0.0002496114111809228,0.1015625,0.0001888156073616332,0.150390625,0.5B,16384
7,12,needle_16384_d50,needle,16384,9.704060527839234,25.139719290626637,21.55696403494293,1.2297129054488514,25.545737536944543,5.005505600548412,0.5646590561790479,7.381062323643598,0.06407800274279601,-14.036018401384354,17.24644353426993,6.050144525031946e-07,0.9999999676422623,0.0392156862745098,0.641695699625508,3.294437077364528,0.9985002979653214,0.6063429479005307,0.796237743435385,0.9199121226989304,0.035463929176330566,0.05271649360656738,0.1980723596954524,0.7819439093500722,0.0013795838964774263,0.0006245579819940935,0.00017886136812883093,5.627114478490319e-05,2.537431557911689e-05,6.8528884543964876e-06,0.00019642904141025107,0.1015625,0.00010327614206638573,0.150390625,0.5B,16384
7,13,needle_16384_d50,needle,16384,9.704060527839234,14.305000955927635,21.55696403494293,1.2297129054488514,25.545737536944543,5.005505600548412,0.5646590561790479,7.381062323643598,0.06407800274279601,-15.681156776845455,0.07690451294183731,0.8007520749872991,0.5097568148670669,0.0392156862745098,0.7019583441042268,6.221695948470518,0.9595472469548547,0.13891245741071676,0.24119249943317903,0.3720402508939612,0.008057355880737305,0.018185734748840332,0.005461683553530996,0.16375416548795618,0.07313272730158334,0.05050106722208208,0.026877118420532527,0.01593028686720953,0.010029908661438746,0.004760900910282226,0.010928396666216521,0.1015625,0.0089680029176442,0.150390625,0.5B,16384
8,0,needle_16384_d50,needle,16384,9.704060527839234,9.778428685418175,283.9224042638763,0.8297683262852379,287.2970763032697,3.414824943762441,0.2977321775975129,5.217101027899424,0.04237818912354674,342.6159567721188,1.3198972214013338,1.2199739107689072,0.641428923649187,0.0392156862745098,0.1312515396995987,7.133787311684805,0.926665377417114,0.06691765408415284,0.10401221848311065,0.1670797020986737,0.043576955795288086,0.00552976131439209,0.02388946160505613,0.08074410476278521,0.23056246717261977,0.1322474866674284,0.059239523823498036,0.02892611752214617,0.016839976795775244,0.006642295189338474,0.025826590458457213,0.1015625,0.017041294030351237,0.150390625,0.5B,16384
8,1,needle_16384_d50,needle,16384,9.704060527839234,13.174197751254539,283.9224042638763,0.8297683262852379,287.2970763032697,3.414824943762441,0.2977321775975129,5.217101027899424,0.04237818912354674,384.5984470844269,3.8967371210455894,0.11167399757902213,0.9782334738215903,0.0392156862745098,0.10972363562502788,4.455774799531311,0.9944683195697344,0.3546047204189037,0.5507430313634577,0.7216982728593967,0.03138875961303711,0.07277274131774902,0.007489948362711372,0.33003265992874775,0.028806002792918704,0.008478936927276911,0.002015237409010061,0.0006400078367809563,0.0003221598295419284,0.00010131248420481228,0.0014940454551336342,0.1015625,0.0013096119821797755,0.150390625,0.5B,16384
8,2,needle_16384_d50,needle,16384,9.704060527839234,12.837509588369858,283.9224042638763,0.8297683262852379,287.2970763032697,3.414824943762441,0.2977321775975129,5.217101027899424,0.04237818912354674,191.4817761927843,26.17498868703842,1.4752150917802289e-08,0.9999999999944305,0.0392156862745098,0.0609123857230237,2.6506521730746857,0.9986040645212856,0.8094048990259454,0.9340537791947485,0.9669191151528099,0.034496307373046875,0.3682210445404053,0.0030589232796634906,0.9684561420376638,0.0021541597170713794,0.0012627257033657451,0.0005271632677501927,0.0002086636711112728,0.00011197640007492744,4.014128527557642e-05,0.0004931775074545396,0.1015625,0.00030112458383545004,0.150390625,0.5B,16384
8,3,needle_16384_d50,needle,16384,9.704060527839234,53.41503715211754,283.9224042638763,0.8297683262852379,287.2970763032697,3.414824943762441,0.2977321775975129,5.217101027899424,0.04237818912354674,2063.4392101466656,51.98376002907753,1.4630451803231584e-08,0.9999999999989999,0.0392156862745098,0.15012670847552118,0.0014784455997038821,0.9999389464099528,0.9999999910857952,0.9999999981041989,0.9999999997251753,0.8239459991455078,0.19403553009033203,6.177966236773515e-16,0.999999920289297,2.869576261473008e-13,1.2481585376003188e-14,1.47109490775704e-15,1.635830283317011e-15,1.8218922855289317e-15,1.47109490775704e-15,1.1170993219372024e-12,0.1015625,5.1929344326646466e-14,0.150390625,0.5B,16384
8,4,needle_16384_d50,needle,16384,9.704060527839234,16.603992246655405,283.9224042638763,0.8297683262852379,287.2970763032697,3.414824943762441,0.2977321775975129,5.217101027899424,0.04237818912354674,343.8165847212076,46.03303948044777,1.4630451803613242e-08,0.9999999999989999,0.0392156862745098,0.07829934599712614,2.6438373101633497,0.9991638720555709,0.7881328901114731,0.923352077824869,0.984550809190011,0.1096794605255127,0.06705188751220703,0.0011484066347253715,0.9837628758419117,0.0010160883280159031,0.0005285660987929446,0.0001404169846346957,3.601553400995482e-05,1.2111374025445532e-05,2.1514177933902886e-06,0.00017059066579892145,0.1015625,7.666275581496475e-05,0.150390625,0.5B,16384
8,5,needle_16384_d50,needle,16384,9.704060527839234,13.928175114008063,283.9224042638763,0.8297683262852379,287.2970763032697,3.414824943762441,0.2977321775975129,5.217101027899424,0.04237818912354674,302.6505362279713,21.247378055006266,2.779569189557381e-08,0.9999999994069055,0.0392156862745098,0.08640969578597163,2.44221775232003,0.9980054241832937,0.8795249389105335,0.9541787549108555,0.9681409206684535,0.23652303218841553,0.025885581970214844,0.014396167772776343,0.9480209484657988,0.004831938205803467,0.0029306499281684367,0.0011484121988001189,0.0004354514796684246,0.00021491916129790493,6.602213256465786e-05,0.002727664024443374,0.1015625,0.0017385935587631242,0.150390625,0.5B,16384
8,6,needle_16384_d50,needle,16384,9.704060527839234,12.804594327018588,283.9224042638763,0.8297683262852379,287.2970763032697,3.414824943762441,0.2977321775975129,5.217101027899424,0.04237818912354674,166.2657569348812,27.519476369023323,1.4661046508637921e-08,0.9999999999978757,0.0392156862745098,0.05176206894450549,3.2231358340743155,0.9981323166758972,0.6576321460453721,0.8217350748889509,0.9284667204278351,0.04213905334472656,0.009332656860351562,0.0223826948029498,0.9250445175287498,0.0026491447932114045,0.0012405984233592024,0.0005083367194200962,0.00022447170000794133,0.0001170788368877882,4.249255389015028e-05,0.0005497098144082091,0.1015625,0.000324852198574185,0.150390625,0.5B,16384
8,7,needle_16384_d50,needle,16384,9.704060527839234,30.53366733106158,16.148586060193832,1.6962787175322382,19.41023571937032,5.1160387955271505,0.5420903285870345,6.21321731568979,0.11341000385844259,30.210169224068522,31.68595311883837,1.4630930995452252e-08,0.9999999999989826,0.0392156862745098,0.5661599712501031,0.42256119955954613,0.9999125318714811,0.9987198961750149,0.9991891747948644,0.9994948280225211,0.12298691272735596,0.055380046367645264,0.0052091536035550525,0.9934620187102651,0.00010051725134711879,3.639610840590103e-05,5.693269854134306e-06,8.133398647108895e-07,1.8488295985548738e-07,1.785241371330143e-08,0.0005421528791327971,0.1015625,0.0005029882041305743,0.150390625,0.5B,16384
8,8,needle_16384_d50,needle,16384,9.704060527839234,24.652674629700073,16.148586060193832,1.6962787175322382,19.41023571937032,5.1160387955271505,0.5420903285870345,6.21321731568979,0.11341000385844259,41.50056679546833,48.502178844064474,1.4630451803256957e-08,0.9999999999989999,0.0392156862745098,0.5565179203442501,2.3685408539247144,0.9992391445559287,0.9164847462477437,0.9726089196192443,0.9879008603259034,1.3707370162010193,0.12557846307754517,0.18764622638621406,0.7952937152642872,0.0029474287650819468,0.0014440695515039012,0.00037489020982347994,9.06211556680378e-05,3.137514665385849e-05,6.05048715151599e-06,0.008741110271059074,0.1015625,0.00800275593783373,0.150390625,0.5B,16384
8,9,needle_16384_d50,needle,16384,9.704060527839234,22.44678233585724,16.148586060193832,1.6962787175322382,19.41023571937032,5.1160387955271505,0.5420903285870345,6.21321731568979,0.11341000385844259,55.109774850308895,13.693976163864136,1.6607449748374368e-05,0.9999988707720702,0.0392156862745098,0.5613858016672163,3.470056548444877,0.9975082565836458,0.5859128953063868,0.7480639085314222,0.8886979425267943,0.020963549613952637,0.02450859546661377,0.10363082134797245,0.8458381130569388,0.00866747804205921,0.004144736072140554,0.0011265944792550895,0.0002878369392704813,0.00012141453311320587,3.4144596238150815e-05,0.009014022023499333,0.1015625,0.00727108549322798,0.150390625,0.5B,16384
8,10,needle_16384_d50,needle,16384,9.704060527839234,20.84745334743079,16.148586060193832,1.6962787175322382,19.41023571937032,5.1160387955271505,0.5420903285870345,6.21321731568979,0.11341000385844259,31.62724267691374,33.89040759578347,1.4630535498250157e-08,0.9999999999989968,0.0392156862745098,0.5643516132348005,2.1554179245927187,0.9980971675740644,0.9071851871953595,0.9512231704341045,0.9683485670426428,0.25045502185821533,0.29283276200294495,0.1906052707813228,0.7739076473838489,0.012377271948623647,0.007745557473571929,0.0031822532831512922,0.0010473954180352343,0.00043088254466966104,0.00011206806513095794,0.01051547823163341,0.1015625,0.009325174225320771,0.150390625,0.5B,16384
8,11,needle_16384_d50,needle,16384,9.704060527839234,23.53949850332533,16.148586060193832,1.6962787175322382,19.41023571937032,5.1160387955271505,0.5420903285870345,6.21321731568979,0.11341000385844259,43.1036327406764,50.123779157176614,1.463045180323603e-08,0.9999999999989999,0.0392156862745098,0.5582441911133736,2.4405157288218087,0.99906599800702,0.9137312553356405,0.9721969753798352,0.9859302348079474,0.6887234449386597,0.7115263342857361,0.1164727488491884,0.8641255808166934,0.0037205369793203396,0.0019358438056134872,0.0005694387871722882,0.00015051998535836958,5.477669123620631e-05,1.1474646143637743e-05,0.008008842239169745,0.1015625,0.007477914630548204,0.150390625,0.5B,16384
8,12,needle_16384_d50,needle,16384,9.704060527839234,21.247234299139944,16.148586060193832,1.6962787175322382,19.41023571937032,5.1160387955271505,0.5420903285870345,6.21321731568979,0.11341000385844259,24.429219640791416,29.35750361159444,1.4635356941240725e-08,0.9999999999988218,0.0392156862745098,0.5684759486560998,2.6268971149398777,0.9968296774078074,0.8008012992017095,0.893283011710315,0.9299163354045415,0.023046821355819702,0.15099909901618958,0.44655112326596297,0.4432093072459948,0.026907079243033084,0.014963026183311705,0.00580535751171677,0.0022245812904441364,0.0010563259770824225,0.0002944712168573794,0.04266778966167502,0.1015625,0.03764479644206123,0.150390625,0.5B,16384
8,13,needle_16384_d50,needle,16384,9.704060527839234,23.25376271908931,16.148586060193832,1.6962787175322382,19.41023571937032,5.1160387955271505,0.5420903285870345,6.21321731568979,0.11341000385844259,54.43507435917854,34.09679461270571,1.4630494788540566e-08,0.9999999999989984,0.0392156862745098,0.5675352237799699,2.857819000897079,0.9986078102506223,0.7586960204659042,0.9150866026927583,0.9751629265192084,0.0311291366815567,0.024216219782829285,0.14024391680043108,0.8430067741469738,0.004580605880258158,0.0027577109897208916,0.0008806011653213168,0.0002530649203956361,0.00010143196003879476,2.5471593161066564e-05,0.006982264718620469,0.1015625,0.0060511785901087006,0.150390625,0.5B,16384
9,0,needle_16384_d50,needle,16384,9.704060527839234,24.341024553519137,21.35950613075152,1.0696113547230979,23.9005902141652,3.609779309432041,0.49006497156499856,9.61472666514069,0.08349307429398264,-8.667839020490646,40.02454110048711,1.463045191362922e-08,0.9999999999989999,0.0392156862745098,0.4470814229046413,2.8289496148008797,0.9990472173203974,0.7362319691750724,0.9293867914361239,0.9886029855538878,0.18734824657440186,0.07122981548309326,0.08919939943945986,0.9036259354405011,0.0013087337381235903,0.0007308937263529697,0.0002534529744926928,7.906735218237512e-05,3.0082742902925196e-05,5.784580712527539e-06,0.0002334030902988758,0.1015625,0.00012461233500674404,0.150390625,0.5B,16384
9,1,needle_16384_d50,needle,16384,9.704060527839234,21.842969203741447,21.35950613075152,1.0696113547230979,23.9005902141652,3.609779309432041,0.49006497156499856,9.61472666514069,0.08349307429398264,-33.57137463148683,12.48316963063553,6.133090022144432e-05,0.9999955646545139,0.0392156862745098,0.41101675365893015,2.0676116117766985,0.9951797858208548,0.8484734189960573,0.8722787845306967,0.894144626199338,0.48165783286094666,0.0010982751846313477,0.08580234904952394,0.7316000583846051,0.036429463263572,0.02220014942810486,0.008304516618716526,0.0028028892027217056,0.0011598874483404373,0.00023314492141118397,0.012117062751860945,0.1015625,0.006328013667517477,0.150390625,0.5B,16384
9,2,needle_16384_d50,needle,16384,9.704060527839234,25.486386667336806,21.35950613075152,1.0696113547230979,23.9005902141652,3.609779309432041,0.49006497156499856,9.61472666514069,0.08349307429398264,-30.238294791430235,17.610325139015913,4.331165959626785e-07,0.99999997751173,0.0392156862745098,0.41642040819508813,2.1968675405431424,0.9988410873267458,0.8659536492629275,0.926261719346824,0.9584546528876323,0.6427847146987915,0.23616302013397217,0.5076816527999541,0.45549413195516575,0.013506959047252456,0.006902466403572729,0.0024059946804606707,0.0008485436293096174,0.0003750676581182713,9.698752900162893e-05,0.0023070893830602736,0.1015625,0.001142105239003809,0.150390625,0.5B,16384
9,3,needle_16384_d50,needle,16384,9.704060527839234,23.252296588128157,21.35950613075152,1.0696113547230979,23.9005902141652,3.609779309432041,0.49006497156499856,9.61472666514069,0.08349307429398264,-17.66804191004485,13.659810601733625,1.714431238632918e-05,0.9999988315216353,0.0392156862745098,0.480893104186538,3.2864194359567316,0.9971925324422344,0.6173465299174179,0.7529719287461696,0.8709216472647432,0.020337224006652832,0.07298529148101807,0.32446691376212,0.598016662545034,0.016439792801030598,0.0070839149721124576,0.0027927597547258197,0.0011732875977786736,0.0005828097720229941,0.00016989027449825913,0.0023838113470290487,0.1015625,0.001407080179143204,0.150390625,0.5B,16384
9,4,needle_16384_d50,needle,16384,9.704060527839234,27.707094141879217,21.35950613075152,1.0696113547230979,23.9005902141652,3.609779309432041,0.49006497156499856,9.61472666514069,0.08349307429398264,-21.698268197476864,4.744741316884756,0.06374909113377797,0.9897378196438981,0.0392156862745098,0.4855360803294323,5.381566308780828,0.9812624228578225,0.27306607563071805,0.3691961531241216,0.49729349391502087,0.018596172332763672,0.028438642621040344,0.13870805030513378,0.18058510081896145,0.09970604125185593,0.05031045387076231,0.016807393666510545,0.004973311431207206,0.0023668412361433373,0.000773002681449645,0.014386395433663081,0.1015625,0.007862477803688686,0.150390625,0.5B,16384
9,5,needle_16384_d50,needle,16384,9.704060527839234,28.99867532023041,21.35950613075152,1.0696113547230979,23.9005902141652,3.609779309432041,0.49006497156499856,9.61472666514069,0.08349307429398264,-21.433395393192768,37.71173408254981,1.463045291852513e-08,0.9999999999989999,0.0392156862745098,0.4513738765345557,2.344699547847372,0.9994659950369588,0.8799496037853435,0.9675297926986588,0.9952929992172223,0.6508935689926147,0.015379190444946289,0.2686426828758578,0.728529940176597,0.000640037419696069,0.00032462666100841164,9.835564401831545e-05,2.2895092380981513e-05,7.943834586584764e-06,1.3348603902733096e-06,0.0001099856092078963,0.1015625,3.92238727364341e-05,0.150390625,0.5B,16384
9,6,needle_16384_d50,needle,16384,9.704060527839234,21.751212206855307,21.35950613075152,1.0696113547230979,23.9005902141652,3.609779309432041,0.49006497156499856,9.61472666514069,0.08349307429398264,-30.665536627173424,10.102086648344994,0.0004567892696197484,0.9999589110418259,0.0392156862745098,0.5165101561951473,3.2558960034516087,0.9923849105871689,0.683187213581736,0.7407999773304177,0.7975562030243849,0.13846266269683838,0.07642257213592529,0.47555553998606126,0.30521831771823604,0.13501876148360575,0.07345200727408638,0.025721699593256,0.00844680026049857,0.0037573859951684422,0.0010838566143169979,0.03035018497076263,0.1015625,0.018012338198437016,0.150390625,0.5B,16384
9,7,needle_16384_d50,needle,16384,9.704060527839234,37.51857700117376,26.66731366843845,3.5247346080355655,41.66717313108992,6.6235619239051164,0.4135054209673337,8.075941479220695,0.03119923093998855,-157.13553156796843,14.130133003927767,1.161762649215973e-05,0.9999992404368553,0.0,0.7594926106993104,3.167557435176418,0.9980385336419183,0.6820614640256565,0.7551816532896678,0.8340105168207804,0.12558826804161072,0.013176530599594116,0.2841331395035522,2.6302645409968635e-07,0.0062486975182050025,0.00014196278849950178,2.288370568740119e-07,7.179141747106728e-09,3.781525468455455e-10,3.736847206056101e-12,0.20483797297708303,0.101806640625,0.1557792534705187,0.150634765625,0.5B,16384
9,8,needle_16384_d50,needle,16384,9.704060527839234,36.446448473025825,26.66731366843845,3.5247346080355655,41.66717313108992,6.6235619239051164,0.4135054209673337,8.075941479220695,0.03119923093998855,-214.905264202971,10.039703774731606,0.0007647299505578781,0.9999334136131189,0.0196078431372549,0.7591796961464392,3.530248817890878,0.9972355323444925,0.48255344324624655,0.5936476139371635,0.7642841708990971,0.024511244148015976,0.008463531732559204,0.36189317900975304,0.0049524518532118875,0.008435084898701747,0.00011208640296857478,2.901156565149638e-08,9.100128760653883e-10,1.1688727155573344e-10,4.328538280604698e-12,0.517078930997635,0.101806640625,0.31114556549086425,0.150634765625,0.5B,16384
9,9,needle_16384_d50,needle,16384,9.704060527839234,36.00348502256539,26.66731366843845,3.5247346080355655,41.66717313108992,6.6235619239051164,0.4135054209673337,8.075941479220695,0.03119923093998855,-177.04256215703208,12.584677668171935,5.597756799800666e-05,0.999995978018495,0.0,0.7772017794261049,4.593452863686474,0.9901040762762608,0.38316721985345525,0.42098252545883247,0.4886590756375611,0.010161004960536957,0.0023735016584396362,0.11233356730136324,6.798837582171836e-05,0.09066842571380422,0.010246141533543357,1.0219021075259485e-07,4.844768231689156e-09,5.103858019735679e-10,8.173473001428694e-12,0.46960839008148003,0.101806640625,0.3948591995879562,0.150634765625,0.5B,16384
9,10,needle_16384_d50,needle,16384,9.704060527839234,31.03639768298572,26.66731366843845,3.5247346080355655,41.66717313108992,6.6235619239051164,0.4135054209673337,8.075941479220695,0.03119923093998855,-142.70737662352622,21.056649995502084,3.450919424104888e-08,0.9999999991145243,0.0392156862745098,0.7494603604443458,2.003149236430349,0.9996014545185614,0.9244635944141996,0.9805524444012197,0.9941404628120803,0.3041481785476208,0.10965647548437119,0.30524289415642303,0.3014970349039341,0.0003265739327645656,1.825657148933591e-05,2.0211610124885026e-07,1.7214509163730606e-08,3.751851111130161e-09,4.29001747864474e-10,0.010927281780508587,0.1015625,0.004870879698372304,0.150390625,0.5B,16384
9,11,needle_16384_d50,needle,16384,9.704060527839234,33.222185215646775,26.66731366843845,3.5247346080355655,41.66717313108992,6.6235619239051164,0.4135054209673337,8.075941479220695,0.03119923093998855,-49.274473659694195,6.561747187748551,0.011556093856652542,0.9985041724815561,0.0392156862745098,0.6412560380077413,3.001334518419558,0.9984275119438986,0.7216973981154238,0.8433526507018241,0.9172008563259431,0.0630418062210083,0.07789221405982971,0.19377532266435318,0.34542435364007107,0.0041357837569199266,0.0012998815062603736,0.00015147577975615115,1.3101306365837854e-05,1.0719825084919435e-06,6.826752571628155e-09,0.0004943817559849946,0.1015625,2.6899043343905028e-05,0.150390625,0.5B,16384
9,12,needle_16384_d50,needle,16384,9.704060527839234,19.75381134776816,26.66731366843845,3.5247346080355655,41.66717313108992,6.6235619239051164,0.4135054209673337,8.075941479220695,0.03119923093998855,-20.016249358654022,0.8193607740104198,1.2645909350631597,0.48416815390435347,0.0392156862745098,0.6864863291308025,5.7128327994552395,0.9813268057661962,0.22612240480140242,0.301066323396401,0.4070029336520035,0.03716385364532471,0.012016981840133667,0.0507244856134843,0.20321735767881405,0.08452513033621725,0.041778308505536016,0.00525597091621585,0.0009204877145029178,0.0005433772521989835,0.00019030476998669043,0.0009162341292766424,0.1015625,0.00047556941278958405,0.150390625,0.5B,16384
9,13,needle_16384_d50,needle,16384,9.704060527839234,26.01485681430669,26.66731366843845,3.5247346080355655,41.66717313108992,6.6235619239051164,0.4135054209673337,8.075941479220695,0.03119923093998855,-76.67222691141069,1.7073384281247854,0.5103625847060355,0.8343767717152639,0.0392156862745098,0.7579373584182764,3.4409268492425094,0.998286553189344,0.5615410787373961,0.7939017174159694,0.9301827399338161,0.024535879492759705,0.1800474226474762,0.0019921028943323646,0.05660910738537875,0.0016468062694285535,0.0007799232542097835,7.324407704131418e-05,8.587770832385878e-06,2.3089643018384748e-06,4.150466422995426e-07,0.0023737623124053305,0.1015625,0.0013156163629540194,0.150390625,0.5B,16384
10,0,needle_16384_d50,needle,16384,9.704060527839234,20.841230082855017,20.179422983369882,1.2578955841911643,23.557875800511038,7.027334746543545,0.5945755589840418,9.557709943938784,0.037583228315970205,-13.382457435131073,4.641095414757729,0.08669959544534421,0.985239170609348,0.0392156862745098,0.6152991054350525,4.896484589795555,0.9887550682472734,0.3081193295550548,0.4030967153504368,0.5451892828924222,0.13293075561523438,0.03176689147949219,0.1701800211790518,0.4223036009952347,0.032796189653427586,0.013984488756186705,0.0046145724386385065,0.0018635819497961556,0.0009331457369713907,0.0002742281085297782,0.00243567486971321,0.1015625,0.0012940248499267763,0.150390625,0.5B,16384
10,1,needle_16384_d50,needle,16384,9.704060527839234,14.600984671126476,20.179422983369882,1.2578955841911643,23.557875800511038,7.027334746543545,0.5945755589840418,9.557709943938784,0.037583228315970205,-41.502439722418785,0.03111417591571808,3.3032201763282227,0.12090215256086634,0.0,0.6145628222039782,8.574244568204746,0.6378224248665374,0.09180706865291226,0.09606891833019739,0.10383115745612558,0.024403810501098633,0.0008511543273925781,0.08653653855137698,0.003858433845059312,0.6744814659689183,0.5049709464787185,0.3083706540955457,0.18949777147486396,0.1338583393709992,0.07269829483040871,0.2419305668002955,0.101806640625,0.1600947580686644,0.150390625,0.5B,16384
10,2,needle_16384_d50,needle,16384,9.704060527839234,26.035420646956144,20.179422983369882,1.2578955841911643,23.557875800511038,7.027334746543545,0.5945755589840418,9.557709943938784,0.037583228315970205,-40.69595382362604,33.91416611522436,1.4630503568771625e-08,0.9999999999989981,0.0392156862745098,0.5358479208966939,1.6216760915381379,0.9996107576967905,0.9742188272817148,0.988987419052736,0.9932053093077863,0.36789560317993164,0.17905277013778687,0.13890389495068764,0.8473465154807917,0.0009112773167133383,0.00043683330368701084,0.00011888285477077973,3.3664010652817544e-05,1.3071030078910983e-05,2.8188995948318065e-06,0.0004392172313931026,0.1015625,0.0002893789748145078,0.150390625,0.5B,16384
10,3,needle_16384_d50,needle,16384,9.704060527839234,23.993758582123327,20.179422983369882,1.2578955841911643,23.557875800511038,7.027334746543545,0.5945755589840418,9.557709943938784,0.037583228315970205,-2.033407084643841,47.38852269575,1.4630451803300832e-08,0.9999999999989999,0.0392156862745098,0.6037403749368105,2.953230752877791,0.9990316758574176,0.6377569157076736,0.9138956734894348,0.99363144300887,0.0019310712814331055,0.2347121238708496,0.0806482938269046,0.9154733745635871,0.0003278570696097109,0.00018082297986343716,5.780110536089574e-05,1.6557484869446972e-05,6.6649578645481415e-06,1.4994159211271829e-06,7.906591816385616e-05,0.1015625,3.0564992810546164e-05,0.150390625,0.5B,16384
10,4,needle_16384_d50,needle,16384,9.704060527839234,19.67596671142174,20.179422983369882,1.2578955841911643,23.557875800511038,7.027334746543545,0.5945755589840418,9.557709943938784,0.037583228315970205,-25.334104146808386,20.041205493733287,5.62402926839336e-08,0.999999998021051,0.0392156862745098,0.586667706901855,2.1460256050594984,0.9977228470779239,0.8136889325661308,0.9103932808595462,0.9534607437751813,0.08892667293548584,0.6472026705741882,0.5986379742992208,0.37466070759216685,0.02578802669391658,0.01667249774709129,0.007758473054008293,0.0037074490572909812,0.0021422598307669345,0.0008342391041920734,0.005214433562528435,0.1015625,0.0034736770496000624,0.150390625,0.5B,16384
10,5,needle_16384_d50,needle,16384,9.704060527839234,20.427181402363633,20.179422983369882,1.2578955841911643,23.557875800511038,7.027334746543545,0.5945755589840418,9.557709943938784,0.037583228315970205,-5.664451282471418,14.920813780277967,5.2861795193993636e-06,0.9999996688880461,0.0392156862745098,0.6005771188659457,3.9463819449000064,0.9950604826529736,0.5129585204136505,0.6514821871819393,0.8119988061364041,0.10665053129196167,0.025875866413116455,0.13318903415964306,0.7626713264389036,0.008694592334767472,0.004902063306206779,0.0021194041362134894,0.0007677519704531189,0.00034332690120779613,8.64736392539698e-05,0.0009816848936509723,0.1015625,0.0004708551224957002,0.150390625,0.5B,16384
10,6,needle_16384_d50,needle,16384,9.704060527839234,28.281188083812737,20.179422983369882,1.2578955841911643,23.557875800511038,7.027334746543545,0.5945755589840418,9.557709943938784,0.037583228315970205,-52.70539869368076,24.036995127797127,1.553859297963733e-08,0.9999999999625508,0.0392156862745098,0.514106714374283,0.8546845502626585,0.9996011005480685,0.9715518320149961,0.9793151062364693,0.9861259444434922,0.03672671318054199,0.18276715278625488,0.0240413752276574,0.9477896489005697,0.002198224875843221,0.0010024860778695868,0.00023297052280368553,5.009614323876019e-05,1.5110087681610432e-05,1.9446457110617283e-06,0.0018416704200735596,0.1015625,0.0010808023214366623,0.150390625,0.5B,16384
10,7,needle_16384_d50,needle,16384,9.704060527839234,14.761757407701825,24.534454999930684,2.263592304315895,31.378356533739233,3.6208003086988256,0.7702998054953287,8.027663201799951,0.1508860895420602,-22.60954174771905,1.7978731840848923,0.48763120989437597,0.8434206258476996,0.0392156862745098,0.6522164392366946,5.587228616184618,0.9651361730332784,0.3140664591954739,0.38544863621961717,0.4774250565528229,0.003192424774169922,0.0017508268356323242,0.1613026752564969,0.28182965684497274,0.13479475270707206,0.07528738701880057,0.03002577298534484,0.015263804642427832,0.010651993990595155,0.0059385314344435475,0.018802261629259177,0.1015625,0.013112869466333834,0.150390625,0.5B,16384
10,8,needle_16384_d50,needle,16384,9.704060527839234,15.596766017746308,24.534454999930684,2.263592304315895,31.378356533739233,3.6208003086988256,0.7702998054953287,8.027663201799951,0.1508860895420602,-29.06278035789728,13.624198615550995,1.9819649953838025e-05,0.9999986676135917,0.0392156862745098,0.670216867751606,4.085680514332017,0.97901693923368,0.533061425095175,0.5871743909525491,0.6480009431783447,0.01856064796447754,0.09846532344818115,0.4621953281281373,0.18877736793271488,0.28736055490349677,0.1700841061225685,0.05674931888292441,0.02182976372614977,0.012189431353622052,0.005150806897867608,0.04096034180663045,0.1015625,0.02521411963428165,0.150390625,0.5B,16384
10,9,needle_16384_d50,needle,16384,9.704060527839234,15.788671323525707,24.534454999930684,2.263592304315895,31.378356533739233,3.6208003086988256,0.7702998054953287,8.027663201799951,0.1508860895420602,-37.93254546076059,1.5254386067390442,0.484989838330039,0.8196235756518421,0.0392156862745098,0.5715488671288514,4.842025127511469,0.9681146836280609,0.4441963868917412,0.48266567687708356,0.5293596332313235,0.0007390379905700684,0.07705485820770264,0.3814355918230451,0.10049883298190918,0.3234660888820801,0.19556893244349433,0.06836455390929687,0.022122889543287907,0.01179750558420147,0.005034004278516484,0.04390613626475556,0.1015625,0.02506690223600888,0.150390625,0.5B,16384
10,10,needle_16384_d50,needle,16384,9.704060527839234,15.478251858458437,24.534454999930684,2.263592304315895,31.378356533739233,3.6208003086988256,0.7702998054953287,8.027663201799951,0.1508860895420602,-29.16205996274948,10.546375513076782,0.00032264209368384437,0.9999724152192886,0.0392156862745098,0.6311080486873392,3.2665624232427595,0.9889023634296311,0.7019196962201095,0.7604519099476408,0.8099036990521191,0.11528664827346802,0.0727987289428711,0.4591127606673214,0.3635084326019308,0.10404310646010823,0.06218994329791241,0.028966890316714195,0.013910191178104386,0.008233363614351254,0.0035679861307706877,0.022657843173415265,0.1015625,0.01579424156208769,0.150390625,0.5B,16384
10,11,needle_16384_d50,needle,16384,9.704060527839234,18.510276524133648,24.534454999930684,2.263592304315895,31.378356533739233,3.6208003086988256,0.7702998054953287,8.027663201799951,0.1508860895420602,-7.3333057500422,23.93494132719934,1.5641232812812057e-08,0.9999999999583145,0.0392156862745098,0.6212439258017398,3.6108892470912255,0.9973241442485901,0.5499734176520056,0.7320758533470312,0.8849034910864373,0.18863964080810547,0.022932052612304688,0.1806499609156655,0.7388855441473805,0.009995138822600075,0.00400887595933167,0.001220251466634112,0.00040843184837249254,0.00019192661997559233,5.661719202352602e-05,0.0011304771467501953,0.1015625,0.0006412453046550578,0.150390625,0.5B,16384
10,12,needle_16384_d50,needle,16384,9.704060527839234,19.60555745690178,24.534454999930684,2.263592304315895,31.378356533739233,3.6208003086988256,0.7702998054953287,8.027663201799951,0.1508860895420602,-32.066534131765366,10.31375391036272,0.0003756557164960737,0.9999668098335435,0.0392156862745098,0.6069369518376412,2.4223734232900327,0.9985019199820377,0.8962227368445074,0.9397071610551895,0.9599305760581812,0.4162259101867676,0.12219095230102539,0.2730764142976893,0.6846871260052863,0.008693952039334828,0.004852626813670297,0.0017418213870894158,0.0006733297270375124,0.00035419502903619865,0.00011996038754686406,0.0015558122425999616,0.1015625,0.0008740208900961244,0.150390625,0.5B,16384
10,13,needle_16384_d50,needle,16384,9.704060527839234,14.161457114613032,24.534454999930684,2.263592304315895,31.378356533739233,3.6208003086988256,0.7702998054953287,8.027663201799951,0.1508860895420602,-40.41961732506752,7.846160665154457,0.01078788593374849,0.9988610820074773,0.0392156862745098,0.6538893875561356,3.5680747677810256,0.9779533450504817,0.6125908168883326,0.6404364295422431,0.6770162088117662,0.046076297760009766,0.006188035011291504,0.5696771360165601,0.0820307795591168,0.34248019156930126,0.20578113055169983,0.0792464598490006,0.030574777665438726,0.016709311355811746,0.006869765365611165,0.04483705630374216,0.1015625,0.026439932040018863,0.150390625,0.5B,16384
11,0,needle_16384_d50,needle,16384,9.704060527839234,21.68342055064475,16.547746812389164,1.0314976476815056,20.2951316877718,4.809913204987891,0.5343110316276115,7.484136868314084,0.07352770899157962,-17.573292575776577,6.962801663205028,0.008471593104938226,0.9989630138979437,0.0392156862745098,0.6504907345988643,4.063651474771321,0.9946766022661642,0.507761565912947,0.6352475969245538,0.7575504826331845,0.1122903823852539,0.04680788516998291,0.1502474874433686,0.5260941576221748,0.017452917391266753,0.007813894490064957,0.002338020840545958,0.0007998035103737545,0.0003899033204653137,0.00011097559839383565,0.0026389899348348163,0.1015625,0.0009740174738987199,0.150390625,0.5B,16384
11,1,needle_16384_d50,needle,16384,9.704060527839234,16.981719385833642,16.547746812389164,1.0314976476815056,20.2951316877718,4.809913204987891,0.5343110316276115,7.484136868314084,0.07352770899157962,-60.87084532156587,3.7874130089767277,0.23871906930693776,0.9587174907607318,0.0,0.5959619690717802,5.417168133415526,0.9686238895996769,0.3002613926079006,0.3591550346863526,0.45009897394128073,0.06579220294952393,0.009694516658782959,0.22628076653391982,0.0021787434303939895,0.12925023093120772,0.08158632251640079,0.04263035300671795,0.022888692414162654,0.01329749317209276,0.0050361021158813754,0.33192839931629103,0.101806640625,0.19250580506948933,0.150634765625,0.5B,16384
11,2,needle_16384_d50,needle,16384,9.704060527839234,18.47855468074944,16.547746812389164,1.0314976476815056,20.2951316877718,4.809913204987891,0.5343110316276115,7.484136868314084,0.07352770899157962,-30.594601847231388,4.295267050154507,0.07359109288092026,0.9863337938034907,0.0196078431372549,0.5926764324521017,4.435031935336425,0.9875522083538003,0.5226554460554235,0.6335027999973795,0.7241251200718993,0.10651320219039917,0.08757525682449341,0.08119618324667073,0.018227400972150233,0.061184350179647025,0.0371032677680084,0.015559617679775315,0.0059910585123308,0.002772973052638771,0.0006711509648441472,0.010901165749180732,0.1015625,0.006451683489206609,0.150390625,0.5B,16384
11,3,needle_16384_d50,needle,16384,9.704060527839234,14.986054255770801,16.547746812389164,1.0314976476815056,20.2951316877718,4.809913204987891,0.5343110316276115,7.484136868314084,0.07352770899157962,-24.88213870115578,1.31845492310822,0.6698663506188168,0.7630132566250403,0.0392156862745098,0.7855237751695564,6.678411601737014,0.9305137861508412,0.1716248647196087,0.22552860787270787,0.30273920636589774,0.022495269775390625,0.027669161558151245,0.09996604980427005,0.08413095516801677,0.16019296802346444,0.10741549332632462,0.05679994131003642,0.03047033883137547,0.018324856294322726,0.008019733029176968,0.04429813004686488,0.1015625,0.025902736742023095,0.150390625,0.5B,16384
11,4,needle_16384_d50,needle,16384,9.704060527839234,19.072715868813933,16.547746812389164,1.0314976476815056,20.2951316877718,4.809913204987891,0.5343110316276115,7.484136868314084,0.07352770899157962,-32.06546431127936,1.9881336456164718,0.5243434505461511,0.8444827520634485,0.0392156862745098,0.7220985382118631,4.844600116979473,0.9682904808619007,0.4510057581173546,0.4987686913427722,0.5674205448040227,0.12240862846374512,0.0025773048400878906,0.33243537275248974,0.10212774274548482,0.24323463734785386,0.15098413958665363,0.07253671468453131,0.03491316808873461,0.01984967048330323,0.007616290556009239,0.0836377744241434,0.1015625,0.05624507304000988,0.150390625,0.5B,16384
11,5,needle_16384_d50,needle,16384,9.704060527839234,20.64449747564608,16.547746812389164,1.0314976476815056,20.2951316877718,4.809913204987891,0.5343110316276115,7.484136868314084,0.07352770899157962,-18.499671190977097,1.3191580064594746,0.5469946136592874,0.7846189153995156,0.0392156862745098,0.6941633472549316,4.406961825109033,0.992627568133647,0.4221127668503212,0.5598593695872749,0.7020946200686654,0.05283200740814209,0.04349896311759949,0.15611220327463318,0.5381184039753938,0.025257912246954305,0.01201547504214761,0.004619264509133367,0.001810450066794765,0.0009043598431251982,0.0003232559812218886,0.003112194445335101,0.1015625,0.0018493646219552892,0.150390625,0.5B,16384
11,6,needle_16384_d50,needle,16384,9.704060527839234,18.073851163451607,16.547746812389164,1.0314976476815056,20.2951316877718,4.809913204987891,0.5343110316276115,7.484136868314084,0.07352770899157962,-41.252701587975025,2.864216074347496,0.3417552230658537,0.9219541740986109,0.0392156862745098,0.712363957435534,3.891236628083859,0.9820578804761102,0.5784416715921964,0.6357574584135129,0.6971275839961848,0.137067973613739,0.0008144378662109375,0.45554488407216703,0.1399161908960707,0.20166879641693417,0.12299078299989191,0.05371625486838989,0.022375951603782966,0.011788060893019337,0.004058497775400708,0.075935106867202,0.1015625,0.04502241578908719,0.150390625,0.5B,16384
11,7,needle_16384_d50,needle,16384,9.704060527839234,38.45028721856511,27.751123055064234,3.5112180145957526,42.711382185185975,9.170229362605347,0.6480529298385648,11.429415865816887,0.025091849510087333,-143.91310985945165,19.818124161101878,6.671891975303213e-08,0.9999999975021814,0.0,0.8977110100379074,0.052943926083794335,0.9999375946779477,0.9999566384679122,0.9999879244257865,0.9999964301775504,1.3092105984687805,0.4812220335006714,0.9917942685029096,1.3377742475418695e-12,2.452794454830202e-06,1.866407195152476e-07,3.618661452830452e-10,4.2834213199617175e-12,4.768851486030062e-13,8.939678131023435e-15,9.956467608982816e-05,0.101806640625,4.2121189984363804e-05,0.150634765625,0.5B,16384
11,8,needle_16384_d50,needle,16384,9.704060527839234,18.242205490332154,27.751123055064234,3.5112180145957526,42.711382185185975,9.170229362605347,0.6480529298385648,11.429415865816887,0.025091849510087333,10.809706017374992,1.108460932970047,0.7605411290331565,0.7187175867558177,0.0392156862745098,0.6299198625187299,6.496100440772807,0.9544118185312404,0.1474902247441852,0.21980594971662276,0.31412386678326276,0.0648292601108551,0.04779714345932007,0.005073949584101094,0.0673632058443578,0.07800580038746163,0.045968075650194645,0.02045417449630607,0.00939284864736081,0.004979447746088559,0.001155289986053757,0.007961081834026544,0.1015625,0.005018026799736919,0.150390625,0.5B,16384
11,9,needle_16384_d50,needle,16384,9.704060527839234,32.62226917632752,27.751123055064234,3.5112180145957526,42.711382185185975,9.170229362605347,0.6480529298385648,11.429415865816887,0.025091849510087333,-149.59251917898655,4.141614196822047,0.090724995943084,0.9830752880212591,0.0,0.8915366699998729,4.101014745593859,0.9943356595068596,0.44618780767081356,0.5099989077631422,0.6014994897296835,0.08494877815246582,0.017550408840179443,0.308422068947444,0.0012366339783627192,0.04399859400603063,0.0016190261704130497,8.287929960846462e-07,5.509992358825347e-08,5.472837942723775e-09,1.2725975521733858e-10,0.5772201825093406,0.101806640625,0.49227450959591745,0.150634765625,0.5B,16384
11,10,needle_16384_d50,needle,16384,9.704060527839234,25.40186271464261,27.751123055064234,3.5112180145957526,42.711382185185975,9.170229362605347,0.6480529298385648,11.429415865816887,0.025091849510087333,-57.42964907735586,0.22727040201425552,1.060037325335773,0.4471765500956397,0.0392156862745098,0.7868257328252236,1.6990687315303572,0.9997122120193727,0.9773348933969613,0.9910774908011353,0.9960490678333864,0.1703420877456665,0.30402934551239014,0.08472534799505647,0.38974752088747044,0.00010885597515082157,3.602835017374446e-05,4.952365505965241e-06,6.804986364721099e-07,1.7081011719574456e-07,2.2642410408480895e-08,0.00014547559760034857,0.1015625,8.70975500567683e-05,0.150390625,0.5B,16384
11,11,needle_16384_d50,needle,16384,9.704060527839234,36.29801091498601,27.751123055064234,3.5112180145957526,42.711382185185975,9.170229362605347,0.6480529298385648,11.429415865816887,0.025091849510087333,-149.56297798035666,2.55999136576429,0.2772621334758354,0.9257857327781479,0.0,0.9055680997057418,2.4974648059387725,0.996878335062918,0.7355161964167645,0.759181039896684,0.7966224307919682,0.06772810220718384,0.026667989790439606,0.5811014974294264,2.879063364956719e-06,0.10730797282161372,0.003016121155311435,1.263583029912203e-07,4.837336810531225e-09,3.1716877757121625e-10,5.037043408820778e-12,0.587944528645493,0.101806640625,0.4833166806492979,0.150634765625,0.5B,16384
11,12,needle_16384_d50,needle,16384,9.704060527839234,27.949632677042757,27.751123055064234,3.5112180145957526,42.711382185185975,9.170229362605347,0.6480529298385648,11.429415865816887,0.025091849510087333,-113.8965465426445,6.362696096301079,0.014380038935814158,0.9981222994170035,0.0392156862745098,0.8887984227891964,3.364867811950932,0.9986289738443105,0.5838674444537065,0.7770826069154809,0.9270891140655131,0.07917588949203491,0.12336480617523193,0.11552972466814176,0.016405502785070504,9.427565296466728e-05,2.043428117783745e-05,1.4902846786349794e-06,9.11047308026747e-08,1.3973961127569856e-08,1.0939706435374766e-09,0.016899236304011325,0.1015625,0.004596331695879502,0.150390625,0.5B,16384
11,13,needle_16384_d50,needle,16384,9.704060527839234,39.92813775569237,27.751123055064234,3.5112180145957526,42.711382185185975,9.170229362605347,0.6480529298385648,11.429415865816887,0.025091849510087333,-217.54818270064425,21.150033964891918,2.9078411248650865e-08,0.9999999993463851,0.0,0.8871370161933224,5.118356221844971e-07,0.9999389648432675,0.9999999999565715,0.9999999999905568,0.9999999999966378,0.1207757294178009,0.07000622153282166,0.9999999980830454,1.158559528455742e-14,6.3959754006540205e-12,1.632969210306953e-12,2.0465108708955697e-13,1.0180775414527107e-14,3.373276229473575e-15,3.713155353260221e-15,2.541539712009292e-11,0.101806640625,2.2681672030036982e-11,0.150634765625,0.5B,16384
12,0,needle_16384_d50,needle,16384,9.704060527839234,33.59070900925978,16.41008624030576,1.4260835469183666,20.772280898647114,6.539614995229618,0.7234158434182684,10.496670186462753,0.04887105542973169,25.443806305527687,24.688003305345774,1.5114948807047453e-08,0.9999999999799876,0.0392156862745098,0.5607947170971205,0.6241712384227676,0.9997437478034784,0.9836593098520642,0.9888972592942044,0.9929391781875652,0.006666004657745361,0.14213716983795166,0.08968760454826662,0.8932725270491583,0.0011835683369388736,0.0005846086456800973,0.00013961050057103978,3.057350078427685e-05,9.055102873956846e-06,1.069081425330267e-06,0.0013828594240398318,0.1015625,0.0009772106895762356,0.150390625,0.5B,16384
12,1,needle_16384_d50,needle,16384,9.704060527839234,12.341675036505546,16.41008624030576,1.4260835469183666,20.772280898647114,6.539614995229618,0.7234158434182684,10.496670186462753,0.04887105542973169,-5.860259374938323,0.6485316601028899,1.01861475379324,0.5414038632767819,0.0392156862745098,0.7045060772626909,4.591203094137411,0.9395319182094457,0.5492020711365304,0.5763819298217723,0.609796831661053,0.4913741946220398,0.030940964818000793,0.43676307007613063,0.026631539472543642,0.5198319965891168,0.41181240665991975,0.2643537599725688,0.16394947507760907,0.1149883212592101,0.06092635533358008,0.18429013069102518,0.1015625,0.13629546846501459,0.150390625,0.5B,16384
12,2,needle_16384_d50,needle,16384,9.704060527839234,16.37683606956108,16.41008624030576,1.4260835469183666,20.772280898647114,6.539614995229618,0.7234158434182684,10.496670186462753,0.04887105542973169,20.883396364748478,5.875571057200432,0.019915519673893465,0.9971402680755885,0.0392156862745098,0.6891178664832702,3.401642507498952,0.9689294407780114,0.6509986231994468,0.6860587207181882,0.7327526653194134,0.1770867109298706,0.024994254112243652,0.581108661286799,0.16496755166517713,0.22440003782848267,0.15903339600904406,0.10159868003963593,0.06539074372903043,0.04641969797650572,0.024703328776846598,0.08512093314415928,0.1015625,0.06458046446035337,0.150390625,0.5B,16384
12,3,needle_16384_d50,needle,16384,9.704060527839234,15.356726279303798,16.41008624030576,1.4260835469183666,20.772280898647114,6.539614995229618,0.7234158434182684,10.496670186462753,0.04887105542973169,-1.911198116838932,7.995949454605579,0.004064630160222503,0.999572942497647,0.0,0.6627357337819764,3.2856694010020657,0.9586848025015342,0.7000323384362169,0.733844289490851,0.7660166634777701,0.03435707092285156,0.023215532302856445,0.606804424572646,0.000875035487326638,0.33746270365481895,0.2761298354814846,0.1859855882666087,0.12370497796667952,0.09052078449199939,0.05304063463512215,0.22319559383956997,0.101806640625,0.17577261258907412,0.150390625,0.5B,16384
12,4,needle_16384_d50,needle,16384,9.704060527839234,12.984347261933998,16.41008624030576,1.4260835469183666,20.772280898647114,6.539614995229618,0.7234158434182684,10.496670186462753,0.04887105542973169,13.555676888674498,0.24563785642385483,1.1430895189865298,0.40838589368924927,0.0392156862745098,0.8101205838163108,4.911568821145494,0.9227985156614253,0.46877232990334244,0.4923517990414891,0.5298538132198404,0.043878018856048584,0.00816267728805542,0.44088757394176226,0.08843677978631531,0.39545841523064923,0.26948774022901534,0.14694737832884525,0.1009918541647509,0.07887917218916966,0.05117968210339563,0.09662513466668533,0.1015625,0.07666324163499544,0.150390625,0.5B,16384
12,5,needle_16384_d50,needle,16384,9.704060527839234,15.060926418496265,16.41008624030576,1.4260835469183666,20.772280898647114,6.539614995229618,0.7234158434182684,10.496670186462753,0.04887105542973169,18.736546866595745,1.8337615802884102,1.3290736349894445,0.6154336917074242,0.0392156862745098,0.7198172692470849,6.5464203540069175,0.9238268503355087,0.21750872116831443,0.24492268700079253,0.29198279190156895,0.013603925704956055,0.005971550941467285,0.18401306093078332,0.03897473510686038,0.3767115600956882,0.26437150265028275,0.12260513923531899,0.04891610093428139,0.02748991027374505,0.014197221927466004,0.03483976475701699,0.1015625,0.02263715283340464,0.150390625,0.5B,16384
12,6,needle_16384_d50,needle,16384,9.704060527839234,17.330130056481618,16.41008624030576,1.4260835469183666,20.772280898647114,6.539614995229618,0.7234158434182684,10.496670186462753,0.04887105542973169,27.739316571503878,8.477569020353258,0.0020080953917396608,0.9997895028886452,0.0392156862745098,0.6628220766491368,3.338801628357772,0.9893148260966821,0.6188827705904637,0.673403505311701,0.7466750154679457,0.004219770431518555,0.012847304344177246,0.5205707749663147,0.24919975466575522,0.10862774588674257,0.056114819334095595,0.025944899683771526,0.013530617761944384,0.008489159888161768,0.0037998373821855795,0.021563455461655733,0.1015625,0.01577240494697574,0.150390625,0.5B,16384
12,7,needle_16384_d50,needle,16384,9.704060527839234,16.00476723634524,20.59471105975154,0.843282506251102,23.135943261797177,6.328012543781026,0.7007152965348226,8.480480378580928,0.1295667151050257,-5.365852098912001,1.9207813983084634,0.38233025641559787,0.8722107986820044,0.0392156862745098,0.8051121790350748,3.7789328899257204,0.9925754439795272,0.5588741872325487,0.6485256029531743,0.7637401915779647,0.02808511257171631,0.0730370283126831,0.2978737295508405,0.5407550213036219,0.03409094143309436,0.021500861542034577,0.012433344682324342,0.007128675968588541,0.004332310950028449,0.0018191442027066605,0.009721100574864949,0.1015625,0.006343544733277287,0.150390625,0.5B,16384
12,8,needle_16384_d50,needle,16384,9.704060527839234,21.04186890445122,20.59471105975154,0.843282506251102,23.135943261797177,6.328012543781026,0.7007152965348226,8.480480378580928,0.1295667151050257,-7.517516598105431,38.470227375626564,1.4630452344148583e-08,0.9999999999989999,0.0392156862745098,0.6904666083791098,2.295720509245977,0.9992233321573538,0.9066400232335468,0.9681915787606221,0.9840603030496038,0.9145625829696655,0.029711246490478516,0.1892339091248113,0.792067938612681,0.0029346450686447275,0.00158545410431923,0.0005285768374612513,0.00017651739134118827,7.471903110379136e-05,1.886048971684337e-05,0.0013301769499672964,0.1015625,0.0008637307024839907,0.150390625,0.5B,16384
12,9,needle_16384_d50,needle,16384,9.704060527839234,17.38911779166782,20.59471105975154,0.843282506251102,23.135943261797177,6.328012543781026,0.7007152965348226,8.480480378580928,0.1295667151050257,4.962652467191219,10.290228486061096,0.0003838410151920998,0.9999660172187961,0.0392156862745098,0.809568059074479,3.6921817219077595,0.9966373822490979,0.5360232549883501,0.6585455681038446,0.8138506482087767,0.06474930047988892,0.0020360350608825684,0.2100617873158412,0.6954279140786339,0.00706709092503285,0.004810337052474203,0.002574421687825155,0.0011850803110328688,0.0006481663341259435,0.00022343946597803884,0.0018149466836083355,0.1015625,0.0011284680036805549,0.150390625,0.5B,16384
12,10,needle_16384_d50,needle,16384,9.704060527839234,14.11175504573236,20.59471105975154,0.843282506251102,23.135943261797177,6.328012543781026,0.7007152965348226,8.480480378580928,0.1295667151050257,-7.806788422167301,11.256412986665964,0.00015923148266912973,0.9999870304939612,0.0392156862745098,0.8292313524873359,3.474464161277121,0.9909606874607335,0.6103783405756453,0.7182001527113119,0.8274750248583699,0.06586892902851105,0.11335253715515137,0.3863140699851356,0.48659238426668383,0.046204144589095754,0.032858830916443114,0.01988465086309305,0.01146265873908243,0.007241263661362071,0.0032248176802773397,0.012534481316372819,0.1015625,0.00873433073327817,0.150390625,0.5B,16384
12,11,needle_16384_d50,needle,16384,9.704060527839234,16.062149172042698,20.59471105975154,0.843282506251102,23.135943261797177,6.328012543781026,0.7007152965348226,8.480480378580928,0.1295667151050257,-6.566217876039445,3.575836413539946,0.1277194819973839,0.9724762386290239,0.0392156862745098,0.8141767270131474,4.519229341243441,0.9876982749132155,0.4410114475340031,0.5552854337732226,0.6625987616856988,0.09442132711410522,0.04251062870025635,0.23602047118866454,0.33170934312156464,0.059782707863272694,0.03049522301387155,0.011519828215774212,0.004916965789608802,0.0026603941840041057,0.0010365197797029563,0.011378753702097455,0.1015625,0.006540048801854476,0.150390625,0.5B,16384
12,12,needle_16384_d50,needle,16384,9.704060527839234,19.718204508882337,20.59471105975154,0.843282506251102,23.135943261797177,6.328012543781026,0.7007152965348226,8.480480378580928,0.1295667151050257,16.728616453707218,36.53883530199528,1.463045540848672e-08,0.9999999999989997,0.0392156862745098,0.7144275251589142,3.1200183973087414,0.9988770401983482,0.6436558299086778,0.8440382860396483,0.9750574438018622,0.32623404264450073,0.1308363378047943,0.0664248803270016,0.9230759913048264,0.0011349231437614187,0.0004989441395734523,0.00015078368631062618,4.5182229704096193e-05,1.938193629595398e-05,4.548109581844076e-06,0.00016566168672876437,0.1015625,8.192037723790961e-05,0.150390625,0.5B,16384
12,13,needle_16384_d50,needle,16384,9.704060527839234,14.774187853714905,20.59471105975154,0.843282506251102,23.135943261797177,6.328012543781026,0.7007152965348226,8.480480378580928,0.1295667151050257,-8.083047184161842,6.510239974595606,0.015243678172690935,0.9980427084642512,0.0392156862745098,0.81397165616809,5.072184773256789,0.9767614323668246,0.36823521177213975,0.4850620982333161,0.6078026092284193,0.013009190559387207,0.020694851875305176,0.16389590912076646,0.3991581806550953,0.04332911858184765,0.030979478268167666,0.01745507741243019,0.010076709793428165,0.0064275429599189434,0.0031090611197516203,0.017280371447857913,0.1015625,0.011548914116014804,0.150390625,0.5B,16384
13,0,needle_16384_d50,needle,16384,9.704060527839234,20.772448296323624,22.329529416348542,1.8900296429441,30.862578700395176,5.320390196919405,0.43738524886891955,7.547755269282684,0.07437854699813126,-0.1705836057662964,15.937338843941689,2.147028320642638e-06,0.9999998752619854,0.0392156862745098,0.816287154954971,3.1420904641554848,0.9952856688026028,0.7102595085423338,0.7821711456960184,0.8423255782794704,0.43843960762023926,0.07982969284057617,0.4224890026206305,0.06023157585157692,0.04129956425887147,0.021403314729106688,0.006760287346129279,0.0023518701183976743,0.001090730187609441,0.00031766174242638296,0.03290001321061834,0.1015625,0.01713383850997593,0.150390625,0.5B,16384
13,1,needle_16384_d50,needle,16384,9.704060527839234,18.318805541504524,22.329529416348542,1.8900296429441,30.862578700395176,5.320390196919405,0.43738524886891955,7.547755269282684,0.07437854699813126,10.816221743822098,32.134953647851944,1.4630757309946566e-08,0.9999999999989888,0.0392156862745098,0.7492982905743697,2.5220010301535765,0.9985329251714864,0.8021397942717835,0.9331968398824568,0.9752746103687103,0.5321403741836548,0.23801660537719727,0.39315486913263603,0.587617395829102,0.006720998919455782,0.0041407363702544156,0.0017463654951504041,0.0007247512432114477,0.00035553480154031883,0.00010828232082599602,0.0029876113066910365,0.1015625,0.0016454717277950934,0.150390625,0.5B,16384
13,2,needle_16384_d50,needle,16384,9.704060527839234,20.437544225892246,22.329529416348542,1.8900296429441,30.862578700395176,5.320390196919405,0.43738524886891955,7.547755269282684,0.07437854699813126,-2.3536428716033697,13.853815099224448,1.8080026817842556e-05,0.9999988131376361,0.0,0.7140223585771849,4.639332633268445,0.9891292396562864,0.41572582345984965,0.48397507134826745,0.5696091821488947,0.018341788090765476,0.027651935815811157,0.011585343023247653,0.0028783754994012225,0.09241782399682039,0.031625225443320734,0.009371706227009323,0.003053039718214841,0.001355086328943125,0.0003517322985032812,0.418971993829157,0.101806640625,0.3140518238188306,0.150634765625,0.5B,16384
13,3,needle_16384_d50,needle,16384,9.704060527839234,21.195926104788068,22.329529416348542,1.8900296429441,30.862578700395176,5.320390196919405,0.43738524886891955,7.547755269282684,0.07437854699813126,9.44437575340271,12.882065623998642,3.532517279537914e-05,0.9999974565347953,0.0392156862745098,0.6491030149685171,0.8760423108301097,0.9994477955327111,0.9520201227644017,0.9693420488928912,0.9797921363480104,0.20479202270507812,0.025035381317138672,0.0425499142346815,0.9264126496597705,0.0025698057032693088,0.0011798859818388852,0.00034883264425483734,0.000115452935586381,5.0310820021352895e-05,1.3664687753267705e-05,0.0006225860245993564,0.1015625,0.0004514903699816617,0.150390625,0.5B,16384
13,4,needle_16384_d50,needle,16384,9.704060527839234,19.260665095762548,22.329529416348542,1.8900296429441,30.862578700395176,5.320390196919405,0.43738524886891955,7.547755269282684,0.07437854699813126,28.247568795457482,16.143632071092725,1.6865610962547928e-06,0.9999999024881783,0.0392156862745098,0.7617650337639653,3.569552732021623,0.9978996679501227,0.5546775259021488,0.7407932184531469,0.8792935759144801,0.139964759349823,0.1306554079055786,0.10670625178270998,0.7996893033358534,0.003062600098759674,0.0013009770311638634,0.0004964386445083414,0.00017553465012783655,7.182474454689118e-05,1.6763315103323322e-05,0.0005802078114885773,0.1015625,0.0002870454108838658,0.150390625,0.5B,16384
13,5,needle_16384_d50,needle,16384,9.704060527839234,17.303459969547816,22.329529416348542,1.8900296429441,30.862578700395176,5.320390196919405,0.43738524886891955,7.547755269282684,0.07437854699813126,3.863384585827589,6.36719324067235,0.014207417518313654,0.9981326168493929,0.0392156862745098,0.7901625294080726,5.304658088324264,0.9732057609767395,0.34694964325961575,0.41430514860012563,0.4962805759151885,0.02089834213256836,0.13213276863098145,0.24623792255300953,0.15780500901102984,0.15068255690935578,0.09369854777009501,0.04254622956865234,0.015220890774384228,0.005809347760006263,0.0012215724355412523,0.04964571943961424,0.1015625,0.01901483357654066,0.150390625,0.5B,16384
13,6,needle_16384_d50,needle,16384,9.704060527839234,13.771475452576558,22.329529416348542,1.8900296429441,30.862578700395176,5.320390196919405,0.43738524886891955,7.547755269282684,0.07437854699813126,-0.8001884147524834,8.263860896229744,0.0027997047783151607,0.9997055917343592,0.0392156862745098,0.7947287484284518,6.449450580351786,0.8995217928571051,0.28258842804607176,0.3434778476179941,0.4108448637730051,0.06245779991149902,0.05003482103347778,0.16399669702348216,0.030951327831323736,0.34890264935662635,0.26688624432817687,0.17350372633567898,0.10757530670408488,0.07569877594121498,0.04277400756520336,0.1988120906794254,0.1015625,0.15290747836559496,0.150390625,0.5B,16384
13,7,needle_16384_d50,needle,16384,9.704060527839234,13.987689542892372,21.648688660731146,1.1387974341719713,25.639938917169104,5.956492243918008,0.42888238676277185,8.784693090460065,0.07565562366296043,-15.290192797780037,4.336352579295635,0.11731329364377854,0.9801914114096016,0.0392156862745098,0.8499868282976745,6.7465321182328415,0.902202127257631,0.22495681040927032,0.26618659944005485,0.3158026341281517,0.09519851207733154,0.1395031213760376,0.14366247829659592,0.03416778962818001,0.24596969034798927,0.18285481359232558,0.11347059811286372,0.07262120537217644,0.050975340432473454,0.027533024292027693,0.15131504501324167,0.1015625,0.10898340014437442,0.150390625,0.5B,16384
13,8,needle_16384_d50,needle,16384,9.704060527839234,20.705222595494558,21.648688660731146,1.1387974341719713,25.639938917169104,5.956492243918008,0.42888238676277185,8.784693090460065,0.07565562366296043,12.27352634165436,8.553245122544467,0.0038402978060813288,0.999627457852285,0.0,0.7744101886000496,6.629975705367451,0.9484421088459454,0.11560202541233981,0.1848347941909544,0.28046566440974785,0.039223700761795044,0.02459380030632019,0.006961078192861544,0.00015684002488028858,0.15318431408672664,0.09919547596583508,0.046419587762146004,0.021353194872161075,0.013044663194117694,0.005476321523055406,0.0623223591463658,0.101806640625,0.05425702805628041,0.150634765625,0.5B,16384
13,9,needle_16384_d50,needle,16384,9.704060527839234,20.034288406541947,21.648688660731146,1.1387974341719713,25.639938917169104,5.956492243918008,0.42888238676277185,8.784693090460065,0.07565562366296043,0.28078140038996935,8.919324313290417,0.0020080755974386435,0.9998091415615213,0.0,0.8277166977489901,5.5349140792455715,0.9753541829920416,0.30263783682771606,0.40074837709798833,0.5106940342136899,0.3107483983039856,0.13779091835021973,0.07864432542656195,0.0025761652330896024,0.09110917580165988,0.058568613743099115,0.026075802353920492,0.010412446593947544,0.005181221065780318,0.0018795667158706588,0.027076874646739392,0.101806640625,0.016927528814139177,0.150634765625,0.5B,16384
13,10,needle_16384_d50,needle,16384,9.704060527839234,17.08005833829123,21.648688660731146,1.1387974341719713,25.639938917169104,5.956492243918008,0.42888238676277185,8.784693090460065,0.07565562366296043,9.040649756789207,13.259737372398376,2.487342482327932e-05,0.999998256713052,0.0392156862745098,0.7496357849039174,4.077554402612438,0.9928412461037327,0.5086188732728322,0.6675302534279267,0.7991585252956818,0.2598990201950073,0.10340988636016846,0.14985864588086367,0.7108147515604158,0.022509607198851568,0.01325327827526985,0.005298670311230859,0.0021234628192911007,0.001097662358878897,0.0003891709150377185,0.005166141141289391,0.1015625,0.002976456198528277,0.150390625,0.5B,16384
13,11,needle_16384_d50,needle,16384,9.704060527839234,15.087253329943843,21.648688660731146,1.1387974341719713,25.639938917169104,5.956492243918008,0.42888238676277185,8.784693090460065,0.07565562366296043,-6.1440853998064995,1.4778810376301408,0.6241689958225848,0.7901344221553214,0.0392156862745098,0.8214436840669347,5.731802376762582,0.9725236511620016,0.2580064788621637,0.33693042951384666,0.42968206942433795,0.02923339605331421,0.02702462673187256,0.13146385877581582,0.0859611494533107,0.11996155425553616,0.054738850795378574,0.018737278359936174,0.007705402935026361,0.004205942096184231,0.0014479877595970935,0.009407731801468743,0.1015625,0.006451846125597819,0.150390625,0.5B,16384
13,12,needle_16384_d50,needle,16384,9.704060527839234,19.69420861430835,21.648688660731146,1.1387974341719713,25.639938917169104,5.956492243918008,0.42888238676277185,8.784693090460065,0.07565562366296043,6.254488550126553,1.51070112362504,1.1793858095886447,0.6436190830903622,0.0,0.771473319655625,5.1816902102465185,0.9815359754787757,0.2999750043999793,0.38328194678056,0.5123147586970663,0.06622135639190674,0.0277402400970459,0.0010964737244076746,0.0004014720993850868,0.08280018411084143,0.048154140550126984,0.02062402545015069,0.00849080105740095,0.004533483145630015,0.0016027089476436849,0.1370020141401972,0.101806640625,0.11597823597878255,0.150634765625,0.5B,16384
13,13,needle_16384_d50,needle,16384,9.704060527839234,21.389172123623823,21.648688660731146,1.1387974341719713,25.639938917169104,5.956492243918008,0.42888238676277185,8.784693090460065,0.07565562366296043,-13.046385791152716,13.672602877020836,2.7807026741994815e-05,0.999998197262141,0.0392156862745098,0.776632226942262,5.492061544022229,0.9750427725879536,0.3192699966008724,0.39745726840087026,0.49369260580990787,0.02427387237548828,0.03706556558609009,0.14619040333453726,0.005507762386680947,0.12516809401792703,0.06803812314357567,0.024881650087713744,0.010264093905518985,0.005015553703827357,0.0016198998685632215,0.13568358564462327,0.101806640625,0.049652212619273134,0.150634765625,0.5B,16384
14,0,needle_16384_d50,needle,16384,9.704060527839234,15.556358236179248,21.411409963311193,1.5573338576311009,25.536654214394964,6.055517951828656,0.7192236197418878,8.50921857527581,0.08069397229411121,-8.337459400296211,14.468898624181747,8.062791858892898e-06,0.9999994797184812,0.0392156862745098,0.7277677744850156,3.950878399738041,0.9914251944660634,0.47678194833998083,0.6461952636894627,0.8096414872656874,0.027906417846679688,0.061945438385009766,0.2514564756266568,0.6424163464293855,0.031112852826866294,0.02034487637118973,0.009579028571581945,0.004555140021663127,0.0025251352003258037,0.0010029417817767217,0.009219021213257024,0.1015625,0.0065621620789383835,0.150390625,0.5B,16384
14,1,needle_16384_d50,needle,16384,9.704060527839234,25.37853399106175,21.411409963311193,1.5573338576311009,25.536654214394964,6.055517951828656,0.7192236197418878,8.50921857527581,0.08069397229411121,-27.37324469909072,23.328635189682245,1.7350265594815277e-08,0.9999999998880593,0.0392156862745098,0.5242858998882836,1.0464917058323335,0.9983123635810751,0.9332417350162147,0.9506439698781178,0.9625805463191666,0.00866842269897461,0.14626860618591309,0.0380854886404274,0.9062995880706763,0.009216997918421723,0.0055372275347428035,0.0020333306083663355,0.0006902306590213629,0.0003266254974730225,8.348290402730942e-05,0.006420130874303968,0.1015625,0.004167552605528034,0.150390625,0.5B,16384
14,2,needle_16384_d50,needle,16384,9.704060527839234,17.571418649363846,21.411409963311193,1.5573338576311009,25.536654214394964,6.055517951828656,0.7192236197418878,8.50921857527581,0.08069397229411121,-2.3858251767233014,24.16286925598979,1.5454545176753034e-08,0.9999999999661424,0.0392156862745098,0.6927215954209494,3.6737643680316783,0.9951354311256169,0.566711988182246,0.793285648856553,0.8918471395652885,0.11063271760940552,0.07893204689025879,0.08493654605413066,0.8060971140632923,0.01876677612565642,0.010383247039914351,0.0041845522009979095,0.0016736708252491075,0.0008444906383384597,0.0002710967719045794,0.006563647800474718,0.1015625,0.0039513225605746286,0.150390625,0.5B,16384
14,3,needle_16384_d50,needle,16384,9.704060527839234,14.838569649678556,21.411409963311193,1.5573338576311009,25.536654214394964,6.055517951828656,0.7192236197418878,8.50921857527581,0.08069397229411121,-31.628300920128822,0.3144254917278886,0.7683885480825431,0.5698264876997456,0.0392156862745098,0.6056002338453388,6.620036589753959,0.9374161935913363,0.19242391838235026,0.24581383801910484,0.31063494956423765,0.11051803827285767,0.1474924385547638,0.06646868611628624,0.04224075225594544,0.1893617438325202,0.129499542250077,0.06689371959814852,0.03634668754733238,0.021053599751380565,0.008166146899436328,0.11804577985002156,0.1015625,0.06203475502362176,0.150390625,0.5B,16384
14,4,needle_16384_d50,needle,16384,9.704060527839234,15.054521671603275,21.411409963311193,1.5573338576311009,25.536654214394964,6.055517951828656,0.7192236197418878,8.50921857527581,0.08069397229411121,-3.9056477695703506,25.827973268926144,1.4860106029556911e-08,0.9999999999903366,0.0392156862745098,0.7798348052873988,4.740588745386391,0.9756755253736883,0.49849447934119673,0.6091610472151194,0.6973355126980855,0.33249908685684204,0.2033851146697998,0.06612265184334883,0.6086136792746464,0.06512883540087595,0.04593585354368862,0.02733258184986425,0.015568513898193637,0.009765703970021902,0.004376763586398348,0.06999584481358372,0.1015625,0.03968454749562899,0.150390625,0.5B,16384
14,5,needle_16384_d50,needle,16384,9.704060527839234,14.678606109341265,21.411409963311193,1.5573338576311009,25.536654214394964,6.055517951828656,0.7192236197418878,8.50921857527581,0.08069397229411121,-9.73149381019175,13.367850431706756,2.2849908457434947e-05,0.9999984172249413,0.0392156862745098,0.7065517120017334,7.080156500792231,0.895049454247355,0.1786578363326429,0.23059336770174022,0.2930727029577738,0.008510351181030273,0.013394713401794434,0.039793124313251736,0.20280630387427415,0.17433028872919376,0.1182327180072939,0.07405927442225528,0.04916799499228094,0.03473396536487689,0.018833085872014047,0.17644081334484737,0.1015625,0.1356988727645082,0.150390625,0.5B,16384
14,6,needle_16384_d50,needle,16384,9.704060527839234,14.58729173434791,21.411409963311193,1.5573338576311009,25.536654214394964,6.055517951828656,0.7192236197418878,8.50921857527581,0.08069397229411121,-16.25690172612667,12.6983856074512,4.1879647096282526e-05,0.9999969438645536,0.0392156862745098,0.7743111418787332,4.100048179807461,0.9806339903477876,0.5580737339656978,0.6567982249005824,0.749871064658118,0.03723788261413574,0.17420661449432373,0.3441157446622323,0.445482604939276,0.09474775039103603,0.06525699130434642,0.03389030591971812,0.016257331455395405,0.009431719870917345,0.0037117143206311597,0.03757062946028926,0.1015625,0.02268923950105091,0.150390625,0.5B,16384
14,7,needle_16384_d50,needle,16384,9.704060527839234,18.17427679837352,18.605410375261037,1.361050278482173,21.961886017745343,6.170829470911862,1.0480297214088252,9.732835505390794,0.12446884263410374,16.2466064337641,20.410383516922593,4.3898758470391095e-08,0.9999999986316099,0.0392156862745098,0.7235928953268114,3.507732614769669,0.9965503710836241,0.5869722873887095,0.7591470166238709,0.8892225645842495,0.12775397300720215,0.06091809272766113,0.23801690586031085,0.6913145384376462,0.01668666462304885,0.007958638064329598,0.0023018088967279534,0.0008387939328867742,0.0004418510742762162,0.00017495269869416603,0.0021461428314468894,0.1015625,0.0011882478313991161,0.150390625,0.5B,16384
14,8,needle_16384_d50,needle,16384,9.704060527839234,12.618737423773853,18.605410375261037,1.361050278482173,21.961886017745343,6.170829470911862,1.0480297214088252,9.732835505390794,0.12446884263410374,-0.0551159605383873,7.874252013862133,0.003415930503301466,0.9996168275631299,0.0392156862745098,0.8206946537900655,6.778650130397921,0.887478385009572,0.2396390513895881,0.28390593540266146,0.3312273364546261,0.05669105052947998,0.09488773345947266,0.16150689360357776,0.1970018563746481,0.261319365513241,0.18183504627943523,0.10340515937747476,0.059634138158330026,0.04031164529501941,0.022162135546546738,0.08456963514836861,0.1015625,0.0634730270255838,0.150390625,0.5B,16384
14,9,needle_16384_d50,needle,16384,9.704060527839234,16.00201179198447,18.605410375261037,1.361050278482173,21.961886017745343,6.170829470911862,1.0480297214088252,9.732835505390794,0.12446884263410374,-1.5952989757061005,4.431480143219233,0.12925340196257512,0.9791633645039943,0.0392156862745098,0.6023291385931305,7.317591374346185,0.8976707468152323,0.11687061063181571,0.16066258919029194,0.21831835165073557,0.07080283761024475,0.036810800433158875,0.011366539475585587,0.012678448965737749,0.22015912616220315,0.1537023406257105,0.0958266982247412,0.06024873905898166,0.04082940415124122,0.020833180947506868,0.10315126130966276,0.101806640625,0.07866284714218455,0.150634765625,0.5B,16384
14,10,needle_16384_d50,needle,16384,9.704060527839234,27.180542662945665,18.605410375261037,1.361050278482173,21.961886017745343,6.170829470911862,1.0480297214088252,9.732835505390794,0.12446884263410374,8.832237005233765,36.915809497237206,1.4630454276174204e-08,0.9999999999989999,0.0392156862745098,0.5820914164450064,1.2639609931329487,0.9994374710895245,0.9461084400808146,0.9787360505614807,0.987927367771027,0.06522822380065918,0.4544343948364258,0.11102777140970146,0.8691845057316556,0.0025774216038352967,0.001421160979205638,0.0005326762374636385,0.00019518614573581165,8.964878301105735e-05,2.5959375023415798e-05,0.00703197694893595,0.1015625,0.0014826570479829805,0.150390625,0.5B,16384
14,11,needle_16384_d50,needle,16384,9.704060527839234,14.487140233128905,18.605410375261037,1.361050278482173,21.961886017745343,6.170829470911862,1.0480297214088252,9.732835505390794,0.12446884263410374,-0.6018627434968948,15.439830258488655,7.926188498877425e-06,0.9999995330105,0.0392156862745098,0.7072929848319309,6.105509078109001,0.9560557510465713,0.2680688499178739,0.32473012993693867,0.38768955012079814,0.029752492904663086,0.04327273368835449,0.11940492821158845,0.2299046676054189,0.1296911721116009,0.08282894712448718,0.03687364786434406,0.01692046474264717,0.009477138621709198,0.00415812859293211,0.05758387054151679,0.1015625,0.04436813232725663,0.150390625,0.5B,16384
14,12,needle_16384_d50,needle,16384,9.704060527839234,11.600364004067913,18.605410375261037,1.361050278482173,21.961886017745343,6.170829470911862,1.0480297214088252,9.732835505390794,0.12446884263410374,-22.86697988025844,0.3241225879173726,2.4058086986538454,0.20964661970804008,0.0196078431372549,0.7465469605911897,7.38881837413797,0.8296604557777917,0.1978803975655662,0.22054125764359953,0.252918554124576,0.18969440460205078,0.0551842600107193,0.1383992708225962,0.01245301762723509,0.4923823227967227,0.3551182141322237,0.20582764737773201,0.1210960845645687,0.08472939799136336,0.049525468523033016,0.18261646602836223,0.101806640625,0.12987207932903527,0.150634765625,0.5B,16384
14,13,needle_16384_d50,needle,16384,9.704060527839234,13.16014268058605,18.605410375261037,1.361050278482173,21.961886017745343,6.170829470911862,1.0480297214088252,9.732835505390794,0.12446884263410374,-10.491242572665215,6.67387267947197,0.013013445028232765,0.9983648055234681,0.0392156862745098,0.7652543376116119,6.2346253727761916,0.8907237238265179,0.33274313074128886,0.3695511419142527,0.41029616988888523,0.15089893341064453,0.0923081636428833,0.24982378775429076,0.1534687056215917,0.3073827989818739,0.21515567078647221,0.12223779624832382,0.07285735911883756,0.05133542985047637,0.028789498853873784,0.1397031013458785,0.1015625,0.10272774071956019,0.150390625,0.5B,16384
15,0,needle_16384_d50,needle,16384,9.704060527839234,19.490294669983427,20.24389171776903,1.042890345399337,22.793053916634747,8.677937756723274,0.6011507540052364,10.01842184208307,0.06785407819320771,-16.277368873357773,6.78854651004076,0.008943728202378943,0.9988605460340457,0.0392156862745098,0.3301689888927074,5.3863692471769715,0.9768263593828299,0.34009004670150594,0.42722259907166793,0.5267162156034267,0.3451724052429199,0.009670495986938477,0.13196297219624603,0.4379995272542507,0.06674698634552963,0.040146673447781105,0.01823352254586186,0.006332159217348432,0.0029350487153881155,0.0008499341858514526,0.00700062793136625,0.1015625,0.0035453189461833352,0.150390625,0.5B,16384
15,1,needle_16384_d50,needle,16384,9.704060527839234,15.309785462152647,20.24389171776903,1.042890345399337,22.793053916634747,8.677937756723274,0.6011507540052364,10.01842184208307,0.06785407819320771,-25.55852826870978,0.9004662297666073,0.6182668647412852,0.7092989891801731,0.0392156862745098,0.3868610011016651,5.376494199070506,0.9687197917927539,0.35083905217803835,0.4770697018725188,0.5729657318534718,0.02065485715866089,0.057558223605155945,0.020694861979045895,0.16780302199595395,0.07699157331366203,0.056893944647464015,0.031807710271607836,0.017514006497211593,0.011205143821302145,0.005230007942616436,0.02423950881252197,0.1015625,0.02003916985935797,0.150390625,0.5B,16384
15,2,needle_16384_d50,needle,16384,9.704060527839234,36.47264633431882,20.24389171776903,1.042890345399337,22.793053916634747,8.677937756723274,0.6011507540052364,10.01842184208307,0.06785407819320771,-70.20800358615816,35.74165733344853,1.4630460259502467e-08,0.9999999999989997,0.0392156862745098,0.3141493332217285,0.23088866340558423,0.999927498161285,0.9989390471436228,0.9996648800308702,0.9998725905411119,0.4416184797883034,0.3864424526691437,0.007815194533599907,0.9896289286980631,7.405738654399848e-06,1.9019719002315346e-06,1.6299419200918702e-07,1.3904374746923534e-08,2.297097840626821e-09,1.3842351342360227e-10,7.76343302224543e-06,0.1015625,4.99963532275543e-06,0.150390625,0.5B,16384
15,3,needle_16384_d50,needle,16384,9.704060527839234,22.505949792710933,20.24389171776903,1.042890345399337,22.793053916634747,8.677937756723274,0.6011507540052364,10.01842184208307,0.06785407819320771,-21.475383762270212,22.812766898423433,1.757145607253229e-08,0.9999999998752502,0.0392156862745098,0.37039925126680273,2.8121488365059264,0.998256635290264,0.7678330818968181,0.8875764786645329,0.9526775796674727,0.4309985041618347,0.3083229064941406,0.3331616389744563,0.6330554259735195,0.007918621728667736,0.004298533802579612,0.0013204130739611494,0.00032281028835584526,0.0001123606155882956,2.4188367247358913e-05,0.0009200703377200387,0.1015625,0.0003002857124134564,0.150390625,0.5B,16384
15,4,needle_16384_d50,needle,16384,9.704060527839234,24.75746598968743,20.24389171776903,1.042890345399337,22.793053916634747,8.677937756723274,0.6011507540052364,10.01842184208307,0.06785407819320771,-12.496352061629295,38.90653410181403,1.463045214170817e-08,0.9999999999989999,0.0392156862745098,0.3707005684399038,2.98657957302016,0.9988904380087391,0.6641454681663713,0.91895772228836,0.9808291208860219,0.17766308784484863,0.5818057060241699,0.14015124864745052,0.8430310082744175,0.0019417630775412716,0.0007086961836227961,0.0001406140031015836,2.977059183958312e-05,9.699685795634685e-06,1.8087764586859293e-06,0.00015020878661510672,0.1015625,6.682080486533043e-05,0.150390625,0.5B,16384
15,5,needle_16384_d50,needle,16384,9.704060527839234,22.34211598011761,20.24389171776903,1.042890345399337,22.793053916634747,8.677937756723274,0.6011507540052364,10.01842184208307,0.06785407819320771,-16.1605951692909,29.09767914377153,1.4636801384326732e-08,0.9999999999987692,0.0392156862745098,0.3584464225659202,2.863651551814939,0.998900582241706,0.7238674917871472,0.8951685319793161,0.9778736234627845,0.007858693599700928,0.038404881954193115,0.22456074325795083,0.7618750692242984,0.0019781298911267513,0.000952824322860771,0.0002562611826188061,7.075012261927737e-05,2.79783063020672e-05,6.134914637072861e-06,0.00020289856804676945,0.1015625,9.283888408421685e-05,0.150390625,0.5B,16384
15,6,needle_16384_d50,needle,16384,9.704060527839234,17.18529456814298,20.24389171776903,1.042890345399337,22.793053916634747,8.677937756723274,0.6011507540052364,10.01842184208307,0.06785407819320771,-43.89345055818558,15.794336326420307,5.6382940216149596e-06,0.9999996761889525,0.0392156862745098,0.3360732933160911,3.8107721612587326,0.9395899007830659,0.640353586534117,0.6691977457689121,0.6961308442672056,0.1081312894821167,0.2725115418434143,0.5663449035920319,0.008729556648123067,0.5537020658367234,0.4353140125197679,0.2796169828775934,0.1764302345175428,0.12528114926014144,0.07030811743490878,0.4452844492410344,0.1015625,0.3668392758789995,0.150390625,0.5B,16384
15,7,needle_16384_d50,needle,16384,9.704060527839234,13.8841815207998,17.25101315308127,1.1200087437151176,21.996384437359616,6.459286064631431,0.897893942178468,9.064864876914923,0.12359142670258025,-34.3852073373273,1.2943987725302577,0.7693702898414307,0.7406673693267853,0.0392156862745098,0.8900678190120835,5.262525842676212,0.8708704956702721,0.4655759781822055,0.4835785920387985,0.5082973986937965,0.017282843589782715,0.025000348687171936,0.44478539584627574,0.05033278989579848,0.6353774191506179,0.5053285680503214,0.3359186406618816,0.2198056964381424,0.15763004415717718,0.09266047628448858,0.31470502894502184,0.1015625,0.2474432041244357,0.150390625,0.5B,16384
15,8,needle_16384_d50,needle,16384,9.704060527839234,15.37864230401555,17.25101315308127,1.1200087437151176,21.996384437359616,6.459286064631431,0.897893942178468,9.064864876914923,0.12359142670258025,-37.888401908800006,1.5738822650164366,0.4586663336732456,0.8283264520183917,0.0392156862745098,0.8420622296997494,2.2228169949921592,0.9697854586382968,0.7936197489814021,0.8082899576146295,0.8274466177580927,0.09148117899894714,0.16192924976348877,0.769355665114173,0.06307151088473342,0.3461032059108759,0.2757499317297142,0.18472927047083992,0.11895694299312375,0.08366705916346122,0.04555233402313788,0.189238065811873,0.1015625,0.1436141454840109,0.150390625,0.5B,16384
15,9,needle_16384_d50,needle,16384,9.704060527839234,15.644951815434956,17.25101315308127,1.1200087437151176,21.996384437359616,6.459286064631431,0.897893942178468,9.064864876914923,0.12359142670258025,-18.193780846893787,5.887383081018925,0.019666604563437214,0.997182864747124,0.0392156862745098,0.8460488956373663,5.441572758797766,0.9527950689099555,0.3674155018004368,0.45033684118207024,0.5508672438234791,0.029850244522094727,0.0684436559677124,0.1806917605841973,0.20086613294007122,0.08148652093755061,0.06317054039728126,0.0415763658496891,0.02724016350553044,0.019675199043172012,0.011258111031006943,0.048709672290661254,0.1015625,0.03597079608923559,0.150390625,0.5B,16384
15,10,needle_16384_d50,needle,16384,9.704060527839234,15.995216019505188,17.25101315308127,1.1200087437151176,21.996384437359616,6.459286064631431,0.897893942178468,9.064864876914923,0.12359142670258025,-17.773382879793644,11.57804848998785,0.00011786624182159787,0.9999906304662495,0.0392156862745098,0.7966429575921271,4.654490164127113,0.9550737072343273,0.5296329209651421,0.6126818611868524,0.6815585829410571,0.12556344270706177,0.010505110025405884,0.3173841817761068,0.3770065601352486,0.16747721724519027,0.12131588016496936,0.07056108868007546,0.040958888023994444,0.027025516026041644,0.013803058401644468,0.09608655727457056,0.1015625,0.07326861929813559,0.150390625,0.5B,16384
15,11,needle_16384_d50,needle,16384,9.704060527839234,17.01823494251234,17.25101315308127,1.1200087437151176,21.996384437359616,6.459286064631431,0.897893942178468,9.064864876914923,0.12359142670258025,-28.345297295600176,10.952149797230959,0.0003146996927944679,0.9999742063905287,0.0392156862745098,0.8392538191227061,3.019380302469251,0.9764001551492205,0.7106221508763437,0.7597466179444498,0.8030055887911279,0.05053365230560303,0.07278978824615479,0.6090327845990302,0.1880086621027994,0.24858930600506438,0.1849655175732211,0.10996433642753886,0.06247984255433374,0.0410914995786131,0.020686300625393086,0.12065411475104597,0.1015625,0.0875808364295046,0.150390625,0.5B,16384
15,12,needle_16384_d50,needle,16384,9.704060527839234,17.42241799444935,17.25101315308127,1.1200087437151176,21.996384437359616,6.459286064631431,0.897893942178468,9.064864876914923,0.12359142670258025,-39.748307475820184,1.2023681015707552,0.540720367362433,0.7689344281455481,0.0196078431372549,0.8570606518241211,4.806674882509069,0.9257808551183311,0.5373598026864147,0.5581342682506346,0.5798070170886792,0.013332188129425049,0.11705878376960754,0.42505478023804627,0.0022963614189914655,0.4478311343853573,0.30808369804178387,0.17292031099955757,0.10660245045297914,0.07603910279587076,0.043636487673985085,0.5422247135688772,0.101806640625,0.46245693059930876,0.150634765625,0.5B,16384
15,13,needle_16384_d50,needle,16384,9.704060527839234,15.03724630313063,17.25101315308127,1.1200087437151176,21.996384437359616,6.459286064631431,0.897893942178468,9.064864876914923,0.12359142670258025,-28.81623389199376,6.049064729362726,0.022926343120383042,0.9969630777249159,0.0392156862745098,0.8667100453722619,4.780970542729872,0.921544642043159,0.5001331170003623,0.5260148222388237,0.5630146585529588,0.020035386085510254,0.07582712173461914,0.46576920380543313,0.08202561758383839,0.4861766712579511,0.37013441681816184,0.2284181892848117,0.13790306984909964,0.09407825504617712,0.04903622061471078,0.2341958927843176,0.1015625,0.17196632671420023,0.150390625,0.5B,16384
16,0,needle_16384_d50,needle,16384,9.704060527839234,20.033279305739338,29.41272792705579,2.069229956969496,36.25999236259439,5.697912277566898,0.5710214292848086,8.512032219524981,0.1270734463142536,-22.13369086990133,17.37923208018765,5.710320701873024e-07,0.9999999699850706,0.0392156862745098,0.8122882208365688,1.4639938831929085,0.9994281007741085,0.9064377390987485,0.9463772743616296,0.9705962478085934,0.12417066097259521,0.07874917984008789,0.7103693375912865,0.021940420730990087,0.005689962961839764,0.0016943987115419505,0.00019443784713012836,2.5144002207318325e-05,5.850616214997535e-06,7.131984388178224e-07,0.005504768445779615,0.1015625,0.0014971868665967626,0.150390625,0.5B,16384
16,1,needle_16384_d50,needle,16384,9.704060527839234,22.78120432691912,29.41272792705579,2.069229956969496,36.25999236259439,5.697912277566898,0.5710214292848086,8.512032219524981,0.1270734463142536,-55.06087260087952,10.046477165538818,0.0006669054623426063,0.9999430279925889,0.0,0.7983529539651076,3.6722181731116357,0.9967702704312468,0.4768376689928641,0.6043738081714425,0.7720052671207707,0.059022434055805206,0.010376036167144775,0.33549464312589544,2.318952383609994e-05,0.010219066067650842,0.002453900022779999,0.00024881114709580856,3.621768705558225e-05,7.96737555706906e-06,8.972641411215359e-07,0.187137052059002,0.101806640625,0.12193167310343907,0.150634765625,0.5B,16384
16,2,needle_16384_d50,needle,16384,9.704060527839234,24.45499270317368,29.41272792705579,2.069229956969496,36.25999236259439,5.697912277566898,0.5710214292848086,8.512032219524981,0.1270734463142536,11.603635620325804,21.591627100482583,3.028231851046468e-08,0.9999999993109348,0.0196078431372549,0.7367350132645804,1.820498291973859,0.9995820792546305,0.9099358461181668,0.9633732730576648,0.9857005026485329,0.1387290358543396,0.03985348343849182,2.3532778533659457e-05,0.003842148977886609,0.0002554809073141629,6.132582234964996e-05,3.7949125865807423e-06,3.6222633057202873e-07,6.886088485421066e-08,4.610854019750325e-09,0.005446724385650813,0.101806640625,0.00495809626061827,0.150634765625,0.5B,16384
16,3,needle_16384_d50,needle,16384,9.704060527839234,29.0883531969733,29.41272792705579,2.069229956969496,36.25999236259439,5.697912277566898,0.5710214292848086,8.512032219524981,0.1270734463142536,-9.15397581178695,8.796103340573609,0.0025138754980373033,0.9997552074351889,0.0,0.7270198106336674,3.739581354092057,0.9980696589857101,0.38854862751721414,0.6238925433361666,0.8740531535078816,0.006243571639060974,0.02294716238975525,8.97940725661749e-06,1.0039706925205803e-06,0.0005564545688176083,0.00016987268474244428,4.048418887825612e-06,1.3490023323025762e-07,9.123994969158114e-09,3.8979375024660623e-10,0.005741672591902499,0.101806640625,0.0037369110384867193,0.150634765625,0.5B,16384
16,4,needle_16384_d50,needle,16384,9.704060527839234,17.37826486828607,29.41272792705579,2.069229956969496,36.25999236259439,5.697912277566898,0.5710214292848086,8.512032219524981,0.1270734463142536,-47.48963729292154,2.12719798181206,0.44139364147081783,0.8780945677645624,0.0,0.7603558962193656,4.64751192642218,0.9934391719566038,0.34142993708827246,0.471946713090003,0.6031160515576839,0.010260224342346191,0.05966067314147949,0.14199253948939997,0.00039438098487400614,0.029927367502377265,0.013336272823081426,0.002900458371927923,0.0007915937057835349,0.00030701825128938854,5.856582980287088e-05,0.11539287216790005,0.101806640625,0.08675608840206091,0.150634765625,0.5B,16384
16,5,needle_16384_d50,needle,16384,9.704060527839234,20.85220167853323,29.41272792705579,2.069229956969496,36.25999236259439,5.697912277566898,0.5710214292848086,8.512032219524981,0.1270734463142536,-17.211837276816368,0.2316140979528427,0.689471303435592,0.5574616570693399,0.0392156862745098,0.7704913219721787,1.2295474700089204,0.9994165526751881,0.9199655714684819,0.9454109237379784,0.9663751440512071,0.03606981039047241,0.03824281692504883,0.786597730273677,0.10094997821961538,0.012524273093343377,0.002694965549171397,0.0001142125960521608,1.052924779309708e-05,2.5223843284438183e-06,3.8117976033611935e-07,7.605363621895213e-05,0.1015625,2.7989675895470014e-05,0.150390625,0.5B,16384
16,6,needle_16384_d50,needle,16384,9.704060527839234,21.450685868101722,29.41272792705579,2.069229956969496,36.25999236259439,5.697912277566898,0.5710214292848086,8.512032219524981,0.1270734463142536,-26.804898150265217,1.4225134514272213,0.5203213370987247,0.802260728882016,0.0,0.7752042737950741,4.357016632924805,0.9958000640054668,0.33633832298852523,0.5202191873415214,0.7214998932603452,0.011613786220550537,0.11895644664764404,0.02391276409110507,0.00272094962732762,0.015008920029327853,0.006538181033310491,0.0010925945394394813,0.00013924073089650735,3.2138364648128895e-05,3.3457978239400575e-06,0.020387116642041785,0.101806640625,0.01634865952155402,0.150634765625,0.5B,16384
16,7,needle_16384_d50,needle,16384,9.704060527839234,16.383261971408825,27.408227637487233,1.8256987065261745,34.77648273778862,6.51836767946901,1.5074406338245516,11.476197743316074,0.38688667821951545,-13.780442953109741,8.741035267710686,0.0015774548554990402,0.9998387670351372,0.0196078431372549,0.6648154985115825,4.133287981042418,0.995348243278026,0.48796506410797874,0.6219791019641626,0.7631376102762645,0.34097325801849365,0.014264702796936035,0.016060052029402756,0.022753968539525257,0.036973248352679185,0.014845205824985356,0.0023968409259835875,0.00045060946922180175,0.00012503230835495078,1.3387161884435331e-05,0.012386776064650483,0.101806640625,0.009876363807790644,0.150634765625,0.5B,16384
16,8,needle_16384_d50,needle,16384,9.704060527839234,16.350530702103143,27.408227637487233,1.8256987065261745,34.77648273778862,6.51836767946901,1.5074406338245516,11.476197743316074,0.38688667821951545,-36.16335016489029,5.922346778213978,0.01853932108618682,0.9973253069656611,0.0392156862745098,0.7711005413395924,0.5211719842065745,0.9993402583727521,0.9625040072193296,0.9741489158594288,0.9819748320864181,0.006381511688232422,0.049843549728393555,0.9369084923027692,0.030865300162810236,0.04100883962088637,0.019552397639825705,0.006814304741163786,0.001956431079343384,0.0006369178488978125,8.081494718000586e-05,0.1171680249458358,0.1015625,0.04519159353181006,0.150390625,0.5B,16384
16,9,needle_16384_d50,needle,16384,9.704060527839234,19.02439281485347,27.408227637487233,1.8256987065261745,34.77648273778862,6.51836767946901,1.5074406338245516,11.476197743316074,0.38688667821951545,-44.71132909040898,4.416558519937098,0.06514369072799756,0.9880328708066476,0.0,0.5891731009546757,4.592403249336739,0.9947821863214438,0.23823094694262414,0.3765339769246133,0.587708135406354,0.007228285074234009,0.04014390707015991,0.03377968204616709,1.8606827378118577e-05,0.019256365037023333,0.011209989641877824,0.0016532276842979525,0.00032478987608800593,7.484411703731146e-05,8.252721281409387e-06,0.028406212794246145,0.101806640625,0.02255106830815999,0.150634765625,0.5B,16384
16,10,needle_16384_d50,needle,16384,9.704060527839234,15.395987135239794,27.408227637487233,1.8256987065261745,34.77648273778862,6.51836767946901,1.5074406338245516,11.476197743316074,0.38688667821951545,-7.502799682319164,18.2539369687438,2.6180020641548425e-07,0.9999999873138316,0.0392156862745098,0.736432298452528,1.793022021181853,0.998631080626202,0.8669761665505381,0.9211851197193454,0.9507969519887458,0.03398895263671875,0.10693097114562988,0.6749327737094949,0.27629790134342824,0.018066005118791133,0.007681877950412372,0.0019460345479823133,0.0005209827359602028,0.0001857770413848525,3.42223415372629e-05,0.0015764603745677742,0.1015625,0.0006800459282863624,0.150390625,0.5B,16384
16,11,needle_16384_d50,needle,16384,9.704060527839234,13.318474930903735,27.408227637487233,1.8256987065261745,34.77648273778862,6.51836767946901,1.5074406338245516,11.476197743316074,0.38688667821951545,-18.06949207186699,0.7422444056719542,0.8750282179739163,0.626105956836778,0.0392156862745098,0.7271932191178291,3.853169425952841,0.9930964290068313,0.5405226373086586,0.6171446691921185,0.7178940101202428,0.054855912923812866,0.0010633468627929688,0.3648094338191348,0.11561520645762183,0.0461933385602665,0.021228135175109002,0.007149970069616065,0.0026302381676820046,0.0011117419114109108,0.00021335303381651575,0.006727976970548026,0.1015625,0.0032347949106275387,0.150390625,0.5B,16384
16,12,needle_16384_d50,needle,16384,9.704060527839234,19.92287542486531,27.408227637487233,1.8256987065261745,34.77648273778862,6.51836767946901,1.5074406338245516,11.476197743316074,0.38688667821951545,5.35280966386199,8.505253167822957,0.0020381203257823525,0.9997891548573603,0.0,0.545964948568326,3.2124611882749226,0.9986249885846201,0.6209450859316924,0.8300201207540112,0.9547013211318529,0.18137609958648682,0.044533535838127136,1.5567504728379505e-05,0.001347935691489005,0.003062150491806468,0.0012596683123093878,0.00012929265320791255,1.2785421721871534e-05,2.552066251717408e-06,1.6870245399275845e-07,0.004212121496283091,0.101806640625,0.0028485931550158486,0.150634765625,0.5B,16384
16,13,needle_16384_d50,needle,16384,9.704060527839234,11.695379293960718,27.408227637487233,1.8256987065261745,34.77648273778862,6.51836767946901,1.5074406338245516,11.476197743316074,0.38688667821951545,-20.319416150450706,14.900408908724785,1.2437108149002886e-05,0.9999992311778274,0.0392156862745098,0.7564123032110871,3.7363443796460376,0.9890318056233891,0.6559908228280216,0.739105264522429,0.7974322930334441,0.22184300422668457,0.07367634773254395,0.30631884816358423,0.43318027922341484,0.04766422100956669,0.04064445548019425,0.021036701331930512,0.00817241055579465,0.0036421687115713733,0.0010085825946432145,0.13234390391921358,0.1015625,0.09741705789900411,0.150390625,0.5B,16384
17,0,needle_16384_d50,needle,16384,9.704060527839234,19.5157527262751,17.995324541715163,1.14360802569802,22.123110717455003,6.527071256317829,0.5087585050482175,11.1811191114054,0.03567941680060589,3.706181511282921,10.096924714744091,0.0007514762502021908,0.9999357280601945,0.0392156862745098,0.613656263886453,6.810948652586323,0.9300187851101117,0.15810693125682324,0.22012250560248214,0.29226743061507954,0.04944986663758755,0.18557476997375488,0.008932129704122353,0.27052595677509184,0.06663491462179412,0.0543229912315458,0.029298993628560976,0.015304588182586237,0.00894532884903579,0.003957541528862158,0.009625403115554931,0.1015625,0.006473127229275668,0.150390625,0.5B,16384
17,1,needle_16384_d50,needle,16384,9.704060527839234,14.210365642515098,17.995324541715163,1.14360802569802,22.123110717455003,6.527071256317829,0.5087585050482175,11.1811191114054,0.03567941680060589,-45.19960818067193,5.034524524584413,0.044444508169543075,0.9929856139924891,0.0392156862745098,0.6468429884017561,3.6348071016928696,0.934632088829465,0.647967981977618,0.6591139690242143,0.673637522250235,0.12139779329299927,0.02492082118988037,0.6309210167612328,0.04638532697546939,0.21166662329942168,0.1729018858262068,0.11352669572681477,0.06967412448907608,0.04653739053675536,0.023513415044385165,0.08320754980262685,0.1015625,0.059490155966898405,0.150390625,0.5B,16384
17,2,needle_16384_d50,needle,16384,9.704060527839234,15.63141421842281,17.995324541715163,1.14360802569802,22.123110717455003,6.527071256317829,0.5087585050482175,11.1811191114054,0.03567941680060589,-35.70349743962288,13.724071905016899,2.3490827106697406e-05,0.9999984654633927,0.0392156862745098,0.6659433516069915,3.417741367015977,0.9605746008203694,0.6594129293970827,0.6956522881572452,0.7291635638476082,0.00447535514831543,0.11262893676757812,0.6057540355553075,0.13103168805657053,0.12387551237705634,0.08981806610804863,0.052231464092975646,0.03241498948188049,0.023048126423399186,0.0132073757894045,0.03877016999249907,0.1015625,0.030795627453998366,0.150390625,0.5B,16384
17,3,needle_16384_d50,needle,16384,9.704060527839234,15.515606137789568,17.995324541715163,1.14360802569802,22.123110717455003,6.527071256317829,0.5087585050482175,11.1811191114054,0.03567941680060589,-13.634578134864569,14.134219832718372,1.1199686892768024e-05,0.9999992638316116,0.0392156862745098,0.71044696606339,5.4943745843298535,0.9470213892727347,0.36721981922729247,0.47247407253835483,0.5672505269634234,0.06336402893066406,0.18903231620788574,0.18165753248774616,0.4427680235415067,0.052498814418655726,0.03866074744473391,0.025607884459602145,0.01546610968262264,0.010192229172912674,0.00485021889717439,0.01796009284682642,0.1015625,0.012502236982638158,0.150390625,0.5B,16384
17,4,needle_16384_d50,needle,16384,9.704060527839234,17.423275989601155,17.995324541715163,1.14360802569802,22.123110717455003,6.527071256317829,0.5087585050482175,11.1811191114054,0.03567941680060589,-17.788874186575413,10.017060913145542,0.0005200720750613406,0.9999535242981554,0.0392156862745098,0.7145727707979561,6.663263495363511,0.9016048407426002,0.25215403056288516,0.30546182129444277,0.36044161585157986,0.0667489767074585,0.040211379528045654,0.1553608834159273,0.20711648377683786,0.132208023239483,0.09360093420101354,0.05232670122960528,0.026253726865307733,0.01572493026974255,0.00715752312771944,0.03366801465785761,0.1015625,0.025191761095235944,0.150390625,0.5B,16384
17,5,needle_16384_d50,needle,16384,9.704060527839234,16.120862258513558,17.995324541715163,1.14360802569802,22.123110717455003,6.527071256317829,0.5087585050482175,11.1811191114054,0.03567941680060589,-34.28958814777434,6.267401458695531,0.018936164073168563,0.9975471639058217,0.0392156862745098,0.5339317592858904,5.84340488917127,0.9175939563431431,0.3629676846557687,0.39795042632710814,0.44754691551529757,0.2060219645500183,0.003295496106147766,0.2833851611956459,0.1507204901058855,0.1423015576629484,0.10021689791382869,0.05678915254552132,0.032845619163901905,0.021800906657322924,0.011480278965307752,0.06260769777011727,0.1015625,0.04804646604477839,0.150390625,0.5B,16384
17,6,needle_16384_d50,needle,16384,9.704060527839234,17.300505087485735,17.995324541715163,1.14360802569802,22.123110717455003,6.527071256317829,0.5087585050482175,11.1811191114054,0.03567941680060589,-45.248400721699,1.476454209536314,1.2751057279904416,0.5984981227462371,0.0392156862745098,0.6846439599868549,4.169718309155015,0.9423398892562441,0.6105171443947803,0.6338614591501354,0.664197807249341,0.05732549726963043,0.045074060559272766,0.46520852264042345,0.03824177773519084,0.15669679078090276,0.12108072618414302,0.07646903468179701,0.04752731877152608,0.03307047497591852,0.017529042752786116,0.08027196187112175,0.1015625,0.06596777421509414,0.150390625,0.5B,16384
17,7,needle_16384_d50,needle,16384,9.704060527839234,15.251847192408862,19.22815978612255,0.9261958196813784,22.39727288003581,4.705640887072364,1.0154510052849552,9.957891764520618,0.20967879327595584,-46.307293236255646,8.310925528407097,0.003870145907454226,0.9996180006022907,0.0392156862745098,0.6679913541222898,6.072830947644102,0.960109789206042,0.23212178250973273,0.314863032057785,0.40722985234675213,0.00722658634185791,0.03819155693054199,0.0772897415590735,0.036261641409143626,0.17686024951053536,0.14618600784417185,0.08224168602400567,0.04097034625512906,0.024069447788997764,0.00994594365184933,0.0713402366218998,0.1015625,0.054146819460673234,0.150390625,0.5B,16384
17,8,needle_16384_d50,needle,16384,9.704060527839234,22.587858236498274,19.22815978612255,0.9261958196813784,22.39727288003581,4.705640887072364,1.0154510052849552,9.957891764520618,0.20967879327595584,-44.7772506326437,4.694337883964181,0.05167899133504217,0.9909343365741713,0.0392156862745098,0.6456007536461887,5.538055895760241,0.9699883813970143,0.33346289649156663,0.4256338986496171,0.5052701616928302,0.0979604721069336,0.04270577430725098,0.12573196592763577,0.0905985332802187,0.1675270857186752,0.13275505564390416,0.0679786863070785,0.03021880008262851,0.016698609874289057,0.006393116081999658,0.08048240011124683,0.1015625,0.046475458974177944,0.150390625,0.5B,16384
17,9,needle_16384_d50,needle,16384,9.704060527839234,20.371336227246672,19.22815978612255,0.9261958196813784,22.39727288003581,4.705640887072364,1.0154510052849552,9.957891764520618,0.20967879327595584,-30.96474065631628,23.395689971745014,1.6321145113406774e-08,0.9999999999295315,0.0392156862745098,0.6988356293375293,2.396105458722863,0.9978382191470866,0.8027584436921179,0.9212832266427816,0.9575379998314869,0.02453744411468506,0.25562286376953125,0.4845417919639264,0.47584162496064064,0.02162541362229214,0.013032176980801734,0.005786240961992117,0.002425175373026068,0.001214243828450174,0.0003935246692473127,0.004261414720215279,0.1015625,0.002141702941432083,0.150390625,0.5B,16384
17,10,needle_16384_d50,needle,16384,9.704060527839234,20.29386272205266,19.22815978612255,0.9261958196813784,22.39727288003581,4.705640887072364,1.0154510052849552,9.957891764520618,0.20967879327595584,-30.46367735415697,18.426959365606308,2.1180730042487772e-07,0.9999999898851518,0.0392156862745098,0.7132089997379024,2.4809911550574397,0.9976555580193956,0.8642479160174067,0.9254049235926303,0.9482189549873272,0.007104635238647461,0.06990528106689453,0.24892791831235736,0.6911957345131801,0.014935464131137745,0.00880649633723484,0.0038228649263481736,0.001573686369989084,0.0007971464956061354,0.0002608772961840122,0.004824509910938976,0.1015625,0.0026215015330023584,0.150390625,0.5B,16384
17,11,needle_16384_d50,needle,16384,9.704060527839234,18.44020969433581,19.22815978612255,0.9261958196813784,22.39727288003581,4.705640887072364,1.0154510052849552,9.957891764520618,0.20967879327595584,-34.70929425954819,15.035394549369812,4.75706652418975e-06,0.9999997044100027,0.0392156862745098,0.6838572495542277,3.173242683032229,0.9886730547181851,0.7341324640565893,0.8070185238565953,0.8506871265170022,0.16122013330459595,0.01723313331604004,0.4419173030945743,0.40005283914896217,0.07516506832025419,0.05206791404492294,0.025674145062803407,0.012855539671278334,0.007705337701305267,0.003327130798086606,0.033135987576263036,0.1015625,0.021482224548164043,0.150390625,0.5B,16384
17,12,needle_16384_d50,needle,16384,9.704060527839234,14.40492026838927,19.22815978612255,0.9261958196813784,22.39727288003581,4.705640887072364,1.0154510052849552,9.957891764520618,0.20967879327595584,-48.5506589114666,4.6132765505462885,0.058365642302435954,0.9898696488843379,0.0392156862745098,0.664262324085976,5.703700900770173,0.9142682170725263,0.3736529189221841,0.4028177929651112,0.4452508231592696,0.034703850746154785,0.006458401679992676,0.3364822163795777,0.03055068773400002,0.3380301194502743,0.23841168256071044,0.1505735190211052,0.09996995647762602,0.07002113417115176,0.0389523924323969,0.24143701781765659,0.1015625,0.18606228048157025,0.150390625,0.5B,16384
17,13,needle_16384_d50,needle,16384,9.704060527839234,20.81826234496596,19.22815978612255,0.9261958196813784,22.39727288003581,4.705640887072364,1.0154510052849552,9.957891764520618,0.20967879327595584,-28.69092396274209,22.817641050554812,1.7572174599630084e-08,0.9999999998753257,0.0392156862745098,0.6970724692728602,2.499398973824916,0.9976620472978938,0.8949737169680282,0.9403960743733049,0.9560978363437157,0.4415281414985657,0.038812875747680664,0.23774136139417734,0.716598424758468,0.014611502086589508,0.008740246384419368,0.0036867422297972912,0.001490647673982924,0.0007689660907668153,0.0002625096132891405,0.003776198107044479,0.1015625,0.0021011623677370636,0.150390625,0.5B,16384
18,0,needle_16384_d50,needle,16384,9.704060527839234,16.840047155491057,18.928165988183686,1.0026142861286016,21.926136214459763,6.726208375989236,0.8224344373770492,10.25856887167108,0.03787231895321447,-52.45517712156288,0.018720283405855298,1.34931537302558,0.3972776094186442,0.0392156862745098,0.48975197224064343,6.473460487086825,0.9022061674175019,0.25426577830226443,0.3078382911534901,0.3658980781945186,0.06638431549072266,0.027220189571380615,0.188014298367258,0.014635672546226441,0.22459854856844982,0.16743055457230957,0.10389902999950874,0.06162533958928371,0.04119693162382235,0.021862558815304713,0.20737826636522394,0.1015625,0.1542711423698027,0.150390625,0.5B,16384
18,1,needle_16384_d50,needle,16384,9.704060527839234,16.464885848275483,18.928165988183686,1.0026142861286016,21.926136214459763,6.726208375989236,0.8224344373770492,10.25856887167108,0.03787231895321447,-50.142229792196304,1.3267642664723098,0.9875520852627035,0.6468358175395597,0.0392156862745098,0.40192102919166156,6.952270530387629,0.8573089697531296,0.2232698596011604,0.25491950636479077,0.2981318978884085,0.06721973419189453,0.09958040714263916,0.18484944486651872,0.03619871290980238,0.3200488179840361,0.22935900442658208,0.13343592475569016,0.07958721745062346,0.05604280390759134,0.03209707323879894,0.22766489257719158,0.1015625,0.17349156400585053,0.150390625,0.5B,16384
18,2,needle_16384_d50,needle,16384,9.704060527839234,21.669364284580837,18.928165988183686,1.0026142861286016,21.926136214459763,6.726208375989236,0.8224344373770492,10.25856887167108,0.03787231895321447,-38.566269248723984,23.351667098701,1.6394042314786998e-08,0.9999999999264115,0.0392156862745098,0.49510957072850215,2.656332068758442,0.9941838210411444,0.8048269892167025,0.9052928506306656,0.9299565729366729,0.04624330997467041,0.18020623922348022,0.4400680668222368,0.48978967527441586,0.043717988976653306,0.030382390516040247,0.015510437812839747,0.007349841333781084,0.004083531385025751,0.0015006717998454606,0.018024901064396942,0.1015625,0.011650471725459102,0.150390625,0.5B,16384
18,3,needle_16384_d50,needle,16384,9.704060527839234,27.554185203514475,18.928165988183686,1.0026142861286016,21.926136214459763,6.726208375989236,0.8224344373770492,10.25856887167108,0.03787231895321447,-57.136311708018184,29.224221406504512,1.4636051614398855e-08,0.9999999999987967,0.0392156862745098,0.5140280121183237,1.1414594056906038,0.9996138947417752,0.9804250009668026,0.9876072723523497,0.991530236129319,0.3319777250289917,0.009105920791625977,0.2498666390720242,0.7399942679539909,0.0015537954363851016,0.000803843838729102,0.00026265306318949905,8.71940569335914e-05,3.7202816479132365e-05,9.685491257078556e-06,0.0013171158639586407,0.1015625,0.0007830093311150461,0.150390625,0.5B,16384
18,4,needle_16384_d50,needle,16384,9.704060527839234,21.697185456116415,18.928165988183686,1.0026142861286016,21.926136214459763,6.726208375989236,0.8224344373770492,10.25856887167108,0.03787231895321447,-47.47187618166208,2.225310316309333,0.4863730282552118,0.8634449162862333,0.0392156862745098,0.4312894757593499,3.970659144658604,0.9561402580146404,0.5897789164964397,0.6214018279046486,0.6635482418604817,0.039453983306884766,0.057806141674518585,0.5301634120470754,0.0976306279166693,0.4389382279011421,0.3263540568017532,0.1931369535935564,0.10971845207612932,0.07198845821611641,0.03595798083375036,0.24028163588868115,0.1015625,0.18038042650200742,0.150390625,0.5B,16384
18,5,needle_16384_d50,needle,16384,9.704060527839234,20.238752386502835,18.928165988183686,1.0026142861286016,21.926136214459763,6.726208375989236,0.8224344373770492,10.25856887167108,0.03787231895321447,-54.6268570125103,4.03564478456974,0.09240977754571887,0.9821423124554531,0.0392156862745098,0.4592057576901159,3.108456655812721,0.9613469958319621,0.7017589561088259,0.7238637062699931,0.7448277545937942,0.21589595079421997,0.01703733205795288,0.6599775295676934,0.07049578066391093,0.6568553671184986,0.4967098000494255,0.30522777518499467,0.179646706148493,0.11958257380545645,0.0610058846106229,0.4116680907322581,0.1015625,0.3041571899383844,0.150390625,0.5B,16384
18,6,needle_16384_d50,needle,16384,9.704060527839234,20.383902061879123,18.928165988183686,1.0026142861286016,21.926136214459763,6.726208375989236,0.8224344373770492,10.25856887167108,0.03787231895321447,-39.068111561238766,3.0768667683005333,0.1808122165539936,0.9559176434138993,0.0392156862745098,0.4929911182224897,5.367062837642441,0.9512346721178874,0.40364166792382056,0.4837282248568138,0.5641364862722549,0.015069782733917236,0.13189512491226196,0.23310690171257817,0.27055346328634416,0.12985263997246407,0.08984789848804514,0.05022798846458041,0.02745731770611421,0.017554500477996317,0.008278897278326744,0.10608940493196795,0.1015625,0.07617502262980269,0.150390625,0.5B,16384
18,7,needle_16384_d50,needle,16384,9.704060527839234,17.397836130932056,18.421203720124296,0.9107519340031361,21.287012573380494,3.556756380966232,0.6352556742284091,8.271241815471663,0.16616495680478557,-12.32902597822249,14.849802495911717,5.64888616329938e-06,0.9999996445205714,0.0392156862745098,0.8200683299980313,3.1580285542611777,0.9855696342959284,0.7655475233625321,0.829426567632609,0.8711724200159643,1.057775855064392,0.11129772663116455,0.41234053589530445,0.4745824846790937,0.05267130764102388,0.040054608818276494,0.02401976794985107,0.013379565535866222,0.008536930782636684,0.003964097026718498,0.0223568041235351,0.1015625,0.014959692089997239,0.150390625,0.5B,16384
18,8,needle_16384_d50,needle,16384,9.704060527839234,18.170112694971838,18.421203720124296,0.9107519340031361,21.287012573380494,3.556756380966232,0.6352556742284091,8.271241815471663,0.16616495680478557,-9.768912743777037,14.36396186426282,8.892596113757708e-06,0.9999994221548996,0.0392156862745098,0.8201376819646592,2.8787740309325924,0.9957960809281418,0.7963150975969415,0.8857379949618376,0.9321909379715241,0.1518094539642334,0.04007267951965332,0.24723903747067105,0.6957077965390565,0.01012246086162558,0.006719619539536081,0.0036146809089405477,0.0019491209297710056,0.001249403964767861,0.0005936126107031501,0.0025569965479007605,0.1015625,0.0016953966919185835,0.150390625,0.5B,16384
18,9,needle_16384_d50,needle,16384,9.704060527839234,18.21541867953272,18.421203720124296,0.9107519340031361,21.287012573380494,3.556756380966232,0.6352556742284091,8.271241815471663,0.16616495680478557,-10.063637133687735,7.181866195052862,0.006215893945651424,0.9992403265355246,0.0392156862745098,0.7413118978135922,4.858158948298958,0.9535898510010103,0.5417790234447711,0.6143073466657353,0.6586736353175233,0.10302644968032837,0.37054741382598877,0.13282939885567144,0.5304892503681081,0.08144715204709625,0.06656364147611506,0.04503923754574299,0.027890201003425655,0.01967458610321108,0.010381830004609589,0.04490179368716694,0.1015625,0.03512066182296938,0.150390625,0.5B,16384
18,10,needle_16384_d50,needle,16384,9.704060527839234,18.043302241809283,18.421203720124296,0.9107519340031361,21.287012573380494,3.556756380966232,0.6352556742284091,8.271241815471663,0.16616495680478557,-19.76888976432383,7.976711416617036,0.003081762623136178,0.9996567277161921,0.0392156862745098,0.8225307531398108,3.2701084926460733,0.9827518653527605,0.7465997420988689,0.7881998691200728,0.8280118661232899,0.14631009101867676,0.005972623825073242,0.4049142858150839,0.4236891123133016,0.0621686737617719,0.04411782912426322,0.024607223655590708,0.01381514857057152,0.008761715540418663,0.0040395881429202566,0.03429205117636321,0.1015625,0.023409424318668378,0.150390625,0.5B,16384
18,11,needle_16384_d50,needle,16384,9.704060527839234,16.84223060797039,18.421203720124296,0.9107519340031361,21.287012573380494,3.556756380966232,0.6352556742284091,8.271241815471663,0.16616495680478557,-20.169628117233515,7.482107598334551,0.005178284965152623,0.9994052866519832,0.0392156862745098,0.8460503095527582,4.93456735282755,0.9506944423320803,0.4723274468113639,0.5103130336963912,0.5515829511691259,0.2781299352645874,0.088409423828125,0.38778652990167195,0.15963736233352796,0.2865546698385982,0.1877410036992671,0.08797012079330271,0.04138933872352432,0.024686999180148328,0.010572763587360045,0.09837321952094806,0.1015625,0.059969896054479374,0.150390625,0.5B,16384
18,12,needle_16384_d50,needle,16384,9.704060527839234,18.726648813493576,18.421203720124296,0.9107519340031361,21.287012573380494,3.556756380966232,0.6352556742284091,8.271241815471663,0.16616495680478557,-23.019907130859792,8.898571752943099,0.001362968444505054,0.9998626981352655,0.0392156862745098,0.823631011595162,2.010852676747725,0.9929699853223648,0.8433194656140661,0.8760029589493787,0.9052959273072466,0.43729740381240845,0.03436243534088135,0.7032787180739937,0.2080561766437229,0.11537281368391322,0.07970966422611597,0.0416170929697102,0.020896516207515897,0.012391249668478313,0.005088201193969718,0.038916531260737935,0.1015625,0.02597224688243256,0.150390625,0.5B,16384
18,13,needle_16384_d50,needle,16384,9.704060527839234,18.664277525773315,18.421203720124296,0.9107519340031361,21.287012573380494,3.556756380966232,0.6352556742284091,8.271241815471663,0.16616495680478557,-32.91983978822827,0.03522724285721779,0.7655842664250025,0.501862570301867,0.0392156862745098,0.8218863293226757,5.358037501719666,0.9428107826842221,0.46612440860308935,0.5091713149268473,0.5570988347849997,0.38417620211839676,0.07774393260478973,0.21346051030207958,0.032907609730684205,0.18270930359135515,0.1385303410008546,0.08651882643422697,0.053377665938621685,0.03578722146682026,0.017779910602872942,0.1331973787066347,0.1015625,0.10154353582821775,0.150390625,0.5B,16384
19,0,needle_16384_d50,needle,16384,9.704060527839234,22.49779499693517,20.758521133411847,1.5600121372497988,25.0635175284358,5.9460704927754495,0.7377761602850689,8.419921728331923,0.19602429914910197,-46.30323480069637,17.390831157565117,5.297104699859938e-07,0.9999999719914775,0.0392156862745098,0.44306538723038613,0.9366748301519705,0.9992389928410006,0.9431237394731804,0.9739115446326008,0.986979545870585,0.2031031847000122,0.07361483573913574,0.8478707947543276,0.14153860548617397,0.017463751050590483,0.010461645339416936,0.004615467054390481,0.0021493287291587276,0.0012000755284832737,0.0004664841582405165,0.00455656313046943,0.1015625,0.003203965619473194,0.150390625,0.5B,16384
19,1,needle_16384_d50,needle,16384,9.704060527839234,21.525248456533404,20.758521133411847,1.5600121372497988,25.0635175284358,5.9460704927754495,0.7377761602850689,8.419921728331923,0.19602429914910197,-37.212475426495075,18.815094478428364,1.5420330101194478e-07,0.9999999930071004,0.0392156862745098,0.4430756004334908,2.14429467132811,0.9972658983305748,0.8796037050842402,0.9299222264590701,0.9478220672630732,0.08906984329223633,0.10663580894470215,0.4875389706269749,0.45861301601516213,0.02066923112190836,0.012860861812425814,0.005614493171856535,0.002208276199388922,0.001090492222723072,0.0003405901849156748,0.004204973107682022,0.1015625,0.00226953971721178,0.150390625,0.5B,16384
19,2,needle_16384_d50,needle,16384,9.704060527839234,19.717542870566717,20.758521133411847,1.5600121372497988,25.0635175284358,5.9460704927754495,0.7377761602850689,8.419921728331923,0.19602429914910197,-56.34459660202265,2.14907930791378,0.3349003936390037,0.8955677501092527,0.0392156862745098,0.32721330357450035,3.9635054524380777,0.9726521207088419,0.5940860703447721,0.6505810025910406,0.7062675809126695,0.14655804634094238,0.0034793615341186523,0.4614153596739465,0.06739932921353133,0.17434689459856062,0.12562095815954077,0.07098601339024124,0.03357927733202944,0.02012039687456314,0.008935250758918874,0.15600574236048534,0.1015625,0.12093568480154236,0.150390625,0.5B,16384
19,3,needle_16384_d50,needle,16384,9.704060527839234,27.870574240597758,20.758521133411847,1.5600121372497988,25.0635175284358,5.9460704927754495,0.7377761602850689,8.419921728331923,0.19602429914910197,-60.83901983499527,27.31181652098894,1.466779582512638e-08,0.9999999999976239,0.0392156862745098,0.39677974350607115,1.0848345720001624,0.9997635135451888,0.985807050660391,0.9924927258938754,0.9953767646062485,0.24141347408294678,0.014290869235992432,0.13974059342861397,0.8496136616322237,0.001010950544835133,0.00044133684394539807,0.00011086775955687067,2.9652107161214022e-05,1.0884640777617855e-05,2.159815911941623e-06,0.00111700649114436,0.1015625,0.0008197937538375614,0.150390625,0.5B,16384
19,4,needle_16384_d50,needle,16384,9.704060527839234,20.67369776285089,20.758521133411847,1.5600121372497988,25.0635175284358,5.9460704927754495,0.7377761602850689,8.419921728331923,0.19602429914910197,-31.49766181409359,20.782018668949604,3.517582802157597e-08,0.9999999990555477,0.0392156862745098,0.44473625829636315,2.4947410315503094,0.9962066569710866,0.862541037325989,0.9183767418252163,0.9386874727365102,0.205047607421875,0.0565415620803833,0.3521408264842276,0.5931490499885027,0.020642796998814612,0.013988153046184516,0.006853221950449758,0.003132616072008146,0.001677125379527656,0.0005980546747948491,0.004831006356012191,0.1015625,0.0032623444902562366,0.150390625,0.5B,16384
19,5,needle_16384_d50,needle,16384,9.704060527839234,17.372347900756424,20.758521133411847,1.5600121372497988,25.0635175284358,5.9460704927754495,0.7377761602850689,8.419921728331923,0.19602429914910197,-29.731805242598057,19.14374977722764,1.2309858545599528e-07,0.9999999946817153,0.0392156862745098,0.4545148755264039,3.4892253517465788,0.9828406017642575,0.6967703899805281,0.7690932541884353,0.8173212519161213,0.48962995409965515,0.19181418418884277,0.4233265597129674,0.39970971309974135,0.11499019141102235,0.07914266173212593,0.04044405208701992,0.020087691403264163,0.011874262676238024,0.005251907086609674,0.042679662903510523,0.1015625,0.029931213443674404,0.150390625,0.5B,16384
19,6,needle_16384_d50,needle,16384,9.704060527839234,17.626292940916898,20.758521133411847,1.5600121372497988,25.0635175284358,5.9460704927754495,0.7377761602850689,8.419921728331923,0.19602429914910197,-45.827336955815554,0.43256092071533203,0.6716973731078522,0.6064101550611674,0.0392156862745098,0.33964812408917283,5.700457074156164,0.9628101592201186,0.2853132498660208,0.4083026566400525,0.5153344708112936,0.10237365961074829,0.06435132026672363,0.05820150789057577,0.07535317549961675,0.1162465100021258,0.09839712265504397,0.06522431609410352,0.03616911623915138,0.02277377545833879,0.009849023314801114,0.05450710927374604,0.1015625,0.03449389923667353,0.150390625,0.5B,16384
19,7,needle_16384_d50,needle,16384,9.704060527839234,17.915173630457247,20.063298066382472,1.110695441678536,22.793213872563953,7.5661612572343255,0.8341431833707788,10.079700719386823,0.08837429145624072,-25.042579770088196,1.9115788415074348,0.3870188637251601,0.8709307340700216,0.0392156862745098,0.42665825953224473,5.849733377526848,0.9515825753107465,0.3003051294861862,0.39545183522523875,0.4779847392578081,0.1272730827331543,0.01766371726989746,0.02260970318714903,0.2564928480802046,0.12437297224693328,0.10475308490743598,0.0662456600686137,0.038435093748961736,0.025482112825508385,0.013251079141911827,0.03026689763842208,0.1015625,0.024615446944908546,0.150390625,0.5B,16384
19,8,needle_16384_d50,needle,16384,9.704060527839234,18.409288748139396,20.063298066382472,1.110695441678536,22.793213872563953,7.5661612572343255,0.8341431833707788,10.079700719386823,0.08837429145624072,-33.37887540459633,14.192455761134624,1.0499660395393827e-05,0.9999993109898548,0.0392156862745098,0.5120476136441373,2.0117344674308657,0.9955066782587861,0.906004943778301,0.9262111028875525,0.9382100706109568,0.31516480445861816,0.04863715171813965,0.17576996650496332,0.7522026541682956,0.021106966812692023,0.014388693202160869,0.007165140893799524,0.00352371507404286,0.0020162376288461034,0.0007816414593410176,0.008139317161888517,0.1015625,0.005480067238318738,0.150390625,0.5B,16384
19,9,needle_16384_d50,needle,16384,9.704060527839234,19.050462661841937,20.063298066382472,1.110695441678536,22.793213872563953,7.5661612572343255,0.8341431833707788,10.079700719386823,0.08837429145624072,-10.13083322159946,24.356686459854245,1.5340366369211293e-08,0.9999999999709486,0.0392156862745098,0.5268456475908914,3.4851113649788967,0.992541164851877,0.6688472603655458,0.837434139516279,0.9112739105056403,0.19215178489685059,0.25371837615966797,0.0758561262045747,0.833975695151119,0.020546994938234864,0.01370332264524075,0.007127347592541005,0.003430270890805482,0.0019515249369152297,0.0007908704991987168,0.005652961072097051,0.1015625,0.003644944863589035,0.150390625,0.5B,16384
19,10,needle_16384_d50,needle,16384,9.704060527839234,18.67555377584699,20.063298066382472,1.110695441678536,22.793213872563953,7.5661612572343255,0.8341431833707788,10.079700719386823,0.08837429145624072,-41.220623433589935,1.7561291605234146,0.5056002170242005,0.840973241002768,0.0392156862745098,0.503313640211734,4.983461963452254,0.9704175707254659,0.422924679063063,0.5058778545202942,0.5944974358879292,0.02965700626373291,0.08295154571533203,0.2372110322401368,0.20007406326319668,0.0990882507200296,0.06895285934414386,0.03467043177285587,0.018574634717741862,0.011684685077963265,0.0054602683631325855,0.034724703412692196,0.1015625,0.02090568760200491,0.150390625,0.5B,16384
19,11,needle_16384_d50,needle,16384,9.704060527839234,22.96101329053718,20.063298066382472,1.110695441678536,22.793213872563953,7.5661612572343255,0.8341431833707788,10.079700719386823,0.08837429145624072,-30.600374042987823,22.611907802522182,1.8324840650656037e-08,0.9999999998429452,0.0392156862745098,0.5245324651556871,2.146150320770172,0.9989656591577734,0.9353594715629929,0.9728292341281486,0.9814462329248697,0.4866844490170479,0.14478158950805664,0.07569494165247789,0.8950504939087671,0.00445437885862183,0.0024000033835331223,0.000858236665432823,0.0003038494028093988,0.00013215185586005343,3.529431266286079e-05,0.0020310587020617664,0.1015625,0.0010499872459481523,0.150390625,0.5B,16384
19,12,needle_16384_d50,needle,16384,9.704060527839234,19.781653586771686,20.063298066382472,1.110695441678536,22.793213872563953,7.5661612572343255,0.8341431833707788,10.079700719386823,0.08837429145624072,-1.0572286192327738,14.05259625473991,1.4489036066685743e-05,0.9999990624896621,0.0392156862745098,0.5633584104851573,5.970042701529895,0.9512953508542609,0.27201764507381115,0.4042432032046212,0.49252434436147946,0.0858531966805458,0.004408273845911026,0.031203063918751273,0.48169148878638457,0.0718955880496465,0.0545848747902804,0.02906912675404958,0.014668037734879982,0.009192764026853125,0.004087513532988209,0.023289315837073776,0.1015625,0.01632331384058296,0.150390625,0.5B,16384
19,13,needle_16384_d50,needle,16384,9.704060527839234,22.055148458714104,20.063298066382472,1.110695441678536,22.793213872563953,7.5661612572343255,0.8341431833707788,10.079700719386823,0.08837429145624072,-27.127330305054784,26.13134585134685,1.4760814982509047e-08,0.9999999999941045,0.0392156862745098,0.5508710302694912,2.3363082067350844,0.9982348669777543,0.7960061464539159,0.9116629599353192,0.952553841745407,0.1261313557624817,0.06110560894012451,0.5309748529709776,0.4237554149126749,0.015815855576193354,0.007956842594760389,0.0027583866895726085,0.0009045866782778671,0.00039503272784001587,9.998207547639592e-05,0.0035038978859197978,0.1015625,0.0018401140617774422,0.150390625,0.5B,16384
20,0,needle_16384_d50,needle,16384,9.704060527839234,17.04217607891777,21.13223907088253,1.485087462475704,26.985136554797304,5.003877876478644,1.3173286637374928,11.629557111143194,0.2661037629048726,-46.36084361746907,12.061968997120857,7.57012205097965e-05,0.9999942123722142,0.0392156862745098,0.5504399760860215,1.2002714811000859,0.9946672541862894,0.9093480068235119,0.9197705548632704,0.9317174701628538,0.16487330198287964,0.09830021858215332,0.8565527754264206,0.06880034896575873,0.07634574884571885,0.052604163291054926,0.028248508486635474,0.014589427255872183,0.008626183843822612,0.0035626147955801976,0.04722374795542964,0.1015625,0.027101899251978992,0.150390625,0.5B,16384
20,1,needle_16384_d50,needle,16384,9.704060527839234,13.367069691997806,21.13223907088253,1.485087462475704,26.985136554797304,5.003877876478644,1.3173286637374928,11.629557111143194,0.2661037629048726,-51.74297533254139,2.311451389687136,0.36992537589222263,0.8995477342582685,0.0392156862745098,0.5905534954905647,2.8562450567825017,0.9420562011054183,0.7446666234830137,0.7581558068063646,0.7718454388473358,0.01830148696899414,0.05679726600646973,0.7126551111684469,0.022600322966993592,0.453137521111085,0.3711721126301241,0.2637999932089331,0.17981842178009136,0.13340530378983242,0.07882088093713135,0.2788890035683802,0.1015625,0.23162733059244336,0.150390625,0.5B,16384
20,2,needle_16384_d50,needle,16384,9.704060527839234,14.76070624879329,21.13223907088253,1.485087462475704,26.985136554797304,5.003877876478644,1.3173286637374928,11.629557111143194,0.2661037629048726,-29.56163402274251,10.344461060245521,0.0005299033844619644,0.9999543253728341,0.0392156862745098,0.5099569244310568,4.57462986252153,0.9557226233584107,0.5274331365135629,0.5694085336883057,0.6186141383631849,0.3677486181259155,0.04475942254066467,0.4148186017062843,0.21122769527178806,0.2516007653889415,0.1719023575177311,0.09053833675092882,0.04899837279111306,0.03093775579366946,0.014909868972576346,0.12297050908993683,0.1015625,0.08867379247739544,0.150390625,0.5B,16384
20,3,needle_16384_d50,needle,16384,9.704060527839234,14.710342697055186,21.13223907088253,1.485087462475704,26.985136554797304,5.003877876478644,1.3173286637374928,11.629557111143194,0.2661037629048726,-26.513908369117416,23.483632667339407,1.7569313641626892e-08,0.9999999998790545,0.0392156862745098,0.5721313532389755,4.1526714124460575,0.9675650115882563,0.6325574229855422,0.6684612953244291,0.7010591712824867,0.3442707806825638,0.007509946823120117,0.14595156461715778,0.017622161821884377,0.23710598127442675,0.16396761620658815,0.09024494040824746,0.04954046515323495,0.03170133928288487,0.015375934162674581,0.2510478146214877,0.1015625,0.1956342877683706,0.150390625,0.5B,16384
20,4,needle_16384_d50,needle,16384,9.704060527839234,12.2043230131756,21.13223907088253,1.485087462475704,26.985136554797304,5.003877876478644,1.3173286637374928,11.629557111143194,0.2661037629048726,-39.25221334770322,4.012150061316788,0.12356499735660387,0.9774756689554154,0.0392156862745098,0.6189437270002446,5.612988889908871,0.9172337819971454,0.39210819198544505,0.43765144586265675,0.49391735969473194,0.13806375861167908,0.01230764389038086,0.30806609211781294,0.11648978851423675,0.25831945611617974,0.21087781728985233,0.13995054276922705,0.0913494767553197,0.06801168122885344,0.039639879643501394,0.13080281957917372,0.1015625,0.0946521606407801,0.150390625,0.5B,16384
20,5,needle_16384_d50,needle,16384,9.704060527839234,12.715442114841625,21.13223907088253,1.485087462475704,26.985136554797304,5.003877876478644,1.3173286637374928,11.629557111143194,0.2661037629048726,-45.34019811823964,4.227039363235235,0.08036397778474492,0.9850265138213957,0.0392156862745098,0.6428087107769217,3.9414047039206404,0.9057341742984051,0.6260222814939235,0.6384375860562493,0.6533899736179382,0.13997074961662292,0.016705036163330078,0.6069870636095323,0.027929356961855292,0.6120991130954249,0.5127885901228014,0.36719035473985867,0.24820456470188623,0.17947423245995675,0.10366798107294926,0.3962187500556929,0.1015625,0.3257778308059664,0.150390625,0.5B,16384
20,6,needle_16384_d50,needle,16384,9.704060527839234,11.751038464858924,21.13223907088253,1.485087462475704,26.985136554797304,5.003877876478644,1.3173286637374928,11.629557111143194,0.2661037629048726,-37.640911588445306,5.8712759364861995,0.021753240388972986,0.9969413719795321,0.0392156862745098,0.5736931363578615,6.447422210154163,0.8541365888744805,0.31774959497129707,0.3440938303079603,0.3803837510723119,0.009372889995574951,0.008577287197113037,0.27791600301862135,0.038024176684789385,0.4347016883977447,0.3361607626686907,0.21306457100236575,0.13200444871708272,0.09820337989841638,0.061314512242664126,0.33301990729855313,0.1015625,0.2690125387078915,0.150390625,0.5B,16384
20,7,needle_16384_d50,needle,16384,9.704060527839234,14.092735287832303,20.314214794498508,1.4601119249919277,24.240211459142795,11.096261178763562,2.35229887767041,25.852783912078767,0.10200043393350737,-23.31774264201522,3.1876541627570987,0.16686692390500904,0.9603603042590022,0.0392156862745098,0.7283339707834686,3.3750372164683347,0.9762108140838773,0.6482345656425188,0.7034930271605797,0.7536086560856928,0.10292458534240723,0.000997990369796753,0.5635946044757573,0.1964092666801334,0.049403468890421603,0.03365452942164275,0.019046959810802868,0.011085687625768819,0.007368217986562103,0.003603014484966329,0.01923789373865745,0.1015625,0.01275301326511576,0.150390625,0.5B,16384
20,8,needle_16384_d50,needle,16384,9.704060527839234,15.524361969250366,20.314214794498508,1.4601119249919277,24.240211459142795,11.096261178763562,2.35229887767041,25.852783912078767,0.10200043393350737,-38.91359228640795,2.901110500097275,0.258293084086502,0.9391642875318736,0.0392156862745098,0.7146882668404735,4.421414850064094,0.960662381358097,0.5428659825427229,0.5833301905998257,0.6321393003133273,0.026171833276748657,0.03431311994791031,0.39070758885766427,0.021230143066177903,0.08554731923270407,0.06765741884938171,0.05291868433657958,0.029777923558833172,0.019269946011161568,0.00931783921890869,0.19006169729440844,0.1015625,0.14142003201127643,0.150390625,0.5B,16384
20,9,needle_16384_d50,needle,16384,9.704060527839234,15.141830734885446,20.314214794498508,1.4601119249919277,24.240211459142795,11.096261178763562,2.35229887767041,25.852783912078767,0.10200043393350737,-25.396018479019403,13.967088579200208,1.3327477772064674e-05,0.9999991179394048,0.0392156862745098,0.7097686212657975,3.2688577359821624,0.971441035416287,0.717171482352456,0.7659641246309568,0.7885104801004287,0.060530900955200195,0.1345069408416748,0.5601393371299234,0.22634792935056153,0.049724212972384975,0.03871404041311758,0.023220768236202394,0.013711519579165445,0.00902492435196668,0.004465213163616057,0.026646514628439446,0.1015625,0.0186663498057303,0.150390625,0.5B,16384
20,10,needle_16384_d50,needle,16384,9.704060527839234,14.962244208817657,20.314214794498508,1.4601119249919277,24.240211459142795,11.096261178763562,2.35229887767041,25.852783912078767,0.10200043393350737,-33.87979554384947,4.086784362792969,0.14770094934106087,0.9723790417238134,0.0392156862745098,0.7306041419887657,5.791662114865857,0.9308038596113372,0.34235591856121356,0.39138257963232653,0.4539276460058907,0.07023541629314423,0.027168214321136475,0.26674185391712746,0.024790074908501068,0.15639566704501548,0.13881732728006824,0.10587498197885555,0.06088088689258008,0.03881744244014651,0.017967716319203707,0.13132268915745812,0.1015625,0.08973616337385493,0.150390625,0.5B,16384
20,11,needle_16384_d50,needle,16384,9.704060527839234,13.843214435852534,20.314214794498508,1.4601119249919277,24.240211459142795,11.096261178763562,2.35229887767041,25.852783912078767,0.10200043393350737,-36.20571171771735,4.651068851817399,0.05387379805528081,0.9905081689246142,0.0,0.7217932068423715,5.40417062686572,0.9201123181384459,0.4281930060747519,0.4453636841358333,0.4706602030883708,0.20959559082984924,0.0006944537162780762,0.3773220244700203,0.0010695767062582965,0.14914666916670363,0.15573447164539214,0.11727489898934787,0.06761314062455481,0.04368290627934335,0.020823923416461675,0.26234673981053147,0.101806640625,0.22015891844774163,0.150634765625,0.5B,16384
20,12,needle_16384_d50,needle,16384,9.704060527839234,15.035963045744893,20.314214794498508,1.4601119249919277,24.240211459142795,11.096261178763562,2.35229887767041,25.852783912078767,0.10200043393350737,-40.709264556877315,8.647112753707916,0.002535442158929492,0.9997473114675423,0.0392156862745098,0.8148691787271417,1.4686662519289442,0.9809016584659044,0.8738842155107756,0.8811317703972639,0.8906697378969282,0.12371879816055298,0.00980997085571289,0.8585880632172884,0.014903097460497778,0.04697884389555329,0.03697946321748751,0.024555506152082865,0.01613628554989663,0.011543965944561549,0.006148851972081919,0.04108531612113558,0.1015625,0.0328292885970528,0.150390625,0.5B,16384
20,13,needle_16384_d50,needle,16384,9.704060527839234,16.43938990885928,20.314214794498508,1.4601119249919277,24.240211459142795,11.096261178763562,2.35229887767041,25.852783912078767,0.10200043393350737,-19.253684729337692,15.13322439789772,9.740471190586667e-06,0.9999994142743567,0.0392156862745098,0.6097706122054386,4.444036692529525,0.9647782793186863,0.5705447356122365,0.6282980794234494,0.6702470616023269,0.5388821363449097,0.04972231388092041,0.3751506200219334,0.28739208918159215,0.06452782995190039,0.04739352939586464,0.024729310073801237,0.012821408440184732,0.0077245319527679615,0.0035442834079707736,0.02005733902627849,0.1015625,0.012719993022820604,0.150390625,0.5B,16384
21,0,needle_16384_d50,needle,16384,9.704060527839234,17.037191100199493,20.840114969892426,2.050663475188018,27.876340367717376,13.513964209646774,2.739662594892903,23.3683882216695,0.09974144713963021,-35.7636798620224,6.77464272081852,0.014700361690021889,0.99819588182296,0.0392156862745098,0.5317028798942803,5.307645201474887,0.9292860128850688,0.4321924269975451,0.46609710713532027,0.5043162359409776,0.0516737699508667,0.020153522491455078,0.37913689730687805,0.06602251602232202,0.09021283736995606,0.06618858187255111,0.03788300211227997,0.021648053158873703,0.014033588962328983,0.00666133694799708,0.06261375808791142,0.1015625,0.04044349916044562,0.150390625,0.5B,16384
21,1,needle_16384_d50,needle,16384,9.704060527839234,14.655541742451035,20.840114969892426,2.050663475188018,27.876340367717376,13.513964209646774,2.739662594892903,23.3683882216695,0.09974144713963021,-55.42851901939139,1.5653014010749757,0.468077299963383,0.8263930049107802,0.0392156862745098,0.6362366563441869,1.7079387637786536,0.977280418725563,0.8514731226009595,0.8586107022539697,0.8671063267999051,0.1881749927997589,0.08176866173744202,0.8402284665474419,0.009426082864096325,0.05965682613018535,0.04294716945617617,0.025731403082025955,0.014980037675981973,0.009802576999087879,0.004721276674933937,0.06170323975994263,0.1015625,0.053393665153725664,0.150390625,0.5B,16384
21,2,needle_16384_d50,needle,16384,9.704060527839234,18.183084451690977,20.840114969892426,2.050663475188018,27.876340367717376,13.513964209646774,2.739662594892903,23.3683882216695,0.09974144713963021,-55.46625832654536,1.0788500979542732,0.8047803969182854,0.696974608853765,0.0392156862745098,0.5054119501533201,5.424623989254986,0.9882522555976149,0.19834774852921042,0.2913068007343283,0.3999607059681936,0.06932442635297775,0.06296053528785706,0.021370891914886198,0.031223396232155635,0.026286668267985334,0.02160137831954236,0.0029011165745960526,0.0011519162697332188,0.0006776592465929574,0.00029699895253415206,0.04512929895109221,0.1015625,0.031910493536037206,0.150390625,0.5B,16384
21,3,needle_16384_d50,needle,16384,9.704060527839234,13.930883562837003,20.840114969892426,2.050663475188018,27.876340367717376,13.513964209646774,2.739662594892903,23.3683882216695,0.09974144713963021,-48.183390312828124,4.460171706508845,0.11381271338488043,0.9805719411823646,0.0392156862745098,0.610066410003673,3.627522281023511,0.9350524626004534,0.6499783952325379,0.6626986107888823,0.6787014245158318,0.04106955602765083,0.01295240968465805,0.6353264734825925,0.014384291276303009,0.10802785932768118,0.08560311063588254,0.053032044784977944,0.03266253626124672,0.02256035783495168,0.011841377565037836,0.09888395625607004,0.1015625,0.08349854779140771,0.150390625,0.5B,16384
21,4,needle_16384_d50,needle,16384,9.704060527839234,16.78971340360842,20.840114969892426,2.050663475188018,27.876340367717376,13.513964209646774,2.739662594892903,23.3683882216695,0.09974144713963021,-49.60122911678627,2.279723710846156,0.33333134810341564,0.9040495133321329,0.0392156862745098,0.544663014592628,5.673254489037366,0.9590711678842315,0.32151709006591245,0.3647795774152814,0.4248813823822546,0.21882744133472443,0.014282356947660446,0.2466689454435253,0.02961974688203712,0.10216312978908623,0.10646243703808293,0.058017978038650886,0.027271130812233205,0.016018040784249905,0.006964867529067274,0.19507955637459184,0.1015625,0.15649381003286508,0.150390625,0.5B,16384
21,5,needle_16384_d50,needle,16384,9.704060527839234,15.710478083088287,20.840114969892426,2.050663475188018,27.876340367717376,13.513964209646774,2.739662594892903,23.3683882216695,0.09974144713963021,-51.58239555545151,2.0959946296643466,0.4317900338463464,0.8747170655219884,0.0392156862745098,0.6530837751904852,3.5770486190126567,0.9623459989671221,0.6494053214013443,0.6687795003253277,0.6933901819308715,0.07846808433532715,0.0607873797416687,0.6031540771704827,0.00985164478848799,0.08537639910615628,0.058443172560316614,0.04208725738498762,0.023883220637006618,0.014598451415337594,0.005654653400356618,0.15275615056482592,0.1015625,0.12504310183270492,0.150390625,0.5B,16384
21,6,needle_16384_d50,needle,16384,9.704060527839234,14.615683661231618,20.840114969892426,2.050663475188018,27.876340367717376,13.513964209646774,2.739662594892903,23.3683882216695,0.09974144713963021,-51.53943394124508,7.539623196236789,0.004722453716488434,0.9994542488548668,0.0392156862745098,0.659241561688672,1.4719986377105039,0.9825934894165465,0.8819909424123001,0.8901781916905728,0.9002203043790475,0.09475764632225037,0.01764926314353943,0.8608454261120322,0.006635864826736188,0.04170999014120041,0.034958638042287375,0.022173440860114427,0.012650345074598949,0.008080273438800174,0.0034299851823143715,0.03126733154878151,0.1015625,0.026713445314264343,0.150390625,0.5B,16384
21,7,needle_16384_d50,needle,16384,9.704060527839234,21.197572002061403,19.738785183908988,1.6117861580536281,24.729990109620235,12.237788297648786,3.503586935261006,29.406099973776268,0.24403294739931242,-34.406684190034866,13.602110486477613,3.8457217507388255e-05,0.9999973926138758,0.0392156862745098,0.6363858029583613,1.7145884647453382,0.9968841171988005,0.8548646850488574,0.8902201450604114,0.9220394655046116,0.22616839408874512,0.16361141204833984,0.7486053722091108,0.1178525679156836,0.15973118985698695,0.08699572803305557,0.03514667771057328,0.01477367591899065,0.007824194873549607,0.002573472260538661,0.05353313555281242,0.1015625,0.03313571505316882,0.150390625,0.5B,16384
21,8,needle_16384_d50,needle,16384,9.704060527839234,14.169468577605429,19.738785183908988,1.6117861580536281,24.729990109620235,12.237788297648786,3.503586935261006,29.406099973776268,0.24403294739931242,-50.780835404992104,1.6189760267734528,0.7465263381229506,0.7523808731906441,0.0392156862745098,0.6195850983221198,3.838017048265956,0.9549498813988158,0.6024471655222349,0.6208028857308894,0.6481076470190261,0.01894247531890869,0.0184706449508667,0.5782426204775514,0.01622431810740433,0.5201914072150219,0.3565011804661265,0.19681395496321008,0.11002820508814597,0.06917529113144805,0.03089207711779828,0.5666988238767786,0.1015625,0.4442600843410919,0.150390625,0.5B,16384
21,9,needle_16384_d50,needle,16384,9.704060527839234,22.647454789505332,19.738785183908988,1.6117861580536281,24.729990109620235,12.237788297648786,3.503586935261006,29.406099973776268,0.24403294739931242,-20.351046085357666,25.943308368325233,1.4774258708557443e-08,0.9999999999935605,0.0392156862745098,0.5106610525730009,0.5638810206545373,0.9988248158644185,0.9690932879901196,0.9746399784972354,0.978916320149733,0.034021854400634766,0.07515335083007812,0.03074017989303928,0.9433760628017508,0.008617523070639888,0.00542552491517878,0.002503950639122375,0.0010352358984341689,0.0005179006113059786,0.00017029903142621602,0.006103015684023726,0.1015625,0.004441669964208956,0.150390625,0.5B,16384
21,10,needle_16384_d50,needle,16384,9.704060527839234,17.204488642191787,19.738785183908988,1.6117861580536281,24.729990109620235,12.237788297648786,3.503586935261006,29.406099973776268,0.24403294739931242,-44.44312884286046,3.636215567588806,0.180228946458255,0.9644485156009173,0.0392156862745098,0.6765118584576196,5.698082939260363,0.9740930596233524,0.25494407997765045,0.32278166396084285,0.4079845970017256,0.14044295251369476,0.0026755332946777344,0.13113516242397885,0.018929546583844385,0.17412108971714654,0.09074455691362016,0.04449025304140438,0.01846446496489876,0.011251102111001604,0.004849582671741187,0.18301679472584845,0.1015625,0.1111435560376706,0.150390625,0.5B,16384
21,11,needle_16384_d50,needle,16384,9.704060527839234,17.62984200429929,19.738785183908988,1.6117861580536281,24.729990109620235,12.237788297648786,3.503586935261006,29.406099973776268,0.24403294739931242,-51.994055949151516,0.06280465982854366,0.9899446668158903,0.4707162172446375,0.0392156862745098,0.7021023406690254,3.7617451266039383,0.9687288807701051,0.6079323189396769,0.6290477053653982,0.6569565150630602,0.013576466590166092,0.054049015045166016,0.5540494158225677,0.015094634039329279,0.30768861032278066,0.20886604013472101,0.1082851684027019,0.048168631990815114,0.02918889581330795,0.014225371354097628,0.5112107531400603,0.1015625,0.4277258135691128,0.150390625,0.5B,16384
21,12,needle_16384_d50,needle,16384,9.704060527839234,22.426642896547584,19.738785183908988,1.6117861580536281,24.729990109620235,12.237788297648786,3.503586935261006,29.406099973776268,0.24403294739931242,-22.800975918769836,18.604306608438492,1.9399789079668236e-07,0.9999999909610032,0.0392156862745098,0.6802859158103622,2.6180389002202955,0.9901308685007699,0.7831563391151581,0.8247725244949768,0.8519094226751648,0.24871313571929932,0.07104349136352539,0.6152374269301044,0.2161295643056455,0.22509434361704922,0.15104716980198749,0.06888276898319179,0.029167795840289567,0.014991850461411264,0.004678416520405043,0.12682642787850684,0.1015625,0.08183001971292664,0.150390625,0.5B,16384
21,13,needle_16384_d50,needle,16384,9.704060527839234,16.870645785627886,19.738785183908988,1.6117861580536281,24.729990109620235,12.237788297648786,3.503586935261006,29.406099973776268,0.24403294739931242,-48.770983934402466,0.8235664702951908,0.7894240814073448,0.6689246134760767,0.0392156862745098,0.7378700086019867,5.414871075354235,0.9772823840585618,0.30782008400682204,0.38336850356012486,0.46989139571199867,0.12723642587661743,0.008142203092575073,0.15802708174139507,0.033237313512461904,0.11393864210726613,0.1043036248068344,0.0474194735917378,0.017866684502048733,0.009437760313118595,0.0036215611731811284,0.16190043440519322,0.1015625,0.1090374486574249,0.150390625,0.5B,16384
22,0,needle_16384_d50,needle,16384,9.704060527839234,16.886701779309583,18.12340773170543,1.9734084207406333,23.337709149864953,11.482099656944893,4.720348743647182,30.561117711431322,0.4041392875758947,82.17153580859303,10.90897597745061,0.0002580075399261989,0.999978901353655,0.0392156862745098,0.491119953892658,6.897587460823082,0.9204687791191984,0.15492155332359528,0.23269793035905573,0.30110032771638723,0.08241772651672363,0.22806298732757568,0.034774201799221256,0.20700572873382744,0.21802415325806618,0.17131945017105152,0.10417116553200582,0.06546355434221172,0.04368283696793957,0.02273892924194693,0.13316498483671052,0.1015625,0.10757935324769351,0.150390625,0.5B,16384
22,1,needle_16384_d50,needle,16384,9.704060527839234,15.022193535827363,18.12340773170543,1.9734084207406333,23.337709149864953,11.482099656944893,4.720348743647182,30.561117711431322,0.4041392875758947,60.91836860682815,1.6698425877839327,0.6403415397548129,0.7909608390997355,0.0392156862745098,0.5207617327123171,6.420513446490901,0.9561824501282579,0.15428349640798114,0.22179756058699304,0.29457101880805403,0.16952672600746155,0.12795373797416687,0.008967751691980023,0.024025848711195747,0.21668410646446626,0.14569723290688785,0.08331487932227231,0.04651669186261803,0.030267968274887556,0.014340463003356847,0.12993663796798813,0.1015625,0.10413528735920428,0.150390625,0.5B,16384
22,2,needle_16384_d50,needle,16384,9.704060527839234,11.202278818178685,18.12340773170543,1.9734084207406333,23.337709149864953,11.482099656944893,4.720348743647182,30.561117711431322,0.4041392875758947,33.41226933058351,2.5649675126187503,0.35247885129575873,0.9108505319330276,0.0392156862745098,0.534485368719163,7.44670142253824,0.8617041669398888,0.1588468326793946,0.19391448549021267,0.23684475634360885,0.22702793404459953,0.04734313488006592,0.08671557390273739,0.033706625055888055,0.43215452251300973,0.336698005809952,0.219297963155961,0.20588025501600266,0.16596493081231092,0.09846446388957907,0.26732328341103717,0.1015625,0.2149308077604131,0.150390625,0.5B,16384
22,3,needle_16384_d50,needle,16384,9.704060527839234,12.928746844415501,18.12340773170543,1.9734084207406333,23.337709149864953,11.482099656944893,4.720348743647182,30.561117711431322,0.4041392875758947,58.131581524387,0.4743150509893894,1.4488838633335974,0.3645759621302453,0.0392156862745098,0.5905755951110153,7.864700228773885,0.8280326804030853,0.09610807093136998,0.13083387343135408,0.17800458889101317,0.047550201416015625,0.00013521313667297363,0.04424609953149608,0.04253302182275603,0.4841277562214955,0.5956965114289469,0.49838852947904644,0.32277262252784944,0.21913867220554048,0.10956085222854867,0.16108981460585536,0.1015625,0.12067265235509482,0.150390625,0.5B,16384
22,4,needle_16384_d50,needle,16384,9.704060527839234,19.624802728135258,18.12340773170543,1.9734084207406333,23.337709149864953,11.482099656944893,4.720348743647182,30.561117711431322,0.4041392875758947,90.88574592769146,16.36164467036724,2.641307404555289e-06,0.9999998504617368,0.0392156862745098,0.4497930780738591,5.94131108567347,0.9597827228753975,0.30444292536146167,0.3928049511565122,0.4636737045695959,0.2530341148376465,0.012314379215240479,0.0443430623035016,0.36549791802152415,0.2231288903886299,0.12563263715372117,0.05051283314408467,0.024938912559356458,0.015187024835500568,0.0066295830653025105,0.15064965659694313,0.1015625,0.09732379486654728,0.150390625,0.5B,16384
22,5,needle_16384_d50,needle,16384,9.704060527839234,14.665475607549439,18.12340773170543,1.9734084207406333,23.337709149864953,11.482099656944893,4.720348743647182,30.561117711431322,0.4041392875758947,55.28016906604171,0.25167517736554146,0.9194303741886825,0.5302674943861799,0.0392156862745098,0.6020130288693838,6.87934077272601,0.9040095190716585,0.2242630783141926,0.2731728758225463,0.32696810258940084,0.05691497027873993,0.002921178936958313,0.0489917120662244,0.03617715635024875,0.37388150198712694,0.3038780717122931,0.2622156183668011,0.1468576826518847,0.0872845456078499,0.039053693892830824,0.3168656023955781,0.1015625,0.26370655094400464,0.150390625,0.5B,16384
22,6,needle_16384_d50,needle,16384,9.704060527839234,10.616721858128665,18.12340773170543,1.9734084207406333,23.337709149864953,11.482099656944893,4.720348743647182,30.561117711431322,0.4041392875758947,36.404551927000284,3.082862427458167,0.3048455582685744,0.9332864484863411,0.0392156862745098,0.524750983987305,7.326458349451698,0.867427862958216,0.16394569177380397,0.20604513069871289,0.26264414440264144,0.01992332935333252,0.02189633995294571,0.06725248761355293,0.09017315993606292,0.3377785897038942,0.2530140014976856,0.17140499317214863,0.1424661045100812,0.12172670500655769,0.0841828264226187,0.17474660659137295,0.1015625,0.1467161835398566,0.150390625,0.5B,16384
22,7,needle_16384_d50,needle,16384,9.704060527839234,12.981227399138758,15.977833462147,1.7760112363405098,21.451263228868555,11.010874223673685,4.566617636522512,30.272383771708366,0.4044049287858426,21.789678623434156,6.14440879272297,0.0187374777943611,0.9974946355079376,0.0392156862745098,0.40374089923913387,7.699582838727315,0.8589559185348667,0.09271455573541298,0.1310760353032711,0.18319813978741115,0.06909316778182983,0.01777588576078415,0.032893176546067944,0.036600674387292614,0.3371190881164887,0.3738237967673717,0.3599460303329509,0.2300223813301871,0.15038353299182175,0.06682845866344952,0.18804645621471439,0.1015625,0.154506686610988,0.150390625,0.5B,16384
22,8,needle_16384_d50,needle,16384,9.704060527839234,18.84643771487019,15.977833462147,1.7760112363405098,21.451263228868555,11.010874223673685,4.566617636522512,30.272383771708366,0.4044049287858426,51.513259537518024,13.178704566322267,2.6826170200270483e-05,0.9999981092512891,0.0392156862745098,0.37647228174521385,6.626879076771991,0.9335518185520091,0.22625370963807476,0.2877475531938478,0.3502770612760617,0.362298347055912,0.04311024770140648,0.04610577445501484,0.2660610847417091,0.27609118165977015,0.19583164829998842,0.10297076415668095,0.05871637496435667,0.03835215889957527,0.017456477335994983,0.18158522088493825,0.1015625,0.1289089516308921,0.150390625,0.5B,16384
22,9,needle_16384_d50,needle,16384,9.704060527839234,12.407220989828048,15.977833462147,1.7760112363405098,21.451263228868555,11.010874223673685,4.566617636522512,30.272383771708366,0.4044049287858426,5.508729133754969,0.6684522368013859,1.1488256773832126,0.5621143445952558,0.0392156862745098,0.3661524292238652,7.7343181370530925,0.8397257144593747,0.11193540820029622,0.14909518532020313,0.19553783351999007,0.09814295172691345,0.06159953773021698,0.06138851173995225,0.05695107640587848,0.29453113427690375,0.2602878983378709,0.24495342653555646,0.21628877592191856,0.16387072099485042,0.09060273975692357,0.20816874322243833,0.1015625,0.17040581952442296,0.150390625,0.5B,16384
22,10,needle_16384_d50,needle,16384,9.704060527839234,13.092092213350504,15.977833462147,1.7760112363405098,21.451263228868555,11.010874223673685,4.566617636522512,30.272383771708366,0.4044049287858426,13.018489765003324,2.940108859911561,0.380585101037204,0.9166887785465783,0.0392156862745098,0.44604618645400257,7.4592945959293715,0.8662245868008609,0.1413547785129401,0.1829327191349976,0.23618167321128658,0.004400163888931274,0.009648703038692474,0.07705738787173486,0.04230844263000889,0.49578597473090036,0.4288946011727858,0.3700221948366864,0.25368227749484096,0.17741939665535578,0.08432423821383024,0.3222917583828027,0.1015625,0.26124009699781653,0.150390625,0.5B,16384
22,11,needle_16384_d50,needle,16384,9.704060527839234,11.621720374387314,15.977833462147,1.7760112363405098,21.451263228868555,11.010874223673685,4.566617636522512,30.272383771708366,0.4044049287858426,11.022966059856117,3.033947535790503,0.3923020680974403,0.9131468462465904,0.0392156862745098,0.39685623112813384,7.731139628423042,0.8464242746967539,0.0944412230046375,0.12893530763580735,0.17652984741574504,0.12867271155118942,0.042105093598365784,0.03525753503808912,0.0298660315341562,0.8277424148500712,0.7382086704006623,0.5203412053134583,0.3134741026049749,0.2027465646395477,0.09131820418168188,0.13105853765352693,0.1015625,0.10301683700597992,0.150390625,0.5B,16384
22,12,needle_16384_d50,needle,16384,9.704060527839234,13.372012537805869,15.977833462147,1.7760112363405098,21.451263228868555,11.010874223673685,4.566617636522512,30.272383771708366,0.4044049287858426,12.835019566584378,2.106275931466371,0.34346689064671276,0.8915031716853902,0.0392156862745098,0.5148445269230785,5.369882827452075,0.9582009535857767,0.42955631713638837,0.4741857967243543,0.5272826014413092,0.2675185948610306,0.0056926533579826355,0.13030006562998636,0.05629124779719483,0.35121077727011224,0.23247270643975676,0.11569860181661404,0.06062772359931302,0.03235557047795385,0.011052831284074789,0.3480666229898589,0.1015625,0.2749864944490953,0.150390625,0.5B,16384
22,13,needle_16384_d50,needle,16384,9.704060527839234,12.402312215930168,15.977833462147,1.7760112363405098,21.451263228868555,11.010874223673685,4.566617636522512,30.272383771708366,0.4044049287858426,13.88671521586366,1.5940232726279646,0.4650966626622559,0.8300957261525256,0.0392156862745098,0.39254075477461703,7.069876325191416,0.9033728266929726,0.12615369924492728,0.17640301954472623,0.23743485787846305,0.04625654220581055,0.022158503532409668,0.030781245339177764,0.02686275892538413,0.40551767291410734,0.39991943506035477,0.27011827798556864,0.15895724222864452,0.10505159951669853,0.05355262031369055,0.1298286117213343,0.1015625,0.10744573164381382,0.150390625,0.5B,16384
23,0,needle_16384_d50,needle,16384,9.704060527839234,10.43897632048854,22.20982329275929,1.8833825166178044,27.935928172649305,11.530883015542269,3.0203803887980047,20.439924393792115,0.14751798591659362,-13.109712690114975,2.9201828092336655,0.22861263132407156,0.9455542142222337,0.0392156862745098,0.07809920122747228,7.874978757357358,0.8277539619818486,0.07737420551069388,0.11309376450392503,0.16625736053465093,0.04297724366188049,0.00850379467010498,0.023344405419236276,0.11348848035424124,0.1899184345976302,0.16442788357500474,0.1331844824559271,0.09890731625170805,0.07175973395791806,0.04236687251998694,0.06467423208869692,0.1015625,0.050702326143066086,0.150390625,0.5B,16384
23,1,needle_16384_d50,needle,16384,9.704060527839234,33.2260779464984,22.20982329275929,1.8833825166178044,27.935928172649305,11.530883015542269,3.0203803887980047,20.439924393792115,0.14751798591659362,88.01394371688366,44.06905074417591,1.4630451805289636e-08,0.9999999999989999,0.0392156862745098,0.2809082970293911,0.028374207766820293,0.9999376050308402,0.9998629655834634,0.999928111269043,0.9999612082224145,0.11317193508148193,0.10852479934692383,1.4508284139040316e-07,0.9997971559817013,4.691247282819839e-06,1.4243562306266959e-06,2.1038893429926155e-07,3.152624417281348e-08,8.064729115410571e-09,8.10079540044257e-10,8.900406246391127e-06,0.1015625,3.504684484792637e-06,0.150390625,0.5B,16384
23,2,needle_16384_d50,needle,16384,9.704060527839234,13.135332960334246,22.20982329275929,1.8833825166178044,27.935928172649305,11.530883015542269,3.0203803887980047,20.439924393792115,0.14751798591659362,42.472177401185036,7.85833004117012,0.004008544479746998,0.9995668587268668,0.0392156862745098,0.3037442682505619,7.33681838272543,0.9038474474402396,0.08906323784624542,0.13115963359218455,0.1932655571663987,0.08522531390190125,3.847479820251465e-05,0.013659386526173085,0.11876117909859638,0.193574408057651,0.14855043749783273,0.08177584566641362,0.04266599546167641,0.025408166696052593,0.011523483472225373,0.0976854668216594,0.1015625,0.06520840458380094,0.150390625,0.5B,16384
23,3,needle_16384_d50,needle,16384,9.704060527839234,10.643405258399579,22.20982329275929,1.8833825166178044,27.935928172649305,11.530883015542269,3.0203803887980047,20.439924393792115,0.14751798591659362,44.15910689719021,2.514171177521348,0.5146016391834932,0.8790516612237227,0.0392156862745098,0.5017590105719296,7.999216503423871,0.795335497138705,0.10116673272687562,0.12902227187723145,0.16569402446264997,0.01371622085571289,0.009831905364990234,0.053198594942770856,0.038409150102921834,0.4099766739349495,0.31716910590446307,0.20924730647168252,0.13972144042425694,0.10497784966194128,0.06491560087922618,0.22320319748867892,0.1015625,0.17058824843847104,0.150390625,0.5B,16384
23,4,needle_16384_d50,needle,16384,9.704060527839234,18.563725190236305,22.20982329275929,1.8833825166178044,27.935928172649305,11.530883015542269,3.0203803887980047,20.439924393792115,0.14751798591659362,52.12780936062336,24.4117574095726,1.5277894094318074e-08,0.9999999999734024,0.0392156862745098,0.2795954764939424,0.8319838050481262,0.9971084069725923,0.9387291797279887,0.9460652810573587,0.9543703250408895,0.09700417518615723,0.009548187255859375,0.0007047262371679868,0.9480392000070961,0.0202065778896012,0.013535756348168865,0.006354148823052683,0.0025557695927457542,0.0012241274766999187,0.0003581639299581553,0.01445441004579637,0.1015625,0.010346219013279295,0.150390625,0.5B,16384
23,5,needle_16384_d50,needle,16384,9.704060527839234,12.107310458127708,22.20982329275929,1.8833825166178044,27.935928172649305,11.530883015542269,3.0203803887980047,20.439924393792115,0.14751798591659362,-54.44173603411764,1.1183405527845025,0.6405859927660512,0.7405461854471066,0.0392156862745098,-0.030665069954501342,6.946973156807209,0.9181120214900508,0.16503681374845222,0.2136066074286825,0.2750860083763083,0.1980837769806385,0.006341531872749329,0.06423696768800295,0.06074454409903423,0.36010631094266654,0.2717896231910393,0.16593694052193134,0.09695470964867664,0.059795023457919136,0.026266030284937507,0.23993273039939356,0.1015625,0.18431474786397592,0.150390625,0.5B,16384
23,6,needle_16384_d50,needle,16384,9.704060527839234,15.04779759764441,22.20982329275929,1.8833825166178044,27.935928172649305,11.530883015542269,3.0203803887980047,20.439924393792115,0.14751798591659362,44.97513026744127,16.88004756718874,8.51709105829367e-07,0.9999999532201136,0.0392156862745098,0.2573649115967584,5.2905227220736775,0.9671673251677756,0.4300388795245333,0.5218216097192483,0.5897553655023497,0.1247870922088623,0.06299853324890137,0.022088762147502206,0.5405816593765218,0.07548344345831252,0.04667285389510229,0.021093036495382966,0.010330654224123027,0.005839363899830133,0.0023790709634980358,0.06823278780257533,0.1015625,0.05188960630993202,0.150390625,0.5B,16384
23,7,needle_16384_d50,needle,16384,9.704060527839234,11.300777267840383,15.659329924410958,1.4981014827262122,20.68374559096381,10.818381085180173,4.2084780359591285,24.046991684895946,0.38731636194714913,14.417663713451475,1.261031226022169,1.3739609746678814,0.5370313182474696,0.0392156862745098,0.35495701508077027,7.833068015151822,0.8342147666605169,0.08095015664942595,0.1204626151416393,0.173005920119186,0.01852823793888092,0.019752569496631622,0.027578314370898985,0.03854828862178372,0.4995508321059976,0.5809230570755627,0.4796447302769993,0.2945905307080477,0.196986004461731,0.09652252857816618,0.14882039534511182,0.1015625,0.12699214903711564,0.150390625,0.5B,16384
23,8,needle_16384_d50,needle,16384,9.704060527839234,11.343587332996298,15.659329924410958,1.4981014827262122,20.68374559096381,10.818381085180173,4.2084780359591285,24.046991684895946,0.38731636194714913,29.15141198784113,1.072513710707426,0.6400676928669771,0.7371588120280265,0.0392156862745098,0.41479189990267135,8.133428165997396,0.7825380259778181,0.08307708221662402,0.11287307279425086,0.15311803417169748,0.03603634238243103,0.021126016974449158,0.036172096777577566,0.03950210836835672,0.3494864295306694,0.2815833360869174,0.28422254910079714,0.27101140670470764,0.2130025002777553,0.12138150316919219,0.20524779224850956,0.1015625,0.16570873125053848,0.150390625,0.5B,16384
23,9,needle_16384_d50,needle,16384,9.704060527839234,11.183695729730399,15.659329924410958,1.4981014827262122,20.68374559096381,10.818381085180173,4.2084780359591285,24.046991684895946,0.38731636194714913,36.39666525553912,2.724378878250718,0.5942412879495965,0.870665157669641,0.0392156862745098,0.48939750401539467,8.02147558276553,0.8042018757489413,0.0859772624205849,0.11709235865339378,0.1572623569944001,0.1382099762558937,0.05265846848487854,0.04081624165217277,0.03952495928850916,0.40082991686411823,0.3599952677133952,0.3971140750946663,0.3268622821100316,0.24410116032616444,0.1308856367181521,0.2079020634515442,0.1015625,0.16398422305508065,0.150390625,0.5B,16384
23,10,needle_16384_d50,needle,16384,9.704060527839234,11.185824551140643,15.659329924410958,1.4981014827262122,20.68374559096381,10.818381085180173,4.2084780359591285,24.046991684895946,0.38731636194714913,27.765539901331067,0.11700010858476162,1.508911146654215,0.37224550840254433,0.0392156862745098,0.44504696543749506,7.679104056101863,0.8427072668623656,0.10593134646620114,0.1489094905829097,0.20151525002881307,0.012386657297611237,0.03793439269065857,0.031181641326321306,0.05089056551286827,0.8910387970848033,0.7491800214622413,0.4761801900891298,0.3007380878879501,0.21138895773528157,0.1140458219295284,0.12872424061284504,0.1015625,0.09602712875733418,0.150390625,0.5B,16384
23,11,needle_16384_d50,needle,16384,9.704060527839234,11.695511027132603,15.659329924410958,1.4981014827262122,20.68374559096381,10.818381085180173,4.2084780359591285,24.046991684895946,0.38731636194714913,67.74662699858891,0.7090175262128469,1.3826241051649295,0.48992747174683926,0.0392156862745098,0.6581376518428764,8.09896688623643,0.7970027352414341,0.06364826339356411,0.09561832100953897,0.13889379366654492,0.010764578357338905,0.03266214521136135,0.023331277302552442,0.04542650043335937,0.5277289032264096,0.6475166199248681,0.5964859086753629,0.39154000554153656,0.2721469866074052,0.1504539683460449,0.17946447130898238,0.1015625,0.1565744541359004,0.150390625,0.5B,16384
23,12,needle_16384_d50,needle,16384,9.704060527839234,14.618996553596618,15.659329924410958,1.4981014827262122,20.68374559096381,10.818381085180173,4.2084780359591285,24.046991684895946,0.38731636194714913,46.29481920879334,5.101166307460517,0.07763924979336544,0.9882771414385435,0.0392156862745098,0.45566945814794374,6.41358746366194,0.9507335126399755,0.15554163001022664,0.2316924619573936,0.32357269244302295,0.033316850662231445,0.007442563772201538,0.01614972138092591,0.0292949205590598,0.1825154096820979,0.18651779330242815,0.10953175929679436,0.0603274781800423,0.039877818704156014,0.019273086476740652,0.07520571423334975,0.1015625,0.05740519643741106,0.150390625,0.5B,16384
23,13,needle_16384_d50,needle,16384,9.704060527839234,11.631406357056061,15.659329924410958,1.4981014827262122,20.68374559096381,10.818381085180173,4.2084780359591285,24.046991684895946,0.38731636194714913,18.31111090257764,0.9306342592462897,1.2531417686056323,0.5642054650102213,0.0392156862745098,0.3567291064767536,7.691476969909142,0.8426873271235232,0.09975488396585887,0.14340076130338936,0.1956800118873338,0.051344528794288635,0.03770744800567627,0.02430145982435746,0.0398855206833442,0.5417120882131401,0.5674778222172566,0.44260824457344367,0.27227447895067325,0.18879577448562374,0.10383870793504389,0.11398047875055498,0.1015625,0.09629508095120985,0.150390625,0.5B,16384
0,0,lenshift_16384,lenshift,9649,9.174609562020384,62.042411930434284,250.37688423457737,0.3313701388721854,251.3683673215327,0.2039097226017213,0.05210073262305069,0.3972160155901852,0.05977297681061615,741.8629647423239,39.203529827735,8.617937607042807e-09,0.9999999999989999,0.06666666666666667,0.049653621640562744,1.826106963633823,0.999340766485065,0.8952257846919878,0.9734833669533356,0.9952554627123894,0.22973394393920898,0.1740579605102539,2.3300338844487363e-17,0.9964488791549271,0.001171208829721987,0.0002778911339205095,2.708491313305704e-05,3.27327848415942e-06,6.086224957259874e-07,1.9670373100738283e-08,1.619001264351305e-05,0.10125401596020313,4.648110206046305e-06,0.15100010363768265,0.5B,16384
0,1,lenshift_16384,lenshift,9649,9.174609562020384,70.2854614895695,250.37688423457737,0.3313701388721854,251.3683673215327,0.2039097226017213,0.05210073262305069,0.3972160155901852,0.05977297681061615,10449.428892079522,17.884655121495598,3.3151737932196746e-07,0.9999999829019505,0.06666666666666667,0.601573076108814,0.008482418841161176,0.9998958119856917,0.9999397111434062,0.9999921480750154,0.9999995246325363,0.3267819881439209,0.0045871734619140625,1.3822260991979135e-114,0.9997512556805446,7.847158260173367e-10,1.532969508600142e-13,2.9338399902032184e-16,2.9338399902032184e-16,2.892475928120102e-16,2.892475928120102e-16,2.0720843614724528e-16,0.10125401596020313,0.0,0.15100010363768265,0.5B,16384
0,2,lenshift_16384,lenshift,9649,9.174609562020384,57.23008824592922,250.37688423457737,0.3313701388721854,251.3683673215327,0.2039097226017213,0.05210073262305069,0.3972160155901852,0.05977297681061615,1875.4703189625461,3.2885980351884427,0.1549009760880164,0.9640355018474377,0.06666666666666667,0.13323964884253733,3.1175808023988014,0.9930347608681246,0.6481128902958999,0.7273333125813297,0.8187019495012527,0.22030210494995117,0.011133432388305664,3.560597739636777e-18,0.883074096894424,0.060867698932694704,0.029456222656012106,0.010986393775396763,0.004072140492981384,0.001577681526484752,0.00011233873964754419,0.01260541113516618,0.10125401596020313,0.006116239306724814,0.15100010363768265,0.5B,16384
0,3,lenshift_16384,lenshift,9649,9.174609562020384,59.63996271061019,250.37688423457737,0.3313701388721854,251.3683673215327,0.2039097226017213,0.05210073262305069,0.3972160155901852,0.05977297681061615,1151.2192431092262,1.5596432387828827,0.8710646036436692,0.7304987481966926,0.0,0.08053904682864221,6.210827148467588,0.9492834179470776,0.146142501410513,0.2173668644591097,0.31553645569449823,0.0319521427154541,0.006953716278076172,0.00856608075614075,5.559547732085516e-05,0.1327933898727721,0.07278558247022746,0.027748303340628867,0.009684486279151175,0.005262128745808358,0.002615439480879719,0.033829176451529774,0.10322313193077003,0.01342018838633649,0.15296921960824955,0.5B,16384
0,4,lenshift_16384,lenshift,9649,9.174609562020384,30.427724922610153,250.37688423457737,0.3313701388721854,251.3683673215327,0.2039097226017213,0.05210073262305069,0.3972160155901852,0.05977297681061615,412.6608339548111,7.135956098051622,0.006471116088222467,0.999204668204421,0.06666666666666667,0.06961470090345767,2.87457056538207,0.9986284426340619,0.7006510007208697,0.9122123661202434,0.9911895216701206,0.22986185550689697,0.250606894493103,3.983138674447374e-28,0.15500136102342074,2.896548412627405e-05,2.2888932018798894e-06,1.572373440810446e-08,1.2392993980583677e-10,3.838181818401635e-12,2.2385668722194447e-14,2.5014169476205145e-05,0.10125401596020313,4.02567002959137e-06,0.15100010363768265,0.5B,16384
0,5,lenshift_16384,lenshift,9649,9.174609562020384,26.569948243827287,250.37688423457737,0.3313701388721854,251.3683673215327,0.2039097226017213,0.05210073262305069,0.3972160155901852,0.05977297681061615,1370.0222860649228,23.54383909702301,1.0075982835928323e-08,0.9999999999393914,0.06666666666666667,0.23839071450573562,0.7105890012414944,0.9998319223435194,0.9997211191839394,0.9999984983684939,0.9999999791573876,0.2938399910926819,0.5096063613891602,7.621956800041861e-31,0.9566053246705442,7.310326719359682e-11,2.3711378748281435e-12,6.60344923698365e-15,1.2268458769886471e-15,1.2268463672280539e-15,1.3229576543809759e-15,6.701132787643059e-09,0.10125401596020313,2.543062641751436e-10,0.15100010363768265,0.5B,16384
0,6,lenshift_16384,lenshift,9649,9.174609562020384,61.48195536989164,250.37688423457737,0.3313701388721854,251.3683673215327,0.2039097226017213,0.05210073262305069,0.3972160155901852,0.05977297681061615,3842.5389759119817,14.106501537210534,1.1303108513960008e-05,0.999999252393065,0.06666666666666667,0.25258346008087723,3.124612752717851,0.9965310831893849,0.70248387706684,0.818778068871844,0.882593808365803,0.06562429666519165,0.008852958679199219,2.2442108627437916e-12,0.8937070516138764,0.02427202073882309,0.010147981667263242,0.0016988080021562465,0.00013756097618791824,2.5535700641433853e-05,1.83621811842567e-06,0.00020391285496890052,0.10125401596020313,4.393275768044391e-05,0.15100010363768265,0.5B,16384
0,7,lenshift_16384,lenshift,9649,9.174609562020384,34.47769722626057,268.8159943441781,0.8273401887480966,270.4422142160328,0.21184021212303933,0.045214779383570484,0.30496422539709617,0.2037077722387368,1263.311693482101,67.15059380978346,8.617937800225997e-09,0.9999999999989999,0.06666666666666667,0.1635565437782662,0.1920579101668897,0.9998864825567645,0.9999943016669902,0.9999997178054117,0.9999999951635242,0.24512147903442383,0.13563966751098633,1.971585602717189e-34,0.0010138997498354554,2.0908222740043158e-11,4.261365949144663e-13,1.2527368339269735e-15,4.611093558718881e-16,6.407539937660645e-16,4.611093558718881e-16,9.598429784243567e-10,0.10125401596020313,1.0228080088340423e-09,0.15100010363768265,0.5B,16384
0,8,lenshift_16384,lenshift,9649,9.174609562020384,132.37314575747783,268.8159943441781,0.8273401887480966,270.4422142160328,0.21184021212303933,0.045214779383570484,0.30496422539709617,0.2037077722387368,3114.492480918765,3.5413282364606857,0.13060871316502234,0.971629619813573,0.0,0.0903344070657462,3.93184276342308,0.9958916870305992,0.3957216533671596,0.6132125671498114,0.8450263428058181,0.08170139789581299,0.07033681869506836,8.290732625478167e-07,3.5408998123166372e-12,0.04526899802228357,0.005593413817842792,5.6500261530568745e-06,4.109592257594271e-08,7.466242733996162e-09,6.951808357352333e-10,0.001012773792782261,0.10322313193077003,8.728583620092537e-05,0.15296921960824955,0.5B,16384
0,9,lenshift_16384,lenshift,9649,9.174609562020384,59.9389205712127,268.8159943441781,0.8273401887480966,270.4422142160328,0.21184021212303933,0.045214779383570484,0.30496422539709617,0.2037077722387368,445.3168647429522,31.76847547205051,8.618379528815503e-09,0.9999999999989839,0.06666666666666667,0.028318888232310505,3.3118738296140604,0.997025684963351,0.6641251363937004,0.8390614797484442,0.9069637098280569,0.07487571239471436,0.047719597816467285,2.907170016978707e-05,0.7723667206253328,0.03316581341672636,0.009796056844981584,0.0012040737200583232,0.00016397592572141368,4.287727059520981e-05,5.416646507618501e-06,0.007972913267098264,0.10125401596020313,0.004762897232221471,0.15100010363768265,0.5B,16384
0,10,lenshift_16384,lenshift,9649,9.174609562020384,65.557414823311,268.8159943441781,0.8273401887480966,270.4422142160328,0.21184021212303933,0.045214779383570484,0.30496422539709617,0.2037077722387368,1148.5647643594182,7.468439740512395,0.008946418387386421,0.999029182674121,0.06666666666666667,0.06734778922806986,7.4466478687941,0.7642705109058047,0.14621037663837463,0.16102676266186963,0.18636501841671585,0.003227531909942627,0.010999858379364014,0.0002815720487123498,0.1542278023794728,0.7494699893386074,0.5754346941065719,0.39282172650750563,0.2520387816140903,0.17146873811738528,0.0920724132467359,0.5632548871071213,0.10125401596020313,0.4587118656858458,0.15100010363768265,0.5B,16384
0,11,lenshift_16384,lenshift,9649,9.174609562020384,56.53804329774077,268.8159943441781,0.8273401887480966,270.4422142160328,0.21184021212303933,0.045214779383570484,0.30496422539709617,0.2037077722387368,1140.6653137207031,24.626713782548904,9.130970663394449e-09,0.9999999999788236,0.06666666666666667,0.07802222940505592,1.5538924608257094,0.9987831635772447,0.9205750232109876,0.9439392641532047,0.9648561672061882,0.021793842315673828,0.014956474304199219,1.5738513948871185e-06,0.9410483578072842,0.01345986054433696,0.005310160023856533,0.0009789053037819939,0.0001773471625556745,5.690839407170247e-05,8.11748315572767e-06,0.0014325162570752168,0.10125401596020313,0.0006012493943970889,0.15100010363768265,0.5B,16384
0,12,lenshift_16384,lenshift,9649,9.174609562020384,67.43853629754518,268.8159943441781,0.8273401887480966,270.4422142160328,0.21184021212303933,0.045214779383570484,0.30496422539709617,0.2037077722387368,1398.1376623704152,3.7072527368607098,0.11671077260885293,0.975632709003659,0.06666666666666667,0.07800796452061255,7.525952610368835,0.8330027375692868,0.06807620892155389,0.1065105074830767,0.15518237231322746,0.09100565314292908,0.042951107025146484,0.0008475964314692008,0.15606774513166302,0.18885918560487316,0.15718554024550374,0.10127896977016304,0.07546610371368732,0.0598527307926549,0.032433809591450216,0.09059280244269763,0.10125401596020313,0.06619280109558301,0.15100010363768265,0.5B,16384
0,13,lenshift_16384,lenshift,9649,9.174609562020384,53.2067874941792,268.8159943441781,0.8273401887480966,270.4422142160328,0.21184021212303933,0.045214779383570484,0.30496422539709617,0.2037077722387368,972.3617303231184,44.6029050209944,8.617937136297396e-09,0.9999999999989999,0.06666666666666667,0.07339808976952597,0.6209250964124866,0.9997856908964132,0.9911073018292038,0.9942529538734012,0.9971017561897466,0.008655071258544922,0.0398101806640625,1.2061716796271028e-08,0.9891725130754682,0.0006277118323088896,0.00017691426797625294,2.217492573423352e-05,3.5371901164649223e-06,9.892505413962222e-07,1.3657087136256292e-07,0.0002166294259076525,0.10125401596020313,0.00010496989420186294,0.15100010363768265,0.5B,16384
1,0,lenshift_16384,lenshift,9649,9.174609562020384,13.715401001737503,23.942894126114922,1.676611916589486,33.22181160742882,2.0365467487423032,0.6514758683213786,2.8969521775693043,0.3139277297696796,48.96786911347333,37.11684186318341,8.617940150724549e-09,0.9999999999989999,0.06666666666666667,0.2531874492903535,3.3192705923276815,0.9878192853589448,0.754589863116905,0.7924917834974008,0.8305454996556969,0.37664973735809326,0.03883516788482666,0.0008140894715910975,0.7768466406069939,0.15553592501498953,0.09442635495325181,0.03938381858638124,0.015186031893019923,0.007332527792928327,0.002314484821471146,0.14591292426552235,0.10125401596020313,0.10054008555485201,0.15100010363768265,0.5B,16384
1,1,lenshift_16384,lenshift,9649,9.174609562020384,9.672786476343772,23.942894126114922,1.676611916589486,33.22181160742882,2.0365467487423032,0.6514758683213786,2.8969521775693043,0.3139277297696796,-0.9323660205392272,25.77565554386991,8.794787562516713e-09,0.9999999999922948,0.06666666666666667,0.1712703685146413,5.390105364191154,0.9557631387826486,0.37186564598021865,0.43217102598702084,0.4880231211575152,0.18071964383125305,0.06864116340875626,0.0024810825521682984,0.4058550923162624,0.5388068299770217,0.31028792218042206,0.06706537009634839,0.038909082109693405,0.028077187627541217,0.01644568224733704,0.6050935717213801,0.10125401596020313,0.5050236770887047,0.15100010363768265,0.5B,16384
1,2,lenshift_16384,lenshift,9649,9.174609562020384,12.742326350510991,23.942894126114922,1.676611916589486,33.22181160742882,2.0365467487423032,0.6514758683213786,2.8969521775693043,0.3139277297696796,52.343582910649914,35.89446481799378,8.617944442916721e-09,0.9999999999989997,0.06666666666666667,0.2674352672300301,3.229855268181878,0.9890255690076719,0.7540490588618236,0.8238660626749316,0.8711332820571609,0.13038399815559387,0.009080648422241211,0.00031568293770050634,0.8366635756923182,0.11340738980940637,0.07582218578346996,0.034226620976057685,0.01463263618230307,0.007930400912067452,0.002998551509170976,0.09700090481185555,0.10125401596020313,0.07508714837587435,0.15100010363768265,0.5B,16384
1,3,lenshift_16384,lenshift,9649,9.174609562020384,11.105311522987698,23.942894126114922,1.676611916589486,33.22181160742882,2.0365467487423032,0.6514758683213786,2.8969521775693043,0.3139277297696796,-23.432525354273174,27.999345622189786,8.637054773045563e-09,0.9999999999983009,0.06666666666666667,-0.007582549622370165,5.07476498517445,0.9309807387054013,0.51605389090487,0.5599205490420779,0.6113362954237387,0.23295055329799652,0.008519768714904785,0.0014147891585555143,0.6007946841181352,0.4873633111107218,0.3615882909540571,0.2178992942253454,0.123481534563683,0.08189487162571972,0.04050240008578008,0.34900959115458924,0.10125401596020313,0.28149983046598215,0.15100010363768265,0.5B,16384
1,4,lenshift_16384,lenshift,9649,9.174609562020384,12.51187550592138,23.942894126114922,1.676611916589486,33.22181160742882,2.0365467487423032,0.6514758683213786,2.8969521775693043,0.3139277297696796,51.87878023876864,35.28961886881906,8.617951109625888e-09,0.9999999999989995,0.06666666666666667,0.2594526474894827,2.677617698664702,0.988789894806027,0.8448063278876312,0.8757772172890295,0.8945079085724947,0.18895328044891357,0.0792531967163086,4.8665027801981246e-05,0.882033509021833,0.08542973821221439,0.06180315248140807,0.03242644422052731,0.01612513681714355,0.009242260951186583,0.003744473175196965,0.04518455499719201,0.10125401596020313,0.03236074534380365,0.15100010363768265,0.5B,16384
1,5,lenshift_16384,lenshift,9649,9.174609562020384,9.465478918290213,23.942894126114922,1.676611916589486,33.22181160742882,2.0365467487423032,0.6514758683213786,2.8969521775693043,0.3139277297696796,43.00798233817605,18.938057730303086,2.0598206660066005e-07,0.9999999902946536,0.06666666666666667,0.28106430120150755,5.759377071275941,0.9131986424324522,0.36487390335727404,0.415113642479147,0.47404469983832775,0.11101064085960388,0.06962382793426514,0.0007278272153201741,0.4623404079753639,0.5739651996764661,0.39753595341020775,0.21290879409900393,0.12356617360272384,0.08917466889490784,0.05385938342399084,0.28747260188307033,0.10125401596020313,0.22245522528618034,0.15100010363768265,0.5B,16384
1,6,lenshift_16384,lenshift,9649,9.174609562020384,9.962385794871658,23.942894126114922,1.676611916589486,33.22181160742882,2.0365467487423032,0.6514758683213786,2.8969521775693043,0.3139277297696796,14.844155227436739,27.521977921619133,8.65785882210737e-09,0.9999999999975377,0.06666666666666667,0.21468398637007377,4.434887652225379,0.9406302380790444,0.6119383300399138,0.6371961898499997,0.6602534838721879,0.073605477809906,0.03661394119262695,0.028647393708795824,0.5995000968193822,0.4665381381963485,0.3479920964743771,0.18914748064644543,0.10205737351141253,0.0685173609948864,0.03633992776797118,0.3924476540032836,0.10125401596020313,0.3230015289180299,0.15100010363768265,0.5B,16384
1,7,lenshift_16384,lenshift,9649,9.174609562020384,13.836269632614693,207.88757737784272,0.5041846454396476,209.62262010502909,2.7986122392018418,0.23025098343853068,3.7038332231352307,0.03319679226985689,1637.1602167662452,23.801885458476363,9.82866296648152e-09,0.9999999999502216,0.06666666666666667,0.5779111046866363,4.3181563577089435,0.9325264040701072,0.6243072816208197,0.6866507466448755,0.7149527155096159,0.026522204279899597,0.29101741313934326,0.0004009504667839414,0.7229840715065293,0.11342158158351634,0.08821678803117122,0.0593447066832516,0.041305288184538165,0.02969999719452578,0.01779669688264247,0.05546836497665568,0.10125401596020313,0.04456195321220467,0.15100010363768265,0.5B,16384
1,8,lenshift_16384,lenshift,9649,9.174609562020384,16.425406666951304,207.88757737784272,0.5041846454396476,209.62262010502909,2.7986122392018418,0.23025098343853068,3.7038332231352307,0.03319679226985689,335.3103100692524,47.933823313344874,8.617937134138594e-09,0.9999999999989999,0.06666666666666667,0.1141746530860973,1.2272980741702966,0.9997025078280838,0.9952872776962022,0.9973757582450904,0.9986284966530604,2.320218324661255,0.02992558479309082,1.1652572843452557e-11,0.996654890921663,0.00022789396174043716,7.767806667519963e-05,1.1946766259593293e-05,1.8290705747258094e-06,5.08105465839047e-07,6.752082403173574e-08,4.799450216816006e-05,0.10125401596020313,1.591017027688465e-05,0.15100010363768265,0.5B,16384
1,9,lenshift_16384,lenshift,9649,9.174609562020384,15.613987515156,207.88757737784272,0.5041846454396476,209.62262010502909,2.7986122392018418,0.23025098343853068,3.7038332231352307,0.03319679226985689,494.7345723685096,34.56387691835266,8.617964322416507e-09,0.999999999998999,0.06666666666666667,0.1737804355665208,0.9579940801285377,0.9996739311679571,0.9871260594797923,0.9917624924382694,0.9953920889145509,0.17317107319831848,0.04876744747161865,1.4855490080379296e-10,0.9887686940012986,0.0008314723138645698,0.00030802654846400206,5.741651046789012e-05,1.0423510196420522e-05,2.98486146385686e-06,4.306319245390707e-07,0.0002373018091687367,0.10125401596020313,8.006989871166366e-05,0.15100010363768265,0.5B,16384
1,10,lenshift_16384,lenshift,9649,9.174609562020384,11.123735445058928,207.88757737784272,0.5041846454396476,209.62262010502909,2.7986122392018418,0.23025098343853068,3.7038332231352307,0.03319679226985689,545.2398837313932,29.16928549976467,8.623849612526195e-09,0.9999999999987852,0.06666666666666667,0.2418969921485859,2.754832222833242,0.9982405756908374,0.7682610290681078,0.9141853580783719,0.974867678891225,0.14681202173233032,0.18598997592926025,8.266881714464055e-10,0.9835082720327128,0.005340011304569115,0.002779292024273403,0.0006700964897348992,0.00016405047521740094,5.635704821654159e-05,1.055785369491839e-05,0.00025127328212337695,0.10125401596020313,0.00011141178586587745,0.15100010363768265,0.5B,16384
1,11,lenshift_16384,lenshift,9649,9.174609562020384,12.8511327051339,207.88757737784272,0.5041846454396476,209.62262010502909,2.7986122392018418,0.23025098343853068,3.7038332231352307,0.03319679226985689,900.5809158998377,35.29487469967671,8.617950355393884e-09,0.9999999999989995,0.06666666666666667,0.343365472107937,2.7678559698163414,0.998023508308871,0.7737396366512268,0.9330701669335139,0.969961632402183,0.02104794979095459,0.027581214904785156,5.689164989727498e-09,0.9713363640693833,0.0060815023724688794,0.003034133320263625,0.000962317344365938,0.00027069330647169857,9.778787242785663e-05,1.6688842854037727e-05,0.0005728922012804332,0.10125401596020313,0.00023212640652234165,0.15100010363768265,0.5B,16384
1,12,lenshift_16384,lenshift,9649,9.174609562020384,17.50642342208313,207.88757737784272,0.5041846454396476,209.62262010502909,2.7986122392018418,0.23025098343853068,3.7038332231352307,0.03319679226985689,1601.3164310542975,25.450734154704605,8.912351748101451e-09,0.9999999999877962,0.06666666666666667,0.4461160269298925,5.466623671183491,0.9073845113977209,0.43316284833037255,0.4957152747037897,0.55554744833836,0.3466429263353348,0.010790213942527771,0.006473230725239586,0.4951910453798557,0.16452901445121992,0.12332393969890261,0.07997287713808998,0.05156812178252315,0.038279687015312786,0.024316518759476616,0.1074283337741467,0.10125401596020313,0.09194469948507367,0.15100010363768265,0.5B,16384
1,13,lenshift_16384,lenshift,9649,9.174609562020384,21.19185525453647,207.88757737784272,0.5041846454396476,209.62262010502909,2.7986122392018418,0.23025098343853068,3.7038332231352307,0.03319679226985689,2895.421732979662,24.6950398113795,9.150709313273352e-09,0.9999999999782134,0.06666666666666667,0.6628918324445935,5.156119094062434,0.9595881870919082,0.37773148250867844,0.4903170197899504,0.5908465663969837,0.045116126537323,0.0833311527967453,7.213034340125564e-05,0.5092157360638228,0.08011142907593052,0.04817993258553037,0.024371829243479113,0.012825689334209823,0.00839450412150434,0.004514056492994232,0.08802003928328797,0.10125401596020313,0.07082189497292085,0.15100010363768265,0.5B,16384
2,0,lenshift_16384,lenshift,9649,9.174609562020384,7.913710238241676,63.744458330577494,1.247002422137616,68.16095594087528,2.4585464687858787,0.29228028010868373,5.436600980758978,0.12010545481268435,115.89643424398757,27.179892916451465,8.676941788473295e-09,0.9999999999968283,0.06666666666666667,0.2724066619859144,2.855326566014113,0.9907982941254303,0.8271680727826344,0.8631889159124764,0.8895180479003427,0.23968642950057983,0.1304880529642105,1.0410914528041867e-08,0.8662106771189342,0.11122987420409883,0.08000426199089697,0.03804749557387819,0.016399527583861307,0.008619507702079894,0.003172720197217247,0.02923990374052076,0.10125401596020313,0.015596613751778773,0.15100010363768265,0.5B,16384
2,1,lenshift_16384,lenshift,9649,9.174609562020384,7.40958876364794,63.744458330577494,1.247002422137616,68.16095594087528,2.4585464687858787,0.29228028010868373,5.436600980758978,0.12010545481268435,105.69866707044488,22.540475240059408,1.2439885978758216e-08,0.9999999998364046,0.06666666666666667,0.24424120938549385,3.6373517768018155,0.9889290718629544,0.6765766040152666,0.7747701968153125,0.8461136581489948,0.447012335062027,0.021342068910598755,1.1291723883347335e-09,0.8588552712905053,0.17020485966515492,0.11618162341992685,0.04683750165247804,0.015919009152359574,0.007447171592385489,0.002402656635621438,0.019897327701057736,0.10125401596020313,0.00901753162556728,0.15100010363768265,0.5B,16384
2,2,lenshift_16384,lenshift,9649,9.174609562020384,11.87447771442181,63.744458330577494,1.247002422137616,68.16095594087528,2.4585464687858787,0.29228028010868373,5.436600980758978,0.12010545481268435,280.8579354847178,13.207460824619261,2.7911759015650313e-05,0.9999980574802299,0.06666666666666667,0.406606073263304,1.8948458399908896,0.9982318479929808,0.8802076821040825,0.93319525372232,0.9538420629527415,0.17415452003479004,0.20118042826652527,2.5888780139792377e-11,0.9242740181511009,0.021248613232412956,0.009663678186398437,0.002269724206878132,0.0004769572761874532,0.0001454525441253928,2.5532819792099146e-05,0.001619930636733877,0.10125401596020313,0.0006856666415048512,0.15100010363768265,0.5B,16384
2,3,lenshift_16384,lenshift,9649,9.174609562020384,12.59087492116502,63.744458330577494,1.247002422137616,68.16095594087528,2.4585464687858787,0.29228028010868373,5.436600980758978,0.12010545481268435,203.32245366012347,46.43218905029488,8.617937134302084e-09,0.9999999999989999,0.06666666666666667,0.3090118341046837,1.0680289698769254,0.9996694075357816,0.9912202883041774,0.9951918552029766,0.9971534419624768,0.5443524122238159,0.027059555053710938,4.621950447827882e-12,0.9945551837594739,0.001184697232669865,0.0005772147285421929,0.0001511121070401931,3.650773819631284e-05,1.1692542720295367e-05,2.0983619768489077e-06,0.0002715786078486197,0.10125401596020313,7.54079728178623e-05,0.15100010363768265,0.5B,16384
2,4,lenshift_16384,lenshift,9649,9.174609562020384,10.606352239238507,63.744458330577494,1.247002422137616,68.16095594087528,2.4585464687858787,0.29228028010868373,5.436600980758978,0.12010545481268435,242.0898044810576,45.64068584450908,8.617937134494013e-09,0.9999999999989999,0.06666666666666667,0.38069231570784035,1.921016382820729,0.9984929215876168,0.928176055102423,0.9671173243488168,0.9796941354750787,0.13725948333740234,0.20428147912025452,1.6757467786364023e-08,0.9740678500184272,0.012887029773849685,0.008050633524708287,0.0034953089825430776,0.0013732800217953038,0.0006604261085737097,0.0002132575852084096,0.0050103467848857325,0.10125401596020313,0.0032187203285325063,0.15100010363768265,0.5B,16384
2,5,lenshift_16384,lenshift,9649,9.174609562020384,6.841857008216475,63.744458330577494,1.247002422137616,68.16095594087528,2.4585464687858787,0.29228028010868373,5.436600980758978,0.12010545481268435,234.1781416079577,14.66087618196272,7.242531384400457e-06,0.9999995441396843,0.06666666666666667,0.5573113666562521,6.3272487547169485,0.8703926619430186,0.319195318212776,0.35330266076394956,0.39823929282877635,0.04743673652410507,0.0001684240996837616,1.1060737523599044e-05,0.38686726238172114,1.051162990414325,0.860395524481621,0.5891327352899347,0.37142557771623896,0.2622375805084594,0.1484113538532213,0.325245745321849,0.10125401596020313,0.22553690939426932,0.15100010363768265,0.5B,16384
2,6,lenshift_16384,lenshift,9649,9.174609562020384,12.033337033069566,63.744458330577494,1.247002422137616,68.16095594087528,2.4585464687858787,0.29228028010868373,5.436600980758978,0.12010545481268435,220.9342452077305,46.61926437300798,8.617937134245492e-09,0.9999999999989999,0.06666666666666667,0.31610284569411085,1.3270026788900813,0.9995627430898717,0.9641449694272802,0.9892414621459582,0.9953130121784804,0.4746657609939575,0.06455135345458984,1.5452432411254212e-12,0.9931739624621444,0.0020783007600161984,0.0009006851697936502,0.00022610373874758254,4.9185603572451104e-05,1.5842632433234585e-05,2.5292461162799358e-06,0.00025110287591302853,0.10125401596020313,6.52076557556757e-05,0.15100010363768265,0.5B,16384
2,7,lenshift_16384,lenshift,9649,9.174609562020384,8.956572516331828,117.25859238924365,1.6882598887360736,123.23016303483382,2.5322578257717825,1.0121591440009803,4.316774013978437,0.18165520987406272,353.3921926933177,25.613029239589764,8.858320260898695e-09,0.999999999989883,0.06666666666666667,0.35614692315055163,4.394913484956963,0.973775700527784,0.5488346473650193,0.6320755462416824,0.6999242727868763,0.06980851292610168,0.09338665008544922,1.1733127850899124e-05,0.6324029786051114,0.2378775528647189,0.17625976386387626,0.10505202902695049,0.06069750731074626,0.0391792662334225,0.017615278703623994,0.14088757162781984,0.10125401596020313,0.0938058506864919,0.15100010363768265,0.5B,16384
2,8,lenshift_16384,lenshift,9649,9.174609562020384,12.674329376537383,117.25859238924365,1.6882598887360736,123.23016303483382,2.5322578257717825,1.0121591440009803,4.316774013978437,0.18165520987406272,280.60719146448025,42.86699323969731,8.6179371413546e-09,0.9999999999989999,0.06666666666666667,0.21191943389893783,2.282570793400308,0.9976619532646853,0.9049364819962192,0.9461164773183576,0.963003252064623,0.05775797367095947,0.15463948249816895,1.0719643276055366e-08,0.9496692341927018,0.022739899494429273,0.014235372406588087,0.005566786245441164,0.0019211150735105903,0.000846901998423184,0.00021699115448686767,0.012800473200880045,0.10125401596020313,0.0076889913589788,0.15100010363768265,0.5B,16384
2,9,lenshift_16384,lenshift,9649,9.174609562020384,11.591503173012565,117.25859238924365,1.6882598887360736,123.23016303483382,2.5322578257717825,1.0121591440009803,4.316774013978437,0.18165520987406272,402.4793689952177,31.648187208263323,8.618789997833593e-09,0.999999999998969,0.06666666666666667,0.3254580512918207,3.6033700533531374,0.9852055135977847,0.6801179474487141,0.7516721729258853,0.8053911134008106,0.022054195404052734,0.09785974025726318,1.4962749375173086e-06,0.7482120015719357,0.1593515885446632,0.10822483543750262,0.051361995310688385,0.024118372704240453,0.01316786378119241,0.004380133391607939,0.1126801597888514,0.10125401596020313,0.07125137074312075,0.15100010363768265,0.5B,16384
2,10,lenshift_16384,lenshift,9649,9.174609562020384,9.740654072918552,117.25859238924365,1.6882598887360736,123.23016303483382,2.5322578257717825,1.0121591440009803,4.316774013978437,0.18165520987406272,202.2889901609982,32.08971819150099,8.618529376921325e-09,0.9999999999989784,0.06666666666666667,0.20163420618647732,2.6943212807409194,0.9927070191262751,0.8581892651425725,0.8929730929887945,0.9197213401133316,0.9370366334915161,0.15014421939849854,6.311034550208747e-07,0.9074541921762669,0.06131826495182327,0.04448149619193095,0.02546037092119068,0.013817252198773501,0.008538230295566475,0.003696644947936441,0.026407996991754046,0.10125401596020313,0.017947498329851534,0.15100010363768265,0.5B,16384
2,11,lenshift_16384,lenshift,9649,9.174609562020384,9.216998157700163,117.25859238924365,1.6882598887360736,123.23016303483382,2.5322578257717825,1.0121591440009803,4.316774013978437,0.18165520987406272,301.11477431830235,21.125954540336807,2.5227781036364023e-08,0.9999999992560005,0.06666666666666667,0.30931139022082926,4.877079395778947,0.9719013241115197,0.431625353769663,0.5314460872718192,0.6255722991424948,0.10448342561721802,0.1284804344177246,1.3776860834105599e-05,0.5126924185215702,0.2821011475388649,0.18401481213832965,0.10711451802705631,0.05970876156691604,0.03740867202772012,0.017582626665831724,0.16991239794060128,0.10125401596020313,0.10816801382926303,0.15100010363768265,0.5B,16384
2,12,lenshift_16384,lenshift,9649,9.174609562020384,11.822872572941277,117.25859238924365,1.6882598887360736,123.23016303483382,2.5322578257717825,1.0121591440009803,4.316774013978437,0.18165520987406272,343.2129526418798,29.970574604456885,8.620873715584066e-09,0.9999999999988936,0.06666666666666667,0.2720309278912245,3.025150674750091,0.9946300974539741,0.7584649864222481,0.8418070222242943,0.8994115303341961,0.1301288604736328,0.03924769163131714,1.5110826306863146e-07,0.8313542798124895,0.06301255733427819,0.038891898652427134,0.017339478832459992,0.006415685824699735,0.003061742431502175,0.0009451447578228518,0.03387848239851645,0.10125401596020313,0.02397898768209634,0.15100010363768265,0.5B,16384
2,13,lenshift_16384,lenshift,9649,9.174609562020384,7.996836975770494,117.25859238924365,1.6882598887360736,123.23016303483382,2.5322578257717825,1.0121591440009803,4.316774013978437,0.18165520987406272,337.1251346644233,27.542071177459775,8.668579017900656e-09,0.9999999999971463,0.06666666666666667,0.3830167552111105,3.8245179885386764,0.9683654990558866,0.6687515385170322,0.7096702036617764,0.7566837434199839,0.07721886038780212,0.03887331485748291,3.2738989042829505e-05,0.7152643728046301,0.24410454300186935,0.19584069909729684,0.13933287790952179,0.09117816525545112,0.06164840395656226,0.03397516521933658,0.12409718772047534,0.10125401596020313,0.09107471512110817,0.15100010363768265,0.5B,16384
3,0,lenshift_16384,lenshift,9649,9.174609562020384,17.63594561431582,22.84789247776941,2.53102910727693,30.787575256776076,3.951334451142089,0.6377655024058135,5.5131644428620925,0.045567451732086414,-73.36568237753477,26.128932409865,8.913673905081048e-09,0.9999999999879774,0.06666666666666667,0.5233614861080867,0.8603754212550004,0.9993499594962978,0.9847793683086269,0.9865640986186419,0.9890006216854345,0.16171419620513916,0.05786687135696411,0.7570877158640634,0.22793558764600227,0.017469913672976727,0.008341229552563263,0.003442872516295741,0.0013472476937624847,0.0006499473216376585,0.0001994135276705017,0.020535989435695873,0.10125401596020313,0.013967737922844297,0.15100010363768265,0.5B,16384
3,1,lenshift_16384,lenshift,9649,9.174609562020384,14.665891718318798,22.84789247776941,2.53102910727693,30.787575256776076,3.951334451142089,0.6377655024058135,5.5131644428620925,0.045567451732086414,-13.604318408405078,38.47453465488027,8.617937876263986e-09,0.9999999999989999,0.06666666666666667,0.527469955977609,2.2992081491239214,0.9977977738677257,0.8962941746697225,0.967839766905368,0.9817254060155963,0.011865615844726562,0.210845947265625,0.3236038946330817,0.658031802521338,0.012904845411538251,0.009313123396288656,0.005076383929017485,0.0026409976573924334,0.0015387849316240627,0.0006254881221306659,0.0077345660764843865,0.10125401596020313,0.005842833174241004,0.15100010363768265,0.5B,16384
3,2,lenshift_16384,lenshift,9649,9.174609562020384,13.717038619192385,22.84789247776941,2.53102910727693,30.787575256776076,3.951334451142089,0.6377655024058135,5.5131644428620925,0.045567451732086414,-2.470602291471849,36.23801083227288,8.617942224894864e-09,0.9999999999989997,0.06666666666666667,0.550890424272894,2.798917429123885,0.9972732314649426,0.7661664297746997,0.9283387885339925,0.9784658499422901,0.07575458288192749,0.028330624103546143,0.149501296162189,0.8323668240273217,0.012708543702523719,0.008842057410382362,0.004686588457437187,0.00244408772473826,0.0014822942189293713,0.0006464621582108227,0.005387225646509581,0.10125401596020313,0.003608285363087362,0.15100010363768265,0.5B,16384
3,3,lenshift_16384,lenshift,9649,9.174609562020384,12.704371329020976,22.84789247776941,2.53102910727693,30.787575256776076,3.951334451142089,0.6377655024058135,5.5131644428620925,0.045567451732086414,-22.987877481123974,25.451537414946984,8.848841386525143e-09,0.9999999999901488,0.06666666666666667,0.6402845182032476,2.1050727803579146,0.9951354567217109,0.8829726933091103,0.9231964312045142,0.9505016315997896,0.752522349357605,0.014706254005432129,0.5675192753636883,0.3837064653506974,0.06650958446698274,0.04671246359871079,0.02674870385663186,0.014853231314458357,0.009850564569217072,0.004818095911734672,0.026418841006790247,0.10125401596020313,0.019743180596046805,0.15100010363768265,0.5B,16384
3,4,lenshift_16384,lenshift,9649,9.174609562020384,20.839972026397984,22.84789247776941,2.53102910727693,30.787575256776076,3.951334451142089,0.6377655024058135,5.5131644428620925,0.045567451732086414,-42.743812028099505,39.84401633984903,8.617937266348489e-09,0.9999999999989999,0.06666666666666667,0.4988574763706565,1.045259058692115,0.9997298146596734,0.9939589182494634,0.9972119673747576,0.9984331905938411,1.1397755146026611,0.22559857368469238,0.6526915123423782,0.34452589511443066,0.0011779921839923223,0.0005263302850796225,0.0001440172267071051,4.304647554592246e-05,1.701360921194232e-05,3.952990454261473e-06,0.0012447754405082681,0.10125401596020313,0.0007936536508867014,0.15100010363768265,0.5B,16384
3,5,lenshift_16384,lenshift,9649,9.174609562020384,18.97287618061149,22.84789247776941,2.53102910727693,30.787575256776076,3.951334451142089,0.6377655024058135,5.5131644428620925,0.045567451732086414,-92.9541817757854,19.125742940883583,1.2692986481672835e-07,0.9999999941953464,0.03333333333333333,0.41131170635273934,0.740520349306367,0.9991876590916743,0.9911114342777706,0.9915078588318836,0.9919564858377004,1.0030021220445633,0.0020762383937835693,0.8489196807305893,0.08238142381383842,0.03586391025037876,0.027429809843072844,0.01107056438870306,0.0033048650389181596,0.0018536340022257912,0.0006494527653030835,0.039180581755432826,0.10322313193077003,0.03594585578414711,0.15296921960824955,0.5B,16384
3,6,lenshift_16384,lenshift,9649,9.174609562020384,13.692342542775874,22.84789247776941,2.53102910727693,30.787575256776076,3.951334451142089,0.6377655024058135,5.5131644428620925,0.045567451732086414,-5.423173459137189,26.669754935538066,8.688161995491515e-09,0.9999999999963849,0.06666666666666667,0.5503396697704126,2.9225581654023554,0.9976469607823164,0.7456766542462547,0.8992850142976773,0.968325765209322,0.043393850326538086,0.11899882555007935,0.1857210036328148,0.793669237662052,0.012089214339175758,0.006840963006279765,0.0029733259843534384,0.0013785332900833134,0.000784004927315809,0.0003114358423179562,0.0034560568419645665,0.10125401596020313,0.0023141409646085355,0.15100010363768265,0.5B,16384
3,7,lenshift_16384,lenshift,9649,9.174609562020384,15.992881862323669,33.950381986428894,1.0455533415040639,36.244048241659286,3.2087795106891797,0.8701969563165044,5.385442157871954,0.18649014228133362,178.0335508304484,36.492574388051764,8.617942073305346e-09,0.9999999999989997,0.06666666666666667,0.482774827371492,4.201922683849581,0.9805828197262716,0.5654163543572854,0.6065905024306046,0.6496085996774308,0.0760953426361084,0.05555558204650879,0.033957940644444747,0.5343843721388056,0.3404627881559312,0.2007777459800165,0.05466451909863425,0.008069645720680349,0.002273659728957828,0.0004662897336597753,0.46557445974374034,0.10125401596020313,0.3647764829108526,0.15100010363768265,0.5B,16384
3,8,lenshift_16384,lenshift,9649,9.174609562020384,13.35066162962974,33.950381986428894,1.0455533415040639,36.244048241659286,3.2087795106891797,0.8701969563165044,5.385442157871954,0.18649014228133362,160.70188351939706,44.713386873112,8.617937135122492e-09,0.9999999999989999,0.06666666666666667,0.473985115397816,1.7515553200208371,0.9965676352602607,0.914729827680164,0.9345295932623854,0.9472886306973324,1.2413063049316406,0.025551557540893555,0.048080676408235865,0.8925542702575917,0.040235608416821,0.026683611375802344,0.008329285576247064,0.001789633533385691,0.0008246182756204393,0.00029345961433228864,0.043409916024065645,0.10125401596020313,0.03635204652670668,0.15100010363768265,0.5B,16384
3,9,lenshift_16384,lenshift,9649,9.174609562020384,11.486189453657873,33.950381986428894,1.0455533415040639,36.244048241659286,3.2087795106891797,0.8701969563165044,5.385442157871954,0.18649014228133362,46.018192319308966,38.49408421490118,8.61793797796128e-09,0.9999999999989999,0.06666666666666667,0.20174836158166204,3.5520226007845066,0.9774153617670509,0.7400889776057245,0.817253227331284,0.837727607279588,0.029714614152908325,0.049060672521591187,0.1977459411011014,0.6309114152364024,0.14552694955342263,0.10915273355219719,0.059351456403110146,0.03692605966943858,0.02721723767635772,0.017145421057688327,0.14086641094261515,0.10125401596020313,0.12611637833196615,0.15100010363768265,0.5B,16384
3,10,lenshift_16384,lenshift,9649,9.174609562020384,15.192601865810154,33.950381986428894,1.0455533415040639,36.244048241659286,3.2087795106891797,0.8701969563165044,5.385442157871954,0.18649014228133362,138.04640531539914,30.455808117985697,8.619574899788792e-09,0.9999999999989406,0.06666666666666667,0.45083417407951454,1.684980631337708,0.9956042035156394,0.8909013656630355,0.9043441435563506,0.9159701795083401,0.3277229070663452,0.03600764274597168,0.009116249808201742,0.8890359336560474,0.060538474256741484,0.036967338280448965,0.009196718131167637,0.0012351111509944443,0.00045496539735151627,0.00011917775570594797,0.0730607016845212,0.10125401596020313,0.0646981543229577,0.15100010363768265,0.5B,16384
3,11,lenshift_16384,lenshift,9649,9.174609562020384,10.804588620829131,33.950381986428894,1.0455533415040639,36.244048241659286,3.2087795106891797,0.8701969563165044,5.385442157871954,0.18649014228133362,164.13011398385552,22.517714733586587,1.6612127552398798e-08,0.9999999996697939,0.06666666666666667,0.5984121458664197,4.833671988243831,0.9537421863658507,0.4684858446762804,0.49531685711687207,0.530967885771309,0.014926686882972717,0.0035562515258789062,0.35435627207294906,0.13516187868806254,0.2924360884758494,0.23333385075127916,0.2110917765585463,0.13200047937252868,0.07770088897313641,0.034764480462388135,0.3195742172988225,0.10125401596020313,0.27044750361012954,0.15100010363768265,0.5B,16384
3,12,lenshift_16384,lenshift,9649,9.174609562020384,14.83803379421098,33.950381986428894,1.0455533415040639,36.244048241659286,3.2087795106891797,0.8701969563165044,5.385442157871954,0.18649014228133362,157.97763668789582,47.10962193503099,8.617937134184913e-09,0.9999999999989999,0.06666666666666667,0.42262467615700633,2.1890652685340855,0.9964642265233975,0.907391135544522,0.9355894591322353,0.9456940629537346,0.06701457500457764,0.0013275146484375,0.059498263326461916,0.8784130401287341,0.041420157488186726,0.026221108330295954,0.00807368272587677,0.0018712855146520452,0.0007970722520698749,0.0002592242296255301,0.0460885596440829,0.10125401596020313,0.03936285624814783,0.15100010363768265,0.5B,16384
3,13,lenshift_16384,lenshift,9649,9.174609562020384,10.694274969748383,33.950381986428894,1.0455533415040639,36.244048241659286,3.2087795106891797,0.8701969563165044,5.385442157871954,0.18649014228133362,130.2685151661144,19.49374498076304,8.223433103416312e-08,0.9999999964360442,0.06666666666666667,0.493381889218689,4.930217732052888,0.9245885727974333,0.5091821234129394,0.5262983330076444,0.5498519710044312,0.0729491114616394,0.021379590034484863,0.35497835101646963,0.17333490592448259,0.5000096118531057,0.4509387553085814,0.4082353862463314,0.30497708174118693,0.2092886469666455,0.1134582649653932,0.32268328552674236,0.10125401596020313,0.26235487951215325,0.15100010363768265,0.5B,16384
4,0,lenshift_16384,lenshift,9649,9.174609562020384,20.252541853472167,21.466142932168758,1.1698801992106047,24.26976466684471,3.7488336922095233,0.5809311637711233,6.548795723315869,0.1075740708071504,-17.53664589278837,53.15639825187186,8.617937134092424e-09,0.9999999999989999,0.06666666666666667,0.6856947698815697,2.0807613371155864,0.9991778555098997,0.9777672765486943,0.9947408844165329,0.9972242033015996,0.7057483792304993,0.08962559700012207,0.17070091158574874,0.8260720153769708,0.0026447681188957023,0.001607755874219546,0.0007010951370083727,0.00028545447057447986,0.00014501380901343325,4.546891478502282e-05,0.0008022032983726734,0.10125401596020313,0.000423862566812706,0.15100010363768265,0.5B,16384
4,1,lenshift_16384,lenshift,9649,9.174609562020384,19.062714725598276,21.466142932168758,1.1698801992106047,24.26976466684471,3.7488336922095233,0.5809311637711233,6.548795723315869,0.1075740708071504,-12.088953635271857,61.139689696404865,8.617937134092186e-09,0.9999999999989999,0.06666666666666667,0.5940298033484117,2.2938030198767825,0.999055943139374,0.9066961173300171,0.9943803017975046,0.9983936493862265,0.04924452304840088,0.9627448618412018,0.1793129876940036,0.8191531455518661,0.0019451100184870009,0.0014313138254765183,0.0008295541959604178,0.00045043139862105207,0.0002825166128641969,0.00012201605947823537,0.0008985042458963257,0.10125401596020313,0.000618338185770035,0.15100010363768265,0.5B,16384
4,2,lenshift_16384,lenshift,9649,9.174609562020384,16.47539591197764,21.466142932168758,1.1698801992106047,24.26976466684471,3.7488336922095233,0.5809311637711233,6.548795723315869,0.1075740708071504,-17.553983050234173,36.47895690163269,8.617941359699002e-09,0.9999999999989997,0.06666666666666667,0.6874372760170702,2.162387984588487,0.9932685940430467,0.9136101898459545,0.9592344068054967,0.9668856308442343,0.23284199833869934,0.0063003599643707275,0.1788952814727785,0.7881741319249895,0.048905341056030636,0.040650335637307376,0.027904175887397804,0.01814093026452511,0.012846878086921412,0.006961129067857053,0.024970173245752847,0.10125401596020313,0.019662897164610768,0.15100010363768265,0.5B,16384
4,3,lenshift_16384,lenshift,9649,9.174609562020384,18.066391395768942,21.466142932168758,1.1698801992106047,24.26976466684471,3.7488336922095233,0.5809311637711233,6.548795723315869,0.1075740708071504,-11.808374562684232,39.31357691491789,8.617937580896925e-09,0.9999999999989999,0.06666666666666667,0.7304022960451133,2.579838560860624,0.9963746395585269,0.7552604763814313,0.9344196111239861,0.9793488123954247,0.18663020431995392,0.055517762899398804,0.3809932539529889,0.6017744180694742,0.04647767059035231,0.03612227799469487,0.02175699407710293,0.012042198274418296,0.007465536938991534,0.0034304578329864993,0.018834019961505983,0.10125401596020313,0.011896463898187942,0.15100010363768265,0.5B,16384
4,4,lenshift_16384,lenshift,9649,9.174609562020384,19.79954036362176,21.466142932168758,1.1698801992106047,24.26976466684471,3.7488336922095233,0.5809311637711233,6.548795723315869,0.1075740708071504,-18.182214235558224,56.23766229520827,8.617937134092196e-09,0.9999999999989999,0.06666666666666667,0.6773533857413684,2.1086138742897034,0.9992616943445811,0.9149024101125638,0.9950105568608217,0.9990794295696953,0.12996292114257812,0.4559425115585327,0.3527004140845383,0.6465043997752077,0.0015243869848507818,0.0010953256765709922,0.0006125288325673214,0.0003327210361204555,0.0002055991786154678,8.676979434123501e-05,0.000568468714552519,0.10125401596020313,0.00039512135738388145,0.15100010363768265,0.5B,16384
4,5,lenshift_16384,lenshift,9649,9.174609562020384,19.304073424319608,21.466142932168758,1.1698801992106047,24.26976466684471,3.7488336922095233,0.5809311637711233,6.548795723315869,0.1075740708071504,-28.163797853624132,45.088198085205946,8.617937135270086e-09,0.9999999999989999,0.06666666666666667,0.6718750868987806,1.7534503876428134,0.9980091905215164,0.9650461175862043,0.981826909082289,0.9864472300147965,0.2803961932659149,0.09610706567764282,0.5029169453676532,0.4817353718793917,0.026937582122734928,0.020150905475344337,0.011917877404085434,0.006584152897807997,0.004168724583371366,0.0019272939446529783,0.01328440173582993,0.10125401596020313,0.009383401338332466,0.15100010363768265,0.5B,16384
4,6,lenshift_16384,lenshift,9649,9.174609562020384,20.978056820685207,21.466142932168758,1.1698801992106047,24.26976466684471,3.7488336922095233,0.5809311637711233,6.548795723315869,0.1075740708071504,-18.422546165830926,52.139093007125425,8.617937134092847e-09,0.9999999999989999,0.06666666666666667,0.7036287063364736,1.7421667522051099,0.9992990953826282,0.9646983600121302,0.9909513584610605,0.9955209298654796,0.14673421531915665,0.05279648303985596,0.26576371186024655,0.7289336091444617,0.004064442252883159,0.0025256173881830226,0.0010501811294647773,0.0004375118574923606,0.00022076485518035457,7.034788576330108e-05,0.0010373437117183143,0.10322313193077003,0.0006155122465238582,0.15100010363768265,0.5B,16384
4,7,lenshift_16384,lenshift,9649,9.174609562020384,10.275145159604433,31.108073306886705,1.3567468898883626,34.56185769006819,3.658007418153921,0.7344276975624221,6.7694877567671545,0.1072411089879471,-10.252379810108854,33.62872685123276,8.618005958970131e-09,0.9999999999989975,0.06666666666666667,0.0342795334469635,2.79988090639422,0.9948356799211356,0.7538518177981908,0.9128149260262793,0.9758758435389482,0.2447243332862854,0.03852105140686035,0.2619286655766682,0.6680925366230916,0.023222872292224157,0.0194585236301024,0.015064612011728807,0.011437477538016367,0.009050671219437678,0.00590935149278281,0.01560958694321372,0.10125401596020313,0.013678447721793578,0.15100010363768265,0.5B,16384
4,8,lenshift_16384,lenshift,9649,9.174609562020384,11.960703879902246,31.108073306886705,1.3567468898883626,34.56185769006819,3.658007418153921,0.7344276975624221,6.7694877567671545,0.1072411089879471,127.6505780921263,32.29445419936127,8.618197875220723e-09,0.9999999999989906,0.06666666666666667,0.48879899366393326,2.5724195231206846,0.9918423283228371,0.8428027142166459,0.9384914010777065,0.9621247471191106,0.30304738879203796,0.2725057899951935,0.3765637197715678,0.5716485833947054,0.04818231079074756,0.04166617070180215,0.03137512816975965,0.021850829800475643,0.016076651974890395,0.009412005376722245,0.03779866706539672,0.10125401596020313,0.03310271175463739,0.15100010363768265,0.5B,16384
4,9,lenshift_16384,lenshift,9649,9.174609562020384,10.696966559950253,31.108073306886705,1.3567468898883626,34.56185769006819,3.658007418153921,0.7344276975624221,6.7694877567671545,0.1072411089879471,8.680950708249041,14.600651391494578,7.123363156888824e-06,0.9999995439437385,0.06666666666666667,0.11133569292037684,2.979202463228781,0.9977841624559104,0.6975715176036494,0.8716640507308606,0.964794272465613,0.19655854254961014,0.21304709278047085,0.23513490595936964,0.5780138410174167,0.006132283902039841,0.004923064250995549,0.0031573056551875804,0.0017960494108146842,0.0010723182069368024,0.0004947307208108732,0.005157151337561057,0.10125401596020313,0.004552905295908139,0.15100010363768265,0.5B,16384
4,10,lenshift_16384,lenshift,9649,9.174609562020384,17.23539022600963,31.108073306886705,1.3567468898883626,34.56185769006819,3.658007418153921,0.7344276975624221,6.7694877567671545,0.1072411089879471,109.02157920949601,53.80224483065747,8.617937134092298e-09,0.9999999999989999,0.06666666666666667,0.2718654463375577,2.7627865132549587,0.9984128644573713,0.6909074188394952,0.9540915442085638,0.9955968347425627,0.04989498853683472,0.3787182867527008,0.17361293064340194,0.8224033813091509,0.004052320348162834,0.0028861210171880723,0.0016175470615681466,0.0008728483836998261,0.0005501668801591209,0.00025587984820960843,0.0017548098969402007,0.10125401596020313,0.0013323375221245951,0.15100010363768265,0.5B,16384
4,11,lenshift_16384,lenshift,9649,9.174609562020384,16.03474183566377,31.108073306886705,1.3567468898883626,34.56185769006819,3.658007418153921,0.7344276975624221,6.7694877567671545,0.1072411089879471,93.62017963914309,65.93513604154919,8.617937134092186e-09,0.9999999999989999,0.06666666666666667,0.2599849345827618,2.7406812888951495,0.9987107869142231,0.7119563560355602,0.9537883272574488,0.9988248629858126,0.31120535731315613,0.23785734176635742,0.06306864632070912,0.9356824495516757,0.0006747463202776476,0.0004181915578577411,0.00019023782080853846,7.937196350686515e-05,4.0541179883251934e-05,1.644396562081279e-05,0.00037647936728879127,0.10125401596020313,0.0003062639940194683,0.15100010363768265,0.5B,16384
4,12,lenshift_16384,lenshift,9649,9.174609562020384,25.64991833132854,31.108073306886705,1.3567468898883626,34.56185769006819,3.658007418153921,0.7344276975624221,6.7694877567671545,0.1072411089879471,174.59991051169,58.89532898278796,8.617937134092186e-09,0.9999999999989999,0.06666666666666667,0.35898601290641685,1.1740006550337327,0.9990361567719913,0.9652742485994351,0.9763610791706459,0.9836769012692932,0.19968269765377045,0.24336963891983032,0.16654656300722312,0.8031620508309163,0.01279625545465466,0.007273116893702791,0.0024303206984915833,0.0007581439984977382,0.00029147112368910596,5.65566916237242e-05,0.013671648233773105,0.10125401596020313,0.009061436233355091,0.15100010363768265,0.5B,16384
4,13,lenshift_16384,lenshift,9649,9.174609562020384,11.081436568861067,31.108073306886705,1.3567468898883626,34.56185769006819,3.658007418153921,0.7344276975624221,6.7694877567671545,0.1072411089879471,28.604189690421606,44.83862843572655,8.617937135063173e-09,0.9999999999989999,0.06666666666666667,0.15586991254497498,2.8526383988087196,0.9938857818463613,0.7488320786968676,0.9388422361076658,0.9718757659864545,0.08772504329681396,0.021863222122192383,0.19569941154326218,0.7708827388346304,0.02976974780526318,0.024188318355119098,0.01761668664451392,0.01243023789301504,0.00911964481950577,0.0053811065350634875,0.019038523698462692,0.10125401596020313,0.015606540045345148,0.15100010363768265,0.5B,16384
5,0,lenshift_16384,lenshift,9649,9.174609562020384,16.38845160032484,24.077015102659097,1.6225388049911686,27.967493628941646,4.380476485998327,0.7086572535620314,7.929949029828431,0.12577048139112387,-48.52405466402277,31.50109610379579,8.618513228302264e-09,0.999999999998979,0.06666666666666667,0.381755854664857,0.669671439886323,0.9998148967219336,0.9925769178843714,0.9975697098163516,0.9995829214024191,0.2918519973754883,0.05477502942085266,0.8418256880059927,0.15445533408444118,4.0151045275253546e-05,2.155402649816151e-05,1.2556480931217188e-05,7.402547783934977e-06,4.840599621784908e-06,2.2346843662810623e-06,1.8195704495686422e-05,0.10125401596020313,1.554311074533303e-05,0.15100010363768265,0.5B,16384
5,1,lenshift_16384,lenshift,9649,9.174609562020384,19.17287222982033,24.077015102659097,1.6225388049911686,27.967493628941646,4.380476485998327,0.7086572535620314,7.929949029828431,0.12577048139112387,-13.92926834611331,77.51732275547351,8.617937134092186e-09,0.9999999999989999,0.06666666666666667,0.5021972657698105,2.233016576194096,0.9992609731627878,0.8951740465215234,0.9864045318138666,0.9997516545211014,0.5588006675243378,0.032570719718933105,0.26737724345530306,0.7323642851604129,0.00019793766995353096,0.00013209659520127315,6.040423573775629e-05,2.7504811992106213e-05,1.4619917767946018e-05,5.2504339748826765e-06,0.00010435487471518516,0.10125401596020313,5.9360488579195074e-05,0.15100010363768265,0.5B,16384
5,2,lenshift_16384,lenshift,9649,9.174609562020384,15.7179570538407,24.077015102659097,1.6225388049911686,27.967493628941646,4.380476485998327,0.7086572535620314,7.929949029828431,0.12577048139112387,-39.53576438567217,30.009020893409968,8.620495427161497e-09,0.9999999999989071,0.06666666666666667,0.5474298749220134,0.9783690386069616,0.9997194685487355,0.9766284751466926,0.9919747904939452,0.9984977239259487,0.22213196754455566,0.26083141565322876,0.7131561127627627,0.2699606473553725,0.0002871962472653314,0.00017297454120207635,0.00011312269457253771,7.228417962095521e-05,4.915541977784662e-05,2.480907911767301e-05,0.00013190764584163225,0.10125401596020313,0.0001133676322954152,0.15100010363768265,0.5B,16384
5,3,lenshift_16384,lenshift,9649,9.174609562020384,15.703814833942264,24.077015102659097,1.6225388049911686,27.967493628941646,4.380476485998327,0.7086572535620314,7.929949029828431,0.12577048139112387,-35.501409194048705,33.93172298433424,8.617987999171093e-09,0.9999999999989981,0.06666666666666667,0.4803912889465747,1.4656496243665684,0.9996361076633978,0.9773996919686643,0.9939976634475979,0.9995014763662972,0.18521273136138916,0.23299896717071533,0.43298849648002585,0.5463700503980009,3.76014688779834e-05,2.441605588152374e-05,1.4433299753627589e-05,8.698545305245654e-06,5.77840325070825e-06,2.7991345390217718e-06,2.1445395121304563e-05,0.10125401596020313,1.6414298732755383e-05,0.15100010363768265,0.5B,16384
5,4,lenshift_16384,lenshift,9649,9.174609562020384,18.37665047012705,24.077015102659097,1.6225388049911686,27.967493628941646,4.380476485998327,0.7086572535620314,7.929949029828431,0.12577048139112387,-4.752365280600156,74.02420214870396,8.617937134092186e-09,0.9999999999989999,0.06666666666666667,0.5518874828460094,2.605314680969978,0.9989166361938727,0.7577158434792605,0.9765881065316073,0.9997470543570341,0.2818114757537842,0.5799999237060547,0.16190724164354398,0.837864377236582,0.00013906653876328648,9.073394770041615e-05,4.387492370794448e-05,2.0054034568999195e-05,1.104489185114434e-05,4.204295349676777e-06,5.7373299427178535e-05,0.10125401596020313,3.938907714737921e-05,0.15100010363768265,0.5B,16384
5,5,lenshift_16384,lenshift,9649,9.174609562020384,17.63125884073787,24.077015102659097,1.6225388049911686,27.967493628941646,4.380476485998327,0.7086572535620314,7.929949029828431,0.12577048139112387,-17.349692484911742,83.99505529544481,8.617937134092186e-09,0.9999999999989999,0.06666666666666667,0.5081846488778915,2.121986044650091,0.9993485140169662,0.9423269329857518,0.995011474080559,0.9999610159765405,1.114503264427185,0.02174532413482666,0.2614179345876843,0.7384784370746227,1.3458038567865653e-05,8.081322832017362e-06,3.79926190603827e-06,1.8728210456707397e-06,1.1313879998400958e-06,4.886898010700967e-07,4.4537596532201884e-06,0.10125401596020313,3.0267644539710065e-06,0.15100010363768265,0.5B,16384
5,6,lenshift_16384,lenshift,9649,9.174609562020384,13.59307713213536,24.077015102659097,1.6225388049911686,27.967493628941646,4.380476485998327,0.7086572535620314,7.929949029828431,0.12577048139112387,-21.919593979330617,50.20727941974218,8.617937134096775e-09,0.9999999999989999,0.06666666666666667,0.5397961140234946,1.991176381793708,0.9988116127241633,0.9542402818685692,0.986868453157864,0.9945999659179324,0.5581026077270508,0.2361435890197754,0.24534149166690275,0.7463503256012052,0.005913213875027224,0.00443355257815988,0.002647492764545232,0.001426854568671216,0.0008859443124132302,0.00042224902770836515,0.004068152579871922,0.10125401596020313,0.0032867916573824057,0.15100010363768265,0.5B,16384
5,7,lenshift_16384,lenshift,9649,9.174609562020384,16.570100612985282,19.691345012674816,1.8624965549446848,24.04735800175612,3.1277354615446407,0.6653068371026024,6.511095320361395,0.15259792320130075,-22.331556937273817,12.485309914603604,5.10071894815227e-05,0.9999962182111969,0.06666666666666667,0.6973626316714997,2.4768129270368533,0.9990599058318089,0.839453259153025,0.9634316477250062,0.9973369149967478,0.015659868717193604,0.2805298715829849,0.13451823673475496,0.574938828372844,0.0001539796558097181,9.705601444210305e-05,5.9961943987310647e-05,3.658741729654235e-05,2.5322907379641265e-05,1.438912706945197e-05,0.0001196350898954919,0.10125401596020313,0.00011008508860816544,0.15100010363768265,0.5B,16384
5,8,lenshift_16384,lenshift,9649,9.174609562020384,15.27182397990489,19.691345012674816,1.8624965549446848,24.04735800175612,3.1277354615446407,0.6653068371026024,6.511095320361395,0.15259792320130075,9.329212680897292,17.336748181130936,5.506927026439659e-07,0.999999970436176,0.06666666666666667,0.4517644531703335,2.8370855558542827,0.99859635311028,0.6866629445399275,0.9030468323794646,0.9902606744597162,0.016141340136528015,0.05970572680234909,0.008872527676537664,0.6105501053227838,0.0004030836045006446,0.00023665402751757265,0.00011965270734344881,4.7547019890787196e-05,2.179367138941717e-05,7.84973025908449e-06,0.00042302932901949677,0.10125401596020313,0.0002718668532155923,0.15100010363768265,0.5B,16384
5,9,lenshift_16384,lenshift,9649,9.174609562020384,28.58373371479633,19.691345012674816,1.8624965549446848,24.04735800175612,3.1277354615446407,0.6653068371026024,6.511095320361395,0.15259792320130075,-42.42151735810673,42.68699016054982,8.617937141795249e-09,0.9999999999989999,0.06666666666666667,0.5759800088836282,0.4063037544552365,0.9998540372192894,0.9972681617382614,0.9989344449089119,0.9995566665686372,0.26987171173095703,0.2691535949707031,0.08624853561185168,0.9105613890789214,0.00011730557809281193,5.163633924939985e-05,1.2917582497135874e-05,3.2140792721330846e-06,1.18304366249091e-06,2.402015637382003e-07,0.00015250611271532626,0.10125401596020313,0.00011037032957609165,0.15100010363768265,0.5B,16384
5,10,lenshift_16384,lenshift,9649,9.174609562020384,18.460318278527026,19.691345012674816,1.8624965549446848,24.04735800175612,3.1277354615446407,0.6653068371026024,6.511095320361395,0.15259792320130075,-19.068362243035274,33.88440210090072,8.61799036708611e-09,0.9999999999989979,0.06666666666666667,0.78668788068155,2.0158365142020704,0.9981414438213402,0.8925696579452941,0.9630075918418854,0.9910752178448851,0.2777164578437805,0.0736241340637207,0.5218154428108496,0.4489167620047175,0.009090978495388643,0.007277943080531032,0.004664655005508794,0.0028205268707865903,0.0019239685302532379,0.00104515241240331,0.0062319418369882525,0.10125401596020313,0.005074647110573335,0.15100010363768265,0.5B,16384
5,11,lenshift_16384,lenshift,9649,9.174609562020384,21.449247983719093,19.691345012674816,1.8624965549446848,24.04735800175612,3.1277354615446407,0.6653068371026024,6.511095320361395,0.15259792320130075,-19.222501544391406,49.8311917650349,8.617937134098265e-09,0.9999999999989999,0.06666666666666667,0.6830966377800018,1.6652569409611,0.99929760397366,0.8520361850141553,0.968998697186894,0.998318925701179,0.015248537063598633,0.12569189071655273,0.6514368863945271,0.3311373420028413,0.0012136735640997747,0.0008062926407897962,0.000386481277293221,0.00016420928007587814,8.125364555099557e-05,2.5528901846898074e-05,0.0006864569238018927,0.10125401596020313,0.0005626060371451495,0.15100010363768265,0.5B,16384
5,12,lenshift_16384,lenshift,9649,9.174609562020384,19.207852467251982,19.691345012674816,1.8624965549446848,24.04735800175612,3.1277354615446407,0.6653068371026024,6.511095320361395,0.15259792320130075,-1.4891148525125857,60.0200533663087,8.617937134092186e-09,0.9999999999989999,0.06666666666666667,0.6723322577887414,2.778807751726674,0.9986617922735869,0.6866514885814177,0.9437558538535272,0.9981992637518745,0.11445171386003494,0.11684983968734741,0.15290613109743223,0.831487616203092,0.0008385904262702886,0.0005304877582652983,0.00023549040753924243,9.774817695544521e-05,5.2379758493953614e-05,1.951910953920002e-05,0.00042290922534518724,0.10125401596020313,0.00033632239502617243,0.15100010363768265,0.5B,16384
5,13,lenshift_16384,lenshift,9649,9.174609562020384,17.893350665509463,19.691345012674816,1.8624965549446848,24.04735800175612,3.1277354615446407,0.6653068371026024,6.511095320361395,0.15259792320130075,-25.341561548850116,33.09828797742204,8.61805380038799e-09,0.9999999999989957,0.06666666666666667,0.6795132508863129,1.9103033963008718,0.9993402786862213,0.8863957471679487,0.9724444052075776,0.9984318108917766,0.11576169729232788,0.08717915415763855,0.5328453082010617,0.363998881438742,0.00031968906452055227,0.00022723799821188252,0.0001144638604936203,5.7399750196895264e-05,3.3986223313372435e-05,1.47402497217716e-05,0.00025821782955055367,0.10125401596020313,0.0002287602794258462,0.15100010363768265,0.5B,16384
6,0,lenshift_16384,lenshift,9649,9.174609562020384,13.930616798280587,13.74420385577277,1.7927707805010826,17.458307137238265,3.5394722510180268,0.41083694324113135,4.709941407601562,0.08080516455573339,53.149092570823775,28.770359072779463,8.626755194189873e-09,0.9999999999986791,0.06666666666666667,0.6961436894213706,4.104447536890765,0.946765501867092,0.6203649374879739,0.6595458086104014,0.6867265884441325,0.08603282272815704,0.09170810133218765,0.41625278559874196,0.25611538068409,0.44993593533348686,0.35007341794069063,0.2123716500198418,0.13020228848621657,0.09241746766195952,0.051495686411901956,0.3413889001625763,0.10125401596020313,0.276552886934481,0.15100010363768265,0.5B,16384
6,1,lenshift_16384,lenshift,9649,9.174609562020384,14.900568439134204,13.74420385577277,1.7927707805010826,17.458307137238265,3.5394722510180268,0.41083694324113135,4.709941407601562,0.08080516455573339,74.98063555885764,35.88819964942249,8.617944485968762e-09,0.9999999999989997,0.06666666666666667,0.6505856684407211,3.2392449506138714,0.9913878700418152,0.6554339388924048,0.8764980462028347,0.947017372615238,0.1452580690383911,0.24389906227588654,0.15137705313461572,0.7951532508565596,0.07196730800974811,0.05624412821561798,0.03566233321973279,0.02120021845020471,0.014088694547908108,0.007189259614314965,0.044382858216236956,0.10125401596020313,0.034988630407754434,0.15100010363768265,0.5B,16384
6,2,lenshift_16384,lenshift,9649,9.174609562020384,14.946275781216183,13.74420385577277,1.7927707805010826,17.458307137238265,3.5394722510180268,0.41083694324113135,4.709941407601562,0.08080516455573339,56.664219028809484,39.96953407642842,8.61793731229782e-09,0.9999999999989999,0.06666666666666667,0.6626226368380781,3.1387356685212864,0.9595908508123873,0.7432061778235938,0.8032858775611542,0.8228541587119841,0.1363528072834015,0.028589367866516113,0.5413295778641116,0.2798145444570127,0.34457243163210555,0.29111361600544206,0.2001173887087787,0.13115307605342671,0.09368119924506564,0.052875575500202956,0.28164233880567435,0.10125401596020313,0.23787074091161806,0.15100010363768265,0.5B,16384
6,3,lenshift_16384,lenshift,9649,9.174609562020384,13.99247168700174,13.74420385577277,1.7927707805010826,17.458307137238265,3.5394722510180268,0.41083694324113135,4.709941407601562,0.08080516455573339,59.8535281349631,35.93900382562596,8.61794436828804e-09,0.9999999999989997,0.06666666666666667,0.6592004463302303,4.006940443832713,0.9628366230749634,0.6271185110175953,0.7313276969141915,0.784461238283229,0.1542169451713562,0.02462911605834961,0.28259255432568237,0.4926344981661605,0.34045962115590955,0.2698592168095067,0.17301516653446947,0.10543367999220714,0.07126436896066371,0.03676736472891644,0.24186604244726614,0.10125401596020313,0.19461407188849122,0.15100010363768265,0.5B,16384
6,4,lenshift_16384,lenshift,9649,9.174609562020384,19.582162043532083,13.74420385577277,1.7927707805010826,17.458307137238265,3.5394722510180268,0.41083694324113135,4.709941407601562,0.08080516455573339,69.74497772665585,49.14467797899509,8.617937134111581e-09,0.9999999999989999,0.06666666666666667,0.5784816604738554,2.0825453418669215,0.9963679141237514,0.927451570272257,0.9532895278620559,0.9635789849845727,0.49703240394592285,0.1508001834154129,0.24410658045932024,0.7095131178774108,0.03521626953249659,0.024577142710157752,0.012810146409613919,0.006119221039499087,0.003421638455642862,0.0012738643049407846,0.032484906643050385,0.10125401596020313,0.02394328446239033,0.15100010363768265,0.5B,16384
6,5,lenshift_16384,lenshift,9649,9.174609562020384,15.067614443370323,13.74420385577277,1.7927707805010826,17.458307137238265,3.5394722510180268,0.41083694324113135,4.709941407601562,0.08080516455573339,74.6198643586215,33.13869948830347,8.618049356295073e-09,0.9999999999989959,0.06666666666666667,0.6850674997059016,2.9278722275209175,0.9922797540815811,0.7695419592203168,0.8939913041674217,0.9412222439270613,0.16198116540908813,0.17845898866653442,0.18080262696712404,0.7582769624049149,0.0716481226886368,0.052841228682350326,0.03158337987711289,0.01793436580524202,0.01141531222498529,0.005299067027716498,0.04166600770662292,0.10125401596020313,0.03140509835831146,0.15100010363768265,0.5B,16384
6,6,lenshift_16384,lenshift,9649,9.174609562020384,17.427865648314985,13.74420385577277,1.7927707805010826,17.458307137238265,3.5394722510180268,0.41083694324113135,4.709941407601562,0.08080516455573339,84.43734102740007,58.45321419785785,8.617937134092186e-09,0.9999999999989999,0.06666666666666667,0.6487673877432635,2.4546358011336262,0.9971485801293881,0.8858066612297807,0.9657446235430726,0.9804440339801789,0.12056779861450195,0.12961237132549286,0.1505363441866113,0.8280401549828715,0.02167084623910321,0.016222825980919665,0.00921191851215884,0.004877765725388095,0.0029297235272236826,0.0012331351714418848,0.01678490401907511,0.10125401596020313,0.013748285466207202,0.15100010363768265,0.5B,16384
6,7,lenshift_16384,lenshift,9649,9.174609562020384,17.598331850824163,19.81599433498477,1.2415484319893126,22.22938474091158,3.7565979524198094,0.7134816024657488,7.497901340750545,0.10625298637099213,-13.927037407370172,49.35915336505894,8.617937134101996e-09,0.9999999999989999,0.06666666666666667,0.46089002951108965,2.648023491494705,0.9971739892658094,0.8018202330731401,0.9436608865620828,0.9777405063162062,0.25128602981567383,0.06913536787033081,0.28613394074958876,0.6893593684314525,0.019736273060590778,0.01364716052116244,0.007205728213705284,0.003702157080200981,0.0023053963698266315,0.0010990511428575485,0.016562928116027192,0.10125401596020313,0.011560880031007597,0.15100010363768265,0.5B,16384
6,8,lenshift_16384,lenshift,9649,9.174609562020384,18.262479947699592,19.81599433498477,1.2415484319893126,22.22938474091158,3.7565979524198094,0.7134816024657488,7.497901340750545,0.10625298637099213,-37.72441631467905,44.78233819885986,8.617937135039873e-09,0.9999999999989999,0.06666666666666667,0.3976012000413709,0.9282514759216345,0.9994921392974866,0.9683260432320665,0.9912243151594354,0.996828182014022,0.10364297032356262,0.08674092590808868,0.8148205445680002,0.17929898688296736,0.005795063609079089,0.003993582370144926,0.0018948298272957996,0.0008106462904326403,0.00044011055259349295,0.00018602088736921485,0.00495913031023599,0.10125401596020313,0.003981975107913052,0.15100010363768265,0.5B,16384
6,9,lenshift_16384,lenshift,9649,9.174609562020384,22.521124900679613,19.81599433498477,1.2415484319893126,22.22938474091158,3.7565979524198094,0.7134816024657488,7.497901340750545,0.10625298637099213,-40.00528981405148,51.32096541804424,8.617937134093589e-09,0.9999999999989999,0.06666666666666667,0.49489703967142423,0.7734846172902823,0.9996950339578384,0.9906986841137935,0.9951251659558961,0.9973580741156611,0.3722226023674011,0.33759187161922455,0.22390133247639418,0.7695114772917087,0.0015910452243299885,0.0009478827768137898,0.00036654367783054396,0.0001331883185260005,6.458804706663192e-05,1.883171289299728e-05,0.0014623408126088176,0.10125401596020313,0.0009792699570177056,0.15100010363768265,0.5B,16384
6,10,lenshift_16384,lenshift,9649,9.174609562020384,21.63449105734844,19.81599433498477,1.2415484319893126,22.22938474091158,3.7565979524198094,0.7134816024657488,7.497901340750545,0.10625298637099213,-23.92865309995763,68.8790005171562,8.617937134092186e-09,0.9999999999989999,0.06666666666666667,0.3882438454994726,2.1207661642497704,0.9993103679125857,0.9495224900108374,0.9984938847984403,0.9997764063711193,1.0061010122299194,0.4929049611091614,0.3008138830566919,0.6988741183098288,0.0001611693661692498,9.865252485096285e-05,4.077359140468195e-05,1.5833461839571204e-05,7.757360916038392e-06,2.8384973635992558e-06,0.00011106416528126199,0.10125401596020313,8.86991852626541e-05,0.15100010363768265,0.5B,16384
6,11,lenshift_16384,lenshift,9649,9.174609562020384,15.973044120891142,19.81599433498477,1.2415484319893126,22.22938474091158,3.7565979524198094,0.7134816024657488,7.497901340750545,0.10625298637099213,-43.0042508525007,20.83228315585395,2.8187471404435674e-08,0.999999999102285,0.06666666666666667,0.44915142418274995,1.4410315954986506,0.9989523428013758,0.955713940361368,0.9874160329083171,0.9935364652662199,0.04507996328175068,0.004292339086532593,0.6495995512093635,0.2948254895878196,0.011037324785780078,0.008170074790656299,0.0037299465439304476,0.0017979671372610137,0.001332047768961845,0.0008279632057165319,0.010490204201348382,0.10125401596020313,0.009474406751827645,0.15100010363768265,0.5B,16384
6,12,lenshift_16384,lenshift,9649,9.174609562020384,24.466796943212035,19.81599433498477,1.2415484319893126,22.22938474091158,3.7565979524198094,0.7134816024657488,7.497901340750545,0.10625298637099213,-16.523196528939636,60.72562330095646,8.617937134092186e-09,0.9999999999989999,0.06666666666666667,0.4702438681894461,1.8702577093748491,0.9994476179330066,0.941714139724685,0.9913430062669795,0.9989040132451266,0.07403814792633057,0.17886626720428467,0.279497306523207,0.7192409040010553,0.0004245581827026935,0.0002275830457619193,7.93555270470524e-05,2.5600357676744677e-05,1.1522276388582081e-05,2.98978350685644e-06,0.00014678628863955249,0.10125401596020313,8.414328802721739e-05,0.15100010363768265,0.5B,16384
6,13,lenshift_16384,lenshift,9649,9.174609562020384,16.782174206281052,19.81599433498477,1.2415484319893126,22.22938474091158,3.7565979524198094,0.7134816024657488,7.497901340750545,0.10625298637099213,-20.441877656123218,40.36409325289252,8.617937212703457e-09,0.9999999999989999,0.06666666666666667,0.13314982232584016,2.5874375367610103,0.9985075510032423,0.8227936386430028,0.9494957809612523,0.9915113583201197,0.6697707325220108,0.02883276343345642,0.2578269468318643,0.6665593359135017,0.00792154080632844,0.0055449037408264665,0.0021192180971854897,0.0006464735866346752,0.0003165659656535805,0.00013498020612855721,0.007570324213597005,0.10125401596020313,0.006763645538712363,0.15100010363768265,0.5B,16384
7,0,lenshift_16384,lenshift,9649,9.174609562020384,24.2812538736112,20.25212488936354,0.8860969179529892,22.510503801997725,3.1943723928946652,0.5112785648267343,6.136126822440677,0.11193743935678273,-34.21211932687196,67.50992595316735,8.617937134092186e-09,0.9999999999989999,0.06666666666666667,0.6740180750597887,0.7980548052204245,0.9997242246463024,0.9779672224155601,0.9981278555420371,0.9992501202555312,0.21239528059959412,1.0540369749069214,0.8332084423316762,0.1657406128984733,0.0013020040953155608,0.0008298545694490063,0.0003854540833226167,0.0001696314203983653,8.78136130000019e-05,2.8914305673008662e-05,0.000582544822014665,0.10322313193077003,0.0004285068914237911,0.15296921960824955,0.5B,16384
7,1,lenshift_16384,lenshift,9649,9.174609562020384,19.481517291568288,20.25212488936354,0.8860969179529892,22.510503801997725,3.1943723928946652,0.5112785648267343,6.136126822440677,0.11193743935678273,-29.926867022233843,63.61481579480803,8.617937134092186e-09,0.9999999999989999,0.06666666666666667,0.6647170552731279,1.650310855413741,0.9993323857443392,0.9488108218799978,0.9978537630878375,0.9988410453660771,0.18710124492645264,0.2562215328216553,0.5552520282193281,0.44358131222085134,0.0019465126616822522,0.001589789680777944,0.0010712056518515744,0.0006685081432023872,0.00046242187176540663,0.00023942268033107182,0.001342108683536072,0.10125401596020313,0.0011502161523111302,0.15100010363768265,0.5B,16384
7,2,lenshift_16384,lenshift,9649,9.174609562020384,19.76336536382785,20.25212488936354,0.8860969179529892,22.510503801997725,3.1943723928946652,0.5112785648267343,6.136126822440677,0.11193743935678273,-18.775158755919502,61.120650332914124,8.617937134092186e-09,0.9999999999989999,0.06666666666666667,0.6575676220208114,2.117404865263412,0.9990132975374567,0.942060744408707,0.9920569027134147,0.9972326928537897,0.9711227715015411,0.19500941038131714,0.3341930245540425,0.6627773900275995,0.0021550846537055942,0.001674301292560104,0.001038066897024105,0.0005951845668736927,0.00037971758153014425,0.00017766620517934025,0.0013493126754524096,0.10125401596020313,0.0009355642396411156,0.15100010363768265,0.5B,16384
7,3,lenshift_16384,lenshift,9649,9.174609562020384,23.633643975881828,20.25212488936354,0.8860969179529892,22.510503801997725,3.1943723928946652,0.5112785648267343,6.136126822440677,0.11193743935678273,-35.16458368301393,60.05974613130091,8.617937134092186e-09,0.9999999999989999,0.06666666666666667,0.6631426308176194,1.3138656691179988,0.9994250023488145,0.9831850072214674,0.993305909744822,0.9958115072059437,1.8355721235275269,0.056119441986083984,0.6674177787585,0.32621469987418233,0.00550261243723944,0.003255417968030111,0.0014273702516627534,0.0006140870951583105,0.00031789897596710905,0.00010384813653200762,0.0037086114130083394,0.10322313193077003,0.002405403263470181,0.15296921960824955,0.5B,16384
7,4,lenshift_16384,lenshift,9649,9.174609562020384,17.729164643704053,20.25212488936354,0.8860969179529892,22.510503801997725,3.1943723928946652,0.5112785648267343,6.136126822440677,0.11193743935678273,-30.150933433981507,44.627763862995536,8.61793713519855e-09,0.9999999999989999,0.06666666666666667,0.7024125015154042,1.1911263296184695,0.9988362949372638,0.9860124262503246,0.9930889762113941,0.9949648431516355,0.15938258171081543,0.44528308510780334,0.2440193414674101,0.750388974532087,0.004011821248457707,0.0033418693370575563,0.0022781044107907764,0.0014519742334096466,0.0009958508311776711,0.0005216867956902982,0.002495606694201005,0.10125401596020313,0.0019011066701626854,0.15100010363768265,0.5B,16384
7,5,lenshift_16384,lenshift,9649,9.174609562020384,22.291797869881474,20.25212488936354,0.8860969179529892,22.510503801997725,3.1943723928946652,0.5112785648267343,6.136126822440677,0.11193743935678273,-15.096038397620703,70.52747717105291,8.617937134092186e-09,0.9999999999989999,0.06666666666666667,0.6998637727204761,2.2324056969073167,0.9991890227530493,0.9402891432512271,0.9980921521969663,0.9995961313558895,0.8620308637619019,0.033439815044403076,0.18100790494687033,0.8185823798894231,0.00027410277976384174,0.00019623030927135308,0.00010929493633985075,6.007903081531505e-05,3.7232819239540185e-05,1.664752243922952e-05,0.0001473409135629266,0.10125401596020313,0.00010859838100166402,0.15100010363768265,0.5B,16384
7,6,lenshift_16384,lenshift,9649,9.174609562020384,23.832728492180102,20.25212488936354,0.8860969179529892,22.510503801997725,3.1943723928946652,0.5112785648267343,6.136126822440677,0.11193743935678273,-10.818940990111411,71.34257555336636,8.617937134092186e-09,0.9999999999989999,0.06666666666666667,0.6297885395743844,2.22255510466038,0.9991474268117929,0.8913210018914437,0.9940908349919152,0.9977914288916634,0.36784541606903076,0.3549509048461914,0.17757956528295463,0.8195420986673718,0.0012346212592692647,0.0007752280175993096,0.00032943512178558763,0.00013390148751069218,6.559551893730986e-05,2.1179111219415718e-05,0.0004973137698228628,0.10125401596020313,0.0002728019126898378,0.15100010363768265,0.5B,16384
7,7,lenshift_16384,lenshift,9649,9.174609562020384,25.283009164949515,21.488380892543407,1.2767560939284024,25.047580549615272,4.996276158981046,0.5779018256375613,7.049516593564889,0.06529265637424518,-43.12702389324411,70.94397307296887,8.617937134092186e-09,0.9999999999989999,0.06666666666666667,0.5860053006975232,1.0214530467142766,0.9997573042412284,0.9937835314440304,0.9993769387463559,0.9998803958495279,0.9681501388549805,0.46043825149536133,0.7307843984857137,0.26883536753593396,0.00015342080821455,8.064679468066559e-05,2.872147274110917e-05,1.0229114485060363e-05,4.888524717891393e-06,1.4963437016984094e-06,0.00011182726421202612,0.10125401596020313,2.8637718818619963e-05,0.15100010363768265,0.5B,16384
7,8,lenshift_16384,lenshift,9649,9.174609562020384,18.234248322273213,21.488380892543407,1.2767560939284024,25.047580549615272,4.996276158981046,0.5779018256375613,7.049516593564889,0.06529265637424518,-59.099081979078406,4.498699279789648,0.06055262919522949,0.9889989144499326,0.03333333333333333,0.4810925791840952,1.5331395180840226,0.9995147891050494,0.9853344812631175,0.9939806262239078,0.9971782649876932,0.24989032745361328,0.13143014907836914,0.3969034061145645,0.4077646882408739,0.0014848664764748202,0.0008472702789041807,0.0004566913310550254,0.00024523915863409947,0.000142580534371371,5.2004836858730424e-05,0.0006353098229503404,0.10322313193077003,0.0005480992054744524,0.15296921960824955,0.5B,16384
7,9,lenshift_16384,lenshift,9649,9.174609562020384,23.518624595370607,21.488380892543407,1.2767560939284024,25.047580549615272,4.996276158981046,0.5779018256375613,7.049516593564889,0.06529265637424518,-27.041024516610534,78.84420583090362,8.617937134092186e-09,0.9999999999989999,0.06666666666666667,0.5960103476597959,1.5763454866432796,0.9995818760367696,0.965945170450357,0.9973778282522353,0.9996448118557079,0.4144933223724365,0.09459936618804932,0.507830123058099,0.49170942233516646,0.00043924854124608706,0.00028756805111889133,0.0001348516865776122,5.8344538643051456e-05,3.007839607275555e-05,9.631745560386841e-06,0.0002824739322241697,0.10125401596020313,0.00018119405904151465,0.15100010363768265,0.5B,16384
7,10,lenshift_16384,lenshift,9649,9.174609562020384,23.707527772685438,21.488380892543407,1.2767560939284024,25.047580549615272,4.996276158981046,0.5779018256375613,7.049516593564889,0.06529265637424518,-14.406092664774718,66.46774906796568,8.617937134092186e-09,0.9999999999989999,0.06666666666666667,0.6328537436441163,1.5973253858031158,0.9995228349469113,0.9258169119041315,0.9958525858082372,0.9994266765334575,0.3204948157072067,0.05706477165222168,0.17280076913906575,0.8263830617526516,0.00031581683111374506,0.00019224723194818374,8.447549122674401e-05,3.65748285081331e-05,1.9274163446957333e-05,6.792055584730968e-06,0.00012440995831180377,0.10125401596020313,7.110492008025962e-05,0.15100010363768265,0.5B,16384
7,11,lenshift_16384,lenshift,9649,9.174609562020384,28.989329549537786,21.488380892543407,1.2767560939284024,25.047580549615272,4.996276158981046,0.5779018256375613,7.049516593564889,0.06529265637424518,-36.24993607577153,93.84093275118403,8.617937134092186e-09,0.9999999999989999,0.06666666666666667,0.5965554687035871,1.300864805747416,0.9997016810553571,0.993313380758384,0.9997292762581771,0.999988301374407,0.1501173973083496,0.7868970036506653,0.4583949154898092,0.5415637913927311,5.9550095996389326e-06,2.4397062019242545e-06,6.812628327441639e-07,1.8836157476523616e-07,7.601220727953787e-08,1.7223444148534487e-08,2.523281308261389e-06,0.10125401596020313,1.600201901680581e-06,0.15100010363768265,0.5B,16384
7,12,lenshift_16384,lenshift,9649,9.174609562020384,24.897663526950822,21.488380892543407,1.2767560939284024,25.047580549615272,4.996276158981046,0.5779018256375613,7.049516593564889,0.06529265637424518,-18.162754816167492,78.65713083261953,8.617937134092186e-09,0.9999999999989999,0.06666666666666667,0.6245765775418333,1.9764309626138186,0.9993932191651805,0.9014702955004288,0.9892814745111022,0.9998482020447113,0.33652210235595703,0.15464401245117188,0.41154364734194276,0.5882535629655584,0.00016114891257684965,0.00010439675031141457,4.6859310963894195e-05,1.918599006388687e-05,9.581703427703056e-06,3.257697708402224e-06,9.28105897721064e-05,0.10125401596020313,6.25668590300355e-05,0.15100010363768265,0.5B,16384
7,13,lenshift_16384,lenshift,9649,9.174609562020384,17.706237553540113,21.488380892543407,1.2767560939284024,25.047580549615272,4.996276158981046,0.5779018256375613,7.049516593564889,0.06529265637424518,-28.59482615835526,23.66597241091864,9.913422808360731e-09,0.999999999946277,0.06666666666666667,0.606697252287925,2.132859969917681,0.9982302407243993,0.934204169222418,0.9698155568727049,0.9831605450035442,0.6264515221118927,0.08000612258911133,0.19175489290080278,0.7406528468864954,0.013362903338760819,0.009849868675108337,0.004998586100044069,0.0020609714102708277,0.0011176731093892683,0.0004895455714316386,0.012348913571421172,0.10125401596020313,0.010199922016724693,0.15100010363768265,0.5B,16384
8,0,lenshift_16384,lenshift,9649,9.174609562020384,10.475484453330093,283.95621768594486,0.8521172542962828,287.19453401803264,3.3968198945218426,0.30419185034093693,5.924661021332264,0.0447580194451816,350.865002246464,43.607224519895226,8.617937137161284e-09,0.9999999999989999,0.06666666666666667,0.12470947327615155,2.758597113386681,0.9950931408487255,0.8429825068192601,0.9254626892226163,0.9445490590114041,0.2844608426094055,0.0001696944236755371,0.17705339192547112,0.7565026860577778,0.06736557894687956,0.045280165728553666,0.014791291896953716,0.004621886325532064,0.003195563473177972,0.0018794491948079114,0.08036302903917948,0.10125401596020313,0.07138013310870027,0.15100010363768265,0.5B,16384
8,1,lenshift_16384,lenshift,9649,9.174609562020384,10.60983943238686,283.95621768594486,0.8521172542962828,287.19453401803264,3.3968198945218426,0.30419185034093693,5.924661021332264,0.0447580194451816,239.35982133360469,50.936754317572394,8.617937134094197e-09,0.9999999999989999,0.06666666666666667,0.08925035058600694,2.1920268575651645,0.9971810319002997,0.9233973595391861,0.9690686516631206,0.9760239891036612,0.13575734198093414,0.0010664761066436768,0.346667062757713,0.6260639227380722,0.032783385003575416,0.0217531511120065,0.007795916047914658,0.0038454437139759357,0.002860499342240722,0.0018166270510971202,0.040795236718219316,0.10125401596020313,0.0357164858928315,0.15100010363768265,0.5B,16384
8,2,lenshift_16384,lenshift,9649,9.174609562020384,11.680729011997393,283.95621768594486,0.8521172542962828,287.19453401803264,3.3968198945218426,0.30419185034093693,5.924661021332264,0.0447580194451816,297.2558685190537,68.55526139433766,8.617937134092186e-09,0.9999999999989999,0.06666666666666667,0.09437940688929013,2.6419920519316573,0.9985854880479772,0.7388246147303473,0.9755426746984235,0.9955187708810049,0.18136224150657654,0.4332793354988098,0.056381614389953004,0.9381840712922529,0.004352831160567056,0.0030385070302328928,0.0014900950345629511,0.000681304923449755,0.0003738171391437709,0.00014521895936251767,0.0030441248268110416,0.10125401596020313,0.0021258445264391566,0.15100010363768265,0.5B,16384
8,3,lenshift_16384,lenshift,9649,9.174609562020384,60.67258054100531,283.95621768594486,0.8521172542962828,287.19453401803264,3.3968198945218426,0.30419185034093693,5.924661021332264,0.0447580194451816,12123.720108116373,200.33021740089316,8.617937134092186e-09,0.9999999999989999,0.06666666666666667,0.7117338108240996,0.00010066751376592987,0.9998963602179647,0.9999999867111721,0.9999999999600492,0.9999999999983462,1.649994134902954,0.5434002876281738,7.988247053800965e-08,0.9999999198730446,1.0721026947339212e-14,9.320329758137961e-16,6.979468760635632e-16,6.979468760635632e-16,9.08561026355765e-16,7.667267535288213e-16,3.4717117425755832e-12,0.10125401596020313,1.861702901646725e-13,0.15100010363768265,0.5B,16384
8,4,lenshift_16384,lenshift,9649,9.174609562020384,12.466444499238087,283.95621768594486,0.8521172542962828,287.19453401803264,3.3968198945218426,0.30419185034093693,5.924661021332264,0.0447580194451816,171.51075649261475,59.36350877583027,8.617937134092186e-09,0.9999999999989999,0.06666666666666667,0.05680915703825839,2.0733843497746154,0.9991368123868429,0.9404565809179037,0.994196062533211,0.9969192638991425,0.015476346015930176,0.49401187896728516,0.06614424858341143,0.9303585885455612,0.0029908721395360124,0.0021815661802152475,0.00116892645870086,0.0005359608967833024,0.00028027618018771163,9.863437367211458e-05,0.002011598572543202,0.10125401596020313,0.001370754013919916,0.15100010363768265,0.5B,16384
8,5,lenshift_16384,lenshift,9649,9.174609562020384,13.340782684302146,283.95621768594486,0.8521172542962828,287.19453401803264,3.3968198945218426,0.30419185034093693,5.924661021332264,0.0447580194451816,362.7857221996082,63.99382662751208,8.617937134092186e-09,0.9999999999989999,0.06666666666666667,0.10338907342660854,1.9817213002197083,0.9992176210074898,0.9115543429279065,0.9937794487546565,0.9967654725165523,0.09086847305297852,1.749591588973999,0.06735017709067553,0.9283949354205148,0.002799096008837107,0.001849776497327464,0.0008816048867579612,0.00036807374409738203,0.00019283272399372984,6.415170175224293e-05,0.0020204544215782576,0.10125401596020313,0.0014906240638366082,0.15100010363768265,0.5B,16384
8,6,lenshift_16384,lenshift,9649,9.174609562020384,11.137840674763304,283.95621768594486,0.8521172542962828,287.19453401803264,3.3968198945218426,0.30419185034093693,5.924661021332264,0.0447580194451816,325.5879472424002,68.3431377154501,8.617937134092186e-09,0.9999999999989999,0.06666666666666667,0.1100131659076223,2.1530679084165643,0.9989205003262479,0.9067052869937621,0.988179674013898,0.9954481457614914,0.13013029098510742,0.09393110871315002,0.3089353175090704,0.6860123103921119,0.005453137125643388,0.003763941602453489,0.00195477632355392,0.0010375243185144953,0.0006546931396880715,0.00031766899359324203,0.005324518265977476,0.10125401596020313,0.004264448778411479,0.15100010363768265,0.5B,16384
8,7,lenshift_16384,lenshift,9649,9.174609562020384,28.202341938243297,16.18612772997911,1.742892684252949,19.389020204801508,5.107878867067261,0.5386199016232337,6.252681359062566,0.11519127445258148,35.54055618889193,47.5132977992625,8.61793713415398e-09,0.9999999999989999,0.06666666666666667,0.5810945591195491,0.8200624738104993,0.999718778272999,0.9931045196642725,0.9954234792544093,0.9970154143427572,0.08423906564712524,0.01998719573020935,0.08107758374766451,0.9121421815059039,0.0011971275407311743,0.0005404022434044275,0.00013562818940280927,3.085477528121906e-05,9.359980682149802e-06,1.4020582246276787e-06,0.0029572126907902317,0.10125401596020313,0.0022534347494406123,0.15100010363768265,0.5B,16384
8,8,lenshift_16384,lenshift,9649,9.174609562020384,21.67114861116039,16.18612772997911,1.742892684252949,19.389020204801508,5.107878867067261,0.5386199016232337,6.252681359062566,0.11519127445258148,37.99256084771718,60.86135539324845,8.617937134092186e-09,0.9999999999989999,0.06666666666666667,0.572746995688938,1.8819792141528826,0.9988535142385356,0.9560390708258371,0.9840108563020656,0.9886901157948945,0.18016716837882996,0.2075561285018921,0.42203886935131474,0.5624284616714341,0.009339084775292973,0.006231320720267298,0.003032738620825011,0.0013349859746494648,0.0006775677279324365,0.00021415167373998702,0.010561085244456689,0.10125401596020313,0.008536165898676465,0.15100010363768265,0.5B,16384
8,9,lenshift_16384,lenshift,9649,9.174609562020384,21.433694829245344,16.18612772997911,1.742892684252949,19.389020204801508,5.107878867067261,0.5386199016232337,6.252681359062566,0.11519127445258148,45.06490115295439,48.7786601282218,8.617937134109611e-09,0.9999999999989999,0.06666666666666667,0.5658028044411999,2.139242572701946,0.9989984372956607,0.9231913195236345,0.9785218962013893,0.9922078120481921,0.11593046225607395,0.08855998516082764,0.29154025130942685,0.6985929894820787,0.0052270891963601095,0.0031465791142562868,0.001338164515257601,0.0005776699197653261,0.0002989293050027609,0.0001048055531548667,0.0046418927738118955,0.10125401596020313,0.0034316112565954573,0.15100010363768265,0.5B,16384
8,10,lenshift_16384,lenshift,9649,9.174609562020384,21.278732243295032,16.18612772997911,1.742892684252949,19.389020204801508,5.107878867067261,0.5386199016232337,6.252681359062566,0.11519127445258148,43.59016381730052,50.26335074533435,8.617937134096332e-09,0.9999999999989999,0.06666666666666667,0.5579438580011229,2.1506057566715144,0.9982030559815203,0.9008779123350079,0.9701552210592244,0.9841245899121112,0.3250520955771208,0.02129155397415161,0.35324722917985735,0.6269472060272436,0.014304770631474976,0.01023169648985551,0.005378715981986984,0.0025617802527984975,0.0013714133781625002,0.0004634647638420118,0.009659704217104383,0.10125401596020313,0.00755178870124314,0.15100010363768265,0.5B,16384
8,11,lenshift_16384,lenshift,9649,9.174609562020384,20.174730460120262,16.18612772997911,1.742892684252949,19.389020204801508,5.107878867067261,0.5386199016232337,6.252681359062566,0.11519127445258148,30.30123153285069,47.57157900972936,8.617937134153667e-09,0.9999999999989999,0.06666666666666667,0.5849489972500815,1.9379293936889521,0.9971711897531458,0.9449144898549144,0.9645450391698085,0.970839278218013,0.03430821746587753,0.08479085937142372,0.5009242954662736,0.4638340082595152,0.033672486794006674,0.023753446395993822,0.012513678998495776,0.0059557475517441035,0.0032999943970172148,0.0012025875865842564,0.031090893752445628,0.10125401596020313,0.025861867554431175,0.15100010363768265,0.5B,16384
8,12,lenshift_16384,lenshift,9649,9.174609562020384,21.714744127089297,16.18612772997911,1.742892684252949,19.389020204801508,5.107878867067261,0.5386199016232337,6.252681359062566,0.11519127445258148,40.93781011946061,57.65165324903586,8.617937134092187e-09,0.9999999999989999,0.06666666666666667,0.5636585217119289,2.0523944440628474,0.998701257422509,0.935099513875876,0.9802790949269418,0.9877642430419297,0.19454902410507202,0.2847822308540344,0.3779633493574168,0.6054807892633671,0.010023380542947264,0.006890456576942604,0.003487495454523542,0.001493768506673265,0.0007472020277866636,0.00024794199915821564,0.009248033417074614,0.10125401596020313,0.006760356506700568,0.15100010363768265,0.5B,16384
8,13,lenshift_16384,lenshift,9649,9.174609562020384,20.723143157847485,16.18612772997911,1.742892684252949,19.389020204801508,5.107878867067261,0.5386199016232337,6.252681359062566,0.11519127445258148,49.49463860077016,52.0042166108375,8.617937134093094e-09,0.9999999999989999,0.06666666666666667,0.6244231891778682,2.313420798287807,0.9966861766245694,0.8517418231214177,0.9500363359494998,0.9701810418567062,0.021048933267593384,0.1891007423400879,0.437642248914789,0.5252308399709429,0.03537864352520801,0.026055549981423936,0.015005512765101385,0.007735770793340582,0.00442924139231508,0.001691239213316736,0.02626464092485053,0.10125401596020313,0.020577900078913667,0.15100010363768265,0.5B,16384
9,0,lenshift_16384,lenshift,9649,9.174609562020384,22.620322845239496,21.300786944400517,1.1155740350542647,23.744971696712664,3.6475810131847,0.5129305985139656,9.61472666514069,0.0885731488822808,-29.749598110423378,70.26049601020948,8.617937134092186e-09,0.9999999999989999,0.06666666666666667,0.525096146796377,1.1637411455369815,0.9996812846209866,0.9747969139306563,0.9980087219062196,0.9996945959725627,0.12479472160339355,0.39426469802856445,0.7244675996610748,0.2750015810013071,0.0003153790413441452,0.00019672775566969278,8.372701409165638e-05,3.537254921697666e-05,1.8754079127204433e-05,6.522537431072877e-06,0.0005988214471610615,0.10125401596020313,0.0005635124801279461,0.15100010363768265,0.5B,16384
9,1,lenshift_16384,lenshift,9649,9.174609562020384,17.783752399406076,21.300786944400517,1.1155740350542647,23.744971696712664,3.6475810131847,0.5129305985139656,9.61472666514069,0.0885731488822808,-21.11409731472239,54.00971692165032,8.617937134092278e-09,0.9999999999989999,0.06666666666666667,0.49712453498497816,1.439950449897254,0.9991436928085101,0.9763361497686219,0.9913204611187774,0.9942968273052661,1.015937864780426,0.36415135860443115,0.14448583598640466,0.8485189703116173,0.0034729933989422175,0.0023651583468540785,0.0012325046893770656,0.0006437153567818429,0.0003927928402770147,0.0001690417083483191,0.00350013882364909,0.10125401596020313,0.002912457480150413,0.15100010363768265,0.5B,16384
9,2,lenshift_16384,lenshift,9649,9.174609562020384,20.380612318664568,21.300786944400517,1.1155740350542647,23.744971696712664,3.6475810131847,0.5129305985139656,9.61472666514069,0.0885731488822808,-2.547950679765023,67.65857594591816,8.617937134092186e-09,0.9999999999989999,0.06666666666666667,0.5182069569428084,2.5198068496110144,0.9986508692829374,0.7806079237962955,0.9739155426863398,0.9950854453639454,0.019564151763916016,0.1471310257911682,0.1379276430387733,0.8556888026917383,0.00337515551515161,0.0023206451917404066,0.001177117723619605,0.0005828279656420731,0.00034409952202922725,0.0001402285752633619,0.0025758904454277858,0.10125401596020313,0.0019662922864844483,0.15100010363768265,0.5B,16384
9,3,lenshift_16384,lenshift,9649,9.174609562020384,20.081788290676634,21.300786944400517,1.1155740350542647,23.744971696712664,3.6475810131847,0.5129305985139656,9.61472666514069,0.0885731488822808,-9.935749103041246,63.24078426199884,8.617937134092186e-09,0.9999999999989999,0.06666666666666667,0.5792556296510547,2.320653449952774,0.9985673442326073,0.859100093652594,0.976352939909582,0.9918686086594644,0.01636989414691925,0.07083916664123535,0.2578131037059174,0.7327743360621666,0.006082826713692967,0.00417421470282648,0.002126054880940322,0.0010304308492285574,0.000601619947107032,0.0002633789323273022,0.005623991506614013,0.10125401596020313,0.00460235576501212,0.15100010363768265,0.5B,16384
9,4,lenshift_16384,lenshift,9649,9.174609562020384,21.472089778720918,21.300786944400517,1.1155740350542647,23.744971696712664,3.6475810131847,0.5129305985139656,9.61472666514069,0.0885731488822808,-51.052443746258234,11.216435962342928,0.0001643332350000572,0.9999865488955384,0.03333333333333333,0.6325724401574981,1.061601877254732,0.9996522931239037,0.9778264960590481,0.9939722797226823,0.9980436235109711,0.11930149793624878,0.07535505294799805,0.7468913087406314,0.21894180023001714,0.0024413049385213544,0.0014355954261301785,0.00043752867234878344,0.00013270423088523493,6.904940226940497e-05,2.750818465598672e-05,0.004029003196052564,0.10322313193077003,0.0021259566328826096,0.15296921960824955,0.5B,16384
9,5,lenshift_16384,lenshift,9649,9.174609562020384,22.19834194435319,21.300786944400517,1.1155740350542647,23.744971696712664,3.6475810131847,0.5129305985139656,9.61472666514069,0.0885731488822808,0.26936637654024054,80.24996781730613,8.617937134092186e-09,0.9999999999989999,0.06666666666666667,0.5708710760300163,2.4225200693710245,0.9991143967654188,0.840520945611175,0.9896759142405378,0.9998407311316181,0.10084319114685059,0.20975613594055176,0.10794639887394794,0.8915878316898568,7.393292855671059e-05,4.660727141091318e-05,2.0358440439673452e-05,8.755209023316247e-06,4.492033059538379e-06,1.5009123232699378e-06,0.000129199243838947,0.10125401596020313,0.0001198406070025759,0.15100010363768265,0.5B,16384
9,6,lenshift_16384,lenshift,9649,9.174609562020384,19.256510411206904,21.300786944400517,1.1155740350542647,23.744971696712664,3.6475810131847,0.5129305985139656,9.61472666514069,0.0885731488822808,1.1491287823985576,52.17056806438931,8.617937134092771e-09,0.9999999999989999,0.06666666666666667,0.5160408244457952,2.4139345190831363,0.9990869670546719,0.8596510029960617,0.9709590671572701,0.9984030193462027,0.49238282814621925,0.01832418143749237,0.048267027172674906,0.8996683362255534,0.0005843356538792964,0.0003575864458330051,0.00014960087391288607,6.326990790395358e-05,3.5861406628854856e-05,1.4679743192684709e-05,0.0010205244903156504,0.10125401596020313,0.00091977115209752,0.15100010363768265,0.5B,16384
9,7,lenshift_16384,lenshift,9649,9.174609562020384,28.17240563436117,26.390071279599823,3.5936715402960764,38.88264197951581,6.576995101963742,0.4260683097224038,7.824161329358667,0.031668818344949876,-131.2307803115109,16.610064667998813,1.0853537493929264e-06,0.9999999388557326,0.03333333333333333,0.7146956937744823,0.023745427726902687,0.9998953504838598,0.9999819633142057,0.9999903065165108,0.9999947190224093,0.5043549202382565,0.17076663672924042,0.9970870028560824,4.357189483315191e-06,2.6717018092048576e-05,1.1129927376347188e-05,2.1072972377846377e-06,2.43156695388106e-07,5.402613124808902e-08,4.8416361067384e-09,3.016118494054271e-05,0.10322313193077003,2.5724141471790408e-05,0.15296921960824955,0.5B,16384
9,8,lenshift_16384,lenshift,9649,9.174609562020384,29.59138274726032,26.390071279599823,3.5936715402960764,38.88264197951581,6.576995101963742,0.4260683097224038,7.824161329358667,0.031668818344949876,-119.69209578983927,3.178639966864381,0.16788716248635566,0.9600215502431407,0.03333333333333333,0.8241753224134031,0.05835577499237436,0.9998925230282788,0.9997221994732831,0.9999221488606311,0.9999596104155168,0.07388623058795929,0.09135198220610619,0.9915886401483635,0.0023864292123628047,8.956605892558682e-05,2.5997785723914173e-05,5.5953959694808165e-06,1.2978558820360126e-06,3.875108914246441e-07,5.1776491550600705e-08,0.0002161984429354803,0.10322313193077003,0.0001627925293266871,0.15296921960824955,0.5B,16384
9,9,lenshift_16384,lenshift,9649,9.174609562020384,28.65792276125325,26.390071279599823,3.5936715402960764,38.88264197951581,6.576995101963742,0.4260683097224038,7.824161329358667,0.031668818344949876,-105.69112797983689,15.97063679835992,1.9753090272706895e-06,0.999999884110406,0.03333333333333333,0.7791131314467676,0.44920973348448046,0.9998616382245598,0.9991238655748826,0.9998877903296679,0.9999709512133208,0.8011583760380745,0.07440739870071411,0.8570732236492236,0.000190983963844192,4.534665258427203e-05,1.574052457380288e-05,3.3310077150877205e-06,6.005803622854782e-07,1.4852699754734785e-07,1.8328164118790832e-08,4.61843322426152e-05,0.10322313193077003,3.31241444699212e-05,0.15296921960824955,0.5B,16384
9,10,lenshift_16384,lenshift,9649,9.174609562020384,24.745669169046558,26.390071279599823,3.5936715402960764,38.88264197951581,6.576995101963742,0.4260683097224038,7.824161329358667,0.031668818344949876,-79.84805004736955,33.03368072588381,8.618061748597466e-09,0.9999999999989955,0.03333333333333333,0.8387527323131685,0.09148024653878462,0.9998875668533951,0.9994250747215326,0.9997869689702416,0.9999017954125082,0.5190476477146149,0.14604802429676056,0.9852541559916961,0.013587676153532714,0.0004763225486925834,0.00021464136817368455,5.1837285706003105e-05,1.96612475958961e-05,9.61753537305788e-06,2.510594159581964e-06,0.0005785666529677653,0.10322313193077003,0.00048450337359542446,0.15100010363768265,0.5B,16384
9,11,lenshift_16384,lenshift,9649,9.174609562020384,27.888585967639482,26.390071279599823,3.5936715402960764,38.88264197951581,6.576995101963742,0.4260683097224038,7.824161329358667,0.031668818344949876,-57.07858347892761,62.237439752556384,8.617937134092186e-09,0.9999999999989999,0.03333333333333333,0.8106404135641206,0.08363110627647055,0.9998756055829608,0.9986465203283872,0.9996921958052405,0.9998411345722416,0.4742892384529114,0.6163492500782013,0.9884867990754517,0.011242150255022957,0.001141745318991253,0.0008353059194934936,0.0004247784688885019,0.00018944720825603086,9.121016191572521e-05,2.001674638291493e-05,0.0009697450018085532,0.10125401596020313,0.0007490323892807282,0.15100010363768265,0.5B,16384
9,12,lenshift_16384,lenshift,9649,9.174609562020384,20.628341921350735,26.390071279599823,3.5936715402960764,38.88264197951581,6.576995101963742,0.4260683097224038,7.824161329358667,0.031668818344949876,-26.20093434347826,48.604390350663486,8.617937134112923e-09,0.9999999999989999,0.06666666666666667,0.8144218753986984,1.293939161974306,0.9987951262837325,0.932709066995747,0.9818274688472645,0.9928507065427674,0.13204771280288696,0.25506195425987244,0.7311019130635062,0.2588923559424475,0.029079969203826807,0.023060423221099524,0.013628797338382547,0.006758012443207937,0.003546716157125758,0.0009522866240958459,0.022139991057713793,0.10125401596020313,0.016865961391007676,0.15100010363768265,0.5B,16384
9,13,lenshift_16384,lenshift,9649,9.174609562020384,20.353148233502054,26.390071279599823,3.5936715402960764,38.88264197951581,6.576995101963742,0.4260683097224038,7.824161329358667,0.031668818344949876,-65.91684659104794,3.07886249862392,0.18041724544691798,0.9560123218375158,0.03333333333333333,0.816748402241965,0.8641972819641843,0.9993732163990863,0.9651299688987414,0.9818887119397588,0.9904754965592258,0.2061433494091034,0.1384602189064026,0.8668232050079255,0.011204593989726092,0.03837272125655739,0.023298897428643727,0.008537480384330274,0.003866217517747079,0.002054530328390268,0.0006909461859277485,0.03894243049125705,0.10322313193077003,0.02915190980023556,0.15296921960824955,0.5B,16384
10,0,lenshift_16384,lenshift,9649,9.174609562020384,19.774759712610045,20.06762601304909,1.3886182810531498,23.512316388027244,6.920619236394318,0.6309914399700666,8.99215788902657,0.040468599112905033,-12.21135365612367,47.26539958840208,8.617937134171306e-09,0.9999999999989999,0.06666666666666667,0.5560918728191707,2.068330836637995,0.9991147981733596,0.905213487375492,0.9799929011592844,0.9969884903511748,0.28596022725105286,0.1665223240852356,0.26901624088360054,0.7218110589274631,0.002821457085881598,0.0020893729786703305,0.0012080397741629724,0.000648841304432423,0.00041612372540644727,0.00021386012561642637,0.002925744518342208,0.10125401596020313,0.0026994534817371143,0.15100010363768265,0.5B,16384
10,1,lenshift_16384,lenshift,9649,9.174609562020384,14.794251196361465,20.06762601304909,1.3886182810531498,23.512316388027244,6.920619236394318,0.6309914399700666,8.99215788902657,0.040468599112905033,-27.996832633719738,4.170047848360422,0.07878650383893099,0.9847835958052888,0.03333333333333333,0.548603396844464,2.564229841497678,0.9973544606958942,0.7447640838738752,0.8702731329317969,0.9523351924725096,0.06955885887145996,0.08617997169494629,0.45706614803749823,0.26480774433153076,0.015653418058482485,0.012430538650128959,0.008616868995148672,0.005719499020077282,0.0041589963333609,0.0025114952202792,0.013722978904966848,0.10125401596020313,0.01286105618286477,0.15100010363768265,0.5B,16384
10,2,lenshift_16384,lenshift,9649,9.174609562020384,24.603626715807586,20.06762601304909,1.3886182810531498,23.512316388027244,6.920619236394318,0.6309914399700666,8.99215788902657,0.040468599112905033,-32.5908621812568,50.22173422553083,8.617937134096302e-09,0.9999999999989999,0.06666666666666667,0.5727411509337761,1.5117478801031707,0.9994577414380109,0.9882577027311934,0.9927719609611051,0.9954197404283822,1.9798900783061981,0.03765954077243805,0.4069020157498724,0.5852312591993221,0.004769708765059927,0.0026707302161804313,0.0009272362325836658,0.000312331536036237,0.00013696871545906654,3.4329717831263644e-05,0.0034389126497049514,0.10125401596020313,0.002109044817557534,0.15100010363768265,0.5B,16384
10,3,lenshift_16384,lenshift,9649,9.174609562020384,19.833776355518417,20.06762601304909,1.3886182810531498,23.512316388027244,6.920619236394318,0.6309914399700666,8.99215788902657,0.040468599112905033,-9.205686695435464,72.18821740939337,8.617937134092186e-09,0.9999999999989999,0.06666666666666667,0.6040902701923857,2.3120511258137557,0.9990877729972875,0.8751836449582873,0.9865192591127803,0.9985500881928332,0.13830909132957458,0.16569697856903076,0.2834942092821465,0.7148966264981436,0.0021709676750456793,0.001552109026044968,0.0008515863098406383,0.00044225013590346637,0.0002649578514633137,0.00011136712445077277,0.0011119776656768642,0.10125401596020313,0.0007946671396742264,0.15100010363768265,0.5B,16384
10,4,lenshift_16384,lenshift,9649,9.174609562020384,16.376695385464664,20.06762601304909,1.3886182810531498,23.512316388027244,6.920619236394318,0.6309914399700666,8.99215788902657,0.040468599112905033,-11.833827029256266,53.18338559819932,8.617937134092397e-09,0.9999999999989999,0.06666666666666667,0.6305120842717087,2.3869439552491842,0.9964473483453392,0.7974977689638303,0.9638424440685704,0.9850732659458323,0.09169109910726547,0.22226187586784363,0.4068770926912818,0.5780731150159395,0.04098468110727544,0.03379322568317398,0.02357659855033157,0.015261888221857376,0.010494200945430975,0.005354843372824784,0.024471344491962383,0.10125401596020313,0.018136486128787686,0.15100010363768265,0.5B,16384
10,5,lenshift_16384,lenshift,9649,9.174609562020384,17.62450956375504,20.06762601304909,1.3886182810531498,23.512316388027244,6.920619236394318,0.6309914399700666,8.99215788902657,0.040468599112905033,-7.000401985995918,42.55356869341202,8.617937142894727e-09,0.9999999999989999,0.06666666666666667,0.6053571365268717,2.5951372977616667,0.9974782245640207,0.8074335626775194,0.9714835063261529,0.9883384415416866,0.2111223340034485,0.6261870078742504,0.20518457337428986,0.7846188418437545,0.01741427029686497,0.013826103763311604,0.008922354170335402,0.005443397104562994,0.003680083070216472,0.00182344878408501,0.009795579605164226,0.10125401596020313,0.0073215303015736095,0.15100010363768265,0.5B,16384
10,6,lenshift_16384,lenshift,9649,9.174609562020384,30.914430086361996,20.06762601304909,1.3886182810531498,23.512316388027244,6.920619236394318,0.6309914399700666,8.99215788902657,0.040468599112905033,-52.820116712766534,55.43132245628273,8.617937134092207e-09,0.9999999999989999,0.06666666666666667,0.5180233487013163,0.5604621930941802,0.999834032336117,0.9983434450891803,0.9990206658535538,0.999413046226254,0.20284605026245117,0.1372394561767578,0.14219141219179104,0.8559279630867546,0.00033699808181015666,0.00015191977162215162,3.733762311627522e-05,8.13894840542699e-06,2.354982045753932e-06,2.757989741894508e-07,0.0004587373214161062,0.10322313193077003,0.00030473484554168026,0.15100010363768265,0.5B,16384
10,7,lenshift_16384,lenshift,9649,9.174609562020384,15.07623443610303,24.476555587226386,2.425477267059918,31.12319224060028,3.6995903992840384,0.8103280393514236,8.19530497969727,0.15807456401177272,-5.188661813735951,34.58789094607347,8.617963598513323e-09,0.999999999998999,0.06666666666666667,0.7535945296513047,1.6566485783054328,0.9993377262218878,0.943733864832144,0.9836331167703218,0.9973697390574623,0.19290614128112793,0.09742069244384766,0.07556633745896922,0.9078613925336501,0.001244597089218581,0.0009622375432746335,0.0005985601160909122,0.000346515083649289,0.00022108781199800512,0.00010414295001144545,0.001261363187832742,0.10125401596020313,0.0011299429903958616,0.15100010363768265,0.5B,16384
10,8,lenshift_16384,lenshift,9649,9.174609562020384,16.11904560164178,24.476555587226386,2.425477267059918,31.12319224060028,3.6995903992840384,0.8103280393514236,8.19530497969727,0.15807456401177272,-12.879769483033348,15.013529038982918,4.841351866708546e-06,0.9999996982074653,0.06666666666666667,0.7380566001787991,2.5797354634881087,0.9989566301250854,0.805094711294464,0.9613912741987108,0.998088854976558,0.02714991569519043,0.1812065839767456,0.0809138954200652,0.5645684608938787,9.491123430468781e-05,6.018020208987577e-05,2.960502603368267e-05,1.5092134625493008e-05,8.921938255645085e-06,3.7863049771917905e-06,0.00016439193198135952,0.10125401596020313,0.00010053951621655162,0.15100010363768265,0.5B,16384
10,9,lenshift_16384,lenshift,9649,9.174609562020384,14.421645540311097,24.476555587226386,2.425477267059918,31.12319224060028,3.6995903992840384,0.8103280393514236,8.19530497969727,0.15807456401177272,-9.510390865452145,29.767799855024997,8.621191932679115e-09,0.9999999999988818,0.06666666666666667,0.7765740236161383,2.5729940412963117,0.9985931228829432,0.8286433825852004,0.9367856189990887,0.988179169360447,0.37997883558273315,0.2088175117969513,0.24091007589486532,0.6803496191817486,0.004303787982587051,0.0029191844663122146,0.0015297985510883407,0.0007585970461767631,0.00043419756468607274,0.00016897539344529327,0.005532014247806692,0.10125401596020313,0.005063894812604456,0.15100010363768265,0.5B,16384
10,10,lenshift_16384,lenshift,9649,9.174609562020384,13.635612869660328,24.476555587226386,2.425477267059918,31.12319224060028,3.6995903992840384,0.8103280393514236,8.19530497969727,0.15807456401177272,-12.421506068285773,28.203353417314837,8.633391197797603e-09,0.9999999999984357,0.06666666666666667,0.7570438216528527,2.506077336606397,0.9987885071447128,0.8256371242536652,0.9507357082926272,0.991189287609653,0.20928794145584106,0.003361612558364868,0.22002993023692385,0.6895530251173004,0.0026248739387576786,0.0017797599334378686,0.0009311626036633893,0.0004584096730202117,0.00026672551976431876,0.0001065771134663913,0.0025814055484622827,0.10125401596020313,0.0022084486626895578,0.15100010363768265,0.5B,16384
10,11,lenshift_16384,lenshift,9649,9.174609562020384,17.188270190928815,24.476555587226386,2.425477267059918,31.12319224060028,3.6995903992840384,0.8103280393514236,8.19530497969727,0.15807456401177272,2.6140649038202644,60.35485340061817,8.617937134092186e-09,0.9999999999989999,0.06666666666666667,0.756852770997741,2.6062794142467123,0.9988498212754017,0.746669788198468,0.9932811953261034,0.9990039892622936,0.2614164352416992,0.46546947956085205,0.11800002584325671,0.8794604583151893,0.0006137150809327142,0.0004075571783596202,0.00019493020938619947,8.99334606006212e-05,4.965864429213589e-05,1.8019507650570287e-05,0.0004211113677974354,0.10125401596020313,0.00032996259059372214,0.15100010363768265,0.5B,16384
10,12,lenshift_16384,lenshift,9649,9.174609562020384,14.99253599110708,24.476555587226386,2.425477267059918,31.12319224060028,3.6995903992840384,0.8103280393514236,8.19530497969727,0.15807456401177272,7.641260750153489,55.98682076323723,8.617937134092197e-09,0.9999999999989999,0.06666666666666667,0.7148333512410366,2.382361889215713,0.9990504974278609,0.8516406926098665,0.9819414126351349,0.9976765105867326,0.5915594147518277,0.49710559844970703,0.044447648224558704,0.9502093021960737,0.001200935311614268,0.000732317520101774,0.00035738013236095084,0.0001736968843301165,9.684313027764011e-05,3.7914309187007916e-05,0.0013206407555480465,0.10125401596020313,0.0007086792345817494,0.15100010363768265,0.5B,16384
10,13,lenshift_16384,lenshift,9649,9.174609562020384,12.534834397280166,24.476555587226386,2.425477267059918,31.12319224060028,3.6995903992840384,0.8103280393514236,8.19530497969727,0.15807456401177272,-11.185031862819901,36.13042809109217,8.617942777900803e-09,0.9999999999989997,0.06666666666666667,0.7371832842740819,2.7255095691432656,0.9961460213571304,0.8140392775602482,0.9207897351976209,0.9699362799736072,0.2296593189239502,0.12523144483566284,0.24486251133269865,0.6843645746262008,0.023335189324104635,0.017519524622879798,0.009937905371473285,0.005569836078053986,0.003590484173026887,0.0017610479309171762,0.030965279862831794,0.10125401596020313,0.02855211804766148,0.15100010363768265,0.5B,16384
11,0,lenshift_16384,lenshift,9649,9.174609562020384,20.909374173620023,16.75838363537875,1.0403237365522255,19.50313943875522,4.885830271422561,0.5510389358311921,7.4017456135114665,0.07611621833300641,-11.204305020325307,68.71269751742813,8.617937134092186e-09,0.9999999999989999,0.06666666666666667,0.6429071201573293,2.35404178679274,0.998966975660229,0.8082503393488866,0.9810866517530871,0.9969021528313688,0.09009120427072048,0.49200358986854553,0.34478346716802005,0.6506108694437325,0.002222941510522792,0.001472330464488937,0.0007390589844261859,0.00037462999191261153,0.0002246244069389887,9.474893605822217e-05,0.0010667980147757985,0.10125401596020313,0.0007243268756446565,0.15100010363768265,0.5B,16384
11,1,lenshift_16384,lenshift,9649,9.174609562020384,17.664367322219245,16.75838363537875,1.0403237365522255,19.50313943875522,4.885830271422561,0.5510389358311921,7.4017456135114665,0.07611621833300641,-35.407218049554274,20.516733157407373,3.506266456452198e-08,0.999999998769592,0.03333333333333333,0.5515698637877596,1.8926626041169643,0.9945777103269496,0.8742102757744792,0.9167953631904702,0.9436301792920434,0.10478901863098145,0.0012416839599609375,0.6298402889660075,0.136777461197881,0.06517951508005725,0.047943314568526324,0.02764011095373669,0.014589006540426918,0.008361496174437426,0.003078649543868393,0.08419162060618052,0.10322313193077003,0.06944361643934209,0.15296921960824955,0.5B,16384
11,2,lenshift_16384,lenshift,9649,9.174609562020384,18.08230295263513,16.75838363537875,1.0403237365522255,19.50313943875522,4.885830271422561,0.5510389358311921,7.4017456135114665,0.07611621833300641,-17.797159026650817,56.147649523062526,8.617937134092196e-09,0.9999999999989999,0.03333333333333333,0.6388634307951216,2.3539495566778736,0.996672635242489,0.8230313693933146,0.9560296286029125,0.9780200759081853,0.25555023550987244,0.07716429233551025,0.44201541045350884,0.5190464366462131,0.027751872693955595,0.02092429337907659,0.012195278919653448,0.007014397704484458,0.004554607832283941,0.0021927237871609767,0.027339698639842817,0.10125401596020313,0.02323987613399752,0.15100010363768265,0.5B,16384
11,3,lenshift_16384,lenshift,9649,9.174609562020384,16.01933870802138,16.75838363537875,1.0403237365522255,19.50313943875522,4.885830271422561,0.5510389358311921,7.4017456135114665,0.07611621833300641,-19.0463725047953,20.532503791262997,3.4667859847770145e-08,0.9999999987888284,0.03333333333333333,0.655838863352586,2.881990959511592,0.9901913958834703,0.7708170557343581,0.8702239800489125,0.9362884149146092,0.10083344578742981,0.05169433355331421,0.3193164627744432,0.4746078550471756,0.053493674036905685,0.044516465002524847,0.03261369888502035,0.022565674327607393,0.01627994235226488,0.008998645809833608,0.051245033178534724,0.10125401596020313,0.04516358043403462,0.15100010363768265,0.5B,16384
11,4,lenshift_16384,lenshift,9649,9.174609562020384,20.906466001483864,16.75838363537875,1.0403237365522255,19.50313943875522,4.885830271422561,0.5510389358311921,7.4017456135114665,0.07611621833300641,-12.432529996423163,41.84101235054079,8.617937152042291e-09,0.9999999999989999,0.03333333333333333,0.5662810247974445,2.413757153998254,0.998913705633132,0.8481138841654097,0.9796424416922863,0.9967308421169321,0.2712111920118332,0.10690037906169891,0.21297016745110592,0.7128725965378053,0.0017758005229591084,0.001450304389431959,0.000958687259336654,0.0005599856930218652,0.00035451084948243827,0.00014568905322087072,0.0021610912967035384,0.10125401596020313,0.0020073403341872684,0.15100010363768265,0.5B,16384
11,5,lenshift_16384,lenshift,9649,9.174609562020384,18.294360173788974,16.75838363537875,1.0403237365522255,19.50313943875522,4.885830271422561,0.5510389358311921,7.4017456135114665,0.07611621833300641,-8.170737423002716,49.42610186198726,8.617937134101303e-09,0.9999999999989999,0.06666666666666667,0.685402753805589,2.7193878209875306,0.99771748548707,0.6924787377726849,0.9375142338439325,0.9884131968646475,0.1685175746679306,0.020449653267860413,0.2919914757231062,0.6867564959687713,0.009554128539999072,0.007078656593144376,0.004293598001209826,0.002523771132930145,0.0016770201722890274,0.0008548403958679272,0.004364271125686236,0.10125401596020313,0.0032581335580326495,0.15100010363768265,0.5B,16384
11,6,lenshift_16384,lenshift,9649,9.174609562020384,17.82607882740709,16.75838363537875,1.0403237365522255,19.50313943875522,4.885830271422561,0.5510389358311921,7.4017456135114665,0.07611621833300641,-13.953241193995762,49.780788442169595,8.61793713409858e-09,0.9999999999989999,0.06666666666666667,0.6582518932389072,2.457992512881927,0.9969601044408504,0.8043958120532091,0.9596117229213829,0.9844899746457065,0.03787803649902344,0.003089427947998047,0.34188305810756414,0.634271431690737,0.01755972800067655,0.013981114073448393,0.009171240494376067,0.005681687071375664,0.003847109841277094,0.001969041781196574,0.012256443849626828,0.10125401596020313,0.009469101424918275,0.15100010363768265,0.5B,16384
11,7,lenshift_16384,lenshift,9649,9.174609562020384,27.47760099516627,27.453838534885335,3.605196533851026,40.43956783437777,9.084195457249203,0.6979047634360195,11.049256002749997,0.02569114068239861,-137.89170895184725,4.696918130612801,0.051550863943006696,0.9909588438715387,0.03333333333333333,0.8690483791381255,0.00018415829481518325,0.9998963446393144,0.9999980292666282,0.9999984991319038,0.9999991522134923,0.007221519947052002,0.017675429582595825,0.9999868041818101,9.025506114569937e-06,1.891962913039874e-06,3.131844441087668e-07,4.489920927803112e-08,7.551404949432558e-09,2.7162417652573123e-09,7.251030985110246e-10,3.7359948740936486e-05,0.10322313193077003,2.904008174376954e-05,0.15296921960824955,0.5B,16384
11,8,lenshift_16384,lenshift,9649,9.174609562020384,21.60099086453506,27.453838534885335,3.605196533851026,40.43956783437777,9.084195457249203,0.6979047634360195,11.049256002749997,0.02569114068239861,-23.15078968160292,58.63954583120808,8.617937134092186e-09,0.9999999999989999,0.06666666666666667,0.8362049679346886,0.2671820019164768,0.9998236844387582,0.9909647151029766,0.997174750965516,0.9994470529458351,0.022528886795043945,0.13256239891052246,0.9612226956441189,0.036992544377799745,0.0077760296664492355,0.0048664623584812544,0.002477246195426253,0.0011727803349422048,0.0006655676742378962,0.00026885182334605704,0.014015895263920006,0.10125401596020313,0.013195059789848718,0.15100010363768265,0.5B,16384
11,9,lenshift_16384,lenshift,9649,9.174609562020384,25.51089669461076,27.453838534885335,3.605196533851026,40.43956783437777,9.084195457249203,0.6979047634360195,11.049256002749997,0.02569114068239861,-70.98159345949534,7.585144947906144,0.004404762063750537,0.9994889269431838,0.03333333333333333,0.8778065751707587,0.09398364133046486,0.9998889137127669,0.9991192918137183,0.9997498001687775,0.999935855105322,0.015551447868347168,0.2107745110988617,0.9848372078020026,0.0003122711470441935,0.0004292390603120449,0.00014438827846394574,3.278875770557689e-05,8.092286162485853e-06,2.9516522618732613e-06,6.049150598966458e-07,0.0003175786257916926,0.10322313193077003,0.00024516884053159434,0.15296921960824955,0.5B,16384
11,10,lenshift_16384,lenshift,9649,9.174609562020384,22.106209487220024,27.453838534885335,3.605196533851026,40.43956783437777,9.084195457249203,0.6979047634360195,11.049256002749997,0.02569114068239861,-32.897149424342544,36.46418949098991,8.617941239403064e-09,0.9999999999989997,0.06666666666666667,0.8498422208463388,0.1716945514007819,0.9998677571831769,0.9959387559503347,0.9983051665463359,0.9995056612217895,0.11694473028182983,0.047621458768844604,0.9758847788438185,0.02203640163876688,0.0012921618885244359,0.0006164860261222953,0.0002221776981991835,8.597273005967853e-05,4.396526296543837e-05,1.5197597240458432e-05,0.0012769046892231134,0.10125401596020313,0.0009232168722241053,0.15100010363768265,0.5B,16384
11,11,lenshift_16384,lenshift,9649,9.174609562020384,25.831263033653386,27.453838534885335,3.605196533851026,40.43956783437777,9.084195457249203,0.6979047634360195,11.049256002749997,0.02569114068239861,-78.99706586068532,12.008333713374668,7.959442904842522e-05,0.9999938896742848,0.03333333333333333,0.8595684434594575,0.0792082523298088,0.9998916370006575,0.9995546142126919,0.9998856635783768,0.9999738586295496,0.07144370675086975,0.1320534348487854,0.9869972162255848,0.00014133054491756504,0.00011915644645079716,2.614153141104761e-05,3.463688879831903e-06,5.835529316792482e-07,1.8659003790249985e-07,3.023815424891556e-08,0.00018192985505944938,0.10322313193077003,0.0001501600175206527,0.15296921960824955,0.5B,16384
11,12,lenshift_16384,lenshift,9649,9.174609562020384,24.9882874338996,27.453838534885335,3.605196533851026,40.43956783437777,9.084195457249203,0.6979047634360195,11.049256002749997,0.02569114068239861,-40.96464774538491,27.401051876805823,8.65213090376047e-09,0.9999999999977414,0.03333333333333333,0.8686230053776198,0.09894044368389701,0.9998835700749675,0.9980949620745841,0.9993830531744559,0.9999214417772061,0.34727126359939575,0.10076063871383667,0.9872003205090868,0.010335281064688284,0.0003476015574122805,0.00017197918628705458,5.1378805130797666e-05,2.026725414558861e-05,1.0334631758765081e-05,3.397043883215178e-06,0.0003370529594832833,0.10322313193077003,0.0002834785919054003,0.15296921960824955,0.5B,16384
11,13,lenshift_16384,lenshift,9649,9.174609562020384,29.380277006735923,27.453838534885335,3.605196533851026,40.43956783437777,9.084195457249203,0.6979047634360195,11.049256002749997,0.02569114068239861,-155.95732737658545,5.3951123231090605,0.029443002766466435,0.9954326232119203,0.03333333333333333,0.9067218353405916,6.0589389085563726e-06,0.9998963618842187,0.9999999596354668,0.9999999768812342,0.9999999888629731,0.23158106207847595,0.22032439708709717,0.9999996759247051,1.9161254622375882e-07,6.935057134148671e-08,2.856840143501507e-08,7.600909518086834e-09,1.8751930370671773e-09,5.844808830013838e-10,1.0907512672780592e-10,5.979409294377721e-08,0.10322313193077003,3.240930820030714e-08,0.15296921960824955,0.5B,16384
12,0,lenshift_16384,lenshift,9649,9.174609562020384,37.36875314082471,16.309929073103614,1.4690264136562394,20.69314435961471,6.419593584386077,0.7628780722044319,9.880717946669312,0.04901333392508579,47.567688044379736,59.661539289853806,8.617937134092186e-09,0.9999999999989999,0.06666666666666667,0.5297192819031082,0.3666228130693586,0.9998599303526083,0.9983398186182033,0.9992877837909858,0.9996340212699723,0.6513104438781738,0.12894392013549805,0.06838838959522603,0.9295384071774635,0.0001489368800700093,5.9494551861073695e-05,1.2250464187791337e-05,1.9690513641957426e-06,4.810461008664413e-07,4.754619484549113e-08,0.00024313796174692698,0.10125401596020313,0.00014943838103153535,0.15100010363768265,0.5B,16384
12,1,lenshift_16384,lenshift,9649,9.174609562020384,15.403177061281239,16.309929073103614,1.4690264136562394,20.69314435961471,6.419593584386077,0.7628780722044319,9.880717946669312,0.04901333392508579,23.566128380158368,11.463734747054438,0.0001309289261837067,0.9999894959026804,0.06666666666666667,0.599026767327773,2.0050188838069745,0.9993592228461401,0.9343432012715266,0.9768810807227039,0.9963072908892302,0.04555009305477142,0.14678919315338135,0.09887246709765482,0.5031199897140451,0.0002611203584337777,0.00019577113623603978,0.00011170800543363105,6.349020317908501e-05,4.652609980856357e-05,2.9787899427364616e-05,0.001190135001646634,0.10125401596020313,0.0011797103857847523,0.15100010363768265,0.5B,16384
12,2,lenshift_16384,lenshift,9649,9.174609562020384,14.296663952954304,16.309929073103614,1.4690264136562394,20.69314435961471,6.419593584386077,0.7628780722044319,9.880717946669312,0.04901333392508579,49.052399628302624,50.34190396635847,8.617937134095834e-09,0.9999999999989999,0.06666666666666667,0.7675942839275178,2.5719329717415667,0.9972064468889443,0.8418672357508935,0.9702425819840574,0.9887176868801806,0.0899595096707344,0.08664491772651672,0.15419281374111637,0.8335586156116935,0.016211007735663332,0.013355830720778025,0.009279531277368051,0.006139358132875934,0.004386613171935734,0.0024005065215570586,0.009461859535387605,0.10125401596020313,0.007583630745098142,0.15100010363768265,0.5B,16384
12,3,lenshift_16384,lenshift,9649,9.174609562020384,14.452070465795208,16.309929073103614,1.4690264136562394,20.69314435961471,6.419593584386077,0.7628780722044319,9.880717946669312,0.04901333392508579,18.95097847545848,0.8982252874514352,0.6016273634139042,0.7105846621590316,0.03333333333333333,0.7286451340864792,1.8730623843446792,0.9988813436857009,0.8728108733584474,0.9266429604484575,0.9670612952060876,0.1842637062072754,0.0445941686630249,0.6051440206081327,0.16681176051611382,0.005590908427351008,0.0037578539609591484,0.002090647262424859,0.0012258953237125657,0.0008679440323786908,0.0005159814847742264,0.015458068866454382,0.10322313193077003,0.015346134692458453,0.15296921960824955,0.5B,16384
12,4,lenshift_16384,lenshift,9649,9.174609562020384,11.344096167986184,16.309929073103614,1.4690264136562394,20.69314435961471,6.419593584386077,0.7628780722044319,9.880717946669312,0.04901333392508579,30.38534146196702,28.233015221995576,8.632942922233848e-09,0.9999999999984521,0.06666666666666667,0.842035062640292,2.766549773158549,0.9869065289833255,0.7713683712894298,0.8768289420792252,0.9348698928331689,0.005957901477813721,0.04917740821838379,0.4279238608613591,0.4765682244233768,0.12354607897373872,0.10245235979980312,0.0730232315006567,0.05165807293384615,0.04064105040613302,0.027453638697976162,0.10678558977766384,0.10125401596020313,0.09366159907865433,0.15100010363768265,0.5B,16384
12,5,lenshift_16384,lenshift,9649,9.174609562020384,14.321391707532756,16.309929073103614,1.4690264136562394,20.69314435961471,6.419593584386077,0.7628780722044319,9.880717946669312,0.04901333392508579,49.192634039065425,38.89594393833421,8.61793747535887e-09,0.9999999999989999,0.06666666666666667,0.7730642600354165,2.617462046540842,0.9985946796019738,0.7633568788284963,0.9478612008811539,0.9927633882850665,0.0929608941078186,0.18046116828918457,0.18272611158840152,0.7901293130380223,0.003400853996413408,0.002673747917653249,0.001707344400250406,0.0009936995770002902,0.000670837182925613,0.00037571665620350403,0.010250572460099444,0.10125401596020313,0.010152309777090805,0.15100010363768265,0.5B,16384
12,6,lenshift_16384,lenshift,9649,9.174609562020384,18.715707174984768,16.309929073103614,1.4690264136562394,20.69314435961471,6.419593584386077,0.7628780722044319,9.880717946669312,0.04901333392508579,55.26524258361143,64.33168927419877,8.617937134092186e-09,0.9999999999989999,0.06666666666666667,0.6991382581595473,2.24924854450719,0.9992331932650116,0.8827666212689118,0.9871435664275682,0.99923714268105,0.3038378953933716,0.6152599304914474,0.26846579124371006,0.729789352972738,0.0004861033903102973,0.0003050825608535044,0.00014649923644221509,6.89187283814938e-05,3.939957149591431e-05,1.5542857358588636e-05,0.0003773216025297789,0.10125401596020313,0.0003258901083183464,0.15100010363768265,0.5B,16384
12,7,lenshift_16384,lenshift,9649,9.174609562020384,15.808682958357329,20.64000160031043,0.8758915495564077,22.93779771076302,6.369086336599007,0.7254372548113526,8.345217581301501,0.13102177343514246,30.388872532283553,65.23530901793171,8.617937134092186e-09,0.9999999999989999,0.06666666666666667,0.8041018991325377,1.884146231431451,0.999227486776334,0.9268561424513194,0.9937263140635758,0.9979159274704517,0.1779705286026001,1.0930534601211548,0.008189570636401324,0.9892839224657135,0.0017898840601011737,0.0013858897222125079,0.0008619998569399937,0.0005077875266810724,0.00033026194725187805,0.0001615605173545279,0.0009713939495776643,0.10125401596020313,0.0006950966663534662,0.15100010363768265,0.5B,16384
12,8,lenshift_16384,lenshift,9649,9.174609562020384,17.71645947272703,20.64000160031043,0.8758915495564077,22.93779771076302,6.369086336599007,0.7254372548113526,8.345217581301501,0.13102177343514246,9.148576399859266,54.25399431827314,8.617937134092258e-09,0.9999999999989999,0.06666666666666667,0.7630855261620999,2.3700874594018972,0.998742046460059,0.8674985126758733,0.9836912408031038,0.993247929589087,0.09376609325408936,0.10759997367858887,0.18188073635266627,0.8098289226362515,0.0060741240956241754,0.004132863975549333,0.002067899010564179,0.0009715045276770962,0.0005488855853022439,0.00021161069204448223,0.0025004606111747544,0.10125401596020313,0.0016683979755882873,0.15100010363768265,0.5B,16384
12,9,lenshift_16384,lenshift,9649,9.174609562020384,15.661419964730554,20.64000160031043,0.8758915495564077,22.93779771076302,6.369086336599007,0.7254372548113526,8.345217581301501,0.13102177343514246,15.933934688568119,49.65663615986705,8.617937134099435e-09,0.9999999999989999,0.06666666666666667,0.8220480694851601,2.6566417271840166,0.9978501579750896,0.7565704203615702,0.9659517424574178,0.9864225868028322,0.03841447830200195,0.9701404571533203,0.11119422557205638,0.8756772610998069,0.01343348455099542,0.009467585492296293,0.005209985207430849,0.0025489759792871316,0.0014801995010468398,0.000612096259730411,0.004075774429724909,0.10125401596020313,0.002466675487164893,0.15100010363768265,0.5B,16384
12,10,lenshift_16384,lenshift,9649,9.174609562020384,15.472716655194358,20.64000160031043,0.8758915495564077,22.93779771076302,6.369086336599007,0.7254372548113526,8.345217581301501,0.13102177343514246,4.046438651926373,58.55514868745676,8.617937134092186e-09,0.9999999999989999,0.06666666666666667,0.8570316756564101,2.2734305093544833,0.9979535647709806,0.8381546159142795,0.9731955890776842,0.9925474031079141,0.2883656620979309,0.3231918215751648,0.3862919390040557,0.604290769807603,0.010727795826757251,0.008851666587895159,0.006253600261734136,0.004231812175993379,0.003056403947152045,0.0017407231576204235,0.008257881806607033,0.10125401596020313,0.00693952253213578,0.15100010363768265,0.5B,16384
12,11,lenshift_16384,lenshift,9649,9.174609562020384,15.240393466551746,20.64000160031043,0.8758915495564077,22.93779771076302,6.369086336599007,0.7254372548113526,8.345217581301501,0.13102177343514246,-1.1732458717682839,45.81309187583118,8.617937134431116e-09,0.9999999999989999,0.06666666666666667,0.8455419005842786,2.1582702908206293,0.9960143776285452,0.8611093051022203,0.9644364000648489,0.9798516762409177,0.20824944972991943,0.18923550844192505,0.5035669578837149,0.4698572059779507,0.0330676817665689,0.02669158558429601,0.017994310959685116,0.011522625893439487,0.008245293946071526,0.00480932295042268,0.028199105538058884,0.10125401596020313,0.02488734977545915,0.15100010363768265,0.5B,16384
12,12,lenshift_16384,lenshift,9649,9.174609562020384,17.791256301496574,20.64000160031043,0.8758915495564077,22.93779771076302,6.369086336599007,0.7254372548113526,8.345217581301501,0.13102177343514246,8.99652799438027,67.05376331727294,8.617937134092186e-09,0.9999999999989999,0.06666666666666667,0.816051444531347,2.3029622645868866,0.9991721523498102,0.8896261047658643,0.9870420853349924,0.9989760450201969,0.6495144367218018,0.05042755603790283,0.26311015839397944,0.7357213651757029,0.0006993680160284339,0.0004673223162019625,0.0002251066580955314,0.0001107178897723229,6.454968281775329e-05,2.6615034179981187e-05,0.0002605974280525055,0.10125401596020313,0.00016650011179491256,0.15100010363768265,0.5B,16384
12,13,lenshift_16384,lenshift,9649,9.174609562020384,14.509675466617068,20.64000160031043,0.8758915495564077,22.93779771076302,6.369086336599007,0.7254372548113526,8.345217581301501,0.13102177343514246,6.53405730864581,53.57475270769176,8.617937134092383e-09,0.9999999999989999,0.06666666666666667,0.8639603075039312,2.551464225740143,0.9936394684812542,0.8274043704737344,0.9562394509438835,0.973678607433867,0.0017815828323364258,0.4038736820220947,0.22138220063708763,0.7474173953217851,0.032855351330965996,0.02801359802266083,0.02047270353671838,0.014544526959834445,0.011009712588707306,0.006800293930893175,0.026152991120175623,0.10125401596020313,0.022324784697465166,0.15100010363768265,0.5B,16384
13,0,lenshift_16384,lenshift,9649,9.174609562020384,19.009393454584597,22.444337024077083,1.9283518084994702,30.43850649945691,5.289569562442552,0.41835470263740465,8.051108922772876,0.07593479354183963,45.52901756062227,62.4292571800487,8.617937134092186e-09,0.9999999999989999,0.06666666666666667,0.834070126295217,2.3094913936163626,0.9980585741014243,0.873982384483377,0.9743308804822896,0.9875786630222663,0.17458027321845293,0.6043919324874878,0.03312221319490626,0.9448355882234145,0.011905657289044708,0.009132246890374092,0.005266419339085927,0.0028048493838818142,0.001642517470600476,0.0006318351469979806,0.011996487026126958,0.10322313193077003,0.010931227942994793,0.15100010363768265,0.5B,16384
13,1,lenshift_16384,lenshift,9649,9.174609562020384,20.37543305129904,22.444337024077083,1.9283518084994702,30.43850649945691,5.289569562442552,0.41835470263740465,8.051108922772876,0.07593479354183963,23.382307150784676,66.12337225062006,8.617937134092186e-09,0.9999999999989999,0.06666666666666667,0.7754665368491676,1.8676804946126966,0.9994444666958028,0.9413422908784735,0.992423960739346,0.999151702533148,0.2942519187927246,0.046546220779418945,0.4163020251148194,0.5826731585610985,0.000885442093671088,0.0005453461277623177,0.00022918621148211113,9.109465676118701e-05,4.500956539570268e-05,1.4286608847379512e-05,0.0003628194023962931,0.10125401596020313,0.00023120325798045962,0.15100010363768265,0.5B,16384
13,2,lenshift_16384,lenshift,9649,9.174609562020384,17.54264919760381,22.444337024077083,1.9283518084994702,30.43850649945691,5.289569562442552,0.41835470263740465,8.051108922772876,0.07593479354183963,-3.604225039482131,18.459565255281618,2.5916791849876934e-07,0.9999999873053677,0.03333333333333333,0.8720585677652588,1.3618582149176086,0.9963354531278359,0.885530681684508,0.9126503669388353,0.9392778880890361,0.06519914418458939,0.07940840721130371,0.8168405694299743,0.06058910132990207,0.07412169546907209,0.05039378087931073,0.025288123180901644,0.010258473720946747,0.004426647962225336,0.0010301637753086243,0.0592786867641408,0.10322313193077003,0.04619289380099189,0.15296921960824955,0.5B,16384
13,3,lenshift_16384,lenshift,9649,9.174609562020384,18.89077514513043,22.444337024077083,1.9283518084994702,30.43850649945691,5.289569562442552,0.41835470263740465,8.051108922772876,0.07593479354183963,12.589698861627028,53.22394926733722,8.617937134092523e-09,0.9999999999989999,0.06666666666666667,0.7355577579174508,0.7726923676266926,0.9995690829781949,0.9870220479159777,0.9934542062171753,0.9958144845798874,0.5632710456848145,0.061753273010253906,0.09439175716107759,0.9004728828040806,0.002885496121328479,0.0018170859769553842,0.0007420459434928445,0.0002849461805196842,0.00014457735035549473,4.833228602291726e-05,0.0020670869739426927,0.10125401596020313,0.0014032358280862956,0.15100010363768265,0.5B,16384
13,4,lenshift_16384,lenshift,9649,9.174609562020384,20.30593240788368,22.444337024077083,1.9283518084994702,30.43850649945691,5.289569562442552,0.41835470263740465,8.051108922772876,0.07593479354183963,38.495246978367085,75.81453583937358,8.617937134092186e-09,0.9999999999989999,0.06666666666666667,0.8107889827964024,2.174883226044355,0.9993124508109755,0.9183708913160991,0.9903043782234419,0.9998767026166497,0.5654678642749786,0.13575756549835205,0.1147135737126824,0.8851641554251882,7.827480493953235e-05,4.5432331861380364e-05,1.799625842802071e-05,7.3375988614899025e-06,3.6741837584943564e-06,1.1106822416143817e-06,3.910747552429984e-05,0.10125401596020313,2.8020601951998e-05,0.15100010363768265,0.5B,16384
13,5,lenshift_16384,lenshift,9649,9.174609562020384,18.436983692892763,22.444337024077083,1.9283518084994702,30.43850649945691,5.289569562442552,0.41835470263740465,8.051108922772876,0.07593479354183963,17.126769935383514,71.05173539151164,8.617937134092186e-09,0.9999999999989999,0.06666666666666667,0.8559922332270041,1.659651197174402,0.9993259507110748,0.927710288253956,0.9930769179584407,0.9978059311207147,0.1685282289981842,0.4500107765197754,0.5722965936292852,0.4219547821418549,0.00346224694852831,0.002487754615283736,0.0013534530249802394,0.0007045829739398969,0.0004246085496603726,0.00018463003167389357,0.0034971226006930175,0.10125401596020313,0.0028093444911915003,0.15100010363768265,0.5B,16384
13,6,lenshift_16384,lenshift,9649,9.174609562020384,14.769223792894696,22.444337024077083,1.9283518084994702,30.43850649945691,5.289569562442552,0.41835470263740465,8.051108922772876,0.07593479354183963,20.16948650163762,34.80980849956326,8.617968563356213e-09,0.9999999999989988,0.03333333333333333,0.8422259154634597,4.081537461098293,0.9759385601780678,0.5747089030520357,0.7077156583243995,0.7813331188396925,0.03354233503341675,0.038461148738861084,0.2430188881194106,0.47933579804274506,0.2998239884138161,0.22517375166941778,0.13541943410933577,0.07585902974975457,0.04549756632788452,0.01753681754288697,0.23464067648492537,0.10125401596020313,0.18722310899070677,0.15100010363768265,0.5B,16384
13,7,lenshift_16384,lenshift,9649,9.174609562020384,13.817636116564406,21.85246134688242,1.2699726859462201,25.34889829299449,6.020173482142582,0.4409666433030414,10.77454168969676,0.07491734373318616,-7.6829596416038655,29.503219960565566,8.622175300206596e-09,0.999999999998846,0.06666666666666667,0.8780874896242068,1.7580956600767905,0.9971425746997116,0.8944390830996835,0.942152800293648,0.9654575626048636,0.7129127383232117,0.22738687694072723,0.6521860570568181,0.2922981685022006,0.052583066385196185,0.033256355920899344,0.018154161700377508,0.010363645465101495,0.006887000356560234,0.003456808348834655,0.032719736996927415,0.10125401596020313,0.029008491752537568,0.15100010363768265,0.5B,16384
13,8,lenshift_16384,lenshift,9649,9.174609562020384,19.931698247965492,21.85246134688242,1.2699726859462201,25.34889829299449,6.020173482142582,0.4409666433030414,10.77454168969676,0.07491734373318616,-22.067488211042722,14.544360879973034,7.508224625342869e-06,0.9999995175344131,0.03333333333333333,0.840543471584815,0.22154394163271113,0.9998227576502472,0.9878557775014962,0.9933506470418448,0.9974685588825677,0.2415134310722351,0.005614325404167175,0.9722131362117193,0.015845856511318215,0.0008112738434862764,0.00025637716845213556,7.159928608519506e-05,2.854780768440367e-05,1.531670698992618e-05,5.910141450759823e-06,0.00032641387977247905,0.10322313193077003,0.00026842373903537587,0.15296921960824955,0.5B,16384
13,9,lenshift_16384,lenshift,9649,9.174609562020384,20.950930902242686,21.85246134688242,1.2699726859462201,25.34889829299449,6.020173482142582,0.4409666433030414,10.77454168969676,0.07491734373318616,-11.714708748985743,25.479690193767,8.842357079525249e-09,0.9999999999904037,0.03333333333333333,0.8650910012030743,0.3795041978186613,0.9998270346866646,0.9883673476020705,0.9955689923246062,0.9992975032382693,0.24267524480819702,0.06599278748035431,0.9397445106510077,0.05509026828240868,0.0001441387887727768,6.803146036649244e-05,3.185860769392809e-05,1.597100629649717e-05,9.290504544791344e-06,3.5365258444305897e-06,0.0004014999116701346,0.10125401596020313,4.596623844969945e-05,0.15100010363768265,0.5B,16384
13,10,lenshift_16384,lenshift,9649,9.174609562020384,17.95897696714264,21.85246134688242,1.2699726859462201,25.34889829299449,6.020173482142582,0.4409666433030414,10.77454168969676,0.07491734373318616,5.527382373809829,61.077980861067786,8.617937134092186e-09,0.9999999999989999,0.06666666666666667,0.7598144113089258,1.967092572065287,0.9991659337964525,0.8602431288611441,0.9805313963624703,0.9976241255090966,0.004599571228027344,0.107993483543396,0.5010260030353497,0.4964332939381203,0.0037651532294852292,0.0027035187700344384,0.0013121923413760995,0.0005876662215183777,0.000316620151873953,0.00011148147415817443,0.0015865570692022255,0.10125401596020313,0.0009593302476844261,0.15100010363768265,0.5B,16384
13,11,lenshift_16384,lenshift,9649,9.174609562020384,14.698664249014644,21.85246134688242,1.2699726859462201,25.34889829299449,6.020173482142582,0.4409666433030414,10.77454168969676,0.07491734373318616,-10.465471786611218,38.387663523152966,8.617937701447278e-09,0.9999999999989999,0.06666666666666667,0.8261236647385204,1.0606529798748636,0.9989916909088138,0.9433643657581238,0.9802948649986228,0.9907998106169036,0.014423370361328125,0.03617650270462036,0.8060942017284601,0.18195922278388063,0.02314963723979514,0.01591948932468579,0.008318675068056235,0.004273093617094985,0.002633024835992605,0.001229123971173198,0.011235824956810638,0.10125401596020313,0.007646060857104088,0.15100010363768265,0.5B,16384
13,12,lenshift_16384,lenshift,9649,9.174609562020384,22.1088604307784,21.85246134688242,1.2699726859462201,25.34889829299449,6.020173482142582,0.4409666433030414,10.77454168969676,0.07491734373318616,-25.683678078300808,29.214060241404432,8.623591434039667e-09,0.9999999999987945,0.06666666666666667,0.8460854698128832,0.1962364622307999,0.9998769468077895,0.9982353567867794,0.999599094229016,0.9998803830497042,0.007861822843551636,0.02628730982542038,0.9686971488352681,0.030401675041906044,2.7328448289510822e-05,9.11039083358551e-06,2.7228973021583502e-06,9.812381757823564e-07,4.485062776640078e-07,1.2381915848173866e-07,0.00027524898617606775,0.10125401596020313,5.2671557568676575e-06,0.15100010363768265,0.5B,16384
13,13,lenshift_16384,lenshift,9649,9.174609562020384,16.400727328884766,21.85246134688242,1.2699726859462201,25.34889829299449,6.020173482142582,0.4409666433030414,10.77454168969676,0.07491734373318616,16.583582008586212,39.93213364951354,8.61793725530348e-09,0.9999999999989999,0.03333333333333333,0.8295375144362953,3.000937076416437,0.9980404729478515,0.6790915027850508,0.9113382300478559,0.9657851482009433,0.017381012439727783,0.32004326581954956,0.17379026233702366,0.7376551259291588,0.011366216183400337,0.005086293685470793,0.0017304297567662752,0.0007375679829875349,0.00040720295028207824,0.00016381796727548767,0.0071601107956709336,0.10322313193077003,0.006311892045400052,0.15296921960824955,0.5B,16384
14,0,lenshift_16384,lenshift,9649,9.174609562020384,13.407585006435852,21.473513580101876,1.6125559527313846,25.408711219180365,6.0399620336061535,0.77817483688672,8.832963178953111,0.0799154562260309,-6.6983652114868235,38.65972450375556,8.617937788555662e-09,0.9999999999989999,0.06666666666666667,0.6398160628049865,2.935071065029029,0.9933494690996604,0.720037504898532,0.9037916652376884,0.956531966169407,0.11119121313095093,0.07226908206939697,0.2680377791509741,0.6846734632035976,0.056735379957652626,0.04229748704543081,0.026012964677060192,0.016162728231871093,0.011109785657379545,0.0058280961457028106,0.026486122389313277,0.10125401596020313,0.021325553619191247,0.15100010363768265,0.5B,16384
14,1,lenshift_16384,lenshift,9649,9.174609562020384,27.121582000482434,21.473513580101876,1.6125559527313846,25.408711219180365,6.0399620336061535,0.77817483688672,8.832963178953111,0.0799154562260309,-24.65493611728445,43.034352450467196,8.617937139534894e-09,0.9999999999989999,0.06666666666666667,0.5600951937688033,0.45830466836949846,0.999811018578531,0.9942027204897097,0.9976892232818086,0.9986788554075202,0.0026161670684814453,0.1402883529663086,0.07421230437949507,0.9235407591556369,0.0005800204493724434,0.0002989326808625189,9.337548413406303e-05,2.972496907094423e-05,1.2386910104551203e-05,3.0799345202960094e-06,0.00039771032210413895,0.10125401596020313,0.00029835555066894375,0.15100010363768265,0.5B,16384
14,2,lenshift_16384,lenshift,9649,9.174609562020384,15.981056711686225,21.473513580101876,1.6125559527313846,25.408711219180365,6.0399620336061535,0.77817483688672,8.832963178953111,0.0799154562260309,-2.044396344353167,49.637722213040384,8.617937134099564e-09,0.9999999999989999,0.06666666666666667,0.7486646822226859,2.3928701722495886,0.9988863935510566,0.8185180398617753,0.9763928562852561,0.9963147285088034,0.2588644027709961,0.3717457056045532,0.21607028217548643,0.779908915587094,0.0032197651406063055,0.00227628856015078,0.0012006758831972985,0.0006049431278748874,0.0003617517292649028,0.0001518631894564386,0.0012585627181598384,0.10125401596020313,0.0008192038954240525,0.15100010363768265,0.5B,16384
14,3,lenshift_16384,lenshift,9649,9.174609562020384,14.660534348403349,21.473513580101876,1.6125559527313846,25.408711219180365,6.0399620336061535,0.77817483688672,8.832963178953111,0.0799154562260309,-28.594506978988647,38.61735564999981,8.61793822130406e-09,0.9999999999989999,0.06666666666666667,0.6532430447368085,1.3634692211563229,0.9927414116960586,0.9043280678688731,0.9383609488656459,0.9554750868503578,0.22474509477615356,0.06427574157714844,0.8024010832154274,0.13924383012566294,0.18550030742266888,0.1449971862526652,0.09114367828272107,0.05704227674858881,0.03977366820987903,0.02223889814512865,0.1698785480564888,0.10125401596020313,0.13163359137253974,0.15100010363768265,0.5B,16384
14,4,lenshift_16384,lenshift,9649,9.174609562020384,16.905378853468857,21.473513580101876,1.6125559527313846,25.408711219180365,6.0399620336061535,0.77817483688672,8.832963178953111,0.0799154562260309,-16.679043931119583,48.54960538511959,8.617937134114091e-09,0.9999999999989999,0.06666666666666667,0.7754916956109238,1.8822830781818973,0.9994769634686232,0.9681787384941521,0.9954030493738251,0.9996343935034007,0.8170193731784821,0.07163625955581665,0.32037218414490654,0.6730973925442151,0.00015455328368823735,0.0001000232748863931,5.011342947438303e-05,2.596383554542016e-05,1.6063584866768774e-05,7.352150530650045e-06,0.001916788121489715,0.10125401596020313,0.0019086904455817768,0.15100010363768265,0.5B,16384
14,5,lenshift_16384,lenshift,9649,9.174609562020384,14.100038109488592,21.473513580101876,1.6125559527313846,25.408711219180365,6.0399620336061535,0.77817483688672,8.832963178953111,0.0799154562260309,5.727513853241412,48.662641014684645,8.617937134111777e-09,0.9999999999989999,0.06666666666666667,0.5949205947115054,2.1727085007240636,0.9976375610556184,0.8773384074174204,0.9714102395907852,0.9818999055916003,0.09551268815994263,0.22019457817077637,0.015476544475016455,0.9387556848429582,0.01669115998047815,0.011699637524651382,0.006564050293517551,0.0036073236526873048,0.002272835883953856,0.0010576319048509319,0.03541020590410784,0.10125401596020313,0.010744379156194353,0.15100010363768265,0.5B,16384
14,6,lenshift_16384,lenshift,9649,9.174609562020384,14.744074229208282,21.473513580101876,1.6125559527313846,25.408711219180365,6.0399620336061535,0.77817483688672,8.832963178953111,0.0799154562260309,-14.867628399063566,56.01695564114283,8.617937134092197e-09,0.9999999999989999,0.06666666666666667,0.749152729477868,1.9184454333780736,0.9991998497173835,0.909128454376678,0.9883327630012066,0.997333989819153,0.6212992966175079,0.22089505195617676,0.5063494226377444,0.48815958485086103,0.0031707539426385407,0.0021315990655306686,0.0012226072662194262,0.0007062757694788326,0.0004737222877210434,0.00023950675998721336,0.003967474478992977,0.10125401596020313,0.003487065381139573,0.15100010363768265,0.5B,16384
14,7,lenshift_16384,lenshift,9649,9.174609562020384,16.831214479507377,18.69013090101074,1.3697338673025183,22.34830962921091,6.091425208198674,1.0113221646577708,9.732835505390794,0.1231778161795566,30.610029991935274,55.97222284622052,8.617937134092199e-09,0.9999999999989999,0.06666666666666667,0.7847017702336004,2.453305234123156,0.9987734416867097,0.8191501008028028,0.9813840347445679,0.9950940718901111,0.22448000311851501,0.012074649333953857,0.0773998082342281,0.9145814197326986,0.002800938910490939,0.0018771126521413364,0.000993704556366451,0.0005021651621850111,0.00029079288184553665,0.00012094599604741514,0.0017454286455308328,0.10125401596020313,0.001295727142029165,0.15100010363768265,0.5B,16384
14,8,lenshift_16384,lenshift,9649,9.174609562020384,13.52308941927021,18.69013090101074,1.3697338673025183,22.34830962921091,6.091425208198674,1.0113221646577708,9.732835505390794,0.1231778161795566,13.528469064656424,23.214303644059004,1.061804208000336e-08,0.9999999999161759,0.06666666666666667,0.8795106194926999,3.678425244550567,0.9706879686659219,0.6352133462856027,0.7631017721981321,0.8320698367776225,0.10747760534286499,0.3157992362976074,0.3369539036998268,0.45368010829800315,0.141875647837092,0.11448893950145768,0.0847753008869896,0.0610179033568022,0.046844506814958754,0.029249999744119782,0.09644257270401725,0.10125401596020313,0.08266435433801958,0.15100010363768265,0.5B,16384
14,9,lenshift_16384,lenshift,9649,9.174609562020384,15.327406827043491,18.69013090101074,1.3697338673025183,22.34830962921091,6.091425208198674,1.0113221646577708,9.732835505390794,0.1231778161795566,25.717686730272618,20.109917946111892,4.759105981631168e-08,0.9999999981523966,0.03333333333333333,0.8219343841545583,3.363040031786155,0.9962971136660369,0.6460602627634755,0.8089606168213381,0.9134766076642283,0.07987792789936066,0.0006308853626251221,0.08332548066856316,0.603211830885076,0.01524898225837516,0.008925086762333978,0.0047437055228532095,0.0023955727472722023,0.0013737098977790279,0.0005087036851249713,0.013127507630553122,0.10322313193077003,0.009677268923773727,0.15100010363768265,0.5B,16384
14,10,lenshift_16384,lenshift,9649,9.174609562020384,36.3917798800433,18.69013090101074,1.3697338673025183,22.34830962921091,6.091425208198674,1.0113221646577708,9.732835505390794,0.1231778161795566,17.692809048820948,55.271052974988436,8.617937134092212e-09,0.9999999999989999,0.06666666666666667,0.5531137891271999,0.323767473125245,0.9998546763139097,0.9972686053516064,0.998690508023181,0.9994244524456535,0.2323576807975769,0.034821152687072754,0.027268239874457065,0.9705636998679352,0.00012945572436922674,4.5754706688901946e-05,1.0093769059596434e-05,2.3986553847205603e-06,8.073985953954209e-07,1.4096010934612224e-07,0.0010050976212646733,0.10125401596020313,0.000812790512410896,0.15100010363768265,0.5B,16384
14,11,lenshift_16384,lenshift,9649,9.174609562020384,18.042476471039528,18.69013090101074,1.3697338673025183,22.34830962921091,6.091425208198674,1.0113221646577708,9.732835505390794,0.1231778161795566,37.018562849830175,41.48406622644774,8.617937159742148e-09,0.9999999999989999,0.06666666666666667,0.7417044266545832,2.3172395473196286,0.9991160760854482,0.8337786060885326,0.9658265081451082,0.9979794677134409,0.4373964536935091,0.3251503109931946,0.03301818007465241,0.9073906792519721,0.0003784191963191167,0.0002458978894382828,0.00010863304452528026,4.1285934573575865e-05,1.900742600073169e-05,5.771904849299815e-06,0.0004763014447712889,0.10125401596020313,0.000427922389824247,0.15100010363768265,0.5B,16384
14,12,lenshift_16384,lenshift,9649,9.174609562020384,13.439594112278185,18.69013090101074,1.3697338673025183,22.34830962921091,6.091425208198674,1.0113221646577708,9.732835505390794,0.1231778161795566,14.103543526986066,16.253059646636864,1.5160869797915587e-06,0.9999999126242706,0.06666666666666667,0.8128403325469511,3.5387211388885955,0.99178603343397,0.6032623699001505,0.7801465393714119,0.8770902540997532,0.10899418592453003,0.23972570896148682,0.11965046957277668,0.556272419137057,0.06345148143455302,0.04052222318778889,0.01905332036780826,0.008860168083058501,0.005065036400186043,0.00213998988983918,0.05729215212239315,0.10125401596020313,0.04536237394962984,0.15100010363768265,0.5B,16384
14,13,lenshift_16384,lenshift,9649,9.174609562020384,12.855263482642595,18.69013090101074,1.3697338673025183,22.34830962921091,6.091425208198674,1.0113221646577708,9.732835505390794,0.1231778161795566,14.007376814589787,32.691913871423296,8.618173296299739e-09,0.9999999999989915,0.06666666666666667,0.8173866522230178,4.278834183398832,0.9716294845347905,0.5802862114365928,0.7115214011854274,0.7681756891372384,0.43558722734451294,0.3180564343929291,0.0908749212567895,0.608235917235273,0.16072283210731075,0.11534455453363143,0.07013477239747974,0.041709762714703995,0.026998253705780226,0.013139494454929993,0.13305948540919024,0.10125401596020313,0.10137455197732344,0.15100010363768265,0.5B,16384
15,0,lenshift_16384,lenshift,9649,9.174609562020384,19.580179723537867,20.35555019992117,1.0975648395774933,22.81457164483138,8.525722941223027,0.6658865811938967,10.0238525339264,0.06892728319668111,-10.247457609457136,40.70741880224907,8.61793718986599e-09,0.9999999999989999,0.06666666666666667,0.3746703703613868,2.673740996772136,0.9957193117032844,0.801154743929144,0.9592314726350705,0.9736250342831035,0.24199193716049194,0.1395249366760254,0.2721929277435904,0.7025084305718886,0.05388041286031154,0.042502925500853925,0.026809434354441625,0.015031167100170006,0.008864369215452908,0.0033352693106974227,0.024147861913457674,0.10125401596020313,0.015477149121261097,0.15100010363768265,0.5B,16384
15,1,lenshift_16384,lenshift,9649,9.174609562020384,16.74619023744848,20.35555019992117,1.0975648395774933,22.81457164483138,8.525722941223027,0.6658865811938967,10.0238525339264,0.06892728319668111,-32.040138440973614,40.30551968557548,8.617937217445528e-09,0.9999999999989999,0.06666666666666667,0.3519405178089038,1.4037691162371249,0.99805647239875,0.9627142167630359,0.9799489580782984,0.9863022942381576,0.18631935119628906,0.06175351142883301,0.5098792936623633,0.4709260736805303,0.023739615128913413,0.01793547401938041,0.010643563924755758,0.0060854104125138055,0.0038741464086862343,0.0017689692495889173,0.023289032124294347,0.10125401596020313,0.01970249669773416,0.15100010363768265,0.5B,16384
15,2,lenshift_16384,lenshift,9649,9.174609562020384,31.570230871414577,20.35555019992117,1.0975648395774933,22.81457164483138,8.525722941223027,0.6658865811938967,10.0238525339264,0.06892728319668111,-58.92886504004983,41.17208370719763,8.61793716914548e-09,0.9999999999989999,0.06666666666666667,0.33281889686680205,1.1624340507751216,0.9996647496294012,0.9898970315851161,0.9933819342276272,0.9958444567644272,0.24549853801727295,0.04213273525238037,0.26862779793153324,0.7175097628321873,0.0019696077378671805,0.0007242799686441758,0.0001383486737378154,2.136662021038588e-05,5.2874505183457276e-06,5.45584268014854e-07,0.0013531515029801874,0.10125401596020313,0.0009218676719992062,0.15100010363768265,0.5B,16384
15,3,lenshift_16384,lenshift,9649,9.174609562020384,21.056524007672635,20.35555019992117,1.0975648395774933,22.81457164483138,8.525722941223027,0.6658865811938967,10.0238525339264,0.06892728319668111,-22.14668714298921,51.79910272316022,8.617937134093142e-09,0.9999999999989999,0.06666666666666667,0.36849043156842054,1.7498425223457166,0.9993181668615854,0.9564751622245939,0.9914858694917807,0.9961299767588462,0.21683013439178467,0.07695937156677246,0.474138537069448,0.5215227103522858,0.005927726492361549,0.003825876808627497,0.0016357851243199854,0.000658968195642384,0.0003325129260048679,0.00011090258186307738,0.0014917660052995983,0.10125401596020313,0.0007708337078348387,0.15100010363768265,0.5B,16384
15,4,lenshift_16384,lenshift,9649,9.174609562020384,21.792667477773666,20.35555019992117,1.0975648395774933,22.81457164483138,8.525722941223027,0.6658865811938967,10.0238525339264,0.06892728319668111,-13.020429386812093,48.07160825369989,8.617937134127516e-09,0.9999999999989999,0.06666666666666667,0.39271145987388445,2.0826974764359867,0.9991984759518707,0.886192327585991,0.9802907020826936,0.996872878561255,0.08480668067932129,0.4509313106536865,0.4479455651552239,0.549337231646889,0.0030323428901858933,0.0017544783496401995,0.0007187175897466701,0.0002948480545432074,0.00014712888498855144,4.7298790570311405e-05,0.0006407158886870314,0.10125401596020313,0.0004005810192822103,0.15100010363768265,0.5B,16384
15,5,lenshift_16384,lenshift,9649,9.174609562020384,20.115540603335013,20.35555019992117,1.0975648395774933,22.81457164483138,8.525722941223027,0.6658865811938967,10.0238525339264,0.06892728319668111,-26.301941759446088,33.6213850718649,8.618006446494158e-09,0.9999999999989975,0.06666666666666667,0.38489224424193264,1.4988476535249278,0.9988138916628042,0.9404847880562632,0.9779129697361344,0.9886660017910233,0.23104500770568848,0.012822628021240234,0.663512379793655,0.32436819806878725,0.02358695844229215,0.01564844093751724,0.007512722510648532,0.0034132159349093403,0.0019130839425875743,0.0007507401293061868,0.006791163793247026,0.10125401596020313,0.0041815922433233715,0.15100010363768265,0.5B,16384
15,6,lenshift_16384,lenshift,9649,9.174609562020384,16.662908710412957,20.35555019992117,1.0975648395774933,22.81457164483138,8.525722941223027,0.6658865811938967,10.0238525339264,0.06892728319668111,-3.275484716191013,26.25122871189652,8.726121254785152e-09,0.9999999999949396,0.06666666666666667,0.4143960170900936,3.8676951924953595,0.9776551388452758,0.6401805624471214,0.772034363985769,0.8287602351017532,0.06362354755401611,0.006023317575454712,0.0998236692794254,0.6802619339355148,0.21298269586605986,0.16631595169122304,0.10627463111783425,0.06509319370387757,0.04399405102039375,0.023510206379140745,0.12533773236572826,0.10322313193077003,0.10124589878775231,0.15100010363768265,0.5B,16384
15,7,lenshift_16384,lenshift,9649,9.174609562020384,13.530140937038002,17.54394538510202,1.1339046793306702,21.854677434509714,6.349149340617399,0.8711729494238725,8.942107258347775,0.12832464957972695,1.9567750481998232,34.53500700128429,8.61796896212579e-09,0.9999999999989986,0.06666666666666667,0.8425319219408642,4.340050660059768,0.9374946339969303,0.5983092007742726,0.7641226714679719,0.7864263265526117,0.020940683782100677,0.1292022466659546,0.09823454562565537,0.685730225522585,0.2801752005999838,0.2444797772000265,0.18354343444841542,0.12946737620435106,0.09781181073944893,0.059337604848563624,0.1848730345336069,0.10125401596020313,0.1515579683943517,0.15100010363768265,0.5B,16384
15,8,lenshift_16384,lenshift,9649,9.174609562020384,16.164896684456416,17.54394538510202,1.1339046793306702,21.854677434509714,6.349149340617399,0.8711729494238725,8.942107258347775,0.12832464957972695,2.3736495603533214,32.55910100645439,8.618144677087841e-09,0.9999999999989924,0.06666666666666667,0.8785328658206171,4.035618919254432,0.9548857711338486,0.6734086031679498,0.786444550284105,0.8169826321657607,0.48463165760040283,0.174483522772789,0.11455483200475755,0.6941460565905588,0.2061961568899728,0.17479317691851703,0.1257863343623361,0.08521485355160367,0.062479875429688074,0.0366366241974797,0.14134880517329296,0.10125401596020313,0.11843953963358103,0.15100010363768265,0.5B,16384
15,9,lenshift_16384,lenshift,9649,9.174609562020384,16.647969397305925,17.54394538510202,1.1339046793306702,21.854677434509714,6.349149340617399,0.8711729494238725,8.942107258347775,0.12832464957972695,16.023823973010572,51.0419352950857,8.617937134095109e-09,0.9999999999989999,0.06666666666666667,0.8634160060628991,2.299138594843741,0.9949954059388195,0.906023467927565,0.9706886700599592,0.9772218366040752,0.24561939993873239,1.0728795230388641,0.01871800145063671,0.9558308450810418,0.020132182115041832,0.01656942794422921,0.01169114637227604,0.007853766843681508,0.005695109099324737,0.003194644892269689,0.012630290286374567,0.10125401596020313,0.010763689338927603,0.15100010363768265,0.5B,16384
15,10,lenshift_16384,lenshift,9649,9.174609562020384,15.571308217077236,17.54394538510202,1.1339046793306702,21.854677434509714,6.349149340617399,0.8711729494238725,8.942107258347775,0.12832464957972695,-9.122993181733527,19.93541966816958,5.463918017650091e-08,0.9999999978003384,0.06666666666666667,0.8633206426891344,3.5521903570085467,0.9676591602530901,0.6572779894275451,0.7626661341796291,0.8234911757763425,0.013648450374603271,0.4208686426281929,0.42852844220339126,0.351405268249368,0.28386375359115806,0.23003294648546957,0.15378359616085116,0.09840218756506568,0.0682497338502812,0.03577933434054813,0.16804355329227214,0.10125401596020313,0.13106245918188866,0.15100010363768265,0.5B,16384
15,11,lenshift_16384,lenshift,9649,9.174609562020384,15.902286622703349,17.54394538510202,1.1339046793306702,21.854677434509714,6.349149340617399,0.8711729494238725,8.942107258347775,0.12832464957972695,8.636489559841522,26.20799741593126,8.728306052589467e-09,0.9999999999948503,0.06666666666666667,0.8640448589994048,3.1063291680662006,0.9908583579125423,0.7550908691619114,0.88877671330814,0.9350599856026597,0.24919644882902503,0.07876202464103699,0.0719253310907039,0.8276662759221636,0.042372277581414534,0.03391864753949092,0.02259443814788835,0.01413868757367024,0.009526729550715563,0.0047947915486121935,0.031246330242192623,0.10125401596020313,0.026546684664983503,0.15100010363768265,0.5B,16384
15,12,lenshift_16384,lenshift,9649,9.174609562020384,15.033802426428288,17.54394538510202,1.1339046793306702,21.854677434509714,6.349149340617399,0.8711729494238725,8.942107258347775,0.12832464957972695,-9.498335187049477,20.027922456892313,5.999971750119906e-08,0.9999999975867984,0.03333333333333333,0.8979041806219771,5.3681128350765706,0.9055322124413613,0.42773377988614397,0.5161405520540254,0.5913643254148414,0.023837044835090637,0.27204233407974243,0.23458325589604756,0.26449125396790146,0.4983723066459515,0.41651968680353335,0.28568600582174253,0.18383322892886642,0.13057647082887666,0.07284387820672464,0.3625840125574192,0.10322313193077003,0.29203982315112714,0.15296921960824955,0.5B,16384
15,13,lenshift_16384,lenshift,9649,9.174609562020384,16.674612061936454,17.54394538510202,1.1339046793306702,21.854677434509714,6.349149340617399,0.8711729494238725,8.942107258347775,0.12832464957972695,18.550213880398715,45.483466375413755,8.617937134562933e-09,0.9999999999989999,0.06666666666666667,0.8188655186386745,3.0208939392548837,0.989218569340769,0.7486061069822015,0.9220353097575279,0.9460714513426086,0.06141450256109238,0.024470269680023193,0.02719244819658112,0.9116006423147988,0.0497507531791892,0.04208872459013976,0.02959047501295212,0.019042012349157863,0.013067706331877597,0.006787721262380527,0.03896847073423793,0.10125401596020313,0.03308165160568331,0.15100010363768265,0.5B,16384
16,0,lenshift_16384,lenshift,9649,9.174609562020384,21.948671730938667,29.051699167827696,2.227005376586101,35.48914534630035,5.712138090380395,0.5813365217607936,9.038336610950132,0.13123323192084702,31.751930552370425,64.91084574053394,8.617937134092186e-09,0.9999999999989999,0.06666666666666667,0.7969932490523377,1.193089526128797,0.999670016001562,0.9854878686388904,0.9952324597975692,0.9975628305929748,0.45908117294311523,0.07366591691970825,0.024520323591902878,0.9714521888222285,0.0008263929903108014,0.0003197315448412792,5.9215970970009475e-05,1.1337740688172471e-05,2.8154892120192486e-06,2.1477534953462103e-07,0.0008472214955996835,0.10125401596020313,0.0005389485955041574,0.15100010363768265,0.5B,16384
16,1,lenshift_16384,lenshift,9649,9.174609562020384,19.306984256219792,29.051699167827696,2.227005376586101,35.48914534630035,5.712138090380395,0.5813365217607936,9.038336610950132,0.13123323192084702,-42.134487886491115,7.765411799592961,0.0037482028899873685,0.9995737538508065,0.03333333333333333,0.8865055784743159,0.08441464702888626,0.9998838219210128,0.9978306553133721,0.9992188143020245,0.999804740901813,0.16764575242996216,0.01230362057685852,0.9898407451530821,0.0004974686933078816,0.0002821605574961868,9.87029513307424e-05,1.767167957060923e-05,5.132049007850634e-06,2.0201953231000475e-06,4.2801788495935364e-07,0.001654889587788986,0.10322313193077003,0.001635325574114096,0.15100010363768265,0.5B,16384
16,2,lenshift_16384,lenshift,9649,9.174609562020384,21.772542736295907,29.051699167827696,2.227005376586101,35.48914534630035,5.712138090380395,0.5813365217607936,9.038336610950132,0.13123323192084702,11.732143051484059,68.00914749599008,8.617937134092186e-09,0.9999999999989999,0.06666666666666667,0.867332980509974,1.4078113701393766,0.9996717414165321,0.9852372779071735,0.9982389790442165,0.9995623060431277,0.10586291551589966,0.04053806886076927,0.4854797935611404,0.5111322773108085,8.291893824734841e-05,2.8408586940795947e-05,4.8826401424117476e-06,8.829350508300914e-07,2.8759211715860295e-07,4.9910972069316856e-08,0.0008203422317797017,0.10125401596020313,0.0007816658224325986,0.15100010363768265,0.5B,16384
16,3,lenshift_16384,lenshift,9649,9.174609562020384,20.199232307994617,29.051699167827696,2.227005376586101,35.48914534630035,5.712138090380395,0.5813365217607936,9.038336610950132,0.13123323192084702,-13.07868104822495,23.281281431917762,1.101584874769281e-08,0.99999999990114,0.03333333333333333,0.8571926534636812,0.6867324383379456,0.9996589350153333,0.9548375839733301,0.9780674791755213,0.9928096518142713,0.17369508743286133,0.09665548801422119,0.8916219242505111,0.049691488174267884,0.005133778342052528,0.0008900040577414595,0.00018394941475867964,5.165733121293638e-05,1.9472658484104506e-05,3.393668691613805e-06,0.015929687206308232,0.10125401596020313,0.015817796413780377,0.15100010363768265,0.5B,16384
16,4,lenshift_16384,lenshift,9649,9.174609562020384,20.71193829639835,29.051699167827696,2.227005376586101,35.48914534630035,5.712138090380395,0.5813365217607936,9.038336610950132,0.13123323192084702,-24.875722790465623,13.203348702771656,2.6205417453567212e-05,0.999998155587953,0.03333333333333333,0.8817744957456928,0.14920643488572805,0.999869321896449,0.9953800106905027,0.9984442398313795,0.9996559217721176,0.43450719118118286,0.1566394567489624,0.9813199620797821,0.009297442385288394,0.0009555867284824368,0.00027456008831302917,5.025601696996417e-05,8.041934140646688e-06,2.508999797382518e-06,5.286088439853421e-07,0.01103594392552198,0.10125401596020313,0.010882649360434413,0.15100010363768265,0.5B,16384
16,5,lenshift_16384,lenshift,9649,9.174609562020384,23.09930246319724,29.051699167827696,2.227005376586101,35.48914534630035,5.712138090380395,0.5813365217607936,9.038336610950132,0.13123323192084702,18.914860781501332,50.035876415889064,8.617937134097139e-09,0.9999999999989999,0.06666666666666667,0.8068731742138744,1.1655502061106449,0.9996373939193637,0.944496151587143,0.9870873535945087,0.9991357574104465,0.005321979522705078,0.2072618007659912,0.7502003312670389,0.24796914724474825,0.00045937816796252874,0.0001453678010616554,2.4973436641792503e-05,4.8672343369021475e-06,1.5229279884372644e-06,2.5055516101080143e-07,0.00011299089500894688,0.10125401596020313,6.708365538198877e-05,0.15100010363768265,0.5B,16384
16,6,lenshift_16384,lenshift,9649,9.174609562020384,19.329109604719694,29.051699167827696,2.227005376586101,35.48914534630035,5.712138090380395,0.5813365217607936,9.038336610950132,0.13123323192084702,8.39443448010612,60.140433399581944,8.617937134092186e-09,0.9999999999989999,0.06666666666666667,0.8533104919163812,1.5013026895432813,0.9996261264960172,0.9869789506191522,0.9985186614412609,0.9993930613461964,0.1701672077178955,1.2320435047149658,0.22399544318505224,0.7738271752355947,0.00023223549205287651,9.26676033969521e-05,1.8085752137359607e-05,4.271935045572831e-06,1.8073173490199887e-06,4.2865781195801944e-07,0.0002311154254951661,0.10125401596020313,0.00017337021044885504,0.15100010363768265,0.5B,16384
16,7,lenshift_16384,lenshift,9649,9.174609562020384,14.579412161889946,27.152715180255637,1.9262897548866338,33.553352547892146,6.48433766737194,1.5114577670749874,11.476197743316074,0.3891912642748206,-5.288696881602796,41.74519555957436,8.617937154374181e-09,0.9999999999989999,0.03333333333333333,0.775252364996494,1.7648587391308193,0.998127663040983,0.9184535636071105,0.9624051953548646,0.979703416230187,0.40965554118156433,0.30360177159309387,0.6059654717909897,0.33314803955411476,0.01958366262017806,0.013006722743428817,0.006343025123035244,0.00283403360769681,0.0015924210279187909,0.0005988699013998228,0.03466885264887937,0.10125401596020313,0.03081424681245528,0.15100010363768265,0.5B,16384
16,8,lenshift_16384,lenshift,9649,9.174609562020384,17.327495656826134,27.152715180255637,1.9262897548866338,33.553352547892146,6.48433766737194,1.5114577670749874,11.476197743316074,0.3891912642748206,-12.980287485262902,51.98914896373584,8.617937134092887e-09,0.9999999999989999,0.06666666666666667,0.8192095611452176,0.11706711083207125,0.9998704238262297,0.9964846364925263,0.999374024619754,0.999807281834736,0.12032568454742432,0.1946859359741211,0.9849552291764911,0.014738036474010126,0.0006853789550432342,0.0004255167349784457,0.00018767228683854923,8.485509672843087e-05,4.618999380278927e-05,1.7663670963256912e-05,0.0005716044645735406,0.10125401596020313,0.0004386034028288152,0.15100010363768265,0.5B,16384
16,9,lenshift_16384,lenshift,9649,9.174609562020384,12.684147784788868,27.152715180255637,1.9262897548866338,33.553352547892146,6.48433766737194,1.5114577670749874,11.476197743316074,0.3891912642748206,-37.00713476713964,3.8942697825773323,0.11300976325119641,0.9779386134185406,0.03333333333333333,0.8354096145222308,0.26828443108980105,0.9996399544180339,0.980470040829986,0.9875141058444565,0.9936430254394221,0.008761048316955566,0.0409732460975647,0.968950913719863,0.006758386926151559,0.01213030028919425,0.006112505579101135,0.003246263836051932,0.0016784699758847495,0.0010405827397282068,0.00044294114353218513,0.004858607818756606,0.10322313193077003,0.003783040992079951,0.15296921960824955,0.5B,16384
16,10,lenshift_16384,lenshift,9649,9.174609562020384,17.09067376088496,27.152715180255637,1.9262897548866338,33.553352547892146,6.48433766737194,1.5114577670749874,11.476197743316074,0.3891912642748206,2.230717757168957,51.46802680325861,8.617937134093852e-09,0.9999999999989999,0.06666666666666667,0.7851154307996486,0.8802428884040764,0.9996751907180206,0.9716834087075705,0.9936805533759145,0.9976676027630439,0.05649423599243164,0.32763516902923584,0.8060593852000628,0.1909700614440072,0.0027882838854612164,0.0016118935658931929,0.0006036183151904154,0.0001852559810441141,7.848320358099626e-05,1.673860824593003e-05,0.0006594069046073628,0.10125401596020313,0.00022215793615065643,0.15100010363768265,0.5B,16384
16,11,lenshift_16384,lenshift,9649,9.174609562020384,19.205435307382892,27.152715180255637,1.9262897548866338,33.553352547892146,6.48433766737194,1.5114577670749874,11.476197743316074,0.3891912642748206,29.44661165686213,63.66904644580447,8.617937134092186e-09,0.9999999999989999,0.06666666666666667,0.7298939651403128,2.1022920634698115,0.9993530374884462,0.9361146899442839,0.9967198625476908,0.9995134684888857,1.1238532066345215,1.8440955877304077,0.09765869410321615,0.9019259922686969,7.645226385462228e-05,2.2227810401351043e-05,3.643652618523941e-06,8.113901273940382e-07,2.7105413056026627e-07,5.32422757020515e-08,4.1818376511296585e-06,0.10125401596020313,2.048821994266203e-06,0.15100010363768265,0.5B,16384
16,12,lenshift_16384,lenshift,9649,9.174609562020384,17.186321030950904,27.152715180255637,1.9262897548866338,33.553352547892146,6.48433766737194,1.5114577670749874,11.476197743316074,0.3891912642748206,-1.7315485898186225,39.96339607426061,8.61793725144821e-09,0.9999999999989999,0.03333333333333333,0.8071457407281117,0.9587698009061061,0.9996971949186149,0.9688585707911411,0.9915046416932969,0.998886983976167,0.6188167184591293,0.12211808562278748,0.8057604177242964,0.1827649341810892,0.0004875180849820271,0.00023463523885577922,5.9177208393398755e-05,1.9556754853267953e-05,9.39442967641238e-06,2.5075250573837448e-06,0.003038768603635805,0.10125401596020313,0.003018154201860425,0.15100010363768265,0.5B,16384
16,13,lenshift_16384,lenshift,9649,9.174609562020384,11.094891234247697,27.152715180255637,1.9262897548866338,33.553352547892146,6.48433766737194,1.5114577670749874,11.476197743316074,0.3891912642748206,4.040082721149233,41.74112890485456,8.61793716470699e-09,0.9999999999989999,0.06666666666666667,0.7903342775036704,3.2030860558841106,0.9844925030764019,0.7155629135817305,0.8303613323608721,0.8708865814027859,0.19486474990844727,0.029582738876342773,0.40540729857146696,0.4538864214422941,0.14061729228953032,0.10295021699684558,0.0587348566712639,0.03216916813379546,0.02003322268044047,0.008895290920983826,0.09212782068401731,0.10125401596020313,0.06901358621962779,0.15100010363768265,0.5B,16384
17,0,lenshift_16384,lenshift,9649,9.174609562020384,17.21368591278935,18.411541539602794,1.2571897409916157,22.36257751690227,6.496705662343867,0.5044284500985066,8.48429449405025,0.03553795428789467,-16.433390631395234,38.82268853954498,8.617937518332592e-09,0.9999999999989999,0.06666666666666667,0.6378513491359815,2.4766226274252303,0.9932333928946172,0.8531625542516861,0.9630250229107613,0.9699560884311831,0.057061612606048584,0.06739339232444763,0.2663840218551189,0.7019441448961494,0.02144897523193349,0.017917094285954123,0.012476630532431905,0.00828694915820616,0.005983653016564647,0.003446828713446828,0.012897593784370746,0.10125401596020313,0.010200593874359443,0.15100010363768265,0.5B,16384
17,1,lenshift_16384,lenshift,9649,9.174609562020384,14.674282213687267,18.411541539602794,1.2571897409916157,22.36257751690227,6.496705662343867,0.5044284500985066,8.48429449405025,0.03553795428789467,-40.352741942686194,19.476098082083112,7.995315078622318e-08,0.999999996515623,0.06666666666666667,0.6524095988431732,0.8661669639005783,0.9956935315792057,0.9453743017082691,0.9689740010042805,0.9807145528178738,0.07246041297912598,0.12124156951904297,0.8787982398749522,0.074973596644006,0.012769763483684,0.010764395951194869,0.00823041668017149,0.006045577824857295,0.004672309114179573,0.0029155950822076166,0.007536586275452293,0.10125401596020313,0.006121977783972616,0.15100010363768265,0.5B,16384
17,2,lenshift_16384,lenshift,9649,9.174609562020384,16.328507161117145,18.411541539602794,1.2571897409916157,22.36257751690227,6.496705662343867,0.5044284500985066,8.48429449405025,0.03553795428789467,-21.387337824877577,16.61698061405845,1.0783225167738203e-06,0.9999999392782456,0.06666666666666667,0.6808964735049643,2.4087812207381774,0.9964042787020884,0.8182883422750072,0.904706343117379,0.9674584689150387,0.2778482437133789,0.12443307042121887,0.46483373476296,0.3338975350014102,0.010189342197953857,0.007580647725006135,0.005255305872288366,0.0036418632216376184,0.002748476461677156,0.0016832311456931783,0.005969259937490443,0.10125401596020313,0.004955358499612657,0.15100010363768265,0.5B,16384
17,3,lenshift_16384,lenshift,9649,9.174609562020384,14.9764650806329,18.411541539602794,1.2571897409916157,22.36257751690227,6.496705662343867,0.5044284500985066,8.48429449405025,0.03553795428789467,-16.980955418418436,34.02643365949831,8.61798346411785e-09,0.9999999999989981,0.06666666666666667,0.7286487119766601,2.1195344344073286,0.9958430337700784,0.8805621338869004,0.9463920741388047,0.969897200979911,0.020350024104118347,0.02999699115753174,0.3733421699777664,0.5936619446715423,0.01761230560663587,0.013151865777400056,0.008188449014505305,0.005132682718892039,0.0034667189736019254,0.0017407145746924353,0.006780247649800095,0.10125401596020313,0.005085808738236778,0.15100010363768265,0.5B,16384
17,4,lenshift_16384,lenshift,9649,9.174609562020384,17.607016501094897,18.411541539602794,1.2571897409916157,22.36257751690227,6.496705662343867,0.5044284500985066,8.48429449405025,0.03553795428789467,-40.89764441111508,18.702345304557483,1.5726747129855102e-07,0.9999999924537327,0.06666666666666667,0.7856289043939059,0.5703513822471952,0.9976590063988242,0.9721322716324138,0.984428926111453,0.991854110840777,0.2661176025867462,0.23621606826782227,0.9217261644309033,0.059692520177480696,0.0065172517095668904,0.005728969235340714,0.004464505712066315,0.0032914274755607774,0.002522094797321509,0.001543594750735186,0.004998864741179406,0.10125401596020313,0.0043780051625136,0.15100010363768265,0.5B,16384
17,5,lenshift_16384,lenshift,9649,9.174609562020384,15.890429854718578,18.411541539602794,1.2571897409916157,22.36257751690227,6.496705662343867,0.5044284500985066,8.48429449405025,0.03553795428789467,-55.00884730675641,13.974090429942251,1.2804829726463647e-05,0.9999991458222057,0.06666666666666667,0.7017830085042969,0.2342964248091583,0.9986034536477281,0.9890342006974403,0.9925611230159664,0.994211699833049,0.06245237588882446,0.2924834191799164,0.9737162182577662,0.018518494780653906,0.004256194315605243,0.0035750589291197728,0.0026367222709030315,0.0018690881829599144,0.0014154646913268282,0.0008731678961898264,0.002466096717074912,0.10125401596020313,0.001937759363923416,0.15100010363768265,0.5B,16384
17,6,lenshift_16384,lenshift,9649,9.174609562020384,18.8588675404616,18.411541539602794,1.2571897409916157,22.36257751690227,6.496705662343867,0.5044284500985066,8.48429449405025,0.03553795428789467,-29.28818825062585,23.237566166899754,1.0573829471057526e-08,0.9999999999180804,0.06666666666666667,0.7933427132077392,1.9235745282184387,0.9993635407641894,0.9438474747502427,0.991164425288295,0.9985834202887379,0.33210714161396027,0.38344806432724,0.3093064388280579,0.3789899161558562,0.0006152547444322749,0.0003950411968681991,0.00019287114891449857,0.00010560123604353923,7.085147685258203e-05,3.730143159709748e-05,0.0005938227402904168,0.10125401596020313,0.0005044383613074017,0.15100010363768265,0.5B,16384
17,7,lenshift_16384,lenshift,9649,9.174609562020384,14.345637220175474,19.436154245439905,0.9797800178705451,22.376707428779234,4.741763098954023,1.047135979700642,9.690569618950096,0.2110785268393439,-34.514732865726245,32.13739783113809,8.618242369561783e-09,0.9999999999989888,0.06666666666666667,0.7507640265093002,1.6454573196651892,0.9944651848233244,0.9252412123447145,0.9557658064660546,0.965363581892417,0.08615100383758545,0.03799080848693848,0.648380505389367,0.3091585224471955,0.03730510041575152,0.027723541158380736,0.01692964634071382,0.010739893273613436,0.007434332625132173,0.003896865813136963,0.035821053580034234,0.10125401596020313,0.030783887293200092,0.15100010363768265,0.5B,16384
17,8,lenshift_16384,lenshift,9649,9.174609562020384,18.638078450079284,19.436154245439905,0.9797800178705451,22.376707428779234,4.741763098954023,1.047135979700642,9.690569618950096,0.2110785268393439,-1.8392503682304806,43.998399186307594,8.617937136167737e-09,0.9999999999989999,0.06666666666666667,0.7273835913099452,1.9964069677732286,0.9951020515893892,0.9212034476459,0.9623048528235572,0.9682056638506367,0.448727490613237,0.15975534915924072,0.016973489395218026,0.9465420431804961,0.021453890050196628,0.01753116194668597,0.010951048220829453,0.006203236459156229,0.003850619245977952,0.0016018461546622913,0.0172564641438784,0.10125401596020313,0.01367792635773961,0.15100010363768265,0.5B,16384
17,9,lenshift_16384,lenshift,9649,9.174609562020384,18.262714994458793,19.436154245439905,0.9797800178705451,22.376707428779234,4.741763098954023,1.047135979700642,9.690569618950096,0.2110785268393439,-32.68638148027309,30.913806499365485,8.618974119725703e-09,0.9999999999989624,0.06666666666666667,0.777307806043921,1.3089087275261642,0.9962479853188485,0.9222753380691245,0.9505153469425219,0.9691739490805715,0.16350388526916504,0.010027885437011719,0.7795247849139493,0.18805657207867826,0.07656361984326594,0.05414417960810819,0.03186011104540588,0.01840893281180244,0.012447728245515169,0.006357962773664621,0.04836073659518544,0.10125401596020313,0.03778440701179825,0.15100010363768265,0.5B,16384
17,10,lenshift_16384,lenshift,9649,9.174609562020384,21.157441149357847,19.436154245439905,0.9797800178705451,22.376707428779234,4.741763098954023,1.047135979700642,9.690569618950096,0.2110785268393439,-26.737889794742365,50.51766761567662,8.617937134097863e-09,0.9999999999989999,0.06666666666666667,0.7617237028524955,1.4874620750639027,0.9985591191469869,0.9396838298675612,0.978481906354319,0.9871845100350155,0.3813364505767822,0.09882152080535889,0.6729414784264829,0.3120719396049384,0.021312048116646224,0.015554296812147457,0.00830373716136803,0.004101316321530521,0.0022465418245764326,0.0007388531685829187,0.01059387115937362,0.10125401596020313,0.0071920440167454955,0.15100010363768265,0.5B,16384
17,11,lenshift_16384,lenshift,9649,9.174609562020384,16.13880691739584,19.436154245439905,0.9797800178705451,22.376707428779234,4.741763098954023,1.047135979700642,9.690569618950096,0.2110785268393439,-28.693124476601085,26.910456357742945,8.746591115961407e-09,0.9999999999942533,0.06666666666666667,0.7715340959124668,3.988286214262076,0.9531083126406835,0.5827213943764847,0.6243927702098026,0.6807467350091783,0.03652143478393555,0.018422625958919525,0.4824209085468864,0.1631171362974841,0.3276493556400498,0.25712908370439863,0.16101246391997445,0.09411877371322905,0.06280461876430851,0.03227767386047911,0.19647436728978301,0.10125401596020313,0.12497037154357227,0.15100010363768265,0.5B,16384
17,12,lenshift_16384,lenshift,9649,9.174609562020384,15.64401338936965,19.436154245439905,0.9797800178705451,22.376707428779234,4.741763098954023,1.047135979700642,9.690569618950096,0.2110785268393439,-29.259263220955354,28.546347329088285,8.629307511406142e-09,0.9999999999985858,0.06666666666666667,0.7306891371634977,2.5333518265147816,0.9902968645666007,0.817289714895213,0.8824839655549449,0.9177015425820487,0.14111724495887756,0.30568206310272217,0.42652128879986323,0.4389267989479631,0.0579160743721827,0.040915556194786776,0.02546105176608972,0.014178344849420724,0.009257528309059657,0.005001309011272308,0.06332473609863389,0.10125401596020313,0.05074268959248726,0.15100010363768265,0.5B,16384
17,13,lenshift_16384,lenshift,9649,9.174609562020384,20.374364475127113,19.436154245439905,0.9797800178705451,22.376707428779234,4.741763098954023,1.047135979700642,9.690569618950096,0.2110785268393439,-38.22139812217038,36.0963647681946,8.617942985030082e-09,0.9999999999989997,0.06666666666666667,0.7719444932104274,0.7321708232062539,0.9992461515966737,0.9794778680558996,0.9900567947510549,0.9947133382106904,0.2731488347053528,0.028360724449157715,0.8561425226585366,0.13809585216430464,0.011942422186299135,0.008621713211052104,0.005466401809741861,0.0032441583234590287,0.0021036038665340627,0.0009822661060154493,0.00494193377340171,0.10125401596020313,0.003668256893833349,0.15100010363768265,0.5B,16384
18,0,lenshift_16384,lenshift,9649,9.174609562020384,18.857607312231526,19.005104648384687,1.0830108930830518,22.073923519754462,6.694036396227195,0.8578016035987713,10.132005193192814,0.03930662579362425,-20.380759817712452,39.2972673080615,8.61793736254767e-09,0.9999999999989999,0.06666666666666667,0.4007806362562412,1.8176278960749677,0.9981456496032204,0.9558119566922053,0.9849365667067166,0.9886166773385935,0.4579625725746155,0.21143236756324768,0.06631039752136711,0.9175171444228996,0.008875549003753988,0.006820020887431693,0.003979392658117296,0.0022749959497934333,0.0014705359926134153,0.000674109630239875,0.008061146619398885,0.10125401596020313,0.0069485506132558605,0.15100010363768265,0.5B,16384
18,1,lenshift_16384,lenshift,9649,9.174609562020384,17.453834531221876,19.005104648384687,1.0830108930830518,22.073923519754462,6.694036396227195,0.8578016035987713,10.132005193192814,0.03930662579362425,-44.85653226866442,17.91754061836229,3.2152915606150963e-07,0.9999999834583282,0.06666666666666667,0.28035370336605614,2.047167874007033,0.9799076531161206,0.825217109439471,0.854938157900594,0.8805245229619051,0.09273937344551086,0.14086270332336426,0.7356322916296977,0.09534541107277889,0.5866407305778805,0.4011546581892187,0.2607416831369194,0.18423313895509374,0.1420741880409698,0.0912517008922156,0.6810670909174134,0.10125401596020313,0.590604063907945,0.15100010363768265,0.5B,16384
18,2,lenshift_16384,lenshift,9649,9.174609562020384,22.414331045632856,19.005104648384687,1.0830108930830518,22.073923519754462,6.694036396227195,0.8578016035987713,10.132005193192814,0.03930662579362425,-22.577287365408523,53.11098457434596,8.617937134092414e-09,0.9999999999989999,0.06666666666666667,0.4837048989664309,1.9756106054906146,0.9982926323628107,0.888279189295993,0.9738544039307234,0.9902344804897735,0.00201493501663208,0.27927166223526,0.4780779443178274,0.5110786181668663,0.013839303257738427,0.010489140755296921,0.006341226040898526,0.0036654962201634667,0.00235517087862342,0.0010923726961465708,0.009646116507498827,0.10125401596020313,0.007270207059106117,0.15100010363768265,0.5B,16384
18,3,lenshift_16384,lenshift,9649,9.174609562020384,25.518043781853777,19.005104648384687,1.0830108930830518,22.073923519754462,6.694036396227195,0.8578016035987713,10.132005193192814,0.03930662579362425,-49.98415694166631,49.42754868637114,8.617937134101814e-09,0.9999999999989999,0.06666666666666667,0.47517495094143464,0.5150268419369786,0.9995643633523824,0.9888556213790909,0.992983694044709,0.9953443325711354,0.2889731228351593,0.08791613578796387,0.9070614705928068,0.08629252858436728,0.02554326407837564,0.016511526209504426,0.007217688746300087,0.0031191344802743754,0.0016420708649780868,0.0005512156426977816,0.016975495008473448,0.10125401596020313,0.011959413509551391,0.15100010363768265,0.5B,16384
18,4,lenshift_16384,lenshift,9649,9.174609562020384,21.612770515604147,19.005104648384687,1.0830108930830518,22.073923519754462,6.694036396227195,0.8578016035987713,10.132005193192814,0.03930662579362425,-19.338864200255436,43.16821186311257,8.617937138853745e-09,0.9999999999989999,0.06666666666666667,0.42577686472685444,2.438702401344274,0.995289453769505,0.875260684174733,0.9586239200672734,0.9703478308669113,0.48226720094680786,0.39113834500312805,0.25396906481909437,0.7111726315017861,0.02874973713697245,0.02288592908216647,0.014446901191605964,0.00857208974934418,0.005636383831713221,0.002715751375473185,0.018555593039206102,0.10125401596020313,0.01504687784849056,0.15100010363768265,0.5B,16384
18,5,lenshift_16384,lenshift,9649,9.174609562020384,22.29431627531307,19.005104648384687,1.0830108930830518,22.073923519754462,6.694036396227195,0.8578016035987713,10.132005193192814,0.03930662579362425,-39.037412797703475,27.545863756249126,8.647576684074556e-09,0.999999999997911,0.06666666666666667,0.36844543958116394,1.2885899478255112,0.9882308117654455,0.907216736240132,0.9374476682655748,0.9447246393203643,0.00461125373840332,0.20024347305297852,0.8333136543897507,0.10866716958724729,0.7281441192695358,0.6023093144580802,0.4268457333205936,0.28947057216689354,0.21203956007608576,0.12012686017787609,0.5307216962631471,0.10125401596020313,0.4409199927882064,0.15100010363768265,0.5B,16384
18,6,lenshift_16384,lenshift,9649,9.174609562020384,19.83000601341079,19.005104648384687,1.0830108930830518,22.073923519754462,6.694036396227195,0.8578016035987713,10.132005193192814,0.03930662579362425,-27.63375480998966,33.53914489539729,8.61801238400097e-09,0.9999999999989972,0.06666666666666667,0.5367410860658035,2.517947556631781,0.9799078690572484,0.8196170289287567,0.869989777666915,0.8927145844586899,0.0668384525924921,0.20280872285366058,0.5386796953489557,0.3435405438423109,0.23740532407927256,0.18761954791718957,0.12160033715398622,0.07812927351590372,0.05526562885510265,0.03070530051310542,0.2019172488867082,0.10125401596020313,0.16430615101543888,0.15100010363768265,0.5B,16384
18,7,lenshift_16384,lenshift,9649,9.174609562020384,16.683582455062528,18.586942388211774,0.9423748871696517,21.433567097853963,3.5923498349248395,0.6822688365537528,10.669609880852459,0.1768840838534103,-2.7104804936577267,49.3396416956778,8.617937134102894e-09,0.9999999999989999,0.06666666666666667,0.8916964135680875,1.7871449987850074,0.9970506542453519,0.9403987303101817,0.9750654522228276,0.9847327285824704,0.7766070365905762,0.19518768787384033,0.298669018892808,0.682867220126395,0.013709932081474622,0.011107890234799668,0.0074322550845831135,0.004735846117206117,0.003284533020521399,0.0017309904410116458,0.008048443229412932,0.10125401596020313,0.006184938500796192,0.15100010363768265,0.5B,16384
18,8,lenshift_16384,lenshift,9649,9.174609562020384,18.103165748154574,18.586942388211774,0.9423748871696517,21.433567097853963,3.5923498349248395,0.6822688365537528,10.669609880852459,0.1768840838534103,-0.6582537784295965,47.22427114359486,8.617937134174629e-09,0.9999999999989999,0.06666666666666667,0.8574139408301469,2.0187539423094796,0.9987469325018695,0.9066069557094673,0.9823404023877169,0.9922805142358537,0.1886696219444275,0.31226634979248047,0.42432366503216645,0.5653504964574808,0.00701093673102504,0.00483448970624927,0.002689480545844263,0.001436516431428996,0.0008920985931620006,0.00041062660938894933,0.003359704510904164,0.10125401596020313,0.0023646524183503076,0.15100010363768265,0.5B,16384
18,9,lenshift_16384,lenshift,9649,9.174609562020384,15.961143654767701,18.586942388211774,0.9423748871696517,21.433567097853963,3.5923498349248395,0.6822688365537528,10.669609880852459,0.1768840838534103,1.7215030614067501,39.46089336973519,8.617937328702394e-09,0.9999999999989999,0.06666666666666667,0.7930696251190482,1.9442076173401242,0.9881860700130246,0.8739354225120902,0.9341065609100638,0.9478625730229626,0.11897361278533936,0.10551881790161133,0.1349556011576151,0.8105797339093063,0.048253131251853536,0.0412508116595321,0.02972910704329706,0.019994461796911254,0.014203872380094953,0.007790728511367999,0.03457202462816779,0.10125401596020313,0.028630645884065147,0.15100010363768265,0.5B,16384
18,10,lenshift_16384,lenshift,9649,9.174609562020384,16.350408931672444,18.586942388211774,0.9423748871696517,21.433567097853963,3.5923498349248395,0.6822688365537528,10.669609880852459,0.1768840838534103,-0.4921650325550786,27.73940224493066,8.642412264715158e-09,0.9999999999981026,0.06666666666666667,0.8566254706462011,2.7708309509654425,0.9902739488604427,0.8211308144180602,0.9001664925926423,0.9363577882585391,0.6164016723632812,0.3554074764251709,0.3259553676337532,0.5791573041147386,0.06377647559240415,0.05049492633535094,0.032577375659645316,0.01944216566054419,0.012962912180537727,0.006316002422135286,0.04401471859232908,0.10125401596020313,0.035441947890538075,0.15100010363768265,0.5B,16384
18,11,lenshift_16384,lenshift,9649,9.174609562020384,18.899855839214833,18.586942388211774,0.9423748871696517,21.433567097853963,3.5923498349248395,0.6822688365537528,10.669609880852459,0.1768840838534103,19.81698681326473,57.85314732283244,8.617937134092187e-09,0.9999999999989999,0.06666666666666667,0.862523653282882,2.3992842749831946,0.9983364194423027,0.8791653214126208,0.9739912858854164,0.9897671458600368,0.5401824712753296,0.017291545867919922,0.06536827377138729,0.9222347870005363,0.005980295269000488,0.004445293209142576,0.002398108822817591,0.001202123726437737,0.0006942271336612332,0.0002621523544807479,0.0035491229737499444,0.10125401596020313,0.002490854343835318,0.15100010363768265,0.5B,16384
18,12,lenshift_16384,lenshift,9649,9.174609562020384,19.34813632442649,18.586942388211774,0.9423748871696517,21.433567097853963,3.5923498349248395,0.6822688365537528,10.669609880852459,0.1768840838534103,-12.004589529598462,41.4389736038797,8.617937161708749e-09,0.9999999999989999,0.06666666666666667,0.8575357413505623,1.4562765130879058,0.9977692020767991,0.95933086602532,0.9757180140956644,0.9831377610281093,0.6899738311767578,0.03795182704925537,0.6567111697975528,0.32420227073936647,0.02248084388373259,0.016931544605205656,0.010529942778165872,0.006045686546715044,0.0038441209829696427,0.0017914027346611408,0.011235227348867897,0.10125401596020313,0.007931625967229032,0.15100010363768265,0.5B,16384
18,13,lenshift_16384,lenshift,9649,9.174609562020384,19.263675509486998,18.586942388211774,0.9423748871696517,21.433567097853963,3.5923498349248395,0.6822688365537528,10.669609880852459,0.1768840838534103,-4.148410241393485,23.212257598558445,1.0621977759603027e-08,0.9999999999160063,0.06666666666666667,0.8266993963043944,2.779528526440633,0.9846288056249978,0.8085720886794434,0.8648644528782177,0.9048557071949275,0.30378401279449463,0.057332590222358704,0.26603747511100956,0.5800999608016111,0.06823661078857164,0.05491294796201396,0.03574996170937188,0.021901536141454202,0.014759764838989886,0.007234802360210222,0.05471740574788562,0.10125401596020313,0.04723029653465414,0.15100010363768265,0.5B,16384
19,0,lenshift_16384,lenshift,9649,9.174609562020384,23.48687863281696,21.01167138867814,1.7022855540077144,25.424657525474952,5.982272064197802,0.7989697452088323,8.423894521521019,0.19876320544176776,-28.564672813696035,52.971218231188885,8.617937134092447e-09,0.9999999999989999,0.06666666666666667,0.5250213089616713,1.161209780608094,0.9996312456032961,0.9548444535003422,0.9948137501896508,0.9984942649338131,0.17773079872131348,1.0899746417999268,0.7045590792408903,0.29381367105966194,0.0010641919411993506,0.0006343860903339156,0.00027327115094197285,0.0001206014847862366,6.41240505099256e-05,2.2410797706195225e-05,0.0004329715827940851,0.10125401596020313,0.00028301976188555716,0.15100010363768265,0.5B,16384
19,1,lenshift_16384,lenshift,9649,9.174609562020384,25.20764835322902,21.01167138867814,1.7022855540077144,25.424657525474952,5.982272064197802,0.7989697452088323,8.423894521521019,0.19876320544176776,-20.5000445982989,53.93967124907411,8.617937134092285e-09,0.9999999999989999,0.06666666666666667,0.4898077490785367,1.8033791702181772,0.9994949196291357,0.957878582626951,0.9956884633430292,0.9990922928704374,0.21860814094543457,0.373515784740448,0.28251599402063793,0.7162531419670772,0.00031867007713998977,0.00017993781524181058,6.761331468690574e-05,2.479235018595362e-05,1.1609781261088175e-05,3.429950679724985e-06,0.0001614136831637111,0.10125401596020313,7.977098733242337e-05,0.15100010363768265,0.5B,16384
19,2,lenshift_16384,lenshift,9649,9.174609562020384,17.18423900641486,21.01167138867814,1.7022855540077144,25.424657525474952,5.982272064197802,0.7989697452088323,8.423894521521019,0.19876320544176776,-6.342621656025166,21.111707837546838,2.360464385517175e-08,0.9999999993208875,0.06666666666666667,0.4959667925526531,2.4551488411782882,0.9892419663867017,0.8255271093985362,0.8749797621079074,0.9097493917839505,0.17476150393486023,0.16095715761184692,0.03436228133846817,0.8105382431493507,0.051606180374787494,0.0390325225103754,0.02292339036199325,0.013455554352603257,0.008669643421489999,0.0038867328022268916,0.04100878032991435,0.10125401596020313,0.03172967893045078,0.15100010363768265,0.5B,16384
19,3,lenshift_16384,lenshift,9649,9.174609562020384,25.482630072940694,21.01167138867814,1.7022855540077144,25.424657525474952,5.982272064197802,0.7989697452088323,8.423894521521019,0.19876320544176776,-61.840189148398,40.084559402702496,8.617937238112846e-09,0.9999999999989999,0.06666666666666667,0.4517101001681392,0.39911199719111734,0.999811332678944,0.9976967099266052,0.9983815443242618,0.9987974232602426,0.6630241870880127,0.2803136110305786,0.9118504003274503,0.08650715672675567,0.0017525152779799325,0.0009925089487950569,0.0003862393996980745,0.00014515907929672428,6.617696477600965e-05,1.82923973981093e-05,0.0018370556881052193,0.10125401596020313,0.0012938722605590354,0.15100010363768265,0.5B,16384
19,4,lenshift_16384,lenshift,9649,9.174609562020384,19.69742568134949,21.01167138867814,1.7022855540077144,25.424657525474952,5.982272064197802,0.7989697452088323,8.423894521521019,0.19876320544176776,-30.003218370325445,40.57069264834416,8.61793721440233e-09,0.9999999999989999,0.06666666666666667,0.5158884541026353,1.4052542571927618,0.9985420794031631,0.947711257601012,0.9770348699325121,0.9834961295031558,0.0009041130542755127,0.3942529559135437,0.6484838977005252,0.3318244514482425,0.014863632756813265,0.009684950281421913,0.004666502188888441,0.002132460193743527,0.001154409670372589,0.00043120284539755464,0.005180039947752285,0.10125401596020313,0.0032813336648229332,0.15100010363768265,0.5B,16384
19,5,lenshift_16384,lenshift,9649,9.174609562020384,17.66882072518237,21.01167138867814,1.7022855540077144,25.424657525474952,5.982272064197802,0.7989697452088323,8.423894521521019,0.19876320544176776,-24.619262590127832,29.6317485579673,8.621775924128652e-09,0.9999999999988607,0.06666666666666667,0.47152346014450935,2.306083878007206,0.9906925859482631,0.8375240463346457,0.9017425164606251,0.9285366793067711,0.027104482054710388,0.07652091979980469,0.5627351124894932,0.368275444123793,0.09897052217919815,0.07517395162613515,0.04704917013892414,0.02681195199228894,0.01724987129927655,0.008291144822986445,0.03687756912797004,0.10125401596020313,0.026390304907381427,0.15100010363768265,0.5B,16384
19,6,lenshift_16384,lenshift,9649,9.174609562020384,16.811637801358327,21.01167138867814,1.7022855540077144,25.424657525474952,5.982272064197802,0.7989697452088323,8.423894521521019,0.19876320544176776,-11.466577186303983,25.796711066450154,8.782796279789648e-09,0.9999999999927391,0.06666666666666667,0.5496075287696421,2.5456623821803004,0.9947378512154756,0.8127622603399431,0.8860930641382793,0.9338506779944787,0.02939605712890625,0.0007151365280151367,0.1348129698820176,0.7561165169305174,0.03817645355192446,0.024826197585328866,0.01027665724977905,0.00438082551223572,0.002595241059023118,0.0010863783227821307,0.03431892731381761,0.10125401596020313,0.02796834602945379,0.15100010363768265,0.5B,16384
19,7,lenshift_16384,lenshift,9649,9.174609562020384,14.7560225835594,20.05627789146725,1.19260719598288,22.932158240534378,7.550359485607601,0.8675637035852017,10.000211165105975,0.0900495791201922,-11.393213244045484,25.40174679767412,8.860012366170892e-09,0.9999999999897067,0.06666666666666667,0.5288953551277797,4.303647091632496,0.9512014152584339,0.6282360449273015,0.7045876421225441,0.7339531134419255,0.13953077793121338,0.02627316117286682,0.1342226907536116,0.578540311077417,0.2287341591647391,0.18253684541632845,0.11939513906150832,0.07500675937703961,0.05336690517294263,0.02986786160873054,0.20247551631398486,0.10125401596020313,0.17117415909297665,0.15100010363768265,0.5B,16384
19,8,lenshift_16384,lenshift,9649,9.174609562020384,21.181582617603333,20.05627789146725,1.19260719598288,22.932158240534378,7.550359485607601,0.8675637035852017,10.000211165105975,0.0900495791201922,-35.339958145337945,35.08415022580063,8.617953243430211e-09,0.9999999999989992,0.06666666666666667,0.5348330939165391,1.0510636904565722,0.9990505627142614,0.9802657058331701,0.9860842118700955,0.9896048565814191,1.0370490849018097,0.060639142990112305,0.43683994482316807,0.5505318963195055,0.007046244978257264,0.004727615169615136,0.0022481927015475032,0.0009647422866209907,0.0005034099030027453,0.0001728241385057308,0.004101252933014172,0.10125401596020313,0.0026405136168529547,0.15100010363768265,0.5B,16384
19,9,lenshift_16384,lenshift,9649,9.174609562020384,18.04114156697441,20.05627789146725,1.19260719598288,22.932158240534378,7.550359485607601,0.8675637035852017,10.000211165105975,0.0900495791201922,-11.250621059361627,54.907669790636966,8.617937134092225e-09,0.9999999999989999,0.06666666666666667,0.5369728114271284,2.3588278343806737,0.9974119454593287,0.8153865321730819,0.9627352397832958,0.9872585464250795,0.017455413937568665,0.04390233755111694,0.32841555771134046,0.6581451723766655,0.013649276021132575,0.010830710262577422,0.006925978581788272,0.004130719755528765,0.002728007532167156,0.0013529891557645785,0.008308695274573072,0.10125401596020313,0.00623827769085957,0.15100010363768265,0.5B,16384
19,10,lenshift_16384,lenshift,9649,9.174609562020384,22.30021617051198,20.05627789146725,1.19260719598288,22.932158240534378,7.550359485607601,0.8675637035852017,10.000211165105975,0.0900495791201922,-19.951417656505804,63.04554461885025,8.617937134092186e-09,0.9999999999989999,0.06666666666666667,0.4975755856626261,1.8482964856839534,0.9992192983768876,0.9501172390172169,0.9916332506213906,0.9958920807083936,0.2516564726829529,0.010071158409118652,0.42288078647747807,0.5722963922534025,0.0036349056284326288,0.0025344950141132343,0.0013271320209089807,0.0006556272137445075,0.0003719601617065288,0.00014607668362197576,0.003007025759025506,0.10125401596020313,0.0024761231829582534,0.15100010363768265,0.5B,16384
19,11,lenshift_16384,lenshift,9649,9.174609562020384,20.077645298314867,20.05627789146725,1.19260719598288,22.932158240534378,7.550359485607601,0.8675637035852017,10.000211165105975,0.0900495791201922,-22.68975603580474,44.98645418137313,8.617937134883981e-09,0.9999999999989999,0.06666666666666667,0.5608008625221891,1.6819734323911295,0.9989185691643573,0.9477656665264296,0.9830972500673703,0.9905862906106111,0.1413014531135559,0.2657174915075302,0.5035858042168865,0.48506940909195484,0.009513937613492712,0.0064888162528329175,0.003254389434014986,0.0015476263922916712,0.0008423626733768081,0.0003016691467719899,0.004507588092789499,0.10125401596020313,0.0029930535915575394,0.15100010363768265,0.5B,16384
19,12,lenshift_16384,lenshift,9649,9.174609562020384,20.576477060105123,20.05627789146725,1.19260719598288,22.932158240534378,7.550359485607601,0.8675637035852017,10.000211165105975,0.0900495791201922,-20.737621700062473,47.92112685167504,8.617937134134383e-09,0.9999999999989999,0.06666666666666667,0.5677757505169372,1.6611423811803543,0.998220493462372,0.9475910933067166,0.9783917958749943,0.9886329094276424,0.7460254430770874,0.22510266304016113,0.4804382403776638,0.5064886704344413,0.011406371069456954,0.008659271691353932,0.005206142164156592,0.0030177200231962012,0.0019846062907485995,0.000984924411173902,0.00689454689513123,0.10125401596020313,0.0054586967125445284,0.15100010363768265,0.5B,16384
19,13,lenshift_16384,lenshift,9649,9.174609562020384,20.927840592421408,20.05627789146725,1.19260719598288,22.932158240534378,7.550359485607601,0.8675637035852017,10.000211165105975,0.0900495791201922,-20.58601665496827,48.55891299853101,8.617937134113888e-09,0.9999999999989999,0.06666666666666667,0.5687112428006589,1.5934474901708415,0.9992265511536039,0.9330663359916447,0.9860272932207311,0.9951771448596823,0.1790645718574524,0.2657397985458374,0.5685523094726176,0.42607604246473674,0.006351597294664206,0.004396986396599438,0.002126651324431389,0.0009385593296515526,0.0004808988694489224,0.00015634991895946667,0.002658844255443412,0.10125401596020313,0.001399019645430307,0.15100010363768265,0.5B,16384
20,0,lenshift_16384,lenshift,9649,9.174609562020384,17.144623595150044,21.423145319674376,1.6230233361721136,27.71417341678419,4.998415193180448,1.3676167741774579,11.11669003093382,0.26163691869660677,-45.631642125985195,34.54111860648675,8.617974386355168e-09,0.9999999999989986,0.06666666666666667,0.5737494571873776,0.2287175487689771,0.9992864264091273,0.9915500065271307,0.9949208641867167,0.9962815736040922,0.4186071343719959,0.10324960947036743,0.9715070105059371,0.024752078080863046,0.00686764802252757,0.005419466118735406,0.0034758082215312863,0.0021595729065740925,0.0014564337455340985,0.0007403505926247378,0.004617978339381143,0.10125401596020313,0.003608902984247602,0.15100010363768265,0.5B,16384
20,1,lenshift_16384,lenshift,9649,9.174609562020384,14.11526943472687,21.423145319674376,1.6230233361721136,27.71417341678419,4.998415193180448,1.3676167741774579,11.11669003093382,0.26163691869660677,-30.3050351449672,15.211222226786255,4.023421742681781e-06,0.9999997523423372,0.06666666666666667,0.5467211633430756,1.7667466846566449,0.9930251251967003,0.8683527993509064,0.9298905986267578,0.9550561668953694,0.23709450662136078,0.14402762055397034,0.697538216017518,0.2105902366105341,0.05701062757538242,0.04932267865467378,0.034519992150175385,0.021066139426185532,0.014079670595439027,0.006635937436421896,0.04707475696830276,0.10125401596020313,0.041960609155096404,0.15100010363768265,0.5B,16384
20,2,lenshift_16384,lenshift,9649,9.174609562020384,15.450377898008108,21.423145319674376,1.6230233361721136,27.71417341678419,4.998415193180448,1.3676167741774579,11.11669003093382,0.26163691869660677,-18.43527442830451,39.721463800791426,8.617937286596792e-09,0.9999999999989999,0.06666666666666667,0.5514268742848204,2.0905019020817184,0.9968188060859456,0.8922275575011296,0.9691438627725214,0.9803165542738481,0.16191351413726807,0.39816856384277344,0.4855428773374811,0.49501002369540714,0.018518543290668432,0.014212609460224243,0.008952136268577054,0.005478906026656184,0.0038061137493812045,0.001972840363318644,0.011522779665147585,0.10125401596020313,0.008807044296629136,0.15100010363768265,0.5B,16384
20,3,lenshift_16384,lenshift,9649,9.174609562020384,12.543878238390255,21.423145319674376,1.6230233361721136,27.71417341678419,4.998415193180448,1.3676167741774579,11.11669003093382,0.26163691869660677,-26.24722546689651,25.985602396293814,8.755072151688802e-09,0.9999999999938167,0.06666666666666667,0.7431150533784051,1.7048670669583692,0.9975790756505023,0.952255402362736,0.9738519216791222,0.9820491272093613,0.005580902099609375,0.09546801447868347,0.3349944392067285,0.6320767226043147,0.013934613133724993,0.009986056330364219,0.005298749106711143,0.0029249183024365293,0.0019800222941891107,0.0011033196467985268,0.013314549619305697,0.10125401596020313,0.011740243376342108,0.15100010363768265,0.5B,16384
20,4,lenshift_16384,lenshift,9649,9.174609562020384,14.167101812224494,21.423145319674376,1.6230233361721136,27.71417341678419,4.998415193180448,1.3676167741774579,11.11669003093382,0.26163691869660677,-26.69349846419167,20.33860597723875,3.9958500524186723e-08,0.9999999985298853,0.06666666666666667,0.6088037901913205,1.6954417483798117,0.9982970929789418,0.9419779927880687,0.971287315070897,0.9837922067536177,0.01961606740951538,0.207078218460083,0.4124201346532955,0.5396519586848024,0.009560010489493292,0.00677552453930572,0.003741674626335819,0.0020206733095384497,0.0012731630866783007,0.0005753258019537635,0.0068243647946870925,0.10125401596020313,0.005496923630372442,0.15100010363768265,0.5B,16384
20,5,lenshift_16384,lenshift,9649,9.174609562020384,13.374224288228888,21.423145319674376,1.6230233361721136,27.71417341678419,4.998415193180448,1.3676167741774579,11.11669003093382,0.26163691869660677,-30.24347183634254,26.903365405255865,8.673766468071583e-09,0.9999999999969298,0.06666666666666667,0.5744613441625703,1.6044407484064989,0.9893489379859453,0.895368158433814,0.9287831962441412,0.94441957511602,0.1190161406993866,0.2676456570625305,0.7557251049071627,0.17837850762883345,0.10040255089875061,0.07755959000015496,0.051619173423999985,0.032628676851941374,0.02363830281012827,0.014002697758326334,0.10248937352261614,0.10125401596020313,0.0928181725147287,0.15100010363768265,0.5B,16384
20,6,lenshift_16384,lenshift,9649,9.174609562020384,11.831411271147296,21.423145319674376,1.6230233361721136,27.71417341678419,4.998415193180448,1.3676167741774579,11.11669003093382,0.26163691869660677,-29.927479919265295,14.263397009067432,9.763680652906777e-06,0.9999993609341798,0.06666666666666667,0.4825656847766698,3.1612277155184203,0.9729528894100052,0.7436338670999958,0.8141745539697929,0.8519003319926466,0.31194697320461273,0.017641037702560425,0.4687815998338891,0.25740505881438336,0.17097420990151418,0.12967036584078154,0.08467556185297735,0.055268591831350085,0.03988583938576604,0.02358036620271541,0.14783663917363243,0.10125401596020313,0.1218407646492833,0.15100010363768265,0.5B,16384
20,7,lenshift_16384,lenshift,9649,9.174609562020384,14.574810986843195,20.537059070004627,1.5204279481251197,24.89355949541581,11.078945319777267,2.4202882647285247,25.85547667677718,0.10353435007689613,-10.567436617963455,48.341601442381304,8.617937134121976e-09,0.9999999999989999,0.06666666666666667,0.7180070758007548,2.088149618812835,0.9961017422329471,0.855808983679238,0.9534230045942895,0.9661109223538861,0.31534212827682495,0.33860933780670166,0.5658925078698706,0.3898460332176208,0.012071156695245144,0.008451776930367633,0.0042054322360539345,0.0021272503319578373,0.001261548030393021,0.0004932419438861621,0.00886672384417078,0.10125401596020313,0.006641718122936864,0.15100010363768265,0.5B,16384
20,8,lenshift_16384,lenshift,9649,9.174609562020384,14.825205506590825,20.537059070004627,1.5204279481251197,24.89355949541581,11.078945319777267,2.4202882647285247,25.85547667677718,0.10353435007689613,-28.38900388338986,12.418483716627478,5.42614821745184e-05,0.9999959568542276,0.06666666666666667,0.7280695093427586,1.5118862048963866,0.9964869920380834,0.8839874739950461,0.9215087260751657,0.9400031228260818,0.04327887296676636,0.013911135494709015,0.7704261899268078,0.11297147559524781,0.022027274882624757,0.011252182274526073,0.003906845433310258,0.0014835988313383552,0.0007231799986456458,0.0002073654569341559,0.03431678225689105,0.10125401596020313,0.028372561521139383,0.15100010363768265,0.5B,16384
20,9,lenshift_16384,lenshift,9649,9.174609562020384,13.699636957133688,20.537059070004627,1.5204279481251197,24.89355949541581,11.078945319777267,2.4202882647285247,25.85547667677718,0.10353435007689613,-22.79167773443111,22.3117728334961,1.3372585927324332e-08,0.9999999997947695,0.06666666666666667,0.7527401426543789,1.34072556530644,0.9921366382123743,0.8879504030799321,0.9116916241624223,0.9295364218619505,0.11381781101226807,0.03012096881866455,0.8343409277825484,0.0785396635379187,0.02636264788062346,0.018288451228165567,0.00984527280213735,0.005239282845152867,0.0033781722521247152,0.0016570355755453695,0.021579328559553787,0.10125401596020313,0.01595329352146108,0.15100010363768265,0.5B,16384
20,10,lenshift_16384,lenshift,9649,9.174609562020384,15.677071401099377,20.537059070004627,1.5204279481251197,24.89355949541581,11.078945319777267,2.4202882647285247,25.85547667677718,0.10353435007689613,-30.259288970161883,9.472572481478842,0.0008056385454343314,0.9999230726739072,0.06666666666666667,0.710654475960259,1.3184152994020517,0.9971627138447614,0.9135156696759404,0.934899527688519,0.9504797643177348,0.007792383432388306,0.08461710810661316,0.7908554374566181,0.11605722256655966,0.014946415547381572,0.007803394710607833,0.0028488667608641536,0.0013031976036303994,0.0007145064562269389,0.0002337371689313413,0.02863343963849626,0.10125401596020313,0.0216662426367307,0.15100010363768265,0.5B,16384
20,11,lenshift_16384,lenshift,9649,9.174609562020384,12.891764933294542,20.537059070004627,1.5204279481251197,24.89355949541581,11.078945319777267,2.4202882647285247,25.85547667677718,0.10353435007689613,-32.400071423281624,1.1090946966878263,0.5601762658539777,0.7519600527652553,0.03333333333333333,0.6283195360808993,2.9015609449053708,0.9856799391156309,0.7102632051609652,0.7623494412691141,0.8247596247674999,0.33961519598960876,0.005558215081691742,0.5809404439795706,0.0925510660155679,0.0785174633442168,0.047934462545053944,0.018293286543010483,0.009376656215721585,0.004396579062252925,0.0015411154024442691,0.09407011504327122,0.10125401596020313,0.08064625376260494,0.15100010363768265,0.5B,16384
20,12,lenshift_16384,lenshift,9649,9.174609562020384,15.425538189852658,20.537059070004627,1.5204279481251197,24.89355949541581,11.078945319777267,2.4202882647285247,25.85547667677718,0.10353435007689613,-24.73599549602058,21.0058906258988,2.5198408458056405e-08,0.9999999992451973,0.06666666666666667,0.7036304599882108,1.6764110142201145,0.9966511224101205,0.8897137680055627,0.9260488238090262,0.9427496802003674,0.21013910323381424,0.06863737106323242,0.7003736254595294,0.17341691707851795,0.02328272781738991,0.012935942355142074,0.0038334554018815497,0.001033569115119507,0.0004676764995806021,0.00013371802118665221,0.030282647723524216,0.10125401596020313,0.02420311083193655,0.15100010363768265,0.5B,16384
20,13,lenshift_16384,lenshift,9649,9.174609562020384,16.941831423767837,20.537059070004627,1.5204279481251197,24.89355949541581,11.078945319777267,2.4202882647285247,25.85547667677718,0.10353435007689613,-3.117611646652218,49.624547358602285,8.617937134100319e-09,0.9999999999989999,0.06666666666666667,0.6631307402338035,1.992611710331861,0.9979994260369585,0.8967863684769735,0.9697836260369322,0.981436697490108,0.2912822961807251,0.4552886486053467,0.3656612283899057,0.6144961829206603,0.0053999044259124595,0.0036908766688039264,0.0019013507440471577,0.0009076741279493046,0.0005116610547874475,0.000199931178210084,0.002344276175164756,0.10125401596020313,0.0013508220106259441,0.15100010363768265,0.5B,16384
21,0,lenshift_16384,lenshift,9649,9.174609562020384,15.478689264232084,21.036143831600295,2.215217297672595,27.805211769942865,13.475522490344856,2.796512454967292,22.665883017451605,0.10142120677373155,-33.00301284649794,12.21429841565515,6.553858294268365e-05,0.9999950409814534,0.06666666666666667,0.5795038607350321,1.4273151703708797,0.9871012011193024,0.8815234398856681,0.9004425068940591,0.9182280669859616,0.2725679278373718,0.12059175968170166,0.8393271062578179,0.06159083862584785,0.02777205938887942,0.021006252959599677,0.01141189889468693,0.006165629226556448,0.0041304991236472376,0.00230608026271084,0.02343298561799506,0.10125401596020313,0.02031189661273013,0.15100010363768265,0.5B,16384
21,1,lenshift_16384,lenshift,9649,9.174609562020384,13.7854555967133,21.036143831600295,2.215217297672595,27.805211769942865,13.475522490344856,2.796512454967292,22.665883017451605,0.10142120677373155,-43.33347122458852,13.867095318852279,1.4128215917959987e-05,0.9999990502767129,0.06666666666666667,0.4370240732485341,0.9352838371820891,0.9959864495236512,0.9374367365305548,0.9531763155338896,0.9638457394920995,0.03531947173178196,0.028782561421394348,0.8781966088050938,0.03880037454052593,0.011916735013055624,0.00858145122760096,0.00516690233943661,0.002695242013852289,0.0015163839380560678,0.0005826398637519108,0.013142177855592165,0.10125401596020313,0.011419354735950765,0.15100010363768265,0.5B,16384
21,2,lenshift_16384,lenshift,9649,9.174609562020384,14.457090957464708,21.036143831600295,2.215217297672595,27.805211769942865,13.475522490344856,2.796512454967292,22.665883017451605,0.10142120677373155,-36.25374029313817,20.348639154409547,3.9660148646193865e-08,0.9999999985445516,0.06666666666666667,0.3466461236382185,1.3880813750414398,0.9960732479454435,0.9315930588025624,0.9593183045683741,0.9715145826022922,0.12605729699134827,0.24603306874632835,0.7364360153734895,0.14084008422706956,0.008871868234257936,0.006757189129686307,0.004391016780078619,0.0027287108914358497,0.001748681345120156,0.0008705988883022589,0.008071819210274443,0.10125401596020313,0.007119636211468565,0.15100010363768265,0.5B,16384
21,3,lenshift_16384,lenshift,9649,9.174609562020384,14.191262374519264,21.036143831600295,2.215217297672595,27.805211769942865,13.475522490344856,2.796512454967292,22.665883017451605,0.10142120677373155,-37.257790379664485,14.348371578669784,9.016916869715914e-06,0.9999994130759634,0.06666666666666667,0.36524956454493124,2.187958914838088,0.9915565775915277,0.7860798279058444,0.8165552181308002,0.8544154734417247,0.395751123316586,0.007397398352622986,0.7072258196626074,0.07645191607680181,0.046404131732664826,0.019712699077940665,0.007638922376605644,0.0036692919938796447,0.0021478482344662866,0.0007794743257419245,0.08455776978342028,0.10125401596020313,0.07350188107194092,0.15100010363768265,0.5B,16384
21,4,lenshift_16384,lenshift,9649,9.174609562020384,16.172965376947378,21.036143831600295,2.215217297672595,27.805211769942865,13.475522490344856,2.796512454967292,22.665883017451605,0.10142120677373155,-33.39675972040962,22.913625332403598,1.1287588733105261e-08,0.9999999998871234,0.06666666666666667,0.333197956564814,1.3983533966712032,0.9965134870075053,0.8940870263535103,0.9448481890388297,0.968354429108027,0.06344521045684814,0.032341986894607544,0.776605279747459,0.15722883287072456,0.007943319699294363,0.005813606737142835,0.003442867821746522,0.001988424396514858,0.0012065753619831835,0.0004818273908010538,0.008729972851750884,0.10125401596020313,0.007053283252041715,0.15100010363768265,0.5B,16384
21,5,lenshift_16384,lenshift,9649,9.174609562020384,16.89747157799534,21.036143831600295,2.215217297672595,27.805211769942865,13.475522490344856,2.796512454967292,22.665883017451605,0.10142120677373155,-34.57844536970644,16.942541836199403,7.953467717901985e-07,0.9999999561512257,0.06666666666666667,0.4457459441472534,1.33192024376498,0.997224712068174,0.9211161854144915,0.9481984109677467,0.9668695375765102,0.4656353294849396,0.046474605798721313,0.7870804878869815,0.14907674571946644,0.009290902328669193,0.0062119489334266295,0.0029251965223955926,0.00121651578390763,0.0006709587683114124,0.00025259811165766243,0.012680551361689519,0.10125401596020313,0.010513626198708619,0.15100010363768265,0.5B,16384
21,6,lenshift_16384,lenshift,9649,9.174609562020384,14.867504958403233,21.036143831600295,2.215217297672595,27.805211769942865,13.475522490344856,2.796512454967292,22.665883017451605,0.10142120677373155,-32.75337848593207,18.190205280997738,2.5025028396298406e-07,0.9999999874070143,0.06666666666666667,0.5045651572648463,1.482247168029327,0.9972405042861773,0.9228087110646118,0.9586782834677288,0.9749160859236367,0.03592956066131592,0.2993456721305847,0.7301042351989375,0.15873565564468287,0.006773728758744902,0.005089136133641667,0.0027914683241716193,0.0014062525856712845,0.0007750743764155239,0.0002678196483321992,0.00589958385457565,0.10125401596020313,0.0050340722553183,0.15100010363768265,0.5B,16384
21,7,lenshift_16384,lenshift,9649,9.174609562020384,19.807680891694645,19.937609918757616,1.7535509573944543,24.781404877187104,12.16332529619717,3.5869106687604333,22.68896416630402,0.24684307903434374,-24.285789181204414,47.26798696272923,8.617937134177518e-09,0.9999999999989999,0.06666666666666667,0.6865617316071841,0.7582140712669433,0.9996002801322875,0.9793232178639486,0.9943000071203316,0.9967244935614836,0.16966497898101807,0.2214806079864502,0.8458670539548474,0.1498137593983988,0.0073749947084974345,0.004588404471093453,0.002159753344777338,0.0010133752161899032,0.0005625711275221,0.00021745613787435718,0.006420300438809521,0.10125401596020313,0.004857918392146081,0.15100010363768265,0.5B,16384
21,8,lenshift_16384,lenshift,9649,9.174609562020384,13.171666116552922,19.937609918757616,1.7535509573944543,24.781404877187104,12.16332529619717,3.5869106687604333,22.68896416630402,0.24684307903434374,-35.12866497215102,17.175041514325564,6.402599978882606e-07,0.9999999652458739,0.06666666666666667,0.4724834137431677,1.5559949163704707,0.9901650577440181,0.870927119895471,0.9026224505555506,0.9227882549967287,0.07865680754184723,0.06615857779979706,0.8014685608720485,0.09339439079752511,0.35598470064828075,0.2639554943093081,0.15589819724708304,0.09252581411486878,0.06040368886848471,0.028821860792689412,0.36376268517854776,0.10125401596020313,0.3133781705017986,0.15100010363768265,0.5B,16384
21,9,lenshift_16384,lenshift,9649,9.174609562020384,30.80460175964977,19.937609918757616,1.7535509573944543,24.781404877187104,12.16332529619717,3.5869106687604333,22.68896416630402,0.24684307903434374,-24.847280951107265,33.764177722965954,8.617997134528586e-09,0.9999999999989977,0.06666666666666667,0.4465261727344973,0.45864330162193173,0.9997761025402035,0.9923744408718426,0.9959599169557152,0.9977149848693125,0.13650643825531006,0.17253339290618896,0.0622117405469071,0.9317867656481295,0.0011630715291128927,0.0005461173561350969,0.00015062686345582196,4.17725517578628e-05,1.567859721302617e-05,3.3312225566357965e-06,0.0012004151389915228,0.10125401596020313,0.0006144027669379504,0.15100010363768265,0.5B,16384
21,10,lenshift_16384,lenshift,9649,9.174609562020384,15.649076691679209,19.937609918757616,1.7535509573944543,24.781404877187104,12.16332529619717,3.5869106687604333,22.68896416630402,0.24684307903434374,-33.65876974779015,19.75678014597694,6.317222052557667e-08,0.9999999973703093,0.06666666666666667,0.5808593341432763,1.1970894087054105,0.9964657785799569,0.9393913060354356,0.960865616064651,0.9713859987650592,0.09924673289060593,0.0690702497959137,0.799152548416249,0.15047863478145052,0.0843910257287447,0.06166976161965475,0.032632656144699984,0.018547098705729764,0.011629835444072796,0.00486949940107909,0.08035643142930673,0.10125401596020313,0.07032242516946892,0.15100010363768265,0.5B,16384
21,11,lenshift_16384,lenshift,9649,9.174609562020384,14.615194233196005,19.937609918757616,1.7535509573944543,24.781404877187104,12.16332529619717,3.5869106687604333,22.68896416630402,0.24684307903434374,-34.52233460370234,16.291218827310793,1.4628557952811244e-06,0.9999999158956057,0.06666666666666667,0.5845045995339881,0.9392555977659609,0.9966934530520409,0.9392440722772024,0.9535910107234746,0.9632914954772512,0.05518925189971924,0.056327879428863525,0.8726735789924043,0.06319552945125273,0.1278719845711518,0.0852863804224471,0.04381878499528167,0.019992319745298213,0.010523774134671867,0.003994111619201632,0.14465107192985613,0.10125401596020313,0.13192344971226014,0.15100010363768265,0.5B,16384
21,12,lenshift_16384,lenshift,9649,9.174609562020384,18.066791651558553,19.937609918757616,1.7535509573944543,24.781404877187104,12.16332529619717,3.5869106687604333,22.68896416630402,0.24684307903434374,-21.2642136742087,36.96488475627676,8.617939713688988e-09,0.9999999999989999,0.06666666666666667,0.6471031913197649,1.2491794967647267,0.9936323464978626,0.9109038479310483,0.9320632226374796,0.9461741913047392,0.0024887919425964355,0.28924763202667236,0.8346227766770917,0.10617877886732989,0.2879868780043263,0.21934633632920827,0.1263467355809107,0.06740921112003652,0.040111897097484896,0.015720404681357682,0.23698032246971917,0.10125401596020313,0.1792965040495097,0.15100010363768265,0.5B,16384
21,13,lenshift_16384,lenshift,9649,9.174609562020384,15.223955223315045,19.937609918757616,1.7535509573944543,24.781404877187104,12.16332529619717,3.5869106687604333,22.68896416630402,0.24684307903434374,-31.589591706500322,15.023865778441724,4.794749766102521e-06,0.9999997013106476,0.06666666666666667,0.6148085245968724,1.5256484316448216,0.9931858626084272,0.8757786787034775,0.901331230719011,0.922467411437325,0.03064751625061035,0.13107571005821228,0.8002292919040772,0.06240515757214783,0.2772237239650449,0.18904804886241683,0.10045117127932966,0.052926544576524286,0.031911399383688,0.011404272855515077,0.33539603264825435,0.10125401596020313,0.2695350116306898,0.15100010363768265,0.5B,16384
22,0,lenshift_16384,lenshift,9649,9.174609562020384,10.936433838243003,18.379466054249104,2.0528044323177683,23.444159951651667,11.466618670429408,4.881319149362302,30.654205461154927,0.4020625991802471,58.221571263144995,30.493254274349,8.620401693251683e-09,0.9999999999989106,0.06666666666666667,0.5458192146766718,6.011027989702976,0.9216713230061092,0.30279831449364597,0.38181644308835744,0.46345548775106526,0.1023302674293518,0.006297409534454346,0.016870302745987702,0.4123785011744577,0.38793127274034617,0.2855165669223055,0.18123180131490632,0.12695614577794515,0.09223576021629068,0.05137726935403864,0.3153957395119774,0.10125401596020313,0.2574747325108882,0.15100010363768265,0.5B,16384
22,1,lenshift_16384,lenshift,9649,9.174609562020384,11.784325673767135,18.379466054249104,2.0528044323177683,23.444159951651667,11.466618670429408,4.881319149362302,30.654205461154927,0.4020625991802471,42.22052490711212,16.12625429686159,1.7073148684151167e-06,0.9999999008115542,0.06666666666666667,0.4444708793767222,4.969887697673507,0.9625886834951644,0.4421104164958163,0.5623935205324601,0.6556919126281952,0.2704054191708565,0.07381956279277802,0.055453307437719965,0.45855394592970355,0.23049500758618424,0.13181876622814817,0.10398220367733915,0.05751529248352813,0.03545405246662777,0.015035638620452913,0.48591473795480994,0.10125401596020313,0.4445272552979108,0.15100010363768265,0.5B,16384
22,2,lenshift_16384,lenshift,9649,9.174609562020384,10.561594390983526,18.379466054249104,2.0528044323177683,23.444159951651667,11.466618670429408,4.881319149362302,30.654205461154927,0.4020625991802471,21.338710553505837,12.505415856865614,5.006658133053235e-05,0.9999962934880072,0.06666666666666667,0.3125270272186257,4.311221325835585,0.9719653186266314,0.5289159122751668,0.6923212623861318,0.7933957426815234,0.07448193430900574,0.009057223796844482,0.06659854024693912,0.5024219038271157,0.17522452933458604,0.1351187280584346,0.08716736891138115,0.052511200272523435,0.03487186000059046,0.016125842530965065,0.13977890687693328,0.10125401596020313,0.11852933536943147,0.15100010363768265,0.5B,16384
22,3,lenshift_16384,lenshift,9649,9.174609562020384,11.901682481340014,18.379466054249104,2.0528044323177683,23.444159951651667,11.466618670429408,4.881319149362302,30.654205461154927,0.4020625991802471,44.885873331743134,13.700788177604629,1.6496431000953432e-05,0.9999988784382283,0.06666666666666667,0.4622422920696532,5.171280122493668,0.9529623217700709,0.4127825327830987,0.5348704693986244,0.6436789610911635,0.03707405924797058,0.02755044400691986,0.07085926082651221,0.4463035287401102,0.4371184338627746,0.3413901198930553,0.19084177678398606,0.09218260401692459,0.05576443600483533,0.025812161270975867,0.4015031069747478,0.10125401596020313,0.341328494551825,0.15100010363768265,0.5B,16384
22,4,lenshift_16384,lenshift,9649,9.174609562020384,12.718618340712931,18.379466054249104,2.0528044323177683,23.444159951651667,11.466618670429408,4.881319149362302,30.654205461154927,0.4020625991802471,64.11781827141257,25.228182563229524,8.904711395282721e-09,0.9999999999879352,0.06666666666666667,0.5297037552916086,5.730012332660388,0.9405133318495473,0.3354609000367926,0.42755149334480896,0.5101832973444578,0.1022215411067009,0.2255079597234726,0.03330418055843651,0.39608755226446923,0.41905537432077267,0.28349847152284596,0.17043767707283405,0.09766097226925498,0.06621142367189256,0.03250798510050449,0.35455727820024463,0.10125401596020313,0.2701093332435733,0.15100010363768265,0.5B,16384
22,5,lenshift_16384,lenshift,9649,9.174609562020384,13.119778326135537,18.379466054249104,2.0528044323177683,23.444159951651667,11.466618670429408,4.881319149362302,30.654205461154927,0.4020625991802471,46.60646654577816,15.385971916894263,3.416054099553717e-06,0.9999997920498223,0.06666666666666667,0.47333081105264896,4.458717491808792,0.9733413698843412,0.5424718737031516,0.6591051304592662,0.7391828641299367,0.0339929573237896,0.06392806768417358,0.05979044058785137,0.5136144294576024,0.24870754407743,0.1683791366419298,0.09417262633228556,0.048297970955188764,0.026704240860713577,0.009150788235594447,0.2633401178196403,0.10125401596020313,0.2148312753507114,0.15100010363768265,0.5B,16384
22,6,lenshift_16384,lenshift,9649,9.174609562020384,9.92341521766214,18.379466054249104,2.0528044323177683,23.444159951651667,11.466618670429408,4.881319149362302,30.654205461154927,0.4020625991802471,31.089603015605142,15.664801392622074,2.6307896257945608e-06,0.9999998426503115,0.06666666666666667,0.4038314595736767,4.925363764320817,0.9563592100336523,0.44309481799848416,0.6062224537298281,0.6921652622111861,0.00027348194271326065,0.0626409500837326,0.07196272222732804,0.45148686303991215,0.3122677840137041,0.24588870519706132,0.14535369298602058,0.08182553668413327,0.05481139437633728,0.023730876754069097,0.24591149443584026,0.10125401596020313,0.2088861142164853,0.15100010363768265,0.5B,16384
22,7,lenshift_16384,lenshift,9649,9.174609562020384,12.454456023684303,16.23398639576131,1.8734008087215996,21.51902179180749,10.978191366127858,4.705895986447209,30.34436869064202,0.4035379991243517,55.01116759724477,16.23481568553047,1.5422183935223637e-06,0.9999999110155796,0.06666666666666667,0.6009207253233028,4.598258763479362,0.9713941228256513,0.5240574561696127,0.6230252626574909,0.6886840898282521,0.0942872166633606,0.006499543786048889,0.06455612194199865,0.5335965472507359,0.36890728853339433,0.24614566451714381,0.11764616086131888,0.05692270478407829,0.03489515329507664,0.012118635245318522,0.3967633024389359,0.10125401596020313,0.3382653133710165,0.15100010363768265,0.5B,16384
22,8,lenshift_16384,lenshift,9649,9.174609562020384,14.578581350038402,16.23398639576131,1.8734008087215996,21.51902179180749,10.978191366127858,4.705895986447209,30.34436869064202,0.4035379991243517,54.009334807886795,24.857257274582103,9.028335505873064e-09,0.9999999999829812,0.06666666666666667,0.5319427572897015,4.567983562950948,0.9718443875344138,0.5469414871185456,0.6378728018169842,0.6857247380795497,0.21243759989738464,0.3427814245223999,0.034726325848888275,0.5705439005724567,0.3387175243397581,0.2284878840050008,0.11399424153404536,0.051939721430877675,0.027382047101168743,0.008956296899737197,0.3494769296182089,0.10125401596020313,0.28954533762147705,0.15100010363768265,0.5B,16384
22,9,lenshift_16384,lenshift,9649,9.174609562020384,12.017377197331767,16.23398639576131,1.8734008087215996,21.51902179180749,10.978191366127858,4.705895986447209,30.34436869064202,0.4035379991243517,41.232050986850965,13.89539956569891,1.3760304002722366e-05,0.9999990767810413,0.06666666666666667,0.5248766787376021,4.0263934673060335,0.9792378235882836,0.5944284236349741,0.7449485540230298,0.8186039562563712,0.03721087425947189,0.07513587782159448,0.07065821879843572,0.5917685168821909,0.18707372713411577,0.14493971522408447,0.08717256726601157,0.042448327392411014,0.022199027221918393,0.008350890326839087,0.17696882185391882,0.10125401596020313,0.15527457428173147,0.15100010363768265,0.5B,16384
22,10,lenshift_16384,lenshift,9649,9.174609562020384,13.568123961877868,16.23398639576131,1.8734008087215996,21.51902179180749,10.978191366127858,4.705895986447209,30.34436869064202,0.4035379991243517,46.582963807946626,16.785588817759972,9.209942231172097e-07,0.9999999486997071,0.06666666666666667,0.5408289469133305,4.000919081858845,0.9811916564465575,0.6431573474695632,0.7520458779565263,0.8003431013592354,0.526481649838388,0.0011801309883594513,0.07996799818819364,0.6221167543384258,0.22160609421471628,0.15766657320745614,0.08215130043812661,0.034579277123983405,0.015402455988204057,0.00488775857978938,0.22189103552539569,0.10125401596020313,0.19102877551877928,0.15100010363768265,0.5B,16384
22,11,lenshift_16384,lenshift,9649,9.174609562020384,10.756964124417074,16.23398639576131,1.8734008087215996,21.51902179180749,10.978191366127858,4.705895986447209,30.34436869064202,0.4035379991243517,36.567737498704126,11.511934813495508,0.0001252507573307396,0.9999899901877415,0.06666666666666667,0.4965962106087685,4.945147414756902,0.9566405136884522,0.4453837162689472,0.5877878560559342,0.6807347992930849,0.11410969495773315,0.018047451972961426,0.08343763505037768,0.44549218968148707,0.36548767195985893,0.27584665219872917,0.16853298195456737,0.10005968814499935,0.0748390642114212,0.03242469537727668,0.31757647100679504,0.10125401596020313,0.2682909729234695,0.15100010363768265,0.5B,16384
22,12,lenshift_16384,lenshift,9649,9.174609562020384,12.671115612601755,16.23398639576131,1.8734008087215996,21.51902179180749,10.978191366127858,4.705895986447209,30.34436869064202,0.4035379991243517,48.87015541160808,13.435189185034048,2.112371253198864e-05,0.9999985372465294,0.06666666666666667,0.6251909158582837,3.9336730540416074,0.9815710164487498,0.661593354370666,0.7340977874659737,0.7744009378829817,0.02799990400671959,0.13423046469688416,0.07062326087757816,0.5835285463688755,0.29467069852021444,0.20681309011360846,0.09141098981030892,0.03151396625926589,0.011748981596659519,0.002132031048952103,0.31562732085142836,0.10125401596020313,0.2714947820860663,0.15100010363768265,0.5B,16384
22,13,lenshift_16384,lenshift,9649,9.174609562020384,11.04508353573737,16.23398639576131,1.8734008087215996,21.51902179180749,10.978191366127858,4.705895986447209,30.34436869064202,0.4035379991243517,42.84269706466618,11.516957178985805,0.00012467334878955995,0.9999900403341633,0.06666666666666667,0.5503849743136855,4.814973390103775,0.9599627165130886,0.4867683022098876,0.6228659080687843,0.6949847504754041,0.040996745228767395,0.07633247971534729,0.049770927228086556,0.4619002655514942,0.33036915902857317,0.245471863984119,0.14560283593260467,0.06637021456758148,0.03721588169306048,0.01587914676646679,0.2965313624117884,0.10125401596020313,0.2489884912434233,0.15100010363768265,0.5B,16384
23,0,lenshift_16384,lenshift,9649,9.174609562020384,9.507794248129285,22.386554202523747,1.9449422646777839,28.0018332426202,11.447673987948077,3.1185036279919567,20.633121579161596,0.15575975527299696,-2.0196283740155874,19.670728754608284,6.782876284877849e-08,0.9999999971340894,0.06666666666666667,0.11558454816937079,4.593936458340605,0.9587089288114659,0.5429359053631421,0.6475333204106931,0.7182207218701848,0.3663758486509323,0.04448986053466797,0.04159819610049538,0.6157204601078324,0.23881531725955682,0.18551367955500397,0.11924442960190333,0.07189908910932483,0.047417041769177104,0.02336461106460439,0.1740266082121304,0.10125401596020313,0.14340672293076623,0.15100010363768265,0.5B,16384
23,1,lenshift_16384,lenshift,9649,9.174609562020384,40.57873967130778,22.386554202523747,1.9449422646777839,28.0018332426202,11.447673987948077,3.1185036279919567,20.633121579161596,0.15575975527299696,96.49598166521858,71.3580046909697,8.617937134092186e-09,0.9999999999989999,0.06666666666666667,0.2711989947190688,0.032208512340279626,0.999893749995903,0.9996823616518739,0.9999327974131843,0.9999789915508898,0.1981339454650879,0.09014892578125,0.00010111969505255637,0.9998101812110815,2.98288177402774e-06,7.982484722899033e-07,9.033349761791433e-08,9.201931632617417e-09,1.5259694614587662e-09,7.946014203057972e-11,3.642276971317712e-05,0.10125401596020313,3.397812451520839e-05,0.15100010363768265,0.5B,16384
23,2,lenshift_16384,lenshift,9649,9.174609562020384,9.859168086775028,22.386554202523747,1.9449422646777839,28.0018332426202,11.447673987948077,3.1185036279919567,20.633121579161596,0.15575975527299696,26.183798679534128,23.79301969838493,9.764296442765093e-09,0.999999999952567,0.06666666666666667,0.2342337521588525,5.730321225997086,0.926193287598535,0.33904724886470217,0.4533717920006881,0.5352282565245535,0.014476776123046875,0.030499041080474854,0.015063754714532782,0.49425306956745474,0.2842684425796284,0.22730390333587103,0.14777223048400379,0.0979008001540663,0.06927838816149845,0.03623629138788431,0.18735070320690256,0.10125401596020313,0.15005815276654588,0.15100010363768265,0.5B,16384
23,3,lenshift_16384,lenshift,9649,9.174609562020384,10.046963737297625,22.386554202523747,1.9449422646777839,28.0018332426202,11.447673987948077,3.1185036279919567,20.633121579161596,0.15575975527299696,43.494069783126605,17.08808690599878,6.943010645862543e-07,0.9999999620903658,0.06666666666666667,0.39733962384282817,4.709591974744599,0.9514149053648484,0.5402339246965607,0.6497750078682757,0.7084838731302772,0.14351209998130798,0.11573055014014244,0.16832888501294466,0.481222585815687,0.23846199315099556,0.19317346979515898,0.12750691308681866,0.07867974764197905,0.05330216601827961,0.02556354814399225,0.2048097808933215,0.10125401596020313,0.17808006502147397,0.15100010363768265,0.5B,16384
23,4,lenshift_16384,lenshift,9649,9.174609562020384,17.898813568004083,22.386554202523747,1.9449422646777839,28.0018332426202,11.447673987948077,3.1185036279919567,20.633121579161596,0.15575975527299696,28.80016265195959,28.329812369692853,8.631568024368576e-09,0.9999999999985028,0.06666666666666667,0.24364238546032096,1.8123529472032087,0.9947256665376359,0.8733427811437722,0.905977692649822,0.9267561653831189,0.026481151580810547,0.29134392738342285,0.04083496270282633,0.8652184958261068,0.05441625407658979,0.03544184000118284,0.01682472217148945,0.007019508591337154,0.0034189229577959767,0.0009684322721298494,0.055592555484246166,0.10125401596020313,0.041560193979755154,0.15100010363768265,0.5B,16384
23,5,lenshift_16384,lenshift,9649,9.174609562020384,11.961537832571599,22.386554202523747,1.9449422646777839,28.0018332426202,11.447673987948077,3.1185036279919567,20.633121579161596,0.15575975527299696,2.071063686819638,23.76818506857928,9.792033339458856e-09,0.9999999999513998,0.06666666666666667,0.2041356402379705,2.689915518208098,0.9915092076715742,0.8466145562137991,0.8917009941498274,0.9156721993418979,0.04398646950721741,0.0940932035446167,0.04227527491071224,0.8266265383631911,0.0629019501858872,0.0476768260751822,0.028870655552585067,0.014523766952417824,0.007516632832219262,0.0024433102816116305,0.06387928172308438,0.10125401596020313,0.057308265074041784,0.15100010363768265,0.5B,16384
23,6,lenshift_16384,lenshift,9649,9.174609562020384,16.448768741826875,22.386554202523747,1.9449422646777839,28.0018332426202,11.447673987948077,3.1185036279919567,20.633121579161596,0.15575975527299696,48.13027621718014,48.3243228132453,8.617937134126646e-09,0.9999999999989999,0.06666666666666667,0.3029854463653853,1.1278834637761572,0.9989072103793292,0.953843420651853,0.97641299566724,0.985638499501154,0.624858558177948,0.02139979600906372,0.0029256942603020147,0.9792099524668887,0.008525450417087615,0.00545248394195382,0.0025514613658279223,0.0010702772086785722,0.0005232254221421575,0.00015265277714683045,0.00798520993687513,0.10125401596020313,0.006726128957606084,0.15100010363768265,0.5B,16384
23,7,lenshift_16384,lenshift,9649,9.174609562020384,9.947813266529671,15.8610497746104,1.5485724481426735,20.702149682733467,10.815473617048866,4.356974220285653,24.409904553157634,0.38538224119993897,30.521661916199864,18.75081512929106,1.50582273081952e-07,0.9999999928107286,0.06666666666666667,0.34407964047583733,4.993078973723156,0.9555141655916961,0.42443882031420377,0.5932589546494978,0.6781773914527885,0.010675400495529175,0.003830254077911377,0.042544750764042245,0.4917056660017733,0.25019636957269736,0.2085839153288773,0.12696579490531273,0.07992366843128021,0.05133830496455485,0.021488063553135373,0.3358283905374497,0.10125401596020313,0.30309812213052034,0.15100010363768265,0.5B,16384
23,8,lenshift_16384,lenshift,9649,9.174609562020384,10.172526680013,15.8610497746104,1.5485724481426735,20.702149682733467,10.815473617048866,4.356974220285653,24.409904553157634,0.38538224119993897,32.132141780984746,11.700512868297444,0.00010528951018352135,0.9999917105010974,0.06666666666666667,0.4049701515673813,4.993609896959346,0.9496756696695847,0.44439029479856995,0.5819846579414307,0.6768523359998756,0.08307822048664093,0.3373107239603996,0.057946753896446594,0.48258498470586947,0.37005998061037426,0.3144786497561115,0.2042199936504463,0.09238422475372873,0.05563026924200483,0.025726707397303202,0.30767183637738577,0.10125401596020313,0.2671149209712811,0.15100010363768265,0.5B,16384
23,9,lenshift_16384,lenshift,9649,9.174609562020384,10.551503808858028,15.8610497746104,1.5485724481426735,20.702149682733467,10.815473617048866,4.356974220285653,24.409904553157634,0.38538224119993897,41.2188254678074,15.11879966681932,4.387063703488589e-06,0.999999728362195,0.06666666666666667,0.4621456387619173,4.607296483262508,0.9629921945231493,0.5341016105842912,0.6593300787690789,0.7271266111911117,0.09319844841957092,0.12456320226192474,0.06189047713055407,0.5607031447985686,0.2666563145503023,0.20625298837074846,0.11516334560220616,0.059903908697230564,0.036759256398112575,0.0159289248225028,0.23888223777872916,0.10125401596020313,0.21147328292914683,0.15100010363768265,0.5B,16384
23,10,lenshift_16384,lenshift,9649,9.174609562020384,10.461768290411177,15.8610497746104,1.5485724481426735,20.702149682733467,10.815473617048866,4.356974220285653,24.409904553157634,0.38538224119993897,36.951149458394326,14.711747921400644,6.42060219555742e-06,0.999999591896851,0.06666666666666667,0.413862462614791,4.561902286514641,0.9581252027541494,0.5532605640151902,0.6599659583863413,0.7471975595205976,0.538502112030983,0.09792602062225342,0.1254943151414275,0.529411574763419,0.23732758598081338,0.1861209817978117,0.11798940243485806,0.07368357985466932,0.05001335519385875,0.02529744349817668,0.209857391578914,0.10125401596020313,0.1870727313279153,0.15100010363768265,0.5B,16384
23,11,lenshift_16384,lenshift,9649,9.174609562020384,10.12466016834893,15.8610497746104,1.5485724481426735,20.702149682733467,10.815473617048866,4.356974220285653,24.409904553157634,0.38538224119993897,59.14660345467136,14.180925029631261,1.0542776784978512e-05,0.9999993060904929,0.06666666666666667,0.6208564438148069,4.744409446801432,0.948688816654161,0.5327578233077402,0.6314116255819109,0.7097660983170906,0.05762605369091034,0.019604921340942383,0.03952085197057181,0.5396334818234119,0.271260255109979,0.21200680910804656,0.1431737809740289,0.09611306283557718,0.06315656850091227,0.030377160316772425,0.23055684862834763,0.10125401596020313,0.20152150363772933,0.15100010363768265,0.5B,16384
23,12,lenshift_16384,lenshift,9649,9.174609562020384,12.059753856456114,15.8610497746104,1.5485724481426735,20.702149682733467,10.815473617048866,4.356974220285653,24.409904553157634,0.38538224119993897,46.84262204520842,13.278751972843615,2.443170465457162e-05,0.9999982895483484,0.06666666666666667,0.4477265493402947,4.634390170755795,0.9735443875713458,0.4831649548382907,0.6024149012074578,0.7140728333126045,0.03132431209087372,0.0014493763446807861,0.06144205199936386,0.5202153072336183,0.34898263676623525,0.24571575652343017,0.1331802552289783,0.04792376916068354,0.028365074660197626,0.006937594756188028,0.34571957594684216,0.10125401596020313,0.29628739121683256,0.15100010363768265,0.5B,16384
23,13,lenshift_16384,lenshift,9649,9.174609562020384,10.340752484229464,15.8610497746104,1.5485724481426735,20.702149682733467,10.815473617048866,4.356974220285653,24.409904553157634,0.38538224119993897,26.226276460377594,13.162813398795297,2.7211271429406286e-05,0.9999980792883371,0.06666666666666667,0.3347685714595534,5.2844593344328565,0.9456650527216178,0.4331520091146939,0.519634427363949,0.6050102651972347,0.569573238492012,0.022477269172668457,0.13987407155098125,0.3584401710298837,0.3816435931012036,0.2707066714025318,0.16069513659827367,0.09800852960945607,0.06629311845690765,0.029893716679622786,0.6163360152133637,0.10125401596020313,0.5459113941435967,0.15100010363768265,0.5B,16384
0,0,agent_16384,agent,16384,9.704060527839234,61.4758386000919,250.34427708703598,0.3820447111584018,251.48984029225653,0.2341126285509741,0.08437691485610699,0.3972160155901852,0.05155733684372318,938.0393462479115,31.79456403851509,1.4630881418407076e-08,0.9999999999989844,0.0392156862745098,0.06254559844207681,2.690878473698171,0.9992345889797367,0.7961787303748119,0.9188970927660144,0.9791514828363078,0.08109474182128906,0.08307266235351562,8.67085663572056e-19,0.9909323527387619,0.0005921959332138339,0.00013892761010544921,5.154176515295054e-06,2.455533371212431e-07,1.4436307604713055e-08,2.4849917707609095e-10,1.3570329918684667e-06,0.1015625,1.1574587567963592e-07,0.150390625,0.5B,16384
0,1,agent_16384,agent,16384,9.704060527839234,64.58805800681009,250.34427708703598,0.3820447111584018,251.48984029225653,0.2341126285509741,0.08437691485610699,0.3972160155901852,0.05155733684372318,8750.25379294157,37.02048659324646,1.4630454029584404e-08,0.9999999999989999,0.0392156862745098,0.5499099041580248,0.009354143953641099,0.9999388074288764,0.9999965518405682,0.9999995050198974,0.9999999462016552,0.4218580722808838,0.2900552749633789,2.1409994666433422e-86,0.9999827212990792,1.00222731656034e-13,5.7185822728223e-16,9.10993412500856e-16,9.10993412500856e-16,5.718614299719396e-16,5.718614299719396e-16,6.495986992230405e-16,0.1015625,6.495986992230405e-16,0.150390625,0.5B,16384
0,2,agent_16384,agent,16384,9.704060527839234,57.49444705956504,250.34427708703598,0.3820447111584018,251.48984029225653,0.2341126285509741,0.08437691485610699,0.3972160155901852,0.05155733684372318,3160.773113876581,7.076293915510178,0.020366856524103166,0.9976765881850128,0.0392156862745098,0.2201983415655068,6.961971379650976,0.9437555021339662,0.08545864414035499,0.1312602504663773,0.19005645158712825,0.1871018409729004,0.05463612079620361,8.154888357149747e-06,0.16140758004163838,0.22664304687133258,0.14647177493086833,0.04382604105617281,0.009966337151552703,0.004570675929470294,0.0018263319607905043,0.01013618670005471,0.1015625,0.004374872759302937,0.150390625,0.5B,16384
0,3,agent_16384,agent,16384,9.704060527839234,59.407645457461754,250.34427708703598,0.3820447111584018,251.48984029225653,0.2341126285509741,0.08437691485610699,0.3972160155901852,0.05155733684372318,2207.509323000908,3.280707895755768,0.6065581016997706,0.8769277720711706,0.0,0.1513493600103816,6.5456209063385975,0.9623342754463272,0.10536530124015642,0.1678356289586633,0.25295477263506266,0.014054298400878906,0.11937117576599121,0.006330361977340394,0.00018902234519261089,0.07979996711753833,0.06467828528305965,0.027573911120507135,0.007176669991613259,0.0021085505340117795,0.0010410908558050268,0.010732531135377974,0.101806640625,0.010314177567361986,0.150634765625,0.5B,16384
0,4,agent_16384,agent,16384,9.704060527839234,28.632390180234108,250.34427708703598,0.3820447111584018,251.48984029225653,0.2341126285509741,0.08437691485610699,0.3972160155901852,0.05155733684372318,656.9128612503409,13.78055602684617,1.615091151836705e-05,0.9999989180230157,0.0392156862745098,0.10457316626354692,2.078703035368935,0.9995909769484307,0.8843336199267131,0.9736045963728032,0.9967851625002189,0.28123342990875244,0.1343228816986084,1.061381778665753e-28,0.6510041154022809,3.5890418306250076e-06,2.2458560308918133e-07,1.4537914946592876e-09,1.2795379799792002e-11,5.903622847101031e-13,6.632967575786965e-15,5.245515359377301e-06,0.1015625,1.39661406878751e-07,0.150390625,0.5B,16384
0,5,agent_16384,agent,16384,9.704060527839234,25.651216596339335,250.34427708703598,0.3820447111584018,251.48984029225653,0.2341126285509741,0.08437691485610699,0.3972160155901852,0.05155733684372318,1574.4617075286806,2.0224015079438686,0.3838200946119982,0.8798510707170502,0.0392156862745098,0.2740830899088046,0.64377693530203,0.9998951922569724,0.9938003099974846,0.9996551322370777,0.9999943890066315,0.018024444580078125,0.2976539134979248,3.126436288023159e-28,0.05349009265222045,3.82279202909439e-09,9.409684228719246e-11,2.1276432089362595e-13,1.2419980846084584e-15,2.0264186786328024e-15,2.0264186786328024e-15,2.4068405815774877e-06,0.1015625,2.3331614042792766e-06,0.150390625,0.5B,16384
0,6,agent_16384,agent,16384,9.704060527839234,60.871187927392576,250.34427708703598,0.3820447111584018,251.48984029225653,0.2341126285509741,0.08437691485610699,0.3972160155901852,0.05155733684372318,4081.461544305086,14.324892222881317,1.1147537049522228e-05,0.9999992907019424,0.0392156862745098,0.269060848917888,3.7233030104501177,0.9967927606326652,0.574472465378319,0.7108143691966999,0.8150755429280345,0.2119593620300293,0.03904867172241211,1.4761771374683563e-09,0.7992045221377063,0.017212330985775324,0.007199712801602988,0.0009912216121627222,7.74370917418042e-05,1.5375551818452343e-05,6.989131920507758e-07,7.475084026402263e-05,0.1015625,1.2205517600953703e-05,0.150390625,0.5B,16384
0,7,agent_16384,agent,16384,9.704060527839234,34.70325372389511,269.0566928796669,1.1562916518015032,271.3680606663808,0.17729918298804612,0.06827968330085932,0.30496422539709617,0.17412286651773878,1320.091036658734,8.971307065337896,0.001298852810999941,0.9998706795966947,0.0392156862745098,0.16611760176004045,0.13766388517389974,0.9999323068178979,0.9991569674988081,0.9999434505922215,0.9999993933745541,0.2578073740005493,0.11525619029998779,3.0945058460927277e-28,0.0049637238788324545,7.830750952774533e-11,1.1223647035479327e-12,2.439702210346473e-15,8.555721867296739e-16,8.922352912339993e-16,1.05898243309999e-15,1.1786676096639605e-09,0.1015625,7.960199586731422e-10,0.150390625,0.5B,16384
0,8,agent_16384,agent,16384,9.704060527839234,131.2287054639814,269.0566928796669,1.1562916518015032,271.3680606663808,0.17729918298804612,0.06827968330085932,0.30496422539709617,0.17412286651773878,2945.128637470305,6.598092254251242,0.011268389657577975,0.9985571328800517,0.0,0.08524754050159584,4.9324099596376065,0.9931701620400427,0.25172963644065993,0.3671813502391577,0.5212959992585344,0.061301857233047485,0.02374887466430664,0.010796225588212985,1.3842843659673221e-08,0.021098077852339456,0.0030689551529197393,3.3515788288185344e-05,9.648374746410805e-07,1.5707186901766455e-07,1.2768863052855553e-08,0.0010900594570455383,0.101806640625,1.294870438313948e-05,0.150634765625,0.5B,16384
0,9,agent_16384,agent,16384,9.704060527839234,59.46316760107987,269.0566928796669,1.1562916518015032,271.3680606663808,0.17729918298804612,0.06827968330085932,0.30496422539709617,0.17412286651773878,389.66776395216584,39.710699800401926,1.4630451955051091e-08,0.9999999999989999,0.0392156862745098,0.026786412471184594,2.2973800677254115,0.9995309206093852,0.857766282778073,0.9868203847965891,0.9959036403781155,0.05684947967529297,0.5467767715454102,7.168413031237066e-19,0.9956827351702875,4.748263908457807e-05,4.152266249178804e-06,5.699050690094128e-08,2.005117040000785e-09,2.8929439757601463e-10,1.615627478543734e-11,4.514044737475468e-07,0.1015625,2.461231413302961e-07,0.150390625,0.5B,16384
0,10,agent_16384,agent,16384,9.704060527839234,64.06932550709605,269.0566928796669,1.1562916518015032,271.3680606663808,0.17729918298804612,0.06827968330085932,0.30496422539709617,0.17412286651773878,1044.7282626423985,2.57543789036572,0.308341546277558,0.921685226816926,0.0392156862745098,0.061470341316949485,7.822183430843396,0.8711235868330548,0.0419985240828677,0.0649311814094261,0.10297357323687284,0.006196305155754089,0.007386684417724609,1.0781029811245285e-06,0.07889088509773806,0.3913829400444682,0.2838812519741416,0.17366875632674458,0.11095894894192454,0.06734877266932386,0.027479861930174564,0.14250181255201969,0.1015625,0.12319477338490012,0.150390625,0.5B,16384
0,11,agent_16384,agent,16384,9.704060527839234,56.81683124948471,269.0566928796669,1.1562916518015032,271.3680606663808,0.17729918298804612,0.06827968330085932,0.30496422539709617,0.17412286651773878,1213.7168451584876,22.843013275414705,1.7900028790369418e-08,0.9999999998630291,0.0392156862745098,0.08456309329615369,1.0999395295679268,0.9996492144167333,0.9519083916816554,0.9669899539591355,0.9798296558720709,0.04755520820617676,0.014520406723022461,1.3340927146747638e-25,0.9622126685226735,0.001578126803779075,0.0002272151532163534,4.59087828477478e-06,1.5771922463548827e-07,3.1269319937484644e-08,2.8892364792915176e-09,2.739510263101973e-06,0.1015625,4.999084680563419e-07,0.150390625,0.5B,16384
0,12,agent_16384,agent,16384,9.704060527839234,66.94964500974602,269.0566928796669,1.1562916518015032,271.3680606663808,0.17729918298804612,0.06827968330085932,0.30496422539709617,0.17412286651773878,1297.0022414922714,11.752695918083191,0.00010647565736705047,0.9999917610403504,0.0392156862745098,0.07403427724445064,4.240343050302315,0.9961913593414788,0.4303150097639427,0.5645302060199787,0.6998170476942345,0.08039546012878418,0.1060745120048523,0.09281086813147106,5.984031053286152e-09,0.01677103826822409,0.001128490785027611,2.9000617320816676e-06,4.457212439311956e-09,1.2987517476302903e-09,4.3203231260373793e-10,8.192228440835644e-09,0.1015625,2.698285029183951e-09,0.150390625,0.5B,16384
0,13,agent_16384,agent,16384,9.704060527839234,54.03659083289635,269.0566928796669,1.1562916518015032,271.3680606663808,0.17729918298804612,0.06827968330085932,0.30496422539709617,0.17412286651773878,1227.8910110108554,29.051119845360518,1.4651556880564591e-08,0.9999999999982334,0.0392156862745098,0.08934902224367938,1.4170115831318717,0.9996870202561149,0.9621517970561623,0.9768796032500615,0.9881120838086268,0.16232085227966309,0.17432808876037598,6.846942377964132e-14,0.9663097341270763,0.0008305838309026873,0.00016559974090368804,8.43423571652672e-06,7.68945635495733e-07,1.802573707780232e-07,2.6299439406955736e-08,1.410564321684405e-05,0.1015625,4.429272725971646e-06,0.150390625,0.5B,16384
1,0,agent_16384,agent,16384,9.704060527839234,16.7799587854077,25.679286857845863,1.6347154818463694,30.123892122687913,1.991395946748567,0.5639437538400119,2.8450825080910622,0.2613891166642049,51.24948563426733,14.846973977982998,5.9293210423614e-06,0.9999996298653286,0.0392156862745098,0.2879195830730196,1.705317896068255,0.9951350939559956,0.8776525561871364,0.8992642903559902,0.9185213435041262,0.07389402389526367,0.09549617767333984,0.0004520388858882626,0.8919010315954866,0.04885749254115252,0.03222569151978354,0.01418416399080349,0.005727167771592975,0.002793015965528437,0.000766298109548955,0.046535751158662875,0.1015625,0.03925983149073706,0.150390625,0.5B,16384
1,1,agent_16384,agent,16384,9.704060527839234,9.940704896540444,25.679286857845863,1.6347154818463694,30.123892122687913,1.991395946748567,0.5639437538400119,2.8450825080910622,0.2613891166642049,21.430673085153103,18.35001554340124,2.2592263519570903e-07,0.9999999891131629,0.0392156862745098,0.20326474525414615,4.051511248825072,0.9761798538032154,0.6412365644602216,0.7221919006410735,0.7841105679753595,0.2698631286621094,0.04313373565673828,0.0005167618714977714,0.7694982973315048,0.16134611017908496,0.11925999641937085,0.07295012659269748,0.0415213639376268,0.026626757502456688,0.012225355360183253,0.10459898431714956,0.1015625,0.0824274374327028,0.150390625,0.5B,16384
1,2,agent_16384,agent,16384,9.704060527839234,13.009504374315068,25.679286857845863,1.6347154818463694,30.123892122687913,1.991395946748567,0.5639437538400119,2.8450825080910622,0.2613891166642049,53.861371606588364,26.442434281110764,1.4718484218893047e-08,0.999999999995707,0.0392156862745098,0.2775368673826604,2.6405571202660933,0.9948078221874401,0.8475321634131424,0.9095358436976682,0.9313606806643251,0.08055973052978516,0.2193613052368164,5.893322848430097e-05,0.9265393282051047,0.04086986241715227,0.028257995839214123,0.014628780477704086,0.0069539985504405,0.0038757444875661103,0.0014403658969406935,0.026452406602705314,0.1015625,0.017618662315634432,0.150390625,0.5B,16384
1,3,agent_16384,agent,16384,9.704060527839234,10.406534234022839,25.679286857845863,1.6347154818463694,30.123892122687913,1.991395946748567,0.5639437538400119,2.8450825080910622,0.2613891166642049,-10.34250944852829,9.94493793696165,0.0010035252808017331,0.999908923155026,0.0392156862745098,0.08712329770029952,6.4432480423617395,0.9152692242601962,0.2307029262605366,0.32433632175788196,0.4267513072954238,0.07705974578857422,0.008764505386352539,0.0008609814677758558,0.3078670541793968,0.38966419267596775,0.34306484893559536,0.25587357796056226,0.18758374312422232,0.1407266598245564,0.07920265609406402,0.16028231315789412,0.1015625,0.13534779220465717,0.150390625,0.5B,16384
1,4,agent_16384,agent,16384,9.704060527839234,14.410585657113941,25.679286857845863,1.6347154818463694,30.123892122687913,1.991395946748567,0.5639437538400119,2.8450825080910622,0.2613891166642049,61.95562633872032,25.46901035308838,1.48575409979039e-08,0.9999999999902993,0.0392156862745098,0.28350261913782815,1.9912690155670894,0.9972180717892424,0.9089615694967967,0.9414706277875533,0.9554907031450028,0.4024312496185303,0.15662527084350586,5.439236010132907e-06,0.9499304983428376,0.024923946581357825,0.016016634136378192,0.007127016795070284,0.0031318179440290765,0.00164536886390295,0.0005568306703225285,0.009805994989417904,0.1015625,0.006451001300193178,0.150390625,0.5B,16384
1,5,agent_16384,agent,16384,9.704060527839234,9.973703343623768,25.679286857845863,1.6347154818463694,30.123892122687913,1.991395946748567,0.5639437538400119,2.8450825080910622,0.2613891166642049,17.855403885245323,12.1894671022892,8.337086306021616e-05,0.9999938083760227,0.0392156862745098,0.13203545055544355,5.6365551388722315,0.9457014555632955,0.3363716420354487,0.45064474755357103,0.5584794840664942,0.1933368444442749,0.01820671558380127,0.00027132790930136253,0.5842077378155469,0.21438686083721126,0.1662092104699617,0.11366240774838438,0.07648982178322479,0.05592311760766047,0.03283408383695612,0.1084911498321528,0.1015625,0.08467603676261626,0.150390625,0.5B,16384
1,6,agent_16384,agent,16384,9.704060527839234,11.912971201460712,25.679286857845863,1.6347154818463694,30.123892122687913,1.991395946748567,0.5639437538400119,2.8450825080910622,0.2613891166642049,41.299709998071194,20.699068628251553,4.200842068180341e-08,0.9999999987577093,0.0392156862745098,0.2622657261317299,3.432509094605413,0.9897590478493498,0.7203859420306388,0.7934849393597029,0.8476587686225002,0.00629425048828125,0.007145226001739502,0.0002207003285617491,0.7961692781297234,0.09021973132679954,0.06022053745663516,0.030194670770332208,0.014403717811364639,0.008228593534160219,0.0031990203463518776,0.05863362080581933,0.1015625,0.04478729846308408,0.150390625,0.5B,16384
1,7,agent_16384,agent,16384,9.704060527839234,17.96996756533475,208.23347853455644,0.4744868170940953,209.52702683666786,2.7562625982374764,0.24219011521373882,3.7038332231352307,0.036581461225352226,2781.6925998181105,11.998330444097519,8.30792614912817e-05,0.9999936596776334,0.0392156862745098,0.7472929251402153,5.335063140628419,0.9731203822100467,0.2929042477343626,0.4259752785913636,0.5673894489676431,0.08865821361541748,0.052556395530700684,1.9363055761329288e-05,0.6302541729866988,0.018916924177295288,0.012239019133395722,0.00529380005177378,0.0033447401686469724,0.002754672810578409,0.001888983391438742,0.012707203253934722,0.1015625,0.010585914643007404,0.150390625,0.5B,16384
1,8,agent_16384,agent,16384,9.704060527839234,14.92948721806736,208.23347853455644,0.4744868170940953,209.52702683666786,2.7562625982374764,0.24219011521373882,3.7038332231352307,0.036581461225352226,353.95586485415697,30.52837983518839,1.4632048889466977e-08,0.9999999999989422,0.0392156862745098,0.13403646487965945,1.7413811653335776,0.9995806781763451,0.9800670026318259,0.9869153682079256,0.9914156387307506,0.558468222618103,0.1421675682067871,6.936175924604035e-13,0.9821319081076061,0.0009374404220425118,0.0003963114189825725,9.965676864937806e-05,2.3302678958778185e-05,8.066549481684578e-06,1.4632718712504977e-06,0.0003428998395219273,0.1015625,0.00015036948790027318,0.150390625,0.5B,16384
1,9,agent_16384,agent,16384,9.704060527839234,16.97150157341347,208.23347853455644,0.4744868170940953,209.52702683666786,2.7562625982374764,0.24219011521373882,3.7038332231352307,0.036581461225352226,622.7929872125387,23.490259297192097,1.7437940585696546e-08,0.9999999998844114,0.0392156862745098,0.20202555827497357,0.5598219165599065,0.9998393936911929,0.9909981089987503,0.9937898619141624,0.9960861721451333,0.1886577606201172,0.05678701400756836,1.4131473484340368e-12,0.989791892487888,0.0004535115384064981,0.0001910120588456433,3.69330177061948e-05,7.342669990391909e-06,2.0910974654189605e-06,2.822058621738488e-07,0.000248451598830613,0.1015625,0.00011242669759365092,0.150390625,0.5B,16384
1,10,agent_16384,agent,16384,9.704060527839234,11.372373770321229,208.23347853455644,0.4744868170940953,209.52702683666786,2.7562625982374764,0.24219011521373882,3.7038332231352307,0.036581461225352226,781.3686758242548,29.543447319418192,1.4634523873339652e-08,0.9999999999988523,0.0392156862745098,0.3382996219828596,2.963641150135888,0.9986246998114329,0.7042858443565088,0.9051306233831681,0.9701407743366375,0.056971073150634766,0.1137702465057373,4.81198024097445e-12,0.9857235099794956,0.0017186469314197173,0.0009987320264024631,0.0004168256268645147,0.00014299308754453133,5.7085299924009646e-05,1.4919184526636725e-05,0.00027740764234256,0.1015625,9.142788886780391e-05,0.150390625,0.5B,16384
1,11,agent_16384,agent,16384,9.704060527839234,13.275144255118347,208.23347853455644,0.4744868170940953,209.52702683666786,2.7562625982374764,0.24219011521373882,3.7038332231352307,0.036581461225352226,894.9367103278637,22.792324371635914,1.767717322529147e-08,0.9999999998709392,0.0392156862745098,0.3382118206020139,2.2480461525386457,0.9989714021495681,0.8896796561898649,0.9643533449669569,0.9785920992399769,0.09259498119354248,0.12056899070739746,2.985297742107259e-10,0.9797119115484111,0.002219431302542087,0.0012649206937385637,0.0005600057585148471,0.0002381789299261132,0.00012550171580974931,4.357986108684273e-05,0.0004066683792324671,0.1015625,0.00022922221728268648,0.150390625,0.5B,16384
1,12,agent_16384,agent,16384,9.704060527839234,19.416563320464725,208.23347853455644,0.4744868170940953,209.52702683666786,2.7562625982374764,0.24219011521373882,3.7038332231352307,0.036581461225352226,2859.449837580323,9.585374608635902,0.0008988097342996388,0.9999172131713573,0.0392156862745098,0.7127393961230707,6.117383142280183,0.9536154478676142,0.18524984167070083,0.2997888508972656,0.4225656936184036,0.001717209815979004,0.04207518696784973,1.4470140443943601e-05,0.4214844980662852,0.024113679226225735,0.020921768711217672,0.014711258054017073,0.009312942502734584,0.006060308829720926,0.0031114978118127563,0.01340572748338994,0.1015625,0.010029636110527998,0.150390625,0.5B,16384
1,13,agent_16384,agent,16384,9.704060527839234,19.78660920363544,208.23347853455644,0.4744868170940953,209.52702683666786,2.7562625982374764,0.24219011521373882,3.7038332231352307,0.036581461225352226,3139.3251266404986,5.5755715779960155,0.03796970922237955,0.9944305018266628,0.0392156862745098,0.7654755904232466,6.001719402737414,0.9610096487323331,0.20258677903547134,0.29604008882786165,0.4296133696740686,0.015361547470092773,0.029786288738250732,1.0566909335355819e-05,0.36733342145854064,0.021251368768900714,0.014459680315647329,0.007616162520965835,0.006230131743012663,0.005118624006409873,0.0030280403131358446,0.015705506789537804,0.1015625,0.012286007480115935,0.150390625,0.5B,16384
2,0,agent_16384,agent,16384,9.704060527839234,11.373029219154937,64.52906600101149,1.2011517407479815,67.2962040567708,2.3208736241401713,0.3390533735022728,5.436600980758978,0.16814579666554727,167.1901838928461,16.722920164465904,1.6478790392616928e-06,0.9999999093830116,0.0392156862745098,0.3295461008487255,2.081840034521628,0.9967380071627862,0.8918008179525289,0.9117572372109215,0.9292053644311136,0.08294677734375,0.13620978593826294,1.271091737985086e-06,0.8973835819433467,0.028848505474914576,0.017416059663129126,0.0068512714274662845,0.0026431268420702013,0.0012730038573894225,0.00039696706499972036,0.015555746654042336,0.1015625,0.009527413589173094,0.150390625,0.5B,16384
2,1,agent_16384,agent,16384,9.704060527839234,10.345219121892399,64.52906600101149,1.2011517407479815,67.2962040567708,2.3208736241401713,0.3390533735022728,5.436600980758978,0.16814579666554727,137.0322612337768,29.92667083069682,1.463323148763265e-08,0.9999999999988993,0.0392156862745098,0.24359114573311175,2.865523587941469,0.9986620494783577,0.7420081220416693,0.9242530571898578,0.9664922786830534,0.04285675287246704,0.03423839807510376,8.25312660808904e-09,0.9744968086982317,0.008366584428280635,0.0037776794069788633,0.0012052178239307777,0.00034527777016181313,0.00013901943082217453,2.9719994656304492e-05,0.0006247213265230208,0.1015625,0.00026910077483727955,0.150390625,0.5B,16384
2,2,agent_16384,agent,16384,9.704060527839234,13.735508990207736,64.52906600101149,1.2011517407479815,67.2962040567708,2.3208736241401713,0.3390533735022728,5.436600980758978,0.16814579666554727,159.22936757840216,10.915065106004477,0.00022176196549911797,0.9999815066854781,0.0392156862745098,0.2374116371608428,2.9259602590346265,0.9973794394876491,0.739489783642095,0.8169388744878285,0.8745678969648583,0.04163217544555664,0.1053871363401413,5.5245832710107286e-12,0.37426218665327293,0.030708861732848636,0.011506761850815646,0.0018804019545049263,0.00028637885143590323,8.199558320416118e-05,1.1791631305188743e-05,0.001031581768284915,0.1015625,0.0002510381319250238,0.150390625,0.5B,16384
2,3,agent_16384,agent,16384,9.704060527839234,12.311156069440509,64.52906600101149,1.2011517407479815,67.2962040567708,2.3208736241401713,0.3390533735022728,5.436600980758978,0.16814579666554727,168.775955170393,24.733828369528055,1.509678608405453e-08,0.9999999999807359,0.0392156862745098,0.3052465204197494,1.5884025833349018,0.999325790867439,0.9655606178223117,0.9768722661373015,0.9851183116382428,0.13374483585357666,0.04890140891075134,6.101981480866662e-07,0.960509367212598,0.004420074533001702,0.002480247598148558,0.0008827619565885534,0.00030703245303958447,0.0001370869022419155,3.788717442498998e-05,0.0020530878434842073,0.1015625,0.0012571059999042188,0.150390625,0.5B,16384
2,4,agent_16384,agent,16384,9.704060527839234,10.707940907406302,64.52906600101149,1.2011517407479815,67.2962040567708,2.3208736241401713,0.3390533735022728,5.436600980758978,0.16814579666554727,169.0944300107658,22.58291293680668,1.8417292743294525e-08,0.999999999838763,0.0392156862745098,0.30415652844129576,3.3419677800430434,0.9943361621063855,0.7393910268280852,0.8296304756712258,0.8720335324203161,0.3284550905227661,0.0022298693656921387,3.0187231051245187e-07,0.832460950350792,0.05453139243231056,0.029045487322913666,0.011304694756168921,0.00436040133251303,0.002211474556605794,0.0007690942197552309,0.019859884171402057,0.1015625,0.010633936411366736,0.150390625,0.5B,16384
2,5,agent_16384,agent,16384,9.704060527839234,5.46319784337782,64.52906600101149,1.2011517407479815,67.2962040567708,2.3208736241401713,0.3390533735022728,5.436600980758978,0.16814579666554727,118.14641419053078,9.73918317630887,0.0006518244941056544,0.9999398342500312,0.0392156862745098,0.3826352137510046,7.576852698696134,0.8353951980802096,0.1350385495526702,0.18039404243173848,0.23470198556361188,0.016781091690063477,0.050132930278778076,4.087110349062679e-05,0.254011088529701,0.6483604079677752,0.5608698589674657,0.4171584183956092,0.30423636054091274,0.23562350584308422,0.14894797509733343,0.09665452915504728,0.1015625,0.06783868228225755,0.150390625,0.5B,16384
2,6,agent_16384,agent,16384,9.704060527839234,10.036666827699635,64.52906600101149,1.2011517407479815,67.2962040567708,2.3208736241401713,0.3390533735022728,5.436600980758978,0.16814579666554727,151.29291563853621,25.80656317807734,1.4799929498088779e-08,0.9999999999925757,0.0392156862745098,0.30959575377497517,2.058429854670906,0.9989798776410447,0.9369753983732897,0.9740557968051371,0.9822061906717118,0.03334355354309082,0.18057715892791748,2.5527479843433364e-07,0.974836986286353,0.006473199460246627,0.003913337112327675,0.0015849269260473648,0.0006317273864180031,0.00031363233178613784,0.0001002009882711912,0.0020266179766701337,0.1015625,0.0011976082167897567,0.150390625,0.5B,16384
2,7,agent_16384,agent,16384,9.704060527839234,11.182214202162433,117.81422955297106,1.6934172673925825,123.23016303483382,2.3642072766566304,1.091383561854587,3.8992923107158433,0.17119485649809457,195.46882681548595,14.112306296825409,1.1308047311068592e-05,0.9999992539117342,0.0392156862745098,0.1887127732397142,4.47398887625522,0.9824269705851367,0.5099409898221705,0.5940591425209077,0.6811878479950458,0.03850597143173218,0.03382062911987305,3.964919023289051e-05,0.5561593565888644,0.17005073930017472,0.10193864735048964,0.044786829619768855,0.018218520750323666,0.008873193108323248,0.0026951852338073534,0.086010133907946,0.1015625,0.051319435481910786,0.150390625,0.5B,16384
2,8,agent_16384,agent,16384,9.704060527839234,11.556795445098702,117.81422955297106,1.6934172673925825,123.23016303483382,2.3642072766566304,1.091383561854587,3.8992923107158433,0.17119485649809457,200.09556363895535,20.85788470134139,3.602168932682689e-08,0.9999999990304933,0.0392156862745098,0.18973395455448672,2.393714914950215,0.9965219301344508,0.8365365973196419,0.8763698947394837,0.9119141620761939,0.07565844058990479,0.05106443166732788,2.6038853286986645e-07,0.8855837698091978,0.034974600766724706,0.01961164137818855,0.006690067481979079,0.002132304895458816,0.0009599696268369032,0.00028198642123580055,0.012846548063035004,0.1015625,0.007633577486896299,0.150390625,0.5B,16384
2,9,agent_16384,agent,16384,9.704060527839234,11.645452821869641,117.81422955297106,1.6934172673925825,123.23016303483382,2.3642072766566304,1.091383561854587,3.8992923107158433,0.17119485649809457,374.27159447968006,17.625070795416832,7.432477800333938e-07,0.9999999613671752,0.0392156862745098,0.3146217393290404,5.055266221402191,0.9792334114308449,0.4225278387990052,0.5064639110706287,0.5969596798148864,0.1402806043624878,0.06999480724334717,9.990569283530309e-06,0.5176118942346415,0.24249332577571917,0.13339795913265937,0.052862592982652175,0.021828700214119093,0.011654509306217956,0.00418365026872831,0.14532937508131138,0.1015625,0.0909920874061911,0.150390625,0.5B,16384
2,10,agent_16384,agent,16384,9.704060527839234,11.820659523942103,117.81422955297106,1.6934172673925825,123.23016303483382,2.3642072766566304,1.091383561854587,3.8992923107158433,0.17119485649809457,274.6323001086712,26.9649947732687,1.4702385695886137e-08,0.9999999999963445,0.0392156862745098,0.25093697083153527,0.6393499441905993,0.9994709922561077,0.9683864809003438,0.9791388276272751,0.9867695186462662,0.07770371437072754,0.3396812677383423,4.602306913140348e-08,0.9833452218122478,0.004814785186061202,0.002652925950726878,0.000830922261828417,0.00023475007749372106,9.781816115648376e-05,2.5421935437331138e-05,0.00128795171191233,0.1015625,0.000622997865616197,0.150390625,0.5B,16384
2,11,agent_16384,agent,16384,9.704060527839234,10.63183576931274,117.81422955297106,1.6934172673925825,123.23016303483382,2.3642072766566304,1.091383561854587,3.8992923107158433,0.17119485649809457,292.62519612908363,15.459897123277187,3.4128332102174064e-06,0.9999997956406785,0.0392156862745098,0.2723017114083918,4.678470156321727,0.9824704916155147,0.49517587055929496,0.5952988784772811,0.6884838182816887,0.11361134052276611,0.016220033168792725,5.31449566824393e-05,0.6031607723791963,0.1855332074603965,0.11226071162255916,0.04666749698814007,0.020488927444320452,0.01094038862741626,0.004073962424993981,0.1251293002540891,0.1015625,0.08155432177204062,0.150390625,0.5B,16384
2,12,agent_16384,agent,16384,9.704060527839234,10.325754617912269,117.81422955297106,1.6934172673925825,123.23016303483382,2.3642072766566304,1.091383561854587,3.8992923107158433,0.17119485649809457,267.3111948594451,19.072987124323845,1.7260096032752968e-07,0.999999992304128,0.0392156862745098,0.2544899764495712,4.076738643241428,0.9882499053701177,0.560978701634633,0.6566107517938518,0.7548475043369547,0.053917646408081055,0.039503008127212524,1.2189000387675579e-05,0.6628117436310618,0.12070388189065814,0.07261492423737481,0.031033383219769308,0.012537656920122108,0.00636228323684381,0.0022276080937899175,0.05837185159996542,0.1015625,0.03228422613065258,0.150390625,0.5B,16384
2,13,agent_16384,agent,16384,9.704060527839234,8.352003212586741,117.81422955297106,1.6934172673925825,123.23016303483382,2.3642072766566304,1.091383561854587,3.8992923107158433,0.17119485649809457,310.03783837892115,13.788336450234056,1.545102210702469e-05,0.9999989603889564,0.0392156862745098,0.3357660508415937,6.4425927729966865,0.9233000090068064,0.22846607555730478,0.30965185882434765,0.41828550524498875,0.25475671142339706,0.03279083967208862,0.00014440770670285302,0.34529504474677847,0.733020561089676,0.56095243366247,0.4100149483526462,0.2666611295980409,0.19573586689852718,0.11670811943402551,0.148398418324111,0.1015625,0.10069948633475362,0.150390625,0.5B,16384
3,0,agent_16384,agent,16384,9.704060527839234,19.68335674375611,23.3300493600985,1.8784159709511306,28.7941822401277,3.8690458901977713,0.5302125626619417,5.5131644428620925,0.06899106461366859,-79.86852089688182,7.464227177202702,0.008563044810567803,0.9990062120795193,0.0392156862745098,0.5043001910332348,2.2074991753040933,0.9995231482319411,0.8881998301209396,0.9707115164873386,0.994246361502509,0.02616417407989502,0.03979969024658203,0.11549350259129625,0.007185709203858623,0.00044505195907230033,0.0002030191690546283,4.985410363350774e-05,1.336141409253503e-05,5.093899626160506e-06,1.0849223290765891e-06,0.0016123851272763362,0.1015625,0.000230614400953885,0.150390625,0.5B,16384
3,1,agent_16384,agent,16384,9.704060527839234,14.617539055626983,23.3300493600985,1.8784159709511306,28.7941822401277,3.8690458901977713,0.5302125626619417,5.5131644428620925,0.06899106461366859,-19.988197792321444,36.23035344667733,1.4630458054870559e-08,0.9999999999989997,0.0392156862745098,0.47011085660669966,2.262234360152746,0.9988223654228703,0.9086923403955328,0.9819235057164646,0.986770453656412,0.10602885484695435,0.18905283510684967,0.031153257339525727,0.9528569240788956,0.003759034046946926,0.0024352054873281086,0.001148219869767267,0.0005179900764614772,0.00027530057381570315,9.551621913404653e-05,0.0026775606779003724,0.1015625,0.0016556363083204803,0.150390625,0.5B,16384
3,2,agent_16384,agent,16384,9.704060527839234,15.49202226145734,23.3300493600985,1.8784159709511306,28.7941822401277,3.8690458901977713,0.5302125626619417,5.5131644428620925,0.06899106461366859,-24.038759395480156,41.61799029260874,1.4630451844721294e-08,0.9999999999989999,0.0392156862745098,0.49643937028364027,2.6501039126226678,0.9984246191988878,0.827062504199925,0.9535402771741706,0.97474724096127,0.46108299493789673,0.5582334995269775,0.2352253882773213,0.7332072236333584,0.006471416406920847,0.004063127291870491,0.001746994039910363,0.0007360812734820267,0.000388741821084239,0.0001347737138058721,0.003100519260828646,0.1015625,0.001984224860071723,0.150390625,0.5B,16384
3,3,agent_16384,agent,16384,9.704060527839234,12.46520641711443,23.3300493600985,1.8784159709511306,28.7941822401277,3.8690458901977713,0.5302125626619417,5.5131644428620925,0.06899106461366859,-30.60908940434456,2.987488005310297,0.21698081730042948,0.9483835176036832,0.0392156862745098,0.5467048807540896,4.024503202419616,0.9833938022910057,0.5253631771356159,0.5740054760412794,0.6368152016101868,0.07545351982116699,0.06382018327713013,0.45007070972858215,0.20028251905795372,0.22341837705219958,0.11710237197122177,0.044024621165357325,0.018279279408728158,0.00996677163343367,0.004043920163914094,0.021605337512582094,0.1015625,0.012030125585384745,0.150390625,0.5B,16384
3,4,agent_16384,agent,16384,9.704060527839234,21.922943346143327,23.3300493600985,1.8784159709511306,28.7941822401277,3.8690458901977713,0.5302125626619417,5.5131644428620925,0.06899106461366859,-64.7429765239358,29.204300545156002,1.463616457825755e-08,0.9999999999987923,0.0392156862745098,0.5014027511677643,0.24121791817257937,0.9998812136913756,0.9930207049533081,0.996115066510389,0.9979866612133121,0.08336877822875977,0.1395738124847412,0.964759665732058,0.029719699073045322,0.0032324772006758905,0.0014654424152640783,0.00036880398529362746,9.4533407083576e-05,3.6216220182795336e-05,7.148861742890818e-06,0.0030946680299501227,0.1015625,0.002088911034122613,0.150390625,0.5B,16384
3,5,agent_16384,agent,16384,9.704060527839234,20.830202579975996,23.3300493600985,1.8784159709511306,28.7941822401277,3.8690458901977713,0.5302125626619417,5.5131644428620925,0.06899106461366859,-121.47587527215364,3.457296340056928,0.311782994251315,0.9420613863020348,0.0,0.47550119478058744,5.047602017473255,0.9925502163283474,0.13473271732838032,0.23817857562339464,0.38269530904038335,0.02584749460220337,0.014967799186706543,0.013444642222184756,0.00012187490296660908,0.0007876088512723516,6.245872815142123e-05,1.1493426240247758e-05,1.9421084802240477e-06,7.357327981285232e-07,1.1535629559524053e-07,0.019386255544796945,0.101806640625,0.011549719054880437,0.150634765625,0.5B,16384
3,6,agent_16384,agent,16384,9.704060527839234,14.663298922836074,23.3300493600985,1.8784159709511306,28.7941822401277,3.8690458901977713,0.5302125626619417,5.5131644428620925,0.06899106461366859,-5.584163554012775,17.121655769646168,6.794523239416057e-07,0.9999999633203509,0.0392156862745098,0.5071391549349639,3.2451770400328823,0.9978732966476549,0.6659115453401683,0.7875542242546145,0.8971309005863741,0.20252889394760132,0.07966876029968262,0.08474169252830119,0.8649093975610302,0.003573645926155453,0.0022850260234582326,0.0010906880154178704,0.0004925648238128616,0.0002720061937632856,9.151903862319666e-05,0.0009320511258955852,0.1015625,0.0005473237397569035,0.150390625,0.5B,16384
3,7,agent_16384,agent,16384,9.704060527839234,18.09256037036219,33.518687949760846,1.1280484813066403,36.49752057158863,2.875749532777129,0.9435610853844989,5.0002659544397465,0.23402752220801068,165.73422345751897,16.286568006966263,1.5553270835284497e-06,0.9999999117465415,0.0392156862745098,0.39619965563376586,4.30858739462016,0.9858294165550788,0.5350125849191646,0.5859682345992497,0.6415927097370134,0.11288802325725555,0.031012997031211853,5.276300038326466e-05,0.5346658341231139,0.2702495804205472,0.14334449428161217,0.0335119155636644,0.006207364647645189,0.0018241808854234467,0.00029793406642175544,0.41416987181947773,0.1015625,0.30860544491119934,0.150390625,0.5B,16384
3,8,agent_16384,agent,16384,9.704060527839234,13.481423782723827,33.518687949760846,1.1280484813066403,36.49752057158863,2.875749532777129,0.9435610853844989,5.0002659544397465,0.23402752220801068,168.87302011996508,21.74027407821268,2.7644314055481952e-08,0.9999999994323565,0.0392156862745098,0.48442426042414655,1.5967539710319392,0.9968313121179108,0.9383970113549985,0.9481932766545748,0.9545512476267898,0.04193750023841858,0.01577088236808777,0.00018636833511557975,0.9485152873380148,0.028760510085839346,0.019624888717459023,0.008679149402457264,0.003282713455172459,0.0015363546815432688,0.0004583922957563498,0.023194868699072557,0.1015625,0.017088593246894674,0.150390625,0.5B,16384
3,9,agent_16384,agent,16384,9.704060527839234,10.019918991230623,33.518687949760846,1.1280484813066403,36.49752057158863,2.875749532777129,0.9435610853844989,5.0002659544397465,0.23402752220801068,45.1977926120162,7.9145134929567575,0.004033575504689549,0.9995705242578325,0.0392156862745098,0.21459957809001842,7.698430133270955,0.849828661925921,0.09041647335709846,0.12165568234012651,0.17000937229753502,0.03616297245025635,0.002529144287109375,0.03644594474445777,0.08185710490622161,0.5038216879194287,0.5101050414987452,0.4600457975000524,0.3844199077308729,0.29142812336036905,0.171096711179704,0.17802207008326534,0.1015625,0.1320161695160081,0.150390625,0.5B,16384
3,10,agent_16384,agent,16384,9.704060527839234,13.003362807574813,33.518687949760846,1.1280484813066403,36.49752057158863,2.875749532777129,0.9435610853844989,5.0002659544397465,0.23402752220801068,170.99857193231583,19.87459274381399,6.799227238320948e-08,0.9999999974688731,0.0392156862745098,0.5039314230101525,1.553028444554584,0.9935732406192884,0.8752218954807996,0.8869857020087065,0.9001361239807049,0.21074509620666504,0.09752941131591797,0.00019792875277287154,0.8845856510158511,0.06645046274188153,0.04450625725960227,0.018311555456380246,0.006058190660697441,0.002609375355903613,0.0007140047384172718,0.06212488647524611,0.1015625,0.04842544778063906,0.150390625,0.5B,16384
3,11,agent_16384,agent,16384,9.704060527839234,14.051425387751639,33.518687949760846,1.1280484813066403,36.49752057158863,2.875749532777129,0.9435610853844989,5.0002659544397465,0.23402752220801068,146.21294282376766,1.2997595071792603,0.5210999481340214,0.7856620090766863,0.0392156862745098,0.408846222408338,6.557452462484505,0.9589178782658399,0.11736440921086268,0.17277749455666533,0.25676065861095837,0.027929186820983887,0.01626729965209961,0.003076775007191774,0.12551928200103468,0.1776870548780364,0.14900806788781124,0.09999561153784768,0.049176328233339506,0.025071442174770482,0.007466944091901785,0.2178663548895567,0.1015625,0.15353760561017832,0.150390625,0.5B,16384
3,12,agent_16384,agent,16384,9.704060527839234,13.98684980774998,33.518687949760846,1.1280484813066403,36.49752057158863,2.875749532777129,0.9435610853844989,5.0002659544397465,0.23402752220801068,134.69043497741222,13.048787102103233,3.130141103055609e-05,0.9999977890319999,0.0392156862745098,0.4145939176455436,2.9720336094068056,0.9893056473540934,0.7826609101961229,0.802408263317734,0.8251927720508284,0.311589777469635,0.01831221580505371,0.0008553251083254945,0.7933131959055616,0.12990076488867128,0.08248370246727608,0.03253388825829084,0.010437330245864946,0.004242051127535651,0.0010844712837870657,0.1270181354717033,0.1015625,0.0943952043706496,0.150390625,0.5B,16384
3,13,agent_16384,agent,16384,9.704060527839234,12.247734337141859,33.518687949760846,1.1280484813066403,36.49752057158863,2.875749532777129,0.9435610853844989,5.0002659544397465,0.23402752220801068,121.07002199441195,20.418481154367328,4.8572753158145106e-08,0.9999999984379035,0.0392156862745098,0.40985722191792556,4.651146442161745,0.9760178712707104,0.5667382867365985,0.6023077169237443,0.6441895948265611,0.0019140243530273438,0.010918855667114258,0.0011050474824872549,0.59171702500298,0.3066313461244211,0.18717249458391208,0.07388829808696845,0.027863228130250675,0.013976614861359146,0.004490777523309603,0.30735995439853714,0.1015625,0.21602941873135775,0.150390625,0.5B,16384
4,0,agent_16384,agent,16384,9.704060527839234,23.592403429017043,22.594448248123015,1.646648808759916,26.13276706571863,3.936421655094249,0.7216842286827211,7.053459054187989,0.14319209721118223,-59.09480161964893,22.086625669151545,2.053290044079115e-08,0.9999999997430755,0.0392156862745098,0.6466724281050199,1.6779046744358426,0.9996735144504538,0.9834931009445985,0.9953266731229582,0.9968503169917063,0.04289442300796509,0.022265076637268066,0.2791004640349339,0.7157034010383748,0.0009016119675486435,0.00041836596825297505,0.0001468863415588101,4.5842531414365575e-05,1.8348994968906254e-05,4.012437906528662e-06,0.0004978036905700191,0.101806640625,0.0003106553447232316,0.150390625,0.5B,16384
4,1,agent_16384,agent,16384,9.704060527839234,22.52843591097436,22.594448248123015,1.646648808759916,26.13276706571863,3.936421655094249,0.7216842286827211,7.053459054187989,0.14319209721118223,-45.25230513885617,24.340350084006786,1.530739104677265e-08,0.9999999999721179,0.0392156862745098,0.6712988473402912,1.9747247177634857,0.9990855336663278,0.9531611675191433,0.9831772662512493,0.9880209301520989,1.3117749094963074,0.10855436325073242,0.44949384698236927,0.5327681343366957,0.006932568080948498,0.004308910164685407,0.0018986848206065977,0.0007966056104865139,0.0004120482568387085,0.00014263399181057592,0.002798380234639689,0.1015625,0.0018712956995337155,0.150390625,0.5B,16384
4,2,agent_16384,agent,16384,9.704060527839234,18.40442484564519,22.594448248123015,1.646648808759916,26.13276706571863,3.936421655094249,0.7216842286827211,7.053459054187989,0.14319209721118223,-43.22034957446158,9.000140169635415,0.0012351144144771176,0.9998765493946192,0.0392156862745098,0.6961067298853437,1.1975885663606747,0.9973251932202116,0.9499038317424864,0.9590140855294794,0.9663630595738635,0.6045153141021729,0.006679713726043701,0.1889025763011334,0.7676025996745587,0.01894167525908715,0.013242460747980965,0.006944461527985829,0.0033411152016236513,0.0018947458186375473,0.0007469589979276472,0.007175329519869681,0.1015625,0.004143040740814488,0.150390625,0.5B,16384
4,3,agent_16384,agent,16384,9.704060527839234,17.98107057202781,22.594448248123015,1.646648808759916,26.13276706571863,3.936421655094249,0.7216842286827211,7.053459054187989,0.14319209721118223,-27.79936289973557,18.83553201518953,2.53618946229435e-07,0.9999999881808949,0.0392156862745098,0.6993910036684238,3.4791944248763325,0.9866209900800986,0.7079294396771735,0.7725025411586134,0.8131750022183685,0.23709744215011597,0.07976929843425751,0.33882057531116205,0.47394708471617897,0.09217960677744949,0.06128682804089298,0.028757809163289696,0.013671520925241095,0.007817704845738158,0.0031908634884123713,0.025701114329464828,0.1015625,0.016829213065467034,0.150390625,0.5B,16384
4,4,agent_16384,agent,16384,9.704060527839234,21.26918228185409,22.594448248123015,1.646648808759916,26.13276706571863,3.936421655094249,0.7216842286827211,7.053459054187989,0.14319209721118223,-29.023541567847133,32.31011318601668,1.4630780659821487e-08,0.9999999999989879,0.0392156862745098,0.6253539884554339,2.217526069938692,0.9992485072328625,0.9230302278756217,0.9832303871194865,0.9882260900918279,0.20300030708312988,0.2875305116176605,0.10045281045459828,0.8857968951522124,0.00297736248778198,0.0016175273238392702,0.0005759650248017801,0.00020904747836136386,9.541315993316203e-05,2.6593817705680122e-05,0.0008160731844188588,0.1015625,0.00040575608947665656,0.150390625,0.5B,16384
4,5,agent_16384,agent,16384,9.704060527839234,21.73367213683437,22.594448248123015,1.646648808759916,26.13276706571863,3.936421655094249,0.7216842286827211,7.053459054187989,0.14319209721118223,-48.02411132492125,13.657298615202308,1.7205769112820197e-05,0.9999988276085887,0.0392156862745098,0.6525368773112484,1.970164610227579,0.9986526855172515,0.9571003031755296,0.9664784997003377,0.9739657593876286,0.3078145980834961,0.11043980717658997,0.25576984081824244,0.7094212349745489,0.009214178164642251,0.005310531126871013,0.00210766646822763,0.0008045244103253673,0.0003958364967564494,0.00011933370011243954,0.0048425219491879355,0.1015625,0.0033478716509052404,0.150390625,0.5B,16384
4,6,agent_16384,agent,16384,9.704060527839234,23.802487553698516,22.594448248123015,1.646648808759916,26.13276706571863,3.936421655094249,0.7216842286827211,7.053459054187989,0.14319209721118223,-59.485991310328245,16.194359624758363,1.6138839820043673e-06,0.9999999070897432,0.0196078431372549,0.6754589903584647,1.7413593968217052,0.9993391791870484,0.9694659406698956,0.9805866709228832,0.9868550950273858,0.3754082918167114,0.03974291682243347,0.4131962210355697,0.5607928518410756,0.004793902534842718,0.0027000066990438515,0.0009570316498932576,0.0003143089246149677,0.00013102161917966567,3.1464581117360425e-05,0.0028229762742565997,0.101806640625,0.001964466254574742,0.150634765625,0.5B,16384
4,7,agent_16384,agent,16384,9.704060527839234,10.278453530651111,30.906411049523378,1.5893328550764407,35.695104299912025,3.3652299940278394,0.7709815317620978,6.816639711008149,0.16047433590244972,-21.191641211509705,0.02800619602203369,0.9206116809973027,0.47863486226352175,0.0392156862745098,0.1269848062787244,5.188342720381993,0.9170508810958868,0.45405934720053936,0.47969816559244927,0.5105405518836792,0.005589812994003296,0.059511542320251465,0.416146474723745,0.049832661668878925,0.4650008404782059,0.3730583112142453,0.2470176835254614,0.16085993696387896,0.1102907055412563,0.05797784598775185,0.26834461735741677,0.1015625,0.21588736248750542,0.150390625,0.5B,16384
4,8,agent_16384,agent,16384,9.704060527839234,12.90963337888318,30.906411049523378,1.5893328550764407,35.695104299912025,3.3652299940278394,0.7709815317620978,6.816639711008149,0.16047433590244972,124.9816720187664,2.599288271740079,0.26138934212149856,0.9295945054076131,0.0392156862745098,0.4880723819741257,5.848288084814132,0.9573159679185334,0.29617645900372136,0.3783535511498978,0.4702092581366969,0.3129499927163124,0.021971404552459717,0.11809912859130509,0.133591381716111,0.1431379255590176,0.11935831625153849,0.07681150644152562,0.04558966593181347,0.030546680346033632,0.015527532744367663,0.07745881976652431,0.1015625,0.055254995422803266,0.150390625,0.5B,16384
4,9,agent_16384,agent,16384,9.704060527839234,11.14052122778834,30.906411049523378,1.5893328550764407,35.695104299912025,3.3652299940278394,0.7709815317620978,6.816639711008149,0.16047433590244972,-1.4399428210163023,0.6120988539478276,0.7842477785123415,0.6274451397576217,0.0392156862745098,0.19032199208489528,5.667393731901713,0.9392223887959729,0.3439799948010784,0.3854699850391524,0.43880080481260325,0.02215924859046936,0.1339535117149353,0.29545701131376073,0.009950645348303432,0.22873200186212833,0.16171596783112016,0.11019184667289111,0.06988866634394962,0.0471836140009701,0.023845945109783554,0.16486249510392684,0.1015625,0.11475523193342001,0.150390625,0.5B,16384
4,10,agent_16384,agent,16384,9.704060527839234,17.40575536644908,30.906411049523378,1.5893328550764407,35.695104299912025,3.3652299940278394,0.7709815317620978,6.816639711008149,0.16047433590244972,105.1010015308857,10.224155195057392,0.000527471042238249,0.9999541528516687,0.0392156862745098,0.2915238977302058,3.5579697183826493,0.9926155331098993,0.698541165873211,0.791075794871662,0.841195988954704,0.23265725374221802,0.04728969931602478,0.11681019326282151,0.6767177957507565,0.03670344719030286,0.021028951416475455,0.009942560031089105,0.005123156214213896,0.0030082458099737206,0.001239327420480927,0.007779561660682718,0.1015625,0.0052214407731568145,0.150390625,0.5B,16384
4,11,agent_16384,agent,16384,9.704060527839234,14.934497988977297,30.906411049523378,1.5893328550764407,35.695104299912025,3.3652299940278394,0.7709815317620978,6.816639711008149,0.16047433590244972,78.6946366764605,1.3123761229217052,0.5168600084597156,0.7879013440649163,0.0392156862745098,0.2517548734774562,4.521173652701653,0.9907191043891901,0.43747581415507275,0.5797609419588863,0.6872384122089872,0.08061707019805908,0.0018382519483566284,0.03818557071275747,0.5270061011694053,0.043646878831027,0.016081760275484674,0.0066556307757810644,0.0037593520201899136,0.0023604833189775683,0.001129005101371999,0.007049444692993477,0.1015625,0.00530513095427604,0.150390625,0.5B,16384
4,12,agent_16384,agent,16384,9.704060527839234,24.452471934607523,30.906411049523378,1.5893328550764407,35.695104299912025,3.3652299940278394,0.7709815317620978,6.816639711008149,0.16047433590244972,142.7587596476078,12.955660961568356,3.313379527244976e-05,0.9999976301022959,0.0392156862745098,0.3492142930042834,0.679594708237552,0.9992152602536074,0.9677530153122993,0.9730610355940159,0.9793741833587256,0.034423828125,0.09218823909759521,0.05879796213123527,0.9042293911414847,0.00676462487450637,0.0038897269699069274,0.0013392828577546323,0.00042433058307604995,0.00017387603153063729,3.771077678987047e-05,0.007387614821253463,0.1015625,0.004893713680721828,0.150390625,0.5B,16384
4,13,agent_16384,agent,16384,9.704060527839234,12.472726250036013,30.906411049523378,1.5893328550764407,35.695104299912025,3.3652299940278394,0.7709815317620978,6.816639711008149,0.16047433590244972,29.624438762664795,1.756860837340355,0.43194311818959275,0.8513279461737472,0.0392156862745098,0.1733094650107026,6.244970381148741,0.9374015481084077,0.19997228164826836,0.26261705110078526,0.3563353174891912,0.0011341571807861328,0.015080571174621582,0.11557665746836371,0.2417935034640114,0.12341493699694626,0.07448152967108118,0.03892753281701176,0.02632371087733815,0.019994084644682504,0.012933830719783766,0.03259507944327768,0.1015625,0.027139019452335836,0.150390625,0.5B,16384
5,0,agent_16384,agent,16384,9.704060527839234,18.40858575155124,25.316812281046246,1.8590644846094242,30.347717481500567,4.612427445935811,0.4731680006051582,7.534824952932669,0.13454946745091817,-55.434499483555555,1.8980338871479034,0.46853980190498495,0.8582291516167478,0.0196078431372549,0.49250710616877064,5.233631853940067,0.9829606821614336,0.2925091840113982,0.382655402219016,0.5171014351227387,0.009338974952697754,0.009172976016998291,0.14689020035389724,0.003478851481029082,0.05793131692680664,0.038952285477336215,0.019127779412546172,0.008659723409942779,0.004667333940777209,0.0017760780149387151,0.053132862664246876,0.1015625,0.038008378547232685,0.150390625,0.5B,16384
5,1,agent_16384,agent,16384,9.704060527839234,18.91907781059233,25.316812281046246,1.8590644846094242,30.347717481500567,4.612427445935811,0.4731680006051582,7.534824952932669,0.13454946745091817,-46.58318093419075,18.88755067065358,1.3930802107235333e-07,0.9999999937293835,0.0392156862745098,0.4960804834406845,1.7668514769214583,0.9996124357792134,0.9665496856839745,0.9948571379963158,0.996819978774817,0.20988821983337402,0.2967900037765503,0.14652341795075305,0.8480304118378376,0.001043110518059367,0.0006209744184488457,0.0002459524449625671,8.613864809877293e-05,3.616967963796969e-05,8.570469038819763e-06,0.00023345003659797049,0.1015625,0.000127110789346193,0.150390625,0.5B,16384
5,2,agent_16384,agent,16384,9.704060527839234,17.444379300664373,25.316812281046246,1.8590644846094242,30.347717481500567,4.612427445935811,0.4731680006051582,7.534824952932669,0.13454946745091817,-49.46140265092254,1.3950052186846733,0.6414372851693079,0.7760557145398591,0.0392156862745098,0.5209031334872137,4.25366003295752,0.9945535034594833,0.4369259709836693,0.611773559637086,0.767414712089293,0.06833530962467194,0.012061387300491333,0.05634730209918844,0.001978066219631299,0.020071838030166437,0.01023995085437342,0.0041088367109433765,0.0015719919790193849,0.0008104678269789547,0.0002908531473638933,0.0073413399356231784,0.1015625,0.0065369922435441616,0.150390625,0.5B,16384
5,3,agent_16384,agent,16384,9.704060527839234,18.651647803619706,25.316812281046246,1.8590644846094242,30.347717481500567,4.612427445935811,0.4731680006051582,7.534824952932669,0.13454946745091817,-35.10945523902774,0.38404742255806923,1.2452085455423472,0.47883572049245,0.0,0.595877338272229,4.2575284445126655,0.9932193716071512,0.46871425329901456,0.6118905995528201,0.7459910409753908,0.0663689374923706,0.0037311315536499023,0.005999939642099724,0.005122315825071274,0.032119276663130476,0.018456189343558166,0.007354555999657022,0.0029866908909266586,0.0015362004944604508,0.0005466178799673046,0.005343685377804744,0.1015625,0.0037199688109702655,0.150390625,0.5B,16384
5,4,agent_16384,agent,16384,9.704060527839234,16.999300039480875,25.316812281046246,1.8590644846094242,30.347717481500567,4.612427445935811,0.4731680006051582,7.534824952932669,0.13454946745091817,-38.50792787782848,16.369054416194558,1.4613809903199324e-06,0.9999999175714497,0.0392156862745098,0.5372293643219505,2.603028346699613,0.9969037296655617,0.8651918273861734,0.9257155243961714,0.9393448245888253,0.15176451206207275,0.24763375520706177,0.31518871006200644,0.6163917805055372,0.024476889567563567,0.01491567019679802,0.006048757831960407,0.0022777126612929703,0.001048288993674972,0.0002965968054522929,0.004635491415923662,0.1015625,0.0021179853072988346,0.150390625,0.5B,16384
5,5,agent_16384,agent,16384,9.704060527839234,17.38401526929735,25.316812281046246,1.8590644846094242,30.347717481500567,4.612427445935811,0.4731680006051582,7.534824952932669,0.13454946745091817,-59.641085773706436,6.815859600901604,0.010265425477558434,0.9987296322397937,0.0392156862745098,0.5282459466664039,1.482248418958004,0.9987277240879924,0.9199326179954059,0.9621848199184249,0.9720707798929038,0.11470603942871094,0.200982928276062,0.7179007672283843,0.2341729441618089,0.02527374124484217,0.015501708308889335,0.005612626186731327,0.001778087336503375,0.0007420292088602977,0.00019362234684283108,0.004753905779753098,0.1015625,0.002209594997256714,0.150390625,0.5B,16384
5,6,agent_16384,agent,16384,9.704060527839234,14.921067230969616,25.316812281046246,1.8590644846094242,30.347717481500567,4.612427445935811,0.4731680006051582,7.534824952932669,0.13454946745091817,-29.111268744338304,8.702720460947603,0.0022881520535442262,0.9997758892814991,0.0392156862745098,0.5305210907603156,2.0981925356379216,0.9940041183355817,0.8630097681709044,0.8927632003806605,0.9097526930098875,0.07715094089508057,0.12196815013885498,0.027369512328667345,0.8508130062095096,0.042467483317389254,0.028342736212476224,0.01254604939844564,0.0051562433210724685,0.002722476096045734,0.0009620041395597687,0.009674069519907532,0.1015625,0.005785644720692023,0.150390625,0.5B,16384
5,7,agent_16384,agent,16384,9.704060527839234,15.464299119627041,19.17560463509507,1.5955506423600236,22.51526827716987,3.0183357912160487,0.7113076702820251,5.923422226613186,0.1839754314810591,-50.79849120747531,16.891618209367152,1.9074740542689144e-06,0.9999998990757419,0.0392156862745098,0.6325339953431017,1.6572114483477702,0.9845856117559105,0.8633986752093525,0.874029739404564,0.8858577789158919,0.6281172037124634,0.047933369874954224,0.8256248859223763,0.007084517848540981,0.17126473310855744,0.12947049220458948,0.07537719260889786,0.043314271363854864,0.028933056499727616,0.01485117426507868,0.07936613476898507,0.1015625,0.05880246341251136,0.150390625,0.5B,16384
5,8,agent_16384,agent,16384,9.704060527839234,14.491222060504107,19.17560463509507,1.5955506423600236,22.51526827716987,3.0183357912160487,0.7113076702820251,5.923422226613186,0.1839754314810591,-25.511945085876505,8.072955107039888,0.004702104692988756,0.9995257146872718,0.0196078431372549,0.501547981062118,7.247281062659992,0.8803714977694874,0.16098049398634948,0.19818093442926657,0.2523232695271645,0.0362667441368103,0.029912352561950684,0.048388831485140685,0.011484245684492977,0.3949325452589215,0.2985421728890716,0.1836639418014899,0.11121172875259229,0.075297412120492,0.038920334663506036,0.0793150704408469,0.1015625,0.05792847756605427,0.150390625,0.5B,16384
5,9,agent_16384,agent,16384,9.704060527839234,24.235244131582203,19.17560463509507,1.5955506423600236,22.51526827716987,3.0183357912160487,0.7113076702820251,5.923422226613186,0.1839754314810591,-61.7634603260085,7.042066897731274,0.007444771381374175,0.9990895207052899,0.0392156862745098,0.5961714002486116,0.8786127898157083,0.9995371425591744,0.9785089591344286,0.9843100824934875,0.9884450578005575,0.035315632820129395,0.03226149082183838,0.1633890777361081,0.806046155512949,0.003683204863451468,0.0018822201181463048,0.0006871753741774287,0.00024130068923530713,0.00010878189654493709,2.9979247041102478e-05,0.0019339608890071387,0.1015625,0.0013053007734753152,0.150390625,0.5B,16384
5,10,agent_16384,agent,16384,9.704060527839234,19.183566737170533,19.17560463509507,1.5955506423600236,22.51526827716987,3.0183357912160487,0.7113076702820251,5.923422226613186,0.1839754314810591,-43.15287550166249,5.234765153378248,0.03700349580606137,0.9943071456019175,0.0392156862745098,0.7285723213652957,2.6946879702020725,0.9768335616232399,0.7672350078746776,0.7888303683069825,0.8079726396517234,0.24564909934997559,0.009867429733276367,0.670991760324061,0.11483743357288449,0.2930770950384777,0.20430151715148595,0.11745044599821153,0.06691352653634078,0.04488608440257913,0.023115390382298814,0.09935024977092956,0.1015625,0.0744363668320138,0.150390625,0.5B,16384
5,11,agent_16384,agent,16384,9.704060527839234,19.053289109546718,19.17560463509507,1.5955506423600236,22.51526827716987,3.0183357912160487,0.7113076702820251,5.923422226613186,0.1839754314810591,-49.54006387270056,7.702582370722666,0.007259950400053736,0.9992024954519201,0.0392156862745098,0.6235280546185018,2.07212713362295,0.9935918610817159,0.8667939369291922,0.8851826676827497,0.9053190131879468,0.41799604892730713,0.03010082244873047,0.6352372015524727,0.24164003986200955,0.09528022969918323,0.062029790280554886,0.028999552842217093,0.013641757820699667,0.007794673136404517,0.0031345200549726614,0.033963172819260465,0.1015625,0.02275575539012897,0.150390625,0.5B,16384
5,12,agent_16384,agent,16384,9.704060527839234,19.86286052644637,19.17560463509507,1.5955506423600236,22.51526827716987,3.0183357912160487,0.7113076702820251,5.923422226613186,0.1839754314810591,-29.28963267430663,11.529831361025572,0.0001574318020535996,0.9999877341621654,0.0392156862745098,0.6390887433291047,3.4863589700940922,0.9882577494033107,0.7303916407721852,0.7771845822909622,0.8103924833464202,0.5157766342163086,0.026606321334838867,0.3497201223301827,0.444602403578657,0.10642605942536264,0.0693393351852482,0.03169644078743674,0.014294387409787918,0.007343220745171988,0.0025064287920003284,0.02266644934294694,0.1015625,0.011763130766038856,0.150390625,0.5B,16384
5,13,agent_16384,agent,16384,9.704060527839234,15.731566177601014,19.17560463509507,1.5955506423600236,22.51526827716987,3.0183357912160487,0.7113076702820251,5.923422226613186,0.1839754314810591,-35.88267187355086,16.110153425950557,2.461827360323843e-06,0.9999998623269818,0.0392156862745098,0.6340846250472755,4.808114078144714,0.9582238839051791,0.5032866352420727,0.6011765514896513,0.6394119801077165,0.017590537667274475,0.14046666026115417,0.33125063277192873,0.01396982895236412,0.35906808759555975,0.24459107804734023,0.12707996703621888,0.06462173005371219,0.03923412111097747,0.017250203952177894,0.15556760089543895,0.1015625,0.1091011588054593,0.150390625,0.5B,16384
6,0,agent_16384,agent,16384,9.704060527839234,13.004031603854411,13.433718206424604,1.2628648767594115,17.07302469840403,3.3782911653342547,0.4060435646838182,4.719588823812686,0.08408583704641494,32.47697076946497,3.0620217660907656,0.5148059108013304,0.8941455946859835,0.0392156862745098,0.6004397216485562,7.026967932481071,0.8680661847359908,0.1865660254335522,0.21929635876072964,0.26973078554981766,0.04215580224990845,0.04892226308584213,0.14590881097361874,0.018902995586372453,0.34991865354254326,0.22113940869200702,0.11095995293942389,0.07244132435189941,0.05425299066041311,0.03207488595761962,0.06829863787552092,0.1015625,0.055260886075961836,0.150390625,0.5B,16384
6,1,agent_16384,agent,16384,9.704060527839234,17.345856552059708,13.433718206424604,1.2628648767594115,17.07302469840403,3.3782911653342547,0.4060435646838182,4.719588823812686,0.08408583704641494,70.94598374888301,35.657970380270854,1.4630460869639622e-08,0.9999999999989997,0.0392156862745098,0.5844678249585209,2.907472431133659,0.9951534373701124,0.7546547960837645,0.9168527950502795,0.9502089668199059,0.06761644780635834,0.023308247327804565,0.07084469187390877,0.882007532271585,0.012997081642995024,0.009399155798044387,0.005427649606706964,0.00289048994712128,0.001741241691929211,0.0007677251405298803,0.007275928968624321,0.1015625,0.005422458149517587,0.150390625,0.5B,16384
6,2,agent_16384,agent,16384,9.704060527839234,14.157832328833864,13.433718206424604,1.2628648767594115,17.07302469840403,3.3782911653342547,0.4060435646838182,4.719588823812686,0.08408583704641494,39.95850934833288,3.9793951399624348,0.09598431075632914,0.9811794238808549,0.0392156862745098,0.5490629291802266,6.494386063942758,0.9118687161983343,0.24361866925083697,0.30333646410099,0.3786116028104664,0.08417004346847534,0.1183462142944336,0.11184073609941789,0.21393913399839537,0.17425078272230393,0.11416067887818604,0.06762637163008463,0.04350907478267739,0.03305503847056896,0.02010427192916503,0.03981225232851332,0.1015625,0.03184611704566981,0.150390625,0.5B,16384
6,3,agent_16384,agent,16384,9.704060527839234,12.81869069371205,13.433718206424604,1.2628648767594115,17.07302469840403,3.3782911653342547,0.4060435646838182,4.719588823812686,0.08408583704641494,40.257520228624344,1.649149812757969,0.5339058406412763,0.826357151806702,0.0392156862745098,0.595589310764051,6.846909927828957,0.9007574433524854,0.16610785412747198,0.21821833429018717,0.2922174675602736,0.08779841661453247,0.020839571952819824,0.08634046219267007,0.16049507841822105,0.1959286598972643,0.11476370833482624,0.06728412381586847,0.044342665599711346,0.03301794824267196,0.019757571833455067,0.03962033191289898,0.1015625,0.02986547950294551,0.150390625,0.5B,16384
6,4,agent_16384,agent,16384,9.704060527839234,22.138121157116224,13.433718206424604,1.2628648767594115,17.07302469840403,3.3782911653342547,0.4060435646838182,4.719588823812686,0.08408583704641494,60.949764382094145,20.131514182314277,5.385098911102013e-08,0.9999999981498311,0.0392156862745098,0.5276492841143051,2.066182427746643,0.9986991727588803,0.9602611764684417,0.9737348247045718,0.9789866653573986,0.08623099327087402,0.10951864719390869,0.05126153692920595,0.9198179679318739,0.006243881047082482,0.003813369896200901,0.0015736781350714974,0.0005945442476593995,0.0002911866361827366,9.074959297018968e-05,0.0055297147503225695,0.1015625,0.0040098201635239165,0.150390625,0.5B,16384
6,5,agent_16384,agent,16384,9.704060527839234,17.39696377737898,13.433718206424604,1.2628648767594115,17.07302469840403,3.3782911653342547,0.4060435646838182,4.719588823812686,0.08408583704641494,71.40846357122064,11.82201836630702,9.465716792774423e-05,0.9999926309269334,0.0392156862745098,0.5664159781984738,4.25045644317085,0.9906736309901895,0.4792691428017998,0.6100046658261682,0.7432026909964715,0.10182040929794312,0.07798027992248535,0.09015745240812263,0.7106569474837765,0.01686870863168622,0.011483320382003517,0.006314834803505999,0.0034318754231672396,0.0020861632735637084,0.0010075878555025643,0.0072873416035617675,0.1015625,0.005217469545034961,0.150390625,0.5B,16384
6,6,agent_16384,agent,16384,9.704060527839234,19.17315645645319,13.433718206424604,1.2628648767594115,17.07302469840403,3.3782911653342547,0.4060435646838182,4.719588823812686,0.08408583704641494,62.979092782363296,36.32857320457697,1.4630459131236969e-08,0.9999999999989997,0.0392156862745098,0.5632099879834842,2.4960435124102656,0.9967729952110906,0.8682718641035614,0.9529088257747441,0.9619272407473817,0.04786193370819092,0.18998152017593384,0.06555855436487196,0.8901506367005027,0.010575817588669505,0.0073118866514425545,0.003676592221242987,0.0017025306982688697,0.0009575636027039976,0.0003612458489899339,0.0081725363757206,0.1015625,0.006194131720757772,0.150390625,0.5B,16384
6,7,agent_16384,agent,16384,9.704060527839234,17.402691420861537,19.584372541325273,1.5604729688897936,24.6690815315942,3.46817538434032,0.7751782079761842,6.862680377671894,0.1141303466596421,-18.21189557015896,14.687528386712074,1.1043590419665834e-05,0.9999993217777027,0.0392156862745098,0.5132524750238692,5.574874095967839,0.9568907198572763,0.3463878198128891,0.45544786595191394,0.5362166988737349,0.11101222038269043,0.09862363338470459,0.15760112187511707,0.4031978939385012,0.17468144034186434,0.10623678140845037,0.05323500637817867,0.027354398023892116,0.017273668374455736,0.008059940261524132,0.038768421739821375,0.1015625,0.027143460245366197,0.150390625,0.5B,16384
6,8,agent_16384,agent,16384,9.704060527839234,16.692704010802697,19.584372541325273,1.5604729688897936,24.6690815315942,3.46817538434032,0.7751782079761842,6.862680377671894,0.1141303466596421,-35.52637557312846,10.682438949123025,0.0002727492198374284,0.9999767729634734,0.0392156862745098,0.3699540936139112,4.026993839317999,0.9718784407949513,0.6010301611568941,0.6522093260410433,0.7007624350287159,0.3127194046974182,0.002827391028404236,0.4409264000349863,0.2449799171031598,0.31243257426466553,0.2178389989856829,0.11438856380667319,0.058741126072691024,0.03551897413466216,0.015353083767994819,0.09617966088984647,0.1015625,0.06339321368881796,0.150390625,0.5B,16384
6,9,agent_16384,agent,16384,9.704060527839234,19.563290832914483,19.584372541325273,1.5604729688897936,24.6690815315942,3.46817538434032,0.7751782079761842,6.862680377671894,0.1141303466596421,-53.63780516386032,20.290206268429756,5.810230299193928e-08,0.9999999979994585,0.0392156862745098,0.4748290479555003,0.9045258899500626,0.9990473458720218,0.9747719954006473,0.9809554674453157,0.9851434831039578,0.12355601787567139,0.03924405574798584,0.1523917118993731,0.820908803979643,0.006858737870236907,0.004306661426834384,0.002034876377850172,0.000906089175471733,0.0004892935034529961,0.00017211815285637832,0.0038751963861771823,0.1015625,0.00275825857664186,0.150390625,0.5B,16384
6,10,agent_16384,agent,16384,9.704060527839234,21.301735880908705,19.584372541325273,1.5604729688897936,24.6690815315942,3.46817538434032,0.7751782079761842,6.862680377671894,0.1141303466596421,-50.104270443320274,12.559246554970741,6.439092463490938e-05,0.9999954220596448,0.0392156862745098,0.4667329255373824,1.8952554329526856,0.9967973224819279,0.9000167373705115,0.927127080957732,0.9426494684571033,0.21579456329345703,0.05879628658294678,0.6217805974184524,0.2966193857782231,0.05572835075354363,0.03472532273451626,0.016898478560201022,0.007811715444970471,0.004261159016842416,0.0015570671607906324,0.02213048760598985,0.1015625,0.01383097588386438,0.150390625,0.5B,16384
6,11,agent_16384,agent,16384,9.704060527839234,17.106705332763386,19.584372541325273,1.5604729688897936,24.6690815315942,3.46817538434032,0.7751782079761842,6.862680377671894,0.1141303466596421,-52.713647693395615,10.775282833725214,0.0005924578019230627,0.9999513042813079,0.0392156862745098,0.5999709323668635,1.8858431383305376,0.9705411854150002,0.8493052828081835,0.8598334325937658,0.8683850372608987,0.011585116386413574,0.023890644311904907,0.806204546862501,0.055485566026536905,0.352607690864577,0.2962117358459352,0.20861158805139468,0.1384683121284164,0.09970667340224268,0.05716336890400269,0.2070286926140484,0.1015625,0.159352203901604,0.150390625,0.5B,16384
6,12,agent_16384,agent,16384,9.704060527839234,22.35670459510146,19.584372541325273,1.5604729688897936,24.6690815315942,3.46817538434032,0.7751782079761842,6.862680377671894,0.1141303466596421,-43.40515875071287,17.44935465604067,5.019848060829255e-07,0.9999999735832334,0.0392156862745098,0.46817717599726977,1.9432378107332697,0.9986651023856332,0.944835468443346,0.9703939544764336,0.9773816220608957,0.1443721055984497,0.15170979499816895,0.4708741185348477,0.5011314333076802,0.013422515730586431,0.008391921312007554,0.0035268703968635087,0.0014394540815755449,0.0007306506989912876,0.00024171598313345557,0.0033916770032510583,0.1015625,0.0018976134797820607,0.150390625,0.5B,16384
6,13,agent_16384,agent,16384,9.704060527839234,16.24856159052037,19.584372541325273,1.5604729688897936,24.6690815315942,3.46817538434032,0.7751782079761842,6.862680377671894,0.1141303466596421,-43.40102817956358,0.6194581789895892,0.8615948656712319,0.6201008169497368,0.0392156862745098,0.14984216599482184,6.090075081317128,0.9507053558812817,0.2709541291976589,0.34510986772619706,0.42054887813711733,0.027452707290649414,0.02909678965806961,0.11061986214114865,0.03908245317759464,0.1895349695731646,0.12758162358890035,0.07217088617041777,0.03768487403205002,0.024023886366353497,0.01154915523995896,0.04830212667500439,0.1015625,0.028627542591157736,0.150390625,0.5B,16384
7,0,agent_16384,agent,16384,9.704060527839234,24.614884424056427,20.704897168144136,1.2051429758774357,23.571820123318574,3.0438576661298447,0.5715267242848786,6.995782688708074,0.1312035877528849,-67.59492421522737,2.092441823333502,0.3461673302995994,0.8901663906987708,0.0392156862745098,0.667508781739773,1.0029578851918193,0.9997288436797942,0.9838941751847419,0.9930841418128453,0.9965014572329977,0.4135751724243164,0.02859431505203247,0.7738376309009092,0.2177407232722009,0.0034927101805648448,0.0020176193662558343,0.0008453619038914068,0.0003305168010487669,0.00015980686127664874,4.858907338344366e-05,0.0017338423422161057,0.1015625,0.000985003667185336,0.150390625,0.5B,16384
7,1,agent_16384,agent,16384,9.704060527839234,18.816247929498378,20.704897168144136,1.2051429758774357,23.571820123318574,3.0438576661298447,0.5715267242848786,6.995782688708074,0.1312035877528849,-44.55779161863029,13.691229306161404,1.67022892386224e-05,0.9999988651845648,0.0392156862745098,0.5956871475695378,2.1491530620210857,0.995325488325891,0.8588087516978524,0.9115665998073936,0.9379289942335166,0.047026872634887695,0.004687070846557617,0.5690524711180394,0.34388235625861185,0.06792680443577456,0.0484157750884651,0.026778212592667088,0.013835907614272504,0.008326022251029738,0.0035556917429184027,0.028657255034822693,0.1015625,0.02043049248451626,0.150390625,0.5B,16384
7,2,agent_16384,agent,16384,9.704060527839234,18.88291068124558,20.704897168144136,1.2051429758774357,23.571820123318574,3.0438576661298447,0.5715267242848786,6.995782688708074,0.1312035877528849,-33.86145485565066,22.895141068845987,1.8897232577928378e-08,0.9999999998218421,0.0392156862745098,0.662158571907244,2.6461214941038147,0.9930760373711469,0.8076106074979671,0.8955423809625558,0.9136513051283178,0.24671828746795654,0.2486048936843872,0.4811813782922485,0.4338859536109162,0.09816180081393122,0.06683268469332537,0.035709851346176644,0.018871722514785853,0.011451453460515388,0.00481234957698231,0.037701601868081,0.1015625,0.025775609859834573,0.150390625,0.5B,16384
7,3,agent_16384,agent,16384,9.704060527839234,24.08597896051442,20.704897168144136,1.2051429758774357,23.571820123318574,3.0438576661298447,0.5715267242848786,6.995782688708074,0.1312035877528849,-65.87378206290305,16.98299738764763,7.730082436954479e-07,0.9999999578445167,0.0392156862745098,0.6153215351475638,1.167727326968249,0.9994464040948317,0.9817178894500872,0.9874555813845307,0.9905781853192018,0.3523111939430237,0.01411890983581543,0.7076372881966224,0.27932545543983084,0.010278477866097528,0.006202444943645386,0.00248314940422882,0.0010196204017537708,0.0005072556701106941,0.0001552792886205126,0.006053902488470888,0.1015625,0.0030248541538991872,0.150390625,0.5B,16384
7,4,agent_16384,agent,16384,9.704060527839234,18.251952773941714,20.704897168144136,1.2051429758774357,23.571820123318574,3.0438576661298447,0.5715267242848786,6.995782688708074,0.1312035877528849,-45.77589218597859,17.619589210487902,6.102397836062959e-07,0.9999999686285249,0.0392156862745098,0.6422840003021515,1.8911815053625838,0.9958933367947302,0.9241315603148081,0.9388723026402329,0.9505281715142161,0.3909790366888046,0.09945249557495117,0.37799245333957,0.5569161866322223,0.0361944362593846,0.024706072121713586,0.012761871893327292,0.006383985268165688,0.003567388032443297,0.0013780877934812213,0.016617588628807578,0.1015625,0.01185705126797516,0.150390625,0.5B,16384
7,5,agent_16384,agent,16384,9.704060527839234,22.100939113850494,20.704897168144136,1.2051429758774357,23.571820123318574,3.0438576661298447,0.5715267242848786,6.995782688708074,0.1312035877528849,-47.093747682869434,25.06088799983263,1.5295361478631986e-08,0.9999999999732974,0.0392156862745098,0.6509708052557068,1.3909412087203818,0.9983379240559699,0.93526507901084,0.969146503166805,0.9756648979532441,0.10321247577667236,0.19160878658294678,0.7356922537434468,0.23828797350942593,0.037718600530172154,0.02488654805733223,0.012388942986315274,0.005872527456117528,0.0033200092242956303,0.0012698238379630796,0.013629240888817461,0.1015625,0.008617409345601085,0.150390625,0.5B,16384
7,6,agent_16384,agent,16384,9.704060527839234,22.356369770935377,20.704897168144136,1.2051429758774357,23.571820123318574,3.0438576661298447,0.5715267242848786,6.995782688708074,0.1312035877528849,-59.16285760700703,20.55843662843108,6.23897113317227e-08,0.9999999978155478,0.0392156862745098,0.6542598598449548,0.9159754022736275,0.9991282467048569,0.975911242787849,0.9844995784043873,0.9871464361382799,0.9056951999664307,0.368649959564209,0.8196054853657496,0.16320821517917053,0.018320783305928543,0.011485983004343838,0.005397019251971557,0.0025377019683394766,0.0013951971525040176,0.0005081244427333273,0.005757949931236175,0.1015625,0.003912026226890817,0.150390625,0.5B,16384
7,7,agent_16384,agent,16384,9.704060527839234,26.398249066378288,21.80057180277202,1.2680622896508595,25.951522217280086,5.136321370597797,0.573979892902026,7.959671896978786,0.07188057012767424,-37.365172889083624,17.653417203575373,4.336055550034595e-07,0.9999999776768769,0.0392156862745098,0.5387624363803346,1.2814103039927132,0.9996643460605793,0.9473728751554689,0.9730133615801493,0.9864062740066545,0.44119954109191895,0.024871408939361572,0.15876544551372604,0.014634571348166661,0.0007243013764601483,0.00017201058078936812,2.7108686182767828e-05,6.134312210162154e-06,2.1705480170436127e-06,4.291251116159007e-07,1.8813657725713477e-05,0.1015625,8.443975234306871e-06,0.150390625,0.5B,16384
7,8,agent_16384,agent,16384,9.704060527839234,16.511139492905052,21.80057180277202,1.2680622896508595,25.951522217280086,5.136321370597797,0.573979892902026,7.959671896978786,0.07188057012767424,-69.74214451760054,0.6202416494488716,1.2517442563348513,0.4712519817850141,0.0,0.38028013188627335,3.8711146078320198,0.9937170816162579,0.4976899999577615,0.7145940109448043,0.8660462103143959,0.21957683563232422,0.057743459939956665,0.10480058235393654,0.0025267772450041346,0.017964599092968346,0.012706279485111993,0.007341738666599332,0.004055914271718812,0.0025439650952800755,0.001144507423914108,0.0134691214807686,0.101806640625,0.009474661875916059,0.150390625,0.5B,16384
7,9,agent_16384,agent,16384,9.704060527839234,23.225440375779726,21.80057180277202,1.2680622896508595,25.951522217280086,5.136321370597797,0.573979892902026,7.959671896978786,0.07188057012767424,-49.679218508303165,34.15327262505889,1.4630493502977944e-08,0.9999999999989984,0.0392156862745098,0.5686284856702285,1.8435932207753183,0.9996627699404059,0.9623388972497813,0.9971090607342961,0.9982276568559085,0.23450756072998047,0.14593958854675293,0.32425732418658265,0.6732967215680989,0.0003988117640941421,0.0002263612404918805,9.167492773855119e-05,3.279713745077349e-05,1.4914994573123357e-05,4.186726576157135e-06,0.00012341519744805436,0.1015625,6.018711935684027e-05,0.150390625,0.5B,16384
7,10,agent_16384,agent,16384,9.704060527839234,23.277505602964478,21.80057180277202,1.2680622896508595,25.951522217280086,5.136321370597797,0.573979892902026,7.959671896978786,0.07188057012767424,-27.36092910915613,39.60742527246475,1.463045201322322e-08,0.9999999999989999,0.0392156862745098,0.6290929663380544,2.374554983044667,0.999336219217218,0.8740794015989383,0.9801710168861265,0.9911754668146708,0.17394018173217773,0.27211809158325195,0.1591209151743733,0.8314276523406249,0.0014822296649472308,0.0007390765868140194,0.00022575534889936148,8.429679836750827e-05,4.1086451754226786e-05,1.1794554801829794e-05,0.00027661706497335514,0.1015625,0.00016459327101811237,0.150390625,0.5B,16384
7,11,agent_16384,agent,16384,9.704060527839234,28.34067977629094,21.80057180277202,1.2680622896508595,25.951522217280086,5.136321370597797,0.573979892902026,7.959671896978786,0.07188057012767424,-40.70885367691517,39.48216658830643,1.463045199827033e-08,0.9999999999989999,0.0392156862745098,0.5434400762859164,1.5990082442674476,0.9997277481052529,0.9609169132593082,0.9890880987448073,0.9970776638615165,0.16176867485046387,0.06883537769317627,0.5509790327258579,0.44533626276124877,0.0003244002131334579,0.00012609866422329496,2.9027362902897063e-05,6.962808988459615e-06,2.5105705136983277e-06,4.739277658561728e-07,0.00011108245096467118,0.1015625,3.5631604387805474e-05,0.150390625,0.5B,16384
7,12,agent_16384,agent,16384,9.704060527839234,23.847767417704844,21.80057180277202,1.2680622896508595,25.951522217280086,5.136321370597797,0.573979892902026,7.959671896978786,0.07188057012767424,-29.15374056622386,23.332515977323055,1.686944868131516e-08,0.9999999999076423,0.0392156862745098,0.5949660971228233,2.4679013713238462,0.9991863294414567,0.8584936606138037,0.9470703992663589,0.9734480014806497,0.3325932025909424,0.028361916542053223,0.3323861467633654,0.6393271611015692,0.0021769928611379257,0.0009112339314303364,0.00029158399818600455,0.00010084346778241909,4.893522332323292e-05,1.493506108015898e-05,0.0002446211168891164,0.1015625,0.00014728616868545097,0.150390625,0.5B,16384
7,13,agent_16384,agent,16384,9.704060527839234,15.789913330106012,21.80057180277202,1.2680622896508595,25.951522217280086,5.136321370597797,0.573979892902026,7.959671896978786,0.07188057012767424,-27.127995759248734,3.3410485982894897,0.15235672544569012,0.9654453311708234,0.0392156862745098,0.5725619107289779,4.2954504183022255,0.9746948865311662,0.5539843023077783,0.6244179016840721,0.6813869122598015,0.03610396385192871,0.07594156265258789,0.09064238571288644,0.4902178169318584,0.09078610948649284,0.05846729052382249,0.02980709821241786,0.016855984807154792,0.011159280689670313,0.005796656830212826,0.02007053220272417,0.1015625,0.014744947991548277,0.150390625,0.5B,16384
8,0,agent_16384,agent,16384,9.704060527839234,9.036581956895422,284.812652616812,0.8322770981544131,287.530320381525,3.534375630132776,0.33895233632420596,6.532200174938483,0.05755972914834867,379.70810040831566,0.7562943696975708,0.9539091277225109,0.6017069091235926,0.0392156862745098,0.15766829853818562,6.715031309285213,0.9448458082941216,0.1277754178622933,0.18621394832644214,0.2633345466820985,0.14715075492858887,0.042482733726501465,0.03643230133899832,0.08217199837966485,0.17262222079182094,0.10783817478437066,0.05158206608678144,0.023265531855714835,0.013595216744703863,0.005118115504835648,0.024553532615986445,0.1015625,0.016226199494629858,0.150390625,0.5B,16384
8,1,agent_16384,agent,16384,9.704060527839234,12.628273388491808,284.812652616812,0.8322770981544131,287.530320381525,3.534375630132776,0.33895233632420596,6.532200174938483,0.05755972914834867,268.733160443604,0.9460792914032936,0.6189205900024054,0.7173089286392729,0.0392156862745098,0.08311535676804856,4.8804408777957615,0.9903196980405979,0.32773780401374886,0.45819213981934964,0.6020596344159194,0.19288480281829834,0.06494748592376709,0.023594348289386356,0.19058077850727495,0.04112596710512334,0.017122761340298352,0.004393738348439221,0.0011562553573606787,0.000591477534973028,0.00019363715321516143,0.0070176815012719,0.1015625,0.00418523974922507,0.150390625,0.5B,16384
8,2,agent_16384,agent,16384,9.704060527839234,12.277073751910088,284.812652616812,0.8322770981544131,287.530320381525,3.534375630132776,0.33895233632420596,6.532200174938483,0.05755972914834867,295.5168169736862,15.497038792818785,3.107691981282465e-06,0.9999998128402388,0.0392156862745098,0.09419465723156396,2.7974507040414593,0.9983464077180995,0.8237068179626803,0.908616790974299,0.9509549504356567,0.01680740714073181,0.0590059757232666,0.003048923478842346,0.9360300482887881,0.00466500650481647,0.002628674703982002,0.00112233762734735,0.0004585163131761744,0.00023268230638322102,7.436192452665866e-05,0.001415012335516525,0.1015625,0.0006780155912524068,0.150390625,0.5B,16384
8,3,agent_16384,agent,16384,9.704060527839234,55.82248372045714,284.812652616812,0.8322770981544131,287.530320381525,3.534375630132776,0.33895233632420596,6.532200174938483,0.05755972914834867,-1324.485372722149,44.74014562368393,1.4630451804219406e-08,0.9999999999989999,0.0392156862745098,-0.06760285730021742,0.00044933780584629064,0.9999389599132626,0.9999999998239771,0.9999999999315995,0.9999999999862113,0.4817357063293457,0.19647789001464844,4.0116076698791215e-19,0.9999999519012256,5.788028938887613e-14,2.6107914763842435e-15,6.82054494191335e-16,6.82054494191335e-16,6.82054494191335e-16,7.990388303822505e-16,1.0761159874712976e-10,0.1015625,1.0619847204862959e-13,0.150390625,0.5B,16384
8,4,agent_16384,agent,16384,9.704060527839234,15.75040287115644,284.812652616812,0.8322770981544131,287.530320381525,3.534375630132776,0.33895233632420596,6.532200174938483,0.05755972914834867,338.90199303627014,39.05046933889389,1.4630452096666486e-08,0.9999999999989999,0.0392156862745098,0.08423924075917562,2.083285250756611,0.9993479238007342,0.8816796113688925,0.9629021156448521,0.9865924391933413,0.2186107635498047,0.25639939308166504,0.0012701460169394737,0.9779786521221293,0.001512958804495646,0.0007773680105281226,0.0002183581639904978,5.2514084907777246e-05,1.862684400886178e-05,3.2866576822366193e-06,0.00025961580670228005,0.1015625,0.00014827105452169673,0.150390625,0.5B,16384
8,5,agent_16384,agent,16384,9.704060527839234,13.035735540689956,284.812652616812,0.8322770981544131,287.530320381525,3.534375630132776,0.33895233632420596,6.532200174938483,0.05755972914834867,236.62749102711678,26.220513433218002,1.4741928427968938e-08,0.9999999999948133,0.0392156862745098,0.07823685872386503,2.096617408554152,0.9971264908112469,0.9274293230771031,0.9537692481832774,0.9611234947443947,0.28168368339538574,0.23804759979248047,0.031175166528168277,0.9219465512837068,0.016197784026571006,0.010994309393517827,0.005089186669058743,0.002209075241008714,0.0011867705558815328,0.0004199923702118865,0.010535289870934406,0.1015625,0.0072833285687456725,0.150390625,0.5B,16384
8,6,agent_16384,agent,16384,9.704060527839234,11.469046653839928,284.812652616812,0.8322770981544131,287.530320381525,3.534375630132776,0.33895233632420596,6.532200174938483,0.05755972914834867,212.12425776571035,10.431870050728321,0.00033706403305476274,0.9999705195225422,0.0392156862745098,0.07622257894665076,3.3001270332776476,0.9961867431957164,0.7296140216306156,0.8573978373189111,0.8974339427539162,0.17360448837280273,0.3143869638442993,0.11652341785260494,0.7238198595344905,0.011903641712386098,0.0067503257611590765,0.002836752516995803,0.001278791523258134,0.0006787754318291865,0.00026825731098808076,0.003795705827180272,0.1015625,0.002580773414515218,0.150390625,0.5B,16384
8,7,agent_16384,agent,16384,9.704060527839234,33.80653276448107,15.269597289959716,1.5471469290015634,18.53824004757447,4.81044270926953,0.48857216689100114,5.907076439736973,0.12233775146785543,24.35019554232713,26.683489860850386,1.4699739234573558e-08,0.9999999999964206,0.0392156862745098,0.5577097128902746,0.4004184521851581,0.9999143794139825,0.9987881308712021,0.9992369615794588,0.9995263987283279,0.08650413900613785,0.34279389679431915,0.004785262051710562,0.9928250240750686,9.416761712851986e-05,3.444012487371546e-05,5.700190186167521e-06,8.27414691997172e-07,1.8342361118584465e-07,1.6129117855686844e-08,0.0020049738691985328,0.101806640625,0.001907921617905919,0.150390625,0.5B,16384
8,8,agent_16384,agent,16384,9.704060527839234,24.401775364174206,15.269597289959716,1.5471469290015634,18.53824004757447,4.81044270926953,0.48857216689100114,5.907076439736973,0.12233775146785543,34.4214654173702,39.68425438925624,1.4630451958500514e-08,0.9999999999989999,0.0392156862745098,0.5390857828058432,2.339897568556326,0.9990796982646616,0.9129717011494194,0.9722010654285785,0.983574036089198,0.17990106344223022,0.06542962789535522,0.19615481139799085,0.7803649402170079,0.004179274900150757,0.0021855117243113277,0.0008084576177558665,0.00026169591397620456,0.00011288574019965,3.0037266071521173e-05,0.013812367967797163,0.1015625,0.012648013859548862,0.150390625,0.5B,16384
8,9,agent_16384,agent,16384,9.704060527839234,22.985456813349728,15.269597289959716,1.5471469290015634,18.53824004757447,4.81044270926953,0.48857216689100114,5.907076439736973,0.12233775146785543,45.34965681284666,16.665611751377583,1.0365974918483582e-06,0.9999999421518988,0.0392156862745098,0.5334805309118467,3.2459421413074616,0.9967423333637855,0.7155486145265606,0.8045157653368853,0.885007951393636,0.17243283987045288,0.1763688325881958,0.18689104852692398,0.7056935826362798,0.01256697419477009,0.007343066027349839,0.003219514574958878,0.001306490977372591,0.000646799694021318,0.0002085281613014914,0.010270971863584872,0.1015625,0.00902147153333138,0.150390625,0.5B,16384
8,10,agent_16384,agent,16384,9.704060527839234,21.567427423252695,15.269597289959716,1.5471469290015634,18.53824004757447,4.81044270926953,0.48857216689100114,5.907076439736973,0.12233775146785543,32.93132182024419,26.87251660041511,1.4697867105287768e-08,0.9999999999965055,0.0392156862745098,0.5562809168813603,2.808543371004257,0.9949336099305717,0.805851175565449,0.8688733846431084,0.9004873951450847,0.28404003381729126,0.04648309946060181,0.40893619215116594,0.4934513001436899,0.04136193186578023,0.025168476881853856,0.010275516652432625,0.004105307564645714,0.0020796445816276686,0.0007066525780415902,0.026274734079565893,0.1015625,0.022719697278387515,0.150390625,0.5B,16384
8,11,agent_16384,agent,16384,9.704060527839234,23.266777127895452,15.269597289959716,1.5471469290015634,18.53824004757447,4.81044270926953,0.48857216689100114,5.907076439736973,0.12233775146785543,44.46784969419241,45.236797999590635,1.4630451803835012e-08,0.9999999999989999,0.0392156862745098,0.5498693716370305,2.355031505594384,0.9991015903031948,0.9015365824867867,0.9746931806033261,0.9854017721875226,0.32707202434539795,0.07832008600234985,0.06453581463819356,0.9162658754856676,0.0035347018903041524,0.001993012275128601,0.0007418743233517988,0.0002458737905727396,0.00010595090389385926,2.7535049346502494e-05,0.007253393880534614,0.1015625,0.006687516144571424,0.150390625,0.5B,16384
8,12,agent_16384,agent,16384,9.704060527839234,20.89348402552948,15.269597289959716,1.5471469290015634,18.53824004757447,4.81044270926953,0.48857216689100114,5.907076439736973,0.12233775146785543,12.577359981834888,23.846828293055296,1.573688854006452e-08,0.9999999999543463,0.0392156862745098,0.5476988970252133,2.228857831239188,0.9956306937483114,0.8649538780057242,0.9051127441707255,0.9233571089007071,0.0031524300575256348,0.0014029443264007568,0.5637494481822348,0.3428581170004372,0.04843659478062109,0.03257176078237769,0.01434358457499966,0.006017516689434214,0.003150791056986156,0.0010315668655233286,0.057227441925178264,0.1015625,0.04803914954560569,0.150390625,0.5B,16384
8,13,agent_16384,agent,16384,9.704060527839234,22.392167667132316,15.269597289959716,1.5471469290015634,18.53824004757447,4.81044270926953,0.48857216689100114,5.907076439736973,0.12233775146785543,40.05271657649428,25.624196504242718,1.4925981084381503e-08,0.9999999999877887,0.0392156862745098,0.5575725017664147,2.93595928715557,0.9969750099402053,0.7705971024036641,0.9032481989618621,0.9387333327939162,0.05948883295059204,0.34307795763015747,0.24522271687302072,0.6849071653915128,0.01568489168256363,0.009749349722260787,0.004113940915599715,0.0017549873706809139,0.0009025193502605671,0.0003038408204472908,0.018205597823370896,0.1015625,0.01587853546799974,0.150390625,0.5B,16384
9,0,agent_16384,agent,16384,9.704060527839234,22.989740701012074,21.391540647915313,1.1147288624828964,24.178583221609763,3.605664133812967,0.585388176520169,9.552672850621871,0.10004762848500277,-34.641135363606736,16.99402350303717,7.804439351764192e-07,0.999999957605392,0.0392156862745098,0.5022876437795096,2.2170758848303986,0.9989077842988834,0.8702017938620414,0.9458785198308899,0.9684984430682749,0.05285346508026123,0.19643890857696533,0.4742141382279521,0.48099679848810684,0.007305561941698329,0.003826288031845275,0.0015008638997552892,0.0005957592050555032,0.0002884781816978233,8.75580431153221e-05,0.0019254075782974651,0.1015625,0.0009894631081204955,0.150390625,0.5B,16384
9,1,agent_16384,agent,16384,9.704060527839234,21.160979177646173,21.391540647915313,1.1147288624828964,24.178583221609763,3.605664133812967,0.585388176520169,9.552672850621871,0.10004762848500277,-32.45525702089071,9.419569954276085,0.001129856337740395,0.9998945891577948,0.0392156862745098,0.4299316962944128,2.8576405048265014,0.9944467609962235,0.7732551763677787,0.8610601337374001,0.8891996250749598,0.0015021562576293945,0.10559558868408203,0.2012229570854079,0.5956242865878402,0.0413859246558336,0.024830066939764,0.009849791558685036,0.0036016104412089703,0.0014780891540415169,0.00034900928509875494,0.009396359064727211,0.1015625,0.004421660639330524,0.150390625,0.5B,16384
9,2,agent_16384,agent,16384,9.704060527839234,23.845399222076598,21.391540647915313,1.1147288624828964,24.178583221609763,3.605664133812967,0.585388176520169,9.552672850621871,0.10004762848500277,-24.088467623107135,14.501809199340641,7.848343810984455e-06,0.9999994952191552,0.0392156862745098,0.46165982031241015,2.798881864138637,0.9972517943767423,0.706282759118512,0.8044343305895826,0.8773124485727194,0.09829273819923401,0.03319680690765381,0.4928640693000341,0.41877858569369375,0.027852870794123102,0.014045343046327537,0.005436101543459448,0.0018760590096436956,0.0008327928677913903,0.00019813872978936362,0.0030934664598462045,0.1015625,0.0015477022202854125,0.150390625,0.5B,16384
9,3,agent_16384,agent,16384,9.704060527839234,24.095791836569333,21.391540647915313,1.1147288624828964,24.178583221609763,3.605664133812967,0.585388176520169,9.552672850621871,0.10004762848500277,-21.80814753868617,13.503848077496514,2.0805187065727808e-05,0.999998578815426,0.0392156862745098,0.5006019003245218,3.007090625034397,0.9976957090875654,0.7012937199001129,0.78687343956205,0.8700157093982014,0.03752681612968445,0.03477579355239868,0.4064394688969408,0.48959544285221823,0.013543278515836478,0.005394232845199869,0.0019016143202546583,0.0007215974364642315,0.00035087070100217713,0.00010446540593885551,0.0013593459946792783,0.1015625,0.0007322530829297037,0.150390625,0.5B,16384
9,4,agent_16384,agent,16384,9.704060527839234,27.20456056351067,21.391540647915313,1.1147288624828964,24.178583221609763,3.605664133812967,0.585388176520169,9.552672850621871,0.10004762848500277,-21.20586133003235,5.289381805807352,0.05268657334508142,0.9919932354155886,0.0392156862745098,0.5179824292309614,5.024008276415506,0.9863534182800128,0.3295209017003259,0.44921014338505394,0.5788685360614461,0.04621848464012146,0.04909035563468933,0.1442380807741567,0.07417630949036512,0.05953637371091924,0.031158183571394386,0.009925006109678348,0.0031976137632750987,0.0015300452340854442,0.0005224422099969068,0.007948767013032385,0.1015625,0.004545618048147763,0.150390625,0.5B,16384
9,5,agent_16384,agent,16384,9.704060527839234,27.99012756540225,21.391540647915313,1.1147288624828964,24.178583221609763,3.605664133812967,0.585388176520169,9.552672850621871,0.10004762848500277,-28.726468566106632,18.84634128655307,1.4564886328721287e-07,0.9999999934099759,0.0392156862745098,0.47863709419127215,2.315317428285276,0.9993020972779851,0.8439696156926787,0.9415794926254851,0.9725270444345452,0.027561917901039124,0.2425277829170227,0.43524048148001576,0.5221993640711655,0.0016107784094476455,0.0005930545257253599,0.00016569049959991915,5.00605689805836e-05,2.0358157152865713e-05,4.512525089041977e-06,0.00013961456877274408,0.1015625,7.23344910499668e-05,0.150390625,0.5B,16384
9,6,agent_16384,agent,16384,9.704060527839234,21.80099844264738,21.391540647915313,1.1147288624828964,24.178583221609763,3.605664133812967,0.585388176520169,9.552672850621871,0.10004762848500277,-34.79937609285116,3.0142634734511375,0.24575061798185552,0.9437397286894402,0.0392156862745098,0.5425724996558318,4.032018027818183,0.9912145857584755,0.5138233615580615,0.6067162482346354,0.705388992534317,0.016386747360229492,0.0936582088470459,0.347648363016783,0.1594184894144231,0.07163421166162211,0.03355652057491252,0.010133425073706766,0.0032945406506691742,0.0014737522894555943,0.0004625696750611141,0.010038470735310187,0.1015625,0.005382374795998128,0.150390625,0.5B,16384
9,7,agent_16384,agent,16384,9.704060527839234,39.44388542650906,27.2890760094587,4.181383818917326,39.50468860033714,6.451507838693714,0.4376646981026158,7.751671793660652,0.03393204983180097,-163.90376567374915,6.110353498719633,0.016103819925256446,0.997754163855404,0.0,0.8077682411871825,1.44007830721,0.9993989815242429,0.8652003917210503,0.9060653068435816,0.9562476505215916,0.0016652941703796387,0.008152347058057785,0.7625394199971188,3.995487150708257e-10,0.0017702542769095276,6.662541654366454e-05,4.11119106476494e-06,2.1618672776571163e-07,1.479330930779523e-08,2.246663518007792e-10,0.4224010056266313,0.101806640625,0.3220712765041281,0.150634765625,0.5B,16384
9,8,agent_16384,agent,16384,9.704060527839234,38.238799318932294,27.2890760094587,4.181383818917326,39.50468860033714,6.451507838693714,0.4376646981026158,7.751671793660652,0.03393204983180097,-161.83864033594728,0.8113652151077986,0.9716019115162993,0.5904064828898006,0.0,0.8145796055915328,3.871587242688877,0.9968868723956688,0.42678211123367205,0.5720191533860125,0.735790193811602,0.004184126853942871,0.08245116472244263,0.2676708340538648,1.1585766771713223e-05,0.002325991424265659,7.492806668745559e-05,3.860551181557262e-06,3.1385126549683517e-07,2.0262069525734734e-08,5.889958525843986e-10,0.3152276140235388,0.101806640625,0.24920071142091754,0.150390625,0.5B,16384
9,9,agent_16384,agent,16384,9.704060527839234,38.341925102906735,27.2890760094587,4.181383818917326,39.50468860033714,6.451507838693714,0.4376646981026158,7.751671793660652,0.03393204983180097,-155.74254673719406,0.2650834657251835,0.7872444103025402,0.5527149145082704,0.0,0.831760223069107,4.473904908812681,0.9938693063881826,0.32220818230177817,0.40811656509425404,0.5217206162328112,0.0008085072040557861,0.007438987493515015,0.22223753563905818,1.2678613896347068e-07,0.011366094669530312,0.00024953047856686493,8.502772233902869e-06,1.076738037708836e-06,3.990189360283156e-08,7.667424333668863e-10,0.35939727321466597,0.101806640625,0.23674725827751425,0.150634765625,0.5B,16384
9,10,agent_16384,agent,16384,9.704060527839234,32.00975638164899,27.2890760094587,4.181383818917326,39.50468860033714,6.451507838693714,0.4376646981026158,7.751671793660652,0.03393204983180097,-111.31818576715887,20.677036607638,5.165954344102002e-08,0.9999999983354615,0.0196078431372549,0.7897327601609752,1.6357562206204783,0.9996055174411066,0.9519034417808592,0.9720190111470128,0.9836788475112674,0.12041665613651276,0.0330086350440979,0.370029617303389,0.002612977297497889,0.0007005171852555366,0.00014313960647366428,1.728717099255756e-05,1.9978101124404398e-06,3.3200868320026856e-07,1.8236514251325833e-08,0.01570278886971795,0.1015625,0.013424013422560173,0.150390625,0.5B,16384
9,11,agent_16384,agent,16384,9.704060527839234,32.233705337084594,27.2890760094587,4.181383818917326,39.50468860033714,6.451507838693714,0.4376646981026158,7.751671793660652,0.03393204983180097,-35.745229959487915,12.2659952044487,7.899218254961229e-05,0.999994168076671,0.0392156862745098,0.7411776410457386,2.0665364869278147,0.9976096095326056,0.8074801301007445,0.8540575366615493,0.8956417111285965,0.21683478355407715,0.17149052023887634,0.6821998199306772,0.05254700938432244,0.07775456078802849,0.033285887010298644,0.005287186529288567,0.0005978965596520694,9.20393148928842e-05,4.03858642743128e-06,0.006682121613848059,0.1015625,0.0006133819888367788,0.150390625,0.5B,16384
9,12,agent_16384,agent,16384,9.704060527839234,19.077087417868164,27.2890760094587,4.181383818917326,39.50468860033714,6.451507838693714,0.4376646981026158,7.751671793660652,0.03393204983180097,-16.942056836094707,6.694595506880432,0.01324499519964607,0.9983689449920791,0.0392156862745098,0.7455781294347859,5.5809569041608285,0.9816502918838726,0.22610823351349793,0.30298884608154897,0.41185644874599364,0.0851675271987915,0.024113118648529053,0.1224030953739831,0.19713371349593123,0.05333557285357114,0.023430753019381523,0.004666602656857032,0.0011305648905335797,0.00044611782177006866,0.00019256565257611905,0.0024385338652340785,0.1015625,0.0018009253367504048,0.150390625,0.5B,16384
9,13,agent_16384,agent,16384,9.704060527839234,27.366440782697,27.2890760094587,4.181383818917326,39.50468860033714,6.451507838693714,0.4376646981026158,7.751671793660652,0.03393204983180097,-52.03052206058055,6.5517906323075294,0.018369339236076226,0.9977313328320864,0.0196078431372549,0.8071369203048916,3.9407067610234368,0.9953130232704197,0.5465193871926071,0.6731313191013734,0.7829233972151943,0.1897735297679901,0.22304829955101013,0.010039648747438944,0.007457714664918807,0.01652081097565229,0.006821332224922491,0.001515186139268449,0.0003064504720236491,9.551333268647066e-05,1.2680934016689214e-05,0.009099072964203442,0.1015625,0.006499617312156967,0.150390625,0.5B,16384
10,0,agent_16384,agent,16384,9.704060527839234,20.86812024190239,19.82091395642382,1.3414698618926617,23.189326808151343,7.304271883864053,0.713916293752933,9.528399509657149,0.04180127180491257,-15.365639917552471,11.19786049053073,0.00032561932578870214,0.9999739267277821,0.0392156862745098,0.6908457384153799,4.806759898087339,0.9869825679809477,0.3784714309556753,0.4824847840116501,0.5926679189839442,0.04438108205795288,0.1678929328918457,0.2182844313758795,0.12361706716549242,0.06837339805830607,0.02938801031936541,0.007906926673783635,0.002962799909526081,0.001403402019070351,0.00039958975048330777,0.004446824241580187,0.1015625,0.002076818759316352,0.150390625,0.5B,16384
10,1,agent_16384,agent,16384,9.704060527839234,16.62357347326839,19.82091395642382,1.3414698618926617,23.189326808151343,7.304271883864053,0.713916293752933,9.528399509657149,0.04180127180491257,-40.84257538244128,1.63598358258605,1.0525083923837693,0.7103581615025797,0.0,0.7496612180259964,7.01829823426349,0.8288404936271858,0.2439333882616081,0.2539208190624326,0.27085396093803205,0.08219718933105469,0.013349175453186035,0.23251642171013834,0.004548546756285651,0.6142072927303197,0.4482791706376046,0.25143365271996887,0.14941115239441002,0.10143286417312777,0.050696680202799924,0.25383287080893646,0.1015625,0.16989314834765118,0.150390625,0.5B,16384
10,2,agent_16384,agent,16384,9.704060527839234,26.55801312669928,19.82091395642382,1.3414698618926617,23.189326808151343,7.304271883864053,0.713916293752933,9.528399509657149,0.04180127180491257,-52.89355340600014,27.424608919769526,1.4663916421260108e-08,0.9999999999977687,0.0392156862745098,0.5421916558683418,1.502113935404757,0.999582800067091,0.9734769731115359,0.9849502430295972,0.9899517443494582,0.01458236575126648,0.17826828360557556,0.23717204298567435,0.7426022288117969,0.0013658112839146377,0.0006417222606494028,0.00017394484597379122,4.882129513973987e-05,1.8201492995144237e-05,3.709370999917184e-06,0.0008196435074195909,0.101806640625,0.0004521452269618711,0.150390625,0.5B,16384
10,3,agent_16384,agent,16384,9.704060527839234,20.592868705033833,19.82091395642382,1.3414698618926617,23.189326808151343,7.304271883864053,0.713916293752933,9.528399509657149,0.04180127180491257,-11.525073051452637,18.436511870473623,2.059325873845438e-07,0.9999999901560644,0.0392156862745098,0.6423149368091277,3.0424490911971267,0.9979093115174109,0.7448341104057786,0.8777671266961263,0.9387817755145541,0.3625471591949463,0.0193331241607666,0.1623091296075247,0.7996682894329176,0.004689297074994061,0.0027202949333911064,0.0011508478280356088,0.0004474446767974557,0.00022046255834700802,7.020019660966176e-05,0.0008174672866850255,0.1015625,0.000473152344372165,0.150390625,0.5B,16384
10,4,agent_16384,agent,16384,9.704060527839234,18.875281300248567,19.82091395642382,1.3414698618926617,23.189326808151343,7.304271883864053,0.713916293752933,9.528399509657149,0.04180127180491257,-25.12203497439623,11.45104467868805,0.00013249384995838378,0.9999893607455316,0.0392156862745098,0.605276946999202,2.4931088412626643,0.9969914360858168,0.7423259926553215,0.8230283524422854,0.8957838831888049,0.12409138679504395,0.22395825386047363,0.5672392645384249,0.37085510587888343,0.0323253571856941,0.018192358469092597,0.007511981290268508,0.003413679356719158,0.001931441248987669,0.0007333005325172463,0.00509637730617504,0.1015625,0.003039485123329553,0.150390625,0.5B,16384
10,5,agent_16384,agent,16384,9.704060527839234,20.20776555260809,19.82091395642382,1.3414698618926617,23.189326808151343,7.304271883864053,0.713916293752933,9.528399509657149,0.04180127180491257,-19.29135327041149,7.509840125218034,0.009191471242586575,0.9989219366239525,0.0392156862745098,0.6015098721502523,4.2812115306793155,0.9907425941171845,0.48057316202232814,0.5711287052515867,0.6764817138682395,0.11184316873550415,0.030345633625984192,0.26740715587326314,0.3810339856912629,0.04716046197976148,0.020258178005048883,0.007121734714241136,0.0029604377189434306,0.001486376477763408,0.0004163369292240188,0.004339020883035887,0.1015625,0.0023050989960975753,0.150390625,0.5B,16384
10,6,agent_16384,agent,16384,9.704060527839234,28.491800472433088,19.82091395642382,1.3414698618926617,23.189326808151343,7.304271883864053,0.713916293752933,9.528399509657149,0.04180127180491257,-68.14798202365637,17.738546842709184,5.748110928712123e-07,0.9999999706735672,0.0392156862745098,0.5454510922483967,0.8808086165430554,0.9994523464901917,0.9663967994135628,0.9742912425984457,0.9816930167529996,0.03345617651939392,0.0523146390914917,0.05435424024231884,0.9104238978720463,0.0033182062717749547,0.0015881153703417728,0.00038901669651051095,8.722192766027416e-05,2.6709050737021973e-05,3.449766048775979e-06,0.0027628158840314536,0.1015625,0.0016719442794584246,0.150390625,0.5B,16384
10,7,agent_16384,agent,16384,9.704060527839234,16.962225782051505,24.000556255458925,2.466342606744618,31.439279587669535,3.7527963494723813,0.7192154284507801,8.277814215359259,0.1723501852554825,-29.585217893123627,0.14590145647525787,0.6905008242086559,0.53641053929095,0.0392156862745098,0.7913360316153011,3.197683267374373,0.9911548104975781,0.6813094133659683,0.7603867175295016,0.8130336160703899,0.0948147177696228,0.06871432065963745,0.4848661443221794,0.2855713952658646,0.06604930487774585,0.036431449983111784,0.01642166538751237,0.008588705291870355,0.0053972772851885375,0.002598266681320771,0.013241938664866703,0.1015625,0.009181966853437133,0.150390625,0.5B,16384
10,8,agent_16384,agent,16384,9.704060527839234,17.572167588236386,24.000556255458925,2.466342606744618,31.439279587669535,3.7527963494723813,0.7192154284507801,8.277814215359259,0.1723501852554825,-44.69817190244794,0.7648043595254421,0.7157184314375419,0.6683631043620212,0.0392156862745098,0.8182564759504924,2.854270265921757,0.9911943025911837,0.6649144780005822,0.690376678771272,0.7293864815564322,0.003701448440551758,0.017337799072265625,0.6388847726295581,0.017461585274740517,0.16559461825490063,0.06635687742453644,0.02062356283655272,0.007580672015442658,0.0036909146746431755,0.0011348550140502876,0.024763390857462216,0.1015625,0.01655316145385313,0.150390625,0.5B,16384
10,9,agent_16384,agent,16384,9.704060527839234,16.62644569485717,24.000556255458925,2.466342606744618,31.439279587669535,3.7527963494723813,0.7192154284507801,8.277814215359259,0.1723501852554825,-26.617310985922813,0.40706537663936615,0.7667719354601928,0.5874011073575841,0.0392156862745098,0.7797286585277121,5.12379284683703,0.9840115272180419,0.31327072832915415,0.37436916946657844,0.46794615308763127,0.023898720741271973,0.0021255016326904297,0.22850662359916551,0.09085122027478867,0.1337131353686096,0.06793501229808256,0.012472602366984059,0.0028097060023244058,0.001381047750938403,0.0005824028780211141,0.004917531181854142,0.1015625,0.003211504359677996,0.150390625,0.5B,16384
10,10,agent_16384,agent,16384,9.704060527839234,14.902801186676617,24.000556255458925,2.466342606744618,31.439279587669535,3.7527963494723813,0.7192154284507801,8.277814215359259,0.1723501852554825,-25.827628672122955,2.2209167778491974,0.3204995354698493,0.9021063671577131,0.0392156862745098,0.7996028277960348,3.9979207518971434,0.987981526084946,0.5582773089476883,0.6523501594383522,0.7548425072518226,0.12848317623138428,0.04353296756744385,0.3289676908450259,0.3020972155561501,0.06400655063692748,0.037670496642238156,0.016316897648780686,0.00760441081861027,0.004651520337870098,0.002032575145085363,0.01293851856405311,0.1015625,0.00902766320951516,0.150390625,0.5B,16384
10,11,agent_16384,agent,16384,9.704060527839234,17.513971255770326,24.000556255458925,2.466342606744618,31.439279587669535,3.7527963494723813,0.7192154284507801,8.277814215359259,0.1723501852554825,-19.93835110962391,7.4289130717515945,0.005002939344449239,0.9994065013570969,0.0392156862745098,0.7498810542753226,3.568267233090378,0.9953999262530911,0.653844726521559,0.7980658210468772,0.8578835072155001,0.22796177864074707,0.19367694854736328,0.1787338011827086,0.607201673862204,0.0215655451794226,0.010794846791108915,0.00357847675892742,0.0014320017012153748,0.0007526286144980401,0.00028007022934643745,0.002170101520398982,0.1015625,0.0014430375970887253,0.150390625,0.5B,16384
10,12,agent_16384,agent,16384,9.704060527839234,15.207676868172923,24.000556255458925,2.466342606744618,31.439279587669535,3.7527963494723813,0.7192154284507801,8.277814215359259,0.1723501852554825,-11.912166275084019,4.505982056260109,0.060247501063621894,0.9890741794684005,0.0392156862745098,0.70035986695418,4.496855783065751,0.9909205527105938,0.4494853010869771,0.5565673437536771,0.6783044517159319,0.3915438652038574,0.019207686185836792,0.09362479815619143,0.5383766793645328,0.039147052987209545,0.01845779943461853,0.007286849464651299,0.0025100910777364656,0.0012081404854702186,0.00040665750316359813,0.0040078027336662705,0.1015625,0.002064013596727851,0.150390625,0.5B,16384
10,13,agent_16384,agent,16384,9.704060527839234,15.698722055080596,24.000556255458925,2.466342606744618,31.439279587669535,3.7527963494723813,0.7192154284507801,8.277814215359259,0.1723501852554825,-29.996466651558876,2.8195566534996033,0.2352657472923593,0.9414842252134343,0.0392156862745098,0.7533053841103591,4.297685357733615,0.9822732142274342,0.48913856759599705,0.5282464479490969,0.5859930963533672,0.12629181146621704,0.0028901100158691406,0.4231455922769789,0.11562400426380687,0.2537821243585625,0.12720466237910355,0.03132115436965349,0.009085196555341804,0.004962549719063308,0.0021806994195722497,0.012905553267955184,0.1015625,0.007578527361143043,0.150390625,0.5B,16384
11,0,agent_16384,agent,16384,9.704060527839234,21.926235534757147,16.103596306773333,1.3850899850869012,20.729874284126602,4.832111405936645,0.5516791334236172,8.01043817412255,0.08059832925893504,-25.028443828225136,2.1799518391489983,0.34385248337526947,0.8963948795221639,0.0392156862745098,0.6149301673114108,4.149226824131938,0.9906588655106873,0.48086004500469604,0.6023679562281938,0.7153630307275514,0.12251627445220947,0.01624155044555664,0.2890116314321554,0.2877977366341844,0.06039115746417811,0.032303239529697554,0.012748242639929975,0.00541394693062171,0.0029374415272023034,0.0011187690392030181,0.02127714792626331,0.1015625,0.012473083053684083,0.150390625,0.5B,16384
11,1,agent_16384,agent,16384,9.704060527839234,19.505996725390066,16.103596306773333,1.3850899850869012,20.729874284126602,4.832111405936645,0.5516791334236172,8.01043817412255,0.08059832925893504,-52.04488053545356,2.2825252627953887,0.5824899199044722,0.8549478135602876,0.0,0.5497881373867307,5.934074686374345,0.9644376642274914,0.26676211691804647,0.3127494969120545,0.3814358396969195,0.026113569736480713,0.01116931438446045,0.1475945093227012,0.00017557912679895895,0.14620104294543096,0.09779514883888131,0.04311903852982217,0.019451147488916975,0.010624836385233257,0.004012305612123269,0.09578521334770294,0.101806640625,0.05592023370390592,0.150634765625,0.5B,16384
11,2,agent_16384,agent,16384,9.704060527839234,18.184792700554322,16.103596306773333,1.3850899850869012,20.729874284126602,4.832111405936645,0.5516791334236172,8.01043817412255,0.08059832925893504,-34.154003009200096,4.561097182333469,0.06531255193434927,0.9886869775064038,0.0392156862745098,0.5646388422826265,5.665885341375889,0.9650917246355967,0.30493756487593854,0.3927896602417979,0.4860131335071005,0.0016505718231201172,0.14192140102386475,0.16469897038883574,0.006087571662518552,0.1267276434724669,0.08506737793243675,0.04368935330196646,0.02212363960021744,0.012962808572968193,0.005328058818001835,0.0559790413792677,0.1015625,0.03732903084725969,0.150390625,0.5B,16384
11,3,agent_16384,agent,16384,9.704060527839234,15.868825209079931,16.103596306773333,1.3850899850869012,20.729874284126602,4.832111405936645,0.5516791334236172,8.01043817412255,0.08059832925893504,-30.669776352122426,8.251396397128701,0.0026005306360896967,0.9997252707678429,0.0392156862745098,0.6723271459019395,6.84102485118407,0.8978902929679013,0.20483885395925064,0.2374642540231838,0.282856283532407,0.09511429071426392,0.08178043365478516,0.16089314126027088,0.022131599842128355,0.32566925509041383,0.22701703487232366,0.13281024121750112,0.08597467168695333,0.06036277568673894,0.03421042223065698,0.13112882755322658,0.1015625,0.08570000550502029,0.150390625,0.5B,16384
11,4,agent_16384,agent,16384,9.704060527839234,20.524073038763394,16.103596306773333,1.3850899850869012,20.729874284126602,4.832111405936645,0.5516791334236172,8.01043817412255,0.08059832925893504,-35.01998344063759,14.833827028982341,8.685459534361873e-06,0.9999994656210547,0.0392156862745098,0.5990149051642634,5.046801902963281,0.961900716633851,0.4313185708544007,0.4783509762452393,0.5379400932203776,0.026307344436645508,0.06412708759307861,0.33691170785012237,0.02030893176622134,0.26654185341617154,0.17282447527554318,0.0811614190778083,0.03728718139921948,0.0210712467129615,0.008474263828242559,0.13833060146092097,0.1015625,0.0929785439013533,0.150390625,0.5B,16384
11,5,agent_16384,agent,16384,9.704060527839234,21.49997020874621,16.103596306773333,1.3850899850869012,20.729874284126602,4.832111405936645,0.5516791334236172,8.01043817412255,0.08059832925893504,-29.88466217368841,0.29761163890361786,0.7499162488706748,0.5652395722419257,0.0392156862745098,0.6568198263935044,3.998554742802695,0.9873324085873617,0.5456291987249006,0.6227265040577654,0.7132217201572597,0.020566582679748535,0.02010798454284668,0.3742506910999664,0.22110033058870027,0.12221669665546335,0.06934372925356011,0.0292377988429878,0.012917652049986164,0.006938191274471114,0.002622312070931659,0.03248262399420801,0.1015625,0.017892043271315765,0.150390625,0.5B,16384
11,6,agent_16384,agent,16384,9.704060527839234,21.164399080638198,16.103596306773333,1.3850899850869012,20.729874284126602,4.832111405936645,0.5516791334236172,8.01043817412255,0.08059832925893504,-27.44597290456295,5.305666148662567,0.04250603626290201,0.9935504783660756,0.0392156862745098,0.6922186542822072,4.696193234153012,0.9738376187396447,0.46272844937886415,0.5350671684033572,0.6162463148260381,0.1783902645111084,0.049430131912231445,0.3150601566601195,0.15077346930062993,0.18536698907000235,0.11555241303336033,0.054580267630914586,0.027252270344791864,0.01642625773636786,0.007482202094063561,0.06498614227069797,0.1015625,0.039110515145011765,0.150390625,0.5B,16384
11,7,agent_16384,agent,16384,9.704060527839234,35.15341339938307,27.46168189359564,3.8008955918514373,39.1861863136644,9.011948698119,0.6199004648731358,11.12900488673504,0.024877803682269984,-146.18723158165812,6.7168108051409945,0.009362830497660969,0.9987887131382547,0.0,0.8737734241171724,0.01705013390069195,0.9999377421822571,0.9997020587757217,0.999823034105922,0.9999435847663058,0.12808279693126678,0.05559280514717102,0.9980682764957611,1.4175812941297e-10,0.00012049312244201414,4.877955772809239e-06,2.4240866554266536e-07,4.7884096136943964e-08,1.131611260535967e-08,7.32750344008488e-11,0.003190048007372963,0.101806640625,0.0029276884182035828,0.150634765625,0.5B,16384
11,8,agent_16384,agent,16384,9.704060527839234,19.510866195794033,27.46168189359564,3.8008955918514373,39.1861863136644,9.011948698119,0.6199004648731358,11.12900488673504,0.024877803682269984,4.376131916418672,7.023879997432232,0.008857026129898238,0.9989408589763992,0.0392156862745098,0.6701207289595027,7.065630773297683,0.9387682226295624,0.07164032792540742,0.11446951564377882,0.1774696769378712,0.016447722911834717,0.013660073280334473,0.014062901425455363,0.022357163903442626,0.09643534678336368,0.07629073851982153,0.04796229884577486,0.02339808907641946,0.011326174819355736,0.0020049604310675446,0.02503116413171431,0.1015625,0.0164885072234455,0.150390625,0.5B,16384
11,9,agent_16384,agent,16384,9.704060527839234,33.05774911084097,27.46168189359564,3.8008955918514373,39.1861863136644,9.011948698119,0.6199004648731358,11.12900488673504,0.024877803682269984,-117.74656622018665,2.563844928983599,0.5150978698916595,0.8843209062402847,0.0,0.8925278022056428,4.089872976622614,0.996796726214074,0.3671020099714569,0.49440875805564055,0.6882141546990445,0.02246774733066559,0.011538207530975342,0.12594158055162752,4.688888249272658e-08,0.0007836620136304254,3.550000220752757e-05,4.868374583109241e-06,4.393320591114561e-07,3.95130809693116e-08,1.11236160986608e-09,0.14977377735962133,0.101806640625,0.11308470746873536,0.150634765625,0.5B,16384
11,10,agent_16384,agent,16384,9.704060527839234,25.682516408161426,27.46168189359564,3.8008955918514373,39.1861863136644,9.011948698119,0.6199004648731358,11.12900488673504,0.024877803682269984,-29.078052267432213,23.021264612674713,1.7038269933605776e-08,0.9999999998985307,0.0392156862745098,0.7971330474398457,1.2641255938002045,0.999723854964074,0.9588144824968183,0.9784847334190606,0.9916450698667931,0.30894988775253296,0.04429209232330322,0.23316469042109542,0.012359894094886846,0.000285284190519995,0.00010129062041838632,1.8253900678082063e-05,2.8509797744814463e-06,7.233839930942953e-07,7.803302286966962e-08,0.0001250110036270593,0.1015625,5.8954815317834884e-05,0.150390625,0.5B,16384
11,11,agent_16384,agent,16384,9.704060527839234,34.63064660735278,27.46168189359564,3.8008955918514373,39.1861863136644,9.011948698119,0.6199004648731358,11.12900488673504,0.024877803682269984,-107.4485877789557,10.445502430200577,0.00033282947206475305,0.9999709219541956,0.0,0.8895427467873593,4.063217736974656,0.9961566027884631,0.39138052961854347,0.4658086439281517,0.5952038498661358,0.05521118640899658,0.011802420020103455,0.20221101160538807,1.3562646259514422e-09,0.0003843872726430446,1.869070631768234e-05,1.296285505803498e-06,7.528434153823942e-08,6.903475646529764e-09,1.206757344143505e-10,0.20904727134145545,0.101806640625,0.13048389256805243,0.150634765625,0.5B,16384
11,12,agent_16384,agent,16384,9.704060527839234,28.211940533098286,27.46168189359564,3.8008955918514373,39.1861863136644,9.011948698119,0.6199004648731358,11.12900488673504,0.024877803682269984,-82.24088720232248,2.903714718297124,0.43869949370066236,0.9050654381020669,0.0,0.8902320952610305,3.669016504515966,0.9980402171659695,0.43349430427282815,0.6155272317343368,0.8645570116463267,0.01221504807472229,0.009731203317642212,0.1562387098831771,5.040812035908898e-05,0.0006853052110918126,0.0002165945737724997,1.935709236796104e-05,1.6244575217641762e-06,2.806953556440399e-07,1.4269881991901439e-08,0.0483023743532753,0.1015625,0.020463335127521846,0.150390625,0.5B,16384
11,13,agent_16384,agent,16384,9.704060527839234,35.98857142383095,27.46168189359564,3.8008955918514373,39.1861863136644,9.011948698119,0.6199004648731358,11.12900488673504,0.024877803682269984,-188.40837805718184,1.1291065543045988,0.5560623818689668,0.755671240259418,0.0,0.8966281540634854,2.259097634858222e-06,0.9999389645436215,0.9999999848906113,0.9999999868207848,0.9999999887980309,0.04747624695301056,0.04422164708375931,0.9999999077666556,4.0701778170844014e-11,1.2992257013614548e-07,5.6006713633340985e-08,8.073530102933464e-09,7.760371621348412e-10,2.0375699036366991e-10,1.1712694922989293e-11,2.779206672065936e-07,0.1015625,2.5368831550355756e-07,0.150390625,0.5B,16384
12,0,agent_16384,agent,16384,9.704060527839234,32.892772367062555,16.478119254136104,1.5351827272122842,20.796611689642507,7.008524398919389,0.8796638102217849,12.015168681737608,0.05152361575376869,21.343312811106443,11.905299048870802,8.718689017810647e-05,0.9999932453709264,0.0392156862745098,0.5643037822863565,0.3493614772145469,0.9997432213995797,0.9864178470418342,0.9898568401012345,0.9930409641445741,0.23065993189811707,0.01933574676513672,0.03117935994370596,0.9503323372574964,0.0013047993628170433,0.0006469869933524015,0.00018042065489583175,4.2553302123507063e-05,1.3627361816732001e-05,1.770895011977526e-06,0.0012249699146009258,0.1015625,0.0008548879243094702,0.150390625,0.5B,16384
12,1,agent_16384,agent,16384,9.704060527839234,12.880118070358897,16.478119254136104,1.5351827272122842,20.796611689642507,7.008524398919389,0.8796638102217849,12.015168681737608,0.05152361575376869,6.142118610354373,19.465887688013026,1.7547635578468592e-07,0.9999999923742803,0.0392156862745098,0.718734152632078,3.265526752356269,0.9595465624305981,0.7189721079821593,0.750952392652025,0.7768360046147043,0.05594637989997864,0.11995145678520203,0.59498600594287,0.007301198771897434,0.5210512296448833,0.42374221084719893,0.2902827012427095,0.19122811361412895,0.1401519015468632,0.08348493013936509,0.24515443300927295,0.1015625,0.18738505432902805,0.150390625,0.5B,16384
12,2,agent_16384,agent,16384,9.704060527839234,16.161500186560684,16.478119254136104,1.5351827272122842,20.796611689642507,7.008524398919389,0.8796638102217849,12.015168681737608,0.05152361575376869,14.803420752286911,0.9285135362297297,0.5968575498019258,0.716709241509999,0.0392156862745098,0.6603172831182769,3.4406670060590265,0.9745815350112641,0.6446965558489772,0.6848477236727101,0.7301685780456636,0.2588918209075928,0.0676259994506836,0.568908780279919,0.10284498435545329,0.22196513108139235,0.1586013948034312,0.09183244017900156,0.05158049993489531,0.0326795119086525,0.015108914761649994,0.06880672182223552,0.1015625,0.050761054697577836,0.150390625,0.5B,16384
12,3,agent_16384,agent,16384,9.704060527839234,15.965578231268893,16.478119254136104,1.5351827272122842,20.796611689642507,7.008524398919389,0.8796638102217849,12.015168681737608,0.05152361575376869,-14.309809720798512,7.74865311877511,0.006185605282257166,0.9993313450332202,0.0196078431372549,0.6491883286912443,1.083062032803324,0.9902756967197096,0.9070674087823526,0.9145630689506302,0.9230164737538494,0.04837679862976074,0.07092049717903137,0.8934389791478258,0.0004961442485457118,0.22398429572606982,0.1745828808402158,0.10927845052801852,0.07053654014450737,0.04903206246022116,0.023826133216912817,0.13016356170027787,0.1015625,0.10854459103018256,0.150390625,0.5B,16384
12,4,agent_16384,agent,16384,9.704060527839234,13.590982824155564,16.478119254136104,1.5351827272122842,20.796611689642507,7.008524398919389,0.8796638102217849,12.015168681737608,0.05152361575376869,13.23218609392643,7.137226305902004,0.0075605233631693474,0.9991112674902136,0.0392156862745098,0.7655029504478382,4.1562358750999735,0.9471645739060356,0.5693507207354087,0.5982986635024541,0.6342301275633321,0.14702916145324707,0.045827269554138184,0.5183784720754234,0.033682117323884,0.3458549240416789,0.24934307964147726,0.15487285354774158,0.10048936092509057,0.07242361288543771,0.04021571442613603,0.11705482371782859,0.1015625,0.0915072076639555,0.150390625,0.5B,16384
12,5,agent_16384,agent,16384,9.704060527839234,15.914391742235019,16.478119254136104,1.5351827272122842,20.796611689642507,7.008524398919389,0.8796638102217849,12.015168681737608,0.05152361575376869,27.868554539978504,2.6783247143030167,0.2871188425685954,0.9293808316253158,0.0392156862745098,0.7422363902866168,5.787940418568976,0.9637475305824381,0.2607313045451204,0.33260255059891247,0.42910375780478854,0.06866925954818726,0.017242133617401123,0.1630602962587114,0.01193238028280803,0.16719185531900924,0.11479100697792718,0.05315797704267917,0.0234902743106685,0.013298096922394543,0.005822314995579554,0.030233098011790787,0.1015625,0.016542128822115563,0.150390625,0.5B,16384
12,6,agent_16384,agent,16384,9.704060527839234,17.651539415545486,16.478119254136104,1.5351827272122842,20.796611689642507,7.008524398919389,0.8796638102217849,12.015168681737608,0.05152361575376869,19.11433690227568,9.793492635712028,0.0011534754003207851,0.9998980918862473,0.0392156862745098,0.64672291865488,3.0029468709704683,0.9898099953038556,0.6812682203463785,0.7261438487191474,0.7811500422409795,0.10193300247192383,0.0716407299041748,0.5858383780286769,0.04553150990867297,0.14323286056176085,0.07609307080596377,0.032043614516166795,0.015563977234579158,0.009183258583458968,0.0038804570629696424,0.02709978183192853,0.1015625,0.02089178482420781,0.150390625,0.5B,16384
12,7,agent_16384,agent,16384,9.704060527839234,17.133047797191555,19.956046926547806,0.6647431527388626,22.3117482462098,5.843174075807273,0.47929694975525416,7.19078111806507,0.13208727272648527,-7.792996522039175,2.4701312072575092,0.28967165722000493,0.9198676732306866,0.0392156862745098,0.7848711804941924,3.764615957307452,0.9943270040405853,0.5229538693541783,0.6266548440221432,0.748849348257097,0.03771793842315674,0.03725217282772064,0.3253601869777989,0.3288592568506816,0.02307011100343532,0.012275432853321572,0.0055166283727428106,0.002697833396797354,0.0015571687065623673,0.0006191938050842803,0.004451806701733466,0.1015625,0.0030164352920881033,0.150390625,0.5B,16384
12,8,agent_16384,agent,16384,9.704060527839234,19.986069460533024,19.956046926547806,0.6647431527388626,22.3117482462098,5.843174075807273,0.47929694975525416,7.19078111806507,0.13208727272648527,-16.874316319823265,31.053606767207384,1.4631358607657367e-08,0.999999999998967,0.0392156862745098,0.6847635378093404,1.876824993287622,0.9991758917157532,0.9521882043323106,0.9730186530790711,0.9827008326840805,0.9102240800857544,0.17245888710021973,0.24406079936695704,0.7353405912350518,0.005111101716218707,0.002838184998162892,0.0010745298955563754,0.00038931958523266154,0.000183714149445273,5.306631179921545e-05,0.003966207258603578,0.1015625,0.0026762926469166043,0.150390625,0.5B,16384
12,9,agent_16384,agent,16384,9.704060527839234,17.748272878946473,19.956046926547806,0.6647431527388626,22.3117482462098,5.843174075807273,0.47929694975525416,7.19078111806507,0.13208727272648527,-7.809479184448719,3.332324407994747,0.15024837738118543,0.9654988842432966,0.0392156862745098,0.7732989329821552,3.238827958868384,0.9967169745432686,0.6637159513988492,0.7734206381577526,0.8773752131582688,0.03255486488342285,0.050269365310668945,0.308636311511917,0.4619555126794341,0.01109247848343703,0.006626203626079936,0.0035608439661992996,0.0018830455980616949,0.0011545354998187911,0.00048688480059534906,0.0037223012300721123,0.1015625,0.0021327205994995206,0.150390625,0.5B,16384
12,10,agent_16384,agent,16384,9.704060527839234,14.506327670709961,19.956046926547806,0.6647431527388626,22.3117482462098,5.843174075807273,0.47929694975525416,7.19078111806507,0.13208727272648527,-19.213640950620174,5.6234216168522835,0.023985517794771673,0.9963894950413734,0.0392156862745098,0.7948791208438986,3.068708314646626,0.9881230147827826,0.7236776894772243,0.7836880622984493,0.8327869323956563,0.23391354084014893,0.14956450462341309,0.508091964372505,0.20756866447930378,0.09212568995140757,0.06314503142111598,0.033963256202450894,0.01862115749360947,0.011757173477324431,0.0054456234064823045,0.029167150355880234,0.1015625,0.018557309692276463,0.150390625,0.5B,16384
12,11,agent_16384,agent,16384,9.704060527839234,14.78335430497865,19.956046926547806,0.6647431527388626,22.3117482462098,5.843174075807273,0.47929694975525416,7.19078111806507,0.13208727272648527,-8.315015107393265,12.51793259382248,5.174141506910829e-05,0.9999962138899706,0.0392156862745098,0.7725025654716448,4.139676914010175,0.9852567393121383,0.5709714592410421,0.6645074872319033,0.7303227598071236,0.04680037498474121,0.07207322120666504,0.2786424821896708,0.06373571802845952,0.05480867222617811,0.03328350592312467,0.017719426946300305,0.010253674569143766,0.006793053264645713,0.0033806100010280895,0.010989787868507043,0.1015625,0.007507760571956284,0.150390625,0.5B,16384
12,12,agent_16384,agent,16384,9.704060527839234,17.92248236966473,19.956046926547806,0.6647431527388626,22.3117482462098,5.843174075807273,0.47929694975525416,7.19078111806507,0.13208727272648527,1.2807660028338432,17.888535048812628,3.362480067909488e-07,0.9999999829718739,0.0392156862745098,0.7059159786781429,2.927166630740049,0.9986699066918223,0.7707503228487846,0.9044721541049416,0.9550328500224147,0.2604494094848633,0.4163329005241394,0.12145849469824196,0.8010370064769989,0.003506208007912293,0.0019159500251912556,0.0008711440165785998,0.0003545042029959162,0.00017062034863552067,5.3740176528025884e-05,0.0012804288730788017,0.1015625,0.0005972501612541104,0.150390625,0.5B,16384
12,13,agent_16384,agent,16384,9.704060527839234,14.30981173526765,19.956046926547806,0.6647431527388626,22.3117482462098,5.843174075807273,0.47929694975525416,7.19078111806507,0.13208727272648527,-6.98085530847311,8.509154848754406,0.0019264845117685245,0.9997978070510216,0.0392156862745098,0.7607851585172983,4.934210050217992,0.9803252087634237,0.41171720416760266,0.533031010599523,0.6521033024369787,0.24228429794311523,0.004562556743621826,0.12895201970277734,0.1286482476168396,0.0625115364936591,0.047048911587361485,0.026125096914192094,0.013540357757536783,0.007999709781236194,0.00331229601481783,0.012827178371500849,0.1015625,0.009108093000591816,0.150390625,0.5B,16384
13,0,agent_16384,agent,16384,9.704060527839234,18.95554371595603,19.835342329700353,1.4509591794621801,25.230010623082947,5.042744175239525,0.44013480434031943,8.374517286546917,0.06487621341855729,-18.03668487071991,1.6514915525913239,0.9148826920360947,0.7408924111804273,0.0,0.726273137067005,5.670449193457339,0.9819285482544264,0.17713395295953452,0.2668400659952383,0.3969060071272154,0.012851476669311523,0.003263711929321289,0.038329650203477575,0.007020301295470703,0.10434134450588517,0.0562892492432932,0.021796781290536527,0.0060601023494210845,0.002229226435580623,0.0006565990584374436,0.037111519729869674,0.1015625,0.025616211699724313,0.150390625,0.5B,16384
13,1,agent_16384,agent,16384,9.704060527839234,17.04068092520299,19.835342329700353,1.4509591794621801,25.230010623082947,5.042744175239525,0.44013480434031943,8.374517286546917,0.06487621341855729,4.144217252731323,26.374385118484497,1.4724249723942707e-08,0.9999999999954863,0.0392156862745098,0.7476916166554596,2.4534121771945308,0.9978969320495703,0.8837618320692819,0.9530271445747621,0.9683245050237874,0.25219762325286865,0.017754435539245605,0.26639764814924516,0.698379823307316,0.008890401314673614,0.005933473337771792,0.002794930469592851,0.0012736964129665797,0.0006871457517450606,0.0002610752832767818,0.004101541700355602,0.1015625,0.0028498646114590467,0.150390625,0.5B,16384
13,2,agent_16384,agent,16384,9.704060527839234,20.240091694585978,19.835342329700353,1.4509591794621801,25.230010623082947,5.042744175239525,0.44013480434031943,8.374517286546917,0.06487621341855729,-4.199018761515617,9.55303687043488,0.000838358832031681,0.9999225981819048,0.0,0.6357500064838697,5.4664452109255866,0.9877634732751293,0.15637988558617275,0.22971275458446866,0.3532773627741434,0.05383247137069702,0.005557656288146973,0.0020769728512312724,0.0004218325382279023,0.05886086573336888,0.02952340943633831,0.0077534183771106125,0.001720359271517942,0.000681883403921067,0.00010531093953172329,0.24225403065566875,0.101806640625,0.17035141005933818,0.150634765625,0.5B,16384
13,3,agent_16384,agent,16384,9.704060527839234,18.592966604959972,19.835342329700353,1.4509591794621801,25.230010623082947,5.042744175239525,0.44013480434031943,8.374517286546917,0.06487621341855729,3.959655463695526,10.037447184324265,0.0004827236930074734,0.9999562683625972,0.0392156862745098,0.7125556937376277,1.156891618781297,0.9987650510612539,0.9332109411255317,0.9505191598725442,0.9686572952796388,0.47796630859375,0.14972352981567383,0.06307651162496926,0.8894952588124633,0.006446059610865139,0.0038380536854741697,0.0015781296441900888,0.000639173610197791,0.0003242602591482434,0.00010661747102265454,0.004726270537038708,0.1015625,0.0035352710070899974,0.150390625,0.5B,16384
13,4,agent_16384,agent,16384,9.704060527839234,18.45712674111182,19.835342329700353,1.4509591794621801,25.230010623082947,5.042744175239525,0.44013480434031943,8.374517286546917,0.06487621341855729,17.772622253745794,8.448910366743803,0.0020668554548762576,0.9997827805313491,0.0392156862745098,0.7608023790859478,4.049342662667055,0.9956430231132838,0.4688023907079248,0.6225044977288773,0.7657822631242956,0.035097360610961914,0.01341170072555542,0.17312740133812113,0.2949255822260115,0.009185201317442148,0.0034311578829011678,0.0013631643501432452,0.000562012984441231,0.0002987729252818079,9.608131815963876e-05,0.0020196842786489085,0.1015625,0.001638660258955691,0.150390625,0.5B,16384
13,5,agent_16384,agent,16384,9.704060527839234,17.819159434072564,19.835342329700353,1.4509591794621801,25.230010623082947,5.042744175239525,0.44013480434031943,8.374517286546917,0.06487621341855729,0.2634863406419754,5.037238955497742,0.05943240959364864,0.9905511445292621,0.0392156862745098,0.8020871019224817,4.688995738883171,0.9817800202475527,0.4307250892878706,0.5028435641651906,0.5896678188890971,0.1226578950881958,0.004013717174530029,0.3117569416259484,0.03197656579993427,0.11869972544090186,0.06683287818295423,0.02457043606183555,0.008577961632271869,0.003791897981446199,0.0011674199317101212,0.02963266702705402,0.1015625,0.01490798791108963,0.150390625,0.5B,16384
13,6,agent_16384,agent,16384,9.704060527839234,13.923885771275833,19.835342329700353,1.4509591794621801,25.230010623082947,5.042744175239525,0.44013480434031943,8.374517286546917,0.06487621341855729,-13.679197404388105,0.26361168749281205,0.6888886330874409,0.5652804147269025,0.0196078431372549,0.736459490853829,6.8269657437907325,0.9349218996718471,0.12079517955886086,0.17023063072287883,0.25413313826847006,0.04619568586349487,0.00032192468643188477,0.04616768293752627,0.0108864089671518,0.25065283332723065,0.18775257511505977,0.09448419327223863,0.0450869917652734,0.024521535683296916,0.010461995660744532,0.10142492769607336,0.1015625,0.07529954088535369,0.150390625,0.5B,16384
13,7,agent_16384,agent,16384,9.704060527839234,14.426332977098596,20.151917324224883,1.0700989093403759,24.392893185376476,5.759994569239774,0.551414727220772,11.308022452205817,0.07924182362391506,-15.268070355057716,7.680654779076576,0.004123950421133666,0.999530208734018,0.0196078431372549,0.8254496780507463,6.62774019477663,0.9432614169731244,0.16650585442500776,0.21657233880917964,0.28384880797175055,0.030077338218688965,0.09634530544281006,0.0853890051768446,0.012175035976372092,0.1933158713253863,0.1288809583175348,0.06682830036602994,0.03218978204892782,0.01943229909938848,0.008216836559886623,0.07686266682790611,0.1015625,0.05849737149673761,0.150390625,0.5B,16384
13,8,agent_16384,agent,16384,9.704060527839234,20.18093272403452,20.151917324224883,1.0700989093403759,24.392893185376476,5.759994569239774,0.551414727220772,11.308022452205817,0.07924182362391506,-45.28938245214522,1.878543397411704,0.5856537781769341,0.8392588481344252,0.0,0.7594662920574632,4.733758244125401,0.9665128036864788,0.4659310771096788,0.48992376075954913,0.5283227580744083,0.15335580706596375,0.011400267481803894,0.41605084095310885,6.328512182203842e-05,0.33214095830188006,0.21885278290973675,0.10042551474165111,0.034976703894374545,0.01322729561877351,0.003252570444011276,0.4167402738845581,0.101806640625,0.29863724338090936,0.150634765625,0.5B,16384
13,9,agent_16384,agent,16384,9.704060527839234,20.538524738177163,20.151917324224883,1.0700989093403759,24.392893185376476,5.759994569239774,0.551414727220772,11.308022452205817,0.07924182362391506,-18.74031150341034,1.6585890278220177,0.9937646162856341,0.7239961213431145,0.0196078431372549,0.8227865021457461,5.068635297461538,0.9856111198576809,0.35638969461502606,0.47550364529497713,0.592518724220069,0.2348695993423462,0.13057422637939453,0.0883309048209251,0.0017925043269080248,0.07338150421058538,0.04187265302293543,0.014423287458131198,0.005149040192303734,0.002526245343861025,0.0008127499775534082,0.021686171792730382,0.1015625,0.013057056197165445,0.150390625,0.5B,16384
13,10,agent_16384,agent,16384,9.704060527839234,16.403077994199506,20.151917324224883,1.0700989093403759,24.392893185376476,5.759994569239774,0.551414727220772,11.308022452205817,0.07924182362391506,-1.3553892113268375,0.5361778605729342,0.6591328508357611,0.6308803379073692,0.0392156862745098,0.7658798529631662,4.263101585012938,0.9911573579751625,0.4831394852867174,0.6548003545204838,0.7610924850318962,0.09621453285217285,0.09352827072143555,0.12782289832270718,0.4434603754155784,0.024754636464420526,0.014211238625971864,0.006813921087008921,0.0032715460730055046,0.0018722427552727784,0.0007440320847481072,0.006100193108360708,0.1015625,0.003922482060437161,0.150390625,0.5B,16384
13,11,agent_16384,agent,16384,9.704060527839234,15.479631255465344,20.151917324224883,1.0700989093403759,24.392893185376476,5.759994569239774,0.551414727220772,11.308022452205817,0.07924182362391506,-11.617370745167136,4.757604183629155,0.049926766700903805,0.9914086019600228,0.0392156862745098,0.8055553503923861,5.369233279838643,0.9679923969008676,0.3616662131726467,0.4518925071478202,0.5378018896764881,0.02005457878112793,0.12635743618011475,0.18257301133637072,0.02264367362574002,0.09739064308701181,0.06814003430837856,0.035289181759638966,0.018226957963364727,0.011125130069272411,0.004925618603828456,0.025769393020745362,0.1015625,0.018141966872765973,0.150390625,0.5B,16384
13,12,agent_16384,agent,16384,9.704060527839234,20.22982016299158,20.151917324224883,1.0700989093403759,24.392893185376476,5.759994569239774,0.551414727220772,11.308022452205817,0.07924182362391506,-15.593751460313797,1.5302577912807465,0.9226674765868991,0.735873543775679,0.0,0.7638767138182504,6.369304378461379,0.9653901640504068,0.1012998911118374,0.16613498167170546,0.269418698723372,0.04253266751766205,0.009662240743637085,0.010380165556933264,0.0011498593668782483,0.13956631062263714,0.0853935312040341,0.04512552721152328,0.016196717232507218,0.00689697690762739,0.0017599267856907557,0.06863982052432298,0.1015625,0.05642038888417864,0.150390625,0.5B,16384
13,13,agent_16384,agent,16384,9.704060527839234,20.1994331730616,20.151917324224883,1.0700989093403759,24.392893185376476,5.759994569239774,0.551414727220772,11.308022452205817,0.07924182362391506,-22.20308306068182,5.917088044807315,0.031283709408313785,0.9958205187035859,0.0,0.7499435365435598,5.513789178274639,0.9811029387971416,0.2539011059358277,0.35690878414558025,0.4797064284743122,0.05155521631240845,0.10959610342979431,0.05643155230339106,0.0009520776459175768,0.10884426304320168,0.06754627024381404,0.024262424992479225,0.006203701197607445,0.002257814507037756,0.0005440703873246796,0.05441370434957742,0.1015625,0.0316881290352016,0.150390625,0.5B,16384
14,0,agent_16384,agent,16384,9.704060527839234,14.931139761069497,21.856114927409834,1.5540913271733612,25.952643916513097,5.679844257052688,0.7587614319558327,11.083094122000434,0.1235806022173069,-15.595067229121923,5.808386746793985,0.026261885119293806,0.9962940125365586,0.0392156862745098,0.717946463086011,4.300978894688132,0.9883101813493349,0.45029067777281484,0.5680252118855091,0.6932726293870063,0.04473710060119629,0.049887239933013916,0.24676827161501505,0.4743612955836045,0.026713458197776922,0.016524432757326356,0.008938053584423964,0.004822397184854847,0.0029405920715474673,0.0012819115180438948,0.012643619842852989,0.1015625,0.0069479316718795685,0.150390625,0.5B,16384
14,1,agent_16384,agent,16384,9.704060527839234,22.801101741136236,21.856114927409834,1.5540913271733612,25.952643916513097,5.679844257052688,0.7587614319558327,11.083094122000434,0.1235806022173069,-31.84634086303413,20.973178593441844,4.8886548814482385e-08,0.9999999984512671,0.0392156862745098,0.5213049899114001,1.246620605131606,0.9958874807830437,0.9150644178902589,0.9262600265184044,0.9371020382173705,0.36282044649124146,0.04823148250579834,0.03791977838426745,0.8822573708717284,0.028774290911298073,0.019592942597787877,0.008825026327118447,0.003709879582439321,0.0018430382790033894,0.000558668860745314,0.02056563723166608,0.1015625,0.01437201406779647,0.150390625,0.5B,16384
14,2,agent_16384,agent,16384,9.704060527839234,16.780417913625133,21.856114927409834,1.5540913271733612,25.952643916513097,5.679844257052688,0.7587614319558327,11.083094122000434,0.1235806022173069,-14.686021760106087,16.461496298201382,1.2733314049480646e-06,0.9999999281569072,0.0392156862745098,0.6921825560157349,3.2981592335022514,0.9948870593779297,0.733671805652033,0.8453592545045208,0.8891902406011634,0.21177244186401367,0.01756429672241211,0.1527416521465746,0.7081579873478722,0.023757389366372658,0.01361146436680549,0.006105839852653264,0.0026593690861765247,0.0013403407209331118,0.0004500459208838159,0.007269675002714538,0.1015625,0.004689037350049299,0.150390625,0.5B,16384
14,3,agent_16384,agent,16384,9.704060527839234,15.020208830611091,21.856114927409834,1.5540913271733612,25.952643916513097,5.679844257052688,0.7587614319558327,11.083094122000434,0.1235806022173069,-33.348780293017626,8.380830317735672,0.0026017259116143973,0.9997331001929278,0.0392156862745098,0.6083927779015307,5.547736234549184,0.9498513134433321,0.3645825400071993,0.4209471932404897,0.48415542484959273,0.011634677648544312,0.01932162046432495,0.26710843641196935,0.049074838064415024,0.1767434918332261,0.12564276121858595,0.0705518402961278,0.03958783397411654,0.02545190110529723,0.01221122985731642,0.10193019309677245,0.1015625,0.06894214492748629,0.150390625,0.5B,16384
14,4,agent_16384,agent,16384,9.704060527839234,15.47963287845985,21.856114927409834,1.5540913271733612,25.952643916513097,5.679844257052688,0.7587614319558327,11.083094122000434,0.1235806022173069,-25.87251588702202,0.32758378982543945,0.6802993978654,0.5811518233615582,0.0392156862745098,0.7647570749673636,4.987205451882296,0.9716322895092095,0.4071206770750607,0.5382954860713645,0.6325851570264842,0.03664088249206543,0.17824697494506836,0.22667805638796967,0.2519224262387252,0.0906545682901709,0.06170975911231931,0.032330598581789265,0.017800542543302027,0.011754687724131454,0.005593233213779013,0.07512760583535036,0.1015625,0.042235519081715855,0.150390625,0.5B,16384
14,5,agent_16384,agent,16384,9.704060527839234,14.713971380749852,21.856114927409834,1.5540913271733612,25.952643916513097,5.679844257052688,0.7587614319558327,11.083094122000434,0.1235806022173069,-27.663889322429895,1.6959214806556702,0.43172018720876904,0.8449693388783054,0.0392156862745098,0.6875865885572388,5.963116944126483,0.9302838142759519,0.3381862944047685,0.38745783405342077,0.44171101943401647,0.05578404664993286,0.02523830533027649,0.2181340659706481,0.13399093148506305,0.18916796227170074,0.13647096304318154,0.07952414206460426,0.04959236294665941,0.03527731059189717,0.019226339932916028,0.10197404271303533,0.1015625,0.07981411143555182,0.150390625,0.5B,16384
14,6,agent_16384,agent,16384,9.704060527839234,14.018128034423054,21.856114927409834,1.5540913271733612,25.952643916513097,5.679844257052688,0.7587614319558327,11.083094122000434,0.1235806022173069,-34.51448442041874,4.113357409834862,0.09204210079487382,0.9826648382837555,0.0392156862745098,0.7805300368856903,2.6806809332551604,0.9845538304394346,0.7484230650486334,0.7839452857245574,0.8159136749485164,0.0732426643371582,0.05060434341430664,0.6545151489844139,0.15467403905305005,0.17413974923973005,0.1214842759833752,0.06655398754287721,0.03573146007034498,0.022283289509541643,0.010269873038423506,0.0643132068401212,0.1015625,0.04431524730574073,0.150390625,0.5B,16384
14,7,agent_16384,agent,16384,9.704060527839234,18.016394520161874,18.832708224343094,1.6280958580446279,25.25876051884382,6.11792383477229,1.1235854446994344,10.720441357402935,0.1663093063674211,-5.042195439338684,8.876167751848698,0.0025707372486239825,0.9997416610421727,0.0392156862745098,0.7562775707319684,2.1697780437332663,0.9965635929676638,0.8375388090854993,0.8817569982578431,0.9123947488863419,0.016251206398010254,0.0007567405700683594,0.6232004537679622,0.2914070386822762,0.030652812129673496,0.018207780847112977,0.007941170926323026,0.003551942278664556,0.0019541742227604966,0.0007524059727467392,0.011565751759527449,0.1015625,0.00697979422499367,0.150390625,0.5B,16384
14,8,agent_16384,agent,16384,9.704060527839234,13.483135434393642,18.832708224343094,1.6280958580446279,25.25876051884382,6.11792383477229,1.1235854446994344,10.720441357402935,0.1663093063674211,-5.149256192147732,0.25108547508716583,0.6935275195280466,0.5618760765651022,0.0392156862745098,0.8253061862153324,6.234644946315143,0.9150708543560919,0.3067779352617307,0.35938430299787805,0.41278314284594503,0.0822705626487732,0.10325819253921509,0.19289559861868089,0.13292404840004993,0.27461405870057853,0.21320980243886317,0.13505808138227476,0.09147829577801968,0.06493606804208615,0.035075490305119056,0.08010626319031589,0.1015625,0.055880163681148926,0.150390625,0.5B,16384
14,9,agent_16384,agent,16384,9.704060527839234,15.371102986702573,18.832708224343094,1.6280958580446279,25.25876051884382,6.11792383477229,1.1235854446994344,10.720441357402935,0.1663093063674211,-7.818522861227393,5.794363683089614,0.02071371840782979,0.9969589443378026,0.0,0.6707250964513269,6.533982209306206,0.946400843968565,0.13976739477569836,0.19322923359251232,0.2749574223846378,0.002987094223499298,0.02559828758239746,0.03388215700024302,0.0027903155258263393,0.24791803303848817,0.18796407131097614,0.09644432636564865,0.05233927843577442,0.036181350550612064,0.020100308156654766,0.07781919962773137,0.1015625,0.05739276643814132,0.150390625,0.5B,16384
14,10,agent_16384,agent,16384,9.704060527839234,21.545637908509853,18.832708224343094,1.6280958580446279,25.25876051884382,6.11792383477229,1.1235854446994344,10.720441357402935,0.1663093063674211,-8.782077878713608,13.0072301030159,3.359629056445626e-05,0.9999976286483281,0.0392156862745098,0.6249373644295335,1.184342194052598,0.9977766378351457,0.9413389665909856,0.9516823556593894,0.9628005238220291,0.04751992225646973,0.009111881256103516,0.11713424613035059,0.8322195433378863,0.01643988853675928,0.011077254302304334,0.0052099114822729015,0.00234437898978336,0.0012645551946796271,0.0004625572362402483,0.009460786316375678,0.1015625,0.006318639318996883,0.150390625,0.5B,16384
14,11,agent_16384,agent,16384,9.704060527839234,16.237942946972666,18.832708224343094,1.6280958580446279,25.25876051884382,6.11792383477229,1.1235854446994344,10.720441357402935,0.1663093063674211,-15.812324423342943,6.286964487284422,0.025488334276490256,0.9966723224675422,0.0392156862745098,0.7543974354029868,5.019712900058438,0.9647815612157622,0.45394177768239447,0.5083140010045368,0.5644247360948851,0.28590917587280273,0.04478597640991211,0.2991739922148494,0.14907510818134703,0.1812822321020746,0.12498753112780563,0.0632357548498626,0.032288990138966016,0.020005513233846247,0.009319883851536474,0.1063547237312554,0.1015625,0.07449839774968488,0.150390625,0.5B,16384
14,12,agent_16384,agent,16384,9.704060527839234,12.367729192016991,18.832708224343094,1.6280958580446279,25.25876051884382,6.11792383477229,1.1235854446994344,10.720441357402935,0.1663093063674211,-19.35304493876174,8.035064145457,0.003961661823366075,0.9995837060403154,0.0392156862745098,0.7613520912039253,6.497040749483601,0.8646668308922192,0.2977025598459889,0.3205188292811397,0.3529725277651486,0.02103787660598755,0.022188901901245117,0.2641664390089558,0.01443163798579282,0.5012142069081519,0.39439142142322947,0.2748485239900607,0.1874442941961144,0.14553329076503063,0.0937509151665832,0.264551053875625,0.1015625,0.19170647983780845,0.150390625,0.5B,16384
14,13,agent_16384,agent,16384,9.704060527839234,12.683589266819421,18.832708224343094,1.6280958580446279,25.25876051884382,6.11792383477229,1.1235854446994344,10.720441357402935,0.1663093063674211,-19.57568921148777,1.5320390537381172,0.7077236001782681,0.7631455925633976,0.0392156862745098,0.791326317121425,5.110021562786411,0.909592716119978,0.46505403225020425,0.4860811004613749,0.5173520898706797,0.11926966905593872,0.003820359706878662,0.430463715179795,0.06504774971916726,0.4633790483131779,0.3498340968677428,0.2272044460520523,0.14894775912433128,0.10952488253714816,0.06549107499322801,0.2437768612123295,0.1015625,0.18407985653209774,0.150390625,0.5B,16384
15,0,agent_16384,agent,16384,9.704060527839234,20.60554108955015,19.661684368860378,1.0439905559613865,23.681591031681318,7.944145217636968,0.6314512759963073,10.162935102803624,0.07901201123198334,-20.262079179286957,3.9005896728485823,0.0977559035882007,0.9801396549737149,0.0392156862745098,0.34414138161576835,4.673637819119368,0.986855990658037,0.437456641829955,0.577357705270345,0.6795641917256448,0.01094236969947815,0.33921587467193604,0.13558766774101833,0.21915710147314676,0.05536042558140552,0.02854184004295525,0.011734181463389962,0.0050085115425281155,0.002755923210104465,0.0010699356893274425,0.005313585574920192,0.1015625,0.003260834686424058,0.150390625,0.5B,16384
15,1,agent_16384,agent,16384,9.704060527839234,18.34238814963899,19.661684368860378,1.0439905559613865,23.681591031681318,7.944145217636968,0.6314512759963073,10.162935102803624,0.07901201123198334,-15.374246291816235,4.040551699697971,0.1734973000042824,0.9697996755235944,0.0196078431372549,0.3602625239960038,4.832290370498746,0.9872907731715571,0.38972729584369364,0.5323491229421039,0.6370587451106962,0.008418925106525421,0.2608637511730194,0.0011029915299541626,0.037741293549757714,0.052451100502245544,0.030839511584548528,0.014182727159136172,0.006197458943970459,0.003031244907993501,0.0007784283890783353,0.022975288084547282,0.1015625,0.017503028508010186,0.150390625,0.5B,16384
15,2,agent_16384,agent,16384,9.704060527839234,35.423980404276804,19.661684368860378,1.0439905559613865,23.681591031681318,7.944145217636968,0.6314512759963073,10.162935102803624,0.07901201123198334,-77.47562745027244,33.35736078582704,1.4630551147781034e-08,0.9999999999989964,0.0392156862745098,0.3073353527633321,0.48334436638634026,0.9999056763655951,0.9978098277345931,0.9987555019600166,0.9993000267648098,0.36320555210113525,0.05498722195625305,0.023951946991031342,0.9691605063337377,5.585356181536109e-05,1.6713299738923004e-05,1.8279142400776703e-06,2.1082515821679237e-07,3.8456078506960246e-08,2.6396170557855257e-09,0.0001167271944409134,0.1015625,2.409607197677797e-05,0.150390625,0.5B,16384
15,3,agent_16384,agent,16384,9.704060527839234,22.389178919497812,19.661684368860378,1.0439905559613865,23.681591031681318,7.944145217636968,0.6314512759963073,10.162935102803624,0.07901201123198334,-23.089333333075047,21.21622022241354,2.8562931068237014e-08,0.9999999993737969,0.0392156862745098,0.3592521368103421,2.8609520076706083,0.99718511355103,0.7979064035175386,0.9065519000640091,0.9418525988256644,0.21828043460845947,0.13762426376342773,0.26047661343037415,0.6609897204810636,0.010315971982488395,0.006891960475515617,0.0028169595387307587,0.000941552190905423,0.00039001165207574204,9.184944248134426e-05,0.0017206600987046375,0.1015625,0.000716152444418749,0.150390625,0.5B,16384
15,4,agent_16384,agent,16384,9.704060527839234,22.447792460606152,19.661684368860378,1.0439905559613865,23.681591031681318,7.944145217636968,0.6314512759963073,10.162935102803624,0.07901201123198334,-26.99052618443966,23.092451311647892,1.7784789423461005e-08,0.9999999998691727,0.0392156862745098,0.3787655498306652,2.5134740768880457,0.99842662842954,0.8456640935378236,0.9354712356654573,0.9554564194799933,0.08605167269706726,0.3859848976135254,0.3516980492242304,0.6039306133877681,0.0072674176132060744,0.003968590183468202,0.0012596588710792342,0.00038150525326654974,0.0001589436278040543,4.05045521581124e-05,0.0007765366507586667,0.1015625,0.00038160888702097704,0.150390625,0.5B,16384
15,5,agent_16384,agent,16384,9.704060527839234,21.329502997404852,19.661684368860378,1.0439905559613865,23.681591031681318,7.944145217636968,0.6314512759963073,10.162935102803624,0.07901201123198334,-25.512885998934507,21.9199135042727,2.162389965295301e-08,0.9999999996940498,0.0392156862745098,0.35743205569287134,2.6039532589126115,0.9982678400340492,0.8108379434887152,0.928563594376853,0.9591459759948658,0.04132934659719467,0.19178485870361328,0.34246446233901806,0.6195498921648461,0.006364788504070935,0.003872834160773141,0.0016375720819691562,0.0005731083547236926,0.00024778504563721096,6.193332684673001e-05,0.0012439667296966074,0.1015625,0.0005938770902652018,0.150390625,0.5B,16384
15,6,agent_16384,agent,16384,9.704060527839234,16.98490384190103,19.661684368860378,1.0439905559613865,23.681591031681318,7.944145217636968,0.6314512759963073,10.162935102803624,0.07901201123198334,-50.00500580080552,2.5862700071302243,0.2568473192482516,0.929678255844484,0.0196078431372549,0.28353582392439375,6.052830013221529,0.9368626335179375,0.29778784835523725,0.3264195839417102,0.3683146444528725,0.10442796349525452,0.017436742782592773,0.24499687992071262,0.00793763425936184,0.29011928587000446,0.2115844357974975,0.11377092388197285,0.05531643989016733,0.03289533222701302,0.013690072897734055,0.2679332172630207,0.1015625,0.17730917886236955,0.150390625,0.5B,16384
15,7,agent_16384,agent,16384,9.704060527839234,12.95110556548541,16.934810194878295,1.4699347131772456,22.57060446967934,6.140535455605029,0.6950149509994508,9.523118245374798,0.13682720866303597,-28.963704850524664,10.618647202849388,0.0010435494176473511,0.99991326685111,0.0392156862745098,0.8469811092718161,5.727287110927023,0.8805656894401195,0.4035872315378036,0.42852754834919127,0.4635632678860059,0.00130462646484375,0.07932397723197937,0.36861601306310965,0.042916303718157744,0.4393146616017844,0.3332631766189619,0.20230176267477104,0.12452339765102753,0.08876131792807646,0.05561565640109952,0.23829036997547742,0.1015625,0.18453337241911003,0.150390625,0.5B,16384
15,8,agent_16384,agent,16384,9.704060527839234,14.898627357493414,16.934810194878295,1.4699347131772456,22.57060446967934,6.140535455605029,0.6950149509994508,9.523118245374798,0.13682720866303597,-39.9293787330389,2.3192790746688843,0.31420800688496986,0.9088491563049549,0.0392156862745098,0.8109417161114648,2.7319486568392164,0.9595856295249152,0.7447297565920159,0.7604688190548383,0.7798875377916614,0.11018073558807373,0.019850850105285645,0.7192897454145545,0.04001311236076002,0.37946498643566695,0.29771986813841433,0.1894437068021294,0.11545323366802268,0.07946984061108744,0.04221270993399184,0.22027510532589376,0.1015625,0.17230187636213976,0.150390625,0.5B,16384
15,9,agent_16384,agent,16384,9.704060527839234,15.317249145508287,16.934810194878295,1.4699347131772456,22.57060446967934,6.140535455605029,0.6950149509994508,9.523118245374798,0.13682720866303597,-32.122717812657356,9.294757593423128,0.0016317794523112593,0.999844058874513,0.0392156862745098,0.7800877826857102,3.5917774941658163,0.9601828821563028,0.6507939874177068,0.6784569906898401,0.7122506322187926,0.013466358184814453,0.07456803321838379,0.57533407153041,0.060446503075035615,0.265226107642711,0.1906110173101277,0.11072078511211737,0.063911718764447,0.042525690584496754,0.0224363520788874,0.15814814187841272,0.1015625,0.1141125064662513,0.150390625,0.5B,16384
15,10,agent_16384,agent,16384,9.704060527839234,15.168847022514496,16.934810194878295,1.4699347131772456,22.57060446967934,6.140535455605029,0.6950149509994508,9.523118245374798,0.13682720866303597,-24.129237230867147,6.698574040085077,0.009500390335707033,0.9987673644614476,0.0392156862745098,0.7714076560032169,4.794607208436908,0.9549056040719761,0.516371212396005,0.5853539415260003,0.6440379909262175,0.08629918098449707,0.17385053634643555,0.3169833278082174,0.2727936037429717,0.11111872160439223,0.08385366402612478,0.052107917001860404,0.033428524575307886,0.024170160836471558,0.01380249138722824,0.06189061885950861,0.1015625,0.04216465231435912,0.150390625,0.5B,16384
15,11,agent_16384,agent,16384,9.704060527839234,16.49098590067718,16.934810194878295,1.4699347131772456,22.57060446967934,6.140535455605029,0.6950149509994508,9.523118245374798,0.13682720866303597,-30.543710939586163,5.343656089156866,0.04795733230520963,0.992698911672798,0.0392156862745098,0.7905377547577547,4.269049785118254,0.9683630571151535,0.5523033767847326,0.6095865681411777,0.6654278351467503,0.0823357105255127,0.0009731650352478027,0.43751437052996583,0.12628528698100316,0.21850803555388987,0.14764599969745212,0.07085411693829721,0.033990745657249126,0.019529478158419634,0.008566716131698784,0.13083963842984428,0.1015625,0.08757067906007253,0.150390625,0.5B,16384
15,12,agent_16384,agent,16384,9.704060527839234,15.93321562381716,16.934810194878295,1.4699347131772456,22.57060446967934,6.140535455605029,0.6950149509994508,9.523118245374798,0.13682720866303597,-54.34316026419401,6.387249747705937,0.017839853858107678,0.9977510742934101,0.0,0.784359582769563,3.6441270526404015,0.9688004690917005,0.6059699796637825,0.6249712484833885,0.6538334266733064,0.00201493501663208,0.010227084159851074,0.5759515341558546,0.0014997522240138284,0.3149675321139565,0.16619301706924064,0.08071959660027499,0.041944993582918554,0.026866803148391964,0.013213530556809563,0.40485722643719246,0.1015625,0.28129825175137557,0.150390625,0.5B,16384
15,13,agent_16384,agent,16384,9.704060527839234,14.991454710353514,16.934810194878295,1.4699347131772456,22.57060446967934,6.140535455605029,0.6950149509994508,9.523118245374798,0.13682720866303597,-29.374689128249884,11.915760021656752,0.00012319428614486561,0.9999908852854885,0.0392156862745098,0.8020075132156429,4.80440073184523,0.9511353831532476,0.49388845721738783,0.5342200902776211,0.5790159486995305,0.022926390171051025,0.03516030311584473,0.4051419546012945,0.04078944378323944,0.24215126536480894,0.16423285054316378,0.08567961709890426,0.045641200481059546,0.029749277351157736,0.01518569407310349,0.1314493370367666,0.1015625,0.09938984521333073,0.150390625,0.5B,16384
16,0,agent_16384,agent,16384,9.704060527839234,19.7388859710373,27.36811506892112,2.318362418852772,36.1987905595342,5.463755488342386,0.6091890768474357,8.090829676377082,0.1843701299564782,-8.92983271740377,4.908377775922418,0.04387180721435436,0.9926224860137809,0.0392156862745098,0.8224505797531256,2.641086708372142,0.9987921662418466,0.8272325726368213,0.898608023269521,0.9492506645085786,0.21667736768722534,0.08951812982559204,0.17522973576600262,0.005809477709290544,0.005450816615245158,0.002295980175761645,0.0005296872140545546,0.00012648523944311146,4.6004994692627075e-05,1.0643905015657452e-05,0.0014286524396615679,0.1015625,0.0007469183187688675,0.150390625,0.5B,16384
16,1,agent_16384,agent,16384,9.704060527839234,27.619092802214446,27.36811506892112,2.318362418852772,36.1987905595342,5.463755488342386,0.6091890768474357,8.090829676377082,0.1843701299564782,-52.168283371953294,3.1799588002577366,0.33583044002072837,0.9361872986277102,0.0,0.8199338937454422,5.121875749259136,0.9919047007619806,0.17987762857116074,0.26829847548287666,0.4242001169892156,0.006340108811855316,0.02880837395787239,0.05162184050995506,1.2995432257753039e-05,0.0583219784572961,0.01529161760667305,0.0003905709620319831,2.143632746351244e-05,5.210920165966084e-06,5.039779456006615e-07,0.08345350927342998,0.101806640625,0.05358719541747873,0.150634765625,0.5B,16384
16,2,agent_16384,agent,16384,9.704060527839234,28.679264832636967,27.36811506892112,2.318362418852772,36.1987905595342,5.463755488342386,0.6091890768474357,8.090829676377082,0.1843701299564782,36.94462544936687,5.2182132778689265,0.03351730617472301,0.9946121789772493,0.0196078431372549,0.7828572219044998,2.144487649858243,0.9994378470753175,0.8891524155741605,0.9471268641844868,0.9734659406045707,0.1338213086128235,0.14777642488479614,1.5684860988872838e-06,0.00035034598488475075,0.0007969430300364649,0.0001579275808329445,2.897340651319241e-06,9.700826116017347e-08,1.384950962291314e-08,8.464432137694547e-10,0.001267258265008052,0.1015625,0.0006731041404735073,0.150390625,0.5B,16384
16,3,agent_16384,agent,16384,9.704060527839234,33.040940586976085,27.36811506892112,2.318362418852772,36.1987905595342,5.463755488342386,0.6091890768474357,8.090829676377082,0.1843701299564782,1.878049086779356,2.019368952140212,0.741582188766057,0.7994037007947007,0.0,0.7767651022405997,4.736363108242289,0.9947401266145556,0.1855750144498384,0.323812326903085,0.5228621999726499,0.03163459897041321,0.014030992984771729,9.72320266551726e-07,2.9195829112677193e-05,0.01604205276269688,0.0026193612527170367,2.034485063478362e-05,1.2644193149713547e-07,1.0981967140624105e-08,3.002355962356411e-10,0.010166309742813321,0.1015625,0.008866114727354357,0.150390625,0.5B,16384
16,4,agent_16384,agent,16384,9.704060527839234,21.664280993490934,27.36811506892112,2.318362418852772,36.1987905595342,5.463755488342386,0.6091890768474357,8.090829676377082,0.1843701299564782,-36.4109024470672,0.235622588545084,2.1655645250614017,0.22333182361603374,0.0,0.8134606205889755,4.770259408428946,0.9930400822963141,0.27653571956845174,0.40915143955110866,0.5994515783453721,0.022016353905200958,0.03576604463160038,0.11264209161334132,0.0015254851033266337,0.0696822892985328,0.020472405599140885,0.0035979399821605704,0.0006508381570872197,0.0002250376736355906,2.9231594353099355e-05,0.05457072135635012,0.1015625,0.013974224804024766,0.150390625,0.5B,16384
16,5,agent_16384,agent,16384,9.704060527839234,23.719089048271776,27.36811506892112,2.318362418852772,36.1987905595342,5.463755488342386,0.6091890768474357,8.090829676377082,0.1843701299564782,20.47843301668763,24.84649060666561,1.5142944482816467e-08,0.9999999999791915,0.0392156862745098,0.7722294504904016,2.03888240125285,0.9993168291588016,0.8781221970169446,0.9240932677502574,0.9633113852820193,0.2008865475654602,0.0024399757385253906,0.2799313223915066,0.02665377425074637,0.0021744879829742247,0.000337238518062745,2.0164313548519927e-05,2.4120805647564224e-06,6.934182762167538e-07,9.809470147465138e-08,1.6793819516721618e-05,0.1015625,7.935878454731074e-06,0.150390625,0.5B,16384
16,6,agent_16384,agent,16384,9.704060527839234,24.757917006113452,27.36811506892112,2.318362418852772,36.1987905595342,5.463755488342386,0.6091890768474357,8.090829676377082,0.1843701299564782,-8.72831814084202,3.1415238231420517,0.21842392240911576,0.9521905057184057,0.0,0.808651704781649,4.860327585056195,0.9934946433476616,0.2663460598728589,0.4011515662758803,0.5666677478192297,0.005465716123580933,0.0009751319885253906,0.0007859085988576726,0.00016404113746998835,0.059184656668125155,0.014290966698229365,0.00038546214399095207,3.6165899218378005e-05,6.031790747925505e-06,3.8756101381660486e-07,0.009875896377993876,0.1015625,0.007496717144923974,0.150390625,0.5B,16384
16,7,agent_16384,agent,16384,9.704060527839234,18.842249973496283,25.816534347303595,1.8379049343140188,32.21568199372474,6.322393903514541,1.5997300777662615,11.567641318875825,0.35382143184292547,-17.68288743495941,5.204469949007034,0.039410717712644164,0.9939077950650171,0.0,0.8129676038901796,4.813670368676341,0.9932622082514659,0.2701876353611955,0.43319793477217455,0.6028190542769378,0.05649375915527344,0.08086574077606201,0.026975125953111263,0.004548363015656134,0.07086289871359465,0.022019544960600178,0.0029275667414931706,0.0006023953139995596,0.00021085929009203718,4.5497751782928446e-05,0.01150674818829629,0.1015625,0.008451316788307633,0.150390625,0.5B,16384
16,8,agent_16384,agent,16384,9.704060527839234,18.003170289308926,25.816534347303595,1.8379049343140188,32.21568199372474,6.322393903514541,1.5997300777662615,11.567641318875825,0.35382143184292547,-15.810715030878782,8.194638896733522,0.002559399714330034,0.9997224906218289,0.0392156862745098,0.8282570974725023,1.6417406373750327,0.9978078169456781,0.8760750772640773,0.9026219544850554,0.9272592056071802,0.28985780477523804,0.06570678949356079,0.7444524703395065,0.04492128494548346,0.04482026449309251,0.021231889956250194,0.005987371810113509,0.0017928954429601634,0.0007515850071053952,0.00018306120364428754,0.05932872228598725,0.1015625,0.022594926582792794,0.150390625,0.5B,16384
16,9,agent_16384,agent,16384,9.704060527839234,23.379617429734203,25.816534347303595,1.8379049343140188,32.21568199372474,6.322393903514541,1.5997300777662615,11.567641318875825,0.35382143184292547,-25.84093235246837,2.253627123311162,0.6078196680549073,0.8374235500571907,0.0,0.7478905801050931,5.539728569419353,0.9880504116934339,0.08514137391248662,0.1405647873521199,0.24010205224168205,0.05092461407184601,0.0010974407196044922,0.0018320366750356229,2.4351308650609422e-05,0.10662977533332339,0.031967914463303486,0.00037865763137262407,3.934057375505945e-05,1.1430793560100274e-05,1.4003685322756446e-06,0.10559104133894379,0.101806640625,0.06272364994042394,0.150634765625,0.5B,16384
16,10,agent_16384,agent,16384,9.704060527839234,15.489549467062169,25.816534347303595,1.8379049343140188,32.21568199372474,6.322393903514541,1.5997300777662615,11.567641318875825,0.35382143184292547,-2.5030513405799866,4.295849859714508,0.07127900186394572,0.9865580522325631,0.0392156862745098,0.737419666326807,2.9637909287385624,0.9974747625988111,0.7020282036248072,0.8037073675667574,0.8843569769328219,0.0028862953186035156,0.05524158477783203,0.3990819802472649,0.3719882335626174,0.011461671004480136,0.004493073033933866,0.0021117848603383837,0.0008888772333967685,0.000432106139242875,0.00012861096814945403,0.0016054848188654471,0.1015625,0.0008361666690924357,0.150390625,0.5B,16384
16,11,agent_16384,agent,16384,9.704060527839234,15.387237772500669,25.816534347303595,1.8379049343140188,32.21568199372474,6.322393903514541,1.5997300777662615,11.567641318875825,0.35382143184292547,17.461776070296764,17.019193686544895,7.887602142058772e-07,0.9999999574351741,0.0392156862745098,0.7687522941665615,3.3609503125224744,0.9962298181978826,0.6735172663320214,0.7654732345283491,0.8443324128039741,0.045253634452819824,0.08900880813598633,0.05187967642418773,0.014046971697068407,0.028159431931518052,0.013002463352756054,0.003991297484365603,0.0012809959636608781,0.000567350903879158,0.00015758652775174056,0.002711930458693437,0.1015625,0.0016201117375820627,0.150390625,0.5B,16384
16,12,agent_16384,agent,16384,9.704060527839234,26.79658615530782,25.816534347303595,1.8379049343140188,32.21568199372474,6.322393903514541,1.5997300777662615,11.567641318875825,0.35382143184292547,35.69518508575857,2.6570624662563205,0.24241530593516353,0.9344082586189216,0.0,0.7252038417897866,3.681043677087216,0.9972945958557471,0.5683422794623355,0.6927822658988002,0.8135509455197,0.06584182381629944,0.049024999141693115,7.64637747732018e-07,0.0005011628034943932,0.021729625651861744,0.004762470457144256,7.430411563879766e-05,1.754116855303034e-06,2.2404940099032524e-07,1.1872438391450279e-08,0.012894496143149754,0.1015625,0.008372484374339599,0.150390625,0.5B,16384
16,13,agent_16384,agent,16384,9.704060527839234,13.359630113809345,25.816534347303595,1.8379049343140188,32.21568199372474,6.322393903514541,1.5997300777662615,11.567641318875825,0.35382143184292547,-7.367848817259073,2.7971350364387035,0.2199988606396784,0.9425192843250275,0.0392156862745098,0.8189633075594365,4.993354678353791,0.9812374558176132,0.4208295352869247,0.49950720712527774,0.5848716234547362,0.06989848613739014,0.15819662809371948,0.1055857735483619,0.28266639350298817,0.10170097158553136,0.06653482080482503,0.03410366410329772,0.015045610418115241,0.008066817159247336,0.0030369959435807775,0.04674072282261163,0.1015625,0.019696800673158984,0.150390625,0.5B,16384
17,0,agent_16384,agent,16384,9.704060527839234,17.25080654774213,17.5572728079097,1.4689056068780917,24.082984923996158,6.155328259907348,0.6300534855593811,9.106331662039008,0.05125889461106863,0.3356984779238701,4.559785563498735,0.05765967641992533,0.9896421627720245,0.0392156862745098,0.5884636435631814,5.074125699487155,0.9717374826587267,0.4274986885023463,0.5273407505764979,0.6320887130927699,0.39093267917633057,0.09975522756576538,0.006141717103138066,0.4709043672674139,0.04995854597596263,0.03665155642447043,0.021296992143650585,0.010961998889099977,0.006593774945225929,0.0029537397520055606,0.01673656555495997,0.1015625,0.01209653057907395,0.150390625,0.5B,16384
17,1,agent_16384,agent,16384,9.704060527839234,12.576332854914487,17.5572728079097,1.4689056068780917,24.082984923996158,6.155328259907348,0.6300534855593811,9.106331662039008,0.05125889461106863,-34.66732671437785,4.253525623236783,0.07667842566369533,0.9857120031110481,0.0392156862745098,0.6162816721760244,6.370239530949456,0.8610887552736474,0.3114084387695641,0.3340007721248591,0.36978874199290324,0.047156184911727905,0.017590105533599854,0.29186497514964743,0.056271127162680096,0.17909935454044942,0.13389367975972413,0.08189788200839407,0.050710329659348755,0.03588376403432733,0.020708356571259273,0.06986738019130288,0.1015625,0.05245938086971392,0.150390625,0.5B,16384
17,2,agent_16384,agent,16384,9.704060527839234,14.573957528314311,17.5572728079097,1.4689056068780917,24.082984923996158,6.155328259907348,0.6300534855593811,9.106331662039008,0.05125889461106863,-51.26431352249347,0.5964507127646357,0.7434685868024269,0.6309200947320671,0.0392156862745098,0.6687329213861379,3.0276920782938923,0.9482796299478428,0.724638252081625,0.7375197319225665,0.7552202651816382,0.12691760063171387,0.060318589210510254,0.6960225794772015,0.022054853747835484,0.12504021950185595,0.0999319948480125,0.06706274439149998,0.0427705440241874,0.03034021829699615,0.016867143042676454,0.07959816520687016,0.1015625,0.06457716637011461,0.150390625,0.5B,16384
17,3,agent_16384,agent,16384,9.704060527839234,16.19241011835654,17.5572728079097,1.4689056068780917,24.082984923996158,6.155328259907348,0.6300534855593811,9.106331662039008,0.05125889461106863,-28.50852658599615,5.592886887490749,0.02514843167198428,0.996226398981415,0.0392156862745098,0.7219234879118165,4.285234702260002,0.9663396884461137,0.5480559984562071,0.6225880957062611,0.6895044943004031,0.23235750198364258,0.03888547420501709,0.39198045912463886,0.25933284437104814,0.05758914520712133,0.0452837329326492,0.028525423519472584,0.016437542242447215,0.010753577890228903,0.005076571715282266,0.027936493525542474,0.1015625,0.019719937187656175,0.150390625,0.5B,16384
17,4,agent_16384,agent,16384,9.704060527839234,16.7198659577883,17.5572728079097,1.4689056068780917,24.082984923996158,6.155328259907348,0.6300534855593811,9.106331662039008,0.05125889461106863,-38.004144195467234,2.9926134310662746,0.19645857104295683,0.9517629322098984,0.0392156862745098,0.7373928635568981,3.9996377035922963,0.9483545912645508,0.6080116465031262,0.6356094986209025,0.6695841927456785,0.0014848709106445312,0.02352607250213623,0.5344393095772939,0.11916388813200753,0.1160776683986336,0.08884587966212361,0.05381830575798148,0.03107038280494442,0.019741134268880283,0.009599393743589103,0.05514947816765705,0.1015625,0.038622249707980665,0.150390625,0.5B,16384
17,5,agent_16384,agent,16384,9.704060527839234,16.951896883169802,17.5572728079097,1.4689056068780917,24.082984923996158,6.155328259907348,0.6300534855593811,9.106331662039008,0.05125889461106863,-51.62496903538704,3.6392384003847837,0.18717069004779938,0.9626445001106217,0.0392156862745098,0.5197245300762062,2.7508594149519032,0.963551053087698,0.7365957457174859,0.7483495015148393,0.7642942848821759,0.15838313102722168,0.018520355224609375,0.7164021860857193,0.032713828235157894,0.11481163560076808,0.08749446836708155,0.05280824811556908,0.029412438899207787,0.019065203919743638,0.009094435817041951,0.06542333875327998,0.1015625,0.051245948189624996,0.150390625,0.5B,16384
17,6,agent_16384,agent,16384,9.704060527839234,17.960951165869826,17.5572728079097,1.4689056068780917,24.082984923996158,6.155328259907348,0.6300534855593811,9.106331662039008,0.05125889461106863,-40.864289954304695,10.01121137291193,0.0005821220870563972,0.9999484662500214,0.0392156862745098,0.6933035008502738,3.2258527135131314,0.9639264809656066,0.6783314833536124,0.6993333336932226,0.7300721462463591,0.047175318002700806,0.02168598771095276,0.6417051363185151,0.03608517468708845,0.10762725978929738,0.08087023579986917,0.049118557218460895,0.02812570105016747,0.018243313594609355,0.008228000523813965,0.06583298851099612,0.1015625,0.05183856710309917,0.150390625,0.5B,16384
17,7,agent_16384,agent,16384,9.704060527839234,15.888537683371604,18.593739221524913,1.092537089287731,23.553725665494458,4.450110766801925,0.8150621476994047,9.763412577878762,0.20684111497171653,-55.11172934807837,4.663649754598737,0.05404121795470293,0.990567483563362,0.0392156862745098,0.7305363115068044,5.138461061771057,0.9600600166026304,0.3940261530386205,0.43752741479249896,0.4970403583407867,0.08283790946006775,0.005704998970031738,0.3245326477605066,0.014287957783978837,0.23037588799544353,0.17193952577974891,0.08996502942668623,0.05120533101255584,0.034365257077835394,0.016816119098268214,0.1784031655733195,0.1015625,0.11327053672034952,0.150390625,0.5B,16384
17,8,agent_16384,agent,16384,9.704060527839234,22.27397432352713,18.593739221524913,1.092537089287731,23.553725665494458,4.450110766801925,0.8150621476994047,9.763412577878762,0.20684111497171653,-62.19108594954014,7.727132074534893,0.0067018886912957355,0.9992723681241747,0.0196078431372549,0.6778406489560803,5.324443341224282,0.9880427963919953,0.22703342210007857,0.3262319507038124,0.4454127848586144,0.06245625019073486,0.1146630048751831,0.049756892685380166,0.0046194522389312225,0.12738138292610238,0.04433611404513397,0.012900233053667371,0.004513306019050883,0.0017085660095688127,0.0003036138040441749,0.06598248627897199,0.1015625,0.046760851950176804,0.150390625,0.5B,16384
17,9,agent_16384,agent,16384,9.704060527839234,17.664301955410803,18.593739221524913,1.092537089287731,23.553725665494458,4.450110766801925,0.8150621476994047,9.763412577878762,0.20684111497171653,-38.861964563140646,8.039984101196751,0.002920680171598751,0.9996772840648356,0.0392156862745098,0.7065960922369509,2.7001300373909167,0.9876398622528225,0.7845514873929847,0.8287078866533958,0.8675914064642184,0.4915720224380493,0.07505011558532715,0.5730488927323496,0.2801876537997198,0.143538184172317,0.10677947166237654,0.06307150457492076,0.03287356161270841,0.02000660832512938,0.008818809454639108,0.05020414180998592,0.1015625,0.030971244373480353,0.150390625,0.5B,16384
17,10,agent_16384,agent,16384,9.704060527839234,19.05879606939795,18.593739221524913,1.092537089287731,23.553725665494458,4.450110766801925,0.8150621476994047,9.763412577878762,0.20684111497171653,-41.70533416047692,12.45989940688014,5.596500641931719e-05,0.9999958969889273,0.0392156862745098,0.741723057708134,2.5637929204332113,0.99210865728231,0.8369527598528664,0.8684676100503499,0.8912908464495214,0.3963594436645508,0.2035578489303589,0.4788457760974463,0.39303866294001705,0.0861248966381616,0.05919659094580982,0.02862148521122263,0.013073863612590792,0.0070003793045287374,0.002580374267462995,0.042224632951312055,0.1015625,0.02007775400772936,0.150390625,0.5B,16384
17,11,agent_16384,agent,16384,9.704060527839234,16.773605466658168,18.593739221524913,1.092537089287731,23.553725665494458,4.450110766801925,0.8150621476994047,9.763412577878762,0.20684111497171653,-35.919777166098356,6.792048953473568,0.00873941812267735,0.9988785548787978,0.0392156862745098,0.7307097464016757,3.861209737582669,0.967108259470375,0.6656630983053641,0.7230593679906345,0.7632507758413862,0.7327203750610352,0.22934556007385254,0.4149023520830165,0.32091475942561154,0.1704366539056469,0.13706508074286947,0.09100364353407325,0.05694525124145525,0.039370303049437394,0.02082749906500293,0.07945110961233187,0.1015625,0.05532179240891083,0.150390625,0.5B,16384
17,12,agent_16384,agent,16384,9.704060527839234,15.461119883474987,18.593739221524913,1.092537089287731,23.553725665494458,4.450110766801925,0.8150621476994047,9.763412577878762,0.20684111497171653,-59.31926719099283,4.585553884506226,0.12283420455511206,0.9788753413949501,0.0196078431372549,0.673069305914597,5.263879704535444,0.9659270889731117,0.34986343299012185,0.39871813685461277,0.46869695761084695,0.0005633831024169922,0.003818035125732422,0.2767201401029972,0.010914651077637538,0.2591648671881592,0.17142621940546104,0.0865232584846979,0.040553611852854846,0.02294719641309425,0.010252326058175632,0.25673572690497337,0.1015625,0.18145544732925079,0.150390625,0.5B,16384
17,13,agent_16384,agent,16384,9.704060527839234,21.668804927609973,18.593739221524913,1.092537089287731,23.553725665494458,4.450110766801925,0.8150621476994047,9.763412577878762,0.20684111497171653,-45.00007382966578,9.244994884356856,0.0009902635905883592,0.9999033745922975,0.0392156862745098,0.6871951301854607,2.0602792150488147,0.9966851346589921,0.9130472127343948,0.9319679379426277,0.9437912155645359,0.07401514053344727,0.558603048324585,0.4579326214506543,0.47146693823320596,0.033400708537758485,0.020593785455154022,0.009246495598054679,0.003896107477389422,0.002063799811638979,0.0007170402199088567,0.011951808564675679,0.1015625,0.007918517447998537,0.150390625,0.5B,16384
18,0,agent_16384,agent,16384,9.704060527839234,17.99056658242919,18.868662744731843,1.0266536051465023,23.273245445398945,7.00708622064707,0.6832140136933051,10.690438965151953,0.034763445388721434,-65.25986479222775,3.3790791081264615,0.39060223355348356,0.9282784162693123,0.0196078431372549,0.5275159140268163,4.64702108060867,0.9717997057565075,0.45725196443841,0.5161841110951011,0.5743452544635735,0.00985407829284668,0.22214287519454956,0.38718192502026744,0.0035475865687198322,0.27293250782302836,0.16615213826658787,0.06605633869326354,0.027149674977615532,0.01522942898728845,0.006597015666361247,0.2323666773283139,0.1015625,0.15613704118049673,0.150390625,0.5B,16384
18,1,agent_16384,agent,16384,9.704060527839234,18.562939648286456,18.868662744731843,1.0266536051465023,23.273245445398945,7.00708622064707,0.6832140136933051,10.690438965151953,0.034763445388721434,-47.512379229068756,5.49357695877552,0.034132937382295454,0.9949695355487863,0.0392156862745098,0.4624111107901798,5.665111470458286,0.9386696793294217,0.3789832170549639,0.4231199938337747,0.48012168377681747,0.0014362335205078125,0.029173612594604492,0.2517599113890714,0.07511392804513055,0.22464385598317527,0.15210019951802284,0.08100194007390955,0.04312023636059002,0.02744956336303849,0.013969425899649996,0.15618285343145394,0.1015625,0.1073135899957755,0.150390625,0.5B,16384
18,2,agent_16384,agent,16384,9.704060527839234,20.43759372234728,18.868662744731843,1.0266536051465023,23.273245445398945,7.00708622064707,0.6832140136933051,10.690438965151953,0.034763445388721434,-51.19610868394375,16.99716679751873,1.22240898979948e-06,0.9999999339300499,0.0392156862745098,0.5266838166073037,1.6406455067561336,0.9930453966450759,0.8943559710348706,0.9094590733825376,0.9225905544097366,0.229087233543396,0.00853109359741211,0.7540487254670323,0.15875584679806048,0.2334650707262737,0.16600562742824118,0.08915745776329091,0.04606079209131936,0.02714146842265893,0.011142380697459459,0.0991911415174468,0.1015625,0.06914975279608104,0.150390625,0.5B,16384
18,3,agent_16384,agent,16384,9.704060527839234,28.517014808752673,18.868662744731843,1.0266536051465023,23.273245445398945,7.00708622064707,0.6832140136933051,10.690438965151953,0.034763445388721434,-73.45314759388566,25.18893813341856,1.492812942606331e-08,0.9999999999875004,0.0392156862745098,0.5197392616440337,0.8166207786030277,0.9998363496674382,0.996021086785517,0.9971640927039608,0.9979386213397725,0.24093186855316162,0.12769007682800293,0.20026675807599223,0.795640391528737,0.0003952304932109045,0.00020755711296067606,6.85620216948911e-05,2.059562189631962e-05,8.961041307478132e-06,2.341627466013361e-06,0.0004397362404549938,0.1015625,0.0002605455286471944,0.150390625,0.5B,16384
18,4,agent_16384,agent,16384,9.704060527839234,21.22714029311293,18.868662744731843,1.0266536051465023,23.273245445398945,7.00708622064707,0.6832140136933051,10.690438965151953,0.034763445388721434,-50.33447901159525,11.583473302423954,0.00014592002270450246,0.9999887430812607,0.0392156862745098,0.47687725172610546,2.952102652512279,0.9871413909932248,0.7031099136653001,0.7523459015983116,0.8007001028430656,0.05424046516418457,0.12816357612609863,0.5948156023282783,0.014978626207299912,0.24772646625282807,0.16267508113945955,0.07655430020898396,0.034502270198629316,0.018788600099942255,0.007211972981271679,0.14856366962040501,0.1015625,0.09907939600473693,0.150390625,0.5B,16384
18,5,agent_16384,agent,16384,9.704060527839234,20.201767567542266,18.868662744731843,1.0266536051465023,23.273245445398945,7.00708622064707,0.6832140136933051,10.690438965151953,0.034763445388721434,-60.192990401759744,6.028857601806521,0.01862677327879724,0.9974321603881653,0.0392156862745098,0.542876697794762,2.2895184636145345,0.9882377221687102,0.7867993463123825,0.8161286284867957,0.8449285329461543,0.026985883712768555,0.025482177734375,0.7152265360051482,0.04165085861435269,0.3974688538723556,0.2595125696801283,0.1232584486445779,0.05880406009111064,0.03461148504442538,0.014954241925673383,0.24875844925461435,0.1015625,0.15212346385685757,0.150390625,0.5B,16384
18,6,agent_16384,agent,16384,9.704060527839234,19.31047719105814,18.868662744731843,1.0266536051465023,23.273245445398945,7.00708622064707,0.6832140136933051,10.690438965151953,0.034763445388721434,-46.96948885079473,2.620402704924345,0.2503011634613566,0.9319269291913659,0.0392156862745098,0.5863841173733829,4.658835635422954,0.9792086198255731,0.47328103366938523,0.5720802950912542,0.6492781979825449,0.03358328342437744,0.10241562128067017,0.26297283409524946,0.15895783169244063,0.09743741291854198,0.06286951582068523,0.029075593988929192,0.013100400697852243,0.007428442563814709,0.0031070613749576573,0.07035632923022589,0.1015625,0.0432372315962899,0.150390625,0.5B,16384
18,7,agent_16384,agent,16384,9.704060527839234,16.79267373749837,18.06400327233233,1.05734715712133,21.669414757411566,4.052761659099862,0.735438625223826,9.298246054969365,0.23435320768645804,-22.267416698858142,5.9957625437527895,0.017721950442938172,0.9974864245627254,0.0392156862745098,0.8505853464022192,3.001497375017327,0.9753362807348254,0.7619940450779319,0.7987381413107252,0.8216956557732548,0.2552185207605362,0.07470089197158813,0.5646774305098969,0.25414432801818265,0.17298018787491454,0.1366200332951771,0.0904019671461844,0.058229385252738505,0.04176811421887893,0.023846919961947186,0.07650140598513494,0.1015625,0.05842871730392491,0.150390625,0.5B,16384
18,8,agent_16384,agent,16384,9.704060527839234,17.826685776318953,18.06400327233233,1.05734715712133,21.669414757411566,4.052761659099862,0.735438625223826,9.298246054969365,0.23435320768645804,-23.17040233500302,8.331650596112013,0.0022929919484004006,0.9997558529256584,0.0392156862745098,0.8595081794550611,1.9623688318264212,0.9917895391351638,0.8647800592241152,0.8886272197033347,0.9078347518803846,0.14838165044784546,0.01830276846885681,0.6797537627340935,0.22730086818454331,0.08750445879134065,0.06117867865621958,0.03718617504791707,0.02258330050736302,0.015101604471867206,0.007626845576328979,0.03432247494338929,0.1015625,0.023835718055852516,0.150390625,0.5B,16384
18,9,agent_16384,agent,16384,9.704060527839234,17.064041759714836,18.06400327233233,1.05734715712133,21.669414757411566,4.052761659099862,0.735438625223826,9.298246054969365,0.23435320768645804,-21.759214824065566,6.935244357213378,0.007790440585155817,0.9990224859024043,0.0392156862745098,0.8013956858322738,4.314698247919638,0.9595411813180138,0.6062546907531222,0.6634140924498942,0.6968076990427682,0.052403032779693604,0.01593339443206787,0.3326935879803597,0.32350740869310146,0.1560842164410005,0.12404033019970416,0.08388956459417403,0.059211194005364426,0.04399378226199851,0.026034729169748014,0.0727538323954173,0.1015625,0.052546048786465585,0.150390625,0.5B,16384
18,10,agent_16384,agent,16384,9.704060527839234,17.49879700068046,18.06400327233233,1.05734715712133,21.669414757411566,4.052761659099862,0.735438625223826,9.298246054969365,0.23435320768645804,-17.362072221934795,4.596994936466217,0.05593189243575552,0.9900174982397775,0.0392156862745098,0.8515606771470178,3.6708364355695133,0.971502395606728,0.6228417705197942,0.692728399708779,0.752925703303747,0.04839259386062622,0.1108420193195343,0.5045025534325638,0.15463578063819544,0.17189156472210793,0.12942331533382692,0.08145313444938752,0.05292491560277313,0.03793103449212384,0.02114761224211068,0.08898403917713832,0.1015625,0.06453469045593306,0.150390625,0.5B,16384
18,11,agent_16384,agent,16384,9.704060527839234,16.516110430686915,18.06400327233233,1.05734715712133,21.669414757411566,4.052761659099862,0.735438625223826,9.298246054969365,0.23435320768645804,-14.464098612777889,8.913073064759374,0.001498875071988214,0.9998529663071439,0.0392156862745098,0.834523971389674,5.947204804377636,0.9471415484807337,0.32841039080936574,0.37740800303783867,0.4375278235676675,0.034602195024490356,0.007881999015808105,0.14174863895599052,0.13102594535187437,0.1712145833823784,0.1394149323278734,0.09325240560257346,0.05803634542471294,0.038801106584346656,0.019891048387123047,0.07426281152237339,0.1015625,0.04141546504055347,0.150390625,0.5B,16384
18,12,agent_16384,agent,16384,9.704060527839234,18.10171961808785,18.06400327233233,1.05734715712133,21.669414757411566,4.052761659099862,0.735438625223826,9.298246054969365,0.23435320768645804,-26.870825296267867,4.835055245086551,0.04623810902411227,0.9920992890961029,0.0392156862745098,0.844244649069151,1.9725315052312902,0.9904146757379024,0.8617100727380786,0.8807990589412458,0.9011840911369109,0.2945019006729126,0.02522033452987671,0.7079522244060785,0.18566253450020323,0.12354008739630733,0.09120333302754016,0.05307236548016174,0.02980026300799002,0.019491320577559243,0.00912023720590929,0.049639491283339665,0.1015625,0.03586938885319042,0.150390625,0.5B,16384
18,13,agent_16384,agent,16384,9.704060527839234,18.84766833843575,18.06400327233233,1.05734715712133,21.669414757411566,4.052761659099862,0.735438625223826,9.298246054969365,0.23435320768645804,-47.529462814331055,1.0347332134842873,0.8590026380013134,0.677215350513919,0.0196078431372549,0.831109926319363,3.6205722337189776,0.9685897475062724,0.6167961610618258,0.6323615074792636,0.6561778650206069,0.01390683650970459,0.005025744438171387,0.5951835635757163,0.003343562279595631,0.4631443678492941,0.3350680466562099,0.16244827022441904,0.06544954543692809,0.03414599293213802,0.011753674874417223,0.3729569979872,0.1015625,0.2611875163465615,0.150390625,0.5B,16384
19,0,agent_16384,agent,16384,9.704060527839234,22.64976013207698,19.73828104520544,1.8884636385187599,28.818406221667754,5.652958393049406,0.6510212658569875,8.440101686511086,0.17943799853490205,-50.11232516542077,17.256592912599444,6.004500413989859e-07,0.9999999679266139,0.0392156862745098,0.5068813736507619,0.8062675518067903,0.9986576415788679,0.9553519138332253,0.9759014965725674,0.983934122101629,0.3905879855155945,0.15313734114170074,0.8801464511587461,0.09815867539381035,0.02921389064713501,0.020154430516582014,0.010759179975723685,0.005643298653606396,0.003445196828397314,0.0015653607731179102,0.012499324851899972,0.1015625,0.008639840387629417,0.150390625,0.5B,16384
19,1,agent_16384,agent,16384,9.704060527839234,21.549210303589508,19.73828104520544,1.8884636385187599,28.818406221667754,5.652958393049406,0.6510212658569875,8.440101686511086,0.17943799853490205,-47.75078673660755,16.88357548415661,8.634034624115423e-07,0.9999999527187649,0.0392156862745098,0.485954269422812,1.338627296029542,0.9970834072602747,0.9492287334767452,0.9585142949762537,0.9643968095016247,0.652313232421875,0.0251656174659729,0.6878746883801097,0.27678952033640725,0.030137496221054185,0.021263837034729106,0.011822364616473784,0.006049809570088908,0.0035261913974507595,0.0014419043067231188,0.012147374780504719,0.1015625,0.008421270402497894,0.150390625,0.5B,16384
19,2,agent_16384,agent,16384,9.704060527839234,22.632864719287173,19.73828104520544,1.8884636385187599,28.818406221667754,5.652958393049406,0.6510212658569875,8.440101686511086,0.17943799853490205,-71.40424597263336,4.65267239511013,0.06867673615047933,0.9886973678000275,0.0196078431372549,0.4012599629369987,3.9633152932277147,0.9801004550299625,0.5476419137328098,0.5773881668377264,0.6176057547242055,0.005057573318481445,0.004418373107910156,0.5003262761434014,0.007147597666890923,0.2934029594136761,0.15461563372843762,0.053966846659550406,0.019033802394666857,0.008618172287574643,0.0026996640101657724,0.3652787827481299,0.1015625,0.2725380990843525,0.150390625,0.5B,16384
19,3,agent_16384,agent,16384,9.704060527839234,27.227925577071513,19.73828104520544,1.8884636385187599,28.818406221667754,5.652958393049406,0.6510212658569875,8.440101686511086,0.17943799853490205,-65.37455527484417,21.622880443930626,2.3826223149842305e-08,0.9999999995922206,0.0392156862745098,0.41577785742239814,1.2743028571584099,0.9995728854048735,0.9849944295857758,0.987942992971722,0.9912588868606067,0.1579146385192871,0.015317201614379883,0.15722707330951569,0.8291943158129437,0.0027527290804323437,0.001433716345306229,0.0004475276382944932,0.00013093763436913656,5.0842233441750805e-05,1.0398195884118011e-05,0.002763773633565866,0.1015625,0.0016317954329484665,0.150390625,0.5B,16384
19,4,agent_16384,agent,16384,9.704060527839234,20.253302272612498,19.73828104520544,1.8884636385187599,28.818406221667754,5.652958393049406,0.6510212658569875,8.440101686511086,0.17943799853490205,-44.24591270368546,8.633912772871554,0.0018075672701089748,0.9998147961133066,0.0392156862745098,0.4801152915530121,1.6681851412855546,0.9937917587075314,0.864359186895153,0.8942924908716245,0.9157604626714237,0.29671044647693634,0.25222545862197876,0.7778418927956094,0.13770770463567675,0.14725398831080183,0.1025846216744728,0.055202113075403056,0.027841226277032467,0.015815869792751795,0.00636642083402277,0.04609808806538525,0.1015625,0.029138864499475836,0.150390625,0.5B,16384
19,5,agent_16384,agent,16384,9.704060527839234,18.262395496578556,19.73828104520544,1.8884636385187599,28.818406221667754,5.652958393049406,0.6510212658569875,8.440101686511086,0.17943799853490205,-36.93457376584411,14.021121587604284,1.2739426483206765e-05,0.9999991600184802,0.0392156862745098,0.4614553844010753,2.680738074204709,0.9867661974762812,0.8271010124302918,0.8498884702628617,0.8688748377376257,0.24177038669586182,0.08495426177978516,0.4894913547869835,0.3867409366049124,0.08508443459848976,0.060258835262689006,0.03474736711396629,0.01983890191734564,0.01293403980147855,0.006267070182284235,0.033751400210621736,0.1015625,0.02351426801924355,0.150390625,0.5B,16384
19,6,agent_16384,agent,16384,9.704060527839234,20.061272836219658,19.73828104520544,1.8884636385187599,28.818406221667754,5.652958393049406,0.6510212658569875,8.440101686511086,0.17943799853490205,-46.562045655213296,5.628291939152405,0.03813250792460431,0.9947911700415027,0.0196078431372549,0.3706267869117455,6.636084181908052,0.9595416426479086,0.09676943815898552,0.1432891998769967,0.21220166993752798,0.027189232409000397,0.02722451090812683,0.02791761649237068,0.017660083450993277,0.17372373261545107,0.14874957605551625,0.05958880123825587,0.021046525555670444,0.010140085206782919,0.002564257429852782,0.06450563132558383,0.1015625,0.0492915880424104,0.150390625,0.5B,16384
19,7,agent_16384,agent,16384,9.704060527839234,21.10836812532725,19.647252080361373,1.1568705548221585,22.8939238687214,7.123888672955301,0.7941532462763817,10.423478356351223,0.13008425683832026,-36.81365752220154,0.46951510570943356,0.6672192782991139,0.615220168096152,0.0392156862745098,0.5082324743142548,5.767593251339472,0.9632541811700416,0.31642105889265437,0.37755238796438645,0.46357815802411506,0.25143659114837646,0.00048792362213134766,0.09847791056946198,0.14818023637727476,0.18177948539944733,0.12546964495218516,0.060718330090916685,0.027937962665240755,0.016243763639977822,0.007008418323195621,0.041882271925466535,0.1015625,0.029503476121886234,0.150390625,0.5B,16384
19,8,agent_16384,agent,16384,9.704060527839234,16.902188560667348,19.647252080361373,1.1568705548221585,22.8939238687214,7.123888672955301,0.7941532462763817,10.423478356351223,0.13008425683832026,-42.75262215733528,15.778633873909712,3.6336904097440133e-06,0.9999997921319109,0.0392156862745098,0.5430006986917741,2.89816985436363,0.9801198309642906,0.7989486185244395,0.8339250748039658,0.8491281457242287,0.06919682025909424,0.15674179792404175,0.45986904077497415,0.37337679386657235,0.11803533475405091,0.0929358482540779,0.05692283792179689,0.03308415480222321,0.021310696417794345,0.010295393789115651,0.06025953676796376,0.1015625,0.04338587704712242,0.150390625,0.5B,16384
19,9,agent_16384,agent,16384,9.704060527839234,18.818618644349673,19.647252080361373,1.1568705548221585,22.8939238687214,7.123888672955301,0.7941532462763817,10.423478356351223,0.13008425683832026,-26.825689028948545,14.820436429232359,5.9137355459819106e-06,0.999999628624251,0.0392156862745098,0.576009173982913,3.2697450976032623,0.9834268129812089,0.7310951811971644,0.8051876680290779,0.8318836437920106,0.03834354877471924,0.27705179899930954,0.3834399127521708,0.45135614149447467,0.0989833915548284,0.0711466494605877,0.03976292879950774,0.0227164176656576,0.014297660544444044,0.006741542735157903,0.034109298468349245,0.1015625,0.02367114570539599,0.150390625,0.5B,16384
19,10,agent_16384,agent,16384,9.704060527839234,19.421816757495368,19.647252080361373,1.1568705548221585,22.8939238687214,7.123888672955301,0.7941532462763817,10.423478356351223,0.13008425683832026,-41.36077620834112,4.523315340280533,0.12030041449244348,0.9805558090006672,0.0196078431372549,0.551639164118624,6.054166493341609,0.9504029957292011,0.2522430081509398,0.2998271700673646,0.36814517943957675,0.06865829229354858,0.025478363037109375,0.18798616590564227,0.01058529958278119,0.15306002486815298,0.096492237889036,0.059864014881043315,0.037672287245515974,0.026029364645127527,0.01301775194988155,0.09127292426098906,0.1015625,0.05927743978796872,0.150390625,0.5B,16384
19,11,agent_16384,agent,16384,9.704060527839234,24.238746470152616,19.647252080361373,1.1568705548221585,22.8939238687214,7.123888672955301,0.7941532462763817,10.423478356351223,0.13008425683832026,-39.28992649912834,23.14672313630581,1.7303419998719138e-08,0.9999999998897562,0.0392156862745098,0.520429559851005,1.5965315722703137,0.9994810135155205,0.9762187563886982,0.9881826267797587,0.9915826455315805,0.2718160152435303,0.007908694446086884,0.09904872919127021,0.8878209971428743,0.002931869140793139,0.001683418513545623,0.0006326220600808452,0.00022373947872976355,9.952462886430875e-05,2.538456861711184e-05,0.001560075815362082,0.1015625,0.0009830498379749635,0.150390625,0.5B,16384
19,12,agent_16384,agent,16384,9.704060527839234,18.537794898511212,19.647252080361373,1.1568705548221585,22.8939238687214,7.123888672955301,0.7941532462763817,10.423478356351223,0.13008425683832026,-17.70123163983226,2.8022791258990765,0.22693394303652867,0.9418531271133748,0.0392156862745098,0.613364205890435,5.557176925381164,0.957342325679609,0.3606895318114612,0.44896333396953353,0.5448279791465472,0.031922757625579834,0.07895290851593018,0.1160481683906273,0.35134730574348494,0.11714202329272626,0.0879550021021187,0.053890295785976886,0.033526340848209504,0.022665162497595388,0.011789050042026896,0.04238018351207521,0.1015625,0.02855565974322918,0.150390625,0.5B,16384
19,13,agent_16384,agent,16384,9.704060527839234,20.24551594539157,19.647252080361373,1.1568705548221585,22.8939238687214,7.123888672955301,0.7941532462763817,10.423478356351223,0.13008425683832026,-34.16819812729955,13.282844899222255,2.4345218109895374e-05,0.999998296524034,0.0392156862745098,0.5894461995336808,2.002036482576968,0.9980976493699312,0.8699061729773243,0.9365069051446947,0.9591087131690671,0.41468024253845215,0.0018456876277923584,0.599395327260599,0.36054473183323854,0.021779909319179204,0.01369210686716839,0.0059748863719708036,0.0024665600440000736,0.0012391737996754878,0.0004113966959799023,0.006801745953610126,0.1015625,0.0037834413836758188,0.150390625,0.5B,16384
20,0,agent_16384,agent,16384,9.704060527839234,17.5662112404397,21.412472597678267,2.141664452904292,32.72985549354063,5.335355916790146,1.1140542287431594,11.351531862330454,0.18735347593509374,-45.20660172402859,8.820579051971436,0.0014519975977206826,0.9998522434355414,0.0392156862745098,0.6139961099191091,0.9244557996343893,0.9983185301614281,0.9301079700362209,0.9484326307466293,0.9655846740462587,0.017120659351348877,0.07167911529541016,0.8762508760459076,0.06309196735261685,0.03998635765617293,0.023042932204032654,0.009509413977018372,0.004368752833433665,0.0025159978627142814,0.0010388117735849166,0.019829604157313746,0.1015625,0.012402207010644513,0.150390625,0.5B,16384
20,1,agent_16384,agent,16384,9.704060527839234,16.816758421290615,21.412472597678267,2.141664452904292,32.72985549354063,5.335355916790146,1.1140542287431594,11.351531862330454,0.18735347593509374,-58.501872166991234,3.397436887025833,0.1759732822455585,0.9625917731447877,0.0392156862745098,0.5446946218875711,0.8947982043788886,0.9897716351359414,0.9252028510134341,0.9291270811896255,0.9337065072443101,0.1509648561477661,0.06656432151794434,0.9191993251792767,0.005829114503002675,0.14249516425907766,0.11333110071375686,0.07249879886035221,0.043723891481288794,0.028756498609653063,0.014317740500382516,0.0836986478160619,0.1015625,0.06251412593481682,0.150390625,0.5B,16384
20,2,agent_16384,agent,16384,9.704060527839234,17.631208374720742,21.412472597678267,2.141664452904292,32.72985549354063,5.335355916790146,1.1140542287431594,11.351531862330454,0.18735347593509374,-36.72227664291859,4.154302850365639,0.07977633377993212,0.9845458350210817,0.0392156862745098,0.5371896591632277,1.6888525476986707,0.9946707777095024,0.8358898630453476,0.8677546701768591,0.9048679792011051,0.12803387641906738,0.0050051212310791016,0.7824564620062193,0.09816692123629077,0.10117005057406035,0.06308909357869276,0.031636269909618736,0.016122759084174453,0.00944331571924266,0.003796897227687237,0.038514146717472636,0.1015625,0.027777311860099217,0.150390625,0.5B,16384
20,3,agent_16384,agent,16384,9.704060527839234,15.469367390651911,21.412472597678267,2.141664452904292,32.72985549354063,5.335355916790146,1.1140542287431594,11.351531862330454,0.18735347593509374,-35.402218747651204,4.881767392391339,0.057250353563639056,0.9907170600859129,0.0392156862745098,0.5801680185559344,5.1409805945056775,0.9514850665251177,0.45539946676390336,0.5037166577403273,0.5626385731216451,0.14345210790634155,0.039943575859069824,0.15271662049228607,0.04730653438838461,0.2435239556558877,0.17234382024282427,0.09990792628991182,0.060136375073529036,0.04079705444778712,0.02090823365304249,0.20908681361805434,0.1015625,0.14835672868544514,0.150390625,0.5B,16384
20,4,agent_16384,agent,16384,9.704060527839234,14.28876367666344,21.412472597678267,2.141664452904292,32.72985549354063,5.335355916790146,1.1140542287431594,11.351531862330454,0.18735347593509374,-41.9220356233418,0.5732142943888903,0.6612251438378723,0.638867411723543,0.0392156862745098,0.6045929556275006,3.0281246943490525,0.970725541495356,0.7069310578609659,0.7358205661892849,0.771458674142788,0.019998908042907715,0.04280436038970947,0.641161313735367,0.08969441413802423,0.28024185974772065,0.2030496525938586,0.12155680172649035,0.07263656628421974,0.04836907380530734,0.024842702331004055,0.12372703276745575,0.1015625,0.08840430557856667,0.150390625,0.5B,16384
20,5,agent_16384,agent,16384,9.704060527839234,14.755904519133871,21.412472597678267,2.141664452904292,32.72985549354063,5.335355916790146,1.1140542287431594,11.351531862330454,0.18735347593509374,-55.84096106886864,7.989582866430283,0.004369170701800438,0.9995428914764722,0.0392156862745098,0.6164107225293529,0.8195942776581159,0.9899637452171476,0.9324520084299023,0.9385028266301361,0.9446137874538221,0.007151007652282715,0.009572982788085938,0.9244023215316928,0.009417828092998598,0.11504743725177886,0.09205994433393187,0.0635817715175714,0.04281269520209342,0.0314213395060096,0.01809889400193805,0.06382779241658201,0.1015625,0.050381880434119904,0.150390625,0.5B,16384
20,6,agent_16384,agent,16384,9.704060527839234,15.592104474401987,21.412472597678267,2.141664452904292,32.72985549354063,5.335355916790146,1.1140542287431594,11.351531862330454,0.18735347593509374,-62.071254786103964,4.782624267041683,0.05704749534402156,0.9905742123498978,0.0392156862745098,0.5396559447539683,1.0099957839357776,0.9888719482001906,0.9157349772792792,0.9194334536570244,0.9245351383045931,0.03235907852649689,0.04547598958015442,0.9064159883946702,0.004405689917643036,0.16732958264794165,0.12973396788985997,0.07973746534192032,0.046745550397252936,0.030523904541679716,0.014716429429872169,0.11898046534779814,0.1015625,0.08744291313363978,0.150390625,0.5B,16384
20,7,agent_16384,agent,16384,9.704060527839234,15.07289033657675,19.44167077160973,2.117602370518221,28.228425235560024,10.562002647446668,2.375260138522873,25.95895650941224,0.0911139022745239,-25.255413338541985,1.6352157890796661,0.45450770510253513,0.8357898543773602,0.0392156862745098,0.7543114187056603,4.073929430804105,0.9696580865720648,0.5766456414167663,0.6257742791212133,0.6783906820442159,0.04926168918609619,0.08335137367248535,0.4667521025598223,0.09537985544259357,0.0562829033551829,0.03709448248361719,0.02035539819816748,0.01153368221556159,0.007307991303046364,0.0033970317833982512,0.023411870963775755,0.1015625,0.015840767983892404,0.150390625,0.5B,16384
20,8,agent_16384,agent,16384,9.704060527839234,17.223085340993467,19.44167077160973,2.117602370518221,28.228425235560024,10.562002647446668,2.375260138522873,25.95895650941224,0.0911139022745239,-47.343571154400706,1.992746552452445,0.41369683121212264,0.8735526658044392,0.0196078431372549,0.6824842085454598,4.517781093925228,0.9728530630082176,0.47793472733432046,0.5212915773243426,0.5768885276118625,0.0006849765777587891,0.021138131618499756,0.41208899468371746,0.010841570261939566,0.07389682814408183,0.05712587798496158,0.023622786957460767,0.010708559677358388,0.005596684400358423,0.0018869349105565477,0.09114193395439732,0.1015625,0.06157437758354212,0.150390625,0.5B,16384
20,9,agent_16384,agent,16384,9.704060527839234,14.742518750276329,19.44167077160973,2.117602370518221,28.228425235560024,10.562002647446668,2.375260138522873,25.95895650941224,0.0911139022745239,-27.74270598962903,4.407521065324545,0.06524850255087014,0.9879557618378463,0.0392156862745098,0.7459651602873064,3.6685564007269096,0.9718071733239586,0.6612258852457166,0.7201618317712475,0.7600691513483943,0.006220817565917969,0.14549195766448975,0.48035487140836874,0.21964852602939727,0.03832748146806889,0.02856247879035074,0.017951243269520148,0.011078579359557826,0.007477061261525071,0.0038966425147051245,0.02423454002750941,0.1015625,0.015387432016658466,0.150390625,0.5B,16384
20,10,agent_16384,agent,16384,9.704060527839234,17.612192490413072,19.44167077160973,2.117602370518221,28.228425235560024,10.562002647446668,2.375260138522873,25.95895650941224,0.0911139022745239,-39.852367248386145,1.147592555731535,0.6157317167929471,0.7499171216966033,0.0196078431372549,0.7054164527505445,5.220516136833341,0.9686432419028003,0.3911790893414342,0.45336125011054346,0.5306996660096485,0.13928675651550293,0.06075364351272583,0.2570567735827348,0.011544293391692852,0.12246354475278287,0.09610359758361355,0.04281506916707746,0.015328975286952222,0.007042001103946116,0.0024451025925411925,0.05763570790684121,0.1015625,0.03803696197864135,0.150390625,0.5B,16384
20,11,agent_16384,agent,16384,9.704060527839234,16.549248293735157,19.44167077160973,2.117602370518221,28.228425235560024,10.562002647446668,2.375260138522873,25.95895650941224,0.0911139022745239,-56.711554976180196,4.221816202159971,0.13774381504872285,0.9780902293735624,0.0,0.6468464901399779,4.191155346071243,0.9701039746969661,0.5296617490660249,0.5470394838142475,0.5754846215219941,0.09907563775777817,0.03754293918609619,0.5029204487927278,0.0006195452905695159,0.18629706514525357,0.13852407503287853,0.0321236613899674,0.011127187417618372,0.006153907013598035,0.0024107758009289677,0.16913457025825518,0.101806640625,0.12399669200926768,0.150634765625,0.5B,16384
20,12,agent_16384,agent,16384,9.704060527839234,17.044755568337205,19.44167077160973,2.117602370518221,28.228425235560024,10.562002647446668,2.375260138522873,25.95895650941224,0.0911139022745239,-49.99542776308954,2.0889651207253337,0.44441938428554606,0.8708334513212953,0.0392156862745098,0.7639403523824857,1.294862526778135,0.994992120308388,0.8987265092684588,0.9122021683214939,0.9265576466126665,0.3102806806564331,0.030912213027477264,0.8429754952340452,0.010585620896152014,0.01985462870788677,0.012419364386874045,0.005775206402889117,0.002751721575508521,0.001602406746630516,0.0006305535727767729,0.020863496885340747,0.1015625,0.013380349281332853,0.150390625,0.5B,16384
20,13,agent_16384,agent,16384,9.704060527839234,16.074746068784993,19.44167077160973,2.117602370518221,28.228425235560024,10.562002647446668,2.375260138522873,25.95895650941224,0.0911139022745239,-17.520876169204712,9.992738127708435,0.0005081585227844977,0.9999539283237358,0.0392156862745098,0.6542939221908862,3.6092496990411433,0.9810954512210202,0.6930665704935212,0.7341925989282208,0.7683112246350379,0.20599882304668427,0.2732424736022949,0.40343481993743646,0.3678081024813789,0.033078038080221535,0.023211842240904536,0.012486547260938546,0.006399520471316451,0.003975275359908533,0.0019165370781342355,0.010924480175285998,0.1015625,0.007497183057424241,0.150390625,0.5B,16384
21,0,agent_16384,agent,16384,9.704060527839234,15.48068523616577,19.416743694349336,2.611009457746645,27.630895719088365,12.819692664777381,2.1959616636618335,22.86009683597051,0.07967878327594217,-39.623307809233665,2.662926062941551,0.2422610341233157,0.9347036217048791,0.0392156862745098,0.5396841893058176,5.467225303920522,0.9121683325776084,0.4409903860350137,0.46469548033177915,0.4981265753392406,0.05967831611633301,0.06491905450820923,0.3515486794400006,0.1030528258922361,0.09992635189453673,0.0867948039218181,0.06544110787578457,0.04240571617449271,0.02960417031814069,0.01639856759340983,0.0706198069583682,0.1015625,0.054756253661289625,0.150390625,0.5B,16384
21,1,agent_16384,agent,16384,9.704060527839234,18.819129702406148,19.416743694349336,2.611009457746645,27.630895719088365,12.819692664777381,2.1959616636618335,22.86009683597051,0.07967878327594217,-57.25802857638337,6.054482845356688,0.02485452775112568,0.996805403564513,0.0196078431372549,0.5650966527052846,3.7011920690678766,0.9747552576884445,0.5976284268166125,0.6174440549035828,0.6476269259972719,0.1366649866104126,0.009968727827072144,0.5679715394658501,0.014637010310092756,0.09530212849475408,0.06362219853472494,0.028965144555416638,0.011415209746829748,0.005241085594646921,0.0018281657645271429,0.10460072339530242,0.1015625,0.07829503413416486,0.150390625,0.5B,16384
21,2,agent_16384,agent,16384,9.704060527839234,21.38224171220573,19.416743694349336,2.611009457746645,27.630895719088365,12.819692664777381,2.1959616636618335,22.86009683597051,0.07967878327594217,-61.98515282641165,2.130668840603903,0.3696318995999243,0.8903662991196236,0.0196078431372549,0.5142296672651792,5.126450337974971,0.9816284126841185,0.32117280236140416,0.38236410908601226,0.4726695618359853,0.011577963829040527,0.017394065856933594,0.22644000009991685,0.004679501440972612,0.12197801066302295,0.08112561878939903,0.028493627606437935,0.009296494437095956,0.003420234289293899,0.0009097917218400357,0.15034670204282322,0.1015625,0.09817492807067617,0.150390625,0.5B,16384
21,3,agent_16384,agent,16384,9.704060527839234,19.14813370387786,19.416743694349336,2.611009457746645,27.630895719088365,12.819692664777381,2.1959616636618335,22.86009683597051,0.07967878327594217,-57.09621630469337,4.00847847154364,0.13523383152495896,0.976096803262789,0.0196078431372549,0.5555838736582099,4.79167842404393,0.9727597340332582,0.4210741503716999,0.4547180806417447,0.5039498429710392,0.09046828746795654,0.07577109336853027,0.3776211593571342,0.005849296160371649,0.08504022607564118,0.06994434431580115,0.03445378279257717,0.012828401463510527,0.005819874229821148,0.0019309829814662645,0.12451768848942715,0.1015625,0.08568213228536095,0.150390625,0.5B,16384
21,4,agent_16384,agent,16384,9.704060527839234,22.221482933076977,19.416743694349336,2.611009457746645,27.630895719088365,12.819692664777381,2.1959616636618335,22.86009683597051,0.07967878327594217,-51.041114137507975,2.357702170498669,0.6052153373258838,0.8581591481440521,0.0196078431372549,0.503413918492723,5.43827869532649,0.988400103840726,0.1444877943960683,0.23251287356214212,0.37478102234379435,0.08391618728637695,0.032327502965927124,0.011613369447083246,0.00200696569436558,0.11600967608456578,0.044783023091605034,0.006323762114662281,0.0014724438449630135,0.000722640097234886,0.00024862693812390457,0.03490287185369663,0.1015625,0.0252798043329281,0.150390625,0.5B,16384
21,5,agent_16384,agent,16384,9.704060527839234,20.737004645871394,19.416743694349336,2.611009457746645,27.630895719088365,12.819692664777381,2.1959616636618335,22.86009683597051,0.07967878327594217,-49.99392470763996,2.7808821271173656,0.3816951475900179,0.9123103092640619,0.0196078431372549,0.5753788289221671,6.026375656299971,0.9730931520859779,0.1622010504264718,0.2153326632596958,0.29620759742607683,0.006852269172668457,0.036353230476379395,0.09208426211867854,0.004480921634420218,0.21488794667430328,0.11185368482079527,0.035332643170076464,0.009919190311708811,0.0053957028037733105,0.002116880192499031,0.06600842391050832,0.1015625,0.04092645487196623,0.150390625,0.5B,16384
21,6,agent_16384,agent,16384,9.704060527839234,18.32304983490947,19.416743694349336,2.611009457746645,27.630895719088365,12.819692664777381,2.1959616636618335,22.86009683597051,0.07967878327594217,-57.57800555159338,5.226507146609947,0.03588143913020532,0.9944083269765984,0.0196078431372549,0.5702267208617213,3.255223009999896,0.972908537961191,0.6661579631539845,0.6840803908220362,0.7070430138416083,0.05661648511886597,0.01358737051486969,0.6389912660430022,0.007437502716809353,0.08572455479612814,0.06472836752060449,0.03427399448466442,0.013829532216147945,0.007595248862112287,0.0028355315795743417,0.09659784894691548,0.1015625,0.07098847446930799,0.150390625,0.5B,16384
21,7,agent_16384,agent,16384,9.704060527839234,20.679214201188536,18.79622333787272,2.058208249249555,25.94142002106568,10.619000798096675,2.984315398598435,20.784256627362026,0.2431688055503236,-28.836792439222336,12.541903972625732,4.8748933087076065e-05,0.999996408304995,0.0392156862745098,0.6597045862312885,1.0628237791973931,0.9980170932816295,0.9231476817239755,0.941716028529884,0.9588797507790032,0.1451883316040039,0.033518314361572266,0.8517371856760019,0.09776068774858696,0.0828362688189693,0.05208709132589335,0.02483656197459583,0.011772296105322766,0.006590868019559273,0.0025012049485428067,0.02716982655113129,0.1015625,0.017999255476383754,0.150390625,0.5B,16384
21,8,agent_16384,agent,16384,9.704060527839234,19.287426010429982,18.79622333787272,2.058208249249555,25.94142002106568,10.619000798096675,2.984315398598435,20.784256627362026,0.2431688055503236,-54.939532212913036,2.8863297551870346,0.3280428185757324,0.9258043795280174,0.0196078431372549,0.6070253262680618,5.387446805403448,0.9730347598283557,0.3216263472231595,0.3552910701609022,0.40538039466424974,0.04314863681793213,0.0025960803031921387,0.2734969222197543,0.007698878801959518,0.3156390802993994,0.1543032021717217,0.04094151603309625,0.010686417475320065,0.005398201909140633,0.002229932967190702,0.2368043865390106,0.1015625,0.16832837724915434,0.150390625,0.5B,16384
21,9,agent_16384,agent,16384,9.704060527839234,20.880737905208775,18.79622333787272,2.058208249249555,25.94142002106568,10.619000798096675,2.984315398598435,20.784256627362026,0.2431688055503236,-21.38869898021221,18.67491245176643,2.0438291190939374e-07,0.9999999905044245,0.0392156862745098,0.5480715845373767,0.7688309346667317,0.9978507759726986,0.9579936856862884,0.963446451423199,0.9685350083652579,0.05383145809173584,0.03042300045490265,0.03766915509610572,0.9223096015220538,0.015265000655958427,0.010445376729874448,0.004977009379886868,0.002124005049158934,0.0010845500616081965,0.0003822708034852212,0.011406865326644026,0.1015625,0.008337705896557218,0.150390625,0.5B,16384
21,10,agent_16384,agent,16384,9.704060527839234,21.906931352715784,18.79622333787272,2.058208249249555,25.94142002106568,10.619000798096675,2.984315398598435,20.784256627362026,0.2431688055503236,-40.99200692027807,2.0397491231560707,1.0469446000210465,0.7484299643872729,0.0196078431372549,0.6651246421946089,5.430480956688552,0.9883840994678544,0.16422444474807302,0.25819908423839344,0.39612846186790995,0.047317564487457275,0.004034101963043213,0.006165428200300897,0.0023503815482353563,0.11616085429544448,0.0541179743820092,0.006916617201167268,0.0011966146084575655,0.0005131711484858281,0.00019326077102746668,0.04672341647138463,0.1015625,0.031218750992060538,0.150390625,0.5B,16384
21,11,agent_16384,agent,16384,9.704060527839234,23.210716353717213,18.79622333787272,2.058208249249555,25.94142002106568,10.619000798096675,2.984315398598435,20.784256627362026,0.2431688055503236,-51.81413497403264,1.6445464193820953,0.8472596549861663,0.7306775912325174,0.0196078431372549,0.6710435601126185,5.1276006833581125,0.9904584554035553,0.2259848121902587,0.33798684255555617,0.487516076583684,0.009649813175201416,0.02112552523612976,0.05615757151030849,0.0014919948989047709,0.07189516955302384,0.03383751486531614,0.008834379673372335,0.001930345499823051,0.0008374984358918129,0.0002805425651647254,0.04559471332847478,0.1015625,0.029845885012804756,0.150390625,0.5B,16384
21,12,agent_16384,agent,16384,9.704060527839234,20.118637009037034,18.79622333787272,2.058208249249555,25.94142002106568,10.619000798096675,2.984315398598435,20.784256627362026,0.2431688055503236,-16.337571695446968,18.00835780799389,3.333789122562017e-07,0.9999999835029196,0.0392156862745098,0.678358986455922,3.7505982800842013,0.9853593015845796,0.6986870455089363,0.7749191798415899,0.8154910022386112,0.038317203521728516,0.05383718013763428,0.16132315343547587,0.5387347540520956,0.06106353253048628,0.0451920079494917,0.025526542616786038,0.013304117644455068,0.007812879553697671,0.0030751420830447316,0.03398683064820167,0.1015625,0.025473108054208545,0.150390625,0.5B,16384
21,13,agent_16384,agent,16384,9.704060527839234,21.57615271759357,18.79622333787272,2.058208249249555,25.94142002106568,10.619000798096675,2.984315398598435,20.784256627362026,0.2431688055503236,-44.92254053801298,2.7194753736257553,0.34890811160078744,0.9187653521129792,0.0196078431372549,0.7061497095559142,5.8819663017127555,0.9758149042701377,0.20180552805111912,0.2615209607067358,0.34388539213883335,0.16257357597351074,0.06174594163894653,0.11613271340064066,0.009328268636858992,0.19005695778373516,0.12973634318011237,0.038341066763285796,0.008897375929330213,0.0037633788893352412,0.0011926719762315565,0.09507587359232104,0.1015625,0.06590573126076671,0.150390625,0.5B,16384
22,0,agent_16384,agent,16384,9.704060527839234,16.472986273640412,17.29817721509723,2.262476634665025,25.10796247780898,10.952564701500833,4.745393112965165,30.67725369946377,0.2995321501320695,82.04259156435728,6.975278727710247,0.007924702116934827,0.99902623849324,0.0392156862745098,0.5224734109420329,6.345589939766805,0.9384505177621678,0.2545154618769832,0.3361952799010713,0.4129080070209294,0.025637388229370117,0.03341996669769287,0.01336361804595277,0.3165294602410461,0.34914611422770053,0.237055011114177,0.1207561172616689,0.06335914794793972,0.038304310435464325,0.016707366891978753,0.26085423922372397,0.1015625,0.19960671387271592,0.150390625,0.5B,16384
22,1,agent_16384,agent,16384,9.704060527839234,17.486134881160066,17.29817721509723,2.262476634665025,25.10796247780898,10.952564701500833,4.745393112965165,30.67725369946377,0.2995321501320695,75.49377045035362,0.16644326597452164,1.0626663958814857,0.48192754632722756,0.0196078431372549,0.5780485940423313,6.567772025839513,0.9567410605059093,0.0934417967308137,0.15109039776424824,0.2391819966526538,0.06477630138397217,0.018521785736083984,0.0040849890015715,0.012962884598326898,0.3248099240914824,0.26309760837268154,0.13811963195981203,0.05555183930509337,0.025702319626183523,0.006082935132228785,0.08948926792657304,0.1015625,0.0736363513413362,0.150390625,0.5B,16384
22,2,agent_16384,agent,16384,9.704060527839234,16.27012975903896,17.29817721509723,2.262476634665025,25.10796247780898,10.952564701500833,4.745393112965165,30.67725369946377,0.2995321501320695,55.599323220551014,0.6208996772766113,1.2772961243377996,0.4702777047338425,0.0196078431372549,0.5087823171110509,6.244316046516277,0.9594627218435512,0.15040323173107548,0.23732378920114836,0.3557674167114003,0.07014775276184082,0.011085867881774902,0.004112003309615261,0.009378270197799953,0.3931429061520925,0.278371919684357,0.14255256969587188,0.05840249109044535,0.02734039025918736,0.007588883966060261,0.11674814257565604,0.1015625,0.09141555462491946,0.150390625,0.5B,16384
22,3,agent_16384,agent,16384,9.704060527839234,16.735253910239017,17.29817721509723,2.262476634665025,25.10796247780898,10.952564701500833,4.745393112965165,30.67725369946377,0.2995321501320695,87.69652309641242,3.1494851149618626,0.2803180812779545,0.9391401922375512,0.0196078431372549,0.5858941588648727,6.657863912638975,0.9416749256685106,0.13762196879933122,0.19804109494874791,0.2817824400933976,0.11136800050735474,0.01907527446746826,0.004555204639874859,0.014529704532270966,0.5478305968238114,0.35413713702324207,0.19119522375053072,0.0894891917486311,0.046772347522946234,0.017597807625024893,0.1292703927643371,0.1015625,0.10867395114703937,0.150390625,0.5B,16384
22,4,agent_16384,agent,16384,9.704060527839234,18.138908573736842,17.29817721509723,2.262476634665025,25.10796247780898,10.952564701500833,4.745393112965165,30.67725369946377,0.2995321501320695,95.35374883562326,10.599743555299938,0.0002898630534536796,0.9999750384262175,0.0392156862745098,0.515136347031639,5.39184998714438,0.962083219158956,0.42537385347080076,0.5132794882252142,0.5784369711403251,0.1544543206691742,0.08062338829040527,0.014923503198799695,0.493328038702034,0.23793248735177128,0.1576643460057105,0.07759167541109031,0.03767258974992937,0.02138137573543071,0.008601569297531727,0.1646444452657565,0.1015625,0.1354883513603161,0.150390625,0.5B,16384
22,5,agent_16384,agent,16384,9.704060527839234,18.153635071854463,17.29817721509723,2.262476634665025,25.10796247780898,10.952564701500833,4.745393112965165,30.67725369946377,0.2995321501320695,81.16741844825447,1.0051112961955369,1.0540009358254385,0.6036660990219764,0.0196078431372549,0.5652744465833927,7.130230790655015,0.9313063132851218,0.06857870807336232,0.11124909456938348,0.1720347164373457,0.0005427002906799316,0.14545196294784546,0.005969916666120098,0.012551451450259736,0.9232855864501082,0.5266842243585107,0.2630741470695862,0.09480887847369254,0.04212448845075222,0.012958032195553349,0.17271546696801848,0.1015625,0.12757752586142865,0.150390625,0.5B,16384
22,6,agent_16384,agent,16384,9.704060527839234,14.923663369207786,17.29817721509723,2.262476634665025,25.10796247780898,10.952564701500833,4.745393112965165,30.67725369946377,0.2995321501320695,64.24845427554101,0.6350619914010167,0.7806897192385478,0.6337054667529353,0.0392156862745098,0.5481849741218737,7.085077683132097,0.9220672069009885,0.12066154560330715,0.17196672533327279,0.23967563767852165,0.06868168711662292,0.027905255556106567,0.013970285406837651,0.0639799746103745,0.6032367399855496,0.5223591141508783,0.2804888563608969,0.12442354846802255,0.060682588293487986,0.019389983360049,0.22552219537054297,0.1015625,0.1736365514257109,0.150390625,0.5B,16384
22,7,agent_16384,agent,16384,9.704060527839234,17.543920205764792,15.907330181491695,2.417206865520093,25.6793538284558,10.715066613994248,4.74043583805125,30.339114073673027,0.2608100828583894,51.11048454325646,0.8999617593362927,0.7181696932343907,0.6959161226304919,0.0196078431372549,0.4922287571615859,7.05233140212599,0.9378173042667179,0.08577534651136935,0.12538272478466808,0.18235824731746242,0.07945871353149414,0.04378587007522583,0.003852396677900748,0.02204465459288144,0.6129061130690624,0.4135707931988174,0.21542405174019078,0.07333377838456205,0.02869719356255022,0.006768751479827827,0.1037070896140218,0.1015625,0.06718362515544911,0.150390625,0.5B,16384
22,8,agent_16384,agent,16384,9.704060527839234,18.160895352452933,15.907330181491695,2.417206865520093,25.6793538284558,10.715066613994248,4.74043583805125,30.339114073673027,0.2608100828583894,59.72681411355734,10.930368438363075,0.0002332069687101137,0.9999808362754834,0.0392156862745098,0.42388163214121394,6.051368773463674,0.9427625132836374,0.3090658406461522,0.3791276307750443,0.4473530321276956,0.38436102867126465,0.049275875091552734,0.008318329653106015,0.33065276550890826,0.3854461148031752,0.2842512829651683,0.1649072611029019,0.08172581393497103,0.04634543633559215,0.01734688437747578,0.27021140285044215,0.1015625,0.2128406459697451,0.150390625,0.5B,16384
22,9,agent_16384,agent,16384,9.704060527839234,17.417188983700548,15.907330181491695,2.417206865520093,25.6793538284558,10.715066613994248,4.74043583805125,30.339114073673027,0.2608100828583894,29.957505028694868,0.7144079306162894,0.9230209120615154,0.6256724832604663,0.0196078431372549,0.45374861087695234,5.691504634178706,0.977282373191449,0.16589314568122054,0.25625741563342197,0.376203828717522,0.07930143177509308,0.11939924955368042,0.002386446797989155,0.0025523964562695176,0.18453937040173998,0.12108533098859929,0.06100233388294265,0.02687729041362483,0.013113261439467415,0.0041368168409879474,0.06690351021805886,0.1015625,0.05286914443288789,0.150390625,0.5B,16384
22,10,agent_16384,agent,16384,9.704060527839234,17.952983168397818,15.907330181491695,2.417206865520093,25.6793538284558,10.715066613994248,4.74043583805125,30.339114073673027,0.2608100828583894,48.890071679838,0.18649176601320505,1.3452439122783084,0.4529730928152646,0.0196078431372549,0.48247625812335126,6.196619182472901,0.971968068009858,0.08180176215697622,0.13632374111345785,0.22357041993460608,0.02376590669155121,0.035899847745895386,0.0011756250646908712,0.007915046733189046,0.38714800315659675,0.13249128189140094,0.05397231052157761,0.023515943929488282,0.012623947756275497,0.004340164768358225,0.04800010906581255,0.1015625,0.03435200721047508,0.150390625,0.5B,16384
22,11,agent_16384,agent,16384,9.704060527839234,16.606801886517285,15.907330181491695,2.417206865520093,25.6793538284558,10.715066613994248,4.74043583805125,30.339114073673027,0.2608100828583894,28.691712479572743,0.909121744800359,1.055241525117626,0.5991939473029778,0.0196078431372549,0.4449646024355856,6.247243158421405,0.9692727005582021,0.10850330061627095,0.1711153456521184,0.26209520563946054,0.023975640535354614,0.00013369321823120117,0.004664001652497001,0.007167027371150072,0.4896791142150583,0.20637988215985978,0.09615010703346548,0.03503976777048485,0.013453474614514467,0.003782062053940661,0.08664437067096165,0.1015625,0.07947709314430744,0.150390625,0.5B,16384
22,12,agent_16384,agent,16384,9.704060527839234,16.853068659805125,15.907330181491695,2.417206865520093,25.6793538284558,10.715066613994248,4.74043583805125,30.339114073673027,0.2608100828583894,33.999542912468314,1.303348956629634,0.9978923786220228,0.6357307835332899,0.0196078431372549,0.5066610474742016,7.410355868372222,0.9068842997086171,0.09235532047003332,0.12692203582661538,0.1716104868211089,0.0675499439239502,0.059389546513557434,0.022887122721779576,0.019155592901003028,0.600834013530562,0.5383490569420658,0.40086127523620996,0.2160673381103028,0.11110884587109726,0.033170678478592903,0.25024123793383546,0.1015625,0.2325345106030758,0.150390625,0.5B,16384
22,13,agent_16384,agent,16384,9.704060527839234,16.82369929703673,15.907330181491695,2.417206865520093,25.6793538284558,10.715066613994248,4.74043583805125,30.339114073673027,0.2608100828583894,33.50890069268644,0.8482125848531723,1.2976966891165458,0.5297736437168318,0.0196078431372549,0.49220906148972005,6.902864937606001,0.9369988305630447,0.08647354156462163,0.14082154248061599,0.22073733479937374,0.02989453822374344,0.026416286826133728,0.007648716773022893,0.005283564325796888,0.8767993274708352,0.6348938242824563,0.31658682516354403,0.12108640196860065,0.0476720916800966,0.012172128760945072,0.17959237614424442,0.1015625,0.1521371859096248,0.150390625,0.5B,16384
23,0,agent_16384,agent,16384,9.704060527839234,11.84866515689448,21.59537917358628,2.2236581190569185,27.03597138025784,11.214498161718417,3.153007925542427,20.372921790871867,0.13021955174643937,-19.907545217312872,5.748422932811081,0.0342757985193445,0.9952488841971822,0.0392156862745098,0.09588329005659905,7.598174217959249,0.877277486114404,0.09362443331494189,0.12663676665088036,0.1751343719917373,0.018201112747192383,0.0023770034313201904,0.041996773423371145,0.0672265221541726,0.28991337489103886,0.22142932119125677,0.1394959798340124,0.08369866750221389,0.05580863802698811,0.027487352919978284,0.15723586742022716,0.1015625,0.1314784358120507,0.150390625,0.5B,16384
23,1,agent_16384,agent,16384,9.704060527839234,27.738010988045644,21.59537917358628,2.2236581190569185,27.03597138025784,11.214498161718417,3.153007925542427,20.372921790871867,0.13021955174643937,77.3995982259512,31.309322766959667,1.4631822245161507e-08,0.9999999999989502,0.0392156862745098,0.30791266376621973,0.24126511244291973,0.9997729664055196,0.9902452430132377,0.9926317094129747,0.9944098719884998,0.1131436824798584,0.05420088768005371,2.594845442380671e-05,0.9840678428261479,0.0015957825724862195,0.000846317139955106,0.00025829422099704527,6.685855998268693e-05,2.3760544399773555e-05,4.014655257359326e-06,0.0021231621562713193,0.1015625,0.0016458113174210184,0.150390625,0.5B,16384
23,2,agent_16384,agent,16384,9.704060527839234,14.477305152894726,21.59537917358628,2.2236581190569185,27.03597138025784,11.214498161718417,3.153007925542427,20.372921790871867,0.13021955174643937,20.8043068125844,1.751046609133482,0.7226044095644168,0.7990615807157254,0.0196078431372549,0.19915953424098823,6.508347577133788,0.9312224805015913,0.21930334139243218,0.31098165049439713,0.39606728369277616,0.06907236576080322,0.014760494232177734,0.00011348183474100805,0.025536406844914445,0.3048174790786846,0.21057879734557264,0.11176194935139303,0.058988004817390784,0.03664630288010342,0.016340373720191637,0.0903015877074918,0.1015625,0.07045656715518418,0.150390625,0.5B,16384
23,3,agent_16384,agent,16384,9.704060527839234,11.467599899458955,21.59537917358628,2.2236581190569185,27.03597138025784,11.214498161718417,3.153007925542427,20.372921790871867,0.13021955174643937,14.12164432555437,0.37121138721704483,1.1804014211624112,0.5155090454403434,0.0196078431372549,0.29911399347477946,8.062784231036446,0.8388873247701908,0.03953536525625838,0.06020949793604537,0.09245941721766984,0.009863227605819702,0.016590863466262817,0.013788123576527334,0.015247852548778326,0.5172386746230553,0.5067572939176207,0.3488129782239747,0.18494339620989994,0.10251214851193659,0.042379766304418705,0.1557838248405591,0.1015625,0.13795892107422492,0.150390625,0.5B,16384
23,4,agent_16384,agent,16384,9.704060527839234,14.935035113145554,21.59537917358628,2.2236581190569185,27.03597138025784,11.214498161718417,3.153007925542427,20.372921790871867,0.13021955174643937,28.425122886896133,13.270486235618591,3.585686118907487e-05,0.9999975360018468,0.0392156862745098,0.25505706721925936,5.383654836213195,0.946020043921746,0.421517845537226,0.4623791376544699,0.5092531135649832,0.101559579372406,0.015299081802368164,0.007190575981081307,0.44732302149572034,0.28338497818060576,0.19313168837186673,0.09910157507540994,0.04726161508974417,0.026609365739931275,0.010148124596041082,0.21791125122243696,0.1015625,0.15922220453721583,0.150390625,0.5B,16384
23,5,agent_16384,agent,16384,9.704060527839234,12.914924380508964,21.59537917358628,2.2236581190569185,27.03597138025784,11.214498161718417,3.153007925542427,20.372921790871867,0.13021955174643937,-51.857436049729586,0.28396231308579445,0.6944593573476247,0.5697272006229711,0.0392156862745098,-0.017026774586122975,7.333076400674537,0.9016153161215564,0.12398555495237312,0.1622815789755282,0.2091078577289767,0.01778404414653778,0.04503875970840454,0.04150567654796839,0.03401824027296671,0.3296316111011815,0.2629604823625578,0.16998602115961223,0.08934571453675376,0.05544903444855021,0.022572420381992093,0.20025291038702916,0.1015625,0.16247148371539985,0.150390625,0.5B,16384
23,6,agent_16384,agent,16384,9.704060527839234,15.525161188627974,21.59537917358628,2.2236581190569185,27.03597138025784,11.214498161718417,3.153007925542427,20.372921790871867,0.13021955174643937,10.11388012766838,13.258738812059164,3.90634982201839e-05,0.9999973709871773,0.0392156862745098,0.17908497752173974,6.086321416148985,0.9434806698083298,0.3324695397750418,0.38225705221174355,0.4406215698545405,0.42752379179000854,0.005158901214599609,0.026492290784075122,0.33758618263398765,0.21475203142825394,0.14631970381465229,0.06814051544470384,0.03112219649468938,0.017539992348037124,0.0065011887451645696,0.19980003786622766,0.1015625,0.15901339764861133,0.150390625,0.5B,16384
23,7,agent_16384,agent,16384,9.704060527839234,12.758579072271683,15.22050070905138,1.7294486928837445,21.560230240707146,10.386586430151748,4.573331841535622,22.629540637181822,0.2619730047324941,25.6742082843557,1.4824517965316772,0.9451084129126823,0.6946695443278599,0.0196078431372549,0.37695892878207393,7.859857940347522,0.8690552279509304,0.036898875836949535,0.06309112704279134,0.09678135218993128,0.008317232131958008,0.04988580942153931,0.0050027580961930305,0.013998605837172235,0.8088153899755586,0.7224728608185463,0.38209944838750765,0.2135933324266301,0.12833881224681581,0.055486559259011074,0.16968683313126134,0.1015625,0.15720590829042935,0.150390625,0.5B,16384
23,8,agent_16384,agent,16384,9.704060527839234,12.748546744251533,15.22050070905138,1.7294486928837445,21.560230240707146,10.386586430151748,4.573331841535622,22.629540637181822,0.2619730047324941,29.354028031229973,0.7749823778867722,0.9557477433017731,0.6235378794611337,0.0196078431372549,0.39376964499591677,7.888987084741087,0.8657418313002406,0.038506737941910535,0.06253011817869795,0.0943948883569667,0.0717768669128418,0.04720044136047363,0.005913652202377575,0.014430116801908536,1.0226009971226127,0.7868884689777055,0.44732252251622495,0.22172503242815067,0.13033185145188797,0.052457721036745675,0.2081524243122342,0.1015625,0.19957762372165602,0.150390625,0.5B,16384
23,9,agent_16384,agent,16384,9.704060527839234,13.351475348726659,15.22050070905138,1.7294486928837445,21.560230240707146,10.386586430151748,4.573331841535622,22.629540637181822,0.2619730047324941,43.15827185474336,1.257730394601822,0.9190068850379993,0.6857681180511904,0.0196078431372549,0.4669151287312306,7.630513938676539,0.8894744308591769,0.04416580606280086,0.07650533425534758,0.11903741370953282,0.010129332542419434,0.02463620901107788,0.00529653694013726,0.0164766610876019,0.8856784839993362,0.752060962414996,0.3832590445112906,0.2060669853625161,0.11376564991963004,0.04284365333727908,0.16728506261302334,0.1015625,0.15187768442193209,0.150390625,0.5B,16384
23,10,agent_16384,agent,16384,9.704060527839234,12.841480192043626,15.22050070905138,1.7294486928837445,21.560230240707146,10.386586430151748,4.573331841535622,22.629540637181822,0.2619730047324941,34.047214429825544,0.4501710385084152,1.139135850352677,0.49578376128607665,0.0196078431372549,0.40802817169042915,7.873817537056624,0.8662053052166365,0.035304366955239315,0.05970454677776433,0.09307534367188766,0.05923956632614136,0.03640744090080261,0.00335250724089149,0.013719574481989766,0.8838337622633394,0.6879026624412667,0.3945827517620705,0.195831576904245,0.11945634667003806,0.05806681337222877,0.18525758737461134,0.1015625,0.14705305904722785,0.150390625,0.5B,16384
23,11,agent_16384,agent,16384,9.704060527839234,12.932573161885243,15.22050070905138,1.7294486928837445,21.560230240707146,10.386586430151748,4.573331841535622,22.629540637181822,0.2619730047324941,56.21004414744675,0.036469374783337116,1.2062706598806707,0.4204131571306075,0.0196078431372549,0.5811434642525296,7.548302405370569,0.8948431996908484,0.05548868308500006,0.08804498590438248,0.1335740531651815,0.01790575683116913,0.0404081791639328,0.005610376202913922,0.01597159285021939,1.1217498022909511,0.7371141034041039,0.37341481506984747,0.16631667063751301,0.09439241157725496,0.04097772877930352,0.1796437810984995,0.1015625,0.14624176154370241,0.150390625,0.5B,16384
23,12,agent_16384,agent,16384,9.704060527839234,16.342018035672368,15.22050070905138,1.7294486928837445,21.560230240707146,10.386586430151748,4.573331841535622,22.629540637181822,0.2619730047324941,43.95423932373524,0.22476979345083237,1.167042917709996,0.46170515349944985,0.0196078431372549,0.42200206687662173,6.6106199128447765,0.9536415960112522,0.10939732529397032,0.17393197525867476,0.2654462276697093,0.08037543296813965,0.029088973999023438,0.0012294811081568111,0.0066794812407042735,0.6024873098337943,0.36039735822606384,0.14068358978815315,0.04902093248442651,0.021538456295080766,0.006904032851889904,0.1410823556426766,0.1015625,0.08435393783617143,0.150390625,0.5B,16384
23,13,agent_16384,agent,16384,9.704060527839234,13.179078181302705,15.22050070905138,1.7294486928837445,21.560230240707146,10.386586430151748,4.573331841535622,22.629540637181822,0.2619730047324941,27.756404979154468,0.8802711889147758,1.0162714869299065,0.617335980338731,0.0196078431372549,0.3588278054392044,7.867680418281823,0.8676979253908729,0.03416003195068147,0.05528103862129647,0.0880111836856821,0.02326148748397827,0.03408688306808472,0.004290752494888474,0.01629929619246002,1.0301173341577354,0.7473871144083086,0.39699890059022364,0.18975733137369297,0.110603765938235,0.05472325266574126,0.16268715400283915,0.1015625,0.15511024440957866,0.150390625,0.5B,16384
