layer,head,prompt,regime,T,log_T,q_norm,k_norm_mean,k_norm_std,k_norm_max,v_norm_mean,v_norm_std,v_norm_max,value_spectral,cent_top1,cent_margin12,cent_entropy,cent_top_block_mass,cent_recent_frac,qk_align_max,entropy,gini,mass_top8,mass_top16,mass_top32,margin_top8,margin_top16,sink_mass,recent_mass,oracle_rl2_1,oracle_rl2_2,oracle_rl2_5,oracle_rl2_10,oracle_rl2_15,oracle_rl2_25,router_rl2_10,router_read_10,router_rl2_15,router_read_15,model,ctx_target
0,0,longdoc_16384,longdoc,16384,9.704060527839234,13.688298663697664,821.3912469567914,1.3361345558911595,825.35635625785,4.7094666290142015,1.2027776335015825,6.690606725864675,0.04389295629506946,3316.8934056535363,11.49531513825059,0.00019077216411562842,0.9999852954415629,0.0392156862745098,0.29706370942683313,8.120676972978101,0.793739418605455,0.06613164348401264,0.09634480098238654,0.13852850517181312,0.06958857728261592,0.010747994279313389,4.701725163324535e-05,0.10623196773453691,0.191706839199533,0.1470131748702031,0.1193442402630843,0.09982778546439665,0.08080676805137374,0.05249974143402744,0.12365550365441347,0.1015625,0.1031838929466993,0.150390625,1.5B,16384
0,1,longdoc_16384,longdoc,16384,9.704060527839234,43.66513251322631,821.3912469567914,1.3361345558911595,825.35635625785,4.7094666290142015,1.2027776335015825,6.690606725864675,0.04389295629506946,-4557.104330807924,52.131818786263466,1.4630451803231488e-08,0.9999999999989999,0.0392156862745098,-0.11762166944665964,5.659865443715918e-05,0.9999389640012671,0.9999998846669373,0.9999999558634606,0.9999999881395546,0.8206466821521872,0.12069163110209047,6.535951963592737e-40,0.9999960291759636,1.5986455909054045e-11,6.19150704379702e-13,2.1989968136850555e-15,8.143128475306149e-16,7.365500507268543e-16,8.143128475306149e-16,4.491412840461868e-09,0.1015625,7.609601171688652e-12,0.150390625,1.5B,16384
0,2,longdoc_16384,longdoc,16384,9.704060527839234,12.369476043957688,821.3912469567914,1.3361345558911595,825.35635625785,4.7094666290142015,1.2027776335015825,6.690606725864675,0.04389295629506946,354.8754855468869,19.26574437599629,1.0167294448756754e-07,0.9999999957035401,0.0392156862745098,0.03935894502008434,4.4678626054102155,0.9806762289772304,0.5493337265908037,0.6434951408916095,0.6985053289459865,0.035490723166113014,0.0661617013239173,1.8208435454077898e-09,0.708139931929735,0.057254657580675807,0.037992255829049706,0.01839105014487217,0.008388278765462439,0.004558108640631179,0.0016199169671689065,0.013706752566465924,0.1015625,0.008007234533981748,0.150390625,1.5B,16384
0,3,longdoc_16384,longdoc,16384,9.704060527839234,67.30727855191547,821.3912469567914,1.3361345558911595,825.35635625785,4.7094666290142015,1.2027776335015825,6.690606725864675,0.04389295629506946,-10238.906776487827,29.684093333780766,1.4633990066231955e-08,0.9999999999988716,0.0392156862745098,-0.17631842711948392,5.902234615062207e-07,0.9999389648422006,0.9999999997814006,0.999999999946902,0.9999999999969507,0.9957658261905635,0.07653597949752111,9.64273482495954e-50,0.9999999943443681,5.682596536295442e-16,3.685120952208375e-16,3.685120952208375e-16,3.685120952208375e-16,3.685120952208375e-16,2.4314969640372766e-16,1.870036790059817e-12,0.1015625,1.043349996192525e-13,0.150390625,1.5B,16384
0,4,longdoc_16384,longdoc,16384,9.704060527839234,16.684244354431033,821.3912469567914,1.3361345558911595,825.35635625785,4.7094666290142015,1.2027776335015825,6.690606725864675,0.04389295629506946,1107.8856918253005,12.876063515432179,3.551775885349451e-05,0.9999974414235524,0.0392156862745098,0.08212329895804356,8.102879325936321,0.8075190209059657,0.060836716160263205,0.09405398625273295,0.14074426381142915,0.01640056101419418,0.04309207588244135,0.0005794741978898174,0.15880052500821673,0.12260009885492584,0.11857856101122227,0.09727237658834867,0.07094119470448143,0.053120722949894464,0.032020067455742866,0.044307749751409754,0.1015625,0.03558390036530772,0.150390625,1.5B,16384
0,5,longdoc_16384,longdoc,16384,9.704060527839234,15.397751977376089,821.3912469567914,1.3361345558911595,825.35635625785,4.7094666290142015,1.2027776335015825,6.690606725864675,0.04389295629506946,1444.2799928132445,17.1786147095263,6.442375306749866e-07,0.9999999653662338,0.0392156862745098,0.12156319706825962,0.8385490672314596,0.9981423836331811,0.9351967832455951,0.946530538974238,0.9570205831143963,0.1801854902573723,0.08942777322630491,8.54688791996886e-12,0.953921388828654,0.014979169004824025,0.008872912228983077,0.0032763154382364408,0.0009834535390366062,0.00036641250221877903,7.591293047616702e-05,0.005113987162075235,0.1015625,0.0024951521685206064,0.150390625,1.5B,16384
0,6,longdoc_16384,longdoc,16384,9.704060527839234,37.329354841971025,736.1813323294323,0.7463630567059472,738.879538127218,4.122516457009842,0.42606280943652824,5.5174707695973595,0.13167424292473728,9234.182201474905,21.74138306081295,2.2840151675127127e-08,0.9999999996376996,0.0392156862745098,0.34583225577088184,0.0002109621778076409,0.9999389541323578,0.9999970506348153,0.9999987922402546,0.999999510023946,0.031910727706758735,0.10455014676563223,4.429854850024291e-36,0.9999929852850097,1.0554021383568737e-08,9.476221384166358e-10,1.8017082859907634e-11,2.2210289281001335e-13,6.110630921964298e-15,2.0857667124437646e-15,4.037383801157779e-09,0.1015625,2.3429794052876035e-09,0.150390625,1.5B,16384
0,7,longdoc_16384,longdoc,16384,9.704060527839234,19.19115919609853,736.1813323294323,0.7463630567059472,738.879538127218,4.122516457009842,0.42606280943652824,5.5174707695973595,0.13167424292473728,7814.477691941895,4.132682247553021,0.08115507632119764,0.9842133272968164,0.0392156862745098,0.5629416717380478,0.09715182679977794,0.9997494484842381,0.9946315185181996,0.99538028835988,0.9961953914225686,0.01344547687767772,0.046409496475575907,2.2429564761779867e-09,0.9923604785954534,0.0017576610680634275,0.0010971392874368911,0.00045405379310282473,0.00016741420871626173,7.734425974835283e-05,2.1874469162666088e-05,0.0013216255434352773,0.1015625,0.0007616992086605734,0.150390625,1.5B,16384
0,8,longdoc_16384,longdoc,16384,9.704060527839234,13.145915867969068,736.1813323294323,0.7463630567059472,738.879538127218,4.122516457009842,0.42606280943652824,5.5174707695973595,0.13167424292473728,1079.3741952758282,20.975409204140306,3.180674396066433e-08,0.9999999992179194,0.0392156862745098,0.12200897816699607,2.536430603384372,0.9936449636814056,0.7855046130000569,0.8227387634294699,0.8549402870031175,0.0859434511130388,0.07885392972502814,6.86036700230725e-08,0.806697378110996,0.05923491113022996,0.03445537031051798,0.013003289254581538,0.003933435451808321,0.001456968580438117,0.00027597160747814235,0.036851906872356226,0.1015625,0.02198008040550507,0.150390625,1.5B,16384
0,9,longdoc_16384,longdoc,16384,9.704060527839234,12.117943055242348,736.1813323294323,0.7463630567059472,738.879538127218,4.122516457009842,0.42606280943652824,5.5174707695973595,0.13167424292473728,592.3028546376154,6.4012365359812975,0.012289201390687827,0.9983414388709093,0.0392156862745098,0.07234758222529292,5.250995303890562,0.9766738839738636,0.3260478042350306,0.4487163176041876,0.5797991629606585,0.1479360283291129,0.018120110286588442,2.553053224378923e-07,0.111204964374705,0.13477109043362237,0.0891472768021716,0.04545985503379984,0.02391478866395184,0.014949505061597876,0.006728108498850617,0.04294918502683817,0.1015625,0.021395237200575613,0.150390625,1.5B,16384
0,10,longdoc_16384,longdoc,16384,9.704060527839234,38.454766022636626,736.1813323294323,0.7463630567059472,738.879538127218,4.122516457009842,0.42606280943652824,5.5174707695973595,0.13167424292473728,6982.56786968559,23.53409679979086,1.610711973287747e-08,0.9999999999386298,0.0392156862745098,0.2552234610687443,0.00595522804133514,0.9999384363129171,0.9998227027802835,0.9999253657236951,0.9999802459359586,0.02183826311534176,0.42297683652338947,1.6324367737685787e-36,0.9995176713621147,4.352367015905991e-07,4.015501157705347e-08,5.29614634454813e-10,4.163506868076256e-12,8.454011017666036e-14,2.255633110524288e-15,3.906045401039938e-07,0.1015625,3.513162543071335e-08,0.150390625,1.5B,16384
0,11,longdoc_16384,longdoc,16384,9.704060527839234,9.873779110493132,736.1813323294323,0.7463630567059472,738.879538127218,4.122516457009842,0.42606280943652824,5.5174707695973595,0.13167424292473728,436.2753375773318,28.59215271519497,1.4640954313997956e-08,0.9999999999986176,0.0392156862745098,0.06379664148518258,4.580603281019808,0.9764142463221157,0.506974385382175,0.6349662653763801,0.7344609040454793,0.13005424793414022,0.026217206088915646,2.8037180719287375e-07,0.7794464293673926,0.08431019400000087,0.06107374847129277,0.033090449435962614,0.016944072438288337,0.009161258677736756,0.003440586533241293,0.029510214286854793,0.1015625,0.018961315384422105,0.150390625,1.5B,16384
1,0,longdoc_16384,longdoc,16384,9.704060527839234,11.36237861927276,153.46427611539264,0.44160970848972564,154.76132737060678,4.719993366544083,0.32112416921502246,5.936429574512737,0.02763259196942417,384.9501009620726,45.495742122642696,1.4630451803964431e-08,0.9999999999989999,0.0392156862745098,0.24509400244202206,2.639752620120775,0.9989306568222851,0.8456722995136643,0.9565596511929678,0.9752108949725149,0.4719141218486129,0.2391271203299894,3.4561667711204514e-13,0.97534124753661,0.0023837597666934137,0.0011055863565756687,0.00024009438052072904,4.7451415554981536e-05,1.3816548687695759e-05,1.5894235821329522e-06,0.00010377061616320672,0.1015625,2.9563746938548496e-05,0.150390625,1.5B,16384
1,1,longdoc_16384,longdoc,16384,9.704060527839234,13.42479895782182,153.46427611539264,0.44160970848972564,154.76132737060678,4.719993366544083,0.32112416921502246,5.936429574512737,0.02763259196942417,263.63278683647513,33.419235904701054,1.4630544408841043e-08,0.9999999999989964,0.0392156862745098,0.16448926495889687,2.13528823370288,0.9992215445395793,0.9228497150854983,0.9586436227782928,0.9755704384437965,0.02616550112541205,0.4047231944840597,9.304165048848046e-12,0.9477633689299438,0.0026909718605228135,0.0012078574045431803,0.0002736777584243548,5.844536738701366e-05,1.911511190661885e-05,2.794437919961492e-06,0.0007113107178160675,0.1015625,0.0002291519828781314,0.150390625,1.5B,16384
1,2,longdoc_16384,longdoc,16384,9.704060527839234,14.12300159079517,153.46427611539264,0.44160970848972564,154.76132737060678,4.719993366544083,0.32112416921502246,5.936429574512737,0.02763259196942417,1325.517908366397,8.67376358434558,0.0016599644477254644,0.9998286438560289,0.0392156862745098,0.6158600833540198,4.834174102316315,0.9919520341375978,0.29392930396556705,0.43374520039074804,0.6045797716013663,0.009423276683762083,0.05137093918858682,7.955427510754435e-14,0.7157058025082893,0.025594324159743775,0.00770556125685343,0.004303894892360314,0.0006030629936398842,0.00013913057573673374,9.922435502519236e-06,0.0003584950436157936,0.1015625,8.44591525908222e-05,0.150390625,1.5B,16384
1,3,longdoc_16384,longdoc,16384,9.704060527839234,8.332300051266731,153.46427611539264,0.44160970848972564,154.76132737060678,4.719993366544083,0.32112416921502246,5.936429574512737,0.02763259196942417,383.45271438825876,29.33666509576142,1.4635459804606633e-08,0.9999999999988181,0.0392156862745098,0.3136775367883979,3.9621099425948163,0.995922164207781,0.46840854346179245,0.6588325099438366,0.8532272436495846,0.06935396685040018,0.022876123991594,2.0853695807831454e-11,0.9079839467434766,0.005473973014624402,0.002400564633882678,0.0009244134895003441,0.0001830084804485141,5.6216617401531584e-05,9.257954050721621e-06,0.0002451561851212605,0.1015625,7.680728638589079e-05,0.150390625,1.5B,16384
1,4,longdoc_16384,longdoc,16384,9.704060527839234,17.159585516035495,153.46427611539264,0.44160970848972564,154.76132737060678,4.719993366544083,0.32112416921502246,5.936429574512737,0.02763259196942417,469.90975544042885,28.57660746201873,1.4641120119245997e-08,0.9999999999986113,0.0392156862745098,0.21715430183298684,1.396641517181118,0.9996801402366803,0.9634145087586551,0.9823301533591109,0.9906133461624995,0.029180644521026977,0.18845540789489945,5.487250525438386e-13,0.9551429015794001,0.000925129365847525,0.00029706099593805005,4.597086256887228e-05,6.2716616863608426e-06,1.560354088331301e-06,1.443865809144307e-07,0.00016584971273295046,0.1015625,8.023803859871827e-05,0.150390625,1.5B,16384
1,5,longdoc_16384,longdoc,16384,9.704060527839234,18.13501032488043,153.46427611539264,0.44160970848972564,154.76132737060678,4.719993366544083,0.32112416921502246,5.936429574512737,0.02763259196942417,1572.3470876114443,2.3694919692352414,0.541871308603008,0.8548043328844418,0.0392156862745098,0.5712671430164623,8.945027899428561,0.637823211392735,0.008246995747872046,0.014642800548347554,0.02623425333144235,0.058310923558082095,0.0009104983683982937,0.0010130875712286945,0.020956739877586485,0.6588899573093587,0.6326130324344729,0.5479065691712824,0.3916506254494508,0.3052626696957374,0.21590036644958185,0.15684777827183277,0.1015625,0.13024611201851097,0.150390625,1.5B,16384
1,6,longdoc_16384,longdoc,16384,9.704060527839234,12.24991264604057,29.262304111291478,0.8291578593676775,33.097607588599985,3.3230389040207777,0.6048946316278877,4.621280038521789,0.15193884739305813,66.65934844315052,6.1167555302381516,0.015690221773213938,0.997797486584484,0.0392156862745098,0.2595378045448421,7.634558461152945,0.8213534931043761,0.09518434856518909,0.14702922834088192,0.21695818681825593,0.029477137063595116,0.04757827073164478,2.8298262240237035e-05,0.24812348869990192,0.2701611143719386,0.2390178376822854,0.2423146244376214,0.19886199025241255,0.16747977334500777,0.11852203446337563,0.04252249101568139,0.1015625,0.03656370273413154,0.150390625,1.5B,16384
1,7,longdoc_16384,longdoc,16384,9.704060527839234,12.854473666077993,29.262304111291478,0.8291578593676775,33.097607588599985,3.3230389040207777,0.6048946316278877,4.621280038521789,0.15193884739305813,63.89368576742709,2.860919827595353,0.21051268805712717,0.945877543923244,0.0392156862745098,0.21255856453594577,7.400426551645314,0.8475370602068729,0.08584421052828799,0.14007166169824992,0.2230826448372162,0.08956076760677067,0.04827982609853265,6.047341173031914e-05,0.3007660323170487,0.14718559433335518,0.11850305497571748,0.10337305948056998,0.08200236388290585,0.06753929126004757,0.050130399449344484,0.03394806417889072,0.1015625,0.025769384994024515,0.150390625,1.5B,16384
1,8,longdoc_16384,longdoc,16384,9.704060527839234,15.271071037517192,29.262304111291478,0.8291578593676775,33.097607588599985,3.3230389040207777,0.6048946316278877,4.621280038521789,0.15193884739305813,13.799815859645605,5.193575464189053,0.03446623203388186,0.9944574760234646,0.0392156862745098,0.0691789393359685,7.800039241911861,0.7888642881860898,0.0835438366122306,0.13044261155118625,0.19529579714954579,0.07809315803598649,0.024670678849276095,0.0003478237578381292,0.2518930731224686,0.34757252770669717,0.25112478108776265,0.17966817062446966,0.12345751188262619,0.09461609365195205,0.06380743834215721,0.1557022367350878,0.1015625,0.13041195762190355,0.150390625,1.5B,16384
1,9,longdoc_16384,longdoc,16384,9.704060527839234,11.242400241585866,29.262304111291478,0.8291578593676775,33.097607588599985,3.3230389040207777,0.6048946316278877,4.621280038521789,0.15193884739305813,102.47155039198697,20.206457912921906,5.063588064964729e-08,0.9999999983044174,0.0392156862745098,0.41388688173421484,6.105453544617922,0.9191759382846608,0.3286190133873929,0.398973205830656,0.47585655673723165,0.02402884556672724,0.020519604129303204,5.2215753899480845e-06,0.5046248147947651,0.2681395453575121,0.20802380658691566,0.13183136474921978,0.0862061988695544,0.06233208956357056,0.03654244385529991,0.10261437863178914,0.1015625,0.07750384505505842,0.150390625,1.5B,16384
1,10,longdoc_16384,longdoc,16384,9.704060527839234,13.9421376992798,29.262304111291478,0.8291578593676775,33.097607588599985,3.3230389040207777,0.6048946316278877,4.621280038521789,0.15193884739305813,77.62586472183466,19.005642963573337,1.2608040938405967e-07,0.9999999944276308,0.0392156862745098,0.35958615258708376,3.4013197333943093,0.9780520811824511,0.688063027254948,0.7320845628203948,0.7719686687075626,0.0414357047359708,0.026176396085752174,1.7309807735178487e-07,0.7541248778210531,0.13747176446244713,0.09249071428795354,0.04979324264516288,0.02727442285967592,0.017014404252904836,0.0074350864948173985,0.06721870423086612,0.1015625,0.046791774613688976,0.150390625,1.5B,16384
1,11,longdoc_16384,longdoc,16384,9.704060527839234,10.868365084115313,29.262304111291478,0.8291578593676775,33.097607588599985,3.3230389040207777,0.6048946316278877,4.621280038521789,0.15193884739305813,66.05130364745855,17.633594107814133,4.261176118001977e-07,0.9999999779413538,0.0392156862745098,0.28501408653636495,6.492174163856459,0.9040812113550787,0.25344867729876913,0.3355975771089046,0.42173163652959267,0.17142191711990318,0.10348562273943607,6.479617527185549e-06,0.48191220362229004,0.17932543054374933,0.13484049341645404,0.08472066172473529,0.05805882143080873,0.043762960290634735,0.025645298844729575,0.06655523799711861,0.1015625,0.04962880285035642,0.150390625,1.5B,16384
2,0,longdoc_16384,longdoc,16384,9.704060527839234,21.17824875902533,24.69990449758351,1.7243949413018298,30.689305699330042,6.982453261964386,0.8399690584679996,9.1903178662514,0.050200666116736604,-69.31096320971847,33.86140760779381,1.4630506015246635e-08,0.9999999999989979,0.0392156862745098,0.22994278855206157,1.0135689896488835,0.9984622071132169,0.9471884060405411,0.9729339233237045,0.9812790214733484,0.11923756482847381,0.010924684404979068,0.8322719179153514,0.15151164742972192,0.029242768589331915,0.02102253394679351,0.01205680559547962,0.006667589332364182,0.004192493419901723,0.0019045090012098365,0.009923683864457841,0.1015625,0.007030392532520124,0.150390625,1.5B,16384
2,1,longdoc_16384,longdoc,16384,9.704060527839234,22.523157511653597,24.69990449758351,1.7243949413018298,30.689305699330042,6.982453261964386,0.8399690584679996,9.1903178662514,0.050200666116736604,-42.48435580544174,25.513869535177946,1.484753920275148e-08,0.9999999999906926,0.0392156862745098,0.2776747010432459,2.659146569992778,0.9969547282659093,0.7432098860977845,0.8837623198997919,0.9332929021695346,0.10181856736686035,0.21345587529706123,0.466681313273806,0.4959001513256019,0.02119782012400838,0.014933995362086835,0.007232720903071353,0.003126039253509913,0.0016116650831197964,0.0005364519613995348,0.00464039977852715,0.1015625,0.002439854466788567,0.150390625,1.5B,16384
2,2,longdoc_16384,longdoc,16384,9.704060527839234,15.705686028723367,24.69990449758351,1.7243949413018298,30.689305699330042,6.982453261964386,0.8399690584679996,9.1903178662514,0.050200666116736604,-49.747651730664074,1.4597460785880685,0.5726588099084937,0.7972709629436724,0.0392156862745098,0.24867868554211184,6.241218129920982,0.9141846356875243,0.2705693517344147,0.31174878626873026,0.3759101187841746,0.029917771828063877,0.06882433901530405,0.20220266556373984,0.16919747316870698,0.17943956893714258,0.11566164499952845,0.07051453607258812,0.044486815573004185,0.03333655484448534,0.02197976283992589,0.06925336487276859,0.1015625,0.053666008854916764,0.150390625,1.5B,16384
2,3,longdoc_16384,longdoc,16384,9.704060527839234,28.52614154715334,24.69990449758351,1.7243949413018298,30.689305699330042,6.982453261964386,0.8399690584679996,9.1903178662514,0.050200666116736604,-101.08442324027419,2.491845670156181,0.36320138888960696,0.9105006604189947,0.0392156862745098,0.08594354235769007,6.093957019946385,0.9754509349440929,0.1586570138965405,0.2345355308578295,0.31757339894551584,0.024470742102474463,0.039918415555399545,0.018945918480777202,0.029890965613013437,0.1269811652998382,0.07079000798070481,0.015915209652600685,0.0037831291005307457,0.0019835318716162017,0.0004931413865429384,0.04827074698754207,0.1015625,0.05504188497494483,0.150390625,1.5B,16384
2,4,longdoc_16384,longdoc,16384,9.704060527839234,17.680546232761643,24.69990449758351,1.7243949413018298,30.689305699330042,6.982453261964386,0.8399690584679996,9.1903178662514,0.050200666116736604,-47.84739964129403,8.759051847737283,0.001608788920875555,0.9998371416846853,0.0392156862745098,0.24878229735326376,5.150235418729408,0.94042739706203,0.45322703023472066,0.494808476893404,0.5526465954711959,0.1175619852557861,0.024914946178177022,0.26655106527585964,0.30301714770292487,0.1483426612704358,0.09423442808926334,0.05650185620825529,0.03702559326911193,0.027375728232629574,0.016987095215830195,0.039121041321990055,0.1015625,0.030029992302187145,0.150390625,1.5B,16384
2,5,longdoc_16384,longdoc,16384,9.704060527839234,23.123991264109193,24.69990449758351,1.7243949413018298,30.689305699330042,6.982453261964386,0.8399690584679996,9.1903178662514,0.050200666116736604,-47.23256791755557,3.7422995902597904,0.11824748282983685,0.9758250000913384,0.0392156862745098,0.23970016918349982,5.1484380224493425,0.9793301773078021,0.3706868845333094,0.4869384590101114,0.5976953247817572,0.10821515241851021,0.08671364262273795,0.06770989471224034,0.2739108058227294,0.06792439394130263,0.04216619741789324,0.0209091213349094,0.01063058592725744,0.00638476318498362,0.0027298343947056887,0.012633697381768243,0.1015625,0.009293048452590621,0.150390625,1.5B,16384
2,6,longdoc_16384,longdoc,16384,9.704060527839234,13.755506017810703,35.30340060025054,0.9192191145118006,38.90837663407216,4.859642493994592,0.6833210173787303,7.97244619964708,0.17469480936886111,73.03973573911935,10.330843943171203,0.0003722856497520706,0.9999672229853089,0.0392156862745098,0.32473095717904976,4.654292698553377,0.9234144597835531,0.5744375480970341,0.5973747000712446,0.625435256428788,0.18567610772683363,0.0005930430370399975,0.39701670318017473,0.24304464789707492,0.33694188796321434,0.2679008873129715,0.1779332156383335,0.11375863003434299,0.08157793377684322,0.04620867491856671,0.14540604104183064,0.1015625,0.1113770389232561,0.150390625,1.5B,16384
2,7,longdoc_16384,longdoc,16384,9.704060527839234,16.669703850775768,35.30340060025054,0.9192191145118006,38.90837663407216,4.859642493994592,0.6833210173787303,7.97244619964708,0.17469480936886111,40.34682386927307,15.810738384723663,2.7272585989617344e-06,0.9999998420307815,0.0392156862745098,0.24372663676101433,2.808113739934486,0.9819746290465887,0.8236386196962556,0.8363322336991956,0.8526442046821787,0.20864603479814914,0.052064233773174706,0.4549667469051703,0.3777800683648009,0.1210736737519604,0.087857248848114,0.05151498440066479,0.028307908341430443,0.017056746320963993,0.007809339685243281,0.07581183357495379,0.101806640625,0.05471498252376432,0.150390625,1.5B,16384
2,8,longdoc_16384,longdoc,16384,9.704060527839234,16.690593718453187,35.30340060025054,0.9192191145118006,38.90837663407216,4.859642493994592,0.6833210173787303,7.97244619964708,0.17469480936886111,59.131193947046995,13.283255767077208,5.535234467020471e-05,0.9999962478624304,0.0392156862745098,0.2685677565792726,1.774293689687609,0.9878105531688308,0.8829433186757659,0.8904175971095162,0.8999318012192847,0.025785315478419335,0.03283264787107765,0.11473705723762438,0.7684967623993613,0.07062434265384979,0.05341675782296115,0.031140866059411892,0.017252837061486535,0.010892214787782321,0.00505336372638855,0.04130418319895871,0.1015625,0.03058116992234813,0.150390625,1.5B,16384
2,9,longdoc_16384,longdoc,16384,9.704060527839234,13.414532166103163,35.30340060025054,0.9192191145118006,38.90837663407216,4.859642493994592,0.6833210173787303,7.97244619964708,0.17469480936886111,115.90454976726323,3.880905636586249,0.10049487017766175,0.9796201256472962,0.0392156862745098,0.41288807668815897,7.3726592725071844,0.8499358091104423,0.16646993673271301,0.2097012360245206,0.25859121205124913,0.18193043300597367,0.10461913325417882,0.08207367744694954,0.10950648171869846,0.45395095372355454,0.4097398315361588,0.3128396591794997,0.2121807393352012,0.1527500484077938,0.0899299937548921,0.07682729142315678,0.1015625,0.06140910648178825,0.150390625,1.5B,16384
2,10,longdoc_16384,longdoc,16384,9.704060527839234,15.75100809278968,35.30340060025054,0.9192191145118006,38.90837663407216,4.859642493994592,0.6833210173787303,7.97244619964708,0.17469480936886111,68.4072606745176,12.191474413033575,8.403454020785908e-05,0.9999937911091593,0.0392156862745098,0.305462080870278,4.225550100585366,0.9324045224708281,0.634557137615125,0.6477932203491505,0.6640844502720804,0.17793130030905857,0.016448102659316177,0.46527185875011157,0.18124985512983124,0.3665206144627229,0.28582053146807157,0.18539402194875743,0.11480300293195068,0.07802367002866821,0.042064075755544675,0.19951491081781528,0.101806640625,0.15427443878794556,0.150390625,1.5B,16384
2,11,longdoc_16384,longdoc,16384,9.704060527839234,15.15276313077454,35.30340060025054,0.9192191145118006,38.90837663407216,4.859642493994592,0.6833210173787303,7.97244619964708,0.17469480936886111,65.43542767688632,25.681475615594536,1.4968250649087858e-08,0.999999999986249,0.0392156862745098,0.3111277885260404,2.688910075587931,0.9651099697851353,0.7859092439321964,0.8085325692068767,0.8206039756749636,0.40707647430738003,0.009892350034264474,0.6820569965938178,0.1300692404875476,0.34507047513723327,0.28017153948010626,0.1791420126153359,0.11159710924077958,0.07651080639347213,0.04129005820737563,0.21774887550370275,0.1015625,0.1681395931187999,0.150390625,1.5B,16384
3,0,longdoc_16384,longdoc,16384,9.704060527839234,22.44842233111353,25.22917300136008,1.0571616838195574,30.253564833407083,6.754259384298532,0.682070768647291,8.47886899700543,0.11116430372811002,-60.86648053303361,38.125147244893014,1.4630452770814813e-08,0.9999999999989999,0.0392156862745098,0.5856583831743795,1.224293112748684,0.999031153698081,0.9797503092700819,0.9883684044292422,0.9903797222786511,0.19229097130692097,0.02742296552162493,0.111858466552447,0.876497306211299,0.005276603657815822,0.0037624011735942395,0.002085526132138549,0.0010661224711761557,0.0006259561746809529,0.0002557556481829036,0.003017668734607088,0.1015625,0.002268351869625847,0.150390625,1.5B,16384
3,1,longdoc_16384,longdoc,16384,9.704060527839234,21.009200363537683,25.22917300136008,1.0571616838195574,30.253564833407083,6.754259384298532,0.682070768647291,8.47886899700543,0.11116430372811002,-64.41304347862024,31.899731934885494,1.463102341427865e-08,0.9999999999989793,0.0392156862745098,0.5587900394925989,2.109333393544676,0.9880954885694496,0.8738990714494437,0.8915578699145196,0.9046479550072531,1.084479990051359,0.013079868771939118,0.6477923463239437,0.25115747288486084,0.14337262738868972,0.10779560270763937,0.06441890438318378,0.03795893190652574,0.024978696994815155,0.01209643976305048,0.08070206491404855,0.1015625,0.060510024684431084,0.150390625,1.5B,16384
3,2,longdoc_16384,longdoc,16384,9.704060527839234,25.208042966271126,25.22917300136008,1.0571616838195574,30.253564833407083,6.754259384298532,0.682070768647291,8.47886899700543,0.11116430372811002,-93.39201313070953,14.501012333668768,7.82460153577371e-06,0.9999994961619009,0.0392156862745098,0.5628590955425378,1.6635097011019941,0.9984328875950697,0.9582839053352812,0.9672952053532927,0.9749775540047413,0.13704402353680223,0.04194960125986302,0.33553752711872775,0.6269721392943761,0.012384253130604931,0.008027810608516756,0.0034126742805461515,0.001372513988965653,0.0006983069711434177,0.00023409607118348672,0.017404918719663515,0.1015625,0.014358561870449042,0.150390625,1.5B,16384
3,3,longdoc_16384,longdoc,16384,9.704060527839234,21.48185517090526,25.22917300136008,1.0571616838195574,30.253564833407083,6.754259384298532,0.682070768647291,8.47886899700543,0.11116430372811002,-80.59772100811824,16.88747254991904,8.604313361199107e-07,0.9999999529145223,0.0392156862745098,0.5858091219403501,2.3522418648552037,0.9877332313760658,0.8659085061399724,0.8791063617066135,0.8939373147803494,0.4754716504035432,0.04472378585419179,0.5223443596613996,0.34327713851777636,0.09669585010720919,0.07270317173834943,0.042470339503753556,0.023754909382287363,0.015096326941245438,0.00711347429994545,0.07523499967070413,0.1015625,0.06027677489881308,0.150390625,1.5B,16384
3,4,longdoc_16384,longdoc,16384,9.704060527839234,21.551690711129098,25.22917300136008,1.0571616838195574,30.253564833407083,6.754259384298532,0.682070768647291,8.47886899700543,0.11116430372811002,-47.29271235316992,17.562367863953114,4.525511267822125e-07,0.9999999764067701,0.0392156862745098,0.5403327471464492,3.63645866171926,0.975846378237527,0.6638422682040988,0.7184073618753816,0.7797034554713381,0.08596545176797266,0.06319905182811558,0.40427512424967205,0.23050498827185925,0.11448421611666977,0.08900786613003976,0.05415350997867413,0.032760505845105384,0.022292821956574872,0.01173660687106049,0.051647747701842855,0.1015625,0.04307269825586313,0.150390625,1.5B,16384
3,5,longdoc_16384,longdoc,16384,9.704060527839234,20.1085355267778,25.22917300136008,1.0571616838195574,30.253564833407083,6.754259384298532,0.682070768647291,8.47886899700543,0.11116430372811002,-83.28778195381165,16.68723569996655,1.2646768828092546e-06,0.9999999304502334,0.0392156862745098,0.564764894903296,1.4076857719179419,0.989188010860633,0.9207218344612581,0.9258585006584562,0.9310783295022212,0.00929005049562015,0.01446922251094307,0.8044508866951449,0.12260752875422387,0.2054021183654261,0.16257937505064635,0.10400432670066113,0.06231470834316436,0.04123952761960299,0.020511118881347407,0.1362867756424229,0.1015625,0.10649640841779151,0.150390625,1.5B,16384
3,6,longdoc_16384,longdoc,16384,9.704060527839234,17.65208232607554,25.87145980519619,1.9215321752842882,33.72347286304521,6.238239660280689,1.1078444418255935,9.40681465646612,0.09523372449974454,13.7988595739007,13.657284498214722,1.71859035450284e-05,0.9999988285162206,0.0392156862745098,0.4149430019321971,4.7935891250854485,0.9391212278867884,0.5260869933492843,0.5880082775640998,0.6492221007417093,0.0195605209812999,0.05659546253000469,0.24931749275785828,0.4327711739671158,0.17286071168794162,0.1377523561087886,0.09013767336477747,0.05973943398168223,0.04266548409025388,0.02388817934514604,0.08038500656886738,0.1015625,0.0621986125735416,0.150390625,1.5B,16384
3,7,longdoc_16384,longdoc,16384,9.704060527839234,13.103854763204138,25.87145980519619,1.9215321752842882,33.72347286304521,6.238239660280689,1.1078444418255935,9.40681465646612,0.09523372449974454,-22.35038570582401,5.31327033333946,0.05177650200151727,0.9920530960373927,0.0392156862745098,0.4132246048433652,6.850309161970445,0.8449500898503708,0.258466218548468,0.28200901565401904,0.3153486602249872,0.017161880612272196,0.0003478063306240342,0.220388615411512,0.060810736786188646,0.4228705250972186,0.3130727338285138,0.21051441842583768,0.1503763428980538,0.12022039424469033,0.07815956301310367,0.24418634755834645,0.1015625,0.18772469340608214,0.150390625,1.5B,16384
3,8,longdoc_16384,longdoc,16384,9.704060527839234,19.42108192151926,25.87145980519619,1.9215321752842882,33.72347286304521,6.238239660280689,1.1078444418255935,9.40681465646612,0.09523372449974454,11.327104713767767,16.078084679320455,1.7936105377036062e-06,0.9999998958567589,0.0392156862745098,0.3208881091983026,5.010029084803966,0.9536146173353361,0.4765133771176335,0.562157118203842,0.6419580020493851,0.12817855512472565,0.14540796552502466,0.21431678376580457,0.4713179716736439,0.10358456997590054,0.08018901333519633,0.05013560146606107,0.030016146624648903,0.020080083735436904,0.010397038161034378,0.050843444076803565,0.1015625,0.03731534627938822,0.150390625,1.5B,16384
3,9,longdoc_16384,longdoc,16384,9.704060527839234,12.887598183120199,25.87145980519619,1.9215321752842882,33.72347286304521,6.238239660280689,1.1078444418255935,9.40681465646612,0.09523372449974454,-10.981719843111932,6.65780090354383,0.009820872013297711,0.9987176661989452,0.0392156862745098,0.5469796844073702,6.236211477017093,0.8344343558322367,0.35918623560721047,0.37677869406670256,0.4029655371098937,0.006703050592240772,0.025837293079345496,0.3276739857497928,0.06751354926655298,0.47482186349141137,0.38894727813552554,0.294091809359605,0.22031754832206793,0.1737793692443541,0.1084083813828843,0.30689754236034855,0.1015625,0.2414048210780408,0.150390625,1.5B,16384
3,10,longdoc_16384,longdoc,16384,9.704060527839234,17.922919677777873,25.87145980519619,1.9215321752842882,33.72347286304521,6.238239660280689,1.1078444418255935,9.40681465646612,0.09523372449974454,-1.5521527267992496,15.106357433833182,4.444476103120017e-06,0.999999724961174,0.0392156862745098,0.3992557213154087,3.0716381697891264,0.9780213294117662,0.7458132138738565,0.7798134534098224,0.8121024678997956,0.47684619874491974,0.12842422910469584,0.557994443327212,0.2727798593147753,0.1484891511141884,0.10914295417291427,0.06388274729679383,0.03736570672876834,0.025195689627816136,0.013051414639676327,0.05848032377865331,0.1015625,0.04515552435406103,0.150390625,1.5B,16384
3,11,longdoc_16384,longdoc,16384,9.704060527839234,12.45481705747159,25.87145980519619,1.9215321752842882,33.72347286304521,6.238239660280689,1.1078444418255935,9.40681465646612,0.09523372449974454,-17.594285160914296,0.5466712078487035,0.6571418502539476,0.6333629327368596,0.0392156862745098,0.48718154733910435,4.528639823203928,0.8828167693958117,0.57082137759325,0.6055854852520824,0.6488236663343016,0.16077003872862403,0.037486313222832135,0.4950280324025838,0.006476312377184969,0.7089319040455104,0.623037132240584,0.4825945632854424,0.35848832496976724,0.2827179431991095,0.1897370254707084,0.5165181515810361,0.1015625,0.44942179111635044,0.150390625,1.5B,16384
4,0,longdoc_16384,longdoc,16384,9.704060527839234,17.393815989836902,26.120228827284407,2.112966022131771,31.39377811426069,6.342292856647207,1.52605107022963,10.985238370155866,0.14151811357332117,-71.05239102616906,10.396244529634714,0.00036143056553453564,0.9999685631762154,0.0392156862745098,0.21226044466818972,3.6201811523491223,0.9672730643407565,0.6316125337189703,0.6787909147073828,0.715099996405716,0.12586479850859877,0.3246091266721143,0.5594742507761541,0.11497283642203392,0.3423111228692304,0.24297029132260364,0.1349621593358926,0.07496778449034822,0.04782632816168359,0.022361648071914007,0.26037121323253604,0.1015625,0.19298538493349074,0.150390625,1.5B,16384
4,1,longdoc_16384,longdoc,16384,9.704060527839234,16.895497165586395,26.120228827284407,2.112966022131771,31.39377811426069,6.342292856647207,1.52605107022963,10.985238370155866,0.14151811357332117,-63.90432776417583,7.070044280728325,0.006993720479964239,0.9991395352983187,0.0392156862745098,0.21294647724452131,4.851908685584503,0.9645085841382052,0.4512043448283319,0.5154332751230606,0.589016747973667,0.006674353856760629,0.023758979295712912,0.33427545289064475,0.16275632941596713,0.19147479225168892,0.13150689031774235,0.06639408223955376,0.03390724059357263,0.022396258586391705,0.011979572201837303,0.09462588374937601,0.1015625,0.06288865405977934,0.150390625,1.5B,16384
4,2,longdoc_16384,longdoc,16384,9.704060527839234,21.7181441421532,26.120228827284407,2.112966022131771,31.39377811426069,6.342292856647207,1.52605107022963,10.985238370155866,0.14151811357332117,-62.58059328049421,27.035555623471737,1.4682676854428972e-08,0.9999999999970699,0.0392156862745098,0.21985042475337566,1.6917460464865417,0.994263410812657,0.8997132817931683,0.9234337759262414,0.937934556306399,0.5081901567063203,0.07156859407883331,0.7299918688859663,0.21127015038479546,0.09503132802735505,0.0681904260128047,0.03807023295623912,0.02077706515989612,0.012992699272539742,0.005869755514974906,0.04296995539868257,0.1015625,0.0318604386020057,0.150390625,1.5B,16384
4,3,longdoc_16384,longdoc,16384,9.704060527839234,19.970317634275634,26.120228827284407,2.112966022131771,31.39377811426069,6.342292856647207,1.52605107022963,10.985238370155866,0.14151811357332117,-65.10639222338796,11.889903917559423,8.890532842799855e-05,0.9999931158498672,0.0392156862745098,0.14711837509630393,3.623413628135132,0.9674145731862869,0.6534158620801779,0.6842955636468889,0.7182214999543635,0.0699721557509374,0.14248854815908452,0.5462729105673604,0.15431693162253826,0.3880601527767469,0.2772891997878804,0.15557350478993168,0.08343000676813818,0.052341166208545294,0.025057888485635837,0.21509353878726034,0.1015625,0.14819050682017634,0.150390625,1.5B,16384
4,4,longdoc_16384,longdoc,16384,9.704060527839234,20.445066946885156,26.120228827284407,2.112966022131771,31.39377811426069,6.342292856647207,1.52605107022963,10.985238370155866,0.14151811357332117,-77.61829377477989,8.842023320961744,0.0031129838624722374,0.9996984111598493,0.0392156862745098,0.32849629213615483,4.401217976645332,0.9398051826175131,0.5396995140730205,0.5582152423538066,0.584718104812525,0.002431999599624035,0.06030169833737098,0.513174975764209,0.020341811899808333,0.6151836088587024,0.42345289418171883,0.22607431156872826,0.12500556607321717,0.08141648157813056,0.04213822326089801,0.4299080103334927,0.1015625,0.3108111031676731,0.150390625,1.5B,16384
4,5,longdoc_16384,longdoc,16384,9.704060527839234,18.47388904738861,26.120228827284407,2.112966022131771,31.39377811426069,6.342292856647207,1.52605107022963,10.985238370155866,0.14151811357332117,-50.69948217831552,18.89792556501925,1.4122917707810145e-07,0.9999999936614765,0.0392156862745098,0.38164302818544893,3.468894955190487,0.9574839303223384,0.7141553573216175,0.738639940487518,0.7648464679767377,0.07732789770757442,0.03712366066481998,0.4039658479478245,0.36393705863846215,0.18635290414193037,0.15058496557714746,0.10176128987683927,0.06576271340382116,0.04658540140008116,0.02654567119276075,0.09252266353291314,0.1015625,0.06716205625233704,0.150390625,1.5B,16384
4,6,longdoc_16384,longdoc,16384,9.704060527839234,22.62485725136505,22.92280307805301,1.165686471156079,25.985564919739538,7.012678707655914,0.8041766385930279,9.426826507278939,0.06200001905508851,-47.74585742969066,30.303027199581265,1.4632359259312175e-08,0.9999999999989309,0.0392156862745098,0.5044579557082232,2.29771102351387,0.9980413411602589,0.8353242240315472,0.9344319841084898,0.9630850250384622,0.07946259343780238,0.00359129081476528,0.48865931654668265,0.4828972494026865,0.01289043567746202,0.008244011825861812,0.00405893475273985,0.0018947978363695725,0.0010171219278782217,0.0003618695378693055,0.004363936184483394,0.1015625,0.002750708663230892,0.150390625,1.5B,16384
4,7,longdoc_16384,longdoc,16384,9.704060527839234,24.14934693366917,22.92280307805301,1.165686471156079,25.985564919739538,7.012678707655914,0.8041766385930279,9.426826507278939,0.06200001905508851,-82.45453471690416,33.96390387986321,1.463050345398947e-08,0.9999999999989981,0.0392156862745098,0.4951495017830771,0.7409925295905372,0.9996073130405965,0.9842308556087785,0.9925407942936746,0.9945330003869015,0.18678941673024863,0.06481965083692032,0.8372581646923658,0.15670259518501828,0.009198422524801573,0.0061545091665955315,0.0028028017042689654,0.0011836333624951811,0.0006123238076104325,0.00020950823852788463,0.003336552876618717,0.1015625,0.002101421153497885,0.150390625,1.5B,16384
4,8,longdoc_16384,longdoc,16384,9.704060527839234,21.21136192622498,22.92280307805301,1.165686471156079,25.985564919739538,7.012678707655914,0.8041766385930279,9.426826507278939,0.06200001905508851,-69.12145556416363,18.417465209029615,2.094483897413775e-07,0.9999999899657604,0.0392156862745098,0.4921149377763154,0.8263041725267595,0.9979109213810633,0.9378079232351005,0.9539639768863266,0.9657828025772739,0.1430936926100035,0.04758052558803971,0.8978279408481791,0.07476327632119428,0.07878685191798346,0.05293481305121892,0.02625185091791405,0.012438784466685884,0.007236234665348099,0.0029027035233970145,0.018942976338145227,0.1015625,0.012108975832893687,0.150390625,1.5B,16384
4,9,longdoc_16384,longdoc,16384,9.704060527839234,22.818153370948764,22.92280307805301,1.165686471156079,25.985564919739538,7.012678707655914,0.8041766385930279,9.426826507278939,0.06200001905508851,-55.62541520781815,41.4178714226,1.4630451835601537e-08,0.9999999999989999,0.0392156862745098,0.5032207841782705,1.7287309789093965,0.9985478535108926,0.9133626058791647,0.9618868722509676,0.9769499312430825,0.08909215787160196,0.3359186434141339,0.6125084948901627,0.36727666010134286,0.014650460810490791,0.009911139796899676,0.005062518635348325,0.002392555644749802,0.001366020683172254,0.0005382891715757553,0.005307082739210163,0.1015625,0.0034512246909304905,0.150390625,1.5B,16384
4,10,longdoc_16384,longdoc,16384,9.704060527839234,21.455208923746795,22.92280307805301,1.165686471156079,25.985564919739538,7.012678707655914,0.8041766385930279,9.426826507278939,0.06200001905508851,-75.33919646963477,1.6165233617648482,0.7318426302293748,0.7843826041961592,0.0,0.5236519841244405,5.53040859661636,0.9749251191968413,0.225588561849718,0.3389980109175652,0.4830164745857253,0.053801505795369006,0.04878556720723898,0.03442462078308972,0.0003654035127607027,0.10880723070958882,0.08050368157753551,0.04494241855507271,0.023751108404928882,0.01502714192736113,0.0071006603362619835,0.034967179238850454,0.101806640625,0.02153408732166492,0.150634765625,1.5B,16384
4,11,longdoc_16384,longdoc,16384,9.704060527839234,22.39705213436055,22.92280307805301,1.165686471156079,25.985564919739538,7.012678707655914,0.8041766385930279,9.426826507278939,0.06200001905508851,-70.56994848954491,12.733574586221948,4.053392963805922e-05,0.9999970496186277,0.0392156862745098,0.48515164138857264,1.6998104288042168,0.996006732345752,0.9156024096128794,0.9302525426806222,0.9436950992161597,0.3215228130544263,0.021962197899054736,0.6503566878772549,0.2790354506224534,0.046577820224707966,0.03220911472644484,0.016826015047818717,0.008266258664698807,0.004836401890456136,0.0020218846374443237,0.02026323317870975,0.1015625,0.012359770261126363,0.150390625,1.5B,16384
5,0,longdoc_16384,longdoc,16384,9.704060527839234,25.333155234290132,21.23112601168438,1.5183315066681313,25.41723054406291,6.450688148632439,1.0944355300577335,12.009339778586725,0.07503516128090008,-47.688350829761475,5.379727351479232,0.029280408667880176,0.9954120638298692,0.0392156862745098,0.3546922826611967,3.458368708158596,0.9690481315330298,0.6466106344501301,0.6878809955622859,0.7374022821707718,0.26310426751865945,0.02377305634311533,0.5738772040265749,0.19945877452395339,0.36389351881816284,0.265703989701267,0.15640482497557784,0.0885591166393385,0.05739342214049055,0.027788892164648585,0.14290519331388887,0.1015625,0.10050308098386872,0.150390625,1.5B,16384
5,1,longdoc_16384,longdoc,16384,9.704060527839234,25.83665779523911,21.23112601168438,1.5183315066681313,25.41723054406291,6.450688148632439,1.0944355300577335,12.009339778586725,0.07503516128090008,-93.85498420894146,27.865334041416645,1.4653224095029155e-08,0.9999999999981666,0.0392156862745098,0.27444039090904854,0.9923995014312966,0.9985909012090669,0.9789517100141459,0.9813568320578191,0.9840900526692327,0.09284900150731712,0.06980466417495546,0.4075498260382346,0.5717344660912373,0.009423095266407078,0.006630071363256791,0.003520464527942221,0.0017839583144552509,0.0010606183457954907,0.000429663301668261,0.007703682401736212,0.1015625,0.006116257960983722,0.150390625,1.5B,16384
5,2,longdoc_16384,longdoc,16384,9.704060527839234,27.15322528974085,21.23112601168438,1.5183315066681313,25.41723054406291,6.450688148632439,1.0944355300577335,12.009339778586725,0.07503516128090008,-44.84277670271695,5.462483866140246,0.02731400666975362,0.9957748933794016,0.0392156862745098,0.3532788332443848,4.079402960529194,0.9766249248875545,0.5604381001253665,0.6423111789616911,0.7264188361730776,0.20875868278750698,0.053642928277847,0.3904756906075531,0.3311553139922707,0.1677166597277008,0.11224617292209026,0.05861605119915954,0.031135201052001685,0.01943414636692667,0.008968607304064137,0.07456479644624557,0.1015625,0.05275633547977944,0.150390625,1.5B,16384
5,3,longdoc_16384,longdoc,16384,9.704060527839234,20.63721281462448,21.23112601168438,1.5183315066681313,25.41723054406291,6.450688148632439,1.0944355300577335,12.009339778586725,0.07503516128090008,-75.55465341638774,0.44888801220804453,0.6706201303938202,0.6102380298611353,0.0392156862745098,0.32420737885257134,2.400411650011539,0.9481134529139841,0.7821862172248736,0.7898840962041451,0.8001770113708074,0.02479265182886703,0.040263490243404476,0.7720488641492748,0.03395623173870409,0.38049969607822376,0.31703938633058276,0.22556056131013266,0.15467343939584477,0.11759141513452896,0.07520209479184041,0.18266492313790528,0.1015625,0.14337606356415966,0.150390625,1.5B,16384
5,4,longdoc_16384,longdoc,16384,9.704060527839234,16.64545383148079,21.23112601168438,1.5183315066681313,25.41723054406291,6.450688148632439,1.0944355300577335,12.009339778586725,0.07503516128090008,-56.98979018069804,8.54561729542911,0.0034182484191607803,0.9996679955070664,0.0392156862745098,0.3015540576036328,6.616748054439247,0.8943132254593045,0.24559636260677953,0.29678697033618295,0.3574404118746201,0.18823521168485424,0.0490997508894635,0.15382153354239048,0.05253511510894083,0.26984875623571697,0.21227173682239883,0.16124177529806774,0.1107950836663231,0.08166409164599864,0.04825398783846108,0.14499921824775538,0.1015625,0.11037276822321035,0.150390625,1.5B,16384
5,5,longdoc_16384,longdoc,16384,9.704060527839234,16.932773133295758,21.23112601168438,1.5183315066681313,25.41723054406291,6.450688148632439,1.0944355300577335,12.009339778586725,0.07503516128090008,-73.53494785353541,7.483594206976704,0.005255801265519777,0.9993956275691325,0.0392156862745098,0.22498994186940743,2.8478674737266116,0.9367396385261518,0.7360545183968088,0.750303939204189,0.7688771509599198,0.10842678228159564,0.0009669343156257781,0.7177649658877971,0.01905590233780716,0.46755565261949117,0.3878277540587016,0.28337483026881827,0.20600546506935608,0.16076237514366853,0.104086604086544,0.2625252000360908,0.1015625,0.22161275205317446,0.150390625,1.5B,16384
5,6,longdoc_16384,longdoc,16384,9.704060527839234,22.809465521347853,20.174635581019942,0.8726779381288126,21.76820203563846,8.233556683109704,0.49705183946711,10.233564755529514,0.022202550088792385,2.260979221202433,12.385290996171534,5.600854666524447e-05,0.9999958180632973,0.0392156862745098,0.6227420527668786,1.8810379479804025,0.9908153765928225,0.8783481146983058,0.9089371822743287,0.9293599864195774,0.02901941175205458,0.048441683167704586,0.10589984087156906,0.7463513485306325,0.02046913139094408,0.016407508425724675,0.011137332589199881,0.007245112581032621,0.00515324652942858,0.0028596984433288527,0.010371551217104957,0.1015625,0.007793710510461106,0.150390625,1.5B,16384
5,7,longdoc_16384,longdoc,16384,9.704060527839234,29.196165367900765,20.174635581019942,0.8726779381288126,21.76820203563846,8.233556683109704,0.49705183946711,10.233564755529514,0.022202550088792385,3.224478643387556,13.966628726571798,1.2882107900014254e-05,0.9999991402535628,0.0392156862745098,0.5060776161080965,1.7249052312773039,0.9989030364819165,0.9067238898104782,0.9527727975472903,0.9750821647816797,0.21422710994125005,0.17791095128376222,0.17949992952838578,0.7381830433083101,0.003058032500095272,0.0020519700060742012,0.0010165128538122332,0.0004926485934936484,0.0002823739566826548,0.0001155967990815397,0.0008794915874255062,0.1015625,0.0005914959101115359,0.150390625,1.5B,16384
5,8,longdoc_16384,longdoc,16384,9.704060527839234,29.275706558309388,20.174635581019942,0.8726779381288126,21.76820203563846,8.233556683109704,0.49705183946711,10.233564755529514,0.022202550088792385,6.613357983529568,44.287995198741555,1.4630451804784721e-08,0.9999999999989999,0.0392156862745098,0.4969549480197106,1.984207365476219,0.9979140973213536,0.911004141903882,0.954893895348085,0.969715313408325,0.09486598108965483,0.010452497456042709,0.49667974949327304,0.47526629777678114,0.018096103898565172,0.012214568995471492,0.00606490971143236,0.002715681482641429,0.001451274598683721,0.0005213837336656718,0.008813224219307364,0.1015625,0.005771396565650573,0.150390625,1.5B,16384
5,9,longdoc_16384,longdoc,16384,9.704060527839234,33.845190727303994,20.174635581019942,0.8726779381288126,21.76820203563846,8.233556683109704,0.49705183946711,10.233564755529514,0.022202550088792385,13.8719770796597,61.466277584433556,1.4630451803230878e-08,0.9999999999989999,0.0392156862745098,0.5875609906759856,0.9941780590626929,0.9996541881923502,0.9654729640372256,0.9852643505774322,0.994714431550856,0.05741505014614745,0.260452182344467,0.7756535782864185,0.21445412268770087,0.00955318802236661,0.005753420171438378,0.002275433406460692,0.0008061599432047562,0.0003712597049785698,0.00010993779612233532,0.013608981000823606,0.1015625,0.007904572473938346,0.150390625,1.5B,16384
5,10,longdoc_16384,longdoc,16384,9.704060527839234,33.736781180696596,20.174635581019942,0.8726779381288126,21.76820203563846,8.233556683109704,0.49705183946711,10.233564755529514,0.022202550088792385,6.586008362472057,12.714699823409319,4.124914712660602e-05,0.9999969934054462,0.0392156862745098,0.5393814740493688,1.5108939651302935,0.9995667372176775,0.9510898141555766,0.9728522453076794,0.9881058996520321,0.06981751896375155,0.012094628236080318,0.5263254226547077,0.18466685464280327,0.0021748385493284396,0.0012926402211328343,0.0005330724592146909,0.00020419942223106032,9.675180669679611e-05,2.847972017003386e-05,0.0022351912412870733,0.1015625,0.001304609499483016,0.150390625,1.5B,16384
5,11,longdoc_16384,longdoc,16384,9.704060527839234,33.77687053540841,20.174635581019942,0.8726779381288126,21.76820203563846,8.233556683109704,0.49705183946711,10.233564755529514,0.022202550088792385,-30.45608165487647,5.3135876804590225,0.058733805249263665,0.9911969759028114,0.0392156862745098,0.5407881625134209,1.4222384265428696,0.9997730511487312,0.9941708069877806,0.9974384425486258,0.9985897116030436,0.12425959363621297,0.06589575470981257,0.0832863457707416,0.0025155655793508394,0.00017464055689613023,8.103063153247147e-05,2.771499220372854e-05,1.1194184435257455e-05,6.095347409516827e-06,2.369345457712677e-06,5.6109796165730194e-05,0.1015625,1.3390104519227061e-05,0.150390625,1.5B,16384
6,0,longdoc_16384,longdoc,16384,9.704060527839234,24.38544328914353,22.881139824824327,1.6389625410165314,26.48174030735971,6.101460837357615,0.7396738446742082,9.313836162673136,0.025919254123225727,-29.922509467229247,7.934006730094552,0.0032004510430775793,0.9996417788441014,0.0392156862745098,0.45183098767288593,4.268029911598944,0.9845484150557092,0.5094006759399741,0.6064562390247473,0.6964349704601358,0.09336826121768382,0.052667713423577345,0.31929658375172904,0.3568786451049689,0.0834326300199141,0.04814726483601404,0.02057280684151537,0.008540552523783225,0.004335998664655532,0.0015160903253395796,0.01696673036376899,0.1015625,0.010187795671033876,0.150390625,1.5B,16384
6,1,longdoc_16384,longdoc,16384,9.704060527839234,26.032716813955382,22.881139824824327,1.6389625410165314,26.48174030735971,6.101460837357615,0.7396738446742082,9.313836162673136,0.025919254123225727,-78.85425725206733,1.1340029621496797,0.61994729156217,0.7478203334098313,0.0,0.17202772452993678,2.7026252653843112,0.9966341943366368,0.7856592939710249,0.8232430698079922,0.8637067856668003,0.3996840435191146,0.04566876561300992,0.06327195908279268,0.0002622015042164913,0.014751556073212746,0.006059966957783205,0.0032999459060698466,0.002111713818220277,0.0014967111618375863,0.0007305749893229222,0.07906286978569921,0.101806640625,0.055416844016274676,0.150634765625,1.5B,16384
6,2,longdoc_16384,longdoc,16384,9.704060527839234,25.674366560463103,22.881139824824327,1.6389625410165314,26.48174030735971,6.101460837357615,0.7396738446742082,9.313836162673136,0.025919254123225727,-12.152746584266424,14.313431099057198,9.32246835970628e-06,0.9999993921881996,0.0392156862745098,0.4508264003755553,3.4918917797045976,0.9966662921550429,0.6408246493407128,0.7705845873407154,0.8545214448259298,0.020514262016253004,0.18899033569619972,0.14741562282967763,0.6958387461696336,0.010736833320029716,0.0066533194442252395,0.003136106568605807,0.0010932757930854529,0.0004373944128591317,9.737931137146796e-05,0.003496742864535655,0.1015625,0.001757626784430828,0.150390625,1.5B,16384
6,3,longdoc_16384,longdoc,16384,9.704060527839234,24.709336071241847,22.881139824824327,1.6389625410165314,26.48174030735971,6.101460837357615,0.7396738446742082,9.313836162673136,0.025919254123225727,-53.30454598739743,0.018618812784552574,1.0840495168981452,0.45828319741968915,0.0392156862745098,0.5327406777863486,3.647744234616145,0.9833240038038877,0.5878961809135852,0.6190348492729246,0.6618962027862185,0.009359466355117085,0.030343370704327022,0.5455702238734836,0.04027833775506154,0.44369628327868793,0.27544507450210093,0.08459250458842674,0.016753192377638355,0.005794349389047513,0.0015029684965679009,0.0591742356936831,0.1015625,0.025189102642262984,0.150390625,1.5B,16384
6,4,longdoc_16384,longdoc,16384,9.704060527839234,23.19412167358498,22.881139824824327,1.6389625410165314,26.48174030735971,6.101460837357615,0.7396738446742082,9.313836162673136,0.025919254123225727,-36.95482866372913,25.587756202556193,1.4832771463670019e-08,0.9999999999912739,0.0392156862745098,0.5283800025020121,1.9194959313855413,0.9965058410347799,0.8943788416641643,0.9166432594520352,0.9357005442863735,0.027917903866222282,0.06977874386312122,0.43312492872613606,0.5077439117747247,0.032757419687363364,0.020591078534719257,0.008539296507323463,0.003195421111655039,0.0014797977458784499,0.0004399556413664836,0.011424994389846541,0.1015625,0.006290442382500829,0.150390625,1.5B,16384
6,5,longdoc_16384,longdoc,16384,9.704060527839234,28.025182432251704,22.881139824824327,1.6389625410165314,26.48174030735971,6.101460837357615,0.7396738446742082,9.313836162673136,0.025919254123225727,-26.131679762154818,38.24665983207524,1.4630452456473183e-08,0.9999999999989999,0.0392156862745098,0.4901846204499511,2.3153421471831184,0.9991323377870034,0.8610714436331759,0.9664969690017116,0.9830280464244153,0.144278703939448,0.2399261613574799,0.36499809262328486,0.6217304113453151,0.004495153763894278,0.0023781963750025732,0.0007396982778402324,0.0001952180218316559,7.314062690926439e-05,1.4593254698384759e-05,0.0019571873396635043,0.1015625,0.0006719987292164896,0.150390625,1.5B,16384
6,6,longdoc_16384,longdoc,16384,9.704060527839234,29.927787095100438,23.069676770005973,1.9574317295342432,26.11222531588256,7.90953366669011,0.6832525456698865,9.798844275101022,0.020723595125332565,-53.55000906670466,5.852688447572291,0.019630185817102422,0.9971360392381812,0.0392156862745098,0.29303006273697796,1.007768258586195,0.999618264966786,0.9367322713803187,0.959624869747585,0.9782665737399043,0.10638564201834955,0.03954424900521003,0.08359024776071275,0.05371553248339772,0.000857017498797233,0.00025284864719854325,4.375404288622859e-05,9.912392169989036e-06,3.6893052396936137e-06,7.900176891669056e-07,0.00014282487676222145,0.1015625,9.171944843762629e-05,0.150390625,1.5B,16384
6,7,longdoc_16384,longdoc,16384,9.704060527839234,27.87997880149698,23.069676770005973,1.9574317295342432,26.11222531588256,7.90953366669011,0.6832525456698865,9.798844275101022,0.020723595125332565,-83.52314627915621,3.59654975309968,0.22982605425362976,0.9511324336214135,0.0,0.3334311412027576,2.9699359497053543,0.9985060314844273,0.7547655078299664,0.9074968490962214,0.9518323413030909,0.15638499631585356,0.012621969604648564,0.056801733728057024,0.0002549700212864234,0.004561688785371068,0.0025437132665120745,0.0006990459207069815,0.00018444118498772512,6.552173193207033e-05,1.1891135387535906e-05,0.0015405351393508518,0.101806640625,0.0006029003851191229,0.150634765625,1.5B,16384
6,8,longdoc_16384,longdoc,16384,9.704060527839234,24.122010147355127,23.069676770005973,1.9574317295342432,26.11222531588256,7.90953366669011,0.6832525456698865,9.798844275101022,0.020723595125332565,-80.60406838357449,45.41758626000956,1.4630451803860858e-08,0.9999999999989999,0.0392156862745098,0.3787512507952528,1.739449884826285,0.9987037616431587,0.9537502317567761,0.9714600018052472,0.9814357914167012,0.062404130655064005,0.11236520507740799,0.4682247907183845,0.500839972623792,0.009424458895835656,0.006281612991648391,0.0026726528126665085,0.001159224994108555,0.0006371710613538593,0.00023467906484075365,0.011726310557060256,0.1015625,0.008806277952815697,0.150390625,1.5B,16384
6,9,longdoc_16384,longdoc,16384,9.704060527839234,22.978599612467164,23.069676770005973,1.9574317295342432,26.11222531588256,7.90953366669011,0.6832525456698865,9.798844275101022,0.020723595125332565,-96.94781622849405,9.076884051784873,0.0016583259485672861,0.9998425332282913,0.0,0.4738293125413789,4.3807162808416695,0.993788215849237,0.3562396574363823,0.4686363054669597,0.6018950956551238,0.07486457246279443,0.03870535813244913,0.01878614913508741,8.019372778843785e-06,0.029275525537021358,0.01686123941566934,0.00430212977042946,0.0012013000523040723,0.0006939875718969791,0.0003125251141060668,0.15580999681243457,0.101806640625,0.11571679421198858,0.150634765625,1.5B,16384
6,10,longdoc_16384,longdoc,16384,9.704060527839234,20.521178697368196,23.069676770005973,1.9574317295342432,26.11222531588256,7.90953366669011,0.6832525456698865,9.798844275101022,0.020723595125332565,-55.8461401918903,23.3834357438609,1.6330567346378573e-08,0.9999999999290607,0.0392156862745098,0.330188732130367,2.521645951212555,0.9936222949060284,0.8264149118804021,0.8626339569930862,0.8917586846376522,0.31183828386181345,0.07247890278639613,0.5278238411012072,0.3627913497836927,0.06083084553111803,0.04116946268012055,0.020976812707667263,0.010118096241232194,0.005755940478792434,0.0023179135343731443,0.04658140716230043,0.1015625,0.02954897571149669,0.150390625,1.5B,16384
6,11,longdoc_16384,longdoc,16384,9.704060527839234,21.673740349315384,23.069676770005973,1.9574317295342432,26.11222531588256,7.90953366669011,0.6832525456698865,9.798844275101022,0.020723595125332565,-68.09009883226827,28.524301174562424,1.4641687205832716e-08,0.9999999999985907,0.0392156862745098,0.36705326180961917,1.8026222567527341,0.9968684632891549,0.9031070895932025,0.9368570942463543,0.9507381511757835,0.372710629454597,0.08405375501321544,0.6590397823019745,0.28512070969623027,0.05447594365636546,0.03527671003389584,0.0162790193682037,0.007843972828208406,0.004680730845420397,0.0019655025895180672,0.06225872104168776,0.1015625,0.04821080673996452,0.150390625,1.5B,16384
7,0,longdoc_16384,longdoc,16384,9.704060527839234,17.7468776714466,23.188783076305597,1.8149479500088925,27.176969317168663,5.9450005839816615,0.7196239998280215,11.490102878397165,0.047662438899400465,-43.4773397706449,7.574897576123476,0.005148803764855785,0.9994219329657675,0.0392156862745098,0.2351670637736738,6.757399010882173,0.8003414024595271,0.29970170037598975,0.30919006816011296,0.32602750266800723,0.025054573418937576,0.0033046922448907168,0.28413328381090436,0.04213008770509034,0.9399317129468421,0.7418966254623564,0.5059912969270275,0.3779634575037977,0.2811215306385946,0.1693440591055059,0.5959075986197947,0.1015625,0.4855231900139452,0.150390625,1.5B,16384
7,1,longdoc_16384,longdoc,16384,9.704060527839234,21.736228349648453,23.188783076305597,1.8149479500088925,27.176969317168663,5.9450005839816615,0.7196239998280215,11.490102878397165,0.047662438899400465,-24.53076633438468,19.109940957278013,1.1622167307857999e-07,0.9999999949543459,0.0392156862745098,0.25468105572610367,3.770149150235477,0.9705374523278103,0.6830728237215006,0.7140636046090135,0.7522118528052844,0.3147868879203476,0.023115354772102803,0.4151924864416832,0.3259352414574759,0.23310977839627256,0.16221648760909016,0.09416007049522966,0.05426143685217056,0.0356863344429972,0.01800668887163263,0.08602094548239432,0.1015625,0.06269068283602762,0.150390625,1.5B,16384
7,2,longdoc_16384,longdoc,16384,9.704060527839234,20.595812277868657,23.188783076305597,1.8149479500088925,27.176969317168663,5.9450005839816615,0.7196239998280215,11.490102878397165,0.047662438899400465,-32.509174540638924,8.228018634021282,0.0024926758260089762,0.9997309642732485,0.0392156862745098,0.10806773238831961,5.157921639936566,0.9647411207201755,0.39271307017457263,0.47839191447604557,0.5616949161625722,0.01364626446400874,0.012120253519975144,0.2457672468503305,0.3498319797403425,0.16037805551145565,0.09302529740047154,0.04866842492716591,0.027836083785741195,0.018233720180804124,0.009545935162923758,0.04494431050246217,0.1015625,0.03464966127466866,0.150390625,1.5B,16384
7,3,longdoc_16384,longdoc,16384,9.704060527839234,20.111787911814712,23.188783076305597,1.8149479500088925,27.176969317168663,5.9450005839816615,0.7196239998280215,11.490102878397165,0.047662438899400465,-60.804876048117876,17.285285484045744,5.938783731824827e-07,0.9999999684271851,0.0392156862745098,0.1814717108014811,2.111202596753821,0.9823753057047887,0.8629573521453464,0.869402037508207,0.8777344834028488,0.12220668386552003,0.08308374529473728,0.31823022225918296,0.5499364814169319,0.09996511957286285,0.07564478170721091,0.044124496327722515,0.02435520564165961,0.015320453246864913,0.007157754741732085,0.08896444491273214,0.1015625,0.07424625989409193,0.150390625,1.5B,16384
7,4,longdoc_16384,longdoc,16384,9.704060527839234,18.963943467933877,23.188783076305597,1.8149479500088925,27.176969317168663,5.9450005839816615,0.7196239998280215,11.490102878397165,0.047662438899400465,-28.98626533150673,1.3461755020543933,1.28399826933951,0.6368432616167805,0.0392156862745098,0.273826627655248,7.157497061051882,0.8892042738916103,0.1476429768960598,0.18763890296378122,0.24534972451216122,0.048511106929736064,0.0011122342587782386,0.0851956120129869,0.053693998622099684,0.23148705178435466,0.15433487020800282,0.09087290296396704,0.05410122458074653,0.03902074414620994,0.02538430139586851,0.07301918346155106,0.1015625,0.05132977187124399,0.150390625,1.5B,16384
7,5,longdoc_16384,longdoc,16384,9.704060527839234,18.48020547515203,23.188783076305597,1.8149479500088925,27.176969317168663,5.9450005839816615,0.7196239998280215,11.490102878397165,0.047662438899400465,-29.04804310388863,18.966385131701827,1.3085393050405305e-07,0.99999999418334,0.0392156862745098,0.22042575507733914,3.1280781182287747,0.9705232176277115,0.7386650103675032,0.7613080330148396,0.7876408559171086,0.0774858482907248,0.021842730681316258,0.17716554540567653,0.6094275951202432,0.13210722019358223,0.09595022276882356,0.05572735203271799,0.030182552217405113,0.019104435038310465,0.009385572661332626,0.11214494253213853,0.1015625,0.08922745460995433,0.150390625,1.5B,16384
7,6,longdoc_16384,longdoc,16384,9.704060527839234,11.676812516764105,46.740604052998535,0.717686932339161,51.35929575203838,6.174407162779609,0.6642768341585963,8.263202837842472,0.049483756729448554,155.67725150473416,3.166873919777572,0.18923158919860908,0.9566897846916665,0.0392156862745098,0.3113027914207256,5.78659663487099,0.9675854780285342,0.16872945501517211,0.2789188219469772,0.42755429253228144,0.05294244238723955,0.0509932612790891,0.002211351345044856,0.4326352512792093,0.03856830917848443,0.018959638174241025,0.008972329649554743,0.00822411889846098,0.007026810123276897,0.004569041868816141,0.015137473083346547,0.1015625,0.012573288350580577,0.150390625,1.5B,16384
7,7,longdoc_16384,longdoc,16384,9.704060527839234,17.126475231034277,46.740604052998535,0.717686932339161,51.35929575203838,6.174407162779609,0.6642768341585963,8.263202837842472,0.049483756729448554,199.6494942009449,60.09364382456988,1.463045180323088e-08,0.9999999999989999,0.0392156862745098,0.31056843966997494,2.35100646246374,0.9992654738995754,0.8863593863854324,0.9832964772391057,0.9939602620950407,0.20324954177810284,0.17292072227322208,4.210156050831826e-06,0.9915678635132101,0.0012913268906733612,0.0007692876629155245,0.0003338399225386292,0.0001409491198080202,7.008930483632017e-05,2.1415743547193184e-05,0.00060602630414951,0.1015625,0.0004009367257967593,0.150390625,1.5B,16384
7,8,longdoc_16384,longdoc,16384,9.704060527839234,21.562461287698685,46.740604052998535,0.717686932339161,51.35929575203838,6.174407162779609,0.6642768341585963,8.263202837842472,0.049483756729448554,156.52365649212152,42.726673177909106,1.4630451810805223e-08,0.9999999999989999,0.0392156862745098,0.2477319327572979,1.6774935303875136,0.999190138405207,0.978061183886668,0.9839418956802929,0.9870066385146512,1.3666042926343707,0.10132304686891658,0.0002575929155314607,0.9824068978112557,0.003931323142199837,0.0023733334353576384,0.0009512963021436475,0.00035759005507484326,0.00017396827919569313,5.312761736020585e-05,0.004092276266558527,0.1015625,0.002984321436901723,0.150390625,1.5B,16384
7,9,longdoc_16384,longdoc,16384,9.704060527839234,12.123487630304872,46.740604052998535,0.717686932339161,51.35929575203838,6.174407162779609,0.6642768341585963,8.263202837842472,0.049483756729448554,142.60716059041442,34.71389881061623,1.4630474821873665e-08,0.999999999998999,0.0392156862745098,0.2883605824100063,3.4274698131874017,0.9957233399197015,0.639216643930858,0.810332103666923,0.9257183657448443,0.15672861693758477,0.11627384585639255,1.4629129475036134e-05,0.9631571554048215,0.007106989602730767,0.005080539569604765,0.0025347272162718863,0.0013374148093204226,0.0008100761226434044,0.0003325009396824061,0.001966738909660498,0.1015625,0.001316469642967145,0.150390625,1.5B,16384
7,10,longdoc_16384,longdoc,16384,9.704060527839234,15.820869747873475,46.740604052998535,0.717686932339161,51.35929575203838,6.174407162779609,0.6642768341585963,8.263202837842472,0.049483756729448554,184.00373980076984,39.1298243526835,1.463045207332862e-08,0.9999999999989999,0.0392156862745098,0.31234918765571623,2.4051952368089213,0.9977832246306496,0.8566090044786567,0.9426512954775818,0.970566016273864,0.12872502062580438,0.022072462615838617,0.0009326860953098545,0.975186766112484,0.007156493351600517,0.004787996628126069,0.0025528158759724534,0.0012499100804180274,0.0007568387696019186,0.00032559793270775224,0.003676478627086764,0.1015625,0.0024858803600550064,0.150390625,1.5B,16384
7,11,longdoc_16384,longdoc,16384,9.704060527839234,11.941537782083804,46.740604052998535,0.717686932339161,51.35929575203838,6.174407162779609,0.6642768341585963,8.263202837842472,0.049483756729448554,143.852336429758,6.1843452856410295,0.014781996547072643,0.9979427821090164,0.0392156862745098,0.2866492781107719,5.000432553325854,0.9788341452129901,0.2919383668859768,0.4461357254729596,0.6326634934535433,0.11244604404994085,0.005174790060166856,0.0015690463310895223,0.7452169269741842,0.017737349390111935,0.014650794064155993,0.008541832526070572,0.006524223760079564,0.005116322482696648,0.002943952416546085,0.01037717991468297,0.1015625,0.008338234118043892,0.150390625,1.5B,16384
8,0,longdoc_16384,longdoc,16384,9.704060527839234,21.163800638915696,32.731593368910836,2.871977725278843,40.07868417569147,10.723373044502225,1.2347767811806203,14.692996037706804,0.02212862040880819,-20.845384649932384,1.1077478602528572,0.5694379458072186,0.7507590850345086,0.0392156862745098,0.6610657369063083,3.607962516243112,0.9944449163376262,0.5724702503948528,0.6616633900038754,0.7730719784508073,0.006616549454028231,0.11949659935942125,0.3487122744663291,0.4351971654713641,0.020579097117661857,0.011461485829522148,0.005443787625111855,0.0024470959588666157,0.0013463455261217704,0.0004939851864031405,0.004537761672678257,0.1015625,0.002688948823219994,0.150390625,1.5B,16384
8,1,longdoc_16384,longdoc,16384,9.704060527839234,17.640945803324456,32.731593368910836,2.871977725278843,40.07868417569147,10.723373044502225,1.2347767811806203,14.692996037706804,0.02212862040880819,6.929941967129707,3.4176873564720154,0.14191016481456628,0.9681432374212927,0.0392156862745098,0.6470138219697931,5.923593424717402,0.9611561249097008,0.2369225106951768,0.33422264730142276,0.43701594909574626,0.005267133805254787,0.01968451700961893,0.014291691661956563,0.25933524188654855,0.048131712269999925,0.032044642405527644,0.01943335813385888,0.010508181280223388,0.006618105151476254,0.002999453885605569,0.008688358673968371,0.1015625,0.006957974508870981,0.150390625,1.5B,16384
8,2,longdoc_16384,longdoc,16384,9.704060527839234,18.16732684592422,32.731593368910836,2.871977725278843,40.07868417569147,10.723373044502225,1.2347767811806203,14.692996037706804,0.02212862040880819,-42.40668751299381,1.1774983555078506,0.8756902611003571,0.6668171702760707,0.0392156862745098,0.6627790122700751,5.115777333035986,0.9506627797430556,0.4188336156478056,0.4537675146316582,0.5062143224585647,0.05741977059318071,0.038953718974011675,0.36359889368994436,0.0729190723900282,0.4010478194831506,0.26410917179280535,0.13601404014069254,0.06736003492471415,0.041190971026943524,0.01861230393977688,0.113452239821329,0.1015625,0.07422769796779838,0.150390625,1.5B,16384
8,3,longdoc_16384,longdoc,16384,9.704060527839234,40.43454804545963,32.731593368910836,2.871977725278843,40.07868417569147,10.723373044502225,1.2347767811806203,14.692996037706804,0.02212862040880819,-152.2916543961037,5.423902873648331,0.028214392105724954,0.9956094438406905,0.0392156862745098,0.6411454538198176,2.700653006267382,0.9986268424817222,0.7428852793274542,0.818691240213286,0.8872927750685556,0.061771516995627884,0.11979083177723115,0.0007875783256793744,0.0008116418298649027,1.9156778380559745e-06,1.2624724718406905e-07,1.2952257830998124e-08,1.0298307834589894e-09,2.3759694292548585e-10,3.069221931291295e-11,0.014897088772016636,0.1015625,0.009897122162773228,0.150390625,1.5B,16384
8,4,longdoc_16384,longdoc,16384,9.704060527839234,29.299221654878142,32.731593368910836,2.871977725278843,40.07868417569147,10.723373044502225,1.2347767811806203,14.692996037706804,0.02212862040880819,-56.14577094838023,5.658636663109064,0.0231458228784444,0.9965248507945285,0.0392156862745098,0.6405013636530312,0.6314100927216783,0.9998876035426635,0.9918489731434376,0.997411371521021,0.9990076128566621,0.10792750017742339,0.02654147208755342,0.05508890055502116,0.07084302940044616,1.9728331314828337e-05,5.493960505312056e-06,1.0803588365846285e-06,2.4653226891688187e-07,8.506834706037772e-08,1.652060226627811e-08,4.44807169896564e-06,0.1015625,2.439271928371615e-06,0.150390625,1.5B,16384
8,5,longdoc_16384,longdoc,16384,9.704060527839234,22.897130667944747,32.731593368910836,2.871977725278843,40.07868417569147,10.723373044502225,1.2347767811806203,14.692996037706804,0.02212862040880819,-17.46051447838545,24.814924277365208,1.5058012554827484e-08,0.9999999999822884,0.0392156862745098,0.630567242134994,2.3383497691220136,0.9991501071195148,0.8030022121868567,0.8878708692725539,0.9481533582705749,0.10636153402100107,0.1295168861523408,0.506389980277448,0.4790123737761975,0.0010662556968194722,0.0005159525989630227,0.00019560464477602887,8.126837180583591e-05,4.301887237022354e-05,1.6669376592174504e-05,0.00013269576467634064,0.1015625,7.770681689969352e-05,0.150390625,1.5B,16384
8,6,longdoc_16384,longdoc,16384,9.704060527839234,25.65753170982345,24.009113122925676,1.4587605041753204,27.605355942256654,6.6392845020197555,0.5696724392108136,11.1260132752175,0.05514139472899476,-32.32655371725559,22.374804191291332,1.9118287478087337e-08,0.999999999806813,0.0392156862745098,0.5056838618452547,2.410587028859079,0.99528782232109,0.8536222812885707,0.9020342747233497,0.9401039705418456,0.011155838795636308,0.08769018510273563,0.4771772129764577,0.47798023012247004,0.0277083315537063,0.02155376640963722,0.014029455451017617,0.008693665501427297,0.005886620371309157,0.0029121190869623864,0.01513437262205485,0.1015625,0.011230842626885309,0.150390625,1.5B,16384
8,7,longdoc_16384,longdoc,16384,9.704060527839234,29.444008433034494,24.009113122925676,1.4587605041753204,27.605355942256654,6.6392845020197555,0.5696724392108136,11.1260132752175,0.05514139472899476,-38.859667740762234,9.873111132532358,0.0005633682019375274,0.9999482842854087,0.0392156862745098,0.6795163778740948,3.4553773851171288,0.993988518609709,0.6277073381802362,0.7166512266713091,0.8077560455736404,0.07652041150531019,0.07776664640057263,0.03770992156640769,0.005943161791717406,0.03420305767527135,0.019139159623435726,0.007963804781667317,0.00338180475046368,0.001735516052470712,0.0005047480126871994,0.016216229515852044,0.1015625,0.011630521503035753,0.150390625,1.5B,16384
8,8,longdoc_16384,longdoc,16384,9.704060527839234,21.981876188238957,24.009113122925676,1.4587605041753204,27.605355942256654,6.6392845020197555,0.5696724392108136,11.1260132752175,0.05514139472899476,-21.0981581248343,21.69426711834967,2.3218215083225827e-08,0.9999999996202853,0.0392156862745098,0.5475080330171043,3.158028090943387,0.993356529594839,0.6800991776575744,0.7851400654663079,0.8873688876448854,0.17944940081646288,0.015973360557689276,0.35632854840104067,0.5788636443240134,0.021395101632396305,0.01635138979278825,0.010748544595397506,0.006931367423843947,0.004884550684287218,0.0026297984799278015,0.009397317879000834,0.1015625,0.007100292349043355,0.150390625,1.5B,16384
8,9,longdoc_16384,longdoc,16384,9.704060527839234,20.732199598963508,24.009113122925676,1.4587605041753204,27.605355942256654,6.6392845020197555,0.5696724392108136,11.1260132752175,0.05514139472899476,-33.56237477064133,15.530628623440862,3.01835452071792e-06,0.999999818693706,0.0392156862745098,0.5953914954053942,2.744352866417693,0.9857357736135005,0.8065038640263268,0.8451926815223076,0.883982573657478,0.07664022972727058,0.0417070039998344,0.3082447848691241,0.5712211597850937,0.05170771845625096,0.038812913282976536,0.024478792862779784,0.015464070876747373,0.010914376619053864,0.006010067764601058,0.02756334698443283,0.1015625,0.02118847813043526,0.150390625,1.5B,16384
8,10,longdoc_16384,longdoc,16384,9.704060527839234,24.071791128312178,24.009113122925676,1.4587605041753204,27.605355942256654,6.6392845020197555,0.5696724392108136,11.1260132752175,0.05514139472899476,-49.344631001295056,23.12523781537311,1.6883499339305904e-08,0.9999999999056919,0.0392156862745098,0.5897197006433981,1.3643375900430503,0.9960687880235086,0.9179517958861064,0.9395715405515888,0.9517437468218585,0.2723493789370539,0.02502294747748568,0.7920853806210852,0.16168807705827448,0.0866274679723572,0.06065454318634212,0.03405818778403185,0.019304603324857113,0.012294396094459566,0.0056623456386439225,0.033858594434372634,0.1015625,0.025779782417574046,0.150390625,1.5B,16384
8,11,longdoc_16384,longdoc,16384,9.704060527839234,28.045433023835518,24.009113122925676,1.4587605041753204,27.605355942256654,6.6392845020197555,0.5696724392108136,11.1260132752175,0.05514139472899476,-48.10123246721923,33.13491065427661,1.4630564220598067e-08,0.9999999999989959,0.0392156862745098,0.5205415371065912,1.3039334454624119,0.9992588386614841,0.9676602365276892,0.9836429389573813,0.9897083660353032,0.7198534317058036,0.2637317339942209,0.6930979618404697,0.29982552564615894,0.009873570011824546,0.007154684137716519,0.004060424921021606,0.002166912467222869,0.0013076104097514529,0.0005460869317521028,0.0041012782019392785,0.1015625,0.0027512951667503422,0.150390625,1.5B,16384
9,0,longdoc_16384,longdoc,16384,9.704060527839234,23.821107436365693,23.895561989303978,1.6177490010608937,28.096306910439587,6.465083450356145,0.8240680189070811,11.273205853400048,0.06326002416691692,-42.76045898348093,20.768847103929147,3.542986075887107e-08,0.9999999990432524,0.0392156862745098,0.5125719771423578,2.62899662072721,0.9892502288390748,0.8423937846063694,0.8820077470362141,0.9075392416847303,0.4762732544862627,0.07789801812738117,0.2813364919975186,0.640199407267312,0.039322497447497426,0.030812577663901917,0.01971607606674158,0.011509694353379108,0.00758099387616571,0.0037124436194422763,0.015969032044917036,0.1015625,0.011473005864757652,0.150390625,1.5B,16384
9,1,longdoc_16384,longdoc,16384,9.704060527839234,26.551946329626624,23.895561989303978,1.6177490010608937,28.096306910439587,6.465083450356145,0.8240680189070811,11.273205853400048,0.06326002416691692,-54.38039415702224,15.39054286852479,3.407474986004612e-06,0.999999792998109,0.0392156862745098,0.6233596244495362,1.5720728843949368,0.9984638972564134,0.8761418922109748,0.9311925457803286,0.9670715457102929,0.11635325578734257,0.19982492989539713,0.7253668175228617,0.25358161850623395,0.02003314012735769,0.01387621068715535,0.007704421306814188,0.004051295556153051,0.0024027883882642214,0.0009702163941572474,0.007633553348097823,0.1015625,0.005326972142737935,0.150390625,1.5B,16384
9,2,longdoc_16384,longdoc,16384,9.704060527839234,29.26015411092572,23.895561989303978,1.6177490010608937,28.096306910439587,6.465083450356145,0.8240680189070811,11.273205853400048,0.06326002416691692,-49.03430685400963,22.83714333269745,1.750373355488712e-08,0.9999999998782205,0.0392156862745098,0.5954322705607723,2.24641222572029,0.9980149256927887,0.8706748457895419,0.9376415841741528,0.9664543060468884,0.016782200727461838,0.13437945235873983,0.38478380659837497,0.5828787063655222,0.011454806477357124,0.007961567839507468,0.0039681871866768855,0.0017506233364958698,0.0009188822529950966,0.000307573155337075,0.004596560603073856,0.1015625,0.002685469433416822,0.150390625,1.5B,16384
9,3,longdoc_16384,longdoc,16384,9.704060527839234,23.292075402162876,23.895561989303978,1.6177490010608937,28.096306910439587,6.465083450356145,0.8240680189070811,11.273205853400048,0.06326002416691692,-73.26240015681833,0.47690767236053944,0.7015627321348724,0.6128406054050186,0.0392156862745098,0.5485974918528788,1.9268589750752838,0.9885438834554162,0.82426205560227,0.8443119368199774,0.8706538161909539,0.4744870605096585,0.022554211631028664,0.7686650993333659,0.08098855324268574,0.17774276757680466,0.12228741678827335,0.07004031261861832,0.04035674677286617,0.027022124719067377,0.014160275425009368,0.07311301166102266,0.1015625,0.05546323998709643,0.150390625,1.5B,16384
9,4,longdoc_16384,longdoc,16384,9.704060527839234,27.809636859376806,23.895561989303978,1.6177490010608937,28.096306910439587,6.465083450356145,0.8240680189070811,11.273205853400048,0.06326002416691692,-46.61215740442276,25.268865396268666,1.501099396397873e-08,0.9999999999844376,0.0392156862745098,0.5929859096182118,2.3410209470477263,0.9984585779708749,0.8354069843937503,0.9216757948882526,0.9619319292828139,0.17007652649516292,0.3595645427152916,0.46954811316734696,0.49471879318201867,0.013120193424370208,0.008314467969753265,0.003967352569297704,0.001809393734023526,0.0009510682376633007,0.00029291127217833746,0.003588673740379795,0.1015625,0.002036754253682317,0.150390625,1.5B,16384
9,5,longdoc_16384,longdoc,16384,9.704060527839234,24.80259648678321,23.895561989303978,1.6177490010608937,28.096306910439587,6.465083450356145,0.8240680189070811,11.273205853400048,0.06326002416691692,-33.820769626647234,11.256390767171979,0.00015941659128185096,0.9999870193748397,0.0392156862745098,0.5504838981844079,3.519009372278811,0.9914141490961893,0.6850771858041497,0.7866468201341118,0.8614062444232085,0.0828152066494503,0.15486147203588185,0.1721404483618815,0.7015090358570444,0.027386376707946226,0.019629298247161784,0.010612643628061788,0.005640174700396286,0.003541147884043,0.0015306232318897878,0.01036039821041063,0.1015625,0.007071928625669067,0.150390625,1.5B,16384
9,6,longdoc_16384,longdoc,16384,9.704060527839234,16.308929662842715,24.125964670448255,1.4787316273423181,27.70435168094124,9.255015397600765,0.6892545468216743,11.734474625253641,0.02483905278360938,-51.34885803796351,3.6404109243303537,0.1426949259594364,0.9716690446054076,0.0392156862745098,0.4977362327322994,6.384239320678017,0.9393682146139559,0.2049932722885681,0.24900932937212256,0.31869519603027496,0.03374567505036907,0.0736815420352297,0.1461740931667245,0.05910586360512031,0.1751329841419973,0.09972991568955843,0.047580521085345724,0.026076276382992262,0.017511803755922595,0.008844047869858066,0.03562112835288551,0.1015625,0.02561761133834655,0.150390625,1.5B,16384
9,7,longdoc_16384,longdoc,16384,9.704060527839234,25.895108453544236,24.125964670448255,1.4787316273423181,27.70435168094124,9.255015397600765,0.6892545468216743,11.734474625253641,0.02483905278360938,-32.65770713053644,2.0200077639892697,0.3611435994021838,0.8828818119297074,0.0392156862745098,0.5085061213883187,2.7740573759640847,0.998092700510086,0.7285745299451702,0.8292259658862353,0.8985579202237394,0.0729852523902278,0.19639676977488274,0.06836312026483182,0.22759761927451155,0.006006999613025922,0.0018826764184916363,0.0005753032576762687,0.00021613481990967907,0.00011285734675786501,3.765834390128903e-05,0.0005185857722897961,0.1015625,0.00033465008870876926,0.150390625,1.5B,16384
9,8,longdoc_16384,longdoc,16384,9.704060527839234,18.68838945196963,24.125964670448255,1.4787316273423181,27.70435168094124,9.255015397600765,0.6892545468216743,11.734474625253641,0.02483905278360938,-55.78895445168018,3.4845315096899867,0.2895835990623815,0.9451580233098545,0.0,0.3929740881487492,5.059033760381424,0.9777160766482542,0.35600475920888314,0.5094197386625571,0.6491281921771797,0.08414810073360712,0.008105007556038962,0.018333012029685247,0.0016977291686633427,0.08119160322567788,0.05958850122220808,0.031678333143067776,0.01621639628633163,0.009834776199773701,0.004025189336111723,0.020235881536726872,0.1015625,0.015245538093920293,0.150390625,1.5B,16384
9,9,longdoc_16384,longdoc,16384,9.704060527839234,23.335488615517395,24.125964670448255,1.4787316273423181,27.70435168094124,9.255015397600765,0.6892545468216743,11.734474625253641,0.02483905278360938,-33.581111535429955,2.9229178726673126,0.20154454587054496,0.9489677276260421,0.0392156862745098,0.5434561463460081,3.531317134795798,0.997945860287597,0.5586053797215814,0.7387558554284004,0.8800040187496619,0.14901924448269577,0.003884506439855162,0.17817824401214516,0.748637561172105,0.0015250040824302657,0.0009700135595422197,0.00043400753500075125,0.0002034009114506309,0.00011677947139151834,4.675374037510395e-05,0.0003808828961144888,0.1015625,0.00024878245096050935,0.150390625,1.5B,16384
9,10,longdoc_16384,longdoc,16384,9.704060527839234,29.202582557869484,24.125964670448255,1.4787316273423181,27.70435168094124,9.255015397600765,0.6892545468216743,11.734474625253641,0.02483905278360938,-19.57363784033805,29.576173226349056,1.4634392129863462e-08,0.9999999999988569,0.0392156862745098,0.521409351760541,3.2827236714859267,0.9986699386196448,0.6180546300405294,0.8033463398410632,0.9384930507111986,0.1769217647492114,0.20617148795495366,0.1336281630812751,0.8400461153643188,0.0005079499707513104,0.0002494741309402027,8.808435445624263e-05,2.932041030390836e-05,1.363447841176656e-05,4.048145760928923e-06,0.00019660329384201726,0.1015625,8.545500781259195e-05,0.150390625,1.5B,16384
9,11,longdoc_16384,longdoc,16384,9.704060527839234,23.93626079389554,24.125964670448255,1.4787316273423181,27.70435168094124,9.255015397600765,0.6892545468216743,11.734474625253641,0.02483905278360938,-67.62400939315557,46.42569136992097,1.4630451803419053e-08,0.9999999999989999,0.0392156862745098,0.5603407590947401,1.5506490938781112,0.9989522446802455,0.947415218043795,0.9805434337910035,0.9858246867754797,0.19742974688503612,0.527608368853623,0.6361175255388426,0.34921680199473853,0.015098795404114303,0.009926151808139867,0.004635968791091272,0.0021317188846375094,0.0011805127400176293,0.0004540328711610599,0.008867204054245004,0.1015625,0.005044588496149363,0.150390625,1.5B,16384
10,0,longdoc_16384,longdoc,16384,9.704060527839234,20.889938538745472,24.176849384676455,1.768420538083089,29.17718751735647,9.812208939993875,1.0275142171661475,14.257233307910255,0.029359063014274166,-59.64473043056205,12.370899049099535,5.671938411232403e-05,0.9999957593844029,0.0392156862745098,0.43068584742969085,2.3297756484740506,0.9798992736337223,0.7766021623914572,0.8061213371960276,0.8369852364448283,0.0887098661992729,0.04794748766131196,0.7320078991925143,0.1206846489622743,0.30997681707009955,0.23287801097130018,0.13052654770445624,0.07144038359581718,0.046965168049727696,0.0243837585621285,0.20819628882848834,0.1015625,0.17217154115452588,0.150390625,1.5B,16384
10,1,longdoc_16384,longdoc,16384,9.704060527839234,27.93115020122953,24.176849384676455,1.768420538083089,29.17718751735647,9.812208939993875,1.0275142171661475,14.257233307910255,0.029359063014274166,-35.75695786252618,21.31100954208523,2.7018675522929466e-08,0.9999999994434203,0.0392156862745098,0.4401834355417752,2.899962996255921,0.9975283090889004,0.7237611712409447,0.8631384091450682,0.9147326889005822,0.04391992428089875,0.012118399058639984,0.3808836047660181,0.5182785412071783,0.010763118568811302,0.006095916974678878,0.002543262227186665,0.0010064935388769778,0.000522773030212658,0.0001765334880807539,0.004456717835217899,0.1015625,0.0029602995146209643,0.150390625,1.5B,16384
10,2,longdoc_16384,longdoc,16384,9.704060527839234,24.150022816277026,24.176849384676455,1.768420538083089,29.17718751735647,9.812208939993875,1.0275142171661475,14.257233307910255,0.029359063014274166,-33.12299986020662,14.68475324450992,6.5914302809609934e-06,0.9999995807029514,0.0392156862745098,0.4256440076355753,4.441800751493082,0.9796330614579151,0.48826435004518354,0.6019691593987839,0.7177385258264873,0.032957528983215356,0.0931212490752733,0.27630309853198054,0.4843616094596977,0.066252756443947,0.04755289904026019,0.024369800639003306,0.012000055002590554,0.006875877672105355,0.0029049635947644733,0.03588819795466098,0.1015625,0.022434452665195104,0.150390625,1.5B,16384
10,3,longdoc_16384,longdoc,16384,9.704060527839234,23.00560878730861,24.176849384676455,1.768420538083089,29.17718751735647,9.812208939993875,1.0275142171661475,14.257233307910255,0.029359063014274166,-69.84952866844833,2.8478268715552986,0.32251069763464324,0.9219808762001478,0.0392156862745098,0.3939626729333715,1.647593883503161,0.991183894563096,0.8585619182065806,0.8855612579211278,0.9076005834428506,0.003252935914919597,0.0785486179544197,0.7893748475890645,0.11385606209904678,0.13227841681106575,0.09748603335660533,0.0643157449981084,0.04124421682110764,0.028979034376789288,0.015886828410831423,0.06873506651156518,0.1015625,0.05506342396085915,0.150390625,1.5B,16384
10,4,longdoc_16384,longdoc,16384,9.704060527839234,23.382352422336005,24.176849384676455,1.768420538083089,29.17718751735647,9.812208939993875,1.0275142171661475,14.257233307910255,0.029359063014274166,-52.11745870113373,8.656415343284607,0.0018225728251283655,0.9998157084028896,0.0392156862745098,0.43424922730582455,5.928120770016774,0.9408681810346787,0.3073715712710191,0.3489196584256501,0.40860925625313954,0.10203355844111472,0.032339614037196984,0.23832117909035097,0.05012871926703507,0.23334874673671574,0.14785942869667854,0.06677315290792615,0.03369850293424522,0.021529261643519648,0.010523109876806484,0.14321480756293778,0.1015625,0.11437620387554184,0.150390625,1.5B,16384
10,5,longdoc_16384,longdoc,16384,9.704060527839234,24.29057842001356,24.176849384676455,1.768420538083089,29.17718751735647,9.812208939993875,1.0275142171661475,14.257233307910255,0.029359063014274166,-26.39655807800591,17.230652686674148,6.138929589961362e-07,0.9999999671272393,0.0392156862745098,0.4388238272939376,1.0336929928730814,0.995513841503295,0.9195049442058296,0.9391723647888197,0.9509110768675197,0.04778689763177335,0.6379834893063995,0.009686341925938324,0.9394954026356941,0.016410095064356128,0.012041946493567721,0.006801051781468867,0.003584302810710587,0.0021413675765224803,0.0008640801149719207,0.009947519126041374,0.1015625,0.007238525252066079,0.150390625,1.5B,16384
10,6,longdoc_16384,longdoc,16384,9.704060527839234,18.761580227549576,28.69757048651555,2.1044655985841247,33.97687951310872,6.766361131926768,1.0657829137636075,11.843035911054061,0.09297505840675781,-64.79448692686856,2.583183955401182,0.2543232330625179,0.9297645313078087,0.0392156862745098,0.4733364349575085,3.1744555081697614,0.9773151851848555,0.6944619440988831,0.7459261587872797,0.7813709230443213,0.0562426934079685,0.027628102135861532,0.5909178684273513,0.16069243811625628,0.2705186170394551,0.1950472597017483,0.10811900755842277,0.05681705467512992,0.0341887555036733,0.014808509102923063,0.1272659957112531,0.1015625,0.09183920984780178,0.150390625,1.5B,16384
10,7,longdoc_16384,longdoc,16384,9.704060527839234,18.9943251871983,28.69757048651555,2.1044655985841247,33.97687951310872,6.766361131926768,1.0657829137636075,11.843035911054061,0.09297505840675781,-43.41287584975362,4.430156033486128,0.06665976156023487,0.9879437995240657,0.0392156862745098,0.42419778332561087,6.011818341211352,0.9507048445001972,0.2598132202630188,0.3029913742135818,0.3692240630633847,0.06067228503961486,0.02519606038938882,0.20800549356710368,0.1452326888443296,0.35333647344487173,0.2110385840882682,0.08543858646929074,0.032891882503201415,0.017524142423160333,0.006888365794583089,0.06045571364731735,0.1015625,0.034811299508455844,0.150390625,1.5B,16384
10,8,longdoc_16384,longdoc,16384,9.704060527839234,20.156479714807148,28.69757048651555,2.1044655985841247,33.97687951310872,6.766361131926768,1.0657829137636075,11.843035911054061,0.09297505840675781,-38.14068867266178,21.841222333721817,2.217143780212885e-08,0.9999999996690698,0.0392156862745098,0.3624425267268042,3.4702478156195036,0.9802399426615023,0.6889202521354121,0.7448326499402026,0.796053618043856,0.05332054703358713,0.11316631130047927,0.24526113452721393,0.5624442417060307,0.10002483119787535,0.07315072258383215,0.04431242738060551,0.02568107054448507,0.016513365556280107,0.00750373185749116,0.04400917090750692,0.1015625,0.03058630867202561,0.150390625,1.5B,16384
10,9,longdoc_16384,longdoc,16384,9.704060527839234,17.20346749473244,28.69757048651555,2.1044655985841247,33.97687951310872,6.766361131926768,1.0657829137636075,11.843035911054061,0.09297505840675781,-36.65198656916618,10.2647500410676,0.0003924669241633237,0.999965161251966,0.0392156862745098,0.46121181110000586,5.345986092686941,0.9621187916316769,0.38422123920749085,0.4802223343187648,0.5699047168146789,0.06008640169846502,0.025038810497594266,0.16990518948104302,0.393822601629446,0.16444357836861034,0.11539927522741317,0.06256022275922815,0.03266232130511724,0.020909512602576532,0.00971333899897342,0.04193517418327996,0.1015625,0.026523111882123116,0.150390625,1.5B,16384
10,10,longdoc_16384,longdoc,16384,9.704060527839234,18.29380878561875,28.69757048651555,2.1044655985841247,33.97687951310872,6.766361131926768,1.0657829137636075,11.843035911054061,0.09297505840675781,-41.46665258833673,5.417705592350103,0.06426212357298795,0.9906623971605751,0.0392156862745098,0.34676641075479536,5.077577369039831,0.9725195986093488,0.41490328753279615,0.5273133226705079,0.6204281906818329,0.009726312524556052,0.042709129616877894,0.02531487406803397,0.045393747540811435,0.12913286046885883,0.08950314503383994,0.04805726506486557,0.026260177825547584,0.01631775452651964,0.007676426752843435,0.06141605172018081,0.1015625,0.03833042507061034,0.150390625,1.5B,16384
10,11,longdoc_16384,longdoc,16384,9.704060527839234,19.69547937300554,28.69757048651555,2.1044655985841247,33.97687951310872,6.766361131926768,1.0657829137636075,11.843035911054061,0.09297505840675781,-34.85355745628476,15.813642710447311,2.294367006695628e-06,0.9999998644101167,0.0392156862745098,0.47583274129237496,4.53747537243881,0.9749930006943679,0.5224887876667192,0.6039522908065216,0.6833584455854931,0.0394509464193189,0.025058619516394653,0.2393585836899996,0.4668536739088418,0.14378069418042372,0.0931159512353654,0.04650418768905991,0.023446561402511144,0.01451340906798092,0.006765786669021051,0.04156823808229924,0.1015625,0.025985571647645877,0.150390625,1.5B,16384
11,0,longdoc_16384,longdoc,16384,9.704060527839234,16.681748188307573,24.045258841956745,1.909416521533551,29.110234606518567,8.074018589414855,0.745256885715717,10.442803002833928,0.03646842431994697,-40.99094244092703,1.7321655675768852,0.506538178900059,0.8342869701335173,0.0392156862745098,0.5632184756401746,6.4658026048052015,0.911047725492177,0.2532361157427875,0.3282632333921207,0.40570055946698724,0.015159462766095366,0.0020459766141127655,0.10510896244586439,0.2272307608462362,0.22776414089239977,0.17617293666342265,0.11106175785636627,0.06846893355708822,0.04840992665682634,0.026397196792436833,0.0755860812185875,0.1015625,0.05648045431946867,0.150390625,1.5B,16384
11,1,longdoc_16384,longdoc,16384,9.704060527839234,22.391366748010327,24.045258841956745,1.909416521533551,29.110234606518567,8.074018589414855,0.745256885715717,10.442803002833928,0.03646842431994697,-24.519513113424182,36.68141037598252,1.4630454928250491e-08,0.9999999999989997,0.0392156862745098,0.5655631248896458,3.03966893127106,0.9980126704585845,0.7158328089730973,0.8841940142157334,0.95712317527079,0.13940671791240694,0.6506710130655509,0.19775203445140163,0.7816838645730473,0.0037490951551242234,0.0024364735890024373,0.0012007942176451862,0.0005851806453597543,0.0003382567494575229,0.00012449460750083144,0.0011302310512527644,0.1015625,0.0007653640172256134,0.150390625,1.5B,16384
11,2,longdoc_16384,longdoc,16384,9.704060527839234,27.145821559553173,24.045258841956745,1.909416521533551,29.110234606518567,8.074018589414855,0.745256885715717,10.442803002833928,0.03646842431994697,-14.46639029122889,60.46990727074444,1.463045180323088e-08,0.9999999999989999,0.0392156862745098,0.5401073629219665,2.346270787914846,0.9994612932560064,0.8748357480367623,0.988478699229496,0.9966815809311268,0.3669800805132528,0.27632975892055933,0.024385605344309662,0.9733099310737322,0.0003980015248932098,0.0002109204545031646,6.726073655836766e-05,2.173917148634906e-05,9.43438899194287e-06,2.299900694882063e-06,0.00010234836897385454,0.1015625,6.709246897512951e-05,0.150390625,1.5B,16384
11,3,longdoc_16384,longdoc,16384,9.704060527839234,17.665644141699183,24.045258841956745,1.909416521533551,29.110234606518567,8.074018589414855,0.745256885715717,10.442803002833928,0.03646842431994697,-46.87406745925546,2.4196600802242756,0.32826255266587356,0.9107560146349977,0.0392156862745098,0.5372374441189877,6.640796885326385,0.9114590579094568,0.2290950018683118,0.27632660654234364,0.3344231041846813,0.06377496743959288,0.014966135171976092,0.11699979863550487,0.12107162335951696,0.22097979194569428,0.16295523278948068,0.10002140778417351,0.062414973257344596,0.043652899771670604,0.023591969255197257,0.08103527664751158,0.1015625,0.05647684525488469,0.150390625,1.5B,16384
11,4,longdoc_16384,longdoc,16384,9.704060527839234,28.909984207272814,24.045258841956745,1.909416521533551,29.110234606518567,8.074018589414855,0.745256885715717,10.442803002833928,0.03646842431994697,-71.23325229808688,51.441439589019865,1.463045180323252e-08,0.9999999999989999,0.0392156862745098,0.5215093445033865,1.6269936101311688,0.9997064115680956,0.9816680327754213,0.9967756890129961,0.9978150839393395,0.4544243334865713,0.559154052168708,0.0684729882555433,0.9285184755989947,0.00047022833003956116,0.0002501784069932099,8.164219024321285e-05,2.700237042926344e-05,1.1186779152604189e-05,2.6458934702873536e-06,0.0003793011775046119,0.1015625,0.0002577767065542645,0.150390625,1.5B,16384
11,5,longdoc_16384,longdoc,16384,9.704060527839234,19.81722332281123,24.045258841956745,1.909416521533551,29.110234606518567,8.074018589414855,0.745256885715717,10.442803002833928,0.03646842431994697,-22.524344242177904,17.25456850323826,6.136070142341202e-07,0.9999999673146291,0.0392156862745098,0.5655279659963061,4.5911423406346525,0.981756656063676,0.41453008193769264,0.5617132209237863,0.7192655051935174,0.03234320705603255,0.007284956324562497,0.1507134750111137,0.5922643458747752,0.04072806980096657,0.029368886821165095,0.0168967934601919,0.009605455405157007,0.006236139972833931,0.002942016218068243,0.012610469751727745,0.1015625,0.008293662340293773,0.150390625,1.5B,16384
11,6,longdoc_16384,longdoc,16384,9.704060527839234,19.33294354041898,23.993904998726798,3.0402773698936447,31.923836840572665,7.3594913125668,0.7007220081382347,10.804125649165568,0.028710551462962385,-56.30785397528962,9.312621788165416,0.0009315059273139553,0.9999097002000367,0.0392156862745098,0.4299261513719772,5.028963496181026,0.9775122380433774,0.40107591726399683,0.474612995531667,0.5580519461856773,0.10917400902720154,0.13117984274389904,0.22118686095975765,0.05722458850768226,0.1880775304351188,0.10400673476545778,0.051800996215118786,0.02694584243521499,0.01592898355982981,0.007264424846552173,0.21881525378615288,0.1015625,0.13878270886244656,0.150390625,1.5B,16384
11,7,longdoc_16384,longdoc,16384,9.704060527839234,18.272494263623948,23.993904998726798,3.0402773698936447,31.923836840572665,7.3594913125668,0.7007220081382347,10.804125649165568,0.028710551462962385,-49.79149098228663,3.560046379454434,0.14013212062233543,0.9706422965195761,0.0392156862745098,0.37613344985340197,6.733202281765278,0.8889447971146562,0.23606135207530007,0.27612487872734676,0.3294890488554827,0.07510562082614047,0.002514565275856917,0.16771464636928513,0.07921922166620335,0.43150472895524333,0.3116452444782381,0.1783825890041297,0.10405406777404311,0.06893887310133448,0.03700569147331028,0.20005338324656954,0.1015625,0.14048687325919693,0.150390625,1.5B,16384
11,8,longdoc_16384,longdoc,16384,9.704060527839234,22.451206740210807,23.993904998726798,3.0402773698936447,31.923836840572665,7.3594913125668,0.7007220081382347,10.804125649165568,0.028710551462962385,-29.24136881530285,25.79575564712286,1.4795997861147439e-08,0.9999999999927136,0.0392156862745098,0.34044224497741926,1.9312647288195839,0.9858330538807694,0.8295836439886771,0.8539366861380743,0.8738688160050375,0.04775142052203929,0.003563705702414488,0.016987216113260394,0.8406601236838304,0.04568877149209528,0.035277759380910524,0.020642599085693124,0.01131659036743757,0.007054288053652985,0.0030187484829009336,0.029600239605619895,0.1015625,0.023824428043226233,0.150390625,1.5B,16384
11,9,longdoc_16384,longdoc,16384,9.704060527839234,23.013624169058144,23.993904998726798,3.0402773698936447,31.923836840572665,7.3594913125668,0.7007220081382347,10.804125649165568,0.028710551462962385,-65.78350663278252,1.9955128571018577,0.4212469804481177,0.8711957593742468,0.0392156862745098,0.3799716213206212,4.566348512714445,0.9525874518851426,0.5596044467245832,0.5981960408630249,0.6392406208481176,0.12564363292103797,0.017632176221380913,0.3655400035904272,0.0722353428595434,0.3487115252938549,0.2604315375790656,0.15403187660028367,0.08706604489801105,0.056841909656952266,0.027703632920910777,0.20752797252917743,0.1015625,0.1576847346807985,0.150390625,1.5B,16384
11,10,longdoc_16384,longdoc,16384,9.704060527839234,17.353814337482756,23.993904998726798,3.0402773698936447,31.923836840572665,7.3594913125668,0.7007220081382347,10.804125649165568,0.028710551462962385,-43.87627924233675,9.44790424220264,0.0009382107312680596,0.9999120826658852,0.0392156862745098,0.3321514607501843,6.524942000018508,0.9165953717018442,0.26851416393940647,0.3427224489076285,0.40053699547843125,0.015459316519826238,0.05027802925985814,0.08960982529978315,0.011980155918451267,0.35919165045521734,0.2608539010873337,0.14425454249015776,0.08469763385605356,0.05703805645472325,0.02784998814712834,0.268655423644424,0.1015625,0.19921125673053589,0.150390625,1.5B,16384
11,11,longdoc_16384,longdoc,16384,9.704060527839234,28.08364210763198,23.993904998726798,3.0402773698936447,31.923836840572665,7.3594913125668,0.7007220081382347,10.804125649165568,0.028710551462962385,-51.919648200273514,19.319737903773785,9.903627827048273e-08,0.9999999958602988,0.0392156862745098,0.40385079787216516,3.059970965059226,0.9836601367070121,0.7026524127599977,0.7724933890779866,0.8057611870318401,0.029299561854106315,0.2559127744648473,0.5769025634831199,0.22400355514137682,0.21134326976814713,0.14714570230655244,0.07773762695801688,0.03985391627510412,0.023613727894788925,0.009677694976900079,0.14477793414041262,0.1015625,0.11248792212274392,0.150390625,1.5B,16384
12,0,longdoc_16384,longdoc,16384,9.704060527839234,22.39248560583979,21.874543167206134,1.4287730559027125,25.62935088018632,10.527515554882878,0.7051889304934541,12.493345262586109,0.03127591921495135,-22.113644171506166,1.1105693988502026,0.7043974317500911,0.7224378169798024,0.0392156862745098,0.6304684405514863,3.4689983276285425,0.9891602012536409,0.6957414764181024,0.7393719226104082,0.7851822647194195,0.23256491923711264,0.05012162230503425,0.38229699037494447,0.3157705532350655,0.07007704237293702,0.04152072545069408,0.017359575189754967,0.007423560642523031,0.0039548185605810665,0.001424971512745228,0.05897604199798242,0.1015625,0.038269206094946155,0.150390625,1.5B,16384
12,1,longdoc_16384,longdoc,16384,9.704060527839234,24.131277443673337,21.874543167206134,1.4287730559027125,25.62935088018632,10.527515554882878,0.7051889304934541,12.493345262586109,0.03127591921495135,-22.373468663543463,7.306550865992904,0.0056296792672512735,0.9993249655177074,0.0,0.566735189637994,4.430149446470654,0.9951062060717419,0.34308790800506733,0.426974696835766,0.5579691168067193,0.2458074168923865,0.020207643693336053,0.00034023755331250407,0.0001772680565230853,0.00039460185493965614,0.00012759343832231902,4.799453427065515e-05,1.8846451908699124e-05,9.401322362182199e-06,3.084697972095312e-06,0.1744915753965304,0.101806640625,0.1195241235473112,0.150634765625,1.5B,16384
12,2,longdoc_16384,longdoc,16384,9.704060527839234,24.212217817153988,21.874543167206134,1.4287730559027125,25.62935088018632,10.527515554882878,0.7051889304934541,12.493345262586109,0.03127591921495135,-7.9451593570411205,4.518025692552328,0.05963469361110753,0.9892057585192875,0.0392156862745098,0.5731195130857252,3.527911035120999,0.9910459193166781,0.6752999822464494,0.7500624379678537,0.8132609867957034,0.09541987497278459,0.26134510547701906,0.3492419340603456,0.13400735870930436,0.04424289955550589,0.026888267748869668,0.012195949895759258,0.005512226651982608,0.003129008545038168,0.00125214051883409,0.04919160114623852,0.1015625,0.041485418296407464,0.150390625,1.5B,16384
12,3,longdoc_16384,longdoc,16384,9.704060527839234,16.381612691026106,21.874543167206134,1.4287730559027125,25.62935088018632,10.527515554882878,0.7051889304934541,12.493345262586109,0.03127591921495135,-7.867965891957283,5.172407587990165,0.056787172283312495,0.9911390690168753,0.0392156862745098,0.5949890106373555,6.150208213556097,0.9547262914845714,0.2394720072497957,0.30680422929509854,0.39504255392642657,0.060529491516859935,0.0024827444052308856,0.009288039118305304,0.12541105997890822,0.1295058804556762,0.09378228431845641,0.05415917800448563,0.029164704651161964,0.017943195258270542,0.008564507611283296,0.04861798050608453,0.1015625,0.04166596540534182,0.150390625,1.5B,16384
12,4,longdoc_16384,longdoc,16384,9.704060527839234,15.115445011956924,21.874543167206134,1.4287730559027125,25.62935088018632,10.527515554882878,0.7051889304934541,12.493345262586109,0.03127591921495135,-49.93928125067032,9.101434354350204,0.0011301610879904344,0.9998882688761823,0.0392156862745098,0.6034110979507764,3.628410385453543,0.9774695180124151,0.6142153707479115,0.6473766492704454,0.6903806263354711,0.031093647828093762,0.02088269132668885,0.5486408084850747,0.02133830383992539,0.36413150827417734,0.23978542619983398,0.09481991644465727,0.03647724425507091,0.022557127765262815,0.011631500210655161,0.45311740598611,0.1015625,0.3651060369229413,0.150390625,1.5B,16384
12,5,longdoc_16384,longdoc,16384,9.704060527839234,21.118442594422337,21.874543167206134,1.4287730559027125,25.62935088018632,10.527515554882878,0.7051889304934541,12.493345262586109,0.03127591921495135,-2.499060731381178,0.45779408514499664,0.667632575120317,0.6124902439827041,0.0392156862745098,0.5901616010589231,3.554586504525484,0.9879616979442141,0.6632025106061451,0.7323634487501179,0.7893261762300693,0.3520040092217407,0.0032194291703531164,0.3906239447386834,0.38994733256267244,0.07795377352544396,0.05024270184332657,0.02466707782624096,0.012365590502590984,0.007286708645751465,0.0030136276945948756,0.035121172490205285,0.1015625,0.022463695173180934,0.150390625,1.5B,16384
12,6,longdoc_16384,longdoc,16384,9.704060527839234,26.265466382377724,24.09622282595743,1.2387285166010724,28.020779941229076,9.30138681153393,0.5937458232612826,11.568413197657696,0.03485349868876898,-97.57318766228855,0.11449692118912935,1.1576186418357772,0.38543235865109476,0.0196078431372549,0.6030809949898889,5.116284479903522,0.987687387060103,0.22985822528042532,0.34680889334507875,0.5075673237442778,0.0565284490408724,0.00032486790832197965,0.07486078884890623,0.009044562617262452,0.049281919034288316,0.028063453985822398,0.013733276169969888,0.0062741110015129406,0.0033619274914896123,0.0011996910606660138,0.13095908158842282,0.1015625,0.08137526132735312,0.150390625,1.5B,16384
12,7,longdoc_16384,longdoc,16384,9.704060527839234,26.09471095458602,24.09622282595743,1.2387285166010724,28.020779941229076,9.30138681153393,0.5937458232612826,11.568413197657696,0.03485349868876898,-21.561213549692184,44.983564322348684,1.4630451804005828e-08,0.9999999999989999,0.0392156862745098,0.31203251639537904,2.8692233114144234,0.9984503682664565,0.7767285695194839,0.9109107004378307,0.9720521407081635,0.19168411990863715,0.06547345382444547,0.14029000739168784,0.8435615926473865,0.0032711126982510373,0.00202227945770032,0.0008908106991639215,0.00037929779175576,0.000194697132290565,6.669207310359453e-05,0.0015761177949982982,0.1015625,0.0009605324371095127,0.150390625,1.5B,16384
12,8,longdoc_16384,longdoc,16384,9.704060527839234,26.036715397720243,24.09622282595743,1.2387285166010724,28.020779941229076,9.30138681153393,0.5937458232612826,11.568413197657696,0.03485349868876898,-29.36529304087162,37.125721238553524,1.4630453808088346e-08,0.9999999999989999,0.0392156862745098,0.3285396763458328,2.8936222630139747,0.9983367904490728,0.7555254013628773,0.8872903229807867,0.9556346900678853,0.14705534885605798,0.010044942699298343,0.25398555657561184,0.7158620910299051,0.004175884046972082,0.0022851199110309884,0.0009864900446398118,0.0004586327919748179,0.00025236569525382,9.544002539691617e-05,0.0025298115786660472,0.1015625,0.0014286466583592738,0.150390625,1.5B,16384
12,9,longdoc_16384,longdoc,16384,9.704060527839234,22.703734506536556,24.09622282595743,1.2387285166010724,28.020779941229076,9.30138681153393,0.5937458232612826,11.568413197657696,0.03485349868876898,-39.60310078971088,20.438142620027065,4.3133668405970386e-08,0.9999999986690642,0.0392156862745098,0.3708990669923458,2.5130589027855663,0.9976787476455695,0.7635047612833029,0.8540491481575284,0.9320443972991564,0.0666150064847193,0.0049454479839958765,0.49255764541851116,0.45854070809183645,0.013225881631735565,0.008522438850372592,0.00447320026627896,0.002398045093590562,0.0014876607795620334,0.0006764522293333619,0.005004488490251771,0.1015625,0.003277887137983469,0.150390625,1.5B,16384
12,10,longdoc_16384,longdoc,16384,9.704060527839234,18.692985507812335,24.09622282595743,1.2387285166010724,28.020779941229076,9.30138681153393,0.5937458232612826,11.568413197657696,0.03485349868876898,-0.1087608989328146,15.65037819929421,2.67259493670305e-06,0.9999998403643626,0.0392156862745098,0.3127784575289917,2.7975606292995017,0.9921711772609108,0.7450658100734581,0.8280608265454791,0.8962415052679283,0.06571599840091369,0.24476141640604349,0.009016239184830487,0.8918255086871205,0.018107390291279744,0.013992613410191949,0.00908858504126556,0.005647198002642412,0.003936524369222211,0.002124180696226943,0.007036387137171974,0.1015625,0.005284376292780634,0.150390625,1.5B,16384
12,11,longdoc_16384,longdoc,16384,9.704060527839234,26.79805197508233,24.09622282595743,1.2387285166010724,28.020779941229076,9.30138681153393,0.5937458232612826,11.568413197657696,0.03485349868876898,-25.921064618974924,11.17009537294507,0.00017305568089729488,0.9999858193477088,0.0392156862745098,0.39949860989905944,3.004310080446125,0.9959428669737243,0.7425940908917715,0.8147396248362906,0.8791926195679544,0.09090299721787254,0.10359408765407874,0.016867332686654565,0.48938653595739956,0.01534235719500277,0.009268691909793795,0.004073555077385709,0.0019050665573110094,0.0010510865232597772,0.0003999171394192314,0.005569635955602619,0.1015625,0.0048810323211906335,0.150390625,1.5B,16384
13,0,longdoc_16384,longdoc,16384,9.704060527839234,30.556329291693945,22.478354074106328,1.2304037718592258,25.210031693496134,10.648740545280264,0.8900772979861024,13.08060450574867,0.027516879621812554,-10.812770357355475,45.82203227095306,1.4630451803565945e-08,0.9999999999989999,0.0392156862745098,0.4674256431514005,2.9635741356670513,0.9984141880132814,0.7653276214094701,0.8831494936684686,0.9628715807762419,0.780348731591809,0.11381681629710827,0.15293039558565646,0.8276510951238361,0.0026793607515476674,0.0016534990775013486,0.0007637451690602796,0.0003612823358330143,0.00020670507513343616,8.380203446119852e-05,0.0011441353671752547,0.1015625,0.0007644039856882129,0.150390625,1.5B,16384
13,1,longdoc_16384,longdoc,16384,9.704060527839234,22.885944843636143,22.478354074106328,1.2304037718592258,25.210031693496134,10.648740545280264,0.8900772979861024,13.08060450574867,0.027516879621812554,-43.05475585907698,1.7823609546758235,0.4176015602851728,0.8554907380966269,0.0392156862745098,0.6161706819782672,7.09587150034616,0.877911977205116,0.16941927086719705,0.21648147137050894,0.27084607220742596,0.017996620020454657,0.06334721907405583,0.11704540942152546,0.04554552276805837,0.22064994657031106,0.17083954901698428,0.10767515359094428,0.06897159059278876,0.049066236523083104,0.028348161395133808,0.14175522938464286,0.1015625,0.10064841748856782,0.150390625,1.5B,16384
13,2,longdoc_16384,longdoc,16384,9.704060527839234,29.388856271964627,22.478354074106328,1.2304037718592258,25.210031693496134,10.648740545280264,0.8900772979861024,13.08060450574867,0.027516879621812554,-21.66320380574325,60.60744164738571,1.463045180323088e-08,0.9999999999989999,0.0392156862745098,0.45620381944893484,2.695154189308734,0.99832930348201,0.8007161406638833,0.9187152581240221,0.9752133574409688,0.4596838808590943,0.32819335788975357,0.2799721929259605,0.7029815110202785,0.005309755458371402,0.003528130388940092,0.0018378640695532224,0.0008742550301115431,0.0004949159951101177,0.00019097414008642567,0.002759877520507408,0.1015625,0.0016312398061706695,0.150390625,1.5B,16384
13,3,longdoc_16384,longdoc,16384,9.704060527839234,33.12228442253144,22.478354074106328,1.2304037718592258,25.210031693496134,10.648740545280264,0.8900772979861024,13.08060450574867,0.027516879621812554,-13.434468384832144,48.88907900825143,1.4630451803246483e-08,0.9999999999989999,0.0392156862745098,0.4426133757452114,2.7405892278400197,0.9988679878076829,0.7921777087486623,0.9467386318440721,0.9785970766892209,0.12779158383512312,0.15516323293450773,0.11763455563149332,0.865412329102526,0.002353512006892027,0.00135969850776745,0.000565588736717669,0.00021828586037465957,0.00010947366438372628,3.645517349981235e-05,0.0007760214076743396,0.1015625,0.00040810580841046316,0.150390625,1.5B,16384
13,4,longdoc_16384,longdoc,16384,9.704060527839234,35.8405600727747,22.478354074106328,1.2304037718592258,25.210031693496134,10.648740545280264,0.8900772979861024,13.08060450574867,0.027516879621812554,-72.75099622830749,41.77942179888487,1.4630451822326656e-08,0.9999999999989999,0.0392156862745098,0.4217882809079972,1.2602042058241982,0.9995029170939838,0.9866645563616582,0.9892096564775303,0.9911238756032736,0.13732338865380145,0.02346631157965362,0.10398100500043182,0.8826427920906519,0.002387478125376208,0.0013524871968022911,0.0004936163884705576,0.00016978034102875031,7.259668846835848e-05,1.8404960714039703e-05,0.003354301462060026,0.1015625,0.0027792936310238243,0.150390625,1.5B,16384
13,5,longdoc_16384,longdoc,16384,9.704060527839234,25.42024664244555,22.478354074106328,1.2304037718592258,25.210031693496134,10.648740545280264,0.8900772979861024,13.08060450574867,0.027516879621812554,-9.33047080412507,26.369608503766358,1.4724720558681635e-08,0.9999999999954681,0.0392156862745098,0.43177105631017726,3.8317342164000423,0.9892522574259477,0.5567041649057873,0.70801509675217,0.8620845025710732,0.04123133466754039,0.09979256835894168,0.0938424808186772,0.7992605739172309,0.018464460216226615,0.015146558261885183,0.010683305106639165,0.006739715925900072,0.004645828367202641,0.0023853514260197984,0.0074187001899714425,0.1015625,0.005222413111739568,0.150390625,1.5B,16384
13,6,longdoc_16384,longdoc,16384,9.704060527839234,25.639065296092273,23.027506193992135,1.4953279629624823,27.056600598323765,7.295406499717005,1.0183444153038599,10.675608998427643,0.07832909046041062,94.9948839340359,35.47941101528704,1.4630462421420075e-08,0.9999999999989995,0.0392156862745098,0.4850377803308209,2.790574671969986,0.9991220188447258,0.7745074028852443,0.909175932040423,0.9738934444368775,0.01777835202872957,0.025660708320796033,0.03624366836099889,0.9554648019626377,0.0008962901271709594,0.0005288843954692851,0.0002350709724861481,9.424961629528436e-05,4.561712991745708e-05,1.3381072326110122e-05,0.00021752165804871261,0.1015625,0.00010696096746458223,0.150390625,1.5B,16384
13,7,longdoc_16384,longdoc,16384,9.704060527839234,21.514852696937773,23.027506193992135,1.4953279629624823,27.056600598323765,7.295406499717005,1.0183444153038599,10.675608998427643,0.07832909046041062,70.92158788070083,18.934979824349284,1.338164083621347e-07,0.9999999940197859,0.0392156862745098,0.4944961032157865,3.5019890868089707,0.9977798796005353,0.5574692132399998,0.7746927878110051,0.9105146189807148,0.060948515484755106,0.32883422706314125,0.07773687097993451,0.8746946037503942,0.0035018836375633453,0.0020771815833748276,0.0008917669782502913,0.0004377710995100908,0.00025848191657765294,0.00011262647204610102,0.000653496627613255,0.1015625,0.00039682909187698,0.150390625,1.5B,16384
13,8,longdoc_16384,longdoc,16384,9.704060527839234,22.216228827623794,23.027506193992135,1.4953279629624823,27.056600598323765,7.295406499717005,1.0183444153038599,10.675608998427643,0.07832909046041062,80.01955879107118,26.511742739006877,1.471244414837516e-08,0.9999999999959372,0.0392156862745098,0.5025871648261855,3.2373328877378276,0.9981766803858483,0.6766075975044273,0.81678381522216,0.9334806014653622,0.3485914421180851,0.003022034405351981,0.04676833081389958,0.9096890902620193,0.005865161534128937,0.0033084855886729267,0.0013327057930429085,0.0004555228262271053,0.00019640959579528492,5.3933347313886405e-05,0.000987780766554687,0.1015625,0.00042948729632796443,0.150390625,1.5B,16384
13,9,longdoc_16384,longdoc,16384,9.704060527839234,22.276965206808992,23.027506193992135,1.4953279629624823,27.056600598323765,7.295406499717005,1.0183444153038599,10.675608998427643,0.07832909046041062,73.19844004511833,18.895279021933675,1.3859491690797757e-07,0.9999999937700652,0.0392156862745098,0.5080024860008917,3.5650244314492108,0.9970575007919344,0.5696239344011796,0.7298260123872673,0.8740651178743221,0.000645942600278282,0.13236377932870624,0.1250217990977573,0.8081273207494218,0.007615916721692309,0.0049595421057593075,0.0023409919124116976,0.0010399233897538712,0.0005998179299473884,0.0002416248029985905,0.001439229239571064,0.1015625,0.0008672921439177538,0.150390625,1.5B,16384
13,10,longdoc_16384,longdoc,16384,9.704060527839234,20.734143097018315,23.027506193992135,1.4953279629624823,27.056600598323765,7.295406499717005,1.0183444153038599,10.675608998427643,0.07832909046041062,64.52313606254756,11.897191163152456,8.783790988767907e-05,0.999993190525556,0.0392156862745098,0.5087498173559536,3.718959243170529,0.996061397683224,0.5347053408050854,0.6961076648999657,0.853710541105521,0.005220519390801925,0.012060489288786336,0.13304055500945114,0.7886699647827612,0.011959108165034026,0.007278096114685917,0.0035522427441943435,0.0015929730905122406,0.0009115120229427086,0.0003661489277536762,0.002604974836183918,0.1015625,0.0014464941827446406,0.150390625,1.5B,16384
13,11,longdoc_16384,longdoc,16384,9.704060527839234,21.753791166259028,23.027506193992135,1.4953279629624823,27.056600598323765,7.295406499717005,1.0183444153038599,10.675608998427643,0.07832909046041062,63.64943340793252,16.898209607228637,8.349914128018222e-07,0.999999954163569,0.0392156862745098,0.49796022443726584,3.3437148121132974,0.9964904274654851,0.6729497889639489,0.8011657142094535,0.9133063378147307,0.5509286521398975,0.004159936094874084,0.15264417388711427,0.7847407343105877,0.010247172693853149,0.006970770907519575,0.003711921643026302,0.001918389377753219,0.0011656816597336323,0.000502099195686334,0.0026570537448723907,0.1015625,0.0017250960833754421,0.150390625,1.5B,16384
14,0,longdoc_16384,longdoc,16384,9.704060527839234,26.619590800813807,27.46201467334154,2.6307533672440497,37.04332561234536,12.804211112353409,0.7313352996680585,15.688862689170271,0.020744446301330478,-104.94309166818857,7.059880815446377,0.006916958596461638,0.9991418545949841,0.0392156862745098,0.5935450764787328,1.3704856275959902,0.9996906381085986,0.9484246047784414,0.9797487137209252,0.9892690047716217,0.6273679783770288,0.26077308844902913,0.17819552167091923,0.000862000111529798,0.00029453779328666145,9.337587660840455e-05,2.2268014002505214e-05,5.936946027694629e-06,2.2668579807719154e-06,5.088815675039276e-07,0.0026068612869073883,0.1015625,0.0012449263833351253,0.150390625,1.5B,16384
14,1,longdoc_16384,longdoc,16384,9.704060527839234,28.219030765391363,27.46201467334154,2.6307533672440497,37.04332561234536,12.804211112353409,0.7313352996680585,15.688862689170271,0.020744446301330478,-55.33781858626753,5.62722146185115,0.023769401478466297,0.9964143430120869,0.0392156862745098,0.49119813726049427,2.75641765143234,0.9949328132935122,0.7668105895389963,0.8221665808580407,0.8684728145753078,0.036582242248849095,0.12148019863773785,0.5152824162658294,0.24013265664584935,0.04748885750295181,0.025026892390310543,0.009287863438700058,0.003783766027870276,0.0019424618536129992,0.0006713042409659529,0.04597239692977301,0.1015625,0.028889648782425358,0.150390625,1.5B,16384
14,2,longdoc_16384,longdoc,16384,9.704060527839234,16.80155037339212,27.46201467334154,2.6307533672440497,37.04332561234536,12.804211112353409,0.7313352996680585,15.688862689170271,0.020744446301330478,-40.702060759067535,0.4406293062493205,1.1116155679443431,0.4505591360700287,0.0196078431372549,0.47700401684179283,7.706804726251942,0.8433544777054959,0.10194174968281709,0.1330498651689818,0.1784278159346842,0.07361134645903522,0.027690879866718143,0.04526832647229269,0.026561929354519526,0.17917386084949516,0.14281221826828422,0.10213872929322715,0.07167699899016862,0.05394852831026994,0.03331373185613727,0.1118902427967544,0.1015625,0.0903960259914812,0.150390625,1.5B,16384
14,3,longdoc_16384,longdoc,16384,9.704060527839234,25.509480500999054,27.46201467334154,2.6307533672440497,37.04332561234536,12.804211112353409,0.7313352996680585,15.688862689170271,0.020744446301330478,-74.79212822020054,14.594401515088975,7.183183187718348e-06,0.9999995405522585,0.0,0.5561520521573313,3.980498639005968,0.9969643268989016,0.4129527682308565,0.5339998872578654,0.7212697446090918,0.10739362604733582,0.0259628801511953,0.0036132067910386394,1.21477097967334e-07,0.0008012457387121372,0.00019069994169509333,4.105399758182955e-05,7.5259159486040176e-06,2.9842359306740377e-06,5.993153827880045e-07,0.26745157991793556,0.101806640625,0.2032393839497622,0.150634765625,1.5B,16384
14,4,longdoc_16384,longdoc,16384,9.704060527839234,26.504875932241912,27.46201467334154,2.6307533672440497,37.04332561234536,12.804211112353409,0.7313352996680585,15.688862689170271,0.020744446301330478,-128.80063013127074,12.754894730169326,3.981435516833342e-05,0.9999971083175453,0.0,0.5950566444878947,4.700482425722527,0.9946899304047314,0.20803590641465772,0.319850860043066,0.49764300568021524,0.0513536168338562,0.012055684548056167,0.06628985872239314,4.2986607005883185e-07,0.0005339129251813982,0.00017620486500457338,3.997640092813534e-05,7.592973990739722e-06,2.9743085762557906e-06,7.235999305355824e-07,0.1613917285181623,0.101806640625,0.08668194262229402,0.150634765625,1.5B,16384
14,5,longdoc_16384,longdoc,16384,9.704060527839234,25.388439428385084,27.46201467334154,2.6307533672440497,37.04332561234536,12.804211112353409,0.7313352996680585,15.688862689170271,0.020744446301330478,-135.5822982583195,6.180272372905165,0.015870345716300343,0.997832792176931,0.0,0.5305890657878354,3.9927107440342104,0.9970011211749739,0.4299942736186641,0.5680313172913573,0.7139201310377492,0.10579439549072639,0.03982471520862568,0.17872938205032013,3.1151594244867805e-08,0.0006991462592015229,0.0001566266373024748,2.9406621430908166e-05,5.385315466808523e-06,2.0149151206431426e-06,3.5697375680321066e-07,0.19212010106867686,0.101806640625,0.10163490377005455,0.150634765625,1.5B,16384
14,6,longdoc_16384,longdoc,16384,9.704060527839234,23.446532376925674,22.028043083777067,1.428280223710393,27.758427015105873,9.256689547607696,0.7535965141581056,14.491780617238318,0.05879743064540626,-72.44530195556581,0.4529391136020422,0.8375950859203011,0.5800892876941393,0.0196078431372549,0.5348532465262281,4.9557176392458535,0.9701607031189352,0.4402008071915741,0.4872384965693492,0.5376378245449432,0.06803346393970933,0.04916897708814272,0.34185507781910285,0.021525478143531007,0.45721053399972794,0.28573412464087156,0.11046531672634624,0.030680104935556767,0.011277620890931097,0.0021261412745727784,0.4194805436154204,0.101806640625,0.2851314643724088,0.150634765625,1.5B,16384
14,7,longdoc_16384,longdoc,16384,9.704060527839234,23.565817548802144,22.028043083777067,1.428280223710393,27.758427015105873,9.256689547607696,0.7535965141581056,14.491780617238318,0.05879743064540626,-20.860172759741545,26.177507616579533,1.4744158229091263e-08,0.9999999999947218,0.0392156862745098,0.6690030645145575,2.52784917910998,0.9977998466633605,0.7483100845017162,0.870220616068987,0.9441299080358748,0.1035157788095456,0.15424140760058958,0.5009912387293701,0.47175910368400675,0.014673140180250708,0.010025964680258726,0.005289861451280457,0.002674241917175338,0.0015870074319147838,0.0006856675011184395,0.004758464165040753,0.1015625,0.002875790128763704,0.150390625,1.5B,16384
14,8,longdoc_16384,longdoc,16384,9.704060527839234,27.143729079335298,22.028043083777067,1.428280223710393,27.758427015105873,9.256689547607696,0.7535965141581056,14.491780617238318,0.05879743064540626,1.2548682922497392,27.661152423359454,1.4656896758598477e-08,0.9999999999980296,0.0392156862745098,0.6486041728784528,3.407458045883659,0.9978996235614418,0.573346180755724,0.8209983923247854,0.922633733619254,0.056788147384684295,0.2219693279620192,0.12335832467689498,0.8364304980831686,0.00405653864380708,0.00238850989371824,0.0010955820932101225,0.0005049247316200738,0.0002631691910151049,9.033663803791797e-05,0.0012004764620580119,0.1015625,0.0008137197430244206,0.150390625,1.5B,16384
14,9,longdoc_16384,longdoc,16384,9.704060527839234,25.92638099514688,22.028043083777067,1.428280223710393,27.758427015105873,9.256689547607696,0.7535965141581056,14.491780617238318,0.05879743064540626,-20.02756229043007,43.962698196060956,1.4630451806917337e-08,0.9999999999989999,0.0392156862745098,0.6217409789587369,1.6516446755071317,0.9968146805664451,0.9145021028404724,0.9424081877026261,0.9583875304852623,0.6741153029168568,0.050469333805249095,0.11801504713358642,0.8413218736711788,0.0159440593077173,0.011041549141585739,0.005970789673691927,0.0030393287441426863,0.001808394816302554,0.000750190359676863,0.007086097403374216,0.1015625,0.004894912155672958,0.150390625,1.5B,16384
14,10,longdoc_16384,longdoc,16384,9.704060527839234,19.626272435152085,22.028043083777067,1.428280223710393,27.758427015105873,9.256689547607696,0.7535965141581056,14.491780617238318,0.05879743064540626,-16.104913771152496,4.184710283763707,0.07787517734494609,0.9850017557802616,0.0392156862745098,0.7162231058922235,4.0680787586613425,0.9880459933455693,0.5127032282553735,0.6486912608046308,0.785499141038804,0.00345743242389418,0.04887365412062683,0.2046930946129023,0.6450588813399208,0.02722820043234719,0.018416757876137644,0.011121389928302269,0.006867232901636836,0.004869990511072354,0.0027019735276579185,0.011704441375307217,0.1015625,0.008296530398880718,0.150390625,1.5B,16384
14,11,longdoc_16384,longdoc,16384,9.704060527839234,20.641908806763254,22.028043083777067,1.428280223710393,27.758427015105873,9.256689547607696,0.7535965141581056,14.491780617238318,0.05879743064540626,-19.02545804157853,23.851261215284467,1.5714283729213674e-08,0.9999999999551943,0.0392156862745098,0.7150843242426047,3.3544714631697525,0.9934693088994914,0.7224381633782233,0.8202526296415006,0.8866407954863017,0.10326348777435934,0.08646455474803871,0.15700198563968265,0.6803526375494255,0.02131565941872478,0.014690863413551154,0.008224003264511951,0.00431202579855695,0.0027137110515533793,0.001198285598141176,0.00889031275701566,0.1015625,0.00658963880753072,0.150390625,1.5B,16384
15,0,longdoc_16384,longdoc,16384,9.704060527839234,21.269901683653682,21.58870351681614,1.7948981614292339,28.966504279477313,7.928642687164272,1.2228141012822094,12.97256264427389,0.0745089598092242,-31.153545208275318,18.282286040484905,2.396576025047217e-07,0.9999999883621954,0.0392156862745098,0.3370917068890945,5.170574563325753,0.9521466483765879,0.4654937234363091,0.5643609186757893,0.6449422601534468,0.018447507005824315,0.06649929758048878,0.12272240927417558,0.48105104289505746,0.14974752606609296,0.11859124565214985,0.07812762107272346,0.04809761031947174,0.033096520728583205,0.016770036053478467,0.07586597114304133,0.1015625,0.058557293545392346,0.150390625,1.5B,16384
15,1,longdoc_16384,longdoc,16384,9.704060527839234,21.682312945605087,21.58870351681614,1.7948981614292339,28.966504279477313,7.928642687164272,1.2228141012822094,12.97256264427389,0.0745089598092242,-44.66569281741977,3.435403998941183,0.2495847683469675,0.9474269409652781,0.0392156862745098,0.41309937203044284,5.994536755330807,0.9326464036035633,0.323236416182867,0.39027991079070284,0.474243878531015,0.0466508293301624,0.020534650554220102,0.14126421975101575,0.13084014327318166,0.33698692642988803,0.24703945073096822,0.145886171153797,0.08380995862917107,0.05521323594039046,0.027556081449331454,0.13969502050702615,0.1015625,0.1009529793449683,0.150390625,1.5B,16384
15,2,longdoc_16384,longdoc,16384,9.704060527839234,23.357909412401167,21.58870351681614,1.7948981614292339,28.966504279477313,7.928642687164272,1.2228141012822094,12.97256264427389,0.0745089598092242,-60.33217979595065,7.670371281914413,0.004257822520207203,0.9995167302589554,0.0392156862745098,0.3636227806723716,3.4428227063126196,0.9786383806356672,0.669974911904191,0.7210593264091418,0.7796393126301081,0.03482167355613974,0.027756818611213596,0.5017845214224862,0.10873906155189514,0.2377854362280365,0.1699488344402979,0.0967085067207438,0.055252043497413146,0.035905607104083075,0.01750953949494659,0.10526002633644924,0.1015625,0.07730255666923647,0.150390625,1.5B,16384
15,3,longdoc_16384,longdoc,16384,9.704060527839234,20.321733447782535,21.58870351681614,1.7948981614292339,28.966504279477313,7.928642687164272,1.2228141012822094,12.97256264427389,0.0745089598092242,-52.37262728065252,4.465834688395262,0.06285746686621577,0.9885766497259517,0.0392156862745098,0.43176370320819757,6.464415591535096,0.9044941876238815,0.2649093467083092,0.3057646926261556,0.3565904761788121,0.06733515388015654,0.0036825387417911415,0.2056999059507976,0.06057159827295503,0.4303936295621245,0.30917585292766475,0.1851940961795239,0.11507125804926085,0.07831410993765164,0.041238493920995614,0.22013322449940814,0.1015625,0.15850308308769734,0.150390625,1.5B,16384
15,4,longdoc_16384,longdoc,16384,9.704060527839234,22.857196655588307,21.58870351681614,1.7948981614292339,28.966504279477313,7.928642687164272,1.2228141012822094,12.97256264427389,0.0745089598092242,-32.10524495691061,18.07961295172572,5.330443728503083e-07,0.9999999728785708,0.0392156862745098,0.4243511634099982,4.783957779089677,0.9712893325478921,0.43536690472706274,0.5390549026398533,0.6398522076323168,0.089011804904916,0.12741151409196405,0.25228908620756774,0.3764305360418054,0.16704929310757305,0.11559396515647001,0.0678746514787758,0.03881090020945893,0.025341460717355435,0.012366771022860943,0.06451133817779808,0.1015625,0.04715604682898011,0.150390625,1.5B,16384
15,5,longdoc_16384,longdoc,16384,9.704060527839234,24.632345144942125,21.58870351681614,1.7948981614292339,28.966504279477313,7.928642687164272,1.2228141012822094,12.97256264427389,0.0745089598092242,-86.39704590663314,6.302939302753657,0.015289377180553343,0.9979684236923497,0.0392156862745098,0.3280682914716123,1.7608694786387957,0.9917170970275939,0.898842207998586,0.90931341633711,0.9188048343951897,0.03960910246835603,0.024007329600562954,0.37187811121956793,0.5242673814931433,0.051959509815896414,0.038687777578675954,0.021675124037629633,0.011516017360063267,0.007071582147309857,0.003093142342323754,0.04042335131671813,0.1015625,0.030562334664567998,0.150390625,1.5B,16384
15,6,longdoc_16384,longdoc,16384,9.704060527839234,18.527341194401984,94.28403685526101,0.7965195491995756,96.88956865990716,11.494899597607226,1.0803604046949895,18.162334899782042,0.03744037318171931,137.8522320445627,0.2209774497896433,1.1028150747421521,0.39257996095915565,0.0392156862745098,0.11414475256380814,5.401337882299238,0.9691365709633627,0.352914420061055,0.4535147510330078,0.5486239869910926,0.04581096907988602,0.01843245004419458,0.08101535004283417,0.11512219869614052,0.16634321568284563,0.11128319031039184,0.058907994945189335,0.03252834947248515,0.021897554548582113,0.011453226107956304,0.07183817546074805,0.1015625,0.048344638550280004,0.150390625,1.5B,16384
15,7,longdoc_16384,longdoc,16384,9.704060527839234,83.45725070202286,94.28403685526101,0.7965195491995756,96.88956865990716,11.494899597607226,1.0803604046949895,18.162334899782042,0.03744037318171931,1984.060527406633,47.256546057760715,1.4630451803310702e-08,0.9999999999989999,0.0392156862745098,0.2982492910705304,7.090491469887964e-07,0.9999389648400775,0.9999999994226079,0.9999999998214528,0.9999999999631256,0.09637129793105714,0.22745035702345717,1.682352675884974e-14,0.9999999897394128,1.0257212497267038e-13,5.71212364415601e-15,1.0929712664343267e-15,1.0929684897474704e-15,9.733745988421646e-16,1.0929684897474704e-15,2.8581250023340424e-12,0.1015625,2.7204048916701087e-12,0.150390625,1.5B,16384
15,8,longdoc_16384,longdoc,16384,9.704060527839234,17.15428940456766,94.28403685526101,0.7965195491995756,96.88956865990716,11.494899597607226,1.0803604046949895,18.162334899782042,0.03744037318171931,156.04302395507693,3.505702530965209,0.13360005667980349,0.9706616143552826,0.0392156862745098,0.1400300044629941,5.053270931583783,0.9503031610810879,0.42356556946309804,0.47053867058834015,0.5351909617816809,0.2082564293305147,0.005899800148252865,0.35512962248135055,0.11247313126687268,0.24607288300805957,0.17789468738295852,0.10205724634517727,0.0637864635358953,0.04471323655035029,0.024841830862241072,0.13337139641410642,0.1015625,0.10876847926825352,0.150390625,1.5B,16384
15,9,longdoc_16384,longdoc,16384,9.704060527839234,25.864432961027706,94.28403685526101,0.7965195491995756,96.88956865990716,11.494899597607226,1.0803604046949895,18.162334899782042,0.03744037318171931,220.60311596095562,52.256294179707766,1.4630451803231415e-08,0.9999999999989999,0.0392156862745098,0.10920599110333994,2.848471632071287,0.9986697948052875,0.7092950033887864,0.9514094937854252,0.9728987469588256,0.036914359415114006,0.12192552223910624,0.19156650463095498,0.7796458436851951,0.004681640876158955,0.0025268494039893765,0.0007939761217334163,0.00025149038440530456,0.00010873999665853952,2.7955533717940004e-05,0.0010829631941496113,0.1015625,0.0005477380988825146,0.150390625,1.5B,16384
15,10,longdoc_16384,longdoc,16384,9.704060527839234,20.26512851526039,94.28403685526101,0.7965195491995756,96.88956865990716,11.494899597607226,1.0803604046949895,18.162334899782042,0.03744037318171931,134.68530823942274,17.76908684708178,3.750468833337347e-07,0.9999999808004753,0.0392156862745098,0.09911300545037248,2.9029996455709743,0.9959391516555025,0.6812174615551754,0.7785227958007715,0.8726093304929491,0.030012001644621478,0.024518844827516872,0.4901967581669913,0.4173253087023199,0.02549187091476392,0.01599851874492813,0.0074586262588929066,0.0035802183796598912,0.002115613256494804,0.000900866955743675,0.006548144149758604,0.1015625,0.003956836159131288,0.150390625,1.5B,16384
15,11,longdoc_16384,longdoc,16384,9.704060527839234,21.589119352580717,94.28403685526101,0.7965195491995756,96.88956865990716,11.494899597607226,1.0803604046949895,18.162334899782042,0.03744037318171931,308.72122807987034,16.501340555027127,1.2866558840321853e-06,0.9999999279518544,0.0392156862745098,0.16651459655033976,3.9922776166759104,0.9963182048612087,0.46957618320823535,0.6086941382725607,0.7727882026779688,0.33547753449761686,0.028119555462922108,0.013298060846665669,0.8090486311356555,0.006352709318371791,0.0032950684115900376,0.001160036113325941,0.00045266513377820313,0.00024200842713392382,8.690347856907797e-05,0.001083782059427844,0.1015625,0.0006300029715957697,0.150390625,1.5B,16384
16,0,longdoc_16384,longdoc,16384,9.704060527839234,21.875159629852416,22.92250470798232,1.8468701700231942,28.724163907659356,10.564529997451478,0.9590877991920479,13.517729722126342,0.04942687853969594,-4.567529631778598,4.549707980826497,0.058234964197542094,0.989530557746005,0.0,0.6823698282374174,6.413350472832153,0.9603614303705947,0.18459957250330317,0.24166960522299433,0.30240642854095146,0.1434324268314855,0.057240182871675316,0.06959592963228262,0.006131738942344662,0.14053744108584465,0.09194098131363324,0.04276443315639533,0.01376917357731468,0.004354834560650739,0.0007754656994585571,0.1329217968714499,0.1015625,0.07659585989414483,0.150390625,1.5B,16384
16,1,longdoc_16384,longdoc,16384,9.704060527839234,18.92801974731626,22.92250470798232,1.8468701700231942,28.724163907659356,10.564529997451478,0.9590877991920479,13.517729722126342,0.04942687853969594,-18.54386544972658,2.1723553612828255,0.6657934568140339,0.8135838308113567,0.0392156862745098,0.6847086492450869,4.785798319225407,0.977019103155248,0.4670601972300306,0.5316606834101311,0.6058062260423075,0.11472148786368264,0.0845349455826645,0.2795108643671437,0.17873286935719915,0.13684460458373812,0.08797585440375144,0.039488888799974704,0.016205812807026362,0.008189211637520686,0.00284508216145041,0.08681742905332175,0.1015625,0.06021067845688616,0.150390625,1.5B,16384
16,2,longdoc_16384,longdoc,16384,9.704060527839234,23.809539618413083,22.92250470798232,1.8468701700231942,28.724163907659356,10.564529997451478,0.9590877991920479,13.517729722126342,0.04942687853969594,2.666016520932317,11.707676011603326,0.00010460312271570603,0.99999176966412,0.0,0.6765333303919616,4.922283721935103,0.9903329682971743,0.3185333202249835,0.407187454477839,0.5270707495350491,0.12432114910846348,0.06127614401165449,0.007414142888660178,0.00020952509176670273,0.057888783600230975,0.028902437873771378,0.006185887470959181,0.0004227360103287362,8.477744281900867e-05,1.3049540838336894e-05,0.1370792585037353,0.101806640625,0.08484599123234916,0.150634765625,1.5B,16384
16,3,longdoc_16384,longdoc,16384,9.704060527839234,16.127730125511505,22.92250470798232,1.8468701700231942,28.724163907659356,10.564529997451478,0.9590877991920479,13.517729722126342,0.04942687853969594,-7.116155608557165,10.897754090838134,0.0002889137107167772,0.9999765559877827,0.0392156862745098,0.7279440578422666,5.632344245145971,0.9550819300750417,0.36742907408324066,0.4300914176893257,0.5021154149646977,0.13196485940755043,0.103396924696745,0.1490805155296444,0.018697397670926708,0.21377833139809332,0.15742787894975865,0.08996737150379495,0.04719634809916718,0.028902290699328412,0.013378249228439072,0.13884629661689474,0.1015625,0.1066969307480547,0.150390625,1.5B,16384
16,4,longdoc_16384,longdoc,16384,9.704060527839234,22.82230799829796,22.92250470798232,1.8468701700231942,28.724163907659356,10.564529997451478,0.9590877991920479,13.517729722126342,0.04942687853969594,-32.68139377422631,13.098226374015212,4.825616339664349e-05,0.9999966358044963,0.0392156862745098,0.7603056874716397,1.6441450762905951,0.9977128289594255,0.873334957279804,0.9065540766927974,0.9294962525188438,0.06653435322173751,0.07044488534054816,0.7464852012030764,0.010525004677765579,0.06558031849602605,0.03418124283104508,0.008836058709365973,0.001747934681514189,0.0005774536344416278,0.0001458464614928481,0.07340232194294002,0.1015625,0.05220299615823388,0.150390625,1.5B,16384
16,5,longdoc_16384,longdoc,16384,9.704060527839234,23.328773750129976,22.92250470798232,1.8468701700231942,28.724163907659356,10.564529997451478,0.9590877991920479,13.517729722126342,0.04942687853969594,-3.6200990062206984,7.506514998152852,0.004677464213663519,0.9994504668345322,0.0392156862745098,0.6840906012536494,4.095328856515897,0.9914606339911045,0.5617360772063354,0.6506423543720731,0.7421316317794246,0.011750457071140197,0.048153785948060523,0.18763072454752475,0.13031792037886103,0.04093309129099615,0.02444007491782133,0.010109666376955423,0.003580092903057402,0.0015293463213519448,0.00043376808427711877,0.057466415388755375,0.1015625,0.02993783853977833,0.150390625,1.5B,16384
16,6,longdoc_16384,longdoc,16384,9.704060527839234,19.736624926978383,23.672634975165824,1.3682255287518523,27.446354091304613,8.847069510461289,1.2292808514224771,16.067158993032887,0.043242728776211846,-20.654830548912287,21.591125251725316,2.4108291876638155e-08,0.9999999995791502,0.0392156862745098,0.48357066916304137,3.8642728327365243,0.9620163057787029,0.6914252435433581,0.7781342986247353,0.8000286996585484,0.05589639382717876,0.7026993166503694,0.05725637872618849,0.7518436934677499,0.08551357511095349,0.07245620662468169,0.05118468001647451,0.03476793911965765,0.024944075264927854,0.013771698211956052,0.051443814412808764,0.1015625,0.04099270392666469,0.150390625,1.5B,16384
16,7,longdoc_16384,longdoc,16384,9.704060527839234,21.471989216540283,23.672634975165824,1.3682255287518523,27.446354091304613,8.847069510461289,1.2292808514224771,16.067158993032887,0.043242728776211846,-69.46241574548185,2.582249553874135,0.27639022740288166,0.9265381640339377,0.0392156862745098,0.6394174405392431,2.1355252888370178,0.9913556393192694,0.7931103145802,0.833877014688214,0.867335917222713,0.02157006164487507,0.007489684641204253,0.72356688474078,0.07521130602982279,0.16235726013999785,0.11102836346404073,0.05889391833046826,0.030668887506574212,0.018827956950647227,0.007921668744968755,0.0805747611204403,0.1015625,0.06367955350758327,0.150390625,1.5B,16384
16,8,longdoc_16384,longdoc,16384,9.704060527839234,23.362433228874412,23.672634975165824,1.3682255287518523,27.446354091304613,8.847069510461289,1.2292808514224771,16.067158993032887,0.043242728776211846,-20.436822094023228,22.99210684746504,1.7106359801770464e-08,0.999999999895568,0.0392156862745098,0.47133420285918604,3.2849008088622096,0.9936825871935147,0.6830364079637833,0.8750490394693413,0.9249766623063073,0.1671479948732321,0.18941577652178077,0.13820086644990573,0.804496082566766,0.023712587125373212,0.01674206552678347,0.008664297128086827,0.0043449073451133306,0.0026205178670227944,0.001204225346088396,0.016748724381537225,0.1015625,0.013735251101608252,0.150390625,1.5B,16384
16,9,longdoc_16384,longdoc,16384,9.704060527839234,17.903206335233566,23.672634975165824,1.3682255287518523,27.446354091304613,8.847069510461289,1.2292808514224771,16.067158993032887,0.043242728776211846,-62.87868706136942,2.0973478415980935,0.4707004116940033,0.8669946409518465,0.0392156862745098,0.4937359890386503,3.492178252119957,0.9697130618338414,0.6737708217838032,0.7071743240996063,0.7406756524763356,0.07849648230281137,0.013116541798499526,0.5517343460113242,0.05449655708728125,0.3712131982002221,0.2599311724808713,0.1538559355300962,0.08927672359642692,0.059019038863960316,0.031277540029020195,0.1549117108565104,0.1015625,0.12442060234891887,0.150390625,1.5B,16384
16,10,longdoc_16384,longdoc,16384,9.704060527839234,23.374373061651454,23.672634975165824,1.3682255287518523,27.446354091304613,8.847069510461289,1.2292808514224771,16.067158993032887,0.043242728776211846,-80.10708370804787,4.259849909693003,0.09634122463671675,0.9827258890990649,0.0392156862745098,0.6030604544288539,0.8153123039067532,0.9961782141626689,0.9329242586444534,0.9422395933023479,0.9499539131711494,0.20253255012794735,0.05827022023914541,0.9135466751351129,0.018615286723113498,0.06581290474712619,0.04395510236919114,0.023673070389485067,0.013256103008577245,0.008543017706522606,0.003986220512788404,0.026674838241166524,0.1015625,0.020626637106043285,0.150390625,1.5B,16384
16,11,longdoc_16384,longdoc,16384,9.704060527839234,25.16314425158009,23.672634975165824,1.3682255287518523,27.446354091304613,8.847069510461289,1.2292808514224771,16.067158993032887,0.043242728776211846,-69.5641833357513,1.7169061228632927,0.4884198794642516,0.8371485251141135,0.0,0.5821942788627068,4.931806273176573,0.9776492529375408,0.4306173006879618,0.5215681573676453,0.6215097762482337,0.0092758470076717,0.09828672468192012,0.16790440185079097,0.0008183390513629388,0.17609789604085907,0.12470767160564732,0.0646902861895695,0.028245353740196977,0.014157984486816808,0.004177983899684972,0.22010134604087997,0.101806640625,0.1426991342071523,0.150634765625,1.5B,16384
17,0,longdoc_16384,longdoc,16384,9.704060527839234,20.624316879450696,22.16786613077738,1.4449470367886306,26.481814898195623,8.706415984652436,0.9711097510905398,13.705443731667694,0.0698214592939676,-19.50647623464465,14.019633812829852,1.2268679411272332e-05,0.9999991843028105,0.0392156862745098,0.6499731913712148,3.220755731341265,0.9920277043347211,0.6609084774169411,0.8022943113643144,0.8895379147748055,0.05257891001376497,0.15267773844741106,0.38448065197517023,0.47598175771927853,0.0472463089033685,0.03412632027082095,0.01958765515721629,0.011299834535735097,0.007388371591357174,0.0035896437346221166,0.02264879866785809,0.1015625,0.016613488258473665,0.150390625,1.5B,16384
17,1,longdoc_16384,longdoc,16384,9.704060527839234,16.199727054345217,22.16786613077738,1.4449470367886306,26.481814898195623,8.706415984652436,0.9711097510905398,13.705443731667694,0.0698214592939676,-19.25295066088438,8.797209311276674,0.0021093931462034315,0.9997903651812434,0.0392156862745098,0.6504320184616839,5.469455511789647,0.9370493824783291,0.39798039576686234,0.4582579289343732,0.5479506810326088,0.3574480860337564,0.040650466801363416,0.21410506495886036,0.3345892356555649,0.1736128458989122,0.13252254216569762,0.09173608115543071,0.062377423742930926,0.045714602913164315,0.026856226151555904,0.08079850503047499,0.1015625,0.062452233899435834,0.150390625,1.5B,16384
17,2,longdoc_16384,longdoc,16384,9.704060527839234,21.498898999167892,22.16786613077738,1.4449470367886306,26.481814898195623,8.706415984652436,0.9711097510905398,13.705443731667694,0.0698214592939676,-11.576397167518735,3.8555269157513976,0.11168707298666661,0.9778789157751144,0.0,0.493482999056112,4.129529994510791,0.9914720294727272,0.5779034001275422,0.6565678091978975,0.7347238917912875,0.1301130533245276,0.002248450074358921,0.0008837625153662006,0.0001810153520040372,0.05672046427076777,0.03108398946125407,0.009455247479127704,0.002871923315083433,0.0013073167327469827,0.00046030302601721715,0.06652184451104216,0.1015625,0.043167428012838835,0.150390625,1.5B,16384
17,3,longdoc_16384,longdoc,16384,9.704060527839234,17.28763074889219,22.16786613077738,1.4449470367886306,26.481814898195623,8.706415984652436,0.9711097510905398,13.705443731667694,0.0698214592939676,-21.45537595730275,15.786245769821107,2.432555598411245e-06,0.9999998567809011,0.0392156862745098,0.6432417423123671,3.851941895241145,0.9779246883420847,0.6687713445889519,0.755712166828825,0.8082543528913084,0.05461413918150756,0.24237430320008335,0.22939862521786372,0.5562552028292472,0.07785995603673501,0.05922165858159714,0.03547336896072597,0.02174698788089669,0.015202767582694163,0.008432663951006386,0.03688552787171145,0.1015625,0.026449778125313485,0.150390625,1.5B,16384
17,4,longdoc_16384,longdoc,16384,9.704060527839234,17.77075359495042,22.16786613077738,1.4449470367886306,26.481814898195623,8.706415984652436,0.9711097510905398,13.705443731667694,0.0698214592939676,-21.131091322749853,6.996654957532883,0.0073104633925906186,0.9990858843964283,0.0392156862745098,0.6668718535257198,4.543374395220761,0.9806283661365952,0.5026675129445609,0.6175953577716121,0.7191937378199056,0.18394187027773146,0.013471734364325139,0.18825984996294767,0.3977854229979187,0.08156932156803141,0.0561296407010539,0.028695493323039008,0.015925654685516,0.010029374947447293,0.004762379219192528,0.029074605365463396,0.1015625,0.01918973217067669,0.150390625,1.5B,16384
17,5,longdoc_16384,longdoc,16384,9.704060527839234,17.92898166073309,22.16786613077738,1.4449470367886306,26.481814898195623,8.706415984652436,0.9711097510905398,13.705443731667694,0.0698214592939676,-15.556132047437131,15.508363664150238,3.080515234211199e-06,0.999999814677346,0.0392156862745098,0.6384755551185087,4.851993749939662,0.9655527159294017,0.4420822723935813,0.5549377282917941,0.6531378401385967,0.018299993036036143,0.16101963236550554,0.26854449761198534,0.41946466347724315,0.19588649685796197,0.13787291424443004,0.0762562367069967,0.04120390024059607,0.02613781224490991,0.012611743277881265,0.06787633826511104,0.1015625,0.046300630776693455,0.150390625,1.5B,16384
17,6,longdoc_16384,longdoc,16384,9.704060527839234,19.201738962447052,21.487440778682036,1.552854243601152,25.95233932123474,11.43015660613327,0.9619576544796387,17.5770437014255,0.023922822224971264,-62.21765313856304,0.2192647121846676,1.4157376704974505,0.39905594462993915,0.0392156862745098,0.5726859681487707,5.329087378824006,0.8728410643837821,0.4786441326132187,0.4978407317695076,0.5199843230541735,0.04490510686484095,0.013793641456539163,0.42571800983775837,0.00708744575976067,0.6709850953033365,0.5479156056939901,0.37760925963565994,0.25005139524868375,0.1806204940186973,0.10525144921573895,0.3798396005654047,0.1015625,0.30085754452976154,0.150390625,1.5B,16384
17,7,longdoc_16384,longdoc,16384,9.704060527839234,18.726285643255757,21.487440778682036,1.552854243601152,25.95233932123474,11.43015660613327,0.9619576544796387,17.5770437014255,0.023922822224971264,-68.16537420102395,4.676038540550508,0.0663398415216021,0.9890504151986252,0.0392156862745098,0.4857378358775758,1.3604549813104705,0.9886966214442487,0.8814396322717599,0.8894916753788223,0.8993157279124594,0.03344379824790966,0.003035099928390572,0.8638404573792415,0.008861824694545488,0.32140734213982336,0.24501572353121728,0.1418327316128549,0.07786183783810151,0.04968563519954586,0.024862766373152632,0.10479676701244804,0.1015625,0.07408470441549979,0.150390625,1.5B,16384
17,8,longdoc_16384,longdoc,16384,9.704060527839234,31.258720502987064,21.487440778682036,1.552854243601152,25.95233932123474,11.43015660613327,0.9619576544796387,17.5770437014255,0.023922822224971264,-6.057424663566053,31.66552383545786,1.4630940435559467e-08,0.9999999999989821,0.0392156862745098,0.3430012424664589,3.528225349735655,0.9971026939660564,0.5844580325842976,0.7998810814153644,0.8985885652722929,0.05442604306495957,0.08119653585896502,0.14865031739304033,0.7750022631387559,0.009802569169270406,0.004106489934067813,0.0010527544441241799,0.0003531517628740312,0.00017713447417309374,5.434943669352787e-05,0.0021186791250890043,0.1015625,0.0014382826240885486,0.150390625,1.5B,16384
17,9,longdoc_16384,longdoc,16384,9.704060527839234,23.51878965032582,21.487440778682036,1.552854243601152,25.95233932123474,11.43015660613327,0.9619576544796387,17.5770437014255,0.023922822224971264,-18.010975148528814,5.86151035875082,0.021194370450270266,0.9970028634066554,0.0392156862745098,0.6110613804656579,6.521716679713067,0.9503627414027733,0.13216564917396526,0.19761491218367183,0.2979287894202463,0.043803367171342034,0.0027691111674386093,0.023404535301858695,0.042155559940350695,0.10410729872542837,0.07430402102253951,0.04258070334103474,0.02569758889451824,0.01707299482832741,0.007857973019863242,0.052811501148962006,0.1015625,0.03594419159218494,0.150390625,1.5B,16384
17,10,longdoc_16384,longdoc,16384,9.704060527839234,19.26699466585622,21.487440778682036,1.552854243601152,25.95233932123474,11.43015660613327,0.9619576544796387,17.5770437014255,0.023922822224971264,-29.123391047120094,18.488879188895226,2.3309568160657336e-07,0.999999989005313,0.0392156862745098,0.46768362916773554,6.3751065053268,0.8904348206100597,0.31580641236082385,0.36701843677747586,0.41981102011521887,0.12879901995507903,0.03517213513822015,0.1936115514211805,0.21475087377752097,0.244244889727771,0.19328733614403337,0.13393232310377604,0.0921735896655169,0.06926422488745695,0.04183425339948729,0.17923836501381035,0.1015625,0.13822280198154524,0.150390625,1.5B,16384
17,11,longdoc_16384,longdoc,16384,9.704060527839234,18.044775517036644,21.487440778682036,1.552854243601152,25.95233932123474,11.43015660613327,0.9619576544796387,17.5770437014255,0.023922822224971264,-57.08194279851159,11.634187043237034,0.0001922606854026401,0.9999855557252907,0.0392156862745098,0.6204178605350329,2.6347627016398985,0.963348961568979,0.7663190121416216,0.7888875402119803,0.806500096516502,0.15282102719563584,0.15781417487543337,0.7175364836136047,0.009538862943896106,0.5561316150768433,0.4548344273011046,0.3051294762388252,0.19358348147011473,0.13540182751944527,0.0759856497656774,0.26177612388652355,0.1015625,0.1832017173702606,0.150390625,1.5B,16384
18,0,longdoc_16384,longdoc,16384,9.704060527839234,25.05762186046283,24.1147068367441,1.1916801443532652,28.236119079765935,8.798536359922252,0.8271332962480921,12.355900663900401,0.09194180134259372,-6.329420767724514,15.377550851553679,4.008902090979621e-06,0.9999997597058436,0.0392156862745098,0.3906429598543879,4.232964196768121,0.9912622384225034,0.45623105242846035,0.6086738024910473,0.7720766157386498,0.3032454792178213,0.04943517658333743,0.052423545151025056,0.7443020836233248,0.02190366757122488,0.015034658891864533,0.009322659844610089,0.005484879583497746,0.0035541993690482517,0.0016324851599698702,0.0074774119501479,0.1015625,0.005238224730816747,0.150390625,1.5B,16384
18,1,longdoc_16384,longdoc,16384,9.704060527839234,16.882115253581258,24.1147068367441,1.1916801443532652,28.236119079765935,8.798536359922252,0.8271332962480921,12.355900663900401,0.09194180134259372,-56.54998788423836,6.097831702791154,0.016854130636634566,0.9976710521726077,0.0196078431372549,0.43551326875404905,6.612460056605524,0.8948309727066993,0.276867522598504,0.3193890427716734,0.3585872333639319,0.007042295844261082,0.06570969744706101,0.16883322773796058,0.005157494560294745,0.34848467435544833,0.2454401125858433,0.14195542982737358,0.10245886460597428,0.0798090110237539,0.05043583196588903,0.21615659790352468,0.1015625,0.14312867204517793,0.150390625,1.5B,16384
18,2,longdoc_16384,longdoc,16384,9.704060527839234,26.141849500543508,24.1147068367441,1.1916801443532652,28.236119079765935,8.798536359922252,0.8271332962480921,12.355900663900401,0.09194180134259372,-17.75704588741064,30.50980858132243,1.4632003175707953e-08,0.9999999999989437,0.0392156862745098,0.33456113340590676,2.4485213503513834,0.9965773040355322,0.8378796000218647,0.9243545515358049,0.9551456922970185,0.029232253337034414,0.04916775482953595,0.053732088842681165,0.9081932519205667,0.016085347777964876,0.011502317394558276,0.006402140763670021,0.003377799017170889,0.0020317478051220766,0.0008304781271993903,0.005645975603894418,0.1015625,0.0037126138113972905,0.150390625,1.5B,16384
18,3,longdoc_16384,longdoc,16384,9.704060527839234,15.690877296795088,24.1147068367441,1.1916801443532652,28.236119079765935,8.798536359922252,0.8271332962480921,12.355900663900401,0.09194180134259372,-38.38754454255104,3.3101525958627462,0.1898462932130962,0.9596108478489564,0.0392156862745098,0.46073626305076165,7.573231988751377,0.835352958764386,0.1284891413988503,0.16441074997805646,0.21899699022093705,0.019941043803080483,0.03901714998102057,0.06245981426889886,0.036757015107791474,0.30368358595150285,0.2638864366771786,0.20370918771148389,0.15023997160351532,0.11667649629220578,0.07462519363356519,0.10073822385981566,0.1015625,0.07877187162143802,0.150390625,1.5B,16384
18,4,longdoc_16384,longdoc,16384,9.704060527839234,26.351782866833677,24.1147068367441,1.1916801443532652,28.236119079765935,8.798536359922252,0.8271332962480921,12.355900663900401,0.09194180134259372,-25.82143031898886,29.91344816167839,1.4633304625718664e-08,0.9999999999988964,0.0392156862745098,0.3570377511634118,3.838306464095862,0.9877533946879168,0.6222160544888897,0.7658956973416386,0.8254077723942572,0.013407102172133693,0.03949378869083042,0.11519604869398073,0.6939701741844855,0.06576733964359828,0.04606951813959938,0.022955473399447646,0.010494048344132685,0.005971905850144756,0.002402038713001286,0.021435252232878,0.1015625,0.010984957894527593,0.150390625,1.5B,16384
18,5,longdoc_16384,longdoc,16384,9.704060527839234,19.889512696971018,24.1147068367441,1.1916801443532652,28.236119079765935,8.798536359922252,0.8271332962480921,12.355900663900401,0.09194180134259372,-19.38176252692938,15.748006757348776,2.6094887356612092e-06,0.9999998465219777,0.0392156862745098,0.4015331383475153,5.4166042992003804,0.947750228257145,0.3690032437460467,0.4926251574347159,0.6003320635391722,0.02139622696819199,0.042356697669629906,0.11683937981216316,0.5171830476964787,0.12284159302849185,0.09523605682765361,0.05969685303807833,0.03847595468108184,0.028194490423533527,0.016824196015780914,0.042355642211047526,0.1015625,0.03221266742015228,0.150390625,1.5B,16384
18,6,longdoc_16384,longdoc,16384,9.704060527839234,13.66503501526181,25.604019048399913,0.8223659575691864,28.237742422432355,12.062827174080159,0.8113593119387928,17.78115828341093,0.026567282341198897,85.03076483123004,1.1072871759533882,0.9430550186136931,0.6802373765599574,0.0392156862745098,0.5080505183415079,7.956201285985963,0.722316078765977,0.15101483452415346,0.16498044181178242,0.18774204660986443,0.04076742430598124,0.018688987374368082,0.13349254123632256,0.02749024267619177,0.44430658941556916,0.33848831121614786,0.23527150911760272,0.17481501199951685,0.14154723735103172,0.0977636308025078,0.22257955884924738,0.1015625,0.1782534072903348,0.150390625,1.5B,16384
18,7,longdoc_16384,longdoc,16384,9.704060527839234,19.67273346767736,25.604019048399913,0.8223659575691864,28.237742422432355,12.062827174080159,0.8113593119387928,17.78115828341093,0.026567282341198897,207.24540200456977,9.732478763908148,0.0006464575825103433,0.9999400380122063,0.0392156862745098,0.5540147519082512,5.210666701578833,0.9696827318371107,0.31718394884159445,0.4980466764732274,0.6353625190444988,0.0402138781343524,0.39339101327425396,0.09818847587760374,0.5586578929276663,0.04037233262138989,0.029810441675865818,0.018537918902917415,0.011714916213088738,0.0076225791621283585,0.003652629047021722,0.023213694826752066,0.1015625,0.016512477011752676,0.150390625,1.5B,16384
18,8,longdoc_16384,longdoc,16384,9.704060527839234,35.26083752067788,25.604019048399913,0.8223659575691864,28.237742422432355,12.062827174080159,0.8113593119387928,17.78115828341093,0.026567282341198897,239.66185042634606,24.92186632566154,1.5016043127571186e-08,0.9999999999839806,0.0392156862745098,0.4231808880419859,1.3427606044310085,0.999601009436107,0.9702959202117571,0.9840714490536099,0.9892569845077084,0.35331303238457323,0.018598729898279487,0.0344564486174968,0.9294364107000901,0.0019394940210694079,0.000834300638520349,0.000199961596603026,4.2083328077812154e-05,1.3330681953071461e-05,2.191658262717168e-06,0.0024055758653403715,0.1015625,0.0012689068945426194,0.150390625,1.5B,16384
18,9,longdoc_16384,longdoc,16384,9.704060527839234,19.475991993569224,25.604019048399913,0.8223659575691864,28.237742422432355,12.062827174080159,0.8113593119387928,17.78115828341093,0.026567282341198897,220.38456499762833,2.3191999830305576,0.5456284648424986,0.8420178563684573,0.0392156862745098,0.622911882214567,6.652893360581198,0.8912790029172768,0.23834714558918407,0.30102455260791056,0.36969964607768646,0.032478656490436464,0.010070104367859045,0.1338938200967473,0.20822564961889994,0.13974590899367495,0.11080939476566859,0.0752430444983569,0.05260651058576238,0.041185258633395366,0.02717628152332043,0.06894058875655942,0.1015625,0.050643914085226185,0.150390625,1.5B,16384
18,10,longdoc_16384,longdoc,16384,9.704060527839234,21.25059175368629,25.604019048399913,0.8223659575691864,28.237742422432355,12.062827174080159,0.8113593119387928,17.78115828341093,0.026567282341198897,237.89324374496937,10.526493489742279,0.00034283389147792627,0.9999707632832681,0.0392156862745098,0.5650381698461953,2.0407670595683927,0.989400358749465,0.8188466594523366,0.8494061545394368,0.8773316237153759,0.10445103318307147,0.02947925494273207,0.00043286284489631416,0.8321634353390124,0.03470404510123079,0.025098956233223335,0.014316415664802608,0.008145275732369662,0.0052254792824208765,0.002532865310748616,0.018971883514584998,0.1015625,0.013517107185434779,0.150390625,1.5B,16384
18,11,longdoc_16384,longdoc,16384,9.704060527839234,25.846843838733463,25.604019048399913,0.8223659575691864,28.237742422432355,12.062827174080159,0.8113593119387928,17.78115828341093,0.026567282341198897,215.13432340696454,38.05335068330169,1.4630452668851764e-08,0.9999999999989999,0.0392156862745098,0.4155989675916034,3.3008166335660007,0.996398750318271,0.6510042966693432,0.8505117421461562,0.9184212408900857,0.0005003041652464901,0.5239349338311108,0.04681420223362507,0.8854123215635588,0.00803567426304634,0.005251182340057942,0.0024472122681827935,0.001063163014847913,0.0005345752128062597,0.000165598194951958,0.004393982637589185,0.1015625,0.0029164587313299374,0.150390625,1.5B,16384
19,0,longdoc_16384,longdoc,16384,9.704060527839234,22.765157120085153,24.374268029602984,1.5673009111666536,28.978672900039527,9.707310743887538,0.7756776834498322,15.3081581499559,0.07531082139036653,16.072441186755896,5.7592655792832375,0.024479878754226376,0.9965217030826012,0.0,0.6799507504282944,6.260863508240321,0.9620128257719365,0.16774527696587185,0.2354096031380793,0.3331345183457294,0.008275027942931779,0.01261988333564723,0.005310790503602222,0.002267314730976934,0.1649548443017088,0.11041724043082114,0.053973950995569654,0.023045228089033375,0.012850617381877191,0.005151676683940874,0.25052506430674587,0.101806640625,0.10083305202314562,0.150634765625,1.5B,16384
19,1,longdoc_16384,longdoc,16384,9.704060527839234,28.158085341708954,24.374268029602984,1.5673009111666536,28.978672900039527,9.707310743887538,0.7756776834498322,15.3081581499559,0.07531082139036653,-21.79280566982925,2.0195123478770256,0.9464203554780214,0.7442222640547534,0.0,0.7225550710773786,4.994517649174113,0.9879165196185868,0.2919143804625585,0.3689764663699748,0.5014554366944094,0.02356128950277192,0.021414708361263912,0.030567538745739326,0.00043619838663448246,0.10996245710317473,0.05017769220512192,0.013098550144755491,0.0043812787136198765,0.0019100348985307632,0.00038721065105434507,0.4172885968428621,0.101806640625,0.4569108260848069,0.150634765625,1.5B,16384
19,2,longdoc_16384,longdoc,16384,9.704060527839234,18.369210218351476,24.374268029602984,1.5673009111666536,28.978672900039527,9.707310743887538,0.7756776834498322,15.3081581499559,0.07531082139036653,-32.61483649909496,4.692398060113192,0.1033027966987622,0.9833947520346861,0.0392156862745098,0.7158580541263584,6.324684950851325,0.9198253038802835,0.2596846235248909,0.3004394443090837,0.3600952797277797,0.057885282534983595,0.012985285975524508,0.18627963283973548,0.01603553993954505,0.2577775503905379,0.19236252337154944,0.10767900313595809,0.06292809430327873,0.043033772798984626,0.023415905559231242,0.22364829961923946,0.1015625,0.15942128672231673,0.150390625,1.5B,16384
19,3,longdoc_16384,longdoc,16384,9.704060527839234,31.753179045590738,24.374268029602984,1.5673009111666536,28.978672900039527,9.707310743887538,0.7756776834498322,15.3081581499559,0.07531082139036653,57.21382021903992,9.585224345326424,0.0007277104998692559,0.9999312603104129,0.0392156862745098,0.6355896793412507,1.67256031662261,0.9993864347171114,0.8747740485050668,0.9279247799975225,0.969318819575268,0.18766305767960745,0.017807380670641137,2.1691326660962314e-05,0.03206321496549313,0.0015413047843479267,0.0004692606417309807,8.14181184273937e-05,1.2626718996651913e-05,3.723707357562786e-06,6.320025288560374e-07,0.003521928239807436,0.1015625,0.002323604679363443,0.150390625,1.5B,16384
19,4,longdoc_16384,longdoc,16384,9.704060527839234,18.16723106681224,24.374268029602984,1.5673009111666536,28.978672900039527,9.707310743887538,0.7756776834498322,15.3081581499559,0.07531082139036653,-4.895779425278306,3.811936827376485,0.1399199431631375,0.9725888855239317,0.0392156862745098,0.6874696908919211,6.368439559547579,0.9378991454261328,0.23051715868757783,0.30603452514450036,0.38980580852962265,0.08820912871173814,0.005132803896516602,0.08593559652698929,0.12357002402026485,0.1803059948970404,0.1498233516035297,0.09259353381414875,0.05477743393975157,0.03633180895859211,0.01729880938878274,0.06345685322175058,0.1015625,0.04881423669298295,0.150390625,1.5B,16384
19,5,longdoc_16384,longdoc,16384,9.704060527839234,28.855745154400015,24.374268029602984,1.5673009111666536,28.978672900039527,9.707310743887538,0.7756776834498322,15.3081581499559,0.07531082139036653,-48.38923814613372,0.4790519420057535,0.8659854869145327,0.586970731123851,0.0,0.6926031508240672,5.019064842235715,0.9923105217407606,0.1580766231774914,0.2665101012815712,0.44544773110293384,0.042430791829311865,0.06239904142310593,0.013604800056507238,0.0004649072760901396,0.03955092952387697,0.014198625805320683,0.002705088084197641,0.0008431522526733544,0.00032034460281260205,4.961489236345265e-05,0.056231196909394904,0.101806640625,0.0533837947746742,0.150634765625,1.5B,16384
19,6,longdoc_16384,longdoc,16384,9.704060527839234,26.255339606214903,21.259278606538533,1.1444068005638062,25.022711241905032,8.599721539342276,1.0875391120942501,15.277178961090167,0.036113601534078006,-14.5894232429564,23.31849028542638,1.6447223528193583e-08,0.999999999924108,0.0392156862745098,0.4235974542124127,0.9650791593723392,0.9946608833493918,0.9236782601526341,0.9311383965004607,0.9394304863583539,0.2703433325106383,0.06298537784287772,0.005051798264435523,0.9303214903561579,0.02894171392561798,0.02038430070012872,0.010623795788593035,0.005227879135414056,0.0030452434436814965,0.001219325792236542,0.018255760796814208,0.1015625,0.013518822405755254,0.150390625,1.5B,16384
19,7,longdoc_16384,longdoc,16384,9.704060527839234,23.199505000187877,21.259278606538533,1.1444068005638062,25.022711241905032,8.599721539342276,1.0875391120942501,15.277178961090167,0.036113601534078006,-34.3556404709816,23.662756472826004,1.5989249113423385e-08,0.9999999999439062,0.0392156862745098,0.54028118267859,3.0757558709584565,0.9859712096249472,0.7276530427497049,0.8286685708710841,0.8752972018920753,0.05671912138353563,0.4242921553717762,0.456595616727626,0.44158963861605866,0.0597776933105114,0.04846091524437799,0.03191554020399437,0.019304168176825634,0.013012205856852031,0.006335099458309707,0.02464441523962523,0.1015625,0.017723220758614554,0.150390625,1.5B,16384
19,8,longdoc_16384,longdoc,16384,9.704060527839234,19.66488805469373,21.259278606538533,1.1444068005638062,25.022711241905032,8.599721539342276,1.0875391120942501,15.277178961090167,0.036113601534078006,-40.10380831733346,17.45020515844226,6.951284820361023e-07,0.9999999636409438,0.0392156862745098,0.46146698943466025,4.575218226952746,0.9442917612493269,0.5417088359362061,0.6283104489467011,0.678401188332988,0.06273061068034158,0.01819656466979014,0.3724016572328412,0.33015426666813597,0.1922340585379331,0.15706346111583652,0.11081223176716065,0.07214654841394466,0.05063323773556376,0.02655956835759022,0.09143762561644564,0.1015625,0.06911636945522814,0.150390625,1.5B,16384
19,9,longdoc_16384,longdoc,16384,9.704060527839234,23.215022506680363,21.259278606538533,1.1444068005638062,25.022711241905032,8.599721539342276,1.0875391120942501,15.277178961090167,0.036113601534078006,-29.194763477891684,5.712657734751701,0.022959972954082006,0.9966254839509028,0.0392156862745098,0.4787060344237514,5.842977117545821,0.935903395710713,0.3221133525698755,0.3991060484708958,0.4924319348100124,0.1726909165817181,0.014194700330256715,0.15429232998071774,0.32303603467998354,0.12267421267645402,0.09284204670638875,0.0660228926281649,0.04568525032191148,0.03314444646475639,0.01818281346508549,0.04681157538983354,0.1015625,0.036632238510959945,0.150390625,1.5B,16384
19,10,longdoc_16384,longdoc,16384,9.704060527839234,21.25217032709395,21.259278606538533,1.1444068005638062,25.022711241905032,8.599721539342276,1.0875391120942501,15.277178961090167,0.036113601534078006,-40.23429714143276,20.05718295648694,6.415460547967791e-08,0.9999999976757572,0.0392156862745098,0.4905166474809647,3.671490524858196,0.9786128080354527,0.6135579712640298,0.704825092865883,0.7858528717449491,0.06572351107666075,0.1170411239651763,0.44149201216749634,0.33687146219901376,0.11076054151526177,0.08745337876590197,0.055321859340361185,0.03293443909246184,0.021761813092392147,0.01071655521448622,0.052499263142655565,0.1015625,0.03717216887685834,0.150390625,1.5B,16384
19,11,longdoc_16384,longdoc,16384,9.704060527839234,25.498607449339495,21.259278606538533,1.1444068005638062,25.022711241905032,8.599721539342276,1.0875391120942501,15.277178961090167,0.036113601534078006,-13.348408035933971,37.103064336813986,1.4630453890457468e-08,0.9999999999989999,0.0392156862745098,0.48915510383004973,3.297657302603726,0.9950669743428486,0.6700943770789025,0.8541979000299991,0.9197821597296348,0.10277882008990824,0.07585673035016527,0.08444394518315286,0.8451367696641054,0.01670988021755482,0.011344764447564373,0.006000486199436087,0.002888990183440439,0.0016376403286813969,0.0006183296628473452,0.006054319925778985,0.1015625,0.0036070783164717213,0.150390625,1.5B,16384
20,0,longdoc_16384,longdoc,16384,9.704060527839234,18.220724501440344,23.509089251135634,1.107659214995182,26.342132799279682,11.324923081362531,1.908475859391524,15.626730974756947,0.11695584296306283,-34.10551118478179,17.83282993012108,3.672282564051955e-07,0.9999999813855117,0.0392156862745098,0.5371318751913313,4.12382722078244,0.9712645889116821,0.6630163460045729,0.7274274503169271,0.7729117246741669,0.15982588610170723,0.12725395863551814,0.1403492704122914,0.6001609623203013,0.07785700070445574,0.06540913878878572,0.0447122269236691,0.02968658687928543,0.02122608974030846,0.011778166515132787,0.03419167842702965,0.1015625,0.02616575274233601,0.150390625,1.5B,16384
20,1,longdoc_16384,longdoc,16384,9.704060527839234,18.251461953564732,23.509089251135634,1.107659214995182,26.342132799279682,11.324923081362531,1.908475859391524,15.626730974756947,0.11695584296306283,-74.69511983916163,4.668463539332151,0.07628534887531836,0.9880467862259502,0.0392156862745098,0.5081630792026883,3.8017831021012785,0.944584120149137,0.649579550889982,0.6706006987200874,0.6979256569735174,0.10894269131750534,0.07643349943532485,0.5494069807262076,0.01432807326655591,0.5004523804124928,0.38071689485937676,0.24136738569000796,0.157923574895148,0.11712926865274305,0.07156996355624974,0.24194352852082826,0.1015625,0.1921876095543386,0.150390625,1.5B,16384
20,2,longdoc_16384,longdoc,16384,9.704060527839234,16.59555371901763,23.509089251135634,1.107659214995182,26.342132799279682,11.324923081362531,1.908475859391524,15.626730974756947,0.11695584296306283,-70.77423834428191,0.5460687726736069,0.6576407432443773,0.6331994733909453,0.0392156862745098,0.5843232724540227,4.294897990913542,0.9552015526871112,0.5641186174625282,0.6087392326985475,0.6505490013849763,0.03708345257134038,0.04864631401975883,0.45843651085674003,0.053053724555162246,0.23318733271397263,0.17247947154864587,0.105615883836612,0.06686149207992913,0.04720224221877046,0.026468476531227334,0.1763055897028188,0.1015625,0.13338889680980243,0.150390625,1.5B,16384
20,3,longdoc_16384,longdoc,16384,9.704060527839234,18.559113519612712,23.509089251135634,1.107659214995182,26.342132799279682,11.324923081362531,1.908475859391524,15.626730974756947,0.11695584296306283,-72.20958058023825,3.676659922581166,0.20632668748211694,0.9611633957248095,0.0392156862745098,0.5133284451683225,5.808383035812172,0.9502501654375768,0.33898301248571133,0.3948967005967045,0.4549245455407434,0.07613372997529089,0.024647266274928192,0.1368037203348616,0.023157630977764836,0.25012483435094307,0.18486904964595374,0.09283148900615838,0.049601268146230226,0.03228901467254881,0.016051571073518834,0.1870336863193735,0.1015625,0.1435242764152403,0.150390625,1.5B,16384
20,4,longdoc_16384,longdoc,16384,9.704060527839234,16.33042727682164,23.509089251135634,1.107659214995182,26.342132799279682,11.324923081362531,1.908475859391524,15.626730974756947,0.11695584296306283,-64.58359956601635,9.520871147047728,0.002485772520551824,0.9997708213287345,0.0392156862745098,0.6152861397698797,4.902757670105105,0.9438703261691983,0.49648178026439055,0.5405601516829294,0.5868606774016507,0.03582992100292959,0.022304765508116997,0.3456258502580136,0.057027371309786544,0.23402597967068628,0.17754406463101163,0.11596184178184941,0.07564842371870163,0.05470195949274193,0.031201669004126895,0.16866000965273403,0.1015625,0.1252731786422546,0.150390625,1.5B,16384
20,5,longdoc_16384,longdoc,16384,9.704060527839234,17.201517115281955,23.509089251135634,1.107659214995182,26.342132799279682,11.324923081362531,1.908475859391524,15.626730974756947,0.11695584296306283,-65.80047717317939,8.256813522428274,0.003084391142789224,0.9996823991917987,0.0392156862745098,0.632933700361451,3.5324564844733497,0.9591853287172535,0.6605108130365737,0.6933616274718508,0.7308475727994861,0.09237370095994812,0.028698879700773006,0.5797746848824175,0.0709881783989379,0.3623268062892562,0.2580762487885175,0.1502255437375341,0.09169638322006582,0.06367556685277664,0.036131005270381746,0.23692998915368868,0.1015625,0.16670270953815258,0.150390625,1.5B,16384
20,6,longdoc_16384,longdoc,16384,9.704060527839234,16.43861317944654,21.170605622260695,1.4773522577704712,25.80460282120423,10.653793165473116,1.5515264311427654,18.59740773545537,0.07133234407542255,-31.077731044963002,4.256311118602753,0.08010616914361406,0.9853331796163433,0.0392156862745098,0.7457179460059938,5.547675849824507,0.8771674935097279,0.43265748079185834,0.4514965361991952,0.4796685835508984,0.047620133088927874,0.02695293069614091,0.39643634911623454,0.04198547830152483,0.5642787491597989,0.4413133161318104,0.29096227020198345,0.19139728708997758,0.14101585177154263,0.08699453267008399,0.3164955727135526,0.1015625,0.2420011249005534,0.150390625,1.5B,16384
20,7,longdoc_16384,longdoc,16384,9.704060527839234,20.58889825076104,21.170605622260695,1.4773522577704712,25.80460282120423,10.653793165473116,1.5515264311427654,18.59740773545537,0.07133234407542255,9.478478914126754,12.566591894254088,4.7398074424456794e-05,0.9999965094737042,0.0392156862745098,0.42569856614364643,4.383737898306728,0.9430025215422552,0.5753638201427195,0.6133927728389194,0.6491595469485759,0.03517073902386336,0.06744212258167726,0.010679746356909246,0.6087878265142794,0.1980163038844933,0.1552677420962855,0.10207051003927171,0.06359633348513145,0.043655605105832246,0.02309059401280626,0.10050245970873008,0.1015625,0.0747699223553603,0.150390625,1.5B,16384
20,8,longdoc_16384,longdoc,16384,9.704060527839234,21.94437995577912,21.170605622260695,1.4773522577704712,25.80460282120423,10.653793165473116,1.5515264311427654,18.59740773545537,0.07133234407542255,-14.56227346882224,17.149813612923026,6.760569769393726e-07,0.9999999637036203,0.0392156862745098,0.5582211326677654,3.4977288824369803,0.9735495931066902,0.6949664356097761,0.7360989267424154,0.7727341518427976,0.1314285407602494,0.048223412541800625,0.4874906865900076,0.28410502165928914,0.14186276167113757,0.10600431665451238,0.06492420553072786,0.03916477802543048,0.026421204474104124,0.013229831517401973,0.06145807752880506,0.1015625,0.04616655815897915,0.150390625,1.5B,16384
20,9,longdoc_16384,longdoc,16384,9.704060527839234,20.106849133864785,21.170605622260695,1.4773522577704712,25.80460282120423,10.653793165473116,1.5515264311427654,18.59740773545537,0.07133234407542255,-30.523982179234736,1.3774011746281758,0.8499360548709348,0.7218239454652804,0.0,0.6868904196215795,6.029821142844977,0.9620216471963664,0.2763805440621141,0.3348461844965673,0.4089424027326772,0.014309666396282505,0.017411200294638274,0.046920813429967664,0.001869312651162899,0.17104508838888682,0.1287406147064744,0.06391616874031208,0.0284170682226821,0.015067529754540393,0.00662415274158445,0.15451476208259088,0.101806640625,0.10258142288244823,0.150390625,1.5B,16384
20,10,longdoc_16384,longdoc,16384,9.704060527839234,17.697389380570982,21.170605622260695,1.4773522577704712,25.80460282120423,10.653793165473116,1.5515264311427654,18.59740773545537,0.07133234407542255,-36.1679979711771,8.157478746026754,0.004131022082527648,0.9995703078426849,0.0392156862745098,0.7006062258817783,3.61903886811123,0.950778909072571,0.6456092848414828,0.678104737038873,0.7133504385605766,0.019450559853535027,0.011866950960424338,0.5854306456242409,0.05863253705738755,0.34909371810105705,0.26824292580944226,0.17208049274226803,0.11010929374184901,0.0796885707456258,0.04669143749732945,0.22006064361920238,0.1015625,0.17313097765082108,0.150390625,1.5B,16384
20,11,longdoc_16384,longdoc,16384,9.704060527839234,17.514739494097668,21.170605622260695,1.4773522577704712,25.80460282120423,10.653793165473116,1.5515264311427654,18.59740773545537,0.07133234407542255,-28.852792321704328,3.7301213620230556,0.11176765295304522,0.9765128088008854,0.0392156862745098,0.7476530930928438,4.775843970308205,0.9546730631629597,0.5220929727474508,0.5753569827932997,0.632861021646078,0.29566342975810556,0.014166114230254212,0.3175221676792361,0.04140296279956962,0.21153214733844808,0.1627015195509233,0.10275841816535325,0.0623740321972076,0.042876504208885884,0.022494286622956015,0.13822947923670165,0.1015625,0.11162669377648456,0.150390625,1.5B,16384
21,0,longdoc_16384,longdoc,16384,9.704060527839234,19.485519403486034,20.910139723416073,1.8088848803947326,26.893583712372905,7.938426136423953,0.8168299585699911,15.722741202967532,0.02869399937463829,-59.03129566879943,1.46915154857561,0.5142076624642042,0.8085954438259252,0.0392156862745098,0.6777318035425949,4.686541094822353,0.966832940354939,0.49372049532873585,0.5572420127093918,0.6255711424583807,0.06773570699169196,0.052319654211862465,0.3402607665833173,0.039912715373515296,0.1333093989665289,0.09148678941790944,0.051194975139154816,0.02730655880436785,0.01658876903134255,0.007540479214048411,0.10357128623166827,0.1015625,0.07579204131935097,0.150390625,1.5B,16384
21,1,longdoc_16384,longdoc,16384,9.704060527839234,18.92500674903981,20.910139723416073,1.8088848803947326,26.893583712372905,7.938426136423953,0.8168299585699911,15.722741202967532,0.02869399937463829,-44.88116034120321,13.957754349336028,2.666039427501963e-05,0.9999982355132456,0.0392156862745098,0.5179329624739925,5.753912827674192,0.8766679996828993,0.4057149527511682,0.43308441035683953,0.4700553592747642,0.08796725848484632,0.017447868052842708,0.34938018079133015,0.1102030353522516,0.31175646515866046,0.24185989397953084,0.15720887251012938,0.10210249230557869,0.07411592997207739,0.0438885085607112,0.16127236515917281,0.1015625,0.12621476508920396,0.150390625,1.5B,16384
21,2,longdoc_16384,longdoc,16384,9.704060527839234,17.399773507452814,20.910139723416073,1.8088848803947326,26.893583712372905,7.938426136423953,0.8168299585699911,15.722741202967532,0.02869399937463829,-40.80872768443078,5.692300567869097,0.02714767754160552,0.9961007421782557,0.0392156862745098,0.6145500247386012,5.1074679886062135,0.9239471051104757,0.512422021265694,0.5716114087142877,0.6191387743952779,0.06967567374508787,0.0037462858501635665,0.28637696325341916,0.055798902892312575,0.16805170797562374,0.1323927088802407,0.09077266967742932,0.06307634949784668,0.0479770769068438,0.030338150890798866,0.08045836631149222,0.1015625,0.06544616152858626,0.150390625,1.5B,16384
21,3,longdoc_16384,longdoc,16384,9.704060527839234,25.33923007909439,20.910139723416073,1.8088848803947326,26.893583712372905,7.938426136423953,0.8168299585699911,15.722741202967532,0.02869399937463829,-41.84584676846862,11.693078074604273,0.00010902939962699014,0.9999914664273856,0.0392156862745098,0.3908521358510479,3.7575567310423588,0.9802643346312035,0.6253735428058692,0.6913472981698081,0.750916446395302,0.013078082799233393,0.0391104104200628,0.4231529795394069,0.3198823576382721,0.08151536422220014,0.054115228184100896,0.029306589118336227,0.016101843938524495,0.010250069107617584,0.004703867102918099,0.025316469704640646,0.1015625,0.018399332703768447,0.150390625,1.5B,16384
21,4,longdoc_16384,longdoc,16384,9.704060527839234,19.922079952906085,20.910139723416073,1.8088848803947326,26.893583712372905,7.938426136423953,0.8168299585699911,15.722741202967532,0.02869399937463829,-48.729101061820984,3.4348766529001296,0.2577512632928612,0.9435399837970901,0.0392156862745098,0.5090006275222185,5.6491971582397404,0.9442018082737941,0.38926140515112156,0.4531443943178143,0.5230068428368363,0.186307741472042,0.02728447887995178,0.15806913054263375,0.0698706114269296,0.17927272054023186,0.1351905753358365,0.08253365191464923,0.04854783677220416,0.03285390088186931,0.017142335457810395,0.08225697419267781,0.1015625,0.061144961910474194,0.150390625,1.5B,16384
21,5,longdoc_16384,longdoc,16384,9.704060527839234,16.106036456786708,20.910139723416073,1.8088848803947326,26.893583712372905,7.938426136423953,0.8168299585699911,15.722741202967532,0.02869399937463829,-39.49437296623364,7.0188635350205,0.007646984800790644,0.9990655217622197,0.0392156862745098,0.7292132692014051,6.108701011719049,0.8870407794039118,0.36637083508299806,0.43301691604147463,0.49231495941673503,0.16960803266382807,0.14101662215840194,0.2038279542436829,0.00645215487646523,0.22334891155721018,0.1878734764691805,0.1418135539365188,0.09822870689283525,0.07316743455153436,0.044426345209398255,0.16989633965173168,0.1015625,0.14396932081903718,0.150390625,1.5B,16384
21,6,longdoc_16384,longdoc,16384,9.704060527839234,13.85127165317435,20.239959036837465,1.1301388797444507,23.425441976752175,13.09675595452682,1.775875210115761,19.544492925273243,0.0907321898045784,-67.76829433813691,1.1963286604732275,1.095078478288317,0.6126685257064791,0.0392156862745098,0.70289950182381,5.958191293353915,0.8831067089015392,0.37366223961951506,0.39904668803807114,0.43042763447201954,0.12852105622079346,0.024858105884604242,0.32697694285936113,0.014175707256420917,0.5283187857048459,0.39457670161194097,0.24004953781577404,0.1524593206619381,0.1127966348604518,0.0691499859157177,0.3252412223112217,0.1015625,0.24425839347120756,0.150390625,1.5B,16384
21,7,longdoc_16384,longdoc,16384,9.704060527839234,19.02473825633071,20.239959036837465,1.1301388797444507,23.425441976752175,13.09675595452682,1.775875210115761,19.544492925273243,0.0907321898045784,-55.814483307302,14.041609786218032,1.2248559345591244e-05,0.9999991905241419,0.0392156862745098,0.577426113406509,3.508722916206514,0.9674498956622597,0.6932392528677108,0.7275405997500405,0.7581483222934393,0.6679339828939761,0.048517787205225815,0.5232534180208315,0.20817459964073307,0.2760095737742724,0.20765221588369326,0.12940338287747916,0.08021103837342054,0.05572510199589948,0.03022640019372863,0.13404016094403765,0.1015625,0.10133074783110309,0.150390625,1.5B,16384
21,8,longdoc_16384,longdoc,16384,9.704060527839234,18.167943194545046,20.239959036837465,1.1301388797444507,23.425441976752175,13.09675595452682,1.775875210115761,19.544492925273243,0.0907321898045784,-60.26441116258502,2.29007987678051,0.30755823107933483,0.908006344544043,0.0392156862745098,0.672781045300009,3.78815227457376,0.9727523406031938,0.6091438990284472,0.6695012465148953,0.7253416605655342,0.0926673485902354,0.03134119734282281,0.49066799973327657,0.11150300837051455,0.21315978118181333,0.15153086032035784,0.08357686117768136,0.04729381284430739,0.0305765511010344,0.015652879414812717,0.12332067259558775,0.1015625,0.09608748807844317,0.150390625,1.5B,16384
21,9,longdoc_16384,longdoc,16384,9.704060527839234,16.927007731537838,20.239959036837465,1.1301388797444507,23.425441976752175,13.09675595452682,1.775875210115761,19.544492925273243,0.0907321898045784,-67.65321685094386,3.1710967114195228,0.17029417901764657,0.9595922863960425,0.0392156862745098,0.7312407084572083,2.9569492809465205,0.9715277943316358,0.7081675690780028,0.7387284459694963,0.7712761113350463,0.03596148239055674,0.07135857633270337,0.6566952765976718,0.0540622644852712,0.4103350122941538,0.3011359318459745,0.17782450759508148,0.10381324479928788,0.0697440779325264,0.03693564856749053,0.21913072535170425,0.1015625,0.1623121828653085,0.150390625,1.5B,16384
21,10,longdoc_16384,longdoc,16384,9.704060527839234,18.134550912764077,20.239959036837465,1.1301388797444507,23.425441976752175,13.09675595452682,1.775875210115761,19.544492925273243,0.0907321898045784,-40.16977295652032,17.65209410339594,4.1843942413325523e-07,0.9999999783699871,0.0392156862745098,0.5868382231226614,4.940170669543047,0.9504839895588298,0.5203501255971393,0.5927885987904694,0.6526914950071065,0.35028570328137576,0.19668762517645622,0.22765758870104116,0.36289767682013935,0.1177945216312964,0.09316379904146391,0.06672288227681565,0.04675296213134254,0.03436804915709239,0.019960975833858485,0.06266461034328402,0.1015625,0.04791641550200423,0.150390625,1.5B,16384
21,11,longdoc_16384,longdoc,16384,9.704060527839234,16.482617404310012,20.239959036837465,1.1301388797444507,23.425441976752175,13.09675595452682,1.775875210115761,19.544492925273243,0.0907321898045784,-73.22262074612081,2.326839804649353,0.5297864664821639,0.8582887909909178,0.0392156862745098,0.7219532602367638,5.610276489935469,0.9341631543330081,0.38610260707420996,0.4258013613063197,0.46343845442919596,0.002487707196643374,0.12693421683764639,0.30577009375784747,0.01240128720460589,0.3590995102429347,0.24392213009884017,0.14265783741454205,0.07956299752214335,0.050826842374704834,0.02583983797691407,0.2742753420825669,0.1015625,0.18926194620217401,0.150390625,1.5B,16384
22,0,longdoc_16384,longdoc,16384,9.704060527839234,26.42727783318501,23.35741689478047,1.1174928818604009,26.244214555699106,15.004116304557524,1.4635178422224906,19.708467704511126,0.07050117457065572,-81.76141326315701,29.637691538780928,1.4635076986954761e-08,0.9999999999988323,0.0392156862745098,0.372643555470314,1.3414503966785771,0.9988036706951672,0.9783714281277934,0.9823156305062708,0.9854815533399058,0.252177238695233,0.05433010630103663,0.2020571698370883,0.7787491947591031,0.006760976524293695,0.004726420824269133,0.002359230953347008,0.00112587062701991,0.0006381742068440071,0.00024207931916734977,0.0048378342169816185,0.1015625,0.0030904533869512167,0.150390625,1.5B,16384
22,1,longdoc_16384,longdoc,16384,9.704060527839234,23.684522432834022,23.35741689478047,1.1174928818604009,26.244214555699106,15.004116304557524,1.4635178422224906,19.708467704511126,0.07050117457065572,-56.94223386980593,24.515136061236262,1.522959365289676e-08,0.9999999999754263,0.0392156862745098,0.42225670104103763,2.4292955373092666,0.9924245252492577,0.8832097393883825,0.9051428369352356,0.9228483328072264,0.20338148248736587,0.017210433781756684,0.3029846180585616,0.5961843741498181,0.031173030857287943,0.023453432677787257,0.013698477171282569,0.007765411611858834,0.004980464566049711,0.002390876205465026,0.013075844895660585,0.1015625,0.009485599965172935,0.150390625,1.5B,16384
22,2,longdoc_16384,longdoc,16384,9.704060527839234,36.220606268380166,23.35741689478047,1.1174928818604009,26.244214555699106,15.004116304557524,1.4635178422224906,19.708467704511126,0.07050117457065572,-114.12798071280122,51.20762903243303,1.46304518032326e-08,0.9999999999989999,0.0392156862745098,0.34930733468994474,1.2555429436813932,0.9996962388101971,0.9858352397450589,0.9892831784704578,0.9924558604273861,0.227883120863976,0.010811480604055568,0.2375613724565737,0.7456955128110747,0.0015603604940999203,0.0006736235587627672,0.00015066339548897844,3.0661649894494086e-05,9.147459605217014e-06,1.2679133691715694e-06,0.0032739676550075894,0.101806640625,0.0025454099439467734,0.150390625,1.5B,16384
22,3,longdoc_16384,longdoc,16384,9.704060527839234,21.995973213433235,23.35741689478047,1.1174928818604009,26.244214555699106,15.004116304557524,1.4635178422224906,19.708467704511126,0.07050117457065572,-33.704305931925774,26.605892330408096,1.4705216427638109e-08,0.9999999999962124,0.0392156862745098,0.38440481552679806,3.6260860060498743,0.9825170399262971,0.7309365905826241,0.8071492369989208,0.8386281845250131,0.10584675241328889,0.0373010988970508,0.14606562883954088,0.7012695316974031,0.07206235548145619,0.053881574425451294,0.03046424212553704,0.016458831066223742,0.010224245360025797,0.004559805849811685,0.03080897815222508,0.1015625,0.01975034197317498,0.150390625,1.5B,16384
22,4,longdoc_16384,longdoc,16384,9.704060527839234,26.478500650965398,23.35741689478047,1.1174928818604009,26.244214555699106,15.004116304557524,1.4635178422224906,19.708467704511126,0.07050117457065572,-90.89084695838392,0.7305866121314466,0.9132265654297969,0.6237646238439241,0.0,0.40644211242092226,4.896507327715396,0.98993045839617,0.294547999552871,0.4530910241434794,0.6240385728954997,0.015809725418345716,0.020838666309241305,0.049009198820378304,0.002073630639629905,0.06060655139787094,0.03112316696074423,0.010868453243366927,0.0040229458915497516,0.0019341057991070156,0.0006489581227999563,0.05576211340432375,0.1015625,0.040489436788961136,0.150390625,1.5B,16384
22,5,longdoc_16384,longdoc,16384,9.704060527839234,20.37716430339639,23.35741689478047,1.1174928818604009,26.244214555699106,15.004116304557524,1.4635178422224906,19.708467704511126,0.07050117457065572,-46.29861098830588,12.526830610120669,4.959909012572182e-05,0.9999963457548469,0.0392156862745098,0.2910207717589195,5.804407305031005,0.9587492507409677,0.3024228625655147,0.3725801064305872,0.45055290424201333,0.05204056831773535,0.03427069834226926,0.018012698242807004,0.2265651762995597,0.19059626154611728,0.1356607447088604,0.06730075864577353,0.03478683899304943,0.021859640558088804,0.010445276778040103,0.07938178858045276,0.1015625,0.06651411545553683,0.150390625,1.5B,16384
22,6,longdoc_16384,longdoc,16384,9.704060527839234,14.023369079677954,24.332874949649607,1.3107402051352695,27.436285843629157,11.564099591065524,3.1018801923670463,22.526849557813385,0.22292487425554625,-64.95742085995153,4.122317016590387,0.08364745558723781,0.9838739421972745,0.0392156862745098,0.3932962035221903,5.3188741242291115,0.902574572554552,0.46405791873716884,0.4993326362749688,0.5409559284578734,0.07815773491043965,0.011301740648469227,0.36535807809952037,0.030030205489672817,0.3267678461821636,0.288828928457649,0.21873292432911698,0.1568392523093252,0.11990674716002772,0.07417000296136259,0.21980794476182286,0.1015625,0.16858260442192902,0.150390625,1.5B,16384
22,7,longdoc_16384,longdoc,16384,9.704060527839234,24.210299206198112,24.332874949649607,1.3107402051352695,27.436285843629157,11.564099591065524,3.1018801923670463,22.526849557813385,0.22292487425554625,-77.79872235190123,6.8239305997267365,0.01796984940397934,0.997832634470365,0.0392156862745098,0.37216797010883934,3.4827751166577148,0.993149453955033,0.6878371270768769,0.7643619522710263,0.8264622704696403,0.22566329903646887,0.1146942188526956,0.23185978919107356,0.06991385663495259,0.042702354086778964,0.029181924875878205,0.011703150327589033,0.004411581722923566,0.002165754607336437,0.0007200310106684753,0.014229003262601844,0.1015625,0.010120786363410001,0.150390625,1.5B,16384
22,8,longdoc_16384,longdoc,16384,9.704060527839234,16.618412817367467,24.332874949649607,1.3107402051352695,27.436285843629157,11.564099591065524,3.1018801923670463,22.526849557813385,0.22292487425554625,-62.16437166556716,2.5139615533407778,0.35766178154632666,0.9069281491042906,0.0392156862745098,0.3565511456574687,6.044494415881378,0.9264167388758964,0.3147632916861503,0.3724649894124786,0.4412317935428628,0.03238374178758763,0.05770008928262671,0.20979202919487763,0.0914004354774647,0.27177664896790593,0.2225844724104189,0.14741830132719072,0.09078388120271513,0.06159652116360862,0.03279877781444802,0.12067821110783165,0.1015625,0.09009608032061445,0.150390625,1.5B,16384
22,9,longdoc_16384,longdoc,16384,9.704060527839234,21.456689177334592,24.332874949649607,1.3107402051352695,27.436285843629157,11.564099591065524,3.1018801923670463,22.526849557813385,0.22292487425554625,-33.86767891794443,0.8245299011468887,0.6390615604281813,0.6923360437197713,0.0392156862745098,0.4211754601802299,4.665959791378625,0.9895677227178836,0.4068105402783757,0.5313551508939954,0.6617883793310421,0.15480215034660283,0.013654735980559662,0.13754403486435213,0.35985770357548075,0.05812088867366141,0.032055000874011357,0.010874442729474996,0.003980582866545816,0.0018265700062957745,0.0005454959421665688,0.004845429956407829,0.1015625,0.0025576057385556126,0.150390625,1.5B,16384
22,10,longdoc_16384,longdoc,16384,9.704060527839234,20.026459868040796,24.332874949649607,1.3107402051352695,27.436285843629157,11.564099591065524,3.1018801923670463,22.526849557813385,0.22292487425554625,-97.251180190593,8.025067565613426,0.005251035930452374,0.9994315774531313,0.0392156862745098,0.4421337067809894,1.9895170266264217,0.9863958800818322,0.8190660154716962,0.8358031613799141,0.8504663141530268,0.12309254740094655,0.10082499756006413,0.7861650935194118,0.004551779539805916,0.3314405791630234,0.22500546631891732,0.11215857769243874,0.05472344454626848,0.03213547668515165,0.01495997523703108,0.2747827969618208,0.1015625,0.21257553794151327,0.150390625,1.5B,16384
22,11,longdoc_16384,longdoc,16384,9.704060527839234,19.297186476012193,24.332874949649607,1.3107402051352695,27.436285843629157,11.564099591065524,3.1018801923670463,22.526849557813385,0.22292487425554625,-91.03023643791676,0.3370103924535215,0.9927313333200256,0.5376328119691435,0.0392156862745098,0.370408354167929,3.7609119478353965,0.9639537316538052,0.6060756346031974,0.6332769631716825,0.6675819435409865,0.0938315920600763,0.03543943045147646,0.5749532227404727,0.01731779372102263,0.3716760487386624,0.26053888808105874,0.13902135369469765,0.07829355351771206,0.04923393096301689,0.023329356707060975,0.28526455300673026,0.1015625,0.212098106182425,0.150390625,1.5B,16384
23,0,longdoc_16384,longdoc,16384,9.704060527839234,24.655803971311517,24.121648770891326,1.5769855822394383,29.677543783689906,16.07104229880936,2.9687823289139996,27.43313822428512,0.10943571084903198,-107.36925226099993,8.366765435792331,0.0038270639775080497,0.9996001842101121,0.0392156862745098,0.5548630162953828,3.642962537129763,0.9924706498374614,0.5801345882206652,0.6280641892171741,0.6808331682963866,0.047097059088771265,0.009449871345173166,0.4661762340856279,0.0032444331364467798,0.066641104492585,0.03644881947209176,0.0028798198970280504,0.0007515296789975207,0.00034188930893614344,0.00010046665654233482,0.16307736622112756,0.1015625,0.12236645211906892,0.150390625,1.5B,16384
23,1,longdoc_16384,longdoc,16384,9.704060527839234,22.8140383410739,24.121648770891326,1.5769855822394383,29.677543783689906,16.07104229880936,2.9687823289139996,27.43313822428512,0.10943571084903198,-93.4255324555561,2.350942606222816,0.3243097750729192,0.909177034167813,0.0392156862745098,0.5540895478500572,3.366552729858981,0.9935058239534331,0.6190981193965441,0.6727638227627822,0.7453059234848339,0.035961650977950566,0.013664092580929044,0.4863200377694415,0.0009389650187759914,0.06832914599286767,0.020391287710931127,0.007278097969296915,0.0032043472326709716,0.001741243687163562,0.0006177997581245601,0.23752388556829918,0.1015625,0.1604562259994655,0.150390625,1.5B,16384
23,2,longdoc_16384,longdoc,16384,9.704060527839234,25.336670900811157,24.121648770891326,1.5769855822394383,29.677543783689906,16.07104229880936,2.9687823289139996,27.43313822428512,0.10943571084903198,-96.53070600598585,4.662724011694081,0.13610616506586823,0.9777842301619545,0.0392156862745098,0.5479927396115519,4.514653550614056,0.9950469023522558,0.3415686825449844,0.4555385645157293,0.5741654093563395,0.012100834359523915,0.047398187784669865,0.0013555585781755341,5.696175468155765e-05,0.0012991280075803954,0.00030027550970259477,7.075201763980761e-05,2.3530987697990748e-05,7.248667964046947e-06,1.2628704426838804e-06,0.055728085083675195,0.1015625,0.045008162169805944,0.150390625,1.5B,16384
23,3,longdoc_16384,longdoc,16384,9.704060527839234,18.137557217181058,24.121648770891326,1.5769855822394383,29.677543783689906,16.07104229880936,2.9687823289139996,27.43313822428512,0.10943571084903198,-61.818069263128564,12.245540366740897,8.279164741936877e-05,0.9999939147725075,0.0392156862745098,0.5940527796455859,4.054183081285505,0.9802797679886066,0.5721720830223976,0.62835005734071,0.6766888046976676,0.27178120254063476,0.031296131825051976,0.42104029733569015,0.007875934250390884,0.10229136107484521,0.0688298611291173,0.03337937722871684,0.016809436100372308,0.009989554910533441,0.0043151940094766994,0.14381001894300494,0.1015625,0.12030090324621635,0.150390625,1.5B,16384
23,4,longdoc_16384,longdoc,16384,9.704060527839234,25.677391982528704,24.121648770891326,1.5769855822394383,29.677543783689906,16.07104229880936,2.9687823289139996,27.43313822428512,0.10943571084903198,-88.60990661678079,7.535739824947086,0.006331517534792231,0.9992895928911358,0.0392156862745098,0.32369452352878364,4.383403864058781,0.9940095254717796,0.4488913913069489,0.5320417185810231,0.6350925312941949,0.5819599542423316,0.009578909190245288,0.10066439044317406,0.00108027026907467,0.022848429301548668,0.011035548637435003,0.004814991461214674,0.002169231036881164,0.0011556069944627283,0.0003601861580090479,0.07914519580232462,0.1015625,0.05196402780834186,0.150390625,1.5B,16384
23,5,longdoc_16384,longdoc,16384,9.704060527839234,17.666573253664286,24.121648770891326,1.5769855822394383,29.677543783689906,16.07104229880936,2.9687823289139996,27.43313822428512,0.10943571084903198,-62.73831959627569,7.20061862282455,0.0064658753821009345,0.9992263760743273,0.0392156862745098,0.5190705288067876,3.5857795300711928,0.9641629020318271,0.6350103921947611,0.6650206281126606,0.6977138978544017,0.09578777481343659,0.02494248387532272,0.5840753039783356,0.043200951529891035,0.1485845002701939,0.11232081014958664,0.05931942746957611,0.03196329053605873,0.020148673427103657,0.009831858081154988,0.13143074350178605,0.1015625,0.10181215670063742,0.150390625,1.5B,16384
23,6,longdoc_16384,longdoc,16384,9.704060527839234,26.254512448968256,21.63747528549606,1.3277737100758837,25.677146129002622,12.180904495029896,1.7348535717429314,18.401118610810382,0.08063291656134793,-16.969455402344465,22.399955541826785,1.908647411291712e-08,0.9999999998087674,0.0392156862745098,0.3194721433428978,3.2833130043467422,0.9890946218335788,0.6931994975749528,0.7905095467381809,0.844858283891989,0.07993095029187988,0.41325010253040717,0.40047557174271403,0.4285317999063093,0.06258781339202169,0.04718191706139693,0.02705796705228511,0.013835234671416655,0.00804016166140552,0.003129800419228217,0.02226538041913872,0.1015625,0.013581875617787287,0.150390625,1.5B,16384
23,7,longdoc_16384,longdoc,16384,9.704060527839234,16.719614321017385,21.63747528549606,1.3277737100758837,25.677146129002622,12.180904495029896,1.7348535717429314,18.401118610810382,0.08063291656134793,-23.35074282810092,15.388077044393867,3.4689624385221484e-06,0.9999997899153699,0.0392156862745098,0.4510876908732608,6.0819152781286245,0.8613810385541795,0.4017100598608413,0.438205303664761,0.47046624259052233,0.07984091408674865,0.0385940272321077,0.26400726828199833,0.2143726186945517,0.31393806790364037,0.2540489878870254,0.18158568826754448,0.12805709628024337,0.09829447346044169,0.0630379899342179,0.16166142388006985,0.1015625,0.12030889638815262,0.150390625,1.5B,16384
23,8,longdoc_16384,longdoc,16384,9.704060527839234,25.928527339224797,21.63747528549606,1.3277737100758837,25.677146129002622,12.180904495029896,1.7348535717429314,18.401118610810382,0.08063291656134793,-47.465340783586726,6.273778846254572,0.01656872221693174,0.997825047151339,0.0392156862745098,0.4983171927368279,5.021056469769994,0.9921343817627417,0.19788993812170433,0.313796566512216,0.479196532187818,0.01965015152301408,0.0035113672190973944,0.02136385331592848,0.000747276360420508,0.03938731503283439,0.016456258419345227,0.003900396090898453,0.0011029372829438153,0.00043799825550880546,0.00010132071978205399,0.08831231278462987,0.1015625,0.07281876203099914,0.150390625,1.5B,16384
23,9,longdoc_16384,longdoc,16384,9.704060527839234,25.50904652763618,21.63747528549606,1.3277737100758837,25.677146129002622,12.180904495029896,1.7348535717429314,18.401118610810382,0.08063291656134793,-17.55131547525525,40.59524228796363,1.4630451866118574e-08,0.9999999999989999,0.0392156862745098,0.3816629558006286,2.1320263253624807,0.9967467349388129,0.9106754569068667,0.9502178584924534,0.9649409844160151,0.005310545059221156,0.10554194640485837,0.3460835057634404,0.6230366091198819,0.016223976206254632,0.012118947550763096,0.007146516531186305,0.0037670392024948354,0.002291476326614673,0.0009818682381313433,0.007761479929605846,0.1015625,0.005581916878436106,0.150390625,1.5B,16384
23,10,longdoc_16384,longdoc,16384,9.704060527839234,26.24128848344751,21.63747528549606,1.3277737100758837,25.677146129002622,12.180904495029896,1.7348535717429314,18.401118610810382,0.08063291656134793,-18.219960132613778,25.0652588121593,1.497304598409585e-08,0.9999999999857323,0.0392156862745098,0.39089396790405073,2.1859421685737748,0.9956960679786362,0.8161807760177987,0.8969916923750817,0.9308460118025499,0.05344292040823832,0.3327220578356733,0.6222226607074153,0.314671945765751,0.05151092628592826,0.03688647229056982,0.019720724612312647,0.009186643954373516,0.00482901295546533,0.001576423998395451,0.018966552257037184,0.1015625,0.00965684295986009,0.150390625,1.5B,16384
23,11,longdoc_16384,longdoc,16384,9.704060527839234,19.92570362476035,21.63747528549606,1.3277737100758837,25.677146129002622,12.180904495029896,1.7348535717429314,18.401118610810382,0.08063291656134793,-17.089589091017842,19.164439871907234,1.200388631162162e-07,0.9999999948215728,0.0392156862745098,0.3419823732990903,5.056051760398946,0.9318772140027032,0.47581084155956477,0.5522048328128468,0.620789848847536,0.13204160881868887,0.0630352691748024,0.3113339191760126,0.34776122102883206,0.17663954381664554,0.14483986983388702,0.1022010717689479,0.06777280560476528,0.048985818467650565,0.027387343480179405,0.0787148226867677,0.1015625,0.05983913546435286,0.150390625,1.5B,16384
24,0,longdoc_16384,longdoc,16384,9.704060527839234,21.95442334337163,21.434140770339248,1.2732922475315438,25.696346286519613,9.478090205601536,1.2302641682804525,18.60197531623772,0.020931684409572035,111.91355822049081,30.13661369495094,1.4632704358928573e-08,0.9999999999989182,0.0392156862745098,0.5625127328401327,3.9713790244202345,0.9809225705710941,0.6097178762502807,0.7028417524045317,0.7905641796489982,0.15403233815855089,0.06695446247098324,0.2917328507382981,0.4935547281126246,0.0375583568132703,0.02876480002128817,0.01667820954025022,0.008978997981309866,0.0055893445736874,0.0024248113761242587,0.02208636508324846,0.1015625,0.01355197358059405,0.150390625,1.5B,16384
24,1,longdoc_16384,longdoc,16384,9.704060527839234,20.728108176965442,21.434140770339248,1.2732922475315438,25.696346286519613,9.478090205601536,1.2302641682804525,18.60197531623772,0.020931684409572035,115.09101350978017,22.48277746513486,1.920532377702071e-08,0.9999999998056481,0.0392156862745098,0.6197161168971647,4.153703532471191,0.9727880738221852,0.5761949920601143,0.6554592100490149,0.7274685273622716,0.24514311933958233,0.050193187653807314,0.37337130293446086,0.3675924830614554,0.06311600321268296,0.04740765460067731,0.02786561730130964,0.015409287119648183,0.009454841383791915,0.00403369377371062,0.02264720888443086,0.1015625,0.014480808345345528,0.150390625,1.5B,16384
24,2,longdoc_16384,longdoc,16384,9.704060527839234,20.730074317907484,21.434140770339248,1.2732922475315438,25.696346286519613,9.478090205601536,1.2302641682804525,18.60197531623772,0.020931684409572035,113.79158694297075,19.99422801285982,6.686345555287245e-08,0.9999999975411535,0.0392156862745098,0.566818905283685,4.903941559423776,0.9722372375114897,0.4691230484647777,0.5489512149567747,0.6389197143975682,0.1529410508834843,0.009825357618558073,0.10889736500692959,0.4409683759102048,0.03781997462693603,0.030506930388583875,0.02099950559398546,0.01269731483013004,0.008516740182770483,0.004097132704522261,0.012561638594318051,0.1015625,0.009248587986133228,0.150390625,1.5B,16384
24,3,longdoc_16384,longdoc,16384,9.704060527839234,20.67890904499444,21.434140770339248,1.2732922475315438,25.696346286519613,9.478090205601536,1.2302641682804525,18.60197531623772,0.020931684409572035,96.20085181295872,18.582719635218382,1.876653617164265e-07,0.9999999912113126,0.0392156862745098,0.5934345535763088,3.488983817646435,0.9704223825912657,0.6494243900593089,0.69133042906984,0.7429561085492695,0.05828637301883788,0.08530952036459638,0.5656859953841127,0.19118882003560117,0.11441005106475446,0.08559342088651906,0.05142086425968215,0.0286991592619427,0.018101313680656872,0.00821033679994736,0.04691358935540627,0.1015625,0.03057317972027576,0.150390625,1.5B,16384
24,4,longdoc_16384,longdoc,16384,9.704060527839234,22.161267293576564,21.434140770339248,1.2732922475315438,25.696346286519613,9.478090205601536,1.2302641682804525,18.60197531623772,0.020931684409572035,125.42265603225678,28.925977687351406,1.4638014185026295e-08,0.9999999999987248,0.0392156862745098,0.6142540433674605,4.295670651044861,0.9708364112955011,0.5665938250139846,0.6534574970033146,0.7231857723884219,0.22465319712834386,0.07914828331503188,0.34385949729638215,0.3931630154063644,0.06803552365746264,0.05097688051239332,0.029679172517373734,0.01615824726619893,0.01002879806370842,0.004448051493088864,0.030160182519774214,0.1015625,0.020094806262821768,0.150390625,1.5B,16384
24,5,longdoc_16384,longdoc,16384,9.704060527839234,22.3646975739263,21.434140770339248,1.2732922475315438,25.696346286519613,9.478090205601536,1.2302641682804525,18.60197531623772,0.020931684409572035,89.50602796673775,6.677963899681345,0.009728337218711965,0.9987373900922277,0.0392156862745098,0.6252995077404792,1.873399044284331,0.9898081662403264,0.8606399735158042,0.8879656004016854,0.9084248519467014,0.23906731395194925,0.2419238692933341,0.7889415136378727,0.041525577597257585,0.05019325584687993,0.037447849259098255,0.02294821187048095,0.013650447724276711,0.009076196302341955,0.0045779397848906035,0.030365615560780327,0.1015625,0.022248329460170614,0.150390625,1.5B,16384
24,6,longdoc_16384,longdoc,16384,9.704060527839234,19.93549922766625,21.326059149881814,1.291196441477695,24.70692078818254,22.532287649073652,7.015783778745771,56.87860628605271,0.23702985564847276,-75.57330972375348,17.194476563017815,8.031488671424418e-07,0.9999999575589205,0.0392156862745098,0.5010079903172394,2.0619073472288165,0.9793987807856814,0.8121452369595844,0.8240293346737547,0.8387724626013721,0.09309229682452447,0.009586437671060821,0.786392008040218,0.009082174121186743,0.519161477502106,0.40514994805483995,0.23848307757938986,0.13202108056123033,0.08339871819872599,0.03891363040374635,0.3662083793419646,0.1015625,0.29152020950192553,0.150390625,1.5B,16384
24,7,longdoc_16384,longdoc,16384,9.704060527839234,24.68829835011304,21.326059149881814,1.291196441477695,24.70692078818254,22.532287649073652,7.015783778745771,56.87860628605271,0.23702985564847276,-50.81584833562374,4.7953174486756325,0.047558720587420694,0.9917994317335308,0.0392156862745098,0.4300457590242584,2.1254299230099667,0.9935060110288867,0.8306849954238805,0.8706362266614717,0.9077200678573675,0.09826251131745067,0.03074713751306124,0.65898506633667,0.2237390149510147,0.07732291927405091,0.05425549994367491,0.03233314144749195,0.0190327466710565,0.012603313746429349,0.0063070850232713055,0.03841374359591375,0.1015625,0.030597652715479415,0.150390625,1.5B,16384
24,8,longdoc_16384,longdoc,16384,9.704060527839234,18.190271585868654,21.326059149881814,1.291196441477695,24.70692078818254,22.532287649073652,7.015783778745771,56.87860628605271,0.23702985564847276,-53.784579548984766,2.3979935236275196,0.2868180020472316,0.9166741715925047,0.0392156862745098,0.4519835966400817,4.7530004139708275,0.9259868559134192,0.5353389092736582,0.580153568283471,0.6211403853918999,0.062004167599407634,0.10074386487668097,0.4042543578302519,0.15491815951214918,0.20930992456984743,0.18934807264728148,0.1439351063859595,0.10272744959700918,0.0769483585313431,0.046353457011679845,0.19142227017995883,0.1015625,0.13980296002282425,0.150390625,1.5B,16384
24,9,longdoc_16384,longdoc,16384,9.704060527839234,23.388537658433727,21.326059149881814,1.291196441477695,24.70692078818254,22.532287649073652,7.015783778745771,56.87860628605271,0.23702985564847276,-69.15587408654392,20.775684705004096,3.717828919078428e-08,0.9999999989732169,0.0392156862745098,0.4574578726145747,5.023946153720209,0.9715901695941643,0.4020237926402929,0.4576575179077231,0.5238976968591661,0.1190285269965714,0.14235814580979156,0.31746771310750604,0.007376938617636199,0.2176448551953154,0.1626345193944657,0.07116817792562276,0.028765755528542054,0.01478956369591673,0.0056239848536848835,0.3479095653688496,0.1015625,0.2485224295918203,0.150390625,1.5B,16384
24,10,longdoc_16384,longdoc,16384,9.704060527839234,20.47684269021696,21.326059149881814,1.291196441477695,24.70692078818254,22.532287649073652,7.015783778745771,56.87860628605271,0.23702985564847276,-68.57252896204591,28.399938255548477,1.4645096766850953e-08,0.9999999999984663,0.0392156862745098,0.4811735887369072,3.087149588539941,0.981446911737186,0.6830626072341783,0.7126493056468937,0.7468156392202174,0.2782822169461827,0.003210944482911593,0.6248438328186832,0.0077120766400007035,0.17217872092915987,0.131375641130468,0.06026684663004312,0.0319564086968799,0.019465157195063112,0.008283140839968332,0.533540562220112,0.1015625,0.38085449903019286,0.150390625,1.5B,16384
24,11,longdoc_16384,longdoc,16384,9.704060527839234,20.380306358858814,21.326059149881814,1.291196441477695,24.70692078818254,22.532287649073652,7.015783778745771,56.87860628605271,0.23702985564847276,-75.01105265319347,21.06855884566903,3.356198757581299e-08,0.9999999991546653,0.0392156862745098,0.5650336273745135,2.3096597731915374,0.9818537778248829,0.7749018308340261,0.7932946687868548,0.8141523071410693,0.08264019186100846,0.0021919545288362485,0.7463617910883145,0.0028320991778746987,0.22905058367427852,0.15911746497632911,0.07897790451435778,0.046086376586677955,0.03146078044688897,0.016403214861253936,0.5183209290370916,0.1015625,0.41646363107855083,0.150390625,1.5B,16384
25,0,longdoc_16384,longdoc,16384,9.704060527839234,17.59720136115917,23.36727665996606,1.4493756911954798,26.983796401190503,22.463362820475222,6.493248382162347,52.885880254917986,0.22510812556482543,-70.4535061661154,17.83920120075345,4.521724283097713e-07,0.9999999771612197,0.0392156862745098,0.18966302596192217,1.5541607349114914,0.988300990644481,0.8645380909859784,0.8810696722499346,0.8991465899087607,0.028598111854338804,0.06727467315254376,0.8236192075045378,0.07878752500349404,0.2644415054465799,0.18820648236467283,0.10773006624567323,0.06582459905176703,0.04645467747504181,0.025989885532828355,0.10290780622267097,0.1015625,0.07761798425478345,0.150390625,1.5B,16384
25,1,longdoc_16384,longdoc,16384,9.704060527839234,18.40256154395668,23.36727665996606,1.4493756911954798,26.983796401190503,22.463362820475222,6.493248382162347,52.885880254917986,0.22510812556482543,-56.25472341757268,14.707028664648533,6.5262701457963856e-06,0.9999995864858382,0.0392156862745098,0.18536549967198934,3.677116186345479,0.9706846148548172,0.6219262720442527,0.6685081758063418,0.7156266809284209,0.007567793288206559,0.09324064319457115,0.5356575430062341,0.17769279371450797,0.25627403546465377,0.17955477582166432,0.09683136222527602,0.050989255705264205,0.03189241075966696,0.015021500876473736,0.08505770585555102,0.1015625,0.05298139006771382,0.150390625,1.5B,16384
25,2,longdoc_16384,longdoc,16384,9.704060527839234,24.792809213762403,23.36727665996606,1.4493756911954798,26.983796401190503,22.463362820475222,6.493248382162347,52.885880254917986,0.22510812556482543,-97.18504007160664,29.502804779447615,1.4636928039168743e-08,0.999999999998765,0.0392156862745098,0.0985558945519371,0.46235647413712705,0.9981501663984887,0.9682913198646949,0.9743636842471621,0.9787245549709405,0.01817060221110811,0.004331347327767965,0.951274555759468,0.022418762813840906,0.05571236183457689,0.03908151780996579,0.020840699182017874,0.010706533084659062,0.006342720555911111,0.0025968511396637886,0.035651607774518757,0.1015625,0.026279258734884257,0.150390625,1.5B,16384
25,3,longdoc_16384,longdoc,16384,9.704060527839234,16.740595355140254,23.36727665996606,1.4493756911954798,26.983796401190503,22.463362820475222,6.493248382162347,52.885880254917986,0.22510812556482543,-61.93611748702824,13.265403235331178,2.547336631166367e-05,0.9999982260239635,0.0392156862745098,0.15550753012515478,3.4720730016906094,0.9575504794530783,0.6720039341510988,0.6995224639586242,0.7340333008572467,0.2985720680675392,0.014443134928805001,0.5876487040851646,0.1491523460300545,0.3833706847358268,0.29907665704467623,0.18695605316281758,0.11869016879069601,0.08304695014433894,0.047008237049343905,0.1560320344321787,0.1015625,0.11597728345278303,0.150390625,1.5B,16384
25,4,longdoc_16384,longdoc,16384,9.704060527839234,16.26838853184352,23.36727665996606,1.4493756911954798,26.983796401190503,22.463362820475222,6.493248382162347,52.885880254917986,0.22510812556482543,-96.16263819858432,0.39906698220875114,0.9778012740319038,0.5481701545531654,0.0392156862745098,0.08852586412135598,4.737986298985175,0.9209524176233718,0.5023333714234105,0.5387858932520055,0.5908574856674413,0.08081079736468144,0.019791253903473027,0.4327613391024519,0.008437853936852004,0.3102168668095899,0.25879558478500386,0.1877046063500356,0.13116809372518085,0.0976265226234915,0.05807304399568657,0.4438349616106288,0.1015625,0.32206182925284554,0.150390625,1.5B,16384
25,5,longdoc_16384,longdoc,16384,9.704060527839234,18.265825058809835,23.36727665996606,1.4493756911954798,26.983796401190503,22.463362820475222,6.493248382162347,52.885880254917986,0.22510812556482543,-87.49805932259187,1.9958451855927706,0.9251639682967567,0.7355443776711822,0.0392156862745098,0.3404692384440036,4.515671115684327,0.9090310387556135,0.5478351481799705,0.5632744866871309,0.5859618302691544,0.0035991617387240993,0.021032583959240014,0.5283429347352191,0.029873186435885296,0.7553574503385875,0.6078868966020998,0.41464838044867663,0.2676214936690625,0.18751104163032212,0.10418731004739126,0.5088802382534234,0.1015625,0.43964001963177757,0.150390625,1.5B,16384
25,6,longdoc_16384,longdoc,16384,9.704060527839234,17.73112446576155,19.865249937502107,1.813457051909174,24.91285616107915,22.549854323673834,5.33783911834604,45.858753343630134,0.09967619916070948,-68.97826981451362,0.6803158889524639,1.3777359002635123,0.4883831366852594,0.0392156862745098,0.670678664615899,3.1224236991610255,0.9470280911845367,0.7004823348577259,0.7120182187141446,0.7277784897084157,0.030595071683634067,0.019904081016936637,0.6850638905034907,0.014321464324567868,0.2120752787456777,0.15890344669658227,0.10089048180692248,0.06401985462570699,0.0459004733149419,0.026861716191283354,0.18797559516082296,0.1015625,0.1630400358152783,0.150390625,1.5B,16384
25,7,longdoc_16384,longdoc,16384,9.704060527839234,22.16007895937815,19.865249937502107,1.813457051909174,24.91285616107915,22.549854323673834,5.33783911834604,45.858753343630134,0.09967619916070948,-66.24202625703765,12.55939511518227,8.112783176391998e-05,0.9999941113888967,0.0392156862745098,0.40824201344430316,2.9630019555561247,0.9924159787294726,0.7940034264917589,0.8592151477028854,0.8976911038811877,0.1441403885193474,0.12270373745507746,0.35055952032952603,0.048221456505469794,0.04401435772152138,0.030842536388463983,0.014393192165393734,0.006966861073102873,0.004385668315879582,0.00223785366353527,0.054771734771765355,0.1015625,0.04788729536597125,0.150390625,1.5B,16384
25,8,longdoc_16384,longdoc,16384,9.704060527839234,19.755571358637106,19.865249937502107,1.813457051909174,24.91285616107915,22.549854323673834,5.33783911834604,45.858753343630134,0.09967619916070948,-76.14339845874929,3.740890802204376,0.11058354040794652,0.9767818232213832,0.0392156862745098,0.34403703265017077,2.976971100522931,0.974948331172741,0.7441276286339831,0.7761367950259783,0.8038740672270733,0.07312876504358545,0.11461279114137257,0.5920606449151673,0.00721339395660423,0.13318758850688434,0.09826938476128437,0.053860730593605056,0.03112675208452421,0.01979135615162694,0.00976520306101622,0.14502907742154755,0.1015625,0.1239652952988721,0.150390625,1.5B,16384
25,9,longdoc_16384,longdoc,16384,9.704060527839234,18.084635771751103,19.865249937502107,1.813457051909174,24.91285616107915,22.549854323673834,5.33783911834604,45.858753343630134,0.09967619916070948,-88.48478755087126,3.132580286357552,0.17526560170267985,0.9580554693925187,0.0392156862745098,0.32130172340232477,2.036415566086196,0.9784343924258588,0.8246283098793767,0.8389552352299274,0.8548201056239347,0.05125564648449199,0.011081346875070786,0.7911949317005544,0.011590199747484597,0.10544633252636905,0.08200133091724825,0.0498612305638732,0.03134077944495114,0.021880521358933255,0.01157656008416727,0.0954286430818889,0.1015625,0.08410182807978388,0.150390625,1.5B,16384
25,10,longdoc_16384,longdoc,16384,9.704060527839234,19.572609339871654,19.865249937502107,1.813457051909174,24.91285616107915,22.549854323673834,5.33783911834604,45.858753343630134,0.09967619916070948,-72.57143235064723,0.07499729331902927,0.6979991999020909,0.5183616283812704,0.0392156862745098,0.4005354911926732,2.4130900374518305,0.977313643990755,0.7993137982719218,0.8223591220995545,0.8435093446152079,0.40393285151242964,0.005467731730742553,0.7359640815115229,0.047122437484146365,0.0922260808723681,0.0711681030605374,0.0450598064853547,0.029098900410508628,0.021082110150947696,0.012355323449091155,0.08037765753548007,0.1015625,0.06846164557407002,0.150390625,1.5B,16384
25,11,longdoc_16384,longdoc,16384,9.704060527839234,19.451071783276152,19.865249937502107,1.813457051909174,24.91285616107915,22.549854323673834,5.33783911834604,45.858753343630134,0.09967619916070948,-62.451345500638126,15.351685514571727,6.041547640588574e-06,0.9999996498103988,0.0392156862745098,0.48575374716754804,4.0330776390875105,0.9657926524653763,0.6722930514365038,0.7062117469135725,0.7409589287992788,0.5304941846445879,0.037537173932272516,0.4407334110620947,0.017105857355019714,0.13501594768033884,0.10636277374776594,0.07044522318631759,0.04160281029069947,0.02615859844628081,0.013002717728002277,0.12387784973248447,0.1015625,0.10719844041147351,0.150390625,1.5B,16384
26,0,longdoc_16384,longdoc,16384,9.704060527839234,24.12509365261262,22.506443765222453,1.722055023018848,27.635558238112,26.961823883155773,9.731907190511755,69.5874803163968,0.2067005623831975,-44.43390527740121,17.34460010379553,5.744628501725851e-07,0.9999999696677635,0.0392156862745098,0.4327212557925161,3.503638223805873,0.9679785169820458,0.6509505086709708,0.69470760932101,0.7393177025505544,0.015828543986205812,0.05071458631673442,0.5712563711918264,0.12441124371920112,0.09165061103294442,0.07480958665515546,0.04941742316812098,0.029322358576484804,0.020144826866567773,0.010780236126797807,0.05634053408234589,0.1015625,0.04497036091409723,0.150390625,1.5B,16384
26,1,longdoc_16384,longdoc,16384,9.704060527839234,19.098671048769727,22.506443765222453,1.722055023018848,27.635558238112,26.961823883155773,9.731907190511755,69.5874803163968,0.2067005623831975,-83.64138937287498,2.3078211147803813,0.3117305160612278,0.9085998779140824,0.0392156862745098,0.35713664895057723,3.901716707464674,0.9672486334788977,0.5930015182582705,0.6195037018073913,0.6512593828526946,0.0116118150129636,0.10792589859718005,0.5593055889003352,0.013137616161445506,0.12720448659792888,0.10065778548702063,0.06424009036169077,0.030929238669063195,0.020688855144530876,0.010384497459695632,0.156362864299695,0.1015625,0.11092785354980886,0.150390625,1.5B,16384
26,2,longdoc_16384,longdoc,16384,9.704060527839234,19.679386678761208,22.506443765222453,1.722055023018848,27.635558238112,26.961823883155773,9.731907190511755,69.5874803163968,0.2067005623831975,-79.42917411471717,0.009734074817970395,1.0154038403901984,0.43442278840293297,0.0392156862745098,0.48336877828342106,4.150575483373231,0.9617411113736662,0.5659943867754708,0.5907992319840911,0.6225004190693832,0.012539825396900905,0.0014194004907253088,0.5267721887310499,0.008333783446791296,0.1742633887704619,0.1260067851911008,0.06858315707891051,0.03339545501846957,0.02159818613057259,0.010824604917619371,0.13152968922898997,0.1015625,0.10112932015108793,0.150390625,1.5B,16384
26,3,longdoc_16384,longdoc,16384,9.704060527839234,18.54994721906407,22.506443765222453,1.722055023018848,27.635558238112,26.961823883155773,9.731907190511755,69.5874803163968,0.2067005623831975,-80.6715824753046,0.7482117535546422,1.2317274874768525,0.5059232892785148,0.0392156862745098,0.5043053849939582,4.309465974351985,0.9604403278298943,0.5485085508435777,0.5761755110206795,0.6078167536011384,0.2224816545158057,0.04072909964979443,0.5013456198872767,0.015259969659605698,0.1574559965368453,0.10623121007753074,0.07293583673849001,0.040310691198632724,0.025627574413074027,0.01192295507622146,0.17571033685805804,0.1015625,0.1326065815320047,0.150390625,1.5B,16384
26,4,longdoc_16384,longdoc,16384,9.704060527839234,19.950031983259088,22.506443765222453,1.722055023018848,27.635558238112,26.961823883155773,9.731907190511755,69.5874803163968,0.2067005623831975,-80.14245361834764,0.9690451158676296,0.8893377455762315,0.6681965887848922,0.0392156862745098,0.5424176839131343,4.074366105544257,0.9620905619575043,0.5714358010331593,0.5971327029344139,0.6297828929146325,0.060380527432065456,0.07856897488225023,0.5389135260119536,0.01440578719047268,0.1601333414301454,0.1164475232063981,0.06398925055858326,0.0403819683168371,0.025914220749444664,0.00976542297065279,0.12461534307104428,0.1015625,0.09368095564819108,0.150390625,1.5B,16384
26,5,longdoc_16384,longdoc,16384,9.704060527839234,26.801628732118516,22.506443765222453,1.722055023018848,27.635558238112,26.961823883155773,9.731907190511755,69.5874803163968,0.2067005623831975,-46.15432847291231,23.096144039183855,1.7361442904956e-08,0.9999999998866633,0.0392156862745098,0.41072422607001513,3.505919388248352,0.9810888099235112,0.649277102267543,0.6921564559722488,0.7376203550939959,0.03946310578511425,0.04496454445795317,0.5371901231886819,0.1351040969055543,0.06913295800760103,0.04889842267334075,0.029994437454611445,0.01654838087541042,0.010465759533323382,0.004703176510756735,0.046525727349876374,0.1015625,0.03544354894724598,0.150390625,1.5B,16384
26,6,longdoc_16384,longdoc,16384,9.704060527839234,20.536646827498963,20.424970020926082,1.4594172909223067,24.634222545004434,28.77668691073204,10.313043477491,74.20033214604321,0.21297109639375766,-78.06218401540536,4.538532516337,0.12954922878515024,0.9786049653542319,0.0392156862745098,0.41410338949891906,4.1953971267917005,0.9635336064966409,0.5504676090612718,0.5890934613134609,0.6307532315229895,0.021583374780648423,0.05512854146758306,0.4985964249594553,0.021426062398973544,0.2549841915808012,0.1999516214054269,0.10723699387403868,0.05932933058068149,0.03913351596233731,0.018428933824263964,0.31487962212449805,0.1015625,0.24432714672074546,0.150390625,1.5B,16384
26,7,longdoc_16384,longdoc,16384,9.704060527839234,18.886084494449115,20.424970020926082,1.4594172909223067,24.634222545004434,28.77668691073204,10.313043477491,74.20033214604321,0.21297109639375766,-66.58669874072075,0.22314639622345567,0.7881527602287804,0.5446014184064029,0.0392156862745098,0.6386511066032639,4.946806603790236,0.951752626456829,0.4622328255966493,0.487371970527829,0.51971815491812,0.01359069384424716,0.09071139764454195,0.42773667758045497,0.015200556102046191,0.3978987710691821,0.24163005997627787,0.1348786558683982,0.058165797571886245,0.03395277317040613,0.014256279670533792,0.3222256811522415,0.1015625,0.23143861634524715,0.150390625,1.5B,16384
26,8,longdoc_16384,longdoc,16384,9.704060527839234,20.129920298763942,20.424970020926082,1.4594172909223067,24.634222545004434,28.77668691073204,10.313043477491,74.20033214604321,0.21297109639375766,-72.05408944748342,1.6205896749161184,0.6913428016295634,0.784747419975735,0.0392156862745098,0.5354097790597149,4.594650301184466,0.9516651362736426,0.5091132395624637,0.532312288297954,0.564649167625324,0.019321548350243134,0.010595169806607796,0.4755755370571401,0.015203259513195807,0.4205923240550482,0.3036995562962143,0.15678871863781776,0.07791405556784153,0.04583668548859549,0.019264029934922416,0.3389636774468395,0.1015625,0.2577285548547272,0.150390625,1.5B,16384
26,9,longdoc_16384,longdoc,16384,9.704060527839234,20.355031322287886,20.424970020926082,1.4594172909223067,24.634222545004434,28.77668691073204,10.313043477491,74.20033214604321,0.21297109639375766,-69.68062290735543,5.071992768906057,0.07685403344842823,0.9878924455684549,0.0392156862745098,0.596778995873829,3.473405457846116,0.9629459885939566,0.6537502940711476,0.6735254974958417,0.6991676585170792,0.062047241678585774,0.0033835015832499593,0.62024306589912,0.012554942378462657,0.36909234933419466,0.2697980209329019,0.159233129440247,0.09245122689609044,0.056156591567779676,0.022453690779982917,0.3248082221445295,0.1015625,0.25803141998155976,0.150390625,1.5B,16384
26,10,longdoc_16384,longdoc,16384,9.704060527839234,23.90472431456797,20.424970020926082,1.4594172909223067,24.634222545004434,28.77668691073204,10.313043477491,74.20033214604321,0.21297109639375766,-33.9718499109149,19.33935947320424,1.499177976251766e-07,0.9999999934020856,0.0392156862745098,0.47972404361174964,4.675206544235885,0.957911513570678,0.5423513769575772,0.5838266150974972,0.6301546396904754,0.13545638863189002,0.011386856209036678,0.34912432056217124,0.24669053991935727,0.24169153297934168,0.17003133744579044,0.08822541484384329,0.046317425873936634,0.029776321294076463,0.014885455530792785,0.18220395579203572,0.1015625,0.13906850947555968,0.150390625,1.5B,16384
26,11,longdoc_16384,longdoc,16384,9.704060527839234,20.578401203083246,20.424970020926082,1.4594172909223067,24.634222545004434,28.77668691073204,10.313043477491,74.20033214604321,0.21297109639375766,-72.45572002930567,0.1769979284144938,1.1643716414917153,0.45184097529601974,0.0392156862745098,0.528832059810918,3.98016524116582,0.9651059868941231,0.5902926378166187,0.6219130519853853,0.6573935077186392,0.2615436645487097,0.010847661039325107,0.5313084031365594,0.025584883476289837,0.2518612818511136,0.1829535410088458,0.10049502328574235,0.05438274057745783,0.03448316075655414,0.01687015135825992,0.3190046041491973,0.1015625,0.27332805420327033,0.150390625,1.5B,16384
27,0,longdoc_16384,longdoc,16384,9.704060527839234,20.554277283284318,18.67610990194167,1.7627157805805036,25.062072205285187,27.56467695901982,9.852683966157779,61.400185596298364,0.18808027508962902,11.72823284752667,3.4628019179217517,0.1531721740340179,0.9673003447943709,0.0392156862745098,0.3948514474347056,6.331609431252247,0.948935795042243,0.23007447205785622,0.29581251361567745,0.368384121576333,0.03366180809018804,0.004204332531424271,0.12370997307803629,0.03123580870883272,0.13624709304441254,0.0965313034681173,0.05930712848202132,0.03917597426490689,0.023641718968042867,0.00872692084758795,0.09869421417863458,0.1015625,0.07528439264022287,0.150390625,1.5B,16384
27,1,longdoc_16384,longdoc,16384,9.704060527839234,18.24494444049625,18.67610990194167,1.7627157805805036,25.062072205285187,27.56467695901982,9.852683966157779,61.400185596298364,0.18808027508962902,30.572860381216742,0.8996854206779972,0.6645667053797832,0.7031411860977859,0.0392156862745098,0.46811461211802735,6.046344196494372,0.9617541480798583,0.20938129251098672,0.29197119315333836,0.3863679823266113,0.1721601876602019,0.14918509233158694,0.016999984194028154,0.015173157805004833,0.2984117750475676,0.1836972147692742,0.09446393870777267,0.04843581140417294,0.026502696616632026,0.008314940614211608,0.051148486405639994,0.1015625,0.04746773256378378,0.150390625,1.5B,16384
27,2,longdoc_16384,longdoc,16384,9.704060527839234,18.10851028392207,18.67610990194167,1.7627157805805036,25.062072205285187,27.56467695901982,9.852683966157779,61.400185596298364,0.18808027508962902,19.159893359057605,5.333419673843309,0.030603192072010062,0.9951824877265495,0.0392156862745098,0.4487270611890689,5.635211162897704,0.9575000438319657,0.37270201734527447,0.41775624206562495,0.47711073937378634,0.022152678605265486,0.08282434724722076,0.24488078533476798,0.025308783850661126,0.31986828012471413,0.20563634313623952,0.09282532440410643,0.036551570956910924,0.01755181622231633,0.006054410620634071,0.3086214087453991,0.1015625,0.22992893863778788,0.150390625,1.5B,16384
27,3,longdoc_16384,longdoc,16384,9.704060527839234,19.000468354977762,18.67610990194167,1.7627157805805036,25.062072205285187,27.56467695901982,9.852683966157779,61.400185596298364,0.18808027508962902,20.66264283005148,3.5092190839350224,0.2555475717697174,0.94875118617797,0.0392156862745098,0.420377773712611,6.536357055249555,0.9360447781745962,0.22411243820873672,0.2799082853457071,0.35178800362491236,0.15362793387873275,0.01462500911684117,0.09212794224599404,0.033894530827278266,0.23626544438573263,0.16321217267994892,0.0871673929237596,0.050098912852167915,0.03244499507852653,0.013685120005135812,0.18061573544684364,0.1015625,0.13440318227027903,0.150390625,1.5B,16384
27,4,longdoc_16384,longdoc,16384,9.704060527839234,18.627987484423567,18.67610990194167,1.7627157805805036,25.062072205285187,27.56467695901982,9.852683966157779,61.400185596298364,0.18808027508962902,24.052950085606426,1.1174538230116013,0.6859261438070833,0.7296134759159738,0.0392156862745098,0.44295501790206304,6.66527905359092,0.9390537441483524,0.18315034739016445,0.241923784378648,0.3115593075743523,0.0374659826367818,0.022281231761580145,0.046665271180056846,0.04057996148226063,0.2044456451976636,0.13870478250760945,0.06910109404458391,0.04118473203749232,0.026719449765673094,0.009770447164400422,0.18121577312350412,0.1015625,0.13370658605933078,0.150390625,1.5B,16384
27,5,longdoc_16384,longdoc,16384,9.704060527839234,20.174193379141318,18.67610990194167,1.7627157805805036,25.062072205285187,27.56467695901982,9.852683966157779,61.400185596298364,0.18808027508962902,20.7750949296169,5.753671738319099,0.021525686769922225,0.9968250226493868,0.0392156862745098,0.42412675102490116,6.368612946341564,0.9539639930760415,0.1989338555805812,0.265669165562039,0.34978441352457407,0.033212468684412855,0.033587144948051595,0.08909486528080757,0.036371367678232805,0.10500004332404529,0.07989797304300927,0.052585841942093495,0.03139023206038607,0.0166831788164132,0.005990152454428404,0.0810150475468752,0.1015625,0.058289990015763384,0.150390625,1.5B,16384
27,6,longdoc_16384,longdoc,16384,9.704060527839234,16.65615737703203,20.096539639699643,1.544737280491441,24.91986856784496,30.222656226332084,11.58769696555479,65.21625076905673,0.1634119589936574,30.966132309287786,8.569328501820564,0.0023435176763354233,0.9997654487915321,0.0392156862745098,0.36839070834733817,6.339225093770529,0.9588469814364046,0.172284673555217,0.25675467900517557,0.3425534358050697,0.08571608993875834,0.16695618456565864,0.023487878415734735,0.020372795114596,0.4102794468562279,0.2671915130686348,0.10420729618575328,0.043204061775744616,0.0211114516473595,0.007044284166416847,0.057231516940156435,0.1015625,0.04935672168708712,0.150390625,1.5B,16384
27,7,longdoc_16384,longdoc,16384,9.704060527839234,17.968035622369506,20.096539639699643,1.544737280491441,24.91986856784496,30.222656226332084,11.58769696555479,65.21625076905673,0.1634119589936574,9.618124198168516,4.835003223270178,0.04956282974348262,0.9917437547196302,0.0392156862745098,0.28836329226349405,7.035263601624752,0.9294654846988377,0.1225051633938563,0.17196960239670483,0.22991503313646786,0.03433606810430945,0.15179866055459534,0.03916243090772391,0.023327534315747078,0.3038161117685331,0.286115896938698,0.1775207696344755,0.0721015689841397,0.038014206575460216,0.011337198151287848,0.18369703362019965,0.1015625,0.1781422348189534,0.150390625,1.5B,16384
27,8,longdoc_16384,longdoc,16384,9.704060527839234,17.718020642792165,20.096539639699643,1.544737280491441,24.91986856784496,30.222656226332084,11.58769696555479,65.21625076905673,0.1634119589936574,46.076059508137405,6.375703471712768,0.013447029697624258,0.9982193625446987,0.0392156862745098,0.381392303346601,5.592963524087526,0.9726276672791504,0.2831330971908394,0.38803029671745703,0.49083491700230397,0.04761023911623852,0.1058721458895171,0.034895395172421274,0.013219001071700608,0.22225158675871684,0.13608951844011571,0.058918526809714836,0.0295733429423063,0.017143155099508586,0.005854381152199032,0.04891642499541784,0.1015625,0.040070507840912366,0.150390625,1.5B,16384
27,9,longdoc_16384,longdoc,16384,9.704060527839234,21.23137854177009,20.096539639699643,1.544737280491441,24.91986856784496,30.222656226332084,11.58769696555479,65.21625076905673,0.1634119589936574,50.36163289099932,19.064495734870434,2.0118196833544458e-07,0.9999999908500802,0.0392156862745098,0.3131974584100388,6.2665978757191025,0.9526370476078296,0.24345300278919502,0.29846710001506244,0.37214236287438546,0.2497239549371102,0.029362360658387487,0.03205276552066675,0.2279220702292489,0.14761430952099797,0.10879831948987545,0.07277327343609967,0.04825588820598784,0.03145897226965695,0.013629795802751019,0.1218897928920117,0.1015625,0.08415780610518016,0.150390625,1.5B,16384
27,10,longdoc_16384,longdoc,16384,9.704060527839234,25.527264642337496,20.096539639699643,1.544737280491441,24.91986856784496,30.222656226332084,11.58769696555479,65.21625076905673,0.1634119589936574,62.78286776691675,22.613566860556602,1.8190746082095395e-08,0.999999999847972,0.0392156862745098,0.2919922817534008,0.9593211899580896,0.9922116836642482,0.9296466000144546,0.9350515541023149,0.9410313401505861,0.6101666061677014,0.04337408044583402,6.952935733630035e-05,0.9340147528179319,0.038287692875255866,0.02961348271368227,0.018084131737407014,0.010526389385244478,0.006889806804568141,0.0033647492471780755,0.023322743588418283,0.1015625,0.01684525953020042,0.150390625,1.5B,16384
27,11,longdoc_16384,longdoc,16384,9.704060527839234,16.273801289950136,20.096539639699643,1.544737280491441,24.91986856784496,30.222656226332084,11.58769696555479,65.21625076905673,0.1634119589936574,15.617797534447163,6.77357007144019,0.01035227040924666,0.9987093441203292,0.0392156862745098,0.4171572124748674,6.466899039349156,0.949286861030875,0.20964627252010445,0.2673832365967846,0.33415149612594414,0.08791158249796371,0.023900592706709745,0.08700103397122855,0.026680509629271574,0.3463017293578383,0.21985212290010736,0.10379714121490526,0.06464186675803704,0.03905050262794257,0.013497790068697026,0.20486314292773705,0.1015625,0.14266051520192533,0.150390625,1.5B,16384
0,0,needle_16384_d50,needle,16384,9.704060527839234,16.37839803673711,821.3915995364134,1.3361065592551777,825.35635625785,4.709659331603774,1.201870872114048,6.690606725864675,0.04388992099402912,4553.848410662264,8.648752342443913,0.0017428371816267311,0.9998210843748505,0.0392156862745098,0.33990493189744453,7.900216472883599,0.837383018349134,0.05997289968100567,0.0903068405765399,0.13582265491138573,0.06467838513742663,0.05563561020204588,7.309871494118038e-05,0.11109051144269338,0.15652558790799698,0.13642498432045375,0.11341451328207879,0.08915683850982284,0.06806458595765402,0.03995705546505943,0.13533386042036089,0.1015625,0.10833347394537632,0.150390625,1.5B,16384
0,1,needle_16384_d50,needle,16384,9.704060527839234,37.24703812824702,821.3915995364134,1.3361065592551777,825.35635625785,4.709659331603774,1.201870872114048,6.690606725864675,0.04388992099402912,-499.3987434208393,47.389895014464855,1.4630451803300738e-08,0.9999999999989999,0.0392156862745098,-0.0073870816254151496,0.00046053608818869186,0.999938945626498,0.999995173550847,0.9999983320497433,0.9999996256275259,0.23836740231215003,0.04767508204267301,5.128158013858133e-33,0.9999790721879338,1.9720952231464557e-09,1.165851471457931e-10,1.0701475698001692e-12,1.5122951568049507e-14,1.5960792753231967e-15,1.806861246133491e-15,2.5909914479315392e-08,0.1015625,2.6907140268026397e-09,0.150390625,1.5B,16384
0,2,needle_16384_d50,needle,16384,9.704060527839234,12.958900712410827,821.3915995364134,1.3361065592551777,825.35635625785,4.709659331603774,1.201870872114048,6.690606725864675,0.04388992099402912,403.20614326000214,28.31235169991851,1.4644421039398223e-08,0.9999999999984903,0.0392156862745098,0.04383344540831191,2.654756708031427,0.9912598554742897,0.8075350981231997,0.8404756585940181,0.8699986833720434,0.38274695312337315,0.013731991153875356,5.412523567962012e-10,0.8562433893157152,0.045767225460068325,0.03122499937778358,0.014789069793559238,0.0061091064697098305,0.0030984389646497175,0.0009532741025128383,0.014880147249145645,0.1015625,0.00801618725054071,0.150390625,1.5B,16384
0,3,needle_16384_d50,needle,16384,9.704060527839234,72.60750810280703,821.3915995364134,1.3361065592551777,825.35635625785,4.709659331603774,1.201870872114048,6.690606725864675,0.04388992099402912,17079.517529569566,51.79406225681305,1.4630451803231733e-08,0.9999999999989999,0.0392156862745098,0.294028921640969,1.2287378149072378e-05,0.9999389646544031,0.9999999848235746,0.9999999981062487,0.9999999999362854,0.2705571421558943,0.33609237272366954,1.7107306339229993e-47,0.9999995605470028,4.421298814297479e-15,3.8507960074304003e-16,5.573521868786808e-16,5.573521868786808e-16,3.099222249026448e-16,7.669364699650564e-16,4.9695735019418705e-12,0.1015625,1.4015660129521685e-13,0.150390625,1.5B,16384
0,4,needle_16384_d50,needle,16384,9.704060527839234,18.47613548325712,821.3915995364134,1.3361065592551777,825.35635625785,4.709659331603774,1.201870872114048,6.690606725864675,0.04388992099402912,1491.396939503029,20.821150408126414,3.44098722094749e-08,0.9999999990922166,0.0392156862745098,0.09992225158452477,7.474596785521659,0.8630453511848801,0.14844292141413487,0.19759604406034184,0.24673424798545077,0.16575567373268996,0.2301515906913778,0.0002482785475028988,0.26341919747698717,0.07592707814541012,0.06862261117462516,0.05899355100886101,0.044906872688898,0.034518435398632016,0.020763173482737873,0.0413101540476284,0.1015625,0.032501195512873525,0.150390625,1.5B,16384
0,5,needle_16384_d50,needle,16384,9.704060527839234,15.494796860691343,821.3915995364134,1.3361065592551777,825.35635625785,4.709659331603774,1.201870872114048,6.690606725864675,0.04388992099402912,955.1369636207819,28.151102554053068,1.4647328479882052e-08,0.9999999999983837,0.0392156862745098,0.08104199086355725,1.7840052713857335,0.9960899948493167,0.863576287931279,0.8874382458892836,0.9102015008939801,0.024013082645396366,0.20447004075398922,6.690475566726873e-12,0.8788447564148489,0.03198636058031827,0.018832555019841445,0.006506440508503363,0.0019756362769894884,0.0007763696427107767,0.00014735086871692595,0.008743971750503458,0.1015625,0.004674904999023041,0.150390625,1.5B,16384
0,6,needle_16384_d50,needle,16384,9.704060527839234,33.928411014866036,736.1809042764194,0.7470628821806881,738.8779653690717,4.122083505771237,0.4262210279887285,5.5174707695973595,0.13190886811488053,-3633.177196536213,13.730833794921637,1.6052624598314026e-05,0.999998911400539,0.0392156862745098,-0.13486854898158165,0.0019420965069841922,0.9999388097759199,0.9999555520257031,0.9999801268085485,0.9999935725057174,0.24647510726651944,0.3509455543416493,1.2765592432362724e-41,0.9998685371658715,1.7050384462487152e-07,1.460754125473862e-08,1.626607694010927e-10,1.0265912575698334e-12,1.9394825859460743e-14,2.0598264728042278e-15,1.1027125922684092e-07,0.1015625,2.4319974353464838e-09,0.150390625,1.5B,16384
0,7,needle_16384_d50,needle,16384,9.704060527839234,19.35091689522483,736.1809042764194,0.7470628821806881,738.8779653690717,4.122083505771237,0.4262210279887285,5.5174707695973595,0.13190886811488053,8593.090914893895,8.071890365332365,0.002852658050694035,0.9996864283598672,0.0392156862745098,0.6110868561230428,0.5070971912402026,0.9986190514657614,0.9645950753807118,0.9686837466742042,0.9737007136580376,0.19939379002562418,0.10836249780095386,1.9813893519051067e-09,0.9629070262983618,0.011439234393397718,0.006979533457540516,0.0029072800283755917,0.001141319108244819,0.0005373268890004818,0.00015563999960127752,0.007631072821291188,0.1015625,0.004397250544966103,0.150390625,1.5B,16384
0,8,needle_16384_d50,needle,16384,9.704060527839234,14.39904084755192,736.1809042764194,0.7470628821806881,738.8779653690717,4.122083505771237,0.4262210279887285,5.5174707695973595,0.13190886811488053,1366.5251050405204,15.744276706129313,2.4518983478751826e-06,0.9999998545065935,0.0392156862745098,0.1413687022650675,0.5060067264647005,0.9993134802218735,0.9737370560948676,0.9788128848114107,0.9836633709838217,0.006733844133435696,0.013989213370351194,5.291867147961543e-09,0.9777195719736894,0.006760939562156333,0.003788081585840607,0.0012498866346248617,0.0003417001621917756,0.00012317484402429277,2.0652305521174987e-05,0.005126695789317525,0.1015625,0.0026753689762886034,0.150390625,1.5B,16384
0,9,needle_16384_d50,needle,16384,9.704060527839234,10.905474025807846,736.1809042764194,0.7470628821806881,738.8779653690717,4.122083505771237,0.4262210279887285,5.5174707695973595,0.13190886811488053,224.6496787518263,8.640678502619267,0.0017062424415176158,0.9998231281214952,0.0392156862745098,0.034164305585464405,5.468215504058383,0.970652400016552,0.32507611085539667,0.42610341182380623,0.5363263069019438,0.08225758277022877,0.03837407336644105,1.4263620527061237e-07,0.19624920313673538,0.1519951571361586,0.10811682246679072,0.056573065220292595,0.029538213854807233,0.017944859157408576,0.007823777863425394,0.011424108598716768,0.1015625,0.0068011987489967965,0.150390625,1.5B,16384
0,10,needle_16384_d50,needle,16384,9.704060527839234,35.03613499348135,736.1809042764194,0.7470628821806881,738.8779653690717,4.122083505771237,0.4262210279887285,5.5174707695973595,0.13190886811488053,4909.05578911677,18.365559052675962,2.192839662601517e-07,0.9999999894310648,0.0392156862745098,0.19917136184034473,0.017409083946460402,0.9999377301468136,0.9997532474294659,0.9998899125685063,0.9999475098680805,0.16867345790819854,0.03332769948531222,2.3187020314091398e-33,0.9981952274895188,1.994956862188291e-06,2.3767847551055252e-07,3.942218274077643e-09,4.959924257660013e-11,1.6265195056179556e-12,4.356561526578573e-15,1.983961753165465e-06,0.1015625,1.4127676294207636e-07,0.150390625,1.5B,16384
0,11,needle_16384_d50,needle,16384,9.704060527839234,10.942866705766397,736.1809042764194,0.7470628821806881,738.8779653690717,4.122083505771237,0.4262210279887285,5.5174707695973595,0.13190886811488053,160.28797272592783,31.939975769259036,1.463082316239006e-08,0.9999999999989864,0.0392156862745098,0.024677430331166504,3.58034371500956,0.9887555047392657,0.677707084388844,0.7897285847156145,0.8537477592093513,0.17528214697501632,0.02040240428030593,1.120672024625991e-07,0.8641514249836577,0.05271184599786019,0.03594047291138328,0.01845966317700188,0.008332502656832198,0.004343989044533573,0.0015126119399837437,0.016063220318884092,0.1015625,0.009714976880133489,0.150390625,1.5B,16384
1,0,needle_16384_d50,needle,16384,9.704060527839234,11.790313361098946,153.4645360689401,0.4415630066300596,154.77594436949846,4.718227993256285,0.323155191698565,5.8264026628456325,0.027657859180379933,423.5158397741616,46.907382821664214,1.4630451803344803e-08,0.9999999999989999,0.0392156862745098,0.2639173151235249,2.2379668052398203,0.9993345282673691,0.9006539539985372,0.9751213012516313,0.9862165754438987,0.04075155601751845,0.1953763313521648,2.0361499392085675e-13,0.9872605053843484,0.001449155658556529,0.0006549032263315265,0.00014987979928412213,2.8103534618994343e-05,8.5938842190476e-06,9.206104797553192e-07,8.267001758560751e-05,0.1015625,1.7239435553281984e-05,0.150390625,1.5B,16384
1,1,needle_16384_d50,needle,16384,9.704060527839234,14.64909992602136,153.4645360689401,0.4415630066300596,154.77594436949846,4.718227993256285,0.323155191698565,5.8264026628456325,0.027657859180379933,298.3722406066954,34.7554930485785,1.4630474301272427e-08,0.999999999998999,0.0392156862745098,0.1741735406027903,1.6378882380108943,0.9996438122518575,0.9724445483267729,0.9840743966229304,0.9916956694038392,0.502065503121262,0.023357214462283338,4.676035264731609e-13,0.9788845152556391,0.0008716276476269735,0.0003625096969615667,7.320884658484688e-05,1.3494394748274638e-05,3.6612765472566795e-06,4.792956123039453e-07,0.00029572780577994637,0.1015625,5.5655196122786795e-05,0.150390625,1.5B,16384
1,2,needle_16384_d50,needle,16384,9.704060527839234,14.184334603483435,153.4645360689401,0.4415630066300596,154.77594436949846,4.718227993256285,0.323155191698565,5.8264026628456325,0.027657859180379933,1483.879993710667,8.877483999356627,0.0013779163700538624,0.999860512944151,0.0392156862745098,0.6854460164959942,4.9157427688505395,0.9909234435137463,0.27895559193480074,0.4242450957377435,0.5859106886159473,0.0847338470975103,0.06278377892974163,7.716922842208129e-13,0.7214527977028131,0.02377411162407576,0.008086152816106687,0.005322977852256016,0.0009114630435819077,0.00024246393642486153,1.7630668382871658e-05,0.0006021348992049828,0.1015625,0.00015503992238224393,0.150390625,1.5B,16384
1,3,needle_16384_d50,needle,16384,9.704060527839234,8.81843899408941,153.4645360689401,0.4415630066300596,154.77594436949846,4.718227993256285,0.323155191698565,5.8264026628456325,0.027657859180379933,506.2353538386524,32.56305041722953,1.463065094990542e-08,0.9999999999989928,0.0392156862745098,0.38620002488734206,3.739181532379498,0.9964618646224607,0.5035786181260152,0.7501873967544881,0.8909044281325053,0.047196267501810496,0.09356794244921929,4.360170064612393e-11,0.9314906345226103,0.004592971320662647,0.0023820927576836057,0.0008646758651371245,0.00021272108958772314,6.623792315415263e-05,1.1915971896995423e-05,0.00028549721948698627,0.1015625,9.400666708449529e-05,0.150390625,1.5B,16384
1,4,needle_16384_d50,needle,16384,9.704060527839234,19.536115738361413,153.4645360689401,0.4415630066300596,154.77594436949846,4.718227993256285,0.323155191698565,5.8264026628456325,0.027657859180379933,651.950647527352,30.031670852564275,1.463295297296989e-08,0.9999999999989093,0.0392156862745098,0.2611680069991365,0.7314586224881134,0.9998847358389756,0.9957477049086957,0.9975891307073138,0.9988442327515595,0.36960915877651246,0.01476656984427649,2.1682054538154403e-16,0.9950812759197507,6.464662827668806e-05,1.5695641339275616e-05,1.4796189099073604e-06,1.4626740273478123e-07,2.7386620431761397e-08,1.875908753941392e-09,1.6185740975489247e-05,0.1015625,5.4850049499508725e-06,0.150390625,1.5B,16384
1,5,needle_16384_d50,needle,16384,9.704060527839234,18.812295166433977,153.4645360689401,0.4415630066300596,154.77594436949846,4.718227993256285,0.323155191698565,5.8264026628456325,0.027657859180379933,1824.1431839130819,6.999559827148914,0.011035672118359999,0.9986836340377214,0.0392156862745098,0.6371609748958071,8.797462873410272,0.6791075638176143,0.014803761410020981,0.02659757606386224,0.04453368147566605,0.015597400132264738,0.011077688001790875,0.0003661623802284831,0.035050705527020644,0.6097059481392879,0.5609086825354436,0.4578993372208332,0.34836331672706217,0.25631305396782705,0.16912578732549907,0.1419804540506124,0.1015625,0.1109147563694492,0.150390625,1.5B,16384
1,6,needle_16384_d50,needle,16384,9.704060527839234,12.602073947581166,29.264816147148252,0.8359811736492517,33.097607588599985,3.322165259090335,0.6051513409861102,4.762268181788313,0.15243647718312,70.68004261702299,13.082257814705372,2.9500901884059556e-05,0.9999979098208241,0.0392156862745098,0.25418018747107496,7.078535414103511,0.8661065024706136,0.14677921017495424,0.2165140246272179,0.30585641609514647,0.0016326424707662213,0.015656289816341484,1.3306976978173493e-05,0.37242506842991974,0.20531558692474394,0.1322461401779667,0.10429309483323376,0.09124530071363836,0.07723381594651794,0.05588756916595673,0.04711908398767231,0.1015625,0.03704220743672961,0.150390625,1.5B,16384
1,7,needle_16384_d50,needle,16384,9.704060527839234,11.815387987132144,29.264816147148252,0.8359811736492517,33.097607588599985,3.322165259090335,0.6051513409861102,4.762268181788313,0.15243647718312,87.57780539989471,8.61574912816286,0.0017466656280549864,0.9998185461497329,0.0392156862745098,0.29002668255397646,7.4641675918031005,0.836477221943401,0.08189352730157004,0.13943476075913155,0.22197446479536054,0.014816556006611137,0.06156714692719767,1.9085927811810065e-05,0.30350242634544544,0.1291075034788412,0.08346518898496587,0.05178569959530907,0.03955458402971907,0.03467349379480692,0.02868305562443645,0.04316343395698829,0.1015625,0.035325680400937656,0.150390625,1.5B,16384
1,8,needle_16384_d50,needle,16384,9.704060527839234,15.65285904837948,29.264816147148252,0.8359811736492517,33.097607588599985,3.322165259090335,0.6051513409861102,4.762268181788313,0.15243647718312,14.213292029686272,5.601730898953974,0.024338096760923925,0.9963184343791959,0.0392156862745098,0.07596409766360102,7.609797834153139,0.8113004562132271,0.08746002408292754,0.13870677220041808,0.21493607522013464,0.06625897625027943,0.10673725737040751,0.00031174616812943654,0.2898157206747952,0.34702155513943955,0.2418798997962622,0.16907602953960515,0.13263533828806656,0.10631976571400352,0.07026163617016197,0.1449410493678382,0.1015625,0.12392682191377839,0.150390625,1.5B,16384
1,9,needle_16384_d50,needle,16384,9.704060527839234,11.391253274334284,29.264816147148252,0.8359811736492517,33.097607588599985,3.322165259090335,0.6051513409861102,4.762268181788313,0.15243647718312,91.36595526523888,19.2431843271479,1.216091736756335e-07,0.9999999947818823,0.0392156862745098,0.35979382153638473,6.109127248523305,0.9231156520035961,0.3147445311335074,0.3840950401063645,0.46685852694170393,0.1729469797598462,0.023742584171641212,1.0439304340411145e-05,0.4882653536344091,0.21925519746864458,0.16140271566963066,0.10122942671886741,0.07024381676394195,0.05204800643155549,0.03064057096910974,0.07947295766424299,0.1015625,0.06037456974529569,0.150390625,1.5B,16384
1,10,needle_16384_d50,needle,16384,9.704060527839234,14.203870474678677,29.264816147148252,0.8359811736492517,33.097607588599985,3.322165259090335,0.6051513409861102,4.762268181788313,0.15243647718312,112.45635126531124,18.56676910072565,1.8369421924586924e-07,0.9999999913581493,0.0392156862745098,0.4360928316530806,2.926536491651656,0.9847228832072049,0.7828951202917727,0.816414836790125,0.8414847986723639,0.0556336293001376,0.25900681939505965,4.12077209643565e-07,0.8349433273750447,0.08569689210735874,0.06088435301518496,0.03333960528360027,0.017944236319837336,0.011109304427764984,0.0050381112726402945,0.03651208177667011,0.1015625,0.02559533106665227,0.150390625,1.5B,16384
1,11,needle_16384_d50,needle,16384,9.704060527839234,11.511316003087241,29.264816147148252,0.8359811736492517,33.097607588599985,3.322165259090335,0.6051513409861102,4.762268181788313,0.15243647718312,76.65459614619613,19.154558058828115,1.1139668280398541e-07,0.9999999951976484,0.0392156862745098,0.35891742397169785,4.827551195800455,0.9531411446333405,0.4960648603706735,0.5682407325184424,0.640162093024713,0.16872723728693462,0.05840288798154614,5.387671677177431e-06,0.6847722124546185,0.18468731328320048,0.12461798636173702,0.07292035488540075,0.046914323538686485,0.03367279128942919,0.019441928899518193,0.05915355906265805,0.1015625,0.047692006172241126,0.150390625,1.5B,16384
2,0,needle_16384_d50,needle,16384,9.704060527839234,21.737969650749804,24.696516637504352,1.7354420596703601,30.46546359996202,6.9834846683207115,0.8400334922546687,9.989780622303575,0.05041310518400481,-70.25421135313809,26.61332594230771,1.4706280836236943e-08,0.9999999999961748,0.0392156862745098,0.23620342756328444,1.7652058464596398,0.9970573375183543,0.9340082945352468,0.9557838638340667,0.9650267530840606,0.12155254370320723,0.301967144229061,0.5913141962425612,0.3710940099133434,0.02190330179505089,0.015457841658193083,0.008189506815475193,0.004246326316223812,0.0026412678189398266,0.001228283257204348,0.009042440275998726,0.1015625,0.006187647339818506,0.150390625,1.5B,16384
2,1,needle_16384_d50,needle,16384,9.704060527839234,21.988822889679394,24.696516637504352,1.7354420596703601,30.46546359996202,6.9834846683207115,0.8400334922546687,9.989780622303575,0.05041310518400481,-36.82263499312103,26.21275610756129,1.474031766686724e-08,0.9999999999948697,0.0392156862745098,0.30279431044694133,3.133738087285746,0.9956251375276864,0.7185387946226668,0.8286147691917554,0.9005422818815046,0.43122101297326987,0.03966777088148321,0.34517210172712876,0.5878312700907338,0.021140074057279853,0.011978469104383807,0.00601030441538607,0.0026982475762379475,0.001517066559132577,0.0005516933069333305,0.0038638106278799937,0.1015625,0.0023667206044313445,0.150390625,1.5B,16384
2,2,needle_16384_d50,needle,16384,9.704060527839234,15.434777372299425,24.696516637504352,1.7354420596703601,30.46546359996202,6.9834846683207115,0.8400334922546687,9.989780622303575,0.05041310518400481,-44.954906433820724,1.0494171002646908,1.1324316228978955,0.6213984419917293,0.0392156862745098,0.259227710022415,6.914480759741773,0.8957454259373097,0.1648029209855808,0.2047551685314881,0.26619698584430856,0.036509112198326754,0.017117626421335963,0.10982231045751109,0.122335999471508,0.13027349709679054,0.07981858390009396,0.04668962118815746,0.03254472922334043,0.026308551919889546,0.01841560969750156,0.04417262310805231,0.1015625,0.03410990965781415,0.150390625,1.5B,16384
2,3,needle_16384_d50,needle,16384,9.704060527839234,29.360568830370426,24.696516637504352,1.7354420596703601,30.46546359996202,6.9834846683207115,0.8400334922546687,9.989780622303575,0.05041310518400481,-78.37239116290584,1.8927940535359085,0.5349697422505799,0.8423693585824669,0.0392156862745098,0.11861202835234179,5.7066232625653495,0.9817800939852188,0.19121474539542896,0.2807536494588266,0.3805302240863114,0.18048659787982357,0.009607437338331082,0.007656185605598692,0.03174825712112766,0.03475132434343234,0.03760283833586696,0.013033831661248283,0.006668423399766435,0.004047377193744356,0.0016181195958900937,0.023727276695122607,0.1015625,0.02132952023332566,0.150390625,1.5B,16384
2,4,needle_16384_d50,needle,16384,9.704060527839234,17.24187770452658,24.696516637504352,1.7354420596703601,30.46546359996202,6.9834846683207115,0.8400334922546687,9.989780622303575,0.05041310518400481,-40.818916755728424,10.675124522298574,0.0003434188460380348,0.9999714530377384,0.0392156862745098,0.2565851746634546,5.820972223187715,0.930323928111682,0.3521540171439372,0.420698684622294,0.49497032849388817,0.27390157361072553,0.0710311954185392,0.16542589321692786,0.31855574189591207,0.10572558192758309,0.06876760385527614,0.04258107230987507,0.030306106741320997,0.02394317791828389,0.015043338947123569,0.029752568882437512,0.1015625,0.02381851341827427,0.150390625,1.5B,16384
2,5,needle_16384_d50,needle,16384,9.704060527839234,22.94225311405012,24.696516637504352,1.7354420596703601,30.46546359996202,6.9834846683207115,0.8400334922546687,9.989780622303575,0.05041310518400481,-47.71081829816103,0.7444309070706367,0.9677260035322778,0.6068846693092516,0.0392156862745098,0.264038453668231,6.080844289772831,0.9597343354259511,0.2433626321582682,0.3157886873820174,0.3987676383770004,0.2630154693772029,0.03901179733125959,0.09409762450763329,0.1255161864775925,0.1429707504065497,0.08858262391879448,0.04297086385712812,0.017236055842230754,0.008813563242626173,0.00320444283265974,0.011557019353909844,0.1015625,0.008524166125247742,0.150390625,1.5B,16384
2,6,needle_16384_d50,needle,16384,9.704060527839234,13.316413592926533,35.3007447063422,0.9221959707240179,38.95013268733409,4.860532506662315,0.6837128113907456,7.97244619964708,0.17519888531471972,38.44905195198953,14.970945933833718,7.96351936558908e-06,0.9999995096732983,0.0392156862745098,0.24493090516394025,6.058549280543332,0.8660452242530934,0.3941367703979734,0.4175071262701946,0.44471551841174745,0.00017347642847109768,0.08092304495897773,0.2992297902171356,0.14416813054908378,0.325470527720968,0.2652857652671132,0.18888785399449945,0.14019880195074746,0.10694946123896702,0.0701230363228647,0.15891362705680284,0.1015625,0.12039937837536697,0.150390625,1.5B,16384
2,7,needle_16384_d50,needle,16384,9.704060527839234,18.241763785238355,35.3007447063422,0.9221959707240179,38.95013268733409,4.860532506662315,0.6837128113907456,7.97244619964708,0.17519888531471972,67.21892636269331,18.717886924743652,1.6964861319562034e-07,0.9999999921934312,0.0392156862745098,0.25081768233378554,2.262690550629902,0.9941135757237138,0.9218799649224988,0.9318569221820138,0.9396908978846661,0.12203582054165807,0.03039537991538932,0.1160913569290468,0.8127774799306504,0.034354914868067,0.024859829345414867,0.013494177140527823,0.006777867739669135,0.004006229775301471,0.0016179457156936694,0.020822985177025043,0.101806640625,0.01404225188257111,0.150390625,1.5B,16384
2,8,needle_16384_d50,needle,16384,9.704060527839234,17.14929091430679,35.3007447063422,0.9221959707240179,38.95013268733409,4.860532506662315,0.6837128113907456,7.97244619964708,0.17519888531471972,46.05481981113553,9.47866065055132,0.0008024171163069473,0.9999234729988218,0.0392156862745098,0.22476988957743477,2.397146911666064,0.9888038066643074,0.8641657832569485,0.8754811289518472,0.8880476806370199,0.033348356709456795,0.09102024975042955,0.14295899875538276,0.7273268153013643,0.06886926735926359,0.04921433053521247,0.026324804314134486,0.013595932320833224,0.008236037237310598,0.0035516785875458726,0.03946130151621549,0.1015625,0.02719664816458881,0.150390625,1.5B,16384
2,9,needle_16384_d50,needle,16384,9.704060527839234,13.438522841093398,35.3007447063422,0.9221959707240179,38.95013268733409,4.860532506662315,0.6837128113907456,7.97244619964708,0.17519888531471972,108.16833351831883,7.961293397471309,0.0050407380915570826,0.9994500325221526,0.0392156862745098,0.33461787783938385,7.612393084277407,0.8436324884278634,0.11980916274051975,0.15661212198825503,0.20890812035689893,0.054801566216836406,0.042328374987430806,0.018162169572999556,0.1806074993940202,0.23992061269747336,0.19571695487745738,0.14201379791157748,0.10549110041576337,0.08491654709341682,0.05669482212981736,0.05658471358501132,0.1015625,0.0428657169575135,0.150390625,1.5B,16384
2,10,needle_16384_d50,needle,16384,9.704060527839234,16.029866508364137,35.3007447063422,0.9221959707240179,38.95013268733409,4.860532506662315,0.6837128113907456,7.97244619964708,0.17519888531471972,89.91248052567244,15.315324380993843,6.351489172965062e-06,0.9999996162069346,0.0392156862745098,0.3144013195333007,4.108723172819081,0.9628993457735108,0.7026772182463625,0.7231795494711386,0.7447312249657185,0.5748903472402365,0.015568118609257553,0.14113278020759326,0.583279965832552,0.15030138767385237,0.11075119286602293,0.06485098189058285,0.03655738443988735,0.02419072739326707,0.011984458891288994,0.08159651485747663,0.1015625,0.06420574550907322,0.150390625,1.5B,16384
2,11,needle_16384_d50,needle,16384,9.704060527839234,15.46973403729165,35.3007447063422,0.9221959707240179,38.95013268733409,4.860532506662315,0.6837128113907456,7.97244619964708,0.17519888531471972,55.9431813955307,17.19530515000224,6.45992437921706e-07,0.9999999654440682,0.0196078431372549,0.26018918355258663,4.494726547208496,0.9477804904084061,0.6043494290548482,0.6641513227432806,0.686205053255472,0.3147905125493189,0.11883312367016252,0.35600855430438116,0.30589247640177963,0.22155575113440568,0.16397697128611996,0.09528039414634518,0.054956573317130476,0.03556336482477041,0.0173175563417523,0.13964639242071786,0.101806640625,0.09861207245519264,0.150634765625,1.5B,16384
3,0,needle_16384_d50,needle,16384,9.704060527839234,23.121885690533233,25.223754959460393,1.0690023315791595,29.740973892732768,6.7518694335690315,0.6828094894098345,8.491326300927035,0.11178664453202682,-71.8399492977187,27.679752421216108,1.465644437388942e-08,0.9999999999980465,0.0392156862745098,0.5630252111199482,1.6499542975816457,0.9985417309355322,0.9609348134144243,0.9800395479452187,0.9843644816432956,0.3135289098594187,0.06339892272046654,0.2433437217989786,0.7361583834129592,0.008054529302626541,0.005624697325141808,0.002945404793159347,0.0014375605454436744,0.0008169222797958551,0.00031857292882816275,0.005203216565547573,0.1015625,0.003991112604007808,0.150390625,1.5B,16384
3,1,needle_16384_d50,needle,16384,9.704060527839234,21.91487852606962,25.223754959460393,1.0690023315791595,29.740973892732768,6.7518694335690315,0.6828094894098345,8.491326300927035,0.11178664453202682,-70.50782957999036,34.28211650950834,1.4630490054543689e-08,0.9999999999989986,0.0392156862745098,0.5944001861046417,1.454947992440814,0.9956459478724075,0.9360837308349541,0.9540022259506439,0.9618363771683285,0.08240033414613279,0.017401759400572203,0.7341587927430326,0.22511122495887836,0.08387759139979992,0.06298097371155324,0.03756550373804196,0.02091918039072808,0.013151584464717314,0.0059471932349625745,0.04871539908229757,0.1015625,0.0375916022950747,0.150390625,1.5B,16384
3,2,needle_16384_d50,needle,16384,9.704060527839234,24.808241816453894,25.223754959460393,1.0690023315791595,29.740973892732768,6.7518694335690315,0.6828094894098345,8.491326300927035,0.11178664453202682,-96.74202227691421,7.644065797270741,0.004137596214850481,0.9995213517429775,0.0392156862745098,0.565886360491012,1.5694216385064155,0.9987589592110929,0.9731693952696268,0.9777989765259688,0.9810232585609779,0.24087283752695132,0.03213707208832162,0.29741355718793955,0.6777292060014253,0.008441134650110746,0.005278861522176593,0.0023526314723090933,0.0010252109409824087,0.0005454984505647356,0.0001912521336644965,0.010470846754999938,0.1015625,0.0076564060917666665,0.150390625,1.5B,16384
3,3,needle_16384_d50,needle,16384,9.704060527839234,21.987365845915612,25.223754959460393,1.0690023315791595,29.740973892732768,6.7518694335690315,0.6828094894098345,8.491326300927035,0.11178664453202682,-97.34513208083808,6.4044073056429625,0.016718815993302376,0.9978246324375853,0.0196078431372549,0.569713592032331,1.8239735086227487,0.9930353496900541,0.9242905440351593,0.9307494168580591,0.9387254794178235,0.2416913135199641,0.012736461518628062,0.5697612115000952,0.35443620205903775,0.05959282945191002,0.044568895802557976,0.026216709616294347,0.014514018253341228,0.00922816846573826,0.004227954814409491,0.05635313285476502,0.101806640625,0.040089393092291196,0.150390625,1.5B,16384
3,4,needle_16384_d50,needle,16384,9.704060527839234,21.30507654800755,25.223754959460393,1.0690023315791595,29.740973892732768,6.7518694335690315,0.6828094894098345,8.491326300927035,0.11178664453202682,-48.9619025439024,19.573624089360237,7.957364335262679e-08,0.9999999968419364,0.0392156862745098,0.5249198074682478,3.5046966958288355,0.9735432923462392,0.6552637965761443,0.7161532979646084,0.7754669179989779,0.08002089166660209,0.018473511611355686,0.5128173829334353,0.2590588528642163,0.2719752505505512,0.19801299151498905,0.11799439907680262,0.06886858653326992,0.04547728167356619,0.022677681945948488,0.1584604850105288,0.1015625,0.12175571983982446,0.150390625,1.5B,16384
3,5,needle_16384_d50,needle,16384,9.704060527839234,21.123601487665493,25.223754959460393,1.0690023315791595,29.740973892732768,6.7518694335690315,0.6828094894098345,8.491326300927035,0.11178664453202682,-71.84511044435203,21.5117854392156,2.493748032975294e-08,0.9999999995414253,0.0392156862745098,0.5968934107641513,1.7663038507914617,0.9958896682032823,0.953011333674972,0.9583691162853907,0.9633036407142206,0.16590363024437238,0.2044436568268253,0.27490977777653547,0.6826058738505363,0.021614360810830444,0.01625269184013118,0.009407831712726092,0.004955082011874584,0.0030093334540999364,0.001358231020694103,0.013057483942511697,0.1015625,0.009348621895818037,0.150390625,1.5B,16384
3,6,needle_16384_d50,needle,16384,9.704060527839234,17.282216184761385,25.823965992873468,1.965262017830368,33.03773064678967,6.238873020206155,1.1061753230697744,9.40681465646612,0.09615402086710652,8.356440973002464,17.83576786192134,3.5269214789455697e-07,0.9999999820505957,0.0392156862745098,0.4159307789030919,5.222807586688113,0.9076416582614419,0.510348228949138,0.5625535442765157,0.5984267355771533,0.035268793666923814,0.09167179788155966,0.3174809130222047,0.3039080182023497,0.237923595930488,0.20017222568016146,0.14093973841403862,0.09333535759931329,0.06610235315969305,0.03709799672440211,0.12186703311953496,0.1015625,0.09190806625488095,0.150390625,1.5B,16384
3,7,needle_16384_d50,needle,16384,9.704060527839234,14.240534724174783,25.823965992873468,1.965262017830368,33.03773064678967,6.238873020206155,1.1061753230697744,9.40681465646612,0.09615402086710652,-14.629241840913892,7.237578244879842,0.006725215044706651,0.9992052179343329,0.0392156862745098,0.37403537806201126,7.442341729476697,0.850440162670751,0.14307419539710153,0.17067297878753449,0.2127452179749229,0.10791751137432626,0.005639596042257833,0.09492583937326586,0.019666701615872115,0.44528409433303007,0.3344437555885907,0.2298410114040166,0.16019108993830866,0.12079349170553491,0.07315514919579504,0.1981586620937776,0.1015625,0.13434934126985232,0.150390625,1.5B,16384
3,8,needle_16384_d50,needle,16384,9.704060527839234,18.83137004160737,25.823965992873468,1.965262017830368,33.03773064678967,6.238873020206155,1.1061753230697744,9.40681465646612,0.09615402086710652,9.4637978002429,15.957031235098839,2.0071473444695815e-06,0.9999998825040095,0.0392156862745098,0.3760279585803536,5.0909898659681145,0.9487254694063841,0.4520942615964266,0.5073024811193615,0.5629935896199608,0.01077271340596031,0.05764483476422888,0.3282843578134646,0.2644841515216581,0.255094386080574,0.1788721185438493,0.09747274015717614,0.05226484084317433,0.03289623119695877,0.015441614049234617,0.09839253003723919,0.1015625,0.07092195592465836,0.150390625,1.5B,16384
3,9,needle_16384_d50,needle,16384,9.704060527839234,12.440104925975998,25.823965992873468,1.965262017830368,33.03773064678967,6.238873020206155,1.1061753230697744,9.40681465646612,0.09615402086710652,-8.229620442260057,8.661928894463927,0.0020987176644681376,0.9997912175127732,0.0392156862745098,0.5309524772499831,7.43933726366024,0.7851327906680875,0.20523726507887574,0.22187417107323382,0.24648253832205058,0.12110777723049448,0.011752227238777696,0.176878821823207,0.04959262766987384,0.4969765011447434,0.40346489418444925,0.2665984885535558,0.1904527835640246,0.1528560085741198,0.10371722684945764,0.20879569827396818,0.1015625,0.15590983908969694,0.150390625,1.5B,16384
3,10,needle_16384_d50,needle,16384,9.704060527839234,19.992714790346245,25.823965992873468,1.965262017830368,33.03773064678967,6.238873020206155,1.1061753230697744,9.40681465646612,0.09615402086710652,-14.456174353137612,19.5834796782583,7.916523673972223e-08,0.9999999968653588,0.0392156862745098,0.3691276909281284,2.1696306171214452,0.9877742772899687,0.8737154411913328,0.8869338625415467,0.8985131898853237,0.034848658075899125,0.020945887891853032,0.5581055330045681,0.3336464226885548,0.07353132995319932,0.05772541339395282,0.034222238064029756,0.019101428841798506,0.012041607378015655,0.005688581638179168,0.035394309810825676,0.1015625,0.024819322739437273,0.150390625,1.5B,16384
3,11,needle_16384_d50,needle,16384,9.704060527839234,13.04027286052267,25.823965992873468,1.965262017830368,33.03773064678967,6.238873020206155,1.1061753230697744,9.40681465646612,0.09615402086710652,-11.315443759784102,2.3839325960725546,0.3880526551361779,0.8956348069681955,0.0196078431372549,0.43811199882673124,6.294943773557399,0.8395896702735459,0.3263391907252429,0.3871710811151046,0.4697746611895805,0.006781080213902557,0.12133466556982986,0.2160503884363663,0.003103126261019429,0.7905821859851802,0.6844357071204983,0.5312262959001034,0.3974526895832359,0.3151585555271826,0.21117860332146976,0.5137487084490593,0.101806640625,0.4309088154517443,0.150634765625,1.5B,16384
4,0,needle_16384_d50,needle,16384,9.704060527839234,17.20266801340171,25.925526628415064,2.1575076732216947,30.63798214896057,6.328941324782498,1.514768668872961,10.973659110566073,0.14644622260831028,-70.1950438125059,7.557950537651777,0.00461160146380683,0.9994666197810834,0.0392156862745098,0.21341209067952377,3.6624572729745397,0.9711848114035257,0.6337531315457232,0.6802487398664342,0.7280512921864436,0.016775710112790776,0.047455117640295086,0.5181731032551188,0.15729303599972272,0.25330521388858335,0.1804787825722702,0.10377340161962306,0.059578325288896256,0.03897018428673278,0.018394776315500825,0.16043329745740248,0.1015625,0.1259225793274236,0.150390625,1.5B,16384
4,1,needle_16384_d50,needle,16384,9.704060527839234,16.326010760176217,25.925526628415064,2.1575076732216947,30.63798214896057,6.328941324782498,1.514768668872961,10.973659110566073,0.14644622260831028,-71.26527568232268,3.157779633998871,0.17073303667482037,0.9591906642745988,0.0392156862745098,0.23507851633135243,3.103124399573366,0.9718391454666825,0.6935116309050069,0.7267125188517485,0.7586876420871094,0.05091478384716108,0.053583501221446284,0.6344299073630834,0.07000678458405521,0.4760337573682515,0.3445810946932735,0.19554933562706328,0.10860378879764758,0.07032607494073771,0.03517099312759543,0.23138236085501207,0.1015625,0.15637452129881718,0.150390625,1.5B,16384
4,2,needle_16384_d50,needle,16384,9.704060527839234,23.06259696605374,25.925526628415064,2.1575076732216947,30.63798214896057,6.328941324782498,1.514768668872961,10.973659110566073,0.14644622260831028,-68.62147303670645,24.2019046228379,1.540365821537934e-08,0.9999999999681437,0.0392156862745098,0.23748442292742764,1.9287822205120466,0.9967053263961622,0.932746493644747,0.9517260550105312,0.9603970748984071,0.7210275111964153,0.0780265976254757,0.5617284372398172,0.392427337334188,0.04158009191530274,0.02829450261437378,0.014120176686914966,0.006700619392204061,0.0038196102104933252,0.0015367515921129126,0.01953615868003855,0.101806640625,0.013338791295446024,0.150390625,1.5B,16384
4,3,needle_16384_d50,needle,16384,9.704060527839234,18.665099127169917,25.925526628415064,2.1575076732216947,30.63798214896057,6.328941324782498,1.514768668872961,10.973659110566073,0.14644622260831028,-67.78256498184055,4.230065039359033,0.08418522620384544,0.9844942117256497,0.0392156862745098,0.19707570652208878,3.976832314140503,0.9543588101255746,0.5959376944068546,0.6196794495289093,0.6523065294273154,0.18020041814425625,0.08518118321088242,0.5387657556789892,0.07540998105018293,0.6550868810851812,0.47020419808008307,0.2719929835241062,0.153183956474625,0.09921315703370776,0.04946214080909734,0.28816856021687987,0.1015625,0.20833809408698034,0.150390625,1.5B,16384
4,4,needle_16384_d50,needle,16384,9.704060527839234,19.515006044100023,25.925526628415064,2.1575076732216947,30.63798214896057,6.328941324782498,1.514768668872961,10.973659110566073,0.14644622260831028,-73.2778142541647,0.9278210857883096,0.6127438624772932,0.715100069434742,0.0196078431372549,0.36085014669732063,5.389253699508016,0.8969139209101311,0.43689226425036315,0.4598012195907351,0.4910150661659829,0.02772908598489332,0.09215943691883055,0.40705753081559526,0.010235238572177067,0.6679364198514787,0.5125868599941176,0.31165315690111306,0.19275829353258525,0.13507880026601,0.07408160709318569,0.44157276003638274,0.1015625,0.2999617804358639,0.150390625,1.5B,16384
4,5,needle_16384_d50,needle,16384,9.704060527839234,18.029634520689815,25.925526628415064,2.1575076732216947,30.63798214896057,6.328941324782498,1.514768668872961,10.973659110566073,0.14644622260831028,-42.22588852327317,16.369297592900693,1.416907842893107e-06,0.9999999197543468,0.0392156862745098,0.405008663839741,4.48606434983372,0.9524412381716287,0.5871062865736871,0.6238679458823421,0.6576033965701541,0.3153881759346282,0.0035869760311482146,0.2808821408814151,0.38438340447424624,0.18663888034945936,0.13946758888247396,0.08249719359402813,0.04866092951962613,0.03302060378735012,0.017992572696317124,0.06087226924173973,0.1015625,0.03938904442144879,0.150390625,1.5B,16384
4,6,needle_16384_d50,needle,16384,9.704060527839234,23.702059060747445,22.840789655468328,1.1951009735382805,25.407070541093397,6.980659464596354,0.7964989406942312,9.163738299470186,0.0634305869308133,-53.64767491980456,37.556497219600715,1.4630453105821846e-08,0.9999999999989999,0.0392156862745098,0.5038017490589844,2.0241268163147197,0.9989355150377626,0.8989031372476505,0.970694938522685,0.9842396705671348,0.1948990604396239,0.05734203336528054,0.46602398209593815,0.5212011356068573,0.005692416158968426,0.0037817320644554734,0.0017629292360609706,0.0007674018988230555,0.00040339997891868285,0.00014199855284709244,0.002741384567894281,0.1015625,0.0016025747337316796,0.150390625,1.5B,16384
4,7,needle_16384_d50,needle,16384,9.704060527839234,25.544534395477115,22.840789655468328,1.1951009735382805,25.407070541093397,6.980659464596354,0.7964989406942312,9.163738299470186,0.0634305869308133,-86.31671473756433,31.97812433168292,1.4630809539201763e-08,0.999999999998987,0.0392156862745098,0.47763043413910583,1.1950022729639844,0.999694198447468,0.9923622093142589,0.9962814418734639,0.9970617142141578,0.32658459160866826,0.21071968081831027,0.5159553345878661,0.4805716043501333,0.0015859229103927742,0.0009587573974249033,0.00041743455476434585,0.00017476384263474912,8.68224931254012e-05,2.8143453947018154e-05,0.0006159703395455602,0.1015625,0.00042985508608846067,0.150390625,1.5B,16384
4,8,needle_16384_d50,needle,16384,9.704060527839234,22.84704141348809,22.840789655468328,1.1951009735382805,25.407070541093397,6.980659464596354,0.7964989406942312,9.163738299470186,0.0634305869308133,-56.53751429729164,39.179510816931725,1.463045208719867e-08,0.9999999999989999,0.0392156862745098,0.4958060459441634,1.6888488045497034,0.9986283877183874,0.9107475044866311,0.9603881553061314,0.9731050087248919,0.039542636888254545,0.4171157693289773,0.6406115493392994,0.3358506622409483,0.02075489500872851,0.012678736013927112,0.005169723032850224,0.001953263988715813,0.0009671271708356034,0.00032473715430114463,0.0035666275275279915,0.1015625,0.002257193497123127,0.150390625,1.5B,16384
4,9,needle_16384_d50,needle,16384,9.704060527839234,23.53971028314951,22.840789655468328,1.1951009735382805,25.407070541093397,6.980659464596354,0.7964989406942312,9.163738299470186,0.0634305869308133,-58.272218618541956,47.070177691057324,1.463045180333214e-08,0.9999999999989999,0.0392156862745098,0.5098425002991871,1.5879416624029061,0.9987351270473084,0.9556793772691313,0.9800538890035745,0.9859234156989009,0.26219048696445046,0.24152268397907317,0.35468105741986794,0.6314297036316963,0.006342934457474521,0.004555857260847484,0.002334502929129552,0.001084505133311294,0.0006035739821846609,0.00023334676005946878,0.002983617851753402,0.1015625,0.0017475725260693814,0.150390625,1.5B,16384
4,10,needle_16384_d50,needle,16384,9.704060527839234,18.98246310304462,22.840789655468328,1.1951009735382805,25.407070541093397,6.980659464596354,0.7964989406942312,9.163738299470186,0.0634305869308133,-66.42948505980894,0.9671800520736724,0.8581675447956166,0.6830392799421592,0.0,0.47311469081374535,6.4831352670607,0.9446884853810759,0.12243771553141278,0.19501294979455724,0.30437325165436613,0.03852365253180656,0.11420505199216646,0.04597103013669396,0.0003237691202374438,0.2745051158346357,0.20712760614520176,0.09963391311953188,0.05190805926000416,0.03361634131904105,0.01735279402325257,0.07151631450969727,0.101806640625,0.046160694604926146,0.150634765625,1.5B,16384
4,11,needle_16384_d50,needle,16384,9.704060527839234,23.817888055183527,22.840789655468328,1.1951009735382805,25.407070541093397,6.980659464596354,0.7964989406942312,9.163738299470186,0.0634305869308133,-80.16291094082408,27.01839898317121,1.4680383542574536e-08,0.9999999999971521,0.0392156862745098,0.498824876862806,1.2420200127089112,0.9990119367350517,0.9816433022938177,0.9855132742475226,0.9881220646331359,0.47102553852437,0.04035927422500141,0.4476258792219822,0.537199009975409,0.005972858867689828,0.0041432718389958515,0.002028925507494093,0.0009502934589902237,0.0005410385819395338,0.00020806460358037084,0.0032169122390567884,0.1015625,0.0024253511078871207,0.150390625,1.5B,16384
5,0,needle_16384_d50,needle,16384,9.704060527839234,24.14485974004282,21.12297138952667,1.5868530946845003,25.290407723339925,6.471195684614763,1.0947952548378699,15.061569017566264,0.07679598681726807,-43.1650234349072,10.89091494679451,0.00022219688445702113,0.9999813351606738,0.0392156862745098,0.34973978324778365,4.261311595247408,0.9612129756812303,0.541043235385213,0.5873721852089213,0.6446415426968339,0.13173951074527457,0.009396102503185233,0.4584226750011154,0.21261854682886977,0.38943622640643666,0.27456557991206265,0.14943529132264208,0.08269833376421386,0.05400518475941096,0.026251915353348546,0.16999616256102365,0.1015625,0.12654900451361983,0.150390625,1.5B,16384
5,1,needle_16384_d50,needle,16384,9.704060527839234,27.131032606904682,21.12297138952667,1.5868530946845003,25.290407723339925,6.471195684614763,1.0947952548378699,15.061569017566264,0.07679598681726807,-80.59830617532134,39.62835529493168,1.4630452350299868e-08,0.9999999999989999,0.0392156862745098,0.2743518210867368,1.4269874403715737,0.9975045676154599,0.9533937653899474,0.9600285172628803,0.9661015630142004,0.2802572393408278,0.06275071472708138,0.383547904525247,0.5693695608572767,0.02042964607145928,0.013581590130639424,0.006754180547718614,0.003153645131278361,0.0017458864394160566,0.0006602998937453303,0.016413984626916008,0.1015625,0.01200057161828508,0.150390625,1.5B,16384
5,2,needle_16384_d50,needle,16384,9.704060527839234,26.21784201926455,21.12297138952667,1.5868530946845003,25.290407723339925,6.471195684614763,1.0947952548378699,15.061569017566264,0.07679598681726807,-35.30949850007892,13.500469641759992,1.9888647728492668e-05,0.9999986295238273,0.0392156862745098,0.3245756323019918,5.043713578883447,0.9601132986466012,0.466523753287633,0.5480787548250001,0.6263032758275289,0.08329186643268405,0.18749552395677638,0.22303007637071934,0.40218343444254157,0.14080666479124665,0.09913935568034808,0.055186958201477704,0.029673228630624812,0.019047012965448015,0.009288273465786047,0.06229099222621909,0.1015625,0.043384931034734425,0.150390625,1.5B,16384
5,3,needle_16384_d50,needle,16384,9.704060527839234,20.137968394209025,21.12297138952667,1.5868530946845003,25.290407723339925,6.471195684614763,1.0947952548378699,15.061569017566264,0.07679598681726807,-72.94063641689718,2.9118833001703024,0.20694637554405837,0.9480488512289216,0.0392156862745098,0.29840785798183506,3.2118185595005566,0.9276881310223835,0.6979068264612666,0.7105534706050876,0.7275409021166974,0.047112737716417996,0.0036321311109714927,0.6807750548983821,0.040454709008691345,0.5638283826284772,0.46365758012868585,0.3281609354572751,0.23039784282761414,0.1764470359877586,0.11237368149351092,0.29577792309368767,0.1015625,0.238343814911385,0.150390625,1.5B,16384
5,4,needle_16384_d50,needle,16384,9.704060527839234,15.34447215142539,21.12297138952667,1.5868530946845003,25.290407723339925,6.471195684614763,1.0947952548378699,15.061569017566264,0.07679598681726807,-43.17239619232714,7.6623617662116885,0.004084786517831373,0.9995291627105573,0.0392156862745098,0.27990441941714167,7.063643915067941,0.8605490109816591,0.19475667668693905,0.24812278643812533,0.31419861438508667,0.053415883204918746,0.050492683159324425,0.10682299003774308,0.02422612523763539,0.37446097263643424,0.28798910744788647,0.19726598923487357,0.13461149099814362,0.10106022053728715,0.06305155097661551,0.2023098121456088,0.1015625,0.15789992052098317,0.150390625,1.5B,16384
5,5,needle_16384_d50,needle,16384,9.704060527839234,16.348189529712954,21.12297138952667,1.5868530946845003,25.290407723339925,6.471195684614763,1.0947952548378699,15.061569017566264,0.07679598681726807,-64.49672246421687,5.636522762710229,0.0337320480395325,0.9951185011778217,0.0392156862745098,0.13594319965610338,5.195209885215588,0.8762319679421008,0.4658337064908815,0.48916965772389,0.5258131917387957,0.09110434851827698,0.00961839815312171,0.43650323151799886,0.038154301674259254,0.9545383332863865,0.7528441697482223,0.5171138763281592,0.3589168918553787,0.2714156536712951,0.16867292602254957,0.48481781490765513,0.1015625,0.4021374026975161,0.150390625,1.5B,16384
5,6,needle_16384_d50,needle,16384,9.704060527839234,21.292482316656564,20.147640549639593,0.8980996433206774,21.87631073975712,8.227591985642954,0.5030518401004843,10.26852367929737,0.02244982872632469,17.178190872073174,15.309040191816166,3.677999624123895e-06,0.9999997753917274,0.0392156862745098,0.6570588661734257,3.2876346711209687,0.9768640485018599,0.7223773942178789,0.7714184044635811,0.8197303136659788,0.02531989836702575,0.04696427544253767,0.09956467954977583,0.6898032575645329,0.05049068342943293,0.039072680159362466,0.025888831621671864,0.01651009586124505,0.01178963409721128,0.006687015061029792,0.023630373786319197,0.1015625,0.017970204950595686,0.150390625,1.5B,16384
5,7,needle_16384_d50,needle,16384,9.704060527839234,27.608572339165367,20.147640549639593,0.8980996433206774,21.87631073975712,8.227591985642954,0.5030518401004843,10.26852367929737,0.02244982872632469,5.505134150385857,19.35133569315076,9.486565684049512e-08,0.9999999960560422,0.0392156862745098,0.5468968897571951,2.173941813353759,0.9970073999075865,0.8576177870134667,0.9040489204697296,0.9431210746759229,0.04210843165847633,0.004049511351775115,0.5554371537020221,0.3875396743931252,0.03812751546326056,0.024692414737816304,0.011467148978542847,0.005376608662204507,0.0030557178536887715,0.001218625911015603,0.014053024682785348,0.1015625,0.009946371928840929,0.150390625,1.5B,16384
5,8,needle_16384_d50,needle,16384,9.704060527839234,29.06276580319832,20.147640549639593,0.8980996433206774,21.87631073975712,8.227591985642954,0.5030518401004843,10.26852367929737,0.02244982872632469,17.637566208839417,51.89383480139077,1.4630451803231653e-08,0.9999999999989999,0.0392156862745098,0.49783125242652315,1.7966642262240768,0.9991084374613161,0.9404189367489771,0.9828386892201808,0.9883768996670704,0.060333171496496085,0.053881468903706375,0.0838061365304173,0.9030227734068518,0.002385023990960339,0.0015982260061348304,0.0007460928120131705,0.000320819981597122,0.00017162493348310887,5.7776438252164265e-05,0.001433073338759642,0.1015625,0.0009678525103971567,0.150390625,1.5B,16384
5,9,needle_16384_d50,needle,16384,9.704060527839234,31.15097263607359,20.147640549639593,0.8980996433206774,21.87631073975712,8.227591985642954,0.5030518401004843,10.26852367929737,0.02244982872632469,10.55416090413928,71.64595156349242,1.4630451803230878e-08,0.9999999999989999,0.0392156862745098,0.6255384156437843,1.2758590880526206,0.9994960610350738,0.9501082763942474,0.9870053576954032,0.992955980272438,0.4278121337188603,0.4647095922477227,0.7167260221032309,0.2746053354824983,0.01112478878202419,0.007126140459249463,0.003166146448010964,0.0013320476621507,0.0006887035720736762,0.00023347102949811593,0.014898819150850898,0.1015625,0.009443809836829672,0.150390625,1.5B,16384
5,10,needle_16384_d50,needle,16384,9.704060527839234,32.48026574049019,20.147640549639593,0.8980996433206774,21.87631073975712,8.227591985642954,0.5030518401004843,10.26852367929737,0.02244982872632469,9.21616692095995,21.884896967560053,2.178611061444667e-08,0.9999999996860247,0.0392156862745098,0.5817679306660339,1.4528844977521405,0.9995326734825339,0.9503707535818166,0.9747211574526453,0.9903028068716163,0.48036103517648554,0.21241954751245085,0.6448280918266698,0.3029918058765963,0.005888180781472695,0.003516040334650101,0.0014100136131990815,0.0005211582797249811,0.0002516928261758435,7.637863741778567e-05,0.015313669051373274,0.1015625,0.014144319950267298,0.150390625,1.5B,16384
5,11,needle_16384_d50,needle,16384,9.704060527839234,31.82101704538427,20.147640549639593,0.8980996433206774,21.87631073975712,8.227591985642954,0.5030518401004843,10.26852367929737,0.02244982872632469,-29.418403930962086,2.297546497778967,0.6071373940330559,0.8357289700170402,0.0392156862745098,0.5470826219110851,2.4194734650265697,0.9993845016662837,0.8923439060119673,0.9849159580265173,0.9929045965359752,0.4320597352586377,0.44064770355176197,0.09446064450970235,0.12057890635195215,0.0005851688717039134,0.0002963291469321482,0.00010879834366109624,4.570880524091576e-05,2.4592046266001353e-05,8.974618117837826e-06,0.00026414164448992916,0.1015625,0.0001464649086694985,0.150390625,1.5B,16384
6,0,needle_16384_d50,needle,16384,9.704060527839234,23.194896533662934,22.86011181784242,1.6963735394369388,26.487096705163566,6.116175828817845,0.7339461958403272,9.38662739209261,0.025929677489097518,-38.72276130691171,9.82561907172203,0.0005875100742077048,0.9999458149718732,0.0392156862745098,0.4626609786969382,4.066232279393649,0.9782341184466274,0.5488601652984682,0.6108678003583898,0.6756582370291032,0.0789895582835407,0.06413045503335812,0.4457817584089053,0.2096385697937254,0.19353392227443672,0.11755362477952892,0.0503065299940589,0.02212068918821238,0.011969208727540205,0.004550573333187081,0.048355637311098154,0.1015625,0.027253085511908807,0.150390625,1.5B,16384
6,1,needle_16384_d50,needle,16384,9.704060527839234,26.05533143238639,22.86011181784242,1.6963735394369388,26.487096705163566,6.116175828817845,0.7339461958403272,9.38662739209261,0.025929677489097518,-70.59604303073138,1.0538216950371861,0.7284138414223652,0.7150604746321616,0.0196078431372549,0.30463314734765295,3.2466925203120955,0.9923132636139029,0.7677751464244034,0.8286392128148755,0.8746145104543029,0.20910847528836696,0.0069699929256406,0.19934775265332955,0.0006240379005846072,0.04504792099692884,0.027050809439579025,0.010564449168912159,0.005947132759264573,0.003909414937061921,0.001932538970116758,0.05570668756490973,0.101806640625,0.049687800772812776,0.150390625,1.5B,16384
6,2,needle_16384_d50,needle,16384,9.704060527839234,24.80566216663999,22.86011181784242,1.6963735394369388,26.487096705163566,6.116175828817845,0.7339461958403272,9.38662739209261,0.025929677489097518,-9.014118106104434,21.387329312972724,2.6147216751623522e-08,0.9999999994842441,0.0392156862745098,0.4396403451042091,3.402913405658178,0.9965821623106228,0.7009372363828379,0.8036864336428026,0.885384594963139,0.6909558770295061,0.12034214943424681,0.09669771046048019,0.7839266001602814,0.010680704076615801,0.007876246911282584,0.003302100956009278,0.0011785335156512555,0.0004804600699286186,0.00010975462308935053,0.004932617514640303,0.1015625,0.0022143478655991655,0.150390625,1.5B,16384
6,3,needle_16384_d50,needle,16384,9.704060527839234,24.47391951239192,22.86011181784242,1.6963735394369388,26.487096705163566,6.116175828817845,0.7339461958403272,9.38662739209261,0.025929677489097518,-54.60515046864748,1.8169414587318897,0.7680304940479983,0.786769930017853,0.0392156862745098,0.5476686002262621,3.457649493087095,0.9850515070476695,0.61575539245727,0.658649441439346,0.7093487026298739,0.08517427112772613,0.026950970867685164,0.559691613408321,0.03426719002515438,0.3991852812282164,0.25302491891459705,0.08528446655505935,0.018086118008394422,0.005500007732932409,0.001473600554067843,0.06875927244803255,0.1015625,0.02477763114968646,0.150390625,1.5B,16384
6,4,needle_16384_d50,needle,16384,9.704060527839234,23.450853678496177,22.86011181784242,1.6963735394369388,26.487096705163566,6.116175828817845,0.7339461958403272,9.38662739209261,0.025929677489097518,-40.06855536065996,23.88581470772624,1.5697096985848382e-08,0.9999999999560136,0.0392156862745098,0.5130391943131763,1.9912143179482986,0.9957624063121066,0.8899962527042191,0.9095491004571542,0.9278492908211561,0.18768378339236214,0.02091116942539184,0.337164281079756,0.5891533204578441,0.026258282004592702,0.0169471684516511,0.006973537470268166,0.002573129057368733,0.00122374046533782,0.00035722486309512603,0.010358804453455635,0.1015625,0.00537640457258802,0.150390625,1.5B,16384
6,5,needle_16384_d50,needle,16384,9.704060527839234,29.011174095283305,22.86011181784242,1.6963735394369388,26.487096705163566,6.116175828817845,0.7339461958403272,9.38662739209261,0.025929677489097518,-23.91303811967373,42.09695679880679,1.4630451817127581e-08,0.9999999999989999,0.0392156862745098,0.48331587710186474,2.4187897621716505,0.9991501218210187,0.8670339459568948,0.9701427559846133,0.9823120671808744,0.2558043016476707,0.10493464719630863,0.29825550019050123,0.6868802810992918,0.003417276122408829,0.001579901864488057,0.00046306536499286457,0.0001237775389709131,4.6190101812837454e-05,9.21360797366942e-06,0.0010085472317465786,0.1015625,0.00044132462720792486,0.150390625,1.5B,16384
6,6,needle_16384_d50,needle,16384,9.704060527839234,28.306103896770313,23.06931391562283,1.984292133586897,27.61409368600133,7.9175983438958735,0.6978556317238405,9.8811945683953,0.020716653799204447,-48.40885164402425,10.262627873569727,0.0006983610381632904,0.9999386469622188,0.0392156862745098,0.3176812114608346,1.5265278784996292,0.999530879701657,0.911732120472248,0.9487270911773495,0.9810230675052155,0.2308845033135587,0.011827090578444999,0.045624572225697616,0.7322493141936912,0.0010841148813385776,0.0003873574420258293,6.719362603436337e-05,1.4528255697064981e-05,5.650069495688311e-06,1.2890329907751327e-06,0.0003876996774726783,0.1015625,0.0002181356170847482,0.150390625,1.5B,16384
6,7,needle_16384_d50,needle,16384,9.704060527839234,26.140583553611975,23.06931391562283,1.984292133586897,27.61409368600133,7.9175983438958735,0.6978556317238405,9.8811945683953,0.020716653799204447,-77.95268040895462,0.8984469957649708,1.0074599220681604,0.6294927953987662,0.0,0.31970883849838183,3.724406152421275,0.9977727728848974,0.46554789295100146,0.6882331521928634,0.8934021758504872,0.06285469100235752,0.08184458580166853,0.010448398796592368,0.00037914204064991167,0.00474325554096857,0.001817734698546939,0.0005258408866152795,0.00013472834665591036,5.1105416590851645e-05,8.046833524142083e-06,0.000863690670256414,0.101806640625,0.0003789627172137299,0.150634765625,1.5B,16384
6,8,needle_16384_d50,needle,16384,9.704060527839234,23.483869207066142,23.06931391562283,1.984292133586897,27.61409368600133,7.9175983438958735,0.6978556317238405,9.8811945683953,0.020716653799204447,-68.59936418384314,40.775987185537815,1.4630451857157495e-08,0.9999999999989999,0.0392156862745098,0.37560060951755514,2.1236122473224057,0.9983480802111109,0.9353008803157885,0.9626557251423519,0.9750584025996714,0.47168485352942735,0.004893775947721224,0.1593019153108958,0.7985616822953722,0.00689143135227118,0.004318070780142136,0.0017132109094184949,0.0006543464074369928,0.0003279095392134938,0.0001185979128809607,0.01110704943431975,0.1015625,0.007859644285983255,0.150390625,1.5B,16384
6,9,needle_16384_d50,needle,16384,9.704060527839234,21.433759579886903,23.06931391562283,1.984292133586897,27.61409368600133,7.9175983438958735,0.6978556317238405,9.8811945683953,0.020716653799204447,-98.36519052181393,4.010039261542261,0.22390449077685212,0.961107986699374,0.0,0.41357642635178166,5.640780716042627,0.9851707270355593,0.15344884910321996,0.23712559989255041,0.3489078654604299,0.03090510390128043,0.0355919915063736,0.008621802608486013,3.9861093447811904e-05,0.03682496608568286,0.03778364403898354,0.009873428899836887,0.0018064172067099908,0.0006909182762676127,0.00022815700473070033,0.10451561250028676,0.101806640625,0.07108799758102333,0.150634765625,1.5B,16384
6,10,needle_16384_d50,needle,16384,9.704060527839234,21.241036695739318,23.06931391562283,1.984292133586897,27.61409368600133,7.9175983438958735,0.6978556317238405,9.8811945683953,0.020716653799204447,-56.82126861810684,30.677786253392696,1.463211819612052e-08,0.9999999999989395,0.0392156862745098,0.3241205516875326,2.4254638352679168,0.9960745859947928,0.9096969757067869,0.9311477250217719,0.9455218872374773,0.9156005815678756,0.04219481162449945,0.2644506548042629,0.6764588157515011,0.017262347121393254,0.010433308180343753,0.004611846129600733,0.001903556054759276,0.0010038928809266553,0.0003826324613574105,0.018752136685059147,0.1015625,0.012009750155313938,0.150390625,1.5B,16384
6,11,needle_16384_d50,needle,16384,9.704060527839234,22.123974476825133,23.06931391562283,1.984292133586897,27.61409368600133,7.9175983438958735,0.6978556317238405,9.8811945683953,0.020716653799204447,-58.30933892773464,41.888285799883306,1.4630451829254282e-08,0.9999999999989999,0.0392156862745098,0.37827017591621637,2.3167070415038995,0.9975499781757022,0.902680681819223,0.9398234699594774,0.955993176161075,0.835638737636037,0.027225608952205604,0.39640050602476457,0.5497394744081154,0.015717125323434562,0.00955131416384539,0.004108725736813082,0.0017953733770506518,0.0010116503197623154,0.00039507088446514215,0.02073110038056064,0.1015625,0.013948952465767307,0.150390625,1.5B,16384
7,0,needle_16384_d50,needle,16384,9.704060527839234,17.1427161645911,23.19693677897137,1.8477821039676836,27.287162594493836,5.933387474795714,0.7219057586327907,11.479239654118603,0.048875391255649096,-48.14171689376235,3.059451889246702,0.19351646334123165,0.9540389743470364,0.0392156862745098,0.27176690669754716,5.493112991396056,0.8390386491666567,0.45552784539382474,0.4656408965547467,0.4799761725797526,0.0293673761333606,0.046763256048564905,0.4421465058708241,0.036670153856165025,1.215026215614755,1.00716166536564,0.7057199569857571,0.4972753156761103,0.3750794600160403,0.2290096178757314,0.7307000895405283,0.1015625,0.5988363345881205,0.150390625,1.5B,16384
7,1,needle_16384_d50,needle,16384,9.704060527839234,21.181805113966714,23.19693677897137,1.8477821039676836,27.287162594493836,5.933387474795714,0.7219057586327907,11.479239654118603,0.048875391255649096,-18.699097730219364,20.60947437211871,4.045794612755455e-08,0.9999999988119046,0.0392156862745098,0.24578155054853318,4.2343934625424176,0.9620852537269428,0.5736896431346383,0.6352904933209562,0.679380091513701,0.10946640805710162,0.05994917155971358,0.43038226071182156,0.2668449367305502,0.3798635603124536,0.25748108123974695,0.14199083024237327,0.07953726861634446,0.05149275106686553,0.025291725871108166,0.12291325974363612,0.1015625,0.08613727973339592,0.150390625,1.5B,16384
7,2,needle_16384_d50,needle,16384,9.704060527839234,20.48257330495381,23.19693677897137,1.8477821039676836,27.287162594493836,5.933387474795714,0.7219057586327907,11.479239654118603,0.048875391255649096,-20.992925127968192,15.058301980607212,4.695904133726481e-06,0.9999997092241217,0.0392156862745098,0.13756008613892834,5.5744105261779655,0.9662898955962285,0.308391158959633,0.3929263899813319,0.4959899434061988,0.0054596816826769645,0.009768944061824714,0.1353669598650551,0.3546739585638976,0.09458363005454508,0.0544791527283263,0.026866500527074212,0.014640211861045435,0.009827800790273735,0.005495066082932054,0.03147576102486015,0.1015625,0.024526210754537068,0.150390625,1.5B,16384
7,3,needle_16384_d50,needle,16384,9.704060527839234,21.75956633260577,23.19693677897137,1.8477821039676836,27.287162594493836,5.933387474795714,0.7219057586327907,11.479239654118603,0.048875391255649096,-58.384663835167885,21.420108647085726,2.579824101901989e-08,0.9999999995006157,0.0392156862745098,0.17874546635628127,1.896470614349523,0.9882466015567246,0.878147023376272,0.8857334818973236,0.8943582027222766,0.10208076291144685,0.002087154085107734,0.2308972980551535,0.650157464114095,0.06464723933217877,0.04506135186342803,0.02354928781848863,0.011502412482216597,0.006805015409352988,0.002833025144352551,0.06957600137814701,0.1015625,0.057697687196970646,0.150390625,1.5B,16384
7,4,needle_16384_d50,needle,16384,9.704060527839234,17.726440264926413,23.19693677897137,1.8477821039676836,27.287162594493836,5.933387474795714,0.7219057586327907,11.479239654118603,0.048875391255649096,-17.326064944267273,0.06246139109134674,1.4918149055447725,0.36481176891684763,0.0392156862745098,0.30925262811755244,7.5948855088437615,0.8591151520285126,0.09198851357869663,0.1161841011491229,0.15683508987715603,0.016770842151788146,0.001318711669633106,0.060931400863867835,0.02455742250551083,0.2328475362109311,0.13671146648249252,0.07862280112943745,0.04653399216460833,0.035069916911719276,0.02259427939418333,0.04552425512002955,0.1015625,0.03157845801722304,0.150390625,1.5B,16384
7,5,needle_16384_d50,needle,16384,9.704060527839234,18.603771909715615,23.19693677897137,1.8477821039676836,27.287162594493836,5.933387474795714,0.7219057586327907,11.479239654118603,0.048875391255649096,-29.736257527489215,21.615281160455197,2.3987801118157254e-08,0.9999999995855868,0.0392156862745098,0.2086456841008607,3.295915900178315,0.9704480173974602,0.7290018212834559,0.7488715829164798,0.7715096794234672,0.3165822699099268,0.004855759490364431,0.16850661346895313,0.6006342486978951,0.12358375188942741,0.08735431222839798,0.04446224523477669,0.023916373105443194,0.015616641065299938,0.007745397064023917,0.11007359633268615,0.1015625,0.09245118262459122,0.150390625,1.5B,16384
7,6,needle_16384_d50,needle,16384,9.704060527839234,10.87622001963234,46.83006079906771,0.7465178088785716,51.35929696562013,6.167423749148936,0.6701896272594556,8.283151367149923,0.05015671975330634,163.7009333949536,2.400216333568096,0.5410669460026037,0.8613932560035881,0.0392156862745098,0.3719396534833265,6.146400332101167,0.9664515540379808,0.13822766810616777,0.20988933588768444,0.3124126948287995,0.04391587818344256,0.06295144962982668,0.0006383656967316676,0.2948031081865561,0.1203134395314474,0.03909256379794731,0.0086238811756319,0.006626551041181774,0.005549691968111422,0.0035735554448949407,0.007458036165076998,0.1015625,0.005864974148376572,0.150390625,1.5B,16384
7,7,needle_16384_d50,needle,16384,9.704060527839234,18.59347933534159,46.83006079906771,0.7465178088785716,51.35929696562013,6.167423749148936,0.6701896272594556,8.283151367149923,0.05015671975330634,185.74328584223986,62.63233065092936,1.4630451803230878e-08,0.9999999999989999,0.0392156862745098,0.27383040264735414,2.2217104190115484,0.9993944772215011,0.9115826746264708,0.9776052696963263,0.9943597407547514,0.023526428790699327,0.04462527286415252,1.9818783455859674e-06,0.9926020233513126,0.0008952872570697534,0.0004904008900546437,0.0001980175352185012,7.50254127246643e-05,3.468498106252586e-05,9.323395706154237e-06,0.00044690691556704753,0.1015625,0.00030333421099452247,0.150390625,1.5B,16384
7,8,needle_16384_d50,needle,16384,9.704060527839234,21.330977896735654,46.83006079906771,0.7465178088785716,51.35929696562013,6.167423749148936,0.6701896272594556,8.283151367149923,0.05015671975330634,149.73355964198709,43.6425303388387,1.4630451807139615e-08,0.9999999999989999,0.0392156862745098,0.2551555518778289,1.2134172288660763,0.999511502289348,0.9870632944632021,0.990836385176888,0.9929261899636058,2.3302349380765044,0.0026166238695264354,3.069338842276779e-05,0.9903789358545857,0.00210229317415503,0.0013008520660910514,0.0005374077020847778,0.00019387764961714698,9.150604788255583e-05,2.6742117898931173e-05,0.0026147091077627187,0.1015625,0.0014946608913763372,0.150390625,1.5B,16384
7,9,needle_16384_d50,needle,16384,9.704060527839234,12.030524647393216,46.83006079906771,0.7465178088785716,51.35929696562013,6.167423749148936,0.6701896272594556,8.283151367149923,0.05015671975330634,148.10843632975593,40.59975585527718,1.4630451865337497e-08,0.9999999999989999,0.0392156862745098,0.30121409960680073,3.433006623289896,0.9954243770798709,0.6136693252435305,0.8101605607126383,0.9412205758878321,0.24700035446352864,0.005807856798224265,1.6146281252047223e-05,0.9590776673466936,0.006538484361508657,0.004680956921005953,0.002272402586103361,0.0012495524265294959,0.000775147428370413,0.0002916480333836483,0.0015849002387202725,0.1015625,0.001107124939627891,0.150390625,1.5B,16384
7,10,needle_16384_d50,needle,16384,9.704060527839234,15.294443034583916,46.83006079906771,0.7465178088785716,51.35929696562013,6.167423749148936,0.6701896272594556,8.283151367149923,0.05015671975330634,164.26009056344628,55.14778483659029,1.4630451803230907e-08,0.9999999999989999,0.0392156862745098,0.28896884428092184,2.5002624961177253,0.9971186258962631,0.8563138040671491,0.9503571322706033,0.974771008718212,0.2459948228542892,0.1585827648048781,0.00047301647246897344,0.9764712333298357,0.008211823265843129,0.0059713569050173845,0.0032049158780496413,0.0017436877290960026,0.001072774492767753,0.00045103661723967537,0.005807827678042159,0.1015625,0.004234408293040147,0.150390625,1.5B,16384
7,11,needle_16384_d50,needle,16384,9.704060527839234,11.87850140023922,46.83006079906771,0.7465178088785716,51.35929696562013,6.167423749148936,0.6701896272594556,8.283151367149923,0.05015671975330634,132.8323886715807,16.05747101875022,1.8274694994582974e-06,0.9999998937295593,0.0392156862745098,0.286818268322428,4.74296658536157,0.9823038711685065,0.4106940295882726,0.5381358843738409,0.6566366561255336,0.23391764341349486,0.021778530494323434,0.0005826049740604354,0.7236620922713308,0.03995871741321449,0.017102403625699893,0.00837863106004317,0.006330141005001784,0.004914652764271471,0.0028028197365818175,0.0046220371945091205,0.1015625,0.0034802813805340917,0.150390625,1.5B,16384
8,0,needle_16384_d50,needle,16384,9.704060527839234,20.116606893216222,32.642331407805656,2.919856442716957,40.48720556836953,10.66351169903298,1.2486973440342004,14.578282138206527,0.02248688287344363,-1.3475505486130714,11.915065761655569,8.640131223434263e-05,0.9999933111721143,0.0392156862745098,0.6827451002813857,4.074960660768993,0.9935400501598682,0.50371701516997,0.6614962004244328,0.785741519430499,0.10652919418437734,0.024608196146358674,0.11213104921550082,0.7312394649334861,0.011612959131902812,0.006285786230959772,0.002816842096792781,0.001320876473028596,0.0007595200984887837,0.0003150687359893505,0.0021400751337765306,0.1015625,0.0014326514345865383,0.150390625,1.5B,16384
8,1,needle_16384_d50,needle,16384,9.704060527839234,16.21532219521168,32.642331407805656,2.919856442716957,40.48720556836953,10.66351169903298,1.2486973440342004,14.578282138206527,0.02248688287344363,19.78824214078486,5.569944022223353,0.02505413851934574,0.996195827184219,0.0392156862745098,0.6742289063942513,6.372175708356161,0.9532670355371607,0.14607921341547145,0.2217844988316916,0.3261279035609623,0.012784635366476227,0.023811367828411534,0.005158667234476232,0.2619013051820992,0.04665974615939708,0.028091893297936484,0.016163923691587728,0.010349206419674678,0.007041938049957282,0.0035665654442141015,0.01126545662567407,0.1015625,0.008193451376257637,0.150390625,1.5B,16384
8,2,needle_16384_d50,needle,16384,9.704060527839234,16.94215787736277,32.642331407805656,2.919856442716957,40.48720556836953,10.66351169903298,1.2486973440342004,14.578282138206527,0.02248688287344363,-40.26715147309005,0.16108473390340805,1.1872630391364702,0.4418832780369073,0.0392156862745098,0.6719823807617533,6.080855922616682,0.9391194704814718,0.2694230768907938,0.3080840109520505,0.36720712678946155,0.05252482507041334,0.03585974384951829,0.2164527922361267,0.039083207898846305,0.32983037414308686,0.197392084024909,0.09033670761358138,0.047624589590693815,0.030397154795246496,0.014826038714295189,0.06875464372831042,0.1015625,0.04595201570076928,0.150390625,1.5B,16384
8,3,needle_16384_d50,needle,16384,9.704060527839234,39.507155129483756,32.642331407805656,2.919856442716957,40.48720556836953,10.66351169903298,1.2486973440342004,14.578282138206527,0.02248688287344363,-139.29526914842427,20.176573557779193,5.120546227816767e-08,0.9999999982714591,0.0392156862745098,0.5647936954383311,3.0866491019310307,0.9980914750440004,0.7605418195533143,0.857007586539044,0.8957937003292532,0.0915207857233451,0.1393570373147246,0.015720363294139148,0.08081460141974231,0.0028070439682839005,0.00021854649755726773,2.8703676220776613e-07,5.155677111170811e-08,1.2158373631501382e-08,1.0362232621394907e-09,0.009646947603234987,0.1015625,0.007828090052958502,0.150390625,1.5B,16384
8,4,needle_16384_d50,needle,16384,9.704060527839234,29.592012779380294,32.642331407805656,2.919856442716957,40.48720556836953,10.66351169903298,1.2486973440342004,14.578282138206527,0.02248688287344363,-47.10345922969282,25.027393309399486,1.4986283539863867e-08,0.9999999999852045,0.0392156862745098,0.6037160403221385,1.2219961556432726,0.9997878728626379,0.9755859807156115,0.9876354351597841,0.9947752531404157,0.5102728221520614,0.007297568768979357,0.3036693470730251,0.6083312996257499,0.0001004084664484965,2.69273221893874e-05,4.5875625308066e-06,1.0006931954991432e-06,3.541916785926498e-07,7.42603447174063e-08,7.782294033025838e-05,0.1015625,2.836416694385977e-05,0.150390625,1.5B,16384
8,5,needle_16384_d50,needle,16384,9.704060527839234,24.15527426814318,32.642331407805656,2.919856442716957,40.48720556836953,10.66351169903298,1.2486973440342004,14.578282138206527,0.02248688287344363,-4.0615331176668406,53.983495156280696,1.4630451803230973e-08,0.9999999999989999,0.0392156862745098,0.5971287520851295,2.669377179505076,0.9993136416143116,0.767290834101757,0.9402054889118974,0.9946085187529091,0.1818944606707693,0.2585785020470669,0.17269316861893058,0.8257047785545668,0.0001469812665533175,7.273471185370047e-05,2.2280686112233014e-05,7.599666222161431e-06,3.7513608552525765e-06,1.225314519208541e-06,1.8832133427079734e-05,0.1015625,1.1695661379575678e-05,0.150390625,1.5B,16384
8,6,needle_16384_d50,needle,16384,9.704060527839234,26.307548578085704,23.937696261976846,1.523134354410594,29.169742810747262,6.648549942136102,0.5904523981576035,11.318582019019452,0.056876533338547614,-20.23666201159358,45.74823775701225,1.4630451803591626e-08,0.9999999999989999,0.0392156862745098,0.516791771673377,2.514741857126126,0.9964989591513205,0.8845005706254344,0.937619878363443,0.9693615506288966,0.9351386804257678,0.0008477417109482577,0.20615681162284621,0.7671315389989299,0.010275926220377714,0.008049819447951662,0.004884588947083346,0.0028799314862460795,0.0018571508337844938,0.0008815627081352728,0.004113361253361471,0.1015625,0.0029768969528247992,0.150390625,1.5B,16384
8,7,needle_16384_d50,needle,16384,9.704060527839234,33.100399892745315,23.937696261976846,1.523134354410594,29.169742810747262,6.648549942136102,0.5904523981576035,11.318582019019452,0.056876533338547614,-16.34760580956936,3.9433629135601223,0.09418036730037392,0.9809854951260132,0.0392156862745098,0.608190952384272,5.247427811252978,0.9845454701848285,0.28738967376426283,0.4469853855746699,0.5871708935206921,0.08034051229228378,0.07111015227086881,0.0010400871619140016,0.05307864083288796,0.08841003832691298,0.060184584704158994,0.02167091360243144,0.004252903082321359,0.0017168161534443856,0.0004607932661842997,0.07869691794647095,0.1015625,0.05731004655397828,0.150390625,1.5B,16384
8,8,needle_16384_d50,needle,16384,9.704060527839234,21.219950258581413,23.937696261976846,1.523134354410594,29.169742810747262,6.648549942136102,0.5904523981576035,11.318582019019452,0.056876533338547614,-8.746671490371227,29.773002475500107,1.4633689470480438e-08,0.9999999999988824,0.0392156862745098,0.5555603040071423,3.45703331517611,0.9913257438375283,0.6466754391857421,0.8210605287561173,0.9135961962812903,0.13795053375964345,0.34930599978773996,0.13417792132176998,0.8115134664262538,0.01300998790905204,0.010239689139520218,0.006978727074369187,0.004371510410718567,0.003013675097564563,0.0015829949498353004,0.005740646117701045,0.1015625,0.004254883298939677,0.150390625,1.5B,16384
8,9,needle_16384_d50,needle,16384,9.704060527839234,20.71727443923966,23.937696261976846,1.523134354410594,29.169742810747262,6.648549942136102,0.5904523981576035,11.318582019019452,0.056876533338547614,-20.210868313908577,20.518560457974672,4.114447661807174e-08,0.9999999987674952,0.0392156862745098,0.5855202432541442,3.55479273566163,0.9840044008963557,0.7174974586934251,0.7826123829053206,0.8445885311429644,0.6834223596658506,0.04575368097604726,0.2105294254496688,0.6609267733423956,0.035693158772639726,0.02578890303797924,0.017240186969658358,0.011547373818509446,0.008351490533219147,0.004764827384499325,0.01676580184296887,0.1015625,0.012086379594839781,0.150390625,1.5B,16384
8,10,needle_16384_d50,needle,16384,9.704060527839234,23.483353314031362,23.937696261976846,1.523134354410594,29.169742810747262,6.648549942136102,0.5904523981576035,11.318582019019452,0.056876533338547614,-41.29274360835552,24.212484860792756,1.5395620751571883e-08,0.9999999999684752,0.0392156862745098,0.5841705139426385,2.2821544402325307,0.9927586735204873,0.8578310210092985,0.9110443222684782,0.9321754183402605,0.1959515936874865,0.1278480606121275,0.5601018970971078,0.35728690466351265,0.0873237153969018,0.06428204160798195,0.03773492721785995,0.02100076195957487,0.013178674468324018,0.006005441310304736,0.042763674170240115,0.1015625,0.030878923632802608,0.150390625,1.5B,16384
8,11,needle_16384_d50,needle,16384,9.704060527839234,29.802375937299548,23.937696261976846,1.523134354410594,29.169742810747262,6.648549942136102,0.5904523981576035,11.318582019019452,0.056876533338547614,-28.580221127718687,53.39541158825159,1.4630451803231051e-08,0.9999999999989999,0.0392156862745098,0.5068394424737621,2.246875599765999,0.9992254116383519,0.9035213422610409,0.9801132820387887,0.9905227725406447,0.4633969497242752,0.10728197904563075,0.25050287486871026,0.7395588515467084,0.002477546139116186,0.001547637909655071,0.0006783017942501232,0.00027994179373537617,0.00013837468162775335,4.6958951953026234e-05,0.0008608043924757348,0.1015625,0.00048822730104344634,0.150390625,1.5B,16384
9,0,needle_16384_d50,needle,16384,9.704060527839234,23.172856198846166,23.830733342305805,1.6867287827488897,29.269310700560435,6.472069873498305,0.8511012130761352,11.134004814355169,0.06596724486492384,-31.455698845908046,19.768275272101164,6.859117467080497e-08,0.9999999974003471,0.0392156862745098,0.44902123618697576,3.778096529013512,0.9788308557648622,0.6948606874979122,0.7581542335365378,0.8042991311881722,0.43099955235776966,0.017653586820424394,0.1489743347818008,0.6795946837181466,0.06359878458626514,0.04743363109105696,0.027746764080158224,0.016091883503357017,0.010401391208507563,0.004949799679845213,0.022519686924491245,0.1015625,0.015211256450025886,0.150390625,1.5B,16384
9,1,needle_16384_d50,needle,16384,9.704060527839234,26.60383559274654,23.830733342305805,1.6867287827488897,29.269310700560435,6.472069873498305,0.8511012130761352,11.134004814355169,0.06596724486492384,-35.26459080260247,44.67838575039059,1.4630451804282383e-08,0.9999999999989999,0.0392156862745098,0.5840856716521694,2.5485818960014344,0.9977626497398207,0.7493949457958676,0.8926865888829166,0.9655444889878187,0.06248903548138918,0.12363058353232415,0.45855631986821027,0.515884274690229,0.02076035215185989,0.01358097246676397,0.006553926226484674,0.0031101415112991656,0.001769149215883678,0.0006740168857327338,0.00707567931079347,0.1015625,0.004925771132411085,0.150390625,1.5B,16384
9,2,needle_16384_d50,needle,16384,9.704060527839234,29.452965532321432,23.830733342305805,1.6867287827488897,29.269310700560435,6.472069873498305,0.8511012130761352,11.134004814355169,0.06596724486492384,-43.797801938373595,43.45565791847184,1.4630451806847898e-08,0.9999999999989999,0.0392156862745098,0.5837361822163517,2.433238963902128,0.9972264874767719,0.8693908076992779,0.9361686193404863,0.9545234974781933,0.2148128773785667,0.7391378223407283,0.36637695436825796,0.584956008613404,0.02054420357304175,0.01328457633753627,0.006416554926716025,0.002729785605696086,0.0013582380963818852,0.0004146979390232769,0.008189070715709025,0.1015625,0.005067940999389003,0.150390625,1.5B,16384
9,3,needle_16384_d50,needle,16384,9.704060527839234,22.48631152229687,23.830733342305805,1.6867287827488897,29.269310700560435,6.472069873498305,0.8511012130761352,11.134004814355169,0.06596724486492384,-57.314821254462004,26.278571782633662,1.4741970464606913e-08,0.9999999999948244,0.0392156862745098,0.5027221376507908,2.877561351882668,0.9789003282862536,0.7361873195135731,0.7851654942913437,0.8182504529965975,0.0045759676365251245,0.277041561239991,0.6199660484387745,0.1850998866709322,0.3290263096058755,0.2402466890893985,0.14170412766708507,0.08218772145379037,0.054413969811158445,0.027402335614499115,0.1552807302868608,0.1015625,0.10878864429112367,0.150390625,1.5B,16384
9,4,needle_16384_d50,needle,16384,9.704060527839234,28.34437213791117,23.830733342305805,1.6867287827488897,29.269310700560435,6.472069873498305,0.8511012130761352,11.134004814355169,0.06596724486492384,-40.57819487247616,51.02885324135423,1.4630451803233721e-08,0.9999999999989999,0.0392156862745098,0.5793010311483116,2.3106007820150554,0.9983115453256711,0.9102852387182603,0.9502415900906609,0.9732284847273093,0.7636371900558758,0.08293728499616204,0.3353769822631377,0.6396203616878803,0.011478189868569442,0.007399461713790494,0.00323508651869752,0.0013153205386137391,0.0006318121321057336,0.0001930164372996343,0.003736991305830992,0.1015625,0.0016103503756610227,0.150390625,1.5B,16384
9,5,needle_16384_d50,needle,16384,9.704060527839234,27.794843659523092,23.830733342305805,1.6867287827488897,29.269310700560435,6.472069873498305,0.8511012130761352,11.134004814355169,0.06596724486492384,-32.29142695479095,55.89308683760464,1.4630451803230904e-08,0.9999999999989999,0.0392156862745098,0.509910838533881,2.0960002390495367,0.9988518044505755,0.9332909064824673,0.9770608359057533,0.9859410172151097,0.37073931598262144,0.31620921761704457,0.07250002141387131,0.9129849984368114,0.0042244787439261935,0.002771728508979497,0.0013103635871603877,0.0005668203689616846,0.0002931113169917168,9.130445910323387e-05,0.0020470675129167877,0.1015625,0.0011457564500573151,0.150390625,1.5B,16384
9,6,needle_16384_d50,needle,16384,9.704060527839234,14.358585838242217,24.094027139794452,1.5446601986475508,29.241481495273028,9.204138993423241,0.7101432320726417,11.662225139884834,0.02575285160196774,-43.13897052407265,1.619407725520432,0.5736057913450662,0.8166487632887038,0.0392156862745098,0.43368587369796796,7.503128199998637,0.872535107158366,0.09882918203353284,0.1268639694757999,0.16778883189689375,0.020915668601471094,0.15681348225123948,0.06434601741800974,0.03683301391804135,0.1883903395816308,0.11731681752379967,0.06263961253835487,0.03921530529925234,0.028864091953047274,0.017384620870042777,0.045566003175945446,0.1015625,0.03462023002816225,0.150390625,1.5B,16384
9,7,needle_16384_d50,needle,16384,9.704060527839234,23.683280689826173,24.094027139794452,1.5446601986475508,29.241481495273028,9.204138993423241,0.7101432320726417,11.662225139884834,0.02575285160196774,-30.472218867391348,7.9731542859226465,0.003091081513663622,0.9996555279093511,0.0392156862745098,0.528174002227411,4.367368114471953,0.9929864014614574,0.44119952161408454,0.554444800505468,0.6915266994240555,0.022132595631950247,0.003943216999830801,0.13535312507118952,0.4333143538128149,0.01899838837485258,0.006896548956901717,0.0024271558804047915,0.001051183724598381,0.0005842062387976603,0.00022364764804297854,0.0030500916043366554,0.1015625,0.0021827947613655948,0.150390625,1.5B,16384
9,8,needle_16384_d50,needle,16384,9.704060527839234,16.083264694372115,24.094027139794452,1.5446601986475508,29.241481495273028,9.204138993423241,0.7101432320726417,11.662225139884834,0.02575285160196774,-50.84088674560189,0.8036267925053835,1.3244120814244702,0.5236530425523339,0.0,0.39408046100269967,7.64324962921803,0.8622674374121637,0.08961468676942703,0.12021218238934905,0.16997703299186637,0.04121344859870346,0.0044575903099479675,0.04861109885700775,0.004042948731512285,0.22837171572061507,0.18518390161346712,0.11928954506980446,0.07369583003618034,0.04858777434481056,0.024414867961691025,0.06368322757825363,0.1015625,0.04386496463943178,0.150390625,1.5B,16384
9,9,needle_16384_d50,needle,16384,9.704060527839234,23.0781109722827,24.094027139794452,1.5446601986475508,29.241481495273028,9.204138993423241,0.7101432320726417,11.662225139884834,0.02575285160196774,-36.36120909079909,10.177933457307518,0.00042475682351673444,0.999962001786931,0.0392156862745098,0.5541567737390874,3.337504380541207,0.9978015578688514,0.5962817372108716,0.775629880708056,0.8993165218751685,0.01592312678262031,0.08569269843783434,0.24612608743558706,0.6820796170756136,0.004167896799465968,0.002268863223744228,0.0010983342745505783,0.0005177910220503507,0.0002978765859478481,0.00011754591546050585,0.0012220588459464182,0.1015625,0.000757826198695791,0.150390625,1.5B,16384
9,10,needle_16384_d50,needle,16384,9.704060527839234,27.44929255454848,24.094027139794452,1.5446601986475508,29.241481495273028,9.204138993423241,0.7101432320726417,11.662225139884834,0.02575285160196774,-30.652416292577982,31.247893813066185,1.4631193796974414e-08,0.999999999998973,0.0392156862745098,0.5490000916918024,2.9057765467715453,0.9989399268503943,0.7005524859574483,0.884308406831874,0.9756636623915843,0.008506856683166086,0.2832651756253528,0.21454384195781134,0.7762409562671487,0.0010355491841443289,0.0005798805691690647,0.00024029491802546817,9.750221522979662e-05,4.88451360052823e-05,1.5457025539832034e-05,0.0007593613970861865,0.1015625,0.0006265280435889541,0.150390625,1.5B,16384
9,11,needle_16384_d50,needle,16384,9.704060527839234,25.276986789732533,24.094027139794452,1.5446601986475508,29.241481495273028,9.204138993423241,0.7101432320726417,11.662225139884834,0.02575285160196774,-60.2701709959656,60.11264588218182,1.463045180323088e-08,0.9999999999989999,0.0392156862745098,0.54787249748786,1.948466138746489,0.9992458903026782,0.9319025353716481,0.9882331474961139,0.9928617196089311,0.010953607679769384,0.32541211896665523,0.37068336459490553,0.6193579786474737,0.0030077048172173363,0.00204010936382987,0.0008963273722619393,0.0003991598574271726,0.00021511154439078878,7.365461094999914e-05,0.002171138063549288,0.1015625,0.001547151945692823,0.150390625,1.5B,16384
10,0,needle_16384_d50,needle,16384,9.704060527839234,20.02843199173376,24.148830045777977,1.8293176358575882,28.98941363934822,9.805023582806376,1.0545284750625448,16.5692015104135,0.030465410066586093,-74.3374933898449,6.258228933438659,0.013899895489852668,0.9980870640498389,0.0392156862745098,0.43467408269595786,2.0660460912967253,0.9685581734719706,0.8130102582818054,0.8229177516941336,0.8347392264073955,0.006869988990836795,0.0442212004907665,0.7967550131231675,0.043893997089769585,0.49010972368442374,0.40046187347330914,0.26524798643316755,0.1690792440953247,0.11990930514555459,0.0674924237456884,0.3089901346691585,0.1015625,0.2564308984880008,0.150390625,1.5B,16384
10,1,needle_16384_d50,needle,16384,9.704060527839234,29.067805517613245,24.148830045777977,1.8293176358575882,28.98941363934822,9.805023582806376,1.0545284750625448,16.5692015104135,0.030465410066586093,-31.658497862517834,43.763646458275616,1.4630451805855642e-08,0.9999999999989999,0.0392156862745098,0.44649130267076714,2.802660766380926,0.9983607199818555,0.735569497227204,0.9092047299611619,0.968689230135242,0.005203660651397546,0.08658690704926597,0.3030188128159819,0.6650268674941288,0.006202016320784129,0.0035484199342527413,0.0014092065819626494,0.0005349159584036474,0.00026515312593996024,8.066971714461009e-05,0.003685186731062623,0.1015625,0.0022196977620534304,0.150390625,1.5B,16384
10,2,needle_16384_d50,needle,16384,9.704060527839234,21.809668142620023,24.148830045777977,1.8293176358575882,28.98941363934822,9.805023582806376,1.0545284750625448,16.5692015104135,0.030465410066586093,-36.037426982074976,17.18881849432364,6.38064596189373e-07,0.999999965722773,0.0392156862745098,0.4660476922198321,5.137559155578504,0.9550934262637756,0.4470397307448187,0.5250821644710412,0.5973976374848742,0.45064228076709,0.14177042908073112,0.26171802816428524,0.35370648358197965,0.13392882450659618,0.09813588663195123,0.05653678501921248,0.03137902158424043,0.02047389967994223,0.010481534954647554,0.08656308324667052,0.1015625,0.062025852244855004,0.150390625,1.5B,16384
10,3,needle_16384_d50,needle,16384,9.704060527839234,22.790807556162374,24.148830045777977,1.8293176358575882,28.98941363934822,9.805023582806376,1.0545284750625448,16.5692015104135,0.030465410066586093,-52.92283928766847,17.24849008116871,6.03917130411841e-07,0.9999999677068033,0.0392156862745098,0.3829500630708338,2.6384111969290562,0.9879683230540715,0.8360035768884035,0.8672332827816933,0.8916115097952068,0.060692009764718335,0.0005037391334026253,0.42276708572739946,0.4767956086534556,0.04933083099721127,0.036469274120959405,0.022167462955243085,0.013389283971804751,0.008920047847363593,0.004457577320237694,0.02241141125259939,0.1015625,0.0177376168685507,0.150390625,1.5B,16384
10,4,needle_16384_d50,needle,16384,9.704060527839234,22.6699470160989,24.148830045777977,1.8293176358575882,28.98941363934822,9.805023582806376,1.0545284750625448,16.5692015104135,0.030465410066586093,-53.43277304619551,1.1855494044721127,1.429452779315292,0.49439246763748235,0.0196078431372549,0.47426155244868534,7.1831786160028335,0.8852480439339881,0.14658664921958975,0.1868887473551928,0.24287499244832478,0.022751501028908105,0.00046877832256253527,0.09992185271012322,0.028811923876017317,0.24344345548631327,0.17249910807327595,0.10415483371213645,0.06506943556853503,0.047564803691268115,0.026591918498752663,0.10559850112869693,0.1015625,0.08303228763653143,0.150390625,1.5B,16384
10,5,needle_16384_d50,needle,16384,9.704060527839234,20.997944848010818,24.148830045777977,1.8293176358575882,28.98941363934822,9.805023582806376,1.0545284750625448,16.5692015104135,0.030465410066586093,-28.173022750765085,14.699754079338163,6.499030342945454e-06,0.9999995869726,0.0392156862745098,0.45511184446318187,1.949203066191465,0.9825718616800242,0.844778415875754,0.8624339963568214,0.8756970196259488,0.0022446990048416993,0.04134607419425507,0.017051965112034297,0.8558742363961418,0.05151912920652421,0.039965496368041836,0.02531814383690122,0.014597751486159704,0.00948298499862274,0.004438672346785324,0.031139914983496657,0.1015625,0.023099607128578767,0.150390625,1.5B,16384
10,6,needle_16384_d50,needle,16384,9.704060527839234,18.819472792211307,28.718270809872642,2.2231417689945037,35.52614405841479,6.827509726142141,1.0771446008453975,11.830698522606014,0.09398193408384681,-34.1674536569044,14.774868375621736,6.058579418182329e-06,0.9999996168602909,0.0392156862745098,0.49107296921074617,4.486899838269487,0.9798898954427934,0.5092953324061494,0.6295662185965526,0.7166866849697545,0.0766398293322097,0.11752192467627687,0.18941249336729113,0.51712389770575,0.07795562765726861,0.05191449730409494,0.027309136457478234,0.015291559381988912,0.009674924167510385,0.0044091756000608434,0.0676923725291636,0.1015625,0.06047775013714819,0.150390625,1.5B,16384
10,7,needle_16384_d50,needle,16384,9.704060527839234,18.681170192125595,28.718270809872642,2.2231417689945037,35.52614405841479,6.827509726142141,1.0771446008453975,11.830698522606014,0.09398193408384681,-54.25557294674218,3.9126324113458395,0.11167560674198668,0.9785423712598225,0.0392156862745098,0.4473647440572772,5.997742367143003,0.9432335507673748,0.29686620484291065,0.36519183092169694,0.43850744259190794,0.1300271159004136,0.0049573281269195135,0.18367643878555598,0.059279843900577854,0.29429455775960156,0.18922178350312627,0.08807717575443742,0.04367001258668044,0.026851290691878527,0.01268595462611265,0.11855752115904619,0.1015625,0.08181186428381416,0.150390625,1.5B,16384
10,8,needle_16384_d50,needle,16384,9.704060527839234,17.63117979651656,28.718270809872642,2.2231417689945037,35.52614405841479,6.827509726142141,1.0771446008453975,11.830698522606014,0.09398193408384681,-44.99280672892928,13.94195662997663,1.3183684727219356e-05,0.9999991187020201,0.0392156862745098,0.40319608988246697,5.071821045442716,0.9404790160396052,0.5017493350235189,0.5481173059302393,0.5979068794969146,0.4916673909048668,0.005550234186702863,0.28819871324997226,0.30961802036585934,0.2970475850692963,0.2243442365542628,0.13676734988010522,0.08063351654444877,0.05340356896372478,0.026484931623267895,0.11505897087494343,0.1015625,0.08391774565259395,0.150390625,1.5B,16384
10,9,needle_16384_d50,needle,16384,9.704060527839234,16.655721146094447,28.718270809872642,2.2231417689945037,35.52614405841479,6.827509726142141,1.0771446008453975,11.830698522606014,0.09398193408384681,-40.103661362081766,8.50130220130086,0.001980809117550986,0.9997931197383888,0.0392156862745098,0.4984297567441899,6.615877709144408,0.9241148044895071,0.20949557304411473,0.26929586732761357,0.3367789560543014,0.08320927968302683,0.07576138364212115,0.10692514133648977,0.18240954854409352,0.2195062541194902,0.14717411405637917,0.07613652915235194,0.03871193438888843,0.023884614808270616,0.01223773185414585,0.10484834379427022,0.1015625,0.07863621478764236,0.150390625,1.5B,16384
10,10,needle_16384_d50,needle,16384,9.704060527839234,18.270797258237792,28.718270809872642,2.2231417689945037,35.52614405841479,6.827509726142141,1.0771446008453975,11.830698522606014,0.09398193408384681,-42.453062035143375,0.08757193200290203,0.7812020196368583,0.511042721398017,0.0392156862745098,0.4285641040446548,5.8020157581898895,0.9506869867064169,0.3221906900022667,0.4311955636702751,0.5199944817844622,0.04429241812803812,0.08342336986839421,0.03286438555601248,0.3136911814546386,0.0923777696883081,0.0749070459003841,0.050457546362939615,0.03242655736927557,0.023078180263201728,0.012098939540987253,0.04490867643509171,0.1015625,0.03626879007365643,0.150390625,1.5B,16384
10,11,needle_16384_d50,needle,16384,9.704060527839234,18.33252076837218,28.718270809872642,2.2231417689945037,35.52614405841479,6.827509726142141,1.0771446008453975,11.830698522606014,0.09398193408384681,-44.8656364493072,21.44097478222102,2.8263260512554846e-08,0.9999999993998718,0.0392156862745098,0.5116119094388156,3.3937461993342293,0.9835810279959418,0.7744778271400219,0.810683289343738,0.8399999542840619,0.13053256198118035,0.04599186335369421,0.18373417148495116,0.6427399993942565,0.06843494488287034,0.05070100618928056,0.029065351459748503,0.016093902471744255,0.010017411317184375,0.004511695020302384,0.034324024363033445,0.1015625,0.02479484240566512,0.150390625,1.5B,16384
11,0,needle_16384_d50,needle,16384,9.704060527839234,18.16793719741896,24.106516617359347,1.9555130853290945,29.557503820433745,8.112567018678824,0.7588551712724368,10.476293363037072,0.03675069836171479,-37.47304669395089,9.543203157838434,0.000780189776786433,0.9999266812725592,0.0392156862745098,0.5866291588690055,6.572686607352633,0.9241741331146549,0.2089410741353652,0.27303314405113194,0.3462567998732459,0.021066817736942856,0.06318892604776094,0.10704471162758315,0.18946044259813127,0.26001104833834787,0.18787479969235768,0.10272238100576148,0.05653972784223456,0.037122049541474265,0.01821306406537861,0.07038123472498542,0.1015625,0.0505732449025332,0.150390625,1.5B,16384
11,1,needle_16384_d50,needle,16384,9.704060527839234,23.077774472954758,24.106516617359347,1.9555130853290945,29.557503820433745,8.112567018678824,0.7588551712724368,10.476293363037072,0.03675069836171479,-24.23090953938663,55.8404213860631,1.4630451803230892e-08,0.9999999999989999,0.0392156862745098,0.5720333984818282,2.699049809115991,0.9985580408022939,0.763461153038795,0.9094014380793863,0.980631729102922,0.017051160841234148,0.25397770991676927,0.21773368399619342,0.7686089118244619,0.0034887640891912448,0.0024760574238766437,0.001300760820060574,0.0006440704064586007,0.00037146374540503294,0.00013750212001819507,0.0022030590783903353,0.1015625,0.0018766216691604258,0.150390625,1.5B,16384
11,2,needle_16384_d50,needle,16384,9.704060527839234,28.238378842019355,24.106516617359347,1.9555130853290945,29.557503820433745,8.112567018678824,0.7588551712724368,10.476293363037072,0.03675069836171479,-20.235476206522435,81.55336013296619,1.4630451803230878e-08,0.9999999999989999,0.0392156862745098,0.5614457396049711,2.299992509077704,0.9994959066857767,0.8762203649526713,0.9813577995824665,0.9973735066723131,0.25265627977540717,0.5137994557499433,0.05700675603596077,0.9403458267537452,0.0003205600960480562,0.0001712119823706918,5.8598375247365025e-05,1.9211749996882327e-05,8.137710015947032e-06,2.0464460217478327e-06,0.00021462155162962017,0.101806640625,0.00010834001318146113,0.150390625,1.5B,16384
11,3,needle_16384_d50,needle,16384,9.704060527839234,19.36037223593533,24.106516617359347,1.9555130853290945,29.557503820433745,8.112567018678824,0.7588551712724368,10.476293363037072,0.03675069836171479,-41.005375523120165,11.063230525702238,0.0002963630629466854,0.9999759371469368,0.0392156862745098,0.528082320728362,6.455684988075331,0.9309614759763759,0.23193058779981796,0.27749699511206044,0.3419337651484226,0.019958345084394313,0.031172230627142472,0.13245279575240632,0.17128202398196812,0.19620842423288373,0.137035741459033,0.0747782565433166,0.0400014522545988,0.025977407036396963,0.012580737078447844,0.06406116783732294,0.1015625,0.04159230589423777,0.150390625,1.5B,16384
11,4,needle_16384_d50,needle,16384,9.704060527839234,28.825642262782388,24.106516617359347,1.9555130853290945,29.557503820433745,8.112567018678824,0.7588551712724368,10.476293363037072,0.03675069836171479,-57.18422095943242,66.12756410660222,1.4630451803230878e-08,0.9999999999989999,0.0392156862745098,0.5240484333170944,2.3136841899217506,0.9994340643706962,0.8971115490944521,0.9922515234885538,0.996305853985838,0.27689811444108486,0.13820001149269157,0.15014431401497563,0.8442948020985921,0.0006394716205880421,0.0003675071677666112,0.00012730201989886758,4.0759847089952545e-05,1.6983969131972806e-05,3.979282636443359e-06,0.0006317298325849347,0.1015625,0.00042021157835007885,0.150390625,1.5B,16384
11,5,needle_16384_d50,needle,16384,9.704060527839234,20.690699741889375,24.106516617359347,1.9555130853290945,29.557503820433745,8.112567018678824,0.7588551712724368,10.476293363037072,0.03675069836171479,-22.227550722658634,26.46667465660721,1.4716145672668873e-08,0.999999999995796,0.0392156862745098,0.5750372598408513,4.318776163600534,0.9820058035689075,0.5238626403724548,0.6680893976736559,0.7763548923444364,0.02048569698967473,0.020127143212680387,0.15756123732480928,0.6467830026589689,0.04521326836562549,0.033209029211706646,0.01837357174910862,0.010242711875588733,0.006309162138628475,0.002779002266038766,0.02073004464254511,0.1015625,0.015065560932394322,0.150390625,1.5B,16384
11,6,needle_16384_d50,needle,16384,9.704060527839234,19.914384220217563,24.19971969065339,3.0695772777819754,33.267664885789934,7.453629676746798,0.723414213512385,10.78965983025175,0.028195877384018773,-51.30762416101061,25.627640125574544,1.483035227026617e-08,0.9999999999913844,0.0392156862745098,0.4034864039995845,4.8492794997377775,0.9773174359024965,0.40777735743486915,0.5007719897262466,0.5966879239156372,0.09575070666017149,0.025627878559985273,0.275560862054336,0.049380041112751225,0.21849184819181108,0.12681490843454876,0.06228133922449352,0.03215429849547202,0.019058219747055485,0.009183170940037788,0.3715913959187952,0.1015625,0.2713823865926343,0.150390625,1.5B,16384
11,7,needle_16384_d50,needle,16384,9.704060527839234,18.261353274681426,24.19971969065339,3.0695772777819754,33.267664885789934,7.453629676746798,0.723414213512385,10.78965983025175,0.028195877384018773,-59.0090974830091,5.177210200577974,0.04027823676415053,0.9937963407446967,0.0392156862745098,0.3984625145202565,6.5432606705791425,0.8758654013401925,0.2800315492362931,0.3092514032341547,0.3505780364513802,0.10973715941193563,0.019028812145554408,0.22788923044426546,0.07643347478231921,0.532576720871634,0.39945161613132785,0.23994660958972416,0.14829243764746322,0.10481445259876153,0.060734431556920876,0.2715906141022765,0.1015625,0.18538336025465105,0.150390625,1.5B,16384
11,8,needle_16384_d50,needle,16384,9.704060527839234,22.368376020431953,24.19971969065339,3.0695772777819754,33.267664885789934,7.453629676746798,0.723414213512385,10.78965983025175,0.028195877384018773,-37.43002510070801,19.431774981319904,8.896164764733756e-08,0.9999999963605981,0.0392156862745098,0.36747612837260846,1.9927991465663637,0.9850615799446933,0.8476937599611362,0.863114998875069,0.8784692586931709,0.20003880539525465,0.06866880660758667,0.034069581341928425,0.8375657636121657,0.054759023426373524,0.04208618668788904,0.025014685969296124,0.013834213786574545,0.008590054869119916,0.003710522424328423,0.03918367028313392,0.1015625,0.03206197440281988,0.150390625,1.5B,16384
11,9,needle_16384_d50,needle,16384,9.704060527839234,20.74436721412223,24.19971969065339,3.0695772777819754,33.267664885789934,7.453629676746798,0.723414213512385,10.78965983025175,0.028195877384018773,-58.54007241874933,7.143310949206352,0.006548491620996243,0.999201465409491,0.0392156862745098,0.4258170447678834,5.984628089657592,0.9206313035030477,0.33611228065414683,0.38338358426321273,0.435166533255511,0.03001820776806552,0.05620467695061171,0.252143748421995,0.0934296708666448,0.3443697556126451,0.2327479563605533,0.12504288954742418,0.06883128586718608,0.04413478505422321,0.021796891807434392,0.1779580760543487,0.1015625,0.1253959051067518,0.150390625,1.5B,16384
11,10,needle_16384_d50,needle,16384,9.704060527839234,17.149232650430747,24.19971969065339,3.0695772777819754,33.267664885789934,7.453629676746798,0.723414213512385,10.78965983025175,0.028195877384018773,-46.53536733612418,0.6769052743911743,0.8326053548640484,0.6330385827940941,0.0392156862745098,0.39104346120345884,6.830206771152316,0.907713052730727,0.18333664513463863,0.2535100729473963,0.3359620797367401,0.12860090869365348,0.047810046788317795,0.053863726266818554,0.038025162075848835,0.2518011983352384,0.19107715014109222,0.1143439394767797,0.0694359501300514,0.04794203339117243,0.024504519612962038,0.1565972104136781,0.1015625,0.12637876274695464,0.150390625,1.5B,16384
11,11,needle_16384_d50,needle,16384,9.704060527839234,27.313131840116828,24.19971969065339,3.0695772777819754,33.267664885789934,7.453629676746798,0.723414213512385,10.78965983025175,0.028195877384018773,-32.83153676986694,29.371743638068438,1.4638368365911341e-08,0.9999999999987126,0.0392156862745098,0.41614222234717757,4.465440661856993,0.9789054545683864,0.524138610058097,0.6168098145588707,0.703626307308502,0.05249916817638223,0.0022155755325208304,0.2629628999807523,0.42300701568330396,0.10454739189135083,0.06998322686127166,0.03605483033131522,0.01778974018674723,0.010062244409588377,0.003812507523825386,0.09725375467685822,0.1015625,0.07842992123102555,0.150390625,1.5B,16384
12,0,needle_16384_d50,needle,16384,9.704060527839234,23.688368193837768,22.035907078658934,1.4782839508449717,25.709334522077853,10.382233692538666,0.7562833781665568,12.544249088541093,0.03210435433784229,13.454446755349636,1.3246333971619606,0.5145606647765908,0.7899109208189959,0.0392156862745098,0.7282847766652802,4.022011531000779,0.986282790071164,0.6055547249130898,0.6799645236814296,0.7433604899076542,0.2585865310217077,0.11305382136180331,0.19676260601160225,0.40275696926540333,0.04432512937786454,0.02934311676792375,0.014491908344283598,0.006994218175606285,0.003946532542630468,0.0015941585613190412,0.02450056603656126,0.1015625,0.019221756873214098,0.150390625,1.5B,16384
12,1,needle_16384_d50,needle,16384,9.704060527839234,22.643111832817688,22.035907078658934,1.4782839508449717,25.709334522077853,10.382233692538666,0.7562833781665568,12.544249088541093,0.03210435433784229,32.79912540764781,0.9199132545036264,0.6546066076597349,0.7066754987798057,0.0,0.7566221270286355,5.45720657484254,0.9876185013403633,0.20213024189021211,0.2895965356006296,0.4013701006192899,0.10133454242184747,0.11422100457432727,0.001149920148257759,0.0007416248727865714,0.04599940510695198,0.009607539448704103,0.0022952202057007144,0.0010882407835499071,0.0006062983491461967,0.00023135812983877802,0.19903085094550277,0.101806640625,0.16837335307721474,0.150634765625,1.5B,16384
12,2,needle_16384_d50,needle,16384,9.704060527839234,23.571364731103557,22.035907078658934,1.4782839508449717,25.709334522077853,10.382233692538666,0.7562833781665568,12.544249088541093,0.03210435433784229,-3.7574955634772778,3.5421917103230953,0.12822909548928302,0.9718627261434429,0.0392156862745098,0.6521915373484739,4.160320988936496,0.9786381309615313,0.5494529437660458,0.6154392604110409,0.682645518631748,0.0441698129457202,0.07882413190313509,0.3949055443588867,0.0871372118195291,0.13605722361323386,0.08727981748366237,0.041860894333934875,0.02005351476857892,0.011949785400625445,0.005174480828785529,0.10281199569074007,0.1015625,0.07753054223185123,0.150390625,1.5B,16384
12,3,needle_16384_d50,needle,16384,9.704060527839234,15.425459062172878,22.035907078658934,1.4782839508449717,25.709334522077853,10.382233692538666,0.7562833781665568,12.544249088541093,0.03210435433784229,20.00971660169307,5.824665831052698,0.03629216390191677,0.9949039593786855,0.0392156862745098,0.7964890143973633,7.536996324468798,0.8822743065724881,0.07967659093937338,0.12006239899564887,0.17738839691495004,0.057271708714361935,0.01829813857470164,0.011357637557253877,0.042190324493982044,0.20161536934319435,0.1670304951828802,0.11363123405639447,0.07134426033337507,0.0478826859088797,0.02483601663716387,0.135087689884233,0.1015625,0.10573463048481056,0.150390625,1.5B,16384
12,4,needle_16384_d50,needle,16384,9.704060527839234,16.223534888859074,22.035907078658934,1.4782839508449717,25.709334522077853,10.382233692538666,0.7562833781665568,12.544249088541093,0.03210435433784229,-45.447388315340504,9.338189075002447,0.0009382908259848651,0.9999100552552297,0.0392156862745098,0.6202699480173413,4.120294581361607,0.9769200668833679,0.5495624699625226,0.6015158201067875,0.6533580303534909,0.06939997013555382,0.007580605930154291,0.4600305720349508,0.00983535227486806,0.386605560093446,0.24157467442467775,0.08094452075903981,0.02847087151098925,0.01706724837035644,0.008373413362233307,0.5565072604272108,0.1015625,0.47112166352507995,0.150390625,1.5B,16384
12,5,needle_16384_d50,needle,16384,9.704060527839234,20.911414864108146,22.035907078658934,1.4782839508449717,25.709334522077853,10.382233692538666,0.7562833781665568,12.544249088541093,0.03210435433784229,1.2677303534001112,14.392940258607268,8.733542753706749e-06,0.999999434862472,0.0392156862745098,0.6164113714567635,4.540959717128176,0.9637458485650757,0.5375757232531526,0.5880134567262486,0.6456685627944933,0.01679956522904824,0.035641946058571294,0.37476839570672066,0.2584258489788831,0.21756807246581567,0.15191322130937324,0.08179488089650541,0.041464587392419275,0.025763111586972098,0.01192801009042961,0.10572382207905562,0.1015625,0.07372912031209615,0.150390625,1.5B,16384
12,6,needle_16384_d50,needle,16384,9.704060527839234,26.751210378064314,23.96575487302087,1.3336573928283533,28.856253285249817,9.271888004741228,0.618504794133832,11.295240696209037,0.0354619766552459,-29.43875510059297,4.627847509458661,0.13192539848184465,0.9791550502412183,0.0196078431372549,0.6522785730387584,7.085442405281213,0.9340365371509107,0.05516806439402076,0.10006574249009087,0.16237499526856206,0.021954714857809865,0.13408387651013287,0.0021892427732019245,0.013478994380129158,0.16712949339605213,0.12952973293588352,0.0824516422585963,0.04160285681999019,0.022909545406779426,0.00887785644375003,0.054920491131201093,0.101806640625,0.046853629202472644,0.150634765625,1.5B,16384
12,7,needle_16384_d50,needle,16384,9.704060527839234,26.34729976200801,23.96575487302087,1.3336573928283533,28.856253285249817,9.271888004741228,0.618504794133832,11.295240696209037,0.0354619766552459,-35.04317991249263,49.050107380375266,1.4630451803244162e-08,0.9999999999989999,0.0392156862745098,0.34467091310079906,2.6555426467912406,0.9981833799843867,0.7586491601929002,0.9404239324735758,0.9774612988844819,0.13960827467869819,0.26025063611488797,0.3430288657629117,0.635332071288236,0.00795957661296923,0.005093931594000162,0.0022952315537572506,0.0009689584675184623,0.0004962194795516642,0.0001701977702560042,0.0033180930440973974,0.1015625,0.0020790370787367386,0.150390625,1.5B,16384
12,8,needle_16384_d50,needle,16384,9.704060527839234,25.431921888594477,23.96575487302087,1.3336573928283533,28.856253285249817,9.271888004741228,0.618504794133832,11.295240696209037,0.0354619766552459,-39.87329187616706,56.18428711220622,1.4630451803230899e-08,0.9999999999989999,0.0392156862745098,0.36615700255750727,2.4823838736245634,0.9961830569654974,0.7779158252317095,0.9002903656325383,0.95795690622444,0.022533812556349453,0.20054886655593318,0.4921598904043069,0.4658699089688795,0.03268329120833462,0.023218092548525342,0.012046305833233462,0.005942110408038398,0.0033495207049674533,0.0012593662204397895,0.015539750248243072,0.101806640625,0.010722975141906265,0.150390625,1.5B,16384
12,9,needle_16384_d50,needle,16384,9.704060527839234,24.169488145423777,23.96575487302087,1.3336573928283533,28.856253285249817,9.271888004741228,0.618504794133832,11.295240696209037,0.0354619766552459,-35.70605044905096,31.362943573854864,1.4631113005079915e-08,0.9999999999989759,0.0392156862745098,0.3606451362963654,2.8725384039348647,0.9958430871128358,0.7340026555402104,0.8708430926451506,0.9358788892791854,0.2118551985767123,0.00017398219065301035,0.3814817019759198,0.5615653620856278,0.01915985263072862,0.012700413692341492,0.006706221177270461,0.003685861880297186,0.0022773752531168165,0.001022052038246701,0.006870779898363759,0.1015625,0.004899676011223521,0.150390625,1.5B,16384
12,10,needle_16384_d50,needle,16384,9.704060527839234,18.331799555870337,23.96575487302087,1.3336573928283533,28.856253285249817,9.271888004741228,0.618504794133832,11.295240696209037,0.0354619766552459,-1.879284393042326,21.495347622781992,2.5017329025180235e-08,0.9999999995369484,0.0392156862745098,0.34124635484786137,4.4980161548299,0.9639301704766963,0.5513318045236832,0.6385438305808051,0.7179818121147659,0.217741872615831,0.004979397270471059,0.013292983918119504,0.7180911483649381,0.06209749154089917,0.04703978084877122,0.030646317262041232,0.019803206908850585,0.014022057911102963,0.007880130077011454,0.025210002641727992,0.1015625,0.019323057384105682,0.150390625,1.5B,16384
12,11,needle_16384_d50,needle,16384,9.704060527839234,26.834096334007125,23.96575487302087,1.3336573928283533,28.856253285249817,9.271888004741228,0.618504794133832,11.295240696209037,0.0354619766552459,-15.9726060628891,10.242986485362053,0.0004382377925261233,0.9999616689643962,0.0392156862745098,0.4930296582174365,3.8493102021402983,0.9908720122758282,0.5923157894166875,0.6852542992283615,0.7879725390353308,0.22132207880943744,0.015992115905276716,0.010176918696479978,0.5734975563047854,0.027236568579230486,0.01643332461273671,0.00721324717435472,0.0033603057464838874,0.0019623550436455076,0.0007928170752613721,0.011525228918342421,0.1015625,0.007772494117073706,0.150390625,1.5B,16384
13,0,needle_16384_d50,needle,16384,9.704060527839234,29.266970040919368,22.383609991155026,1.2365253796527822,25.27588848510667,10.602090704769317,0.8793354591006617,13.00978235964201,0.027735574309813032,-13.32919043302536,49.820451801642776,1.4630451803237025e-08,0.9999999999989999,0.0392156862745098,0.4714299210110578,2.97438870110604,0.9979458267020528,0.7181529512751903,0.879504126242729,0.9768206951856349,0.12386259139666475,0.15462566041846337,0.1744639415105858,0.80899845837125,0.0033341791940269985,0.002442797698490874,0.0013261834605288612,0.0006977665674978402,0.0004249897138470405,0.0001800648018642692,0.0015344834850518562,0.1015625,0.001091896925100768,0.150390625,1.5B,16384
13,1,needle_16384_d50,needle,16384,9.704060527839234,22.528112844201157,22.383609991155026,1.2365253796527822,25.27588848510667,10.602090704769317,0.8793354591006617,13.00978235964201,0.027735574309813032,-40.06082726200111,3.9477018292527646,0.09660727855210806,0.9807760593226605,0.0392156862745098,0.6214932112622773,6.7975040874591075,0.8944084390523849,0.207991215415736,0.2516013811541873,0.3143025510839897,0.04974430264374052,0.007151140080540408,0.13862560166420812,0.07083475938490089,0.19790988510867788,0.14224208596705465,0.08846573902337335,0.055987774479913925,0.040357558187157104,0.023345666168629126,0.07529788277316415,0.1015625,0.058266703020615214,0.150390625,1.5B,16384
13,2,needle_16384_d50,needle,16384,9.704060527839234,30.961905558388985,22.383609991155026,1.2365253796527822,25.27588848510667,10.602090704769317,0.8793354591006617,13.00978235964201,0.027735574309813032,-25.318693180568516,59.02822881471366,1.463045180323088e-08,0.9999999999989999,0.0392156862745098,0.4556008009682541,2.578628808342062,0.9984017087170086,0.7852160930362966,0.9302803520922046,0.9777737721353096,0.1291187880947311,0.0824993581667095,0.36556316777686143,0.6135848895869381,0.00714717939881767,0.004525436084465098,0.002107552461166522,0.0009497882066582586,0.0005013754614666223,0.000171559487445098,0.0035771725393972417,0.1015625,0.0025099109999615326,0.150390625,1.5B,16384
13,3,needle_16384_d50,needle,16384,9.704060527839234,31.180326323821806,22.383609991155026,1.2365253796527822,25.27588848510667,10.602090704769317,0.8793354591006617,13.00978235964201,0.027735574309813032,-18.672777282074094,62.00163261964917,1.4630451803230878e-08,0.9999999999989999,0.0392156862745098,0.4522480040506341,2.6025701463418853,0.9980912585258254,0.7864697186595104,0.908251250389229,0.9697030967092197,0.04302177493913173,0.07862178488343452,0.22894673248533176,0.7440966869116304,0.00747057458691421,0.005111664225898313,0.0024479064748596097,0.0010863232910955508,0.0005726467841899577,0.00019377784897753905,0.0025357981248602737,0.1015625,0.0014991591385121498,0.150390625,1.5B,16384
13,4,needle_16384_d50,needle,16384,9.704060527839234,35.25590803940664,22.383609991155026,1.2365253796527822,25.27588848510667,10.602090704769317,0.8793354591006617,13.00978235964201,0.027735574309813032,-64.42401040811092,41.815076916478574,1.463045182165843e-08,0.9999999999989999,0.0392156862745098,0.4200881674251958,1.151926017561895,0.9994014734291155,0.9788005770336813,0.9857435032013339,0.9887838999707665,0.0002566953808555983,0.23751242714832843,0.10318255119903681,0.8739254682477594,0.00302606776982885,0.0017368618721970374,0.0006394746973988265,0.00021630010109585478,9.80563077971467e-05,2.6243495304799026e-05,0.004308501899604511,0.1015625,0.0029030537424182754,0.150390625,1.5B,16384
13,5,needle_16384_d50,needle,16384,9.704060527839234,27.35739606675111,22.383609991155026,1.2365253796527822,25.27588848510667,10.602090704769317,0.8793354591006617,13.00978235964201,0.027735574309813032,-10.903471942991018,32.757447730749846,1.4630615692341319e-08,0.9999999999989939,0.0392156862745098,0.4147336619513395,3.578591156850653,0.9909213484914181,0.6494145942152061,0.7860431347850504,0.88677961617586,0.004746156610811791,0.015244125248041696,0.08885727442505767,0.8129858651256103,0.020702847355991594,0.015816546623181518,0.009981949554664691,0.00613154792137781,0.004232185323808559,0.002142811031984237,0.007446475340964146,0.1015625,0.005499893936104536,0.150390625,1.5B,16384
13,6,needle_16384_d50,needle,16384,9.704060527839234,22.263343296593053,23.079379053963212,1.588306439394461,26.837167578967332,7.1705298491313645,1.0271603583862623,10.331034893184313,0.07943709628114289,63.799091931432486,49.77717099711299,1.4630451803237296e-08,0.9999999999989999,0.0392156862745098,0.472595957173584,3.188547428690641,0.9952857112844796,0.7020480875896188,0.8711777604355032,0.9410858354232161,0.15687714506591455,0.35575561084317275,0.16080516845905898,0.785684127977728,0.01945213434493121,0.013452132928346074,0.006484805704042782,0.003004330329278283,0.0015859471792927622,0.0005631563263977513,0.008009396313359701,0.1015625,0.004634272719777916,0.150390625,1.5B,16384
13,7,needle_16384_d50,needle,16384,9.704060527839234,21.253471808961617,23.079379053963212,1.588306439394461,26.837167578967332,7.1705298491313645,1.0271603583862623,10.331034893184313,0.07943709628114289,59.065053414553404,42.26458597742021,1.463045181499016e-08,0.9999999999989999,0.0392156862745098,0.4730532493863578,3.2429926138960283,0.9956928341317967,0.6774008297519285,0.8389092919473506,0.9466562563930147,0.17987912481552382,0.024385766153342203,0.13692029647230783,0.8091321291090856,0.01449931476025745,0.010418519052899486,0.0062133187399445455,0.0034294515258616637,0.0021828449296480137,0.0009596398884436562,0.006818972068900841,0.1015625,0.0047903028172327135,0.150390625,1.5B,16384
13,8,needle_16384_d50,needle,16384,9.704060527839234,20.42175184977437,23.079379053963212,1.588306439394461,26.837167578967332,7.1705298491313645,1.0271603583862623,10.331034893184313,0.07943709628114289,63.079260624945164,38.58232036163099,1.4630452270213482e-08,0.9999999999989999,0.0392156862745098,0.4884357280999213,3.4306688497396833,0.9947226725490087,0.669829815271785,0.8134371226336131,0.9075885097643216,0.1528693097033278,0.025742346766362445,0.10256065212428925,0.8133758933494031,0.02804335336720263,0.019402862532368604,0.010135028783412632,0.004672677652950095,0.00243025874686013,0.0007836833348596079,0.018758744436671165,0.1015625,0.014497735398593144,0.150390625,1.5B,16384
13,9,needle_16384_d50,needle,16384,9.704060527839234,21.641814629532817,23.079379053963212,1.588306439394461,26.837167578967332,7.1705298491313645,1.0271603583862623,10.331034893184313,0.07943709628114289,57.61470463126898,39.30153475701809,1.463045204033177e-08,0.9999999999989999,0.0392156862745098,0.47384496042684715,3.500978781893024,0.9904311363098148,0.6666788686703766,0.7936263021561939,0.8758034903538235,0.05244307072101417,0.052263145824721136,0.19702757511768965,0.6776819001326267,0.025801074866432433,0.01892349322429686,0.011208279850153878,0.006834949956445935,0.0042888665340349045,0.002062663518275135,0.012547382488244597,0.1015625,0.009614659255122874,0.150390625,1.5B,16384
13,10,needle_16384_d50,needle,16384,9.704060527839234,18.785075190879493,23.079379053963212,1.588306439394461,26.837167578967332,7.1705298491313645,1.0271603583862623,10.331034893184313,0.07943709628114289,65.1634581964463,22.31019403319806,1.939289083762713e-08,0.9999999997944253,0.0392156862745098,0.5150206093035722,4.235747054673586,0.9884505746449549,0.4899611804283542,0.6626357108886617,0.791537105439498,0.022765198754674643,0.212961176662664,0.09770341494731508,0.7537103020117184,0.04703462675532829,0.03228517597942432,0.01628874013178986,0.007808485660088062,0.004647961232722066,0.0018920228260153854,0.013849424312185285,0.1015625,0.008798374423979807,0.150390625,1.5B,16384
13,11,needle_16384_d50,needle,16384,9.704060527839234,20.814708346262332,23.079379053963212,1.588306439394461,26.837167578967332,7.1705298491313645,1.0271603583862623,10.331034893184313,0.07943709628114289,54.06747217848897,31.902580931782722,1.4630837249815793e-08,0.9999999999989859,0.0392156862745098,0.4897228429901189,3.385755174057928,0.9910658487704647,0.6862853617973391,0.8353730243841506,0.9055635291565798,0.33246226466145234,0.06027900225944727,0.22711731248852096,0.6925175348705872,0.030503172984517744,0.022943415383204945,0.014656700551692811,0.008371176881298069,0.005483445928062388,0.002642242692423985,0.01583759934343053,0.1015625,0.012116514976877088,0.150390625,1.5B,16384
14,0,needle_16384_d50,needle,16384,9.704060527839234,27.976146833393972,27.791245067743272,2.744723977295292,38.750877671915774,12.715875205690088,0.7670377963467718,15.339356274394671,0.021229123679635073,-89.73442946001887,6.60246791690588,0.01637784911903884,0.9979140070444815,0.0392156862745098,0.5744621229237888,2.7360629662987237,0.9988405720116311,0.8181992470227399,0.8918738677177738,0.9431829951308676,0.3204828448357766,0.07989133225427966,0.1264686735038569,0.2324557660820706,0.0012282928856392104,0.0004306025264640663,6.650197155244263e-05,1.3368705550539635e-05,4.794474915152431e-06,1.1435678099395344e-06,0.007125431930642731,0.1015625,0.004133359666471843,0.150390625,1.5B,16384
14,1,needle_16384_d50,needle,16384,9.704060527839234,28.86406449186952,27.791245067743272,2.744723977295292,38.750877671915774,12.715875205690088,0.7670377963467718,15.339356274394671,0.021229123679635073,-25.799326822161674,13.906588792800903,1.376333119278938e-05,0.9999990802910209,0.0392156862745098,0.49792589040849905,4.965553656641204,0.9818976628225202,0.41280886105854886,0.5066322708603553,0.6077191903001476,0.028888461493731032,0.07129109922823768,0.09850836650866027,0.2696449080520956,0.052181253873122425,0.0332797750464749,0.01265411663998769,0.00453817061567196,0.002036101525773645,0.0005705473195826852,0.016922109006956402,0.1015625,0.01076620699459461,0.150390625,1.5B,16384
14,2,needle_16384_d50,needle,16384,9.704060527839234,18.189968618344377,27.791245067743272,2.744723977295292,38.750877671915774,12.715875205690088,0.7670377963467718,15.339356274394671,0.021229123679635073,-15.566669881343842,7.326733101159334,0.005728266921936223,0.9993220637245417,0.0392156862745098,0.5532323493873941,7.776589120517302,0.8437425634110429,0.09684670160792476,0.1349894422189438,0.17926230938594975,0.03599538953018344,0.04241159393981525,0.014754296277245562,0.013258805837820893,0.2595271697762836,0.18941490401627145,0.12607381661259384,0.07971008095176775,0.05685309273556581,0.03344807147890854,0.10929347330542728,0.1015625,0.10550501207427851,0.150390625,1.5B,16384
14,3,needle_16384_d50,needle,16384,9.704060527839234,29.521885703472964,27.791245067743272,2.744723977295292,38.750877671915774,12.715875205690088,0.7670377963467718,15.339356274394671,0.021229123679635073,-51.99731906922534,6.92979129916057,0.007749874905260853,0.9990227508905364,0.0,0.5233207843243131,4.820225438011407,0.9942552791172272,0.22235635985746974,0.3541718218679709,0.5436249105187843,0.008323423061735724,0.04674796201091169,3.2475142438358766e-05,1.9430612511734592e-05,0.013157642701320232,0.0011064175749142052,1.3385288532121194e-05,7.013317245834691e-07,1.6456679683390147e-07,2.5300469705668765e-08,0.10744246013027318,0.101806640625,0.07508896404090819,0.150634765625,1.5B,16384
14,4,needle_16384_d50,needle,16384,9.704060527839234,29.03442211216073,27.791245067743272,2.744723977295292,38.750877671915774,12.715875205690088,0.7670377963467718,15.339356274394671,0.021229123679635073,-135.14954119874164,4.89675740711391,0.04405510887238428,0.9925623708004888,0.0,0.5663214248779966,5.071855810806698,0.9919933828755316,0.2256715659381785,0.35096618318347517,0.49733032074551825,0.00556140310155806,0.023587915774319068,0.056096935721209565,0.0002541345701555385,0.034853851751529524,0.005798300298708004,0.00018777756758340386,2.972103808682734e-05,9.98293295519771e-06,1.8196336234843095e-06,0.1025825855989228,0.101806640625,0.08959912526195749,0.150634765625,1.5B,16384
14,5,needle_16384_d50,needle,16384,9.704060527839234,28.66708432330421,27.791245067743272,2.744723977295292,38.750877671915774,12.715875205690088,0.7670377963467718,15.339356274394671,0.021229123679635073,-125.17233719676733,2.7005525855347514,0.38979305939221454,0.9007595243370046,0.0,0.4598691366746665,4.983996849020028,0.9920314575821085,0.2677791347644379,0.3404009492787642,0.45207097579458144,0.14580977250530314,0.006472681186636242,0.014816022025598098,2.0404005995509502e-05,0.03027903049107985,0.0017618485035941372,5.100701808064195e-05,4.855229435290974e-06,9.98775905756688e-07,1.4602216591550587e-07,0.16546971829651125,0.101806640625,0.12193950361939551,0.150634765625,1.5B,16384
14,6,needle_16384_d50,needle,16384,9.704060527839234,26.73334505453833,21.948276542415954,1.491427137187902,27.471617951469025,9.212326943956494,0.709351732059296,15.033674898683362,0.058526167812902354,-11.58476957026869,4.800127032212913,0.047377161047993485,0.9918381019598963,0.0,0.5258234170531358,6.027130867184805,0.9716468363355119,0.2057939372498886,0.2811477298082072,0.3849468980661481,0.10370958055571045,0.06043880203557661,0.006593200231792986,0.0003533408940545465,0.14184486557681186,0.08881538037510087,0.03174550834803955,0.008818842979419848,0.0035143640453007678,0.0006712705948460435,0.12242345711351468,0.101806640625,0.09558827983444435,0.150634765625,1.5B,16384
14,7,needle_16384_d50,needle,16384,9.704060527839234,22.37152103464297,21.948276542415954,1.491427137187902,27.471617951469025,9.212326943956494,0.709351732059296,15.033674898683362,0.058526167812902354,-24.438938109204173,39.52429779805243,1.4630451985287486e-08,0.9999999999989999,0.0392156862745098,0.6784393819573997,2.479867693367523,0.9955758317391918,0.7594700484866631,0.8869479341707683,0.9468440255114536,0.003798611162589949,0.09935676994533904,0.5268922414603168,0.4271837453803776,0.043044099917877034,0.029288678121028425,0.015087916843148643,0.008037198337221637,0.004995822315887458,0.0022752892465628663,0.014175955959633921,0.1015625,0.010369707818806893,0.150390625,1.5B,16384
14,8,needle_16384_d50,needle,16384,9.704060527839234,25.919993098298157,21.948276542415954,1.491427137187902,27.471617951469025,9.212326943956494,0.709351732059296,15.033674898683362,0.058526167812902354,-6.086573094129562,38.974513702094555,1.4630452118710626e-08,0.9999999999989999,0.0392156862745098,0.6812010657037675,2.845696317295754,0.99857495530892,0.7452118622990209,0.9043888959946326,0.9742719374974365,0.16187057723694043,0.2922610621917908,0.18382557637263508,0.8001803827627085,0.0032472598529635814,0.002118225467201043,0.0010073281998018789,0.00046830202691404166,0.00026310881668458483,0.00010134872206191055,0.0016522682144469636,0.1015625,0.0009404269158590266,0.150390625,1.5B,16384
14,9,needle_16384_d50,needle,16384,9.704060527839234,24.946472266452773,21.948276542415954,1.491427137187902,27.471617951469025,9.212326943956494,0.709351732059296,15.033674898683362,0.058526167812902354,-12.50444034487009,41.39088791515678,1.463045183152209e-08,0.9999999999989999,0.0392156862745098,0.6404619522267707,2.1702857282683454,0.994676239367604,0.8635914969351131,0.916255251169347,0.9387764015120381,0.4143734003369194,0.2059116210237475,0.09643394362000288,0.8370455186948507,0.01907480205572304,0.013608988634780729,0.0073621284087064705,0.0037464644714569587,0.0022572845352944056,0.0009724136992908037,0.009524681828194718,0.1015625,0.006597979267823539,0.150390625,1.5B,16384
14,10,needle_16384_d50,needle,16384,9.704060527839234,18.96585602656532,21.948276542415954,1.491427137187902,27.471617951469025,9.212326943956494,0.709351732059296,15.033674898683362,0.058526167812902354,-37.409841150045395,0.6839436013251543,0.6379252925151955,0.6646182729637127,0.0392156862745098,0.7303882746132236,4.1579251876795436,0.9717989119244532,0.5539201908142035,0.6154559797239407,0.6886817725979147,0.03054270422435934,0.0020983229999633757,0.4156112421614999,0.2639312237722457,0.25024754295790413,0.16953058507974705,0.09268845603694952,0.05230627357026263,0.03501542825509675,0.01818953222333537,0.08919265713034606,0.1015625,0.0683495489952316,0.150390625,1.5B,16384
14,11,needle_16384_d50,needle,16384,9.704060527839234,19.934143925960246,21.948276542415954,1.491427137187902,27.471617951469025,9.212326943956494,0.709351732059296,15.033674898683362,0.058526167812902354,-40.35224783048034,3.0024903006851673,0.19065444267948298,0.952676699713197,0.0392156862745098,0.7460998119573035,4.132476842594601,0.9770669190873256,0.584339841968779,0.6541844329464118,0.730225597650134,0.16392571025389224,0.12331122632444536,0.3222133337586547,0.0538169073928423,0.1750593467636284,0.12210754875362921,0.06832261844465659,0.039851714170736116,0.026295198539660582,0.013103735570527335,0.09378677678327059,0.1015625,0.07722874515067214,0.150390625,1.5B,16384
15,0,needle_16384_d50,needle,16384,9.704060527839234,24.3622116433895,21.78531043492935,1.9208828136681644,28.57799975918899,7.766027408098551,1.1985051347929887,12.878269801828743,0.07788716765850344,-31.652739956974983,26.644101284444332,1.4702556277482698e-08,0.9999999999963136,0.0392156862745098,0.20964798798754056,4.4925506821568275,0.9710259446563262,0.5747549334590699,0.6575024254230547,0.720942256110852,0.08169711397872881,0.040511087173337845,0.12303489731636882,0.5885522940646541,0.09038386559649897,0.06791367842619705,0.03998189257976096,0.022556401900443196,0.01479203121402026,0.006964728203246132,0.052038979812104764,0.1015625,0.041086780141748595,0.150390625,1.5B,16384
15,1,needle_16384_d50,needle,16384,9.704060527839234,23.12322316044945,21.78531043492935,1.9208828136681644,28.57799975918899,7.766027408098551,1.1985051347929887,12.878269801828743,0.07788716765850344,-47.202957548201084,0.8722452465444803,0.6187925364299954,0.7039403271171074,0.0392156862745098,0.3252928032613797,6.246287124627258,0.938432495281137,0.233073557641543,0.2872592867129272,0.3692290883992982,0.0359587849922518,0.00396150873208434,0.14272723276449836,0.06725660044825801,0.2001869206612132,0.1287041344613841,0.0774393306095324,0.04950232161739321,0.03410839221645089,0.017857961686794255,0.19472595166607287,0.1015625,0.15431227322974278,0.150390625,1.5B,16384
15,2,needle_16384_d50,needle,16384,9.704060527839234,24.31854216735404,21.78531043492935,1.9208828136681644,28.57799975918899,7.766027408098551,1.1985051347929887,12.878269801828743,0.07788716765850344,-53.40968884900212,1.8905182657763362,0.40336180236584573,0.8669149122980041,0.0392156862745098,0.34207624548979415,4.497727775998126,0.9670512664409016,0.49412544105314565,0.5540829730053958,0.6109403179478156,0.027335350126104885,0.0008122751379260329,0.4010464345820793,0.15535982580354446,0.24859565850808593,0.15824909486179084,0.08189030126621684,0.044811905388157935,0.0281628981161581,0.013111759169683247,0.16726476937328158,0.1015625,0.12505242122372956,0.150390625,1.5B,16384
15,3,needle_16384_d50,needle,16384,9.704060527839234,21.405981311712885,21.78531043492935,1.9208828136681644,28.57799975918899,7.766027408098551,1.1985051347929887,12.878269801828743,0.07788716765850344,-46.96345855295658,4.248545464128256,0.11666815060789407,0.9798094134834504,0.0392156862745098,0.39972504148581334,7.586030774681042,0.8121239769703372,0.15841212996585632,0.17956019696178788,0.21121075466889713,0.0565992346729467,0.041006154592658994,0.1249242125152043,0.03309053144223737,0.5997657344376665,0.4330128270049048,0.28158588493270775,0.1838208793424711,0.13199784241969498,0.07830011207709056,0.2811307350552765,0.1015625,0.2070018288690896,0.150390625,1.5B,16384
15,4,needle_16384_d50,needle,16384,9.704060527839234,24.01987957573887,21.78531043492935,1.9208828136681644,28.57799975918899,7.766027408098551,1.1985051347929887,12.878269801828743,0.07788716765850344,-41.06282786279917,11.605235511437058,0.00012294446900324113,0.9999903661451205,0.0392156862745098,0.3578947690093193,5.077057651830197,0.9687729453181749,0.37941563720286675,0.45953672769975085,0.5542058528781231,0.09951840310937832,0.02676023003639294,0.25680724667744753,0.18527380190849196,0.2800118231942073,0.17840653376615842,0.09133775174163374,0.0498839357528057,0.03130739176372588,0.014722995675000591,0.1412314728492979,0.1015625,0.11156887154443844,0.150390625,1.5B,16384
15,5,needle_16384_d50,needle,16384,9.704060527839234,23.521937428575676,21.78531043492935,1.9208828136681644,28.57799975918899,7.766027408098551,1.1985051347929887,12.878269801828743,0.07788716765850344,-72.61107739061117,9.309874363825656,0.0009338533848392494,0.999909450890012,0.0392156862745098,0.29020194628140106,2.6307950402368747,0.9819064847781226,0.7999669367511177,0.8154666884889078,0.8349910429769729,0.06956252262772589,0.018868216847660157,0.3060067186305274,0.4980526720361921,0.09814206356779541,0.07287778596469482,0.04205213502497818,0.02295191373458041,0.014049294318576783,0.006254841073497725,0.07024394130518972,0.1015625,0.05357497612116369,0.150390625,1.5B,16384
15,6,needle_16384_d50,needle,16384,9.704060527839234,19.232730942895742,94.15139811207169,0.8017942395953193,96.49892638559223,11.40634940000308,1.1012264890697692,15.23207997665833,0.03823960164441764,189.5804298184812,11.999391621910036,7.999600185265053e-05,0.9999938490668772,0.0392156862745098,0.12937509817321277,5.297041487830524,0.977661750041514,0.315237568206936,0.41453168980958005,0.5544415000547139,0.03173663751479694,0.012574744060891874,0.06196449813907533,0.02464839983656175,0.22178330023308931,0.14487697768590502,0.06488379578921896,0.0291237052441288,0.01656134599553006,0.006944052519327776,0.10612897969955233,0.1015625,0.08222694397265211,0.150390625,1.5B,16384
15,7,needle_16384_d50,needle,16384,9.704060527839234,84.59999520818097,94.15139811207169,0.8017942395953193,96.49892638559223,11.40634940000308,1.1012264890697692,15.23207997665833,0.03823960164441764,1670.8500639274716,86.75283576920629,1.4630451803230878e-08,0.9999999999989999,0.0392156862745098,0.2572842541039093,9.98774974911639e-07,0.9999389648387884,0.9999999996634408,0.9999999999324336,0.9999999999923596,0.8311334924113112,0.048829989985563316,6.6733240779635e-17,0.9999999964754757,1.9171851590771886e-14,7.755816152968405e-16,1.328476744393591e-15,1.328476744393591e-15,1.1470058293201664e-15,1.328476744393591e-15,8.954967765822523e-13,0.1015625,7.662736787215209e-13,0.150390625,1.5B,16384
15,8,needle_16384_d50,needle,16384,9.704060527839234,18.554235784553388,94.15139811207169,0.8017942395953193,96.49892638559223,11.40634940000308,1.1012264890697692,15.23207997665833,0.03823960164441764,-27.82734640315175,1.8992410488426685,0.5910451867980697,0.8184421147066854,0.0392156862745098,0.024199856743459335,5.15400056413006,0.9514202507287127,0.4227409507629039,0.4590852455043352,0.5118091067807106,0.07832873784573824,0.011992569642411022,0.3437498417091878,0.09434867495927998,0.262432436504819,0.18913250245888286,0.10133172420239041,0.05418994848003983,0.034331657763805146,0.01695343090616613,0.10224181968722866,0.1015625,0.07163210349859865,0.150390625,1.5B,16384
15,9,needle_16384_d50,needle,16384,9.704060527839234,26.35249080996348,94.15139811207169,0.8017942395953193,96.49892638559223,11.40634940000308,1.1012264890697692,15.23207997665833,0.03823960164441764,126.47127720713615,60.58397823572159,1.4630451803230878e-08,0.9999999999989999,0.0392156862745098,0.07092037639310433,2.72140764053289,0.9990269671169554,0.738613215398678,0.9417629454109224,0.9855226602857553,0.16314567745507702,0.2027724499896717,0.2507399891096541,0.7303255070611867,0.0016687549580251565,0.0009145617279955463,0.00029153576605326053,8.266814080742447e-05,3.2835009455713305e-05,7.4270860724417614e-06,0.0004903430907087646,0.1015625,0.0003475286051635318,0.150390625,1.5B,16384
15,10,needle_16384_d50,needle,16384,9.704060527839234,20.63853415844592,94.15139811207169,0.8017942395953193,96.49892638559223,11.40634940000308,1.1012264890697692,15.23207997665833,0.03823960164441764,199.46720193699002,30.198627492412925,1.4632568914712583e-08,0.9999999999989231,0.0392156862745098,0.13156872390224325,2.6169903485664134,0.9950653470907095,0.7579038936607687,0.8369670469410291,0.9013237734237919,0.14542701590055174,0.004800020283205697,0.5537937819170221,0.3634194313336483,0.0431914180776814,0.028675010757909597,0.012618753144515884,0.005389565539477428,0.0030315258949785186,0.0011800801934215334,0.01087236589361531,0.1015625,0.006988948834255769,0.150390625,1.5B,16384
15,11,needle_16384_d50,needle,16384,9.704060527839234,21.200214953727325,94.15139811207169,0.8017942395953193,96.49892638559223,11.40634940000308,1.1012264890697692,15.23207997665833,0.03823960164441764,252.5679234303534,7.825755290687084,0.0035230894616320426,0.9996008360245664,0.0392156862745098,0.14530458586392447,4.140327648515772,0.9943145140320302,0.4815049700769819,0.6242281978031229,0.747503261494288,0.001882446841893426,0.04760444392456975,0.045629811810947815,0.7157951533288313,0.01740020145200818,0.007961856881074668,0.0029805580406497656,0.0011412455903057708,0.0005791614195235407,0.00020322881725571678,0.007328589874458605,0.1015625,0.003931587915966482,0.150390625,1.5B,16384
16,0,needle_16384_d50,needle,16384,9.704060527839234,23.772297847232085,23.20517119912835,1.9380025091066282,29.271343617754038,10.591552591645312,0.9886836534073413,13.751551437227194,0.051679855656668,1.9611153826117516,9.981699033640325,0.0005349033109946017,0.999951941160083,0.0392156862745098,0.7271797874661262,5.239966647856855,0.9769736129804547,0.35489942694955756,0.42780037444267965,0.5147438077642216,0.0025399376786605643,0.09313096392385489,0.2030886368048315,0.007847565178926917,0.10263134839588722,0.05858804029252444,0.025622726747862843,0.012130434653086834,0.006633296969592356,0.002509890286760159,0.12586161892508957,0.1015625,0.08676053967109942,0.150390625,1.5B,16384
16,1,needle_16384_d50,needle,16384,9.704060527839234,19.689577114190485,23.20517119912835,1.9380025091066282,29.271343617754038,10.591552591645312,0.9886836534073413,13.751551437227194,0.051679855656668,11.798619128763676,6.824259336106479,0.010039394814090753,0.9987571922447249,0.0392156862745098,0.7008897734140737,5.962619335710772,0.9639555555491941,0.23859124292648856,0.3214047691770801,0.4394348974135286,0.008875325506272347,0.0016690994947285986,0.04910560776186743,0.0893785116437448,0.09329024931596881,0.06984428389432605,0.03873537656066968,0.021255782476707268,0.013079173048774576,0.005773943603429055,0.05601789088042001,0.1015625,0.03814272161812989,0.150390625,1.5B,16384
16,2,needle_16384_d50,needle,16384,9.704060527839234,24.822416524648276,23.20517119912835,1.9380025091066282,29.271343617754038,10.591552591645312,0.9886836534073413,13.751551437227194,0.051679855656668,-1.0646387632004917,0.7708546784706414,0.8162327558708433,0.6521952112049084,0.0,0.7224988347948832,6.648555123143203,0.9543758011070158,0.1276603690818501,0.18367467119600261,0.25984963575469405,0.014781152653861263,0.03652188796178191,0.04249492637031585,0.00022261662506018517,0.09277026574125634,0.06573668993352925,0.039403202591463994,0.016207889764654978,0.007783829414485529,0.0023104931170999906,0.12785985590115942,0.101806640625,0.09298881061222218,0.150634765625,1.5B,16384
16,3,needle_16384_d50,needle,16384,9.704060527839234,17.116583614587416,23.20517119912835,1.9380025091066282,29.271343617754038,10.591552591645312,0.9886836534073413,13.751551437227194,0.051679855656668,1.8365564495325089,5.367307607084513,0.06599487872018327,0.9902024813127928,0.0392156862745098,0.7570708250897964,7.081073693276179,0.8422385869359271,0.2189109107407668,0.24810307179953514,0.2897052930199621,0.042812094367789655,0.02950953745338758,0.17089421459461832,0.03160718433386104,0.46770297525343124,0.34224360709290763,0.21308055454654928,0.12922827378300764,0.08883660317274145,0.04995337197779857,0.26957059754088497,0.1015625,0.20461766528653103,0.150390625,1.5B,16384
16,4,needle_16384_d50,needle,16384,9.704060527839234,23.093418170573614,23.20517119912835,1.9380025091066282,29.271343617754038,10.591552591645312,0.9886836534073413,13.751551437227194,0.051679855656668,-1.676534317433834,0.1421269327402115,0.6907431436618138,0.5354673363641317,0.0392156862745098,0.7481028035599938,5.47939338070253,0.9752821771034911,0.30796949418316666,0.38977712522306773,0.48780890559860324,0.008185086568209599,0.1199986526188832,0.16040894508299816,0.05685520573233663,0.08402263079005226,0.047388859333407654,0.020107148961136526,0.009596037785509312,0.005100712963541536,0.0019874964450640248,0.09622501234870588,0.1015625,0.07299817051206492,0.150390625,1.5B,16384
16,5,needle_16384_d50,needle,16384,9.704060527839234,22.933214899545558,23.20517119912835,1.9380025091066282,29.271343617754038,10.591552591645312,0.9886836534073413,13.751551437227194,0.051679855656668,4.88916452974081,0.24044009298086166,0.6873214641680768,0.5597458868472999,0.0392156862745098,0.7140916313780946,4.983989678249102,0.9701509679506336,0.4166144846843912,0.5024715034243447,0.5812326943345422,0.0007519629977075226,0.07344155787980888,0.278280774184966,0.11947499855457704,0.12967721065704,0.08497524964267371,0.043557627168953575,0.021853316089374252,0.012917253740996653,0.005259860734681336,0.12285084715364626,0.1015625,0.08160532044910405,0.150390625,1.5B,16384
16,6,needle_16384_d50,needle,16384,9.704060527839234,17.981132884567355,23.89667986981358,1.5211585681416186,28.3298402289074,8.720670286512174,1.1955126626203405,15.124838043984427,0.04554498542862802,-15.780417621135712,18.01063448935747,3.227120454895955e-07,0.9999999839825695,0.0392156862745098,0.470854222585827,6.36139018658478,0.8947420088584908,0.30605601556481965,0.36838528875941556,0.4286278815097741,0.2161456450221779,0.060501716743691425,0.04527895115484645,0.3871337042582403,0.15860508718471272,0.11371529221934576,0.07175341228269481,0.044307410247203215,0.03276541765779741,0.019296606524372286,0.07753429697682886,0.1015625,0.06236316172668192,0.150390625,1.5B,16384
16,7,needle_16384_d50,needle,16384,9.704060527839234,21.50055654155092,23.89667986981358,1.5211585681416186,28.3298402289074,8.720670286512174,1.1955126626203405,15.124838043984427,0.04554498542862802,-47.10861942265183,2.5638624038547277,0.2603470679475167,0.9282223603200627,0.0392156862745098,0.5714694884743766,4.942048709423897,0.9674667642258726,0.43207119393703086,0.4881021341171658,0.5668961919786135,0.18208515408685666,0.00457467162093339,0.3034374535581956,0.15012953092997922,0.17043231022993816,0.10856685762146484,0.05801319963734239,0.032323460065193384,0.01999908530752643,0.009152723358007698,0.1206397148320011,0.1015625,0.0885899403583196,0.150390625,1.5B,16384
16,8,needle_16384_d50,needle,16384,9.704060527839234,23.248061566210797,23.89667986981358,1.5211585681416186,28.3298402289074,8.720670286512174,1.1955126626203405,15.124838043984427,0.04554498542862802,-22.12313919235021,22.767166546545923,1.7705147512150298e-08,0.9999999998693985,0.0392156862745098,0.4835981325832995,3.9514657658112275,0.9895866946828491,0.5333555417440229,0.6798607591139579,0.7918267872875884,0.022850872760984853,0.05159562403800577,0.27236229965332037,0.5482336672904551,0.041968226409045274,0.02712477880792051,0.012885778481040392,0.00640096360415199,0.003978577971604775,0.0018351982281456995,0.027284236120030725,0.1015625,0.0207387065260884,0.150390625,1.5B,16384
16,9,needle_16384_d50,needle,16384,9.704060527839234,17.906261557264077,23.89667986981358,1.5211585681416186,28.3298402289074,8.720670286512174,1.1955126626203405,15.124838043984427,0.04554498542862802,-57.46477567963302,1.169792847998906,0.6088501661999366,0.7554904554726899,0.0392156862745098,0.4365408547908762,4.571619371194405,0.9670421261054561,0.49966508975985147,0.5712248400993984,0.6525535283049432,0.03792591012115665,0.009177265529004774,0.32293911027333866,0.03733713341513509,0.2806881258734097,0.1910529845476278,0.10768533753445715,0.0586203690652785,0.039372616707640785,0.022050230533481298,0.21669578222943708,0.1015625,0.18326849866084924,0.150390625,1.5B,16384
16,10,needle_16384_d50,needle,16384,9.704060527839234,22.449086443934505,23.89667986981358,1.5211585681416186,28.3298402289074,8.720670286512174,1.1955126626203405,15.124838043984427,0.04554498542862802,-42.07261514291167,2.3616158794611692,0.33579061674776917,0.9071485717665896,0.0392156862745098,0.5405414999288112,5.59052466425774,0.9487747939492968,0.3333209317723912,0.3933552081353787,0.4765593423018328,0.10822221201563575,0.06884655040446952,0.24317598494923445,0.14130639493598623,0.1858269491665397,0.12245696998582657,0.06582473330997571,0.03827247547675278,0.025548200963952706,0.013140524856657022,0.11575523069134072,0.1015625,0.09125521872631502,0.150390625,1.5B,16384
16,11,needle_16384_d50,needle,16384,9.704060527839234,25.00297648838167,23.89667986981358,1.5211585681416186,28.3298402289074,8.720670286512174,1.1955126626203405,15.124838043984427,0.04554498542862802,-46.16436784248799,2.055197191424668,0.523086054856251,0.8580291716563255,0.0,0.45289494393947405,6.594175275811615,0.9007501470678044,0.2726054599124202,0.36132156068864363,0.4167977795739345,0.11272941706881512,0.12993658446981227,0.033932998621003414,0.001018489949222911,0.3794252028388823,0.2863014027091638,0.17221967598219226,0.10225228356962938,0.06841821509570488,0.03611219898800479,0.26781836295003203,0.101806640625,0.21189061089080682,0.150634765625,1.5B,16384
17,0,needle_16384_d50,needle,16384,9.704060527839234,21.096530430474182,22.32022448056675,1.489885816525785,27.071407556885127,8.674840310328932,0.9819550220940768,13.254938447403907,0.0670671490625572,-15.921228252351284,33.123515013605356,1.4630565870164524e-08,0.9999999999989957,0.0392156862745098,0.6378460057199324,2.7771907143963643,0.9931001490309761,0.7824097307847313,0.8638405515963216,0.9213296544738447,0.027855589750698823,0.029119552664116255,0.3915030782364751,0.5362554350802298,0.04306699779192378,0.030286180213667874,0.016548131392747356,0.009062360133356305,0.005780123988988091,0.00278143519006202,0.017698874407281545,0.1015625,0.012572487147070306,0.150390625,1.5B,16384
17,1,needle_16384_d50,needle,16384,9.704060527839234,17.81535394961223,22.32022448056675,1.489885816525785,27.071407556885127,8.674840310328932,0.9819550220940768,13.254938447403907,0.0670671490625572,-8.06918065994978,18.2156067956239,3.395304106521002e-07,0.9999999833255196,0.0392156862745098,0.664014191131507,4.976469852643335,0.9593362169198623,0.4681008263330271,0.5567695773138648,0.6363604914045367,0.07213717613866963,0.0641890602262124,0.1956397853548753,0.45691113600198763,0.11990835494156502,0.09183454038891016,0.057930409334463834,0.03526674362546523,0.023949889506733896,0.012342901746629905,0.04975232029798962,0.1015625,0.0349439028778602,0.150390625,1.5B,16384
17,2,needle_16384_d50,needle,16384,9.704060527839234,22.147464414611676,22.32022448056675,1.489885816525785,27.071407556885127,8.674840310328932,0.9819550220940768,13.254938447403907,0.0670671490625572,0.41656498424708843,6.417929507791996,0.012168151409157621,0.9983647802861841,0.0,0.507584180222565,5.524871973057115,0.9768213382179647,0.2541839911621074,0.36624074606347246,0.5076905618982348,0.18758626612162033,0.06574958943917686,0.0012290411259084579,0.0005611023291777308,0.1012381819262427,0.06846881795489573,0.030846935904770896,0.011646594548548718,0.00518252661568994,0.0015895624038689093,0.11415354977323297,0.101806640625,0.08871092083863708,0.150634765625,1.5B,16384
17,3,needle_16384_d50,needle,16384,9.704060527839234,18.097233919468604,22.32022448056675,1.489885816525785,27.071407556885127,8.674840310328932,0.9819550220940768,13.254938447403907,0.0670671490625572,-14.56493741646409,10.811320330947638,0.00023826580749548672,0.9999798294709538,0.0392156862745098,0.6126245018739588,3.7085471420054748,0.9793836548649856,0.7095349083018199,0.7644303138029077,0.8147510513969728,0.053685054052933445,0.030412744416976056,0.13220329733889863,0.6983950282327229,0.048641702171457066,0.03602700327650513,0.02382292930114777,0.01544654504690835,0.011167025331980614,0.006396631371889737,0.0222937558348573,0.1015625,0.017702840963351396,0.150390625,1.5B,16384
17,4,needle_16384_d50,needle,16384,9.704060527839234,18.414138644890063,22.32022448056675,1.489885816525785,27.071407556885127,8.674840310328932,0.9819550220940768,13.254938447403907,0.0670671490625572,-15.679115813225508,13.223699994385242,2.5726078873010496e-05,0.9999981925081683,0.0392156862745098,0.6336129493355289,4.789290820176463,0.978560437012975,0.4490076187430383,0.5496964635209822,0.6495640048068116,0.1016251976258924,0.0470007956867724,0.18325967326301293,0.39226120086771765,0.09408452013600467,0.06099657278948786,0.03177162155170331,0.017260237656505643,0.01096060233401177,0.005302657984776611,0.11247643379509625,0.1015625,0.10336837697343822,0.150390625,1.5B,16384
17,5,needle_16384_d50,needle,16384,9.704060527839234,18.140751724063396,22.32022448056675,1.489885816525785,27.071407556885127,8.674840310328932,0.9819550220940768,13.254938447403907,0.0670671490625572,-8.249818503856659,28.027018224820495,1.4659540136607845e-08,0.9999999999979381,0.0392156862745098,0.6141467227139993,4.670989581110067,0.9780678445920062,0.5069834983201835,0.594359895338636,0.6726232241161688,0.08755409292889377,0.011133764383728817,0.1574661554588211,0.503960588198674,0.09351975077323323,0.06381313770959897,0.03201138534165933,0.01709585021368094,0.010796600166504433,0.00513450863440338,0.026145181910581364,0.1015625,0.018744750522490986,0.150390625,1.5B,16384
17,6,needle_16384_d50,needle,16384,9.704060527839234,20.394216954444015,21.478435478448105,1.6351265834610995,26.260071048684036,11.373677026403737,1.0446253996398276,19.12845604820332,0.02508502654358623,-35.36303421156481,1.9209162830375135,0.457970184528701,0.8583714437809825,0.0392156862745098,0.5342537352551021,6.430228546135432,0.8906437570419294,0.29380029030188093,0.3552200603258863,0.4241104123310301,0.10560776924552018,0.021819771185590087,0.14973090110379475,0.007398489692737907,0.4360173552366822,0.3438277483497188,0.23148406693645204,0.14714945372221908,0.10383015545376392,0.06022303087345668,0.21640388750632814,0.1015625,0.17229813182867407,0.150390625,1.5B,16384
17,7,needle_16384_d50,needle,16384,9.704060527839234,18.7873884220579,21.478435478448105,1.6351265834610995,26.260071048684036,11.373677026403737,1.0446253996398276,19.12845604820332,0.02508502654358623,-59.366784627898596,3.070703955600038,0.2794839003679625,0.9369743640712914,0.0392156862745098,0.45679261765206747,2.416269099139094,0.9836582594922976,0.7602684551467884,0.7795131218257533,0.8063847672156198,0.17376257923044847,0.009330058391569196,0.7245012839444476,0.019096564558016046,0.45227396863530167,0.3164455591629421,0.17040851608872706,0.09418451884818965,0.06115783386240961,0.030444601766146964,0.17410893319913506,0.1015625,0.13186565123786642,0.150390625,1.5B,16384
17,8,needle_16384_d50,needle,16384,9.704060527839234,31.4368061307624,21.478435478448105,1.6351265834610995,26.260071048684036,11.373677026403737,1.0446253996398276,19.12845604820332,0.02508502654358623,-8.687560824677348,34.917894722893834,1.4630483104050384e-08,0.9999999999989988,0.0392156862745098,0.328069340820778,3.6987881314951783,0.9960321862877529,0.5737949137821492,0.7612470533525273,0.8658808559430664,0.2744462004555393,0.08881150200736782,0.17939634066847582,0.6980981835292548,0.013350626291466428,0.006655140100697072,0.0016356031337265938,0.0005489737921972794,0.00027393431471541983,8.397185830206705e-05,0.005305518017985751,0.1015625,0.002531628476970232,0.150390625,1.5B,16384
17,9,needle_16384_d50,needle,16384,9.704060527839234,23.82218724045787,21.478435478448105,1.6351265834610995,26.260071048684036,11.373677026403737,1.0446253996398276,19.12845604820332,0.02508502654358623,-41.27023349003866,4.756131570320576,0.10212461954656579,0.9840441796444771,0.0392156862745098,0.627756719817771,6.301972150585423,0.9344761476469441,0.2518580346354154,0.3097811648118756,0.3817668656029697,0.03526808243885532,0.04085239235257895,0.1405060481901771,0.017887035270901398,0.31122678524221686,0.21007339210733636,0.11404067060989699,0.06270018721801596,0.041611410468753635,0.020683109613104884,0.1864445321774795,0.1015625,0.13321569753764076,0.150390625,1.5B,16384
17,10,needle_16384_d50,needle,16384,9.704060527839234,18.38395976723171,21.478435478448105,1.6351265834610995,26.260071048684036,11.373677026403737,1.0446253996398276,19.12845604820332,0.02508502654358623,-26.46780481748283,11.328149667009711,0.00020193618105379769,0.9999839812225616,0.0392156862745098,0.4913993099274332,6.579425303074812,0.9020298655307115,0.24269304082481138,0.2949146067310969,0.3618842525804213,0.0953465816032244,0.010388671322328902,0.1528318262992581,0.15920091154200394,0.3044957375926538,0.2359386570657569,0.15469807524800244,0.10192006345260227,0.07134109867869876,0.03855718327091131,0.15177034248117044,0.1015625,0.10497642192258883,0.150390625,1.5B,16384
17,11,needle_16384_d50,needle,16384,9.704060527839234,18.154710148010818,21.478435478448105,1.6351265834610995,26.260071048684036,11.373677026403737,1.0446253996398276,19.12845604820332,0.02508502654358623,-47.674962025746936,10.510453102033352,0.0003353701089332471,0.9999713280423034,0.0392156862745098,0.5641933235236852,3.9239524306147646,0.9523968249313495,0.6132665775860539,0.6538491194826749,0.7017135331132189,0.2088799761491651,0.10078810853090525,0.5151226424766367,0.024180429543043332,0.47876646526963307,0.37205755146322905,0.24448444791015722,0.15859463716757205,0.1159538274997239,0.06894408716117444,0.30629655980013,0.1015625,0.26127563864767267,0.150390625,1.5B,16384
18,0,needle_16384_d50,needle,16384,9.704060527839234,25.302024734480778,24.311137242780802,1.2722329511060884,28.627441527010685,8.826292924508234,0.8033418006727377,12.427133218607043,0.08837774861678867,-8.068285338580608,23.256159335374832,1.6564288762705452e-08,0.9999999999191125,0.0392156862745098,0.3875619749839362,4.0748662985990105,0.9931798478155677,0.45453231002852273,0.627110223892048,0.8118549819488287,0.05182220549560039,0.08578748670013545,0.09650185456699556,0.7326145562093647,0.01587541370890424,0.009752235032801518,0.005466168998337313,0.0031876653661667437,0.002111996245035238,0.0010157353950063877,0.005567387100343334,0.1015625,0.0038464284955928634,0.150390625,1.5B,16384
18,1,needle_16384_d50,needle,16384,9.704060527839234,19.456985459027784,24.311137242780802,1.2722329511060884,28.627441527010685,8.826292924508234,0.8033418006727377,12.427133218607043,0.08837774861678867,-60.631917806342244,1.344025356695056,0.6092386441769,0.7749065424782027,0.0392156862745098,0.2768419352570963,6.375342906826485,0.930577314644482,0.23181918535244253,0.30662649278110027,0.3904541296338177,0.05703282037700219,0.02359392170023189,0.08239165597061718,0.053173028147137744,0.16452340244377184,0.15080786174755703,0.10561054984008515,0.06436700822566453,0.04613921768199721,0.026545581203538348,0.08350835694735154,0.1015625,0.07759972937633457,0.150390625,1.5B,16384
18,2,needle_16384_d50,needle,16384,9.704060527839234,26.345180233948646,24.311137242780802,1.2722329511060884,28.627441527010685,8.826292924508234,0.8033418006727377,12.427133218607043,0.08837774861678867,-4.79790373519063,29.573782823979855,1.4634401640429302e-08,0.9999999999988567,0.0392156862745098,0.33079617761044106,3.549610524870416,0.9947096974154758,0.6103490672810784,0.7805591515214005,0.8985101637138011,0.1398732519152862,0.17287551977819576,0.05343958633904122,0.8693109566689761,0.018905611205588035,0.012613903131526535,0.006005271011572824,0.0029549766146228927,0.0017412393901179157,0.0007254235903132587,0.005578876934589963,0.1015625,0.0038097176183382246,0.150390625,1.5B,16384
18,3,needle_16384_d50,needle,16384,9.704060527839234,17.079837646885306,24.311137242780802,1.2722329511060884,28.627441527010685,8.826292924508234,0.8033418006727377,12.427133218607043,0.08837774861678867,-31.24929805099964,1.7731154672801495,0.6512071443116418,0.7946990967843998,0.0392156862745098,0.3272871826457478,7.527145543695413,0.8557707150725269,0.10920004110017344,0.16398918118565725,0.21872326814276022,0.13194534541668998,0.020235207732262395,0.020398695945405054,0.047194776800711685,0.2961672078077646,0.26391046816783786,0.1952455084158266,0.13032893851710436,0.09510057010637238,0.05685302460291307,0.09116784858164229,0.1015625,0.07256776402706197,0.150390625,1.5B,16384
18,4,needle_16384_d50,needle,16384,9.704060527839234,25.990433040073757,24.311137242780802,1.2722329511060884,28.627441527010685,8.826292924508234,0.8033418006727377,12.427133218607043,0.08837774861678867,-24.275164172053337,26.449759081937373,1.4732182354791411e-08,0.9999999999952085,0.0392156862745098,0.3367429051539792,4.5540253035249645,0.9777721258555395,0.5413474534616937,0.6300696885675241,0.7050405820464899,0.3430082912426966,0.05417621235205505,0.0867803537031464,0.5912159126895233,0.10331513860636485,0.07300388894586518,0.03777488573189127,0.018910015436947217,0.01059220383400238,0.004097433122794631,0.034804894155517414,0.1015625,0.02249329966134776,0.150390625,1.5B,16384
18,5,needle_16384_d50,needle,16384,9.704060527839234,19.99400908775396,24.311137242780802,1.2722329511060884,28.627441527010685,8.826292924508234,0.8033418006727377,12.427133218607043,0.08837774861678867,-22.630064560100436,13.462452240288258,2.0612802356576008e-05,0.9999985760479732,0.0392156862745098,0.3331932211543425,5.29085476547705,0.9559524386285541,0.36357976936290365,0.459404862866133,0.5971505300113628,0.264943519109182,0.03310837255403576,0.14296452237098686,0.5108839136217622,0.08064288604629612,0.060662381996121936,0.03886947397099918,0.0234777417580113,0.016861870427544487,0.009625585873656646,0.041763205892704595,0.1015625,0.028291250485414483,0.150390625,1.5B,16384
18,6,needle_16384_d50,needle,16384,9.704060527839234,15.16422275181426,25.5962911483848,0.8542365705998143,28.558032715277037,12.053433478340194,0.8568620489462883,17.33551774251699,0.026675142078918898,105.02063941210508,4.28801903501153,0.19803024641004166,0.9649879890826808,0.0392156862745098,0.5158634844255797,7.539844727291967,0.7460806008488231,0.20648825963378795,0.21936219352965705,0.2402036246114,0.009752043175572211,0.019147650453286147,0.19117171911286734,0.03416729809905071,0.5519420915153587,0.42874831019651866,0.2822149482005359,0.1916226307156289,0.14691104168342808,0.09557440885801015,0.25788123860443163,0.1015625,0.20905395681277705,0.150390625,1.5B,16384
18,7,needle_16384_d50,needle,16384,9.704060527839234,20.250516375680704,25.5962911483848,0.8542365705998143,28.558032715277037,12.053433478340194,0.8568620489462883,17.33551774251699,0.026675142078918898,210.0589281115681,9.706302907317877,0.0006550172721331307,0.9999389208986618,0.0392156862745098,0.5425513814114786,5.908990910676747,0.9528452736499291,0.2714625232323901,0.375002996465936,0.48559002476241225,0.13118377293752204,0.014741408175712678,0.08731062691092831,0.4296434454017536,0.05276934643048392,0.03791268841186607,0.024326249626749254,0.014126713780043834,0.00948137609090919,0.004509407673942367,0.021773197007326897,0.1015625,0.01547038795568609,0.150390625,1.5B,16384
18,8,needle_16384_d50,needle,16384,9.704060527839234,34.39772348141554,25.5962911483848,0.8542365705998143,28.558032715277037,12.053433478340194,0.8568620489462883,17.33551774251699,0.026675142078918898,237.66771771758795,27.644929131492972,1.465732433740833e-08,0.9999999999980138,0.0392156862745098,0.4198344120880248,1.1704751955715769,0.9995019833927462,0.957015622148129,0.9722469942755748,0.982894902172138,0.35297505153800657,0.0008955783840072229,0.03457500686990993,0.9280707317711919,0.002459356516029106,0.0010685726462052493,0.00026217006136266234,5.902654657415351e-05,1.9544199551998008e-05,3.2710694399303692e-06,0.006430002423529448,0.1015625,0.0015138742353511827,0.150390625,1.5B,16384
18,9,needle_16384_d50,needle,16384,9.704060527839234,20.341243283013494,25.5962911483848,0.8542365705998143,28.558032715277037,12.053433478340194,0.8568620489462883,17.33551774251699,0.026675142078918898,204.06731774285436,3.467727802693844,0.24548167689011596,0.947726943846548,0.0392156862745098,0.56699819491315,7.723160231767684,0.8314860968140481,0.10740993192016149,0.14364716407544378,0.18891396126038157,0.08097005976849303,0.13369978701129526,0.04782171937441787,0.06388674760232786,0.2642487242390109,0.1973577882289186,0.13127921516981778,0.08880207071512314,0.06608553318255725,0.03975402295854134,0.11369238117425626,0.1015625,0.08628907797487227,0.150390625,1.5B,16384
18,10,needle_16384_d50,needle,16384,9.704060527839234,21.503387522525934,25.5962911483848,0.8542365705998143,28.558032715277037,12.053433478340194,0.8568620489462883,17.33551774251699,0.026675142078918898,290.92996510863304,8.885200524702668,0.0015134188421003518,0.9998498816598466,0.0392156862745098,0.6351773262951569,4.9070591406807935,0.9542443916486548,0.4645390954392607,0.5107789127349365,0.5652069650223889,0.3873760679358753,0.001105469689591132,0.0006434981983143953,0.5248820233664501,0.09679522090810005,0.07016211658218333,0.04053328928432426,0.024134531502317775,0.015693398828575993,0.007726459489323867,0.02880723871004764,0.1015625,0.020308635828366735,0.150390625,1.5B,16384
18,11,needle_16384_d50,needle,16384,9.704060527839234,25.491809872861985,25.5962911483848,0.8542365705998143,28.558032715277037,12.053433478340194,0.8568620489462883,17.33551774251699,0.026675142078918898,218.33658977411687,39.17879852000624,1.463045206318708e-08,0.9999999999989999,0.0392156862745098,0.427953786143005,3.344521341385125,0.9953811760515378,0.651619074345543,0.8281103621209928,0.9081887633141166,0.19875478058194673,0.09591076985410396,0.046154016436319154,0.8541535922657152,0.011114703647741137,0.007194705633223815,0.0035279853479292813,0.0016220652908280422,0.0008432656629869874,0.00027992828589011825,0.004232125982358255,0.1015625,0.002824508016001196,0.150390625,1.5B,16384
19,0,needle_16384_d50,needle,16384,9.704060527839234,25.15171401670273,24.594046889019914,1.7441474841790394,29.923387079902046,9.677817324754526,0.7745221913728763,15.329371132393872,0.07304582504957041,12.174757681787014,4.416677875444293,0.12652313832869688,0.9801270483540754,0.0,0.688274424666024,6.282905561475715,0.9604643297807541,0.15181933669473396,0.22883377593120857,0.34641983937987375,0.07037243754213574,0.022046363179897277,0.005678777037254719,0.0006641054659896062,0.21377747734206773,0.1572073409469907,0.07032588250728858,0.027669102850747525,0.014069891326075954,0.005126780434731748,0.12244583121797485,0.101806640625,0.0857693397861893,0.150634765625,1.5B,16384
19,1,needle_16384_d50,needle,16384,9.704060527839234,31.248166676462784,24.594046889019914,1.7441474841790394,29.923387079902046,9.677817324754526,0.7745221913728763,15.329371132393872,0.07304582504957041,20.69479361223057,0.008291069767437875,0.9269737415850634,0.47726386580867197,0.0,0.6882341728013205,5.1252001260646445,0.9896654916477305,0.21877349594283413,0.35295581315210106,0.5457640563230237,0.013636460053374932,0.03382907312686001,0.000741705106488996,0.00019421349780952233,0.06868399716215487,0.023035096205844634,0.010096037286886631,0.0028313419879922976,0.0009325203060495984,0.00014580238672482382,0.029208929174990787,0.101806640625,0.02043009953493479,0.150634765625,1.5B,16384
19,2,needle_16384_d50,needle,16384,9.704060527839234,18.71738404017067,24.594046889019914,1.7441474841790394,29.923387079902046,9.677817324754526,0.7745221913728763,15.329371132393872,0.07304582504957041,-35.828001353889704,5.611132241785526,0.035781128619377225,0.9950156158763237,0.0392156862745098,0.6836007473582987,5.810344458204334,0.9504213499066226,0.3151171411809394,0.3789237258920214,0.4560644690704098,0.044255328901348534,0.005871182438113243,0.17742743292899812,0.013925761018889067,0.20418233560518428,0.14248794828522526,0.08360423590130865,0.04860355101093135,0.03228011273564399,0.01623856775483648,0.2594574867339847,0.1015625,0.17434047968460495,0.150390625,1.5B,16384
19,3,needle_16384_d50,needle,16384,9.704060527839234,31.68262284646291,24.594046889019914,1.7441474841790394,29.923387079902046,9.677817324754526,0.7745221913728763,15.329371132393872,0.07304582504957041,36.54746013134718,16.94414358958602,8.015934764030589e-07,0.999999956164319,0.0392156862745098,0.6546870934058204,2.904093072131666,0.9985226331809863,0.725088846722201,0.8513543015834208,0.9230744680077193,0.019122278050483388,0.12648863508683306,0.00018199720989195737,0.014545693157442701,0.0030872391271529027,0.0015245608303843786,0.00032932360127450254,7.633810642314821e-05,2.626756127229162e-05,4.992019315027022e-06,0.00577692491670155,0.1015625,0.004592870208204156,0.150390625,1.5B,16384
19,4,needle_16384_d50,needle,16384,9.704060527839234,20.0551675115664,24.594046889019914,1.7441474841790394,29.923387079902046,9.677817324754526,0.7745221913728763,15.329371132393872,0.07304582504957041,8.863114869222045,6.476427142508328,0.013756333292686272,0.9982301742775681,0.0392156862745098,0.6619665158626216,6.736226733845065,0.9397170922904869,0.12602532410745831,0.2020564056802801,0.2878534822215343,0.01035712440621861,0.06729701098225416,0.011057109767968715,0.03148540967381446,0.15174439270312995,0.12538284192644786,0.0865314415452278,0.04739307138828962,0.028894887212509067,0.012805148702371554,0.105505770840638,0.1015625,0.08252698572870186,0.150390625,1.5B,16384
19,5,needle_16384_d50,needle,16384,9.704060527839234,30.771388081591667,24.594046889019914,1.7441474841790394,29.923387079902046,9.677817324754526,0.7745221913728763,15.329371132393872,0.07304582504957041,-23.541011774912477,3.1165908873081207,0.1863039403280557,0.9564129038618312,0.0,0.6881877905643795,5.152519814410859,0.991589190556185,0.1360126856908417,0.2386987848849226,0.4235297770091012,0.09134893985107606,0.0009576712285763733,0.013141823106835728,9.16094740817533e-05,0.017005225925874955,0.014831839681930045,0.002954918631219461,0.0006375803416926749,0.00021242703597884564,4.6262936216128214e-05,0.04099586491158351,0.101806640625,0.023613638652198458,0.150634765625,1.5B,16384
19,6,needle_16384_d50,needle,16384,9.704060527839234,24.421293451874178,21.446527460394883,1.1803368168973234,25.248989853682616,8.348007611166606,1.0442698094931193,15.3714053908848,0.03567113169778752,-6.578844606876373,30.878192238509655,1.4631610753742111e-08,0.999999999998958,0.0392156862745098,0.4422347855704709,1.9317359196831232,0.9901352927827501,0.840724350413688,0.8682232750838724,0.8916051660754618,0.2020930427916756,0.13156010214787617,0.012533505761449838,0.8796181146017861,0.039689374383017256,0.028095240042825573,0.015184839433821087,0.007776241744068314,0.004563325048622931,0.0018215519211372095,0.020065789102211195,0.1015625,0.013897473875109138,0.150390625,1.5B,16384
19,7,needle_16384_d50,needle,16384,9.704060527839234,23.378556432951147,21.446527460394883,1.1803368168973234,25.248989853682616,8.348007611166606,1.0442698094931193,15.3714053908848,0.03567113169778752,-26.736943198367953,27.71924116043374,1.4655542724681162e-08,0.99999999999808,0.0392156862745098,0.47627760331134456,3.6258716444950205,0.9856632491154439,0.6565089518592566,0.761531126889178,0.852131237076414,0.6166736475725867,0.029153660001273618,0.3119960052199023,0.5630995659479046,0.038593418939949976,0.03011286834902731,0.01864331312180068,0.010693426093652954,0.006868404624133653,0.0031867695527232147,0.013792367580989047,0.1015625,0.008995078681989295,0.150390625,1.5B,16384
19,8,needle_16384_d50,needle,16384,9.704060527839234,19.154747631782378,21.446527460394883,1.1803368168973234,25.248989853682616,8.348007611166606,1.0442698094931193,15.3714053908848,0.03567113169778752,-37.221550054848194,17.781695917248726,5.587038671132659e-07,0.9999999714385782,0.0392156862745098,0.3868123533159018,5.612985101584179,0.9201532235136581,0.4242249297823839,0.48523042966498076,0.5444061955250902,0.029669516353622694,0.008494339069158308,0.2381655859582698,0.31147630840132345,0.18724410722967122,0.15087514732738674,0.10033131472046303,0.0646151525306839,0.045537103803763086,0.02491861761278988,0.08120187003149724,0.1015625,0.05910726633758898,0.150390625,1.5B,16384
19,9,needle_16384_d50,needle,16384,9.704060527839234,23.07125218561041,21.446527460394883,1.1803368168973234,25.248989853682616,8.348007611166606,1.0442698094931193,15.3714053908848,0.03567113169778752,-37.30095578916371,0.608827531337738,0.6532784857340941,0.6473210541395841,0.0392156862745098,0.4563471552471566,5.71218465432482,0.9474282916076088,0.33333149626404973,0.409461568782524,0.49287248414993834,0.11120951741781515,0.0818458080602753,0.1741629686282544,0.15521347146465075,0.21445616564813394,0.14260951047740195,0.090188131691112,0.05883396019465489,0.04213988383419574,0.022359076639257937,0.06925190936618582,0.1015625,0.05487952238742896,0.150390625,1.5B,16384
19,10,needle_16384_d50,needle,16384,9.704060527839234,20.960973682009776,21.446527460394883,1.1803368168973234,25.248989853682616,8.348007611166606,1.0442698094931193,15.3714053908848,0.03567113169778752,-35.36733698286116,20.88328561373055,4.2750896341922164e-08,0.9999999987278607,0.0392156862745098,0.42781644299028065,4.415964412043671,0.9749481455314752,0.5104665188163886,0.609445630910231,0.7180313464557709,0.04319339690626811,0.03639355080806572,0.27655692592237985,0.3978738964435938,0.0759439663706752,0.056947814658515394,0.037483418016809225,0.023403853856710167,0.016154005737138672,0.008442237390029184,0.03644463799844402,0.1015625,0.025749325276976785,0.150390625,1.5B,16384
19,11,needle_16384_d50,needle,16384,9.704060527839234,25.379442479095122,21.446527460394883,1.1803368168973234,25.248989853682616,8.348007611166606,1.0442698094931193,15.3714053908848,0.03567113169778752,-7.641714449971914,42.188092198222876,1.4630451816022364e-08,0.9999999999989999,0.0392156862745098,0.46032856908596337,3.3874709703099932,0.9963006828260036,0.6349431043470293,0.8337993702217193,0.9330308996152178,0.30109577920952313,0.05606824760198191,0.055147730581053135,0.8711666398100963,0.008222924851351539,0.00544341679036016,0.002653804377384625,0.0011843518528104771,0.0006369985714614731,0.00022764983009804088,0.002809784582651288,0.1015625,0.0016215602289026741,0.150390625,1.5B,16384
20,0,needle_16384_d50,needle,16384,9.704060527839234,20.207150174478073,23.487438122433986,1.1517175978358127,27.1263747504143,11.093492563688521,1.853781786019248,14.979893652708123,0.11837555005489023,-15.719442578032613,27.69761106185615,1.4659400166086622e-08,0.9999999999979396,0.0392156862745098,0.45835055633141786,5.055788132407465,0.9806552851296753,0.35217360717984164,0.487462650180232,0.6231083497372852,0.03974660400976293,0.06063832521642731,0.022169457362957647,0.37954521601295776,0.05347738014590193,0.03774102209405015,0.023246962463324767,0.013042654806575777,0.008300463210667493,0.0039058172986185247,0.09809371589315515,0.1015625,0.074315154402843,0.150390625,1.5B,16384
20,1,needle_16384_d50,needle,16384,9.704060527839234,19.01810607459409,23.487438122433986,1.1517175978358127,27.1263747504143,11.093492563688521,1.853781786019248,14.979893652708123,0.11837555005489023,-75.9795833490789,6.927376553881913,0.016054743149475106,0.998136194246289,0.0392156862745098,0.46401749764991096,3.797637641003258,0.9282227916462064,0.6331088583521508,0.6507126516908761,0.6743919537483863,0.01677448785418445,0.04414410336812846,0.598348178881057,0.013895427412995248,0.7456781209481467,0.6000999064230359,0.3918756614596543,0.250679218438642,0.18079409782399689,0.10654776941402322,0.49738379662169796,0.1015625,0.41883214547243885,0.150390625,1.5B,16384
20,2,needle_16384_d50,needle,16384,9.704060527839234,17.75504684561305,23.487438122433986,1.1517175978358127,27.1263747504143,11.093492563688521,1.853781786019248,14.979893652708123,0.11837555005489023,-70.10386099573225,2.031867970712483,0.5138011053874176,0.8497910673862479,0.0392156862745098,0.5554378930339113,4.032216962427331,0.9532505044917567,0.5862357999322884,0.6186525439637036,0.6581039146780957,0.17345444888934125,0.062134738536094414,0.5248007122967838,0.05627043972724542,0.28338212502174814,0.1936700058822433,0.1108002714671829,0.06759492721412946,0.04590361032597973,0.024316826416268936,0.31377130802745934,0.1015625,0.2463962116965388,0.150390625,1.5B,16384
20,3,needle_16384_d50,needle,16384,9.704060527839234,21.636750204184306,23.487438122433986,1.1517175978358127,27.1263747504143,11.093492563688521,1.853781786019248,14.979893652708123,0.11837555005489023,-72.68532037734985,1.9716311190277338,0.6946383399252642,0.8006272234627569,0.0392156862745098,0.49989027885049275,5.813317884369543,0.9793296914209986,0.19574381395713789,0.2919895943427771,0.4080232249613522,0.12124952893583796,0.038408723344273366,0.02301621818446963,0.009900722985847219,0.09703457974685072,0.07690881795665788,0.017058009834360642,0.006534467595536212,0.0037401741008474924,0.0015165558912102303,0.050045366635860296,0.1015625,0.036577596107364656,0.150390625,1.5B,16384
20,4,needle_16384_d50,needle,16384,9.704060527839234,18.625807664627757,23.487438122433986,1.1517175978358127,27.1263747504143,11.093492563688521,1.853781786019248,14.979893652708123,0.11837555005489023,-62.942198409698904,0.5924762130016461,0.79959133253529,0.6219789155037392,0.0392156862745098,0.5592419369442168,6.0598338479234055,0.9402599295249339,0.2680380887033284,0.3144368897181789,0.37880808942922345,0.0800164873209328,0.06961437115392899,0.18924238190252518,0.0320501371422386,0.13100337128127343,0.1217718670749138,0.09348396267028251,0.05752874429203201,0.04045501879126319,0.022761569719263283,0.2257273731905322,0.1015625,0.1703127068958642,0.150390625,1.5B,16384
20,5,needle_16384_d50,needle,16384,9.704060527839234,18.92329837507602,23.487438122433986,1.1517175978358127,27.1263747504143,11.093492563688521,1.853781786019248,14.979893652708123,0.11837555005489023,-72.16590479016304,0.3615882499143481,1.022963415677974,0.5240556705879214,0.0392156862745098,0.5504403375642087,4.5384712293939025,0.9506448129796277,0.5280654383280703,0.5750488171040358,0.6143807642331067,9.942441563737248e-05,0.06275771110393435,0.43645659852779184,0.018008591699777983,0.21147989404196452,0.13863859151217045,0.08405622176524455,0.053813088164240644,0.038733299357024194,0.021981797555449677,0.27879997590970373,0.1015625,0.21713699104275166,0.150390625,1.5B,16384
20,6,needle_16384_d50,needle,16384,9.704060527839234,17.955146436707608,21.133104620565355,1.4996092605924893,25.84186484462197,10.419091485934826,1.5096011364812303,18.686926976579652,0.0689604366567083,-22.12840609252453,4.150205418467522,0.08541282161447758,0.9838630283855614,0.0392156862745098,0.7216997606156267,6.9080452457657415,0.8631523231515774,0.22933645283997278,0.25728660874858417,0.2936045523748607,0.0309762056347182,0.057988963782320366,0.1944452526563718,0.03521869943974406,0.32311378211483044,0.238511635948774,0.15475502127158278,0.10576443337579153,0.0770844078895969,0.04539130215436352,0.2778836055970492,0.1015625,0.21299310637241006,0.150390625,1.5B,16384
20,7,needle_16384_d50,needle,16384,9.704060527839234,21.559941049090586,21.133104620565355,1.4996092605924893,25.84186484462197,10.419091485934826,1.5096011364812303,18.686926976579652,0.0689604366567083,15.33376800082624,19.28804177045822,1.750819930448787e-07,0.9999999921367096,0.0392156862745098,0.4377559708997445,4.6010144879502874,0.9331055885648788,0.5325513316857403,0.5710396537109054,0.6078011621304404,0.02085898109022377,0.0003047743982942386,0.009113692709819711,0.5750479035868039,0.1794866861623267,0.14729032807534317,0.10010606395501914,0.06397849457809524,0.04512156019461747,0.02430723088395281,0.10272592740024934,0.1015625,0.07554401546507583,0.150390625,1.5B,16384
20,8,needle_16384_d50,needle,16384,9.704060527839234,22.0243350925602,21.133104620565355,1.4996092605924893,25.84186484462197,10.419091485934826,1.5096011364812303,18.686926976579652,0.0689604366567083,-8.054644260555506,17.461180477403104,4.978335055633056e-07,0.9999999738440919,0.0392156862745098,0.5737185483508427,5.212223438680029,0.9489993545458193,0.45389494844838735,0.49953414556690023,0.5503807157113006,0.1272096991762256,0.015653002362157956,0.28233156154238376,0.23962938065922648,0.16776444175768593,0.11350499476968585,0.06668376139260639,0.039015266713763985,0.026561497341008485,0.014216651488340925,0.1684453227788299,0.1015625,0.1294179298707123,0.150390625,1.5B,16384
20,9,needle_16384_d50,needle,16384,9.704060527839234,21.601692879474783,21.133104620565355,1.4996092605924893,25.84186484462197,10.419091485934826,1.5096011364812303,18.686926976579652,0.0689604366567083,-1.8611610089428723,6.551401507575065,0.010899244173837854,0.9985637470380127,0.0,0.6523100315046764,6.908085914721434,0.9266556120227715,0.1278795648044639,0.1707266928137863,0.23781090813892905,0.04800599802375727,0.015744250289184247,0.023718020923738706,0.001297000384015359,0.20990856376997752,0.19469404539149401,0.11698242326090419,0.06550156030394648,0.04309659194419789,0.02263739184052776,0.1867274763291232,0.101806640625,0.14233633409848329,0.150634765625,1.5B,16384
20,10,needle_16384_d50,needle,16384,9.704060527839234,18.550407248558663,21.133104620565355,1.4996092605924893,25.84186484462197,10.419091485934826,1.5096011364812303,18.686926976579652,0.0689604366567083,-20.17448609182611,3.784016107674688,0.21480414951743593,0.9562174920310262,0.0392156862745098,0.6906880662038649,6.459136335297474,0.8968217754575909,0.2748889706552683,0.31032485545664423,0.3574302426071417,0.10882000184148999,0.0008040380632203803,0.2132203940016037,0.04535574641914622,0.23871349794660157,0.19722043666443873,0.14111027404729845,0.09365829063943526,0.06742578565661994,0.03835295371307594,0.2234968004791184,0.1015625,0.16570955071232016,0.150390625,1.5B,16384
20,11,needle_16384_d50,needle,16384,9.704060527839234,18.81136520066501,21.133104620565355,1.4996092605924893,25.84186484462197,10.419091485934826,1.5096011364812303,18.686926976579652,0.0689604366567083,-16.846161242981907,8.666777560545597,0.0017481870328333203,0.999821422649637,0.0392156862745098,0.7619522213669181,5.400244550228037,0.9467944619973719,0.42623809851532457,0.4671703955126258,0.5160872523590517,0.17262318659616094,0.010800388080363654,0.2716918371843268,0.04665600658523998,0.20520196915815175,0.1313245499639787,0.07715428341829395,0.049229470855003524,0.033995746197649744,0.018636995067469547,0.21649561411522225,0.1015625,0.1771254063878163,0.150390625,1.5B,16384
21,0,needle_16384_d50,needle,16384,9.704060527839234,19.215250414701483,20.982712327177843,1.8115917627592932,27.256439974760692,7.8348572465184025,0.7974975543848316,15.656528598702451,0.02774689824876903,-44.89121291623451,10.307657310506329,0.0004233720588385282,0.999963341360813,0.0392156862745098,0.6307269437131968,4.838889881300222,0.9338387080230082,0.4935241552303636,0.5392883802161959,0.5848482806108823,0.010201412874395244,0.14249566570812666,0.41643236727191624,0.04955077619235919,0.23745439897350118,0.17866390458287304,0.1103292483280794,0.06602128729913496,0.04470291468318457,0.023585936592593157,0.13017753940759705,0.1015625,0.09936881279035885,0.150390625,1.5B,16384
21,1,needle_16384_d50,needle,16384,9.704060527839234,19.35928383498629,20.982712327177843,1.8115917627592932,27.256439974760692,7.8348572465184025,0.7974975543848316,15.656528598702451,0.02774689824876903,-32.58200480788946,8.707824386656284,0.0016453174571732117,0.9998317740591567,0.0392156862745098,0.5601410532807627,5.744919271784225,0.9273561190579198,0.3664854554190596,0.42679358753048,0.48737877695773335,0.07299775156498933,0.08106777723676428,0.2445179249735777,0.21860561008282597,0.15488168975978925,0.1124699485881999,0.06720345622123598,0.04042378818219064,0.028183920402074267,0.015210842837538683,0.06669694456121761,0.1015625,0.0510757824375055,0.150390625,1.5B,16384
21,2,needle_16384_d50,needle,16384,9.704060527839234,18.621621170240875,20.982712327177843,1.8115917627592932,27.256439974760692,7.8348572465184025,0.7974975543848316,15.656528598702451,0.02774689824876903,-29.47967081516981,8.908300974871963,0.0013859548943746598,0.9998614766449837,0.0392156862745098,0.5433226692350396,5.619100674720197,0.950829669250679,0.3166886458919393,0.4010392566475716,0.5006054179403421,0.03941912028033723,0.0001631609872978501,0.18242418268449972,0.19289770642395157,0.10852208286677018,0.07424819579048766,0.04255435113758084,0.02617007608997702,0.018349162923998182,0.010334828322210478,0.04300070311365079,0.1015625,0.035648326263958724,0.150390625,1.5B,16384
21,3,needle_16384_d50,needle,16384,9.704060527839234,26.12351752825141,20.982712327177843,1.8115917627592932,27.256439974760692,7.8348572465184025,0.7974975543848316,15.656528598702451,0.02774689824876903,-13.947967313230038,18.43378883227706,2.065093014750955e-07,0.9999999901261681,0.0392156862745098,0.363865730061201,4.6362316509639285,0.9775236691611798,0.5116182584141378,0.6067342516236826,0.6914126603829521,0.4259855735980954,0.08396621600885845,0.08837901573223832,0.6135589944266662,0.04457149851568639,0.028736106947691062,0.014949014640639226,0.007564680407122694,0.0043845363439535354,0.001780373137063048,0.014013174967749353,0.1015625,0.009102624751393803,0.150390625,1.5B,16384
21,4,needle_16384_d50,needle,16384,9.704060527839234,17.69828693241314,20.982712327177843,1.8115917627592932,27.256439974760692,7.8348572465184025,0.7974975543848316,15.656528598702451,0.02774689824876903,-41.21942898631096,3.438808301463723,0.13896803453098702,0.9688630713973534,0.0392156862745098,0.5479757732337924,6.083729007776298,0.9149674687870878,0.2982207869768023,0.3478424982692504,0.4236126698464207,0.013192859204440577,0.026676384149637133,0.22593787262632176,0.0935525842622362,0.1993340731616182,0.14219230947004902,0.08340677610980864,0.049964017155462954,0.034726888288641775,0.019096347663947758,0.09353688220377997,0.1015625,0.07113218827285994,0.150390625,1.5B,16384
21,5,needle_16384_d50,needle,16384,9.704060527839234,16.10286183426747,20.982712327177843,1.8115917627592932,27.256439974760692,7.8348572465184025,0.7974975543848316,15.656528598702451,0.02774689824876903,-38.42333212774247,12.138869580347091,0.0001276923484221435,0.9999903540246342,0.0392156862745098,0.7355070488568296,5.419166758363055,0.8616431878007552,0.4694227311996728,0.509717153564359,0.5574941519709934,0.03198962397298466,0.010432561996696954,0.3604496212684494,0.010396180581501395,0.2737065330627562,0.23678582427810013,0.18096914763373464,0.13290696970788266,0.10386122985688383,0.06769744222622684,0.1797753587210671,0.1015625,0.151779466245061,0.150390625,1.5B,16384
21,6,needle_16384_d50,needle,16384,9.704060527839234,16.555216279885325,20.11901893181252,1.198391645950212,23.827761472836926,12.87820739619534,1.7268578779018229,19.453050707767137,0.09159640261594366,-57.73732913006097,4.300872967578471,0.1302253648178051,0.9773341517540488,0.0392156862745098,0.6720374287879537,6.283262609727915,0.8832088752452498,0.3184227320198238,0.3628934583703721,0.40591850060577417,0.020029109643044052,0.20340996322024685,0.24377840816662535,0.021839955750052386,0.3119591448879204,0.2440963491854933,0.18359172911229166,0.12145721862567742,0.08988157536639418,0.05551116696744182,0.2860787352372652,0.1015625,0.21005915947867765,0.150390625,1.5B,16384
21,7,needle_16384_d50,needle,16384,9.704060527839234,19.78938840694857,20.11901893181252,1.198391645950212,23.827761472836926,12.87820739619534,1.7268578779018229,19.453050707767137,0.09159640261594366,-47.178578726015985,19.512441896367818,1.4302898507537826e-07,0.9999999938573267,0.0392156862745098,0.5678502571367403,3.6879513768622814,0.9657419766224966,0.7056364968344535,0.7396489218873882,0.7754065209431655,0.06008278760620511,0.09622457421469122,0.3864958672388353,0.37737384298406157,0.13856699541340453,0.10654174464723667,0.0685037472081968,0.044121811094675084,0.031802118096479176,0.018275813702948885,0.0870044894796041,0.1015625,0.06765707632878824,0.150390625,1.5B,16384
21,8,needle_16384_d50,needle,16384,9.704060527839234,18.33546338730081,20.11901893181252,1.198391645950212,23.827761472836926,12.87820739619534,1.7268578779018229,19.453050707767137,0.09159640261594366,-62.59003408206627,4.685995470266789,0.10108046796424566,0.9834237530927991,0.0392156862745098,0.6473345203391957,4.059351173344342,0.9480889994830055,0.580489303505938,0.6137922108565804,0.6597703775303347,0.08946660101048476,0.03168150153441163,0.5247980692765969,0.08034844359254184,0.4736286045498344,0.35057059228216436,0.19689796829286843,0.11620102428321652,0.08024319297971809,0.04475205564343712,0.3141946251787366,0.1015625,0.2615704734741722,0.150390625,1.5B,16384
21,9,needle_16384_d50,needle,16384,9.704060527839234,18.901157550836693,20.11901893181252,1.198391645950212,23.827761472836926,12.87820739619534,1.7268578779018229,19.453050707767137,0.09159640261594366,-70.66071661747992,0.7006097417324781,0.7585464561415468,0.6479928653361443,0.0392156862745098,0.6837344042068135,1.8494666854423254,0.9791935576100778,0.8257125705458562,0.8385691430823108,0.8573207746007547,0.03198654988722183,0.008007732629676134,0.8063883189597523,0.035566531540571225,0.3250995403182254,0.24627853698639354,0.15950459432343514,0.10459734425666979,0.07594501336637703,0.044644785714886885,0.16764568539061725,0.1015625,0.13547431675990299,0.150390625,1.5B,16384
21,10,needle_16384_d50,needle,16384,9.704060527839234,20.930044828285805,20.11901893181252,1.198391645950212,23.827761472836926,12.87820739619534,1.7268578779018229,19.453050707767137,0.09159640261594366,-36.13319627381861,17.75105334073305,6.121340503597333e-07,0.9999999684444129,0.0392156862745098,0.5596249241460024,4.985476613581117,0.9559481639335695,0.47257495182651726,0.5630912827022588,0.631081475945467,0.028969804911357144,0.05011285576054414,0.23809390033961203,0.3430279025792452,0.12060331135528604,0.08614371100180869,0.052972141176580126,0.03359580976978365,0.02351195460424132,0.013049504712894594,0.0877421964342504,0.1015625,0.06842724164061316,0.150390625,1.5B,16384
21,11,needle_16384_d50,needle,16384,9.704060527839234,19.982181940249927,20.11901893181252,1.198391645950212,23.827761472836926,12.87820739619534,1.7268578779018229,19.453050707767137,0.09159640261594366,-74.46369964303449,0.7252529648831114,0.6927762930089683,0.6655237923584014,0.0392156862745098,0.6627617678273965,5.270599362708685,0.9395281818501434,0.424985849558167,0.4749902343046064,0.5217854113087272,0.06876416385234263,0.012236125743243509,0.3428743814415406,0.016847089493579843,0.27979134610692874,0.19397058283120105,0.12446039725022012,0.07058593192263102,0.04745955712647054,0.025153763171988773,0.39468718680951403,0.1015625,0.2978814705623,0.150390625,1.5B,16384
22,0,needle_16384_d50,needle,16384,9.704060527839234,25.837209517382902,23.264186594255033,1.2212912079610618,26.296368382696947,14.969503445313723,1.4944385686942654,20.12676158380778,0.07396119556029118,-57.316493310034275,39.57422998175025,1.4630452029362327e-08,0.9999999999989999,0.0392156862745098,0.3632882029700557,2.3381348957989054,0.9952804529664704,0.8827184628549047,0.9277615826305019,0.94326806911247,0.013487244404577048,0.1891943369797051,0.39595201943814146,0.5419754062330957,0.02262408051880555,0.015936554162692625,0.007903984312903815,0.003793617357788678,0.002159236059587629,0.0008560364160603282,0.01138310055454116,0.101806640625,0.007434879425696344,0.150390625,1.5B,16384
22,1,needle_16384_d50,needle,16384,9.704060527839234,23.0770620567465,23.264186594255033,1.2212912079610618,26.296368382696947,14.969503445313723,1.4944385686942654,20.12676158380778,0.07396119556029118,-39.32890855893493,28.545027462765574,1.4641651006898166e-08,0.999999999998592,0.0392156862745098,0.3947023865497484,3.684857067172944,0.9855665811899897,0.6633409822379711,0.780193584993185,0.8357278384140885,0.057372271094908944,0.08360931649566794,0.29807593509813285,0.5264765486668335,0.038976456423550146,0.026674860160408237,0.014769436237090063,0.008308003092646406,0.005296229092086794,0.0024568794883156955,0.01629046333030157,0.1015625,0.010572855072124205,0.150390625,1.5B,16384
22,2,needle_16384_d50,needle,16384,9.704060527839234,37.48943279469672,23.264186594255033,1.2212912079610618,26.296368382696947,14.969503445313723,1.4944385686942654,20.12676158380778,0.07396119556029118,-124.39574435725808,45.73434554412961,1.4630451803601129e-08,0.9999999999989999,0.0392156862745098,0.36431922157828095,0.7696011603990378,0.9998224143001563,0.9911838703529801,0.9939650836638464,0.9959669366781256,0.24311094581835668,0.02658484119467097,0.14658378178156004,0.8426087859202944,0.000761229587085988,0.00030692043700092744,6.668462842933246e-05,1.2715920497452365e-05,3.636907605501977e-06,4.248253335762307e-07,0.0017518663066780475,0.101806640625,0.0012597923973337538,0.150390625,1.5B,16384
22,3,needle_16384_d50,needle,16384,9.704060527839234,23.486472297273536,23.264186594255033,1.2212912079610618,26.296368382696947,14.969503445313723,1.4944385686942654,20.12676158380778,0.07396119556029118,-28.90588146355003,34.65935869049281,1.4630476296880987e-08,0.999999999998999,0.0392156862745098,0.4004101086598467,3.382213336381381,0.9885485302482617,0.7266356816720999,0.8316666555403585,0.8790654169539855,0.16717024840924588,0.13848400749466983,0.14269950755972807,0.7452767728826717,0.03580161326764365,0.025541196490082258,0.013916222332168878,0.0071058452440903915,0.004221293404823767,0.0017513187312466942,0.020528741640420504,0.1015625,0.0133256286234401,0.150390625,1.5B,16384
22,4,needle_16384_d50,needle,16384,9.704060527839234,25.428992228811072,23.264186594255033,1.2212912079610618,26.296368382696947,14.969503445313723,1.4944385686942654,20.12676158380778,0.07396119556029118,-78.87180328555405,3.170855298638344,0.16929340903286616,0.959681371701786,0.0392156862745098,0.43203862289045725,4.826434589112242,0.9761740235793567,0.42322583837356326,0.5004489984868653,0.5907300144036881,0.029993451762921453,0.05110043544649523,0.2803068625868288,0.026997909369446852,0.0962809251421764,0.07699769772472988,0.04141954826549322,0.019864940441064953,0.011274537476551256,0.004328012063982786,0.2445276112828383,0.1015625,0.15896371415110874,0.150390625,1.5B,16384
22,5,needle_16384_d50,needle,16384,9.704060527839234,20.419687502741507,23.264186594255033,1.2212912079610618,26.296368382696947,14.969503445313723,1.4944385686942654,20.12676158380778,0.07396119556029118,-62.11312314681709,8.861436281353235,0.0023465747809836316,0.9997664358521415,0.0392156862745098,0.333364710060328,5.702611836271637,0.9572476104150613,0.3578104032643741,0.43124073276978425,0.5102529806659112,0.26938474327101747,0.0919743279601708,0.07678399451770693,0.1984334486353586,0.10983534972844501,0.09758044711172267,0.06273980205193129,0.035281234088168224,0.022300512685228258,0.01067895358452707,0.04225445696086377,0.1015625,0.03271270194369721,0.150390625,1.5B,16384
22,6,needle_16384_d50,needle,16384,9.704060527839234,16.002318281833112,24.376958527609183,1.4073797955616218,28.222716621941537,11.424474928550682,3.046071947957838,22.60437935856913,0.22161419735685442,-73.11059846263379,12.897182155400515,5.972105382910927e-05,0.9999958269209254,0.0392156862745098,0.4680204447850436,1.938277205516865,0.9707127214077935,0.8276271053446028,0.8430968264068457,0.8633904967822882,0.049358261218983124,0.04329132510878342,0.7978900562564827,0.017940264390291366,0.4016415012925997,0.33667930368194254,0.2392833356983245,0.16613098611222615,0.1261756904191244,0.07905045015903699,0.26641460935908534,0.1015625,0.2198781532580842,0.150390625,1.5B,16384
22,7,needle_16384_d50,needle,16384,9.704060527839234,25.23772228349966,24.376958527609183,1.4073797955616218,28.222716621941537,11.424474928550682,3.046071947957838,22.60437935856913,0.22161419735685442,-57.89287981390953,3.1711662486195564,0.17201066545819862,0.959409286653343,0.0392156862745098,0.4869418957665762,2.9268421456653506,0.9981405233444252,0.7624758392089436,0.8761341005238756,0.9269378168377109,0.1822064737902953,0.2601979525542495,0.005274904839632836,0.05112571108421182,0.0071732433262263594,0.004200449035624662,0.0010876064765763492,0.0002728895397472264,0.00010444022382232959,2.429906864191846e-05,0.00267153488316936,0.1015625,0.001966295121332909,0.150390625,1.5B,16384
22,8,needle_16384_d50,needle,16384,9.704060527839234,17.819845813090595,24.376958527609183,1.4073797955616218,28.222716621941537,11.424474928550682,3.046071947957838,22.60437935856913,0.22161419735685442,-65.4738426655531,6.350471507757902,0.018426624276558893,0.9975811000218064,0.0392156862745098,0.4748042296268259,4.238922000285126,0.9592921962197495,0.5678177418653141,0.6138763973181672,0.6637740542880496,0.11018551758639461,0.04577390092662048,0.4535445542212933,0.15211686348869868,0.17992991379524087,0.1283764474556463,0.08804688308812082,0.05291730235738157,0.035757200553968464,0.018910147316088276,0.1937528117998441,0.1015625,0.1597058011578765,0.150390625,1.5B,16384
22,9,needle_16384_d50,needle,16384,9.704060527839234,22.06838009231774,24.376958527609183,1.4073797955616218,28.222716621941537,11.424474928550682,3.046071947957838,22.60437935856913,0.22161419735685442,-59.77569943899289,8.05432178126648,0.006497186612324454,0.9993022954869448,0.0392156862745098,0.47093762633159697,2.4887587753134266,0.9929238006865867,0.7281665768127009,0.7622581199442207,0.8027771399902607,0.05972900695980421,0.03365390028773696,0.6775699541356351,0.11143150132421664,0.16531570250824237,0.08098210346318868,0.030876145549425787,0.013478076697872822,0.007247029130828234,0.002583019814947887,0.02476258536715087,0.1015625,0.014844871482375462,0.150390625,1.5B,16384
22,10,needle_16384_d50,needle,16384,9.704060527839234,20.338151529130187,24.376958527609183,1.4073797955616218,28.222716621941537,11.424474928550682,3.046071947957838,22.60437935856913,0.22161419735685442,-85.80221870355308,4.805452568456531,0.047284967624424336,0.9918719602609879,0.0392156862745098,0.4902516342561324,3.0293857015214023,0.9730568062549765,0.7371000445284966,0.7612395628419635,0.7869232717976472,0.037139655393829685,0.011412523639780403,0.6169903030925163,0.005247766282453003,0.2875835219679887,0.2045139554659656,0.11752060362853474,0.06369318367069139,0.03842131711706332,0.017665702260969533,0.29997247888311046,0.1015625,0.2534255523853688,0.150390625,1.5B,16384
22,11,needle_16384_d50,needle,16384,9.704060527839234,19.41488466814953,24.376958527609183,1.4073797955616218,28.222716621941537,11.424474928550682,3.046071947957838,22.60437935856913,0.22161419735685442,-82.25977525766939,16.45210235659033,1.3056933794576698e-06,0.9999999265171508,0.0392156862745098,0.42527016611077173,1.5845537114431747,0.9811295546508605,0.8626110390585289,0.8745365213565296,0.8870608112525312,0.08692702158003662,0.009449049481627725,0.8407032116184753,0.005286424995990033,0.4088462947668787,0.3102017213373857,0.18805529104632068,0.110667736768601,0.07402284580619665,0.03898922748815532,0.31513125562159955,0.1015625,0.2665754701981167,0.150390625,1.5B,16384
23,0,needle_16384_d50,needle,16384,9.704060527839234,24.925326499981423,24.10801251495529,1.6710927275141358,29.947409151614423,15.884104129094341,2.920995957940867,28.823639844878056,0.10727098043442602,-87.30236684484407,10.857868850696832,0.00044526714688517547,0.9999637508857132,0.0392156862745098,0.5178305995611342,2.8579351574506084,0.9923364709970499,0.719422906162997,0.7782093484130396,0.8218759327510745,0.182934476304624,0.1666145843584783,0.5785496273844346,0.015085131205742758,0.04513589161390609,0.022912796064517214,0.013278271266900432,0.005341447752755786,0.0026360417703288484,0.0007017715586490276,0.13851609843661603,0.1015625,0.11135125506469831,0.150390625,1.5B,16384
23,1,needle_16384_d50,needle,16384,9.704060527839234,23.019251904750018,24.10801251495529,1.6710927275141358,29.947409151614423,15.884104129094341,2.920995957940867,28.823639844878056,0.10727098043442602,-65.5550736002624,11.907852633157745,8.774769943220065e-05,0.9999932202875652,0.0392156862745098,0.5885040090456859,4.552661142676161,0.9927165592305265,0.443162673860888,0.5630987225998949,0.6554675460059427,0.18197381264980317,0.2557528824924874,0.09416947644370507,0.017827807916502108,0.011079083139363505,0.008240986693414713,0.0025429210541029587,0.001180769332531495,0.000684544805426025,0.00027878754726745283,0.049299764658209885,0.1015625,0.04046402680374667,0.150390625,1.5B,16384
23,2,needle_16384_d50,needle,16384,9.704060527839234,22.54136054424028,24.10801251495529,1.6710927275141358,29.947409151614423,15.884104129094341,2.920995957940867,28.823639844878056,0.10727098043442602,-43.19034117809497,7.358327612513676,0.0076669890782520116,0.9991118183591563,0.0392156862745098,0.43955222541684374,4.855653757614612,0.9917663346476723,0.36404262833276513,0.47486073741960055,0.5779302404347585,0.11831811025478434,0.13594347976013044,0.00040318636515280213,0.043943133104874486,0.012125663235402427,0.005313887678370304,0.0008835519863305548,0.0003401370490926658,0.00015541126326017022,4.462042790135805e-05,0.025166796446835678,0.1015625,0.0213168902045203,0.150390625,1.5B,16384
23,3,needle_16384_d50,needle,16384,9.704060527839234,18.799829095522718,24.10801251495529,1.6710927275141358,29.947409151614423,15.884104129094341,2.920995957940867,28.823639844878056,0.10727098043442602,-45.049572916002944,11.235059956554323,0.00016155509090876657,0.9999867970056174,0.0392156862745098,0.5926300822544617,4.410310858458219,0.9696823083080998,0.5258896297485822,0.5664129558334037,0.6105198306121747,0.14765161349283162,0.026876376214176823,0.42468907408249046,0.02298590906091434,0.12271566753570257,0.10055831884119666,0.04871179147261214,0.023401598110893478,0.013861301902891022,0.006367389765002508,0.193250920865991,0.1015625,0.1541056896662646,0.150390625,1.5B,16384
23,4,needle_16384_d50,needle,16384,9.704060527839234,22.52593384293382,24.10801251495529,1.6710927275141358,29.947409151614423,15.884104129094341,2.920995957940867,28.823639844878056,0.10727098043442602,-79.9685189994052,13.772757740924135,1.544092629988704e-05,0.9999989559665972,0.0392156862745098,0.36958107147564373,0.9500016222106458,0.9945152856683546,0.9303116759273542,0.9385391574674691,0.9473397853913262,0.5415167234950964,0.13964099643821104,0.891826300330877,0.0021768560180618927,0.030587249623126908,0.02184479613670788,0.011429295828111927,0.006130084236562447,0.0038729047442678075,0.0017592513362395207,0.027193541039055025,0.1015625,0.02255070694529632,0.150390625,1.5B,16384
23,5,needle_16384_d50,needle,16384,9.704060527839234,19.868916690171584,24.10801251495529,1.6710927275141358,29.947409151614423,15.884104129094341,2.920995957940867,28.823639844878056,0.10727098043442602,-63.74811959383078,6.850989307044074,0.00832860764662285,0.9989408449322923,0.0392156862745098,0.5785440098641237,1.2895624926042069,0.9875828649593563,0.8916445700600929,0.9023520128435198,0.9153335575718677,0.1607194414369868,0.039166686999537514,0.8679670503870073,0.01941860523551351,0.056811720247799485,0.04419824989548138,0.026116927918245294,0.014221527561670185,0.009236933309457435,0.004721912413884412,0.04471666396510095,0.1015625,0.03728803719877054,0.150390625,1.5B,16384
23,6,needle_16384_d50,needle,16384,9.704060527839234,24.53137363111115,21.52507822536348,1.4083868084418452,25.618827833928066,12.08009391264762,1.7012627921297403,18.28327710903127,0.0787225451565161,-8.568662494421005,20.225067293271422,4.9979685427412485e-08,0.9999999983365815,0.0392156862745098,0.3460046997891847,3.7251502179684057,0.9895014340236383,0.6022531824938586,0.7096213592529989,0.8055307013623196,0.002406627196820582,0.11419977309939039,0.31650485200070655,0.49551240365979204,0.044862389959980126,0.03090884814152514,0.017401050076636768,0.009202080119356814,0.00562316877528695,0.0024139747771688047,0.012306041007586734,0.1015625,0.008777650457053981,0.150390625,1.5B,16384
23,7,needle_16384_d50,needle,16384,9.704060527839234,17.068102351779906,21.52507822536348,1.4083868084418452,25.618827833928066,12.08009391264762,1.7012627921297403,18.28327710903127,0.0787225451565161,-16.040653435513377,17.004887575283647,7.582534829607936e-07,0.9999999587239142,0.0392156862745098,0.4657106528197141,5.405503387095114,0.8843877099472894,0.4693240764141599,0.5171355583411059,0.5730943843364832,0.34147267081720223,0.13309831460455412,0.33071236020629824,0.2765709271160063,0.24739329200312496,0.20758111445567926,0.15176630589252665,0.10888232060992561,0.08409451708848407,0.05363619767188123,0.12327026121851238,0.1015625,0.09808340549583505,0.150390625,1.5B,16384
23,8,needle_16384_d50,needle,16384,9.704060527839234,24.413555644476947,21.52507822536348,1.4083868084418452,25.618827833928066,12.08009391264762,1.7012627921297403,18.28327710903127,0.0787225451565161,-36.28737407072913,2.1541250461013988,0.3336697422765948,0.896053555635771,0.0392156862745098,0.6160702608508966,4.1172918632314754,0.9841424884272951,0.5636899685903549,0.6266316768743073,0.6815137014583501,0.28158511268165554,0.20900499950691676,0.38956089327448107,0.007079018114486262,0.14883398561674066,0.09017670311787708,0.03491692101283584,0.013021776110678025,0.006674026408812889,0.0024322155409219645,0.2765251306916559,0.1015625,0.2280469114573793,0.150390625,1.5B,16384
23,9,needle_16384_d50,needle,16384,9.704060527839234,26.388398324410996,21.52507822536348,1.4083868084418452,25.618827833928066,12.08009391264762,1.7012627921297403,18.28327710903127,0.0787225451565161,-1.0120035503059626,50.8549661594443,1.463045180323322e-08,0.9999999999989999,0.0392156862745098,0.367389467680897,2.736864186638006,0.9975932290875036,0.8235319591109684,0.9326464438554756,0.9727032266503919,0.5861076045308644,0.259511464685704,0.17860485885212468,0.7954033444628339,0.0070057617116131825,0.004864405380926698,0.0024663888404257667,0.0011743307613641285,0.000664049036120928,0.0002579948187506901,0.002274557126019272,0.1015625,0.0013555609549722259,0.150390625,1.5B,16384
23,10,needle_16384_d50,needle,16384,9.704060527839234,25.866974456748544,21.52507822536348,1.4083868084418452,25.618827833928066,12.08009391264762,1.7012627921297403,18.28327710903127,0.0787225451565161,-9.200937130488455,28.461439124308527,1.4642780253166564e-08,0.9999999999985507,0.0392156862745098,0.4170223817912012,2.4446123023823754,0.9962417468805685,0.777811716073659,0.8643101352087375,0.918854087182265,0.034991240864411466,0.009829993771892864,0.5565097375740324,0.37269615849693427,0.033456899208891756,0.022250942444671275,0.01121516855789472,0.005115914596907237,0.002718718394497609,0.0009187785860792438,0.008191425962888696,0.1015625,0.004551173159992076,0.150390625,1.5B,16384
23,11,needle_16384_d50,needle,16384,9.704060527839234,22.197011376404642,21.52507822536348,1.4083868084418452,25.618827833928066,12.08009391264762,1.7012627921297403,18.28327710903127,0.0787225451565161,-8.580360579304397,21.628430855460465,2.3974837578056204e-08,0.9999999995869382,0.0392156862745098,0.37261650830477777,4.66891742754528,0.9598337556819425,0.5029309035107401,0.5855896053738875,0.6731633523787117,0.337003587588501,0.004299484310293367,0.30863442807578756,0.4071067781129811,0.11378399255914581,0.08289071542530306,0.051061414762267526,0.03202373697621814,0.021576702992404308,0.011244446728315241,0.047793922278902314,0.1015625,0.035044432866390265,0.150390625,1.5B,16384
24,0,needle_16384_d50,needle,16384,9.704060527839234,21.884206709050577,21.376033088655944,1.2792189446252988,25.42211858143842,9.415774565511652,1.1956147816040126,18.5442557333276,0.02052481167975142,129.7402140982449,29.364999059587717,1.4635316133091408e-08,0.9999999999988234,0.0392156862745098,0.5955147129643343,3.7608301698590263,0.9895389633940067,0.6328289802051914,0.7681603384686386,0.8561033778871567,0.029405561178110773,0.09965150285697533,0.15873101066167802,0.6968659056876628,0.011434608926350953,0.008768398227985004,0.00509988037284875,0.0027800535694696283,0.0016675604652482431,0.0006689883443871626,0.005680800343506218,0.1015625,0.0037914541723866055,0.150390625,1.5B,16384
24,1,needle_16384_d50,needle,16384,9.704060527839234,20.041530319607254,21.376033088655944,1.2792189446252988,25.42211858143842,9.415774565511652,1.1956147816040126,18.5442557333276,0.02052481167975142,123.88971411064267,24.237579530104995,1.537734197087252e-08,0.9999999999692311,0.0392156862745098,0.6425361033438618,5.190194834064551,0.9544618613042036,0.43946875973603383,0.5360899431303051,0.6280087751460948,0.019522652037911925,0.07539184270855515,0.19969079283563973,0.43521850556610947,0.056116417295485076,0.043652981518093936,0.027523594525908916,0.01637335696823976,0.010333047292575703,0.004487907428807378,0.023045225022309327,0.1015625,0.01596650859891472,0.150390625,1.5B,16384
24,2,needle_16384_d50,needle,16384,9.704060527839234,19.109906993145085,21.376033088655944,1.2792189446252988,25.42211858143842,9.415774565511652,1.1956147816040126,18.5442557333276,0.02052481167975142,111.48190213367343,15.133676826953888,4.333236875853233e-06,0.9999997323400619,0.0392156862745098,0.5564603885023581,5.284376434951774,0.9681171461385153,0.34654301055103187,0.4721538233751958,0.5924059753860142,0.05203298188500227,0.11864822544574594,0.05881847682170167,0.5423318871021497,0.024945478276139046,0.020157486558880115,0.012606846977949433,0.007929116838227073,0.005347116433572666,0.0027218195768290887,0.008423022763990044,0.1015625,0.005790655655776569,0.150390625,1.5B,16384
24,3,needle_16384_d50,needle,16384,9.704060527839234,21.241895439441752,21.376033088655944,1.2792189446252988,25.42211858143842,9.415774565511652,1.1956147816040126,18.5442557333276,0.02052481167975142,112.75805785227567,20.437402597628534,4.31818705802776e-08,0.9999999986670485,0.0392156862745098,0.5648071728029966,4.217905460351169,0.9820423516910495,0.5808709684315935,0.6896270043795488,0.7752541161309038,0.07968025030022474,0.04435051755871022,0.18810403415313873,0.5816008636840814,0.022823530060394427,0.017633463546042057,0.010986622100007013,0.005832111808655905,0.0033831063312253096,0.0012969952751447891,0.007903903289691623,0.1015625,0.0048150843553209175,0.150390625,1.5B,16384
24,4,needle_16384_d50,needle,16384,9.704060527839234,21.3669798413774,21.376033088655944,1.2792189446252988,25.42211858143842,9.415774565511652,1.1956147816040126,18.5442557333276,0.02052481167975142,132.41579230502248,30.119459580630064,1.4632800722425079e-08,0.9999999999989149,0.0392156862745098,0.6017353542171197,4.823411201678504,0.9684379119578085,0.4841399505049542,0.6033383549411829,0.7023332250785426,0.0077826684586277395,0.07418473325960129,0.1256751216634435,0.5863594596994723,0.028246189469492627,0.021408827646485686,0.01323432067196769,0.0077229755564188745,0.004796726086093043,0.0021045074665136023,0.011330093789350577,0.1015625,0.007738078524945197,0.150390625,1.5B,16384
24,5,needle_16384_d50,needle,16384,9.704060527839234,20.808689203861547,21.376033088655944,1.2792189446252988,25.42211858143842,9.415774565511652,1.1956147816040126,18.5442557333276,0.02052481167975142,113.1494351029396,10.27557916752994,0.00039778030269970176,0.9999649391064702,0.0392156862745098,0.6327812037836007,5.680035253230414,0.9159238102107035,0.3694576045712487,0.4216733018500861,0.4882968224214766,0.019107231625564935,0.010637695976756234,0.30640781130586897,0.16783459463516562,0.1714931253018749,0.124868680752741,0.07885250158666256,0.04929574948233979,0.03463218984697761,0.019528162188341247,0.08686588038014977,0.1015625,0.06035318785834604,0.150390625,1.5B,16384
24,6,needle_16384_d50,needle,16384,9.704060527839234,22.100257988757324,21.318575949084114,1.3758320546622893,24.89476753414833,22.15562641237921,6.849395832908298,56.81212536737618,0.23905452692501383,-72.80307127162814,10.4638927038759,0.00037895482127775005,0.99996780224074,0.0392156862745098,0.5585210163315872,4.576862147309958,0.977934322440232,0.49592005774364145,0.5672552549023784,0.6332909623144612,0.1287502929298443,0.19631938816101702,0.30366451924527366,0.01746921842299324,0.05150529448678778,0.07514556997173306,0.04430755097552769,0.024072743936389408,0.015497127142983815,0.007656432271271914,0.17221693558455703,0.1015625,0.13162025794326734,0.150390625,1.5B,16384
24,7,needle_16384_d50,needle,16384,9.704060527839234,26.896882755973817,21.318575949084114,1.3758320546622893,24.89476753414833,22.15562641237921,6.849395832908298,56.81212536737618,0.23905452692501383,-42.190689377486706,37.093409564346075,1.463045456050669e-08,0.9999999999989999,0.0392156862745098,0.4526811625623524,2.442675240160494,0.9946834158221624,0.8461658792504112,0.9155904727080353,0.9372400165413152,0.24285275422437902,0.0053218404146222476,0.49221355220677054,0.44806412626865605,0.04241859742013059,0.028445082421394537,0.015391749782789671,0.008485764251505202,0.005369787138493171,0.0023737749814982667,0.022302782670209048,0.1015625,0.015417467897808802,0.150390625,1.5B,16384
24,8,needle_16384_d50,needle,16384,9.704060527839234,18.694791399989988,21.318575949084114,1.3758320546622893,24.89476753414833,22.15562641237921,6.849395832908298,56.81212536737618,0.23905452692501383,-40.34680485352874,28.297070275992155,1.4644537216369606e-08,0.9999999999984861,0.0392156862745098,0.4808379613969447,4.617945492097414,0.9360238199798426,0.5736134995512,0.6470898152152521,0.6923631062924716,0.13946822070109666,0.13612266708657428,0.3367621243852126,0.35492312367457063,0.13973009613028953,0.11820504009469078,0.09091748506182476,0.06680456836018442,0.05083534525174797,0.03060955506111838,0.15370042420595323,0.1015625,0.1156895002105418,0.150390625,1.5B,16384
24,9,needle_16384_d50,needle,16384,9.704060527839234,21.905475880308686,21.318575949084114,1.3758320546622893,24.89476753414833,22.15562641237921,6.849395832908298,56.81212536737618,0.23905452692501383,-68.82025240082294,7.869926166255027,0.0037412829393030853,0.9995893627930342,0.0392156862745098,0.5587778111964655,5.320191240585185,0.9429117381100699,0.4277755782451154,0.4618574507037154,0.508029242318577,0.11399732598092438,0.015892111970472023,0.33881995962303824,0.009307084825157717,0.26575401695343315,0.18936091099182298,0.11411190171643025,0.06254982219524932,0.03819152133092711,0.015227826263497947,0.22600784591640607,0.1015625,0.18343394374132527,0.150390625,1.5B,16384
24,10,needle_16384_d50,needle,16384,9.704060527839234,20.744316693309337,21.318575949084114,1.3758320546622893,24.89476753414833,22.15562641237921,6.849395832908298,56.81212536737618,0.23905452692501383,-84.69313369272277,6.07314029103145,0.018861760381908663,0.9974178240090005,0.0392156862745098,0.5703966390011159,1.3233459213568461,0.9862886329844309,0.8890647464585136,0.8981165101174928,0.9085302288069302,0.018908835872911922,0.01837060481236019,0.8666762779009949,0.003202463272701639,0.3811369618155102,0.26705545527643126,0.15145758310768542,0.090938708221531,0.062408912812325634,0.03327508952241206,0.40851140969181327,0.1015625,0.33911857484828495,0.150390625,1.5B,16384
24,11,needle_16384_d50,needle,16384,9.704060527839234,23.598157862519578,21.318575949084114,1.3758320546622893,24.89476753414833,22.15562641237921,6.849395832908298,56.81212536737618,0.23905452692501383,-67.47914946521632,0.6080872707534581,0.9447923544928597,0.567156135462464,0.0392156862745098,0.5920964180914412,5.113067675493447,0.9857212538824179,0.3614563968482998,0.46351581087844085,0.5667772745466526,0.31671541707272877,0.008619330816773463,0.04400768583088131,0.020128798615837905,0.05513727774479849,0.052827964702694255,0.01873912324810087,0.008333314912677954,0.004781585224139564,0.0020452681898074318,0.0431002409841212,0.1015625,0.035765373892253385,0.150390625,1.5B,16384
25,0,needle_16384_d50,needle,16384,9.704060527839234,17.37482344928757,23.343888005891216,1.5520698915613915,27.703881427143504,22.021489813968316,6.406517870841554,52.79701010265377,0.22544615713466037,-61.73576659988612,11.356428763829172,0.00014452697816840014,0.9999883052910373,0.0392156862745098,0.19375693536327637,2.473760437019065,0.9736260677519227,0.7644011645885941,0.7915224039818145,0.8275575224437208,0.25536801854531,0.017479646776620505,0.7126712144722607,0.13823044489659334,0.3858709833440839,0.29574773889030687,0.19772220333617266,0.13289119986801706,0.09768821486825172,0.05766731935928772,0.1969850074375036,0.1015625,0.15444693931653933,0.150390625,1.5B,16384
25,1,needle_16384_d50,needle,16384,9.704060527839234,18.631326275058004,23.343888005891216,1.5520698915613915,27.703881427143504,22.021489813968316,6.406517870841554,52.79701010265377,0.22544615713466037,-56.59031576104462,18.645129101350904,1.718463827057529e-07,0.9999999919990611,0.0392156862745098,0.15930204527024158,3.310953706350185,0.9605058575022382,0.6767243134215997,0.7195383057029734,0.7593449108384238,0.04516738670312481,0.029276086059485174,0.6021062176772406,0.1755509501613896,0.416774960690497,0.32782107711934855,0.21584995494767975,0.1388309057825995,0.09862321521032939,0.05622982899814031,0.192135354931049,0.1015625,0.14647377256784488,0.150390625,1.5B,16384
25,2,needle_16384_d50,needle,16384,9.704060527839234,27.27343271933486,23.343888005891216,1.5520698915613915,27.703881427143504,22.021489813968316,6.406517870841554,52.79701010265377,0.22544615713466037,-90.942158466205,32.672193471342325,1.4630689683237465e-08,0.9999999999989913,0.0392156862745098,0.12211480053678075,0.6144083007944967,0.9981679950302859,0.9625743934517303,0.9700972582933706,0.9753247228717841,0.14633558605061303,0.025888743844665107,0.9264889696473237,0.0451626232550061,0.06142961771045352,0.04221411287652777,0.020993625052139083,0.009726283373719741,0.005244571566495251,0.0018966590890808906,0.034776029171361994,0.1015625,0.025781569648125693,0.150390625,1.5B,16384
25,3,needle_16384_d50,needle,16384,9.704060527839234,19.42487269872882,23.343888005891216,1.5520698915613915,27.703881427143504,22.021489813968316,6.406517870841554,52.79701010265377,0.22544615713466037,-48.91766841523349,21.573744719848037,2.871482096713364e-08,0.999999999382275,0.0392156862745098,0.20384469561652332,3.9130427563783834,0.9669740234469396,0.6555226362660258,0.6987229949059495,0.7390507530817134,0.21282354612885213,0.14022878165589958,0.3893117066739171,0.36129708250460646,0.13230487817945039,0.10101740158368115,0.06499057522534335,0.039294976460593156,0.026859578711742653,0.014156524931566394,0.056179301384115796,0.1015625,0.04086754690136303,0.150390625,1.5B,16384
25,4,needle_16384_d50,needle,16384,9.704060527839234,19.65208892717716,23.343888005891216,1.5520698915613915,27.703881427143504,22.021489813968316,6.406517870841554,52.79701010265377,0.22544615713466037,-92.5514021338895,3.3498076321557164,0.21696670168168905,0.9533478214247056,0.0392156862745098,0.18660624482848936,4.504035375168643,0.931106872610459,0.5550057598045478,0.5859941728396925,0.6200250342738308,0.09376699147802103,0.023624773193342108,0.4791274594687141,0.021538539919972528,0.24495197702654872,0.24194276735071996,0.19360088812414672,0.12769103514325886,0.08881811544385602,0.04627150068201623,0.36355744876215906,0.1015625,0.2768518848726298,0.150390625,1.5B,16384
25,5,needle_16384_d50,needle,16384,9.704060527839234,19.65414196841547,23.343888005891216,1.5520698915613915,27.703881427143504,22.021489813968316,6.406517870841554,52.79701010265377,0.22544615713466037,-81.66001813858747,3.0670073721557856,0.4428819029100076,0.9002989119680582,0.0392156862745098,0.3613069552082227,5.073732401997535,0.9387035576963223,0.46918541696521227,0.5170918823239709,0.5701836119425421,0.1335402032377666,0.029713928595241246,0.34985312198707197,0.041859281161567015,0.19469667111319322,0.17148461236146867,0.13110974978110512,0.08569856670472305,0.058688028044649516,0.03259770600172866,0.14482898569985536,0.1015625,0.10321401348987708,0.150390625,1.5B,16384
25,6,needle_16384_d50,needle,16384,9.704060527839234,19.457911254183745,19.727451181396507,1.8654944613183444,24.774312870640436,22.20342168581819,5.216131710756106,45.7453388325765,0.09725155119231038,-48.1527838986367,0.8806535545736551,0.6707525019907917,0.6994513725731157,0.0392156862745098,0.6780365115164317,5.762678462798231,0.9406803196589901,0.33829798740938366,0.3957887473120338,0.4657278383698464,0.010610837897542039,0.03717310682065755,0.23637450264418813,0.05500461283884147,0.13830327113335705,0.11835666625501601,0.08887223897533997,0.05515178731376937,0.03402246537807833,0.015513802926695849,0.09452533565730757,0.1015625,0.07723218592115426,0.150390625,1.5B,16384
25,7,needle_16384_d50,needle,16384,9.704060527839234,22.139654076675505,19.727451181396507,1.8654944613183444,24.774312870640436,22.20342168581819,5.216131710756106,45.7453388325765,0.09725155119231038,-67.22857252671383,3.39566944190301,0.15809496865766776,0.9657401873500039,0.0392156862745098,0.40781002001457145,3.490206948382698,0.9923884051211516,0.6961651045319144,0.7870478875615132,0.8624070518294917,0.013024261273684987,0.14213257587656103,0.2184450688062088,0.050664125899064084,0.037293615745752386,0.025853377124299467,0.012639571420206209,0.006241814941445733,0.0038489401861216094,0.0018493020978982064,0.189499541687334,0.1015625,0.17770415537345782,0.150390625,1.5B,16384
25,8,needle_16384_d50,needle,16384,9.704060527839234,20.81799377721992,19.727451181396507,1.8654944613183444,24.774312870640436,22.20342168581819,5.216131710756106,45.7453388325765,0.09725155119231038,-70.00851414422505,1.3887247482780367,0.7275178657767358,0.76182752969694,0.0392156862745098,0.383216457148354,3.3099762718704264,0.9673236416929776,0.7171781228028956,0.7466124425802523,0.7790408664903686,0.018905067681237675,0.0023562933229865912,0.5269444803105072,0.016610964540421134,0.12709534063944927,0.09664165176274993,0.060558879343524684,0.03753045384563415,0.026057827001801797,0.014486375109598368,0.10555872915881212,0.1015625,0.06937334870872502,0.150390625,1.5B,16384
25,9,needle_16384_d50,needle,16384,9.704060527839234,18.56959922617916,19.727451181396507,1.8654944613183444,24.774312870640436,22.20342168581819,5.216131710756106,45.7453388325765,0.09725155119231038,-73.05060154944658,0.1747448481619358,0.9514173937775185,0.5062606859510503,0.0392156862745098,0.3760278634534785,4.4398356151291605,0.9568740120297364,0.5334647614962398,0.5767082291962076,0.6272271234567857,0.2479886005965226,0.025764958550588357,0.443100541795041,0.03738323737088791,0.11357162829651224,0.08571001095211986,0.06256449326999605,0.04039507598368208,0.027197831460367285,0.014198323020312058,0.11055609606565799,0.1015625,0.09004017359477888,0.150390625,1.5B,16384
25,10,needle_16384_d50,needle,16384,9.704060527839234,20.758799800631348,19.727451181396507,1.8654944613183444,24.774312870640436,22.20342168581819,5.216131710756106,45.7453388325765,0.09725155119231038,-63.591891407966614,3.2631717030890286,0.16306517623708977,0.9625305009436792,0.0392156862745098,0.40567327550541155,2.9964248299839205,0.979649448226515,0.7040360250373073,0.7572537365834038,0.8090149315135441,0.012433320310714091,0.04582907115132073,0.6255230471597911,0.10146992364486276,0.07468325391685869,0.056918581292121184,0.035721126671379694,0.022388942073564764,0.015614968530082709,0.008324805793791096,0.07775170333235128,0.1015625,0.06579707331958139,0.150390625,1.5B,16384
25,11,needle_16384_d50,needle,16384,9.704060527839234,19.655568910941177,19.727451181396507,1.8654944613183444,24.774312870640436,22.20342168581819,5.216131710756106,45.7453388325765,0.09725155119231038,-55.150891047902405,9.948170033283532,0.0006039739135599866,0.9999464164703322,0.0392156862745098,0.5521091871339598,3.646112358063867,0.9798453904296335,0.6915278921267125,0.7593286520453585,0.8104542445790391,0.019268759422483323,0.028408461572752675,0.22931083267096297,0.014266384512902764,0.08481224156320545,0.06438516435599581,0.03994796002527167,0.023452811210313212,0.015372521957068935,0.007480687459901407,0.27041921986175244,0.1015625,0.08422567596587846,0.150390625,1.5B,16384
26,0,needle_16384_d50,needle,16384,9.704060527839234,27.783157524513943,22.454827681528343,1.8521274054362948,28.262479034510534,26.42631277395101,9.446923110902834,69.38674770471769,0.20782850894737417,-36.94112700968981,15.983579065650702,1.957847613778861e-06,0.9999998855876435,0.0392156862745098,0.3997150062828918,3.992576468225882,0.9667700673780005,0.602811431339357,0.6473892466815844,0.6990721250826287,0.17992059731445842,0.048764240901892464,0.47269453668157546,0.21477001253739897,0.09847410441892902,0.07126898169816782,0.043412623553255286,0.02676523104273643,0.018009098576334714,0.009019775342549165,0.057006996091619744,0.1015625,0.04455973864335496,0.150390625,1.5B,16384
26,1,needle_16384_d50,needle,16384,9.704060527839234,17.469488441477445,22.454827681528343,1.8521274054362948,28.262479034510534,26.42631277395101,9.446923110902834,69.38674770471769,0.20782850894737417,-69.43802303262055,0.08377510320860893,0.693854207439045,0.5208437282558526,0.0392156862745098,0.3955963205678752,3.7544248482322784,0.9427765004658323,0.63167380392819,0.654952622421209,0.6864587209346158,0.0038910075912377273,0.005352022826511593,0.6027664190451114,0.014679380097871455,0.1674314475986435,0.12638469611961026,0.08442847880642927,0.06908466139775482,0.05452128263512908,0.0320217936732539,0.1358785634364266,0.1015625,0.11667555302272042,0.150390625,1.5B,16384
26,2,needle_16384_d50,needle,16384,9.704060527839234,18.557417076512188,22.454827681528343,1.8521274054362948,28.262479034510534,26.42631277395101,9.446923110902834,69.38674770471769,0.20782850894737417,-66.95921803195961,1.4722302362788469,0.5511453730030182,0.8029094125134376,0.0392156862745098,0.5058812310821846,5.134327067731243,0.9348851986331943,0.4494598709670537,0.4886736743419532,0.5362905054449617,0.13763221441790874,0.029328316541502808,0.3921060722236171,0.021012930043974143,0.16529426497260927,0.12650776007971545,0.08901992254656275,0.06914260354592339,0.04933775932400645,0.022988044585020042,0.17583443747588903,0.1015625,0.15149203931740238,0.150390625,1.5B,16384
26,3,needle_16384_d50,needle,16384,9.704060527839234,17.42105873487931,22.454827681528343,1.8521274054362948,28.262479034510534,26.42631277395101,9.446923110902834,69.38674770471769,0.20782850894737417,-65.70685847802088,1.9487073421478271,0.44402898296952287,0.8641325075284693,0.0392156862745098,0.527654653483223,4.124676394187793,0.9347737631784643,0.5920326175568138,0.6164596731922565,0.6507270421974833,0.020395281462906922,0.012180375999375492,0.5532591640519503,0.015159561774837255,0.16864950319620062,0.12668414216543517,0.08276113825853536,0.06561770238457476,0.05535196847173261,0.034803001631562025,0.16023514394907631,0.1015625,0.13507832440125972,0.150390625,1.5B,16384
26,4,needle_16384_d50,needle,16384,9.704060527839234,18.95545703859533,22.454827681528343,1.8521274054362948,28.262479034510534,26.42631277395101,9.446923110902834,69.38674770471769,0.20782850894737417,-66.52456566435285,4.991392042662483,0.056205168742167,0.9913046354960466,0.0392156862745098,0.5610011559167806,4.459117877525555,0.9355256723759939,0.5380202057139359,0.5640857964692003,0.5996531330932611,0.03648541513275161,0.010790808727314527,0.5087456821384834,0.02317324019990176,0.18705834415634706,0.140508582651099,0.09381559893487128,0.06884562066571519,0.05463905991783584,0.02792418181272991,0.14264397780917826,0.1015625,0.11685845360490088,0.150390625,1.5B,16384
26,5,needle_16384_d50,needle,16384,9.704060527839234,26.876301853674054,22.454827681528343,1.8521274054362948,28.262479034510534,26.42631277395101,9.446923110902834,69.38674770471769,0.20782850894737417,-38.40056519024074,24.48289956524968,1.5219876872829064e-08,0.9999999999757063,0.0392156862745098,0.3834361223567338,4.173835993696058,0.9769794402282131,0.5681877626897118,0.6219197853180685,0.6757866167860811,0.12366492267714868,0.00622296110920928,0.40582926418133813,0.22680082837197163,0.06442042354111359,0.045398095807090436,0.029829671564355193,0.017892684289168223,0.01161459232573584,0.005445251606069996,0.0697871605166213,0.1015625,0.053982594939400955,0.150390625,1.5B,16384
26,6,needle_16384_d50,needle,16384,9.704060527839234,18.506380840191344,20.332132579455177,1.5772252754876737,25.16060391919014,28.163071832728402,10.002684506651663,74.02921481412655,0.21407589825855866,-66.4629623638466,6.3373086946085095,0.026913699887737216,0.996421631032689,0.0392156862745098,0.43612828927453295,3.6059053546603588,0.9373680451448867,0.6503762469024238,0.6668218933119037,0.690076739364491,0.016748799350017052,0.023434058703830196,0.6309099686168489,0.018027529110094753,0.38149835303475443,0.3066151853623127,0.20528197995510136,0.13528473529310275,0.0974284803487111,0.05566955477947823,0.28081834793824983,0.1015625,0.23393888845374664,0.150390625,1.5B,16384
26,7,needle_16384_d50,needle,16384,9.704060527839234,19.322064740987486,20.332132579455177,1.5772252754876737,25.16060391919014,28.163071832728402,10.002684506651663,74.02921481412655,0.21407589825855866,-50.343845770694315,2.1869144020602107,0.3516968710596555,0.8960861231837285,0.0392156862745098,0.6151914800012831,5.58137438093898,0.9691724193097938,0.3304394258384883,0.42144167336897154,0.49725955031476315,0.10382159634234056,0.029088495705119788,0.08794301424033803,0.025767188837534472,0.09811738319894008,0.1075564182058937,0.05943672568693073,0.0324529111329157,0.020151558561687752,0.009954207033547343,0.08503588404768472,0.1015625,0.07179381516405575,0.150390625,1.5B,16384
26,8,needle_16384_d50,needle,16384,9.704060527839234,18.043970774352704,20.332132579455177,1.5772252754876737,25.16060391919014,28.163071832728402,10.002684506651663,74.02921481412655,0.21407589825855866,-61.791910387575626,0.35137860057875514,0.9172072970086008,0.5478061316174783,0.0392156862745098,0.5620189971869524,4.510376678674853,0.9216854699545527,0.547311706274814,0.5684354500701584,0.5988249546740408,0.04655880168643867,0.03612786761176556,0.5140978467273987,0.019719610672185462,0.4398818989002862,0.34814318599134864,0.23027889291587034,0.15359517238465453,0.11030292250975628,0.0598270071168334,0.30564945512684744,0.1015625,0.2589664278597525,0.150390625,1.5B,16384
26,9,needle_16384_d50,needle,16384,9.704060527839234,19.667025822118642,20.332132579455177,1.5772252754876737,25.16060391919014,28.163071832728402,10.002684506651663,74.02921481412655,0.21407589825855866,-59.49214614182711,2.2976975087076426,0.39237673137444945,0.894908856554549,0.0392156862745098,0.6109353865301062,3.969843602371611,0.9338850963805277,0.6090624308222036,0.6260712892138605,0.6500327276137225,0.0995023873069445,0.058370540275313854,0.5876826542503112,0.01642142687660192,0.42802829289023175,0.3380925827337063,0.22652554728964552,0.150461202116385,0.10399359874610993,0.05117762911500595,0.30672546984907567,0.1015625,0.25679813658137035,0.150390625,1.5B,16384
26,10,needle_16384_d50,needle,16384,9.704060527839234,28.52257614903964,20.332132579455177,1.5772252754876737,25.16060391919014,28.163071832728402,10.002684506651663,74.02921481412655,0.21407589825855866,-39.466026375070214,16.46502550225705,1.2496667834274293e-06,0.9999999292930949,0.0392156862745098,0.46809340196763427,4.776190057566276,0.9671275793061744,0.49012882571588756,0.5350336880257547,0.5902639699305043,0.14058802031918238,0.06834724722687291,0.36604983737736124,0.17337750025239307,0.208022611028372,0.13349987846292238,0.06324972125223095,0.02866229909750094,0.01697124897677834,0.007156676783175551,0.15570594003520596,0.1015625,0.1187498706403705,0.150390625,1.5B,16384
26,11,needle_16384_d50,needle,16384,9.704060527839234,18.50978427140151,20.332132579455177,1.5772252754876737,25.16060391919014,28.163071832728402,10.002684506651663,74.02921481412655,0.21407589825855866,-60.88484488846734,2.6394838108681142,0.2527138605801152,0.932526769784301,0.0392156862745098,0.5459820761022771,4.287200287344194,0.9225684160896542,0.5753777447216822,0.5969893396792293,0.6235117074671319,0.0798373474096934,0.04185579291178998,0.5490082263698847,0.016158610056766876,0.39772550971325243,0.31333129360978146,0.213047580015025,0.14448983611153923,0.1058462193522546,0.057426869830235816,0.312056533343268,0.1015625,0.2602178258954878,0.150390625,1.5B,16384
27,0,needle_16384_d50,needle,16384,9.704060527839234,19.582531525213824,18.53261740377091,1.8062163761415277,25.249626638465912,27.05535440805368,9.453115677692486,61.25769159329167,0.18730946099213844,24.658685156842694,3.2224464050959796,0.46980872626278103,0.8946003646395203,0.0392156862745098,0.37591315350618587,7.441753208465739,0.8746274155576285,0.10931655217654598,0.1539193058034815,0.22036341980337137,0.006152934120408737,0.02522139064534379,0.040195114518765784,0.04053384425289425,0.14873546406261215,0.10882191245900699,0.07279327251848865,0.06209694723935564,0.055409447339803894,0.03487113403543237,0.07977973943880955,0.1015625,0.06432619612263499,0.150390625,1.5B,16384
27,1,needle_16384_d50,needle,16384,9.704060527839234,17.69657556602816,18.53261740377091,1.8062163761415277,25.249626638465912,27.05535440805368,9.453115677692486,61.25769159329167,0.18730946099213844,35.06258075730875,3.7527311709709466,0.11672364982984251,0.9762525554447684,0.0392156862745098,0.43058949159239746,7.698326211702103,0.8457793051812189,0.09721762495074106,0.1363301036796793,0.19235586216328598,0.00011938094840768798,0.02068445099054017,0.034699985825738855,0.03806690670032589,0.18016550004223902,0.140369061978043,0.11194572445112885,0.08767325281922457,0.07428529090431484,0.04928286659705273,0.08825924520261616,0.1015625,0.07104358329342916,0.150390625,1.5B,16384
27,2,needle_16384_d50,needle,16384,9.704060527839234,16.078424024627978,18.53261740377091,1.8062163761415277,25.249626638465912,27.05535440805368,9.453115677692486,61.25769159329167,0.18730946099213844,25.28173112636432,8.264712590549607,0.003634065489068266,0.9996303024053391,0.0392156862745098,0.4380354350010362,7.041448005975098,0.8850431377239655,0.1969025898973568,0.24493026543416227,0.3060296381793136,0.022863287642049812,0.09795491308030613,0.06499438359662171,0.042923335805060844,0.3415078101182372,0.2465691662580859,0.16553311096554493,0.11958819629597889,0.08324532660721465,0.03698816736124958,0.1973438818982203,0.1015625,0.15510819868502446,0.150390625,1.5B,16384
27,3,needle_16384_d50,needle,16384,9.704060527839234,18.169859852336945,18.53261740377091,1.8062163761415277,25.249626638465912,27.05535440805368,9.453115677692486,61.25769159329167,0.18730946099213844,30.193479579640552,0.8511285476852208,0.7106482359343274,0.6870167439510896,0.0392156862745098,0.41894787566653635,7.329655172026519,0.8808118300675395,0.12721159258423687,0.17750803416459654,0.24420946205258223,0.056772194802523046,0.016977093023332834,0.041556424861750804,0.050290385162562345,0.2079746335930448,0.18293221825416559,0.16752801843290996,0.12507100006832683,0.08783407726563244,0.040780343196908195,0.06797709363295754,0.1015625,0.05314372260472511,0.150390625,1.5B,16384
27,4,needle_16384_d50,needle,16384,9.704060527839234,17.1499663416585,18.53261740377091,1.8062163761415277,25.249626638465912,27.05535440805368,9.453115677692486,61.25769159329167,0.18730946099213844,32.352171093109064,6.265980496420525,0.02136495478976684,0.9972168200470003,0.0392156862745098,0.45275319335746333,7.3735200768269245,0.8708094122255927,0.13923304047138998,0.18396988677455478,0.2479804179887195,0.11806935922559969,0.011554179197625025,0.04617931206673596,0.0500568557712666,0.20143566248378927,0.15783448527226182,0.1258900476885143,0.09712971222876705,0.06945524623681593,0.04070916820706547,0.11100322604404048,0.1015625,0.08751442068225905,0.150390625,1.5B,16384
27,5,needle_16384_d50,needle,16384,9.704060527839234,20.873935866501252,18.53261740377091,1.8062163761415277,25.249626638465912,27.05535440805368,9.453115677692486,61.25769159329167,0.18730946099213844,33.86492432560772,5.41039121709764,0.04720385731618595,0.9932498473686108,0.0392156862745098,0.40673497394147606,7.082606023705662,0.9095330598253208,0.13197367956438033,0.19864146112990766,0.27382076970019636,0.0021562959900904843,0.054538633102399814,0.0408603839391183,0.030986181884103937,0.1539264746218606,0.14928697232100632,0.13684814379120452,0.09139954974775946,0.055657481166701425,0.021343936897565582,0.07947034886583985,0.1015625,0.07366313045259608,0.150390625,1.5B,16384
27,6,needle_16384_d50,needle,16384,9.704060527839234,16.10037928587618,19.923721417385238,1.555989664509273,25.302492570034534,29.752273730123953,11.160782175723748,65.04974090705915,0.16271257139905373,58.955673940479755,1.3801389941945672,0.7930561858181115,0.716412767765255,0.0392156862745098,0.48737080933749316,7.507867709446942,0.8784441258760617,0.09463021111145918,0.13992754343215366,0.20676637860186003,0.03258079937780067,0.015020715340797963,0.028509762288378322,0.03379556937963425,0.2171990488262874,0.18170897783534848,0.1829394154890689,0.14945845531086915,0.10520526669263862,0.04941207154177145,0.10317784121378909,0.1015625,0.08258990767651077,0.150390625,1.5B,16384
27,7,needle_16384_d50,needle,16384,9.704060527839234,17.112578814069376,19.923721417385238,1.555989664509273,25.302492570034534,29.752273730123953,11.160782175723748,65.04974090705915,0.16271257139905373,34.66894495720044,1.3910752632655203,0.5736297489046368,0.7902050397363851,0.0392156862745098,0.3598425594312902,6.7327633261275555,0.9172960331004291,0.1808194774891558,0.265138100622456,0.356674013275797,0.04687066729199518,0.04696461261732576,0.013961007357909028,0.027501096599985682,0.3378860027801772,0.3046105067316682,0.21057146470533267,0.12134840295137324,0.08020335687242189,0.036845524229938524,0.04883942633010124,0.1015625,0.03975128802389981,0.150390625,1.5B,16384
27,8,needle_16384_d50,needle,16384,9.704060527839234,17.234009554698524,19.923721417385238,1.555989664509273,25.302492570034534,29.752273730123953,11.160782175723748,65.04974090705915,0.16271257139905373,70.62680248171091,4.519414332695305,0.08136171311654065,0.9862579530135711,0.0392156862745098,0.4606082872471866,7.545845997803835,0.8699519617694909,0.1053467928958356,0.14654289552801872,0.2027365880570282,0.05775808334617771,0.027055389684871756,0.019256347125534323,0.02685843722806014,0.33496909003088987,0.2912336094134444,0.2573235117184239,0.17582701171132123,0.11428823575389523,0.04908663859497975,0.09066535306700968,0.1015625,0.07183075208749208,0.150390625,1.5B,16384
27,9,needle_16384_d50,needle,16384,9.704060527839234,20.21788641546081,19.923721417385238,1.555989664509273,25.302492570034534,29.752273730123953,11.160782175723748,65.04974090705915,0.16271257139905373,58.66641619801521,21.514946430921555,2.483131045068909e-08,0.999999999545669,0.0392156862745098,0.2903340846236281,5.445052211772282,0.9596194892116386,0.41314617272425785,0.4849586844276835,0.5635901727120545,0.0030541503039174245,0.036329150423541456,0.03101749175436781,0.49419853290270266,0.10170834670510664,0.07683572199191015,0.0496939691359776,0.035296036684438835,0.02433465934977314,0.011899661355579771,0.08995286587370317,0.1015625,0.06906464287186527,0.150390625,1.5B,16384
27,10,needle_16384_d50,needle,16384,9.704060527839234,29.850040169350194,19.923721417385238,1.555989664509273,25.302492570034534,29.752273730123953,11.160782175723748,65.04974090705915,0.16271257139905373,64.5991714131087,20.79439161159098,3.49207067649849e-08,0.9999999990676551,0.0392156862745098,0.2604806086718821,0.8607156689617554,0.9952356754694662,0.936668147365767,0.945776191862268,0.9541211938417453,0.10318189147564194,0.047708820594906776,2.5298644727417166e-05,0.950139038429636,0.023869214966168856,0.017755539376736358,0.010351866369580496,0.005706969468627314,0.0035781550595304613,0.001622139315423164,0.016999401789384798,0.1015625,0.013346213426514356,0.150390625,1.5B,16384
27,11,needle_16384_d50,needle,16384,9.704060527839234,15.44459875608622,19.923721417385238,1.555989664509273,25.302492570034534,29.752273730123953,11.160782175723748,65.04974090705915,0.16271257139905373,46.27542614587583,2.3479341154452413,0.30243002374244143,0.9121012035169302,0.0392156862745098,0.48589093669104355,7.14877439674486,0.8889882141442491,0.16665041295649205,0.22238331381502205,0.2915638980222641,0.018114130702459263,0.010491435875710664,0.05431101295725817,0.0318879565377684,0.35128198882382455,0.2924466101105766,0.21619094676079254,0.1466734239378139,0.10562524144089226,0.05828051615042696,0.18266500817784231,0.1015625,0.14692242354720977,0.150390625,1.5B,16384
0,0,lenshift_16384,lenshift,9649,9.174609562020384,20.02230957774823,821.2856158184876,1.3472293526928802,825.3562003311262,4.708376514560779,1.2025113835872714,6.690606725864675,0.04392538606797465,6200.907355750308,15.279491873786355,3.776662321487992e-06,0.9999997685867843,0.06666666666666667,0.37839904707212674,6.8601525253355655,0.8650620045556022,0.17739969799565955,0.2218722431389419,0.2801631142168102,0.1646200058261229,0.03209581559201524,0.00014201212295358572,0.2583253397581497,0.15696293546867543,0.1746613293392087,0.13799631737128165,0.08830366142316588,0.062361444737427774,0.03434562933180955,0.2378155393742393,0.10125401596020313,0.17997803928276987,0.15100010363768265,1.5B,16384
0,1,lenshift_16384,lenshift,9649,9.174609562020384,212.53247556822424,821.2856158184876,1.3472293526928802,825.3562003311262,4.708376514560779,1.2025113835872714,6.690606725864675,0.04392538606797465,152144.16053290665,1.610789450671291,0.4510499505568228,0.833456146926866,0.06666666666666667,0.8732517009776467,1.3073586353598516,0.9996855903335308,0.9789928027065103,0.9950846655420434,0.9992338539942103,0.7078324024041649,0.20282002324529458,1.5086221403543305e-25,0.0010885830397238346,4.249164897655857e-08,1.1507274130122034e-10,1.226983910378755e-15,4.3088651064393175e-16,3.4224455822671906e-16,5.189918295779658e-16,6.861985515849233e-11,0.10125401596020313,1.0143008720395723e-11,0.15100010363768265,1.5B,16384
0,2,lenshift_16384,lenshift,9649,9.174609562020384,11.564904280657908,821.2856158184876,1.3472293526928802,825.3562003311262,4.708376514560779,1.2025113835872714,6.690606725864675,0.04392538606797465,1091.278426549014,25.981798803981746,8.755686626103584e-09,0.9999999999937932,0.06666666666666667,0.11800435360325756,5.114687934045486,0.928381397890284,0.464160746607207,0.5826007645670364,0.6633483786754442,0.2051623870344912,0.015625901938577158,0.0018623837291482834,0.640654275973252,0.08830644969012999,0.07471420244876176,0.05307043574001172,0.03813801001395483,0.028823452014652844,0.01867839962524712,0.04127194214541072,0.10125401596020313,0.030851350568576293,0.15100010363768265,1.5B,16384
0,3,lenshift_16384,lenshift,9649,9.174609562020384,223.72701083950705,821.2856158184876,1.3472293526928802,825.3562003311262,4.708376514560779,1.2025113835872714,6.690606725864675,0.04392538606797465,129792.16633591933,91.6369136361609,8.617937134092186e-09,0.9999999999989999,0.06666666666666667,0.7116151620637152,2.76232091667195e-07,0.9998963623173386,0.999999999999,0.999999999999,0.999999999999,1.0755059776984126,0.15871053297632898,2.534463475616826e-48,0.9999999999989999,4.149942453034475e-17,4.149942453034475e-17,4.149942453034475e-17,4.149942453034475e-17,4.149942453034475e-17,4.149942453034475e-17,0.0,0.10125401596020313,0.0,0.15100010363768265,1.5B,16384
0,4,lenshift_16384,lenshift,9649,9.174609562020384,12.350083670526976,821.2856158184876,1.3472293526928802,825.3562003311262,4.708376514560779,1.2025113835872714,6.690606725864675,0.04392538606797465,2423.669937134666,9.995726994184224,0.0005038392335624983,0.9999542584275254,0.06666666666666667,0.24364567141002022,6.337274434486395,0.839307056680329,0.3160796448926505,0.34619195616571147,0.3837296113980293,0.0074073929195037636,0.028705291290123114,0.00035023966756828176,0.3847182995570533,0.2924717409566549,0.22096938111550962,0.13722546867000415,0.0830917771316783,0.06045305099678487,0.035818825971850994,0.14943748572750093,0.10125401596020313,0.10951101509990452,0.15100010363768265,1.5B,16384
0,5,lenshift_16384,lenshift,9649,9.174609562020384,14.693460528812633,821.2856158184876,1.3472293526928802,825.3562003311262,4.708376514560779,1.2025113835872714,6.690606725864675,0.04392538606797465,2600.354315518456,37.17689394118133,8.617939260142038e-09,0.9999999999989999,0.06666666666666667,0.2184476880455421,3.609717680685722,0.988369971933844,0.6470149493562504,0.7595319776344156,0.8439590007057496,0.058478225473265866,0.06084988659085866,0.00011164239307664133,0.8424860769967927,0.04182109883828016,0.02645856766277547,0.011798825983469749,0.0053025364305107035,0.0030019471166908554,0.0011120647418893484,0.013657057627824234,0.10125401596020313,0.007748376873388194,0.15100010363768265,1.5B,16384
0,6,lenshift_16384,lenshift,9649,9.174609562020384,43.47139606128364,736.1124253932892,0.7454137710628778,738.5876588664664,4.122144916020186,0.4271874714205114,5.5174707695973595,0.13214271727102753,16977.425881094794,11.298797905008541,0.00020783756319784743,0.9999835724163517,0.06666666666666667,0.5389079142498964,0.002045816098680531,0.9998962067018472,0.9999820281295062,0.9999938325825719,0.9999975756926757,0.11493003047007733,0.24414698911164123,9.834386482338067e-22,0.9998736406143677,3.1011624581497604e-07,6.000350866887656e-08,2.782270397360533e-09,1.4747970598889822e-10,1.801729321231438e-11,5.934311933505844e-13,2.160629285858716e-05,0.10125401596020313,2.1188747062203424e-05,0.15100010363768265,1.5B,16384
0,7,lenshift_16384,lenshift,9649,9.174609562020384,6.004263298273837,736.1124253932892,0.7454137710628778,738.5876588664664,4.122144916020186,0.4271874714205114,5.5174707695973595,0.13214271727102753,641.0311877657387,0.8756183893146954,0.6563919518882546,0.7002416498332433,0.06666666666666667,0.15205606298870697,8.378933079622291,0.6090213608096626,0.03991674539716522,0.056744002222626905,0.08292193114066763,0.010850732490908399,0.02258432555429124,6.29486783178594e-05,0.09246532434190773,0.5480908946699221,0.3584972284690965,0.2315235018822629,0.1602119851607838,0.13395994226977945,0.09710897838707444,0.09930450124868416,0.10125401596020313,0.07107489261684471,0.15100010363768265,1.5B,16384
0,8,lenshift_16384,lenshift,9649,9.174609562020384,15.108322679070692,736.1124253932892,0.7454137710628778,738.5876588664664,4.122144916020186,0.4271874714205114,5.5174707695973595,0.13214271727102753,839.7662164836245,32.160078578354614,8.618290977305067e-09,0.999999999998987,0.06666666666666667,0.08536487903216747,1.7620216536184892,0.9946074944039345,0.90596112922709,0.9170716814543116,0.9304140338640139,0.0014533919240449222,0.014953380481955492,6.818946303981978e-07,0.9029461589849341,0.05296228462616916,0.036619500087209884,0.017332793752680323,0.006858844833189584,0.0031116535987500897,0.0006840018198741186,0.057998867606130496,0.10125401596020313,0.04424669702284243,0.15100010363768265,1.5B,16384
0,9,lenshift_16384,lenshift,9649,9.174609562020384,14.589496204980897,736.1124253932892,0.7454137710628778,738.5876588664664,4.122144916020186,0.4271874714205114,5.5174707695973595,0.13214271727102753,1049.1604214135339,32.51840283831257,8.618145483542704e-09,0.9999999999989924,0.06666666666666667,0.1023885302859567,1.4939455280956138,0.998224448370948,0.925347640625668,0.9615613631304949,0.97879704951064,0.06922600901832254,0.16650864825474798,4.362619362005783e-09,0.9767837610022608,0.011914291474364506,0.008158397521313343,0.004293566689818812,0.002126666262536125,0.0012406167660124932,0.0005009435446459292,0.0063939644008910055,0.10125401596020313,0.005180356021283835,0.15100010363768265,1.5B,16384
0,10,lenshift_16384,lenshift,9649,9.174609562020384,47.87773968350014,736.1124253932892,0.7454137710628778,738.5876588664664,4.122144916020186,0.4271874714205114,5.5174707695973595,0.13214271727102753,28407.180531649028,29.26453590962774,8.623314188364866e-09,0.9999999999988047,0.06666666666666667,0.8114949297402202,0.00018473589033908224,0.9998963340897198,0.9999967549139633,0.9999983373289093,0.9999992045582754,0.02743456380767384,0.000759486210426985,4.655251841653548e-17,0.9999924519763251,2.442945999385061e-07,8.238433317752361e-08,1.4257472041585451e-08,2.7883387992043837e-09,8.037692755033574e-10,1.169756495124776e-10,3.6445603480674285e-07,0.10125401596020313,3.314911940646153e-07,0.15100010363768265,1.5B,16384
0,11,lenshift_16384,lenshift,9649,9.174609562020384,10.163141379851663,736.1124253932892,0.7454137710628778,738.5876588664664,4.122144916020186,0.4271874714205114,5.5174707695973595,0.13214271727102753,437.4819156553816,31.672504813246064,8.618422688038054e-09,0.9999999999989824,0.06666666666666667,0.06091412720844196,3.735277757690779,0.9834036148368588,0.6388486381694861,0.7800230969539894,0.8548501816213264,0.12023949024798952,0.5911668384691282,8.532044739486966e-09,0.8806695886770248,0.10170244094503815,0.07428059510069479,0.045520857616495075,0.025705626010318554,0.016025471812300192,0.006966634865843152,0.04025900513985552,0.10125401596020313,0.02480273861129605,0.15100010363768265,1.5B,16384
1,0,lenshift_16384,lenshift,9649,9.174609562020384,12.31018395231635,153.53298387956383,0.4250703521123272,155.50157563198582,4.713584005481615,0.3233571689148454,5.701087329361573,0.02777282236160363,366.5863421857357,78.05734645947814,8.617937134092186e-09,0.9999999999989999,0.06666666666666667,0.21287263103218482,1.8557867772416905,0.9992227312114289,0.9431949383676088,0.9870312964018875,0.9920373927493611,0.5298965107225655,0.5423993206497606,1.839021625910323e-09,0.9893358749472576,0.0038515197021472903,0.0019350465840114737,0.0005303251169060359,0.00016024443951667287,6.126178399504499e-05,1.1827707124922431e-05,0.0007288404366127479,0.10125401596020313,0.00022819554370503403,0.15100010363768265,1.5B,16384
1,1,lenshift_16384,lenshift,9649,9.174609562020384,14.498408649529752,153.53298387956383,0.4250703521123272,155.50157563198582,4.713584005481615,0.3233571689148454,5.701087329361573,0.02777282236160363,256.3477691692464,74.19511653959529,8.617937134092186e-09,0.9999999999989999,0.06666666666666667,0.13755567186554776,1.798709851328411,0.9993658363233362,0.9809182843079011,0.9883494038257258,0.9930538628302327,1.0334558140588896,0.07972194407011557,1.1417881799688804e-08,0.9877641218626155,0.0017751184664595208,0.0008576575427378614,0.00022138587005070655,5.7398410120464236e-05,1.918496023295397e-05,3.3978021445738793e-06,0.0006118326778314541,0.10125401596020313,0.00023189268607756567,0.15100010363768265,1.5B,16384
1,2,lenshift_16384,lenshift,9649,9.174609562020384,12.607702601090093,153.53298387956383,0.4250703521123272,155.50157563198582,4.713584005481615,0.3233571689148454,5.701087329361573,0.02777282236160363,1019.7699363196598,19.964666825007043,5.342930093597764e-08,0.9999999978616974,0.06666666666666667,0.5364300274816691,3.2587843614932783,0.9954152407550809,0.7184551927229245,0.7823970888883941,0.8479782523952663,0.007839672071241921,0.058187759930035554,2.8436400062465226e-11,0.8891471609812629,0.04442190697020313,0.012188576271929047,0.002617168824854213,0.0012153262006179455,0.0005691417627077561,9.598357168267988e-05,0.0012587270704045158,0.10125401596020313,0.00060817899350391,0.15100010363768265,1.5B,16384
1,3,lenshift_16384,lenshift,9649,9.174609562020384,8.871656672104782,153.53298387956383,0.4250703521123272,155.50157563198582,4.713584005481615,0.3233571689148454,5.701087329361573,0.02777282236160363,351.7932967157924,38.71694202589629,8.617937764299583e-09,0.9999999999989999,0.06666666666666667,0.26681408352101277,3.3380582793919125,0.994800910158895,0.5964405332563694,0.8370799432354175,0.9435045678519047,0.08803897134758998,0.04772661710169146,1.5587044714325263e-07,0.9552196319739943,0.02446836950905954,0.01755985967236014,0.007879088507870115,0.003324149174829851,0.0015511262021106341,0.00041071632668129463,0.0036765934838068424,0.10125401596020313,0.0018203157495316786,0.15100010363768265,1.5B,16384
1,4,lenshift_16384,lenshift,9649,9.174609562020384,17.442204649999756,153.53298387956383,0.4250703521123272,155.50157563198582,4.713584005481615,0.3233571689148454,5.701087329361573,0.02777282236160363,617.4654441107721,55.69104553849479,8.617937134092202e-09,0.9999999999989999,0.06666666666666667,0.26612712906257724,0.9112040879224085,0.9997463253755071,0.9936834738942919,0.9963907127643208,0.9979008593374847,0.010426750999954493,0.057065821359387314,1.0290268158338274e-10,0.9943216212148098,0.00047967574944600584,0.0001768702374084154,2.8033905981348862e-05,4.3823049797370405e-06,1.0793602732734332e-06,1.19033887577413e-07,0.00021685861771452155,0.10125401596020313,4.7686299430991866e-05,0.15100010363768265,1.5B,16384
1,5,lenshift_16384,lenshift,9649,9.174609562020384,18.0714497408337,153.53298387956383,0.4250703521123272,155.50157563198582,4.713584005481615,0.3233571689148454,5.701087329361573,0.02777282236160363,1289.9859629729215,1.3018104964319264,0.9464702492607875,0.7234523424531226,0.03333333333333333,0.47429010778603414,8.685078323147215,0.5003425973807867,0.02441903507450998,0.03488272597789362,0.05128548125368744,0.001785129768677507,0.022425516229105824,0.00791255344893962,0.015864629127787445,0.6060164400984603,0.5563252481515762,0.496634846292951,0.4200917901123278,0.3589014902602513,0.25885239183343506,0.07209303169761422,0.10322313193077003,0.04940926476535351,0.15296921960824955,1.5B,16384
1,6,lenshift_16384,lenshift,9649,9.174609562020384,12.44305791027138,29.19760207812947,0.8258626813807167,33.097607588599985,3.3190770977689814,0.6052923589778856,4.712102344153298,0.15338793089959335,90.65728974342346,25.90708251670003,8.76604091044995e-09,0.9999999999933913,0.06666666666666667,0.347465041514769,4.888850834455978,0.9336716703734018,0.5038043600065177,0.5336127875514397,0.5757292869758321,0.0033297906931784027,0.03045796798542799,0.00019250889767916544,0.5562642960721947,0.3857021035194181,0.27279744691796626,0.15167429648502104,0.09705530344775141,0.06781774563695521,0.03999623432318451,0.2958477117414642,0.10125401596020313,0.24012299959259711,0.15100010363768265,1.5B,16384
1,7,lenshift_16384,lenshift,9649,9.174609562020384,13.183032425551234,29.19760207812947,0.8258626813807167,33.097607588599985,3.3190770977689814,0.6052923589778856,4.712102344153298,0.15338793089959335,135.66361887665357,25.599150517078897,8.84217127401785e-09,0.9999999999904792,0.06666666666666667,0.41861489178596584,6.589075888282812,0.8485835783952028,0.27993919192886707,0.32251162072810424,0.3597105769577412,0.019027995550365162,0.3754295015786102,0.0003386736438059877,0.33726876012109724,0.8726681170677921,0.6439593624972376,0.4100172510585677,0.2622255697380318,0.19377526765932476,0.12452444901635491,0.32678841691651017,0.10125401596020313,0.2353762588267238,0.15100010363768265,1.5B,16384
1,8,lenshift_16384,lenshift,9649,9.174609562020384,16.235849794013806,29.19760207812947,0.8258626813807167,33.097607588599985,3.3190770977689814,0.6052923589778856,4.712102344153298,0.15338793089959335,10.872727415140945,35.64698029271163,8.61795735362439e-09,0.9999999999989992,0.06666666666666667,0.097672184574223,6.347546212558929,0.8616608272602913,0.34745637704006954,0.38227152579984514,0.4180083255889025,0.47363474586564736,0.06159146565878909,0.0009292749158539889,0.3932687890916321,0.8115703979367295,0.601465973863501,0.37294445021587397,0.23906660399780927,0.17964350284188935,0.11001889684596403,0.541657950840232,0.10125401596020313,0.43678584394589126,0.15100010363768265,1.5B,16384
1,9,lenshift_16384,lenshift,9649,9.174609562020384,12.371554617552732,29.19760207812947,0.8258626813807167,33.097607588599985,3.3190770977689814,0.6052923589778856,4.712102344153298,0.15338793089959335,106.5764548077303,45.712875368731005,8.617937134469263e-09,0.9999999999989999,0.06666666666666667,0.3814754034034469,3.589785114501214,0.9549800819506242,0.7744966163418846,0.8110008853958006,0.8276961953350039,0.3359822851553851,0.33953484301636827,3.1871300708993405e-05,0.8297254347608167,0.18841816408175346,0.16312104091170204,0.11944610380746226,0.08198911878561328,0.05956529515612981,0.03378863434804535,0.10938934896508484,0.10125401596020313,0.08468918335881151,0.15100010363768265,1.5B,16384
1,10,lenshift_16384,lenshift,9649,9.174609562020384,13.408906631184342,29.19760207812947,0.8258626813807167,33.097607588599985,3.3190770977689814,0.6052923589778856,4.712102344153298,0.15338793089959335,110.7492708388497,43.37433244770065,8.617937137968242e-09,0.9999999999989999,0.06666666666666667,0.380637636461894,2.89281153854244,0.9801949319508518,0.8450523259463258,0.8790028336716604,0.8949061188372637,0.08818589526149623,0.07444203976976027,1.5582996839310948e-06,0.8944941304187373,0.1005243592705784,0.08348117134772261,0.05655594953160829,0.03575783194459343,0.02446697585659888,0.012349255119420767,0.06235319530362833,0.10125401596020313,0.04789406358175956,0.15100010363768265,1.5B,16384
1,11,lenshift_16384,lenshift,9649,9.174609562020384,14.097255675199694,29.19760207812947,0.8258626813807167,33.097607588599985,3.3190770977689814,0.6052923589778856,4.712102344153298,0.15338793089959335,118.5558480322361,45.03125028125942,8.61793713483106e-09,0.9999999999989999,0.06666666666666667,0.3204992409623224,4.041049001132754,0.9773026573638438,0.5978723075229723,0.7432915757747718,0.8069227978588395,0.09459277468089411,0.11241228310719542,1.2859225125413203e-06,0.8125548278608247,0.13821920417996453,0.09638058272429709,0.05962857888112875,0.03619316593114671,0.024631046652326523,0.013330310612706594,0.05816831958656821,0.10125401596020313,0.0442877006641622,0.15100010363768265,1.5B,16384
2,0,lenshift_16384,lenshift,9649,9.174609562020384,20.605592214928585,24.359873587999463,1.7720721746814945,28.00159174788447,6.9171379314821975,0.8465862584109893,9.512933902795153,0.05243697609393362,-13.606133462751622,67.7836037833408,8.617937134092186e-09,0.9999999999989999,0.06666666666666667,0.2866821967884629,1.7869590968819944,0.9984068750683117,0.9415227050700308,0.9813506647172,0.9899880643130723,0.7538233174535383,0.09736143276971232,0.06105517999234533,0.9280787006770231,0.007677140034399038,0.0056588137406232775,0.003260416845215592,0.0017692553343818193,0.0011001729674529354,0.000501148167823298,0.003111849121925207,0.10125401596020313,0.002248702085112962,0.15100010363768265,1.5B,16384
2,1,lenshift_16384,lenshift,9649,9.174609562020384,21.845854820505796,24.359873587999463,1.7720721746814945,28.00159174788447,6.9171379314821975,0.8465862584109893,9.512933902795153,0.05243697609393362,-28.585251913351172,59.114865141044206,8.617937134092186e-09,0.9999999999989999,0.06666666666666667,0.2752728288321139,2.108139473037462,0.9984659418614592,0.9440670809626279,0.9835705085612548,0.9902292968400646,0.11085413519117138,0.4970118220302906,0.18338150254336694,0.807713970944668,0.007417879675953036,0.00538029916934445,0.002978253050068024,0.0015674787892651762,0.0009380797305689876,0.00041585929455871106,0.0024945730133606207,0.10125401596020313,0.0016175067582861215,0.15100010363768265,1.5B,16384
2,2,lenshift_16384,lenshift,9649,9.174609562020384,16.257700931637366,24.359873587999463,1.7720721746814945,28.00159174788447,6.9171379314821975,0.8465862584109893,9.512933902795153,0.05243697609393362,-38.732213430544924,46.45798844893407,8.617937134269752e-09,0.9999999999989999,0.06666666666666667,0.2637421141094582,2.2426858160788274,0.9904062018391644,0.8474117368145738,0.9371550980070762,0.9598445832926851,0.04481640882214988,0.0873848944055462,0.5346339983798569,0.4157138907146325,0.05960193710714748,0.050590446645195325,0.03753874983646614,0.02774562762693585,0.021797984793654576,0.014091973684106328,0.03968863878438468,0.10125401596020313,0.03403823427808055,0.15100010363768265,1.5B,16384
2,3,lenshift_16384,lenshift,9649,9.174609562020384,22.225943736512512,24.359873587999463,1.7720721746814945,28.00159174788447,6.9171379314821975,0.8465862584109893,9.512933902795153,0.05243697609393362,-88.39871980863458,17.14999916623279,6.553417943234162e-07,0.9999999643661973,0.06666666666666667,0.06294362303839322,1.2271914242201643,0.9987622525505641,0.9836386933583604,0.9918291643938928,0.9935850841333204,0.9970174190040071,0.22837442667706842,0.8092038033857623,0.08955127407372884,0.01174668585165298,0.008905064195041093,0.006394069321858518,0.004323090706224757,0.003082784057148283,0.0016861517943285592,0.014588307103813357,0.10125401596020313,0.013210048723552253,0.15100010363768265,1.5B,16384
2,4,lenshift_16384,lenshift,9649,9.174609562020384,18.133670952974313,24.359873587999463,1.7720721746814945,28.00159174788447,6.9171379314821975,0.8465862584109893,9.512933902795153,0.05243697609393362,-33.17119534576642,54.34456043054951,8.617937134092275e-09,0.9999999999989999,0.06666666666666667,0.26988987837801565,2.758140348292286,0.9856655715770752,0.8544052130403756,0.9171211394147604,0.9285210095016292,0.25698786944755403,0.22926783449837806,0.3085494455454789,0.6210877173263969,0.08300131182339889,0.06811724365948396,0.0462138356348445,0.0299699088020337,0.02100730499195397,0.011726501726246097,0.044970065275247426,0.10125401596020313,0.03345105904405119,0.15100010363768265,1.5B,16384
2,5,lenshift_16384,lenshift,9649,9.174609562020384,20.62720566717695,24.359873587999463,1.7720721746814945,28.00159174788447,6.9171379314821975,0.8465862584109893,9.512933902795153,0.05243697609393362,-68.24768311837143,57.461691603489086,8.617937134092187e-09,0.9999999999989999,0.06666666666666667,0.18740958257363896,0.4050277502349111,0.9995633383182175,0.9844508155402623,0.9956107908500786,0.9980449195508282,0.12821138751971617,0.23452428407753523,0.9378048386637841,0.05953289848903524,0.00422278311345912,0.0033484210016948342,0.0022618914924608198,0.001495157763568507,0.0010711155419832813,0.0006130188849306668,0.0027089126124581263,0.10125401596020313,0.0022777767135181664,0.15100010363768265,1.5B,16384
2,6,lenshift_16384,lenshift,9649,9.174609562020384,13.47595926068029,35.1856574601375,0.9415224550267889,38.94316261655429,4.854481617266489,0.6892858693562706,7.97244619964708,0.1763169119679403,20.26384214793935,41.694184356533434,8.617937154960622e-09,0.9999999999989999,0.06666666666666667,0.1690976421391112,3.1240986740310905,0.9390074514410401,0.8071046763163648,0.8323952240500129,0.8426019190028692,0.0028528991022782613,0.09933170310718714,0.37361208631382,0.47045753025178544,0.18107094681824934,0.16506000065657805,0.13515843368071354,0.10560476389943124,0.08619741686235899,0.060677032788055696,0.13993763314974464,0.10125401596020313,0.1217446463567003,0.15100010363768265,1.5B,16384
2,7,lenshift_16384,lenshift,9649,9.174609562020384,15.59885672141867,35.1856574601375,0.9415224550267889,38.94316261655429,4.854481617266489,0.6892858693562706,7.97244619964708,0.1763169119679403,51.89308444892659,47.78456050267114,8.617937134141022e-09,0.9999999999989999,0.06666666666666667,0.21262923967334793,2.6084917347774,0.981389011810277,0.8979486952925726,0.9106814081057366,0.9182401654380961,0.9143395478604299,0.11095104660096622,0.2439003971050905,0.6687880805405881,0.07657174020076846,0.0640094854891562,0.04525187104577301,0.030510997332950145,0.02210722645940676,0.012701808175199789,0.047888156444569466,0.10322313193077003,0.037664565289061994,0.15296921960824955,1.5B,16384
2,8,lenshift_16384,lenshift,9649,9.174609562020384,16.986943063946626,35.1856574601375,0.9415224550267889,38.94316261655429,4.854481617266489,0.6892858693562706,7.97244619964708,0.1763169119679403,77.06711033512563,50.85086908717365,8.61793713410082e-09,0.9999999999989999,0.06666666666666667,0.26792627189536333,1.9116647187315796,0.9880460754851613,0.9164208791071058,0.9249709869032258,0.9329287114783835,0.8684479940061918,0.12357637214842754,0.4637536857241244,0.46326947302199967,0.060973788316931524,0.04951158489010189,0.03268823389235476,0.020517600344370248,0.01378139333663813,0.006952118226668493,0.03884757854251657,0.10125401596020313,0.030476096836148197,0.15100010363768265,1.5B,16384
2,9,lenshift_16384,lenshift,9649,9.174609562020384,13.781524346264849,35.1856574601375,0.9415224550267889,38.94316261655429,4.854481617266489,0.6892858693562706,7.97244619964708,0.1763169119679403,101.44735357209163,38.126544686938246,8.617938113630525e-09,0.9999999999989999,0.06666666666666667,0.3354985803406635,3.645513218205367,0.9251920962230432,0.7782348075277999,0.8013897024952894,0.8129479771017334,0.49000220843287146,0.046241504405780454,0.16496294222663474,0.6519074050751298,0.21662787125634456,0.195094964274982,0.15802637797505342,0.12183852476705954,0.09823628252898438,0.06607575601611036,0.14107439450349796,0.10125401596020313,0.11694690608287722,0.15100010363768265,1.5B,16384
2,10,lenshift_16384,lenshift,9649,9.174609562020384,15.205956719702545,35.1856574601375,0.9415224550267889,38.94316261655429,4.854481617266489,0.6892858693562706,7.97244619964708,0.1763169119679403,77.74099088942305,46.58544138928548,8.617937134248867e-09,0.9999999999989999,0.06666666666666667,0.2697730653247248,3.01733727579015,0.9667987148843403,0.8353295867462176,0.8573214288688705,0.8670049654414673,0.9748914825741215,0.061492697153481934,0.3742581471230954,0.4881333155593376,0.16672213635340635,0.13940091274080482,0.09726532157156861,0.0650334493458181,0.04693476864933409,0.027133351922057646,0.11185787450239934,0.10125401596020313,0.08584474751503673,0.15100010363768265,1.5B,16384
2,11,lenshift_16384,lenshift,9649,9.174609562020384,17.0192331739322,35.1856574601375,0.9415224550267889,38.94316261655429,4.854481617266489,0.6892858693562706,7.97244619964708,0.1763169119679403,74.67302081164192,63.887948257739055,8.617937134092186e-09,0.9999999999989999,0.06666666666666667,0.2065765249835009,2.4111400633329603,0.9915111601889772,0.934662732831981,0.9571093626105472,0.9612587078009,1.5846441645425982,0.38634465025911346,0.10490064084125218,0.855499066376275,0.03470274766137099,0.028905906354911692,0.02018766566177585,0.013337347545553515,0.00939081001848573,0.005130751162631787,0.023719824060441486,0.10125401596020313,0.018681478577555595,0.15100010363768265,1.5B,16384
3,0,lenshift_16384,lenshift,9649,9.174609562020384,22.629890525601564,25.12513696451587,1.1107680680936862,27.535860019910995,6.76908828680147,0.6823164091191276,8.51652112284639,0.11323548964177026,-56.608807602349444,70.35595100940041,8.617937134092186e-09,0.9999999999989999,0.06666666666666667,0.5696391961834376,1.1506424876372172,0.9991209381005316,0.9894920314500482,0.9939404816462626,0.9951831429311292,0.32910654838808284,0.17227530650855183,0.41986857622693985,0.5743917763730675,0.00452838591884346,0.0034946586400473453,0.002164021359426971,0.0012230500201512997,0.000770182617881652,0.00035689998546703457,0.0032751970077023523,0.10322313193077003,0.002590921064067292,0.15100010363768265,1.5B,16384
3,1,lenshift_16384,lenshift,9649,9.174609562020384,22.733436993456,25.12513696451587,1.1107680680936862,27.535860019910995,6.76908828680147,0.6823164091191276,8.51652112284639,0.11323548964177026,-52.94089638660938,73.70713582508921,8.617937134092186e-09,0.9999999999989999,0.06666666666666667,0.5051473712984375,1.3491720531910356,0.9991228045554355,0.9866807939038799,0.9930993116787962,0.994953631396381,0.5803761678715227,0.006692044996423618,0.4265255655688045,0.5675599768846618,0.0044820004563771625,0.003294929712500618,0.0019226411571756745,0.0010883508031340264,0.0007150141748195561,0.00034064504097394704,0.003906625119008333,0.10125401596020313,0.0029370640089124403,0.15100010363768265,1.5B,16384
3,2,lenshift_16384,lenshift,9649,9.174609562020384,24.636117969251554,25.12513696451587,1.1107680680936862,27.535860019910995,6.76908828680147,0.6823164091191276,8.51652112284639,0.11323548964177026,-83.85431244936497,50.33709146787571,8.617937134096275e-09,0.9999999999989999,0.06666666666666667,0.580445139767489,1.1442139582200694,0.999118796140527,0.9886202174397,0.9898876427475368,0.9914213924379368,0.14962987625572755,0.03401677905578637,0.5214103977991331,0.4677606196051369,0.008362045267140713,0.005536548698759385,0.0024674724545253436,0.0011020575636996861,0.0005819152240704385,0.00020425522290342584,0.009014015074964138,0.10125401596020313,0.00721141982462132,0.15100010363768265,1.5B,16384
3,3,lenshift_16384,lenshift,9649,9.174609562020384,24.704159290924704,25.12513696451587,1.1107680680936862,27.535860019910995,6.76908828680147,0.6823164091191276,8.51652112284639,0.11323548964177026,-69.0268373559503,57.79219632965567,8.617937134092187e-09,0.9999999999989999,0.03333333333333333,0.5230546242671321,1.0500220550541384,0.9982860335486766,0.9767028995718067,0.9803988172584757,0.983417641437268,0.6077784076803932,0.04353729411669338,0.7700831944330868,0.20648393592275627,0.03474504885603579,0.024793529396747872,0.012834825027345122,0.006221871286690975,0.0035995380348565384,0.0015139212643242778,0.050623800589346415,0.10322313193077003,0.030251414037388825,0.15296921960824955,1.5B,16384
3,4,lenshift_16384,lenshift,9649,9.174609562020384,21.011247137776323,25.12513696451587,1.1107680680936862,27.535860019910995,6.76908828680147,0.6823164091191276,8.51652112284639,0.11323548964177026,-51.99147641308169,46.944467915002896,8.617937134204909e-09,0.9999999999989999,0.06666666666666667,0.5617221803916733,1.2016739157492884,0.9972796848417755,0.9489157105148582,0.9668099645236654,0.9759832956767369,0.4099439351458187,0.17669897650798294,0.7790270396571443,0.19605666104428038,0.049824867202046354,0.03514900281168606,0.01969264513403405,0.011161990019789033,0.007426065597887909,0.003768137023843981,0.017460462787124213,0.10125401596020313,0.01209745360658808,0.15100010363768265,1.5B,16384
3,5,lenshift_16384,lenshift,9649,9.174609562020384,22.73970588765224,25.12513696451587,1.1107680680936862,27.535860019910995,6.76908828680147,0.6823164091191276,8.51652112284639,0.11323548964177026,-73.48049786160973,56.16331339315238,8.617937134092199e-09,0.9999999999989999,0.03333333333333333,0.5413219920496403,0.8356566421162874,0.9984866537322777,0.9823489929715888,0.9850783532817999,0.9873443119049835,0.2265355491398262,0.09219443987651932,0.8058519648446204,0.1787950329137839,0.02864309105856787,0.021109662665502293,0.0118156325005207,0.006135209799707461,0.0036941758258740953,0.0015758106162328852,0.02412094015552223,0.10125401596020313,0.01758168242383649,0.15100010363768265,1.5B,16384
3,6,lenshift_16384,lenshift,9649,9.174609562020384,14.952359715074559,25.599555067829915,2.0198192694535355,30.933294361051587,6.2615565730409415,1.116196566719222,9.40681465646612,0.0973321118870354,21.996753704898502,52.048358208664204,8.617937134093119e-09,0.9999999999989999,0.06666666666666667,0.44601101135518184,2.5944292875734978,0.9850610783258738,0.8553380674650604,0.9190523956438128,0.9373334446498058,0.0663053799304898,0.44276277992400875,0.22228015896603925,0.716561851507001,0.07106647782965422,0.05896919571212112,0.04217566269794515,0.028857871584786456,0.021571359147780706,0.01312595586364046,0.04714021559806226,0.10125401596020313,0.03927234023646908,0.15100010363768265,1.5B,16384
3,7,lenshift_16384,lenshift,9649,9.174609562020384,13.7857852337213,25.599555067829915,2.0198192694535355,30.933294361051587,6.2615565730409415,1.116196566719222,9.40681465646612,0.0973321118870354,14.22733245176427,54.11459909729241,8.61793713409227e-09,0.9999999999989999,0.06666666666666667,0.4296076670390495,2.6242448567054883,0.9924009286282351,0.7474377100379205,0.9300220243594672,0.9601386314084971,0.019837731340668352,0.08825358310020487,0.4189166731228122,0.5302007733966272,0.05280763751645723,0.04013427961100334,0.027980659980790707,0.01962454751770938,0.014862102172623388,0.009199094284005869,0.027891157106793914,0.10125401596020313,0.02437289929359011,0.15100010363768265,1.5B,16384
3,8,lenshift_16384,lenshift,9649,9.174609562020384,21.101999288908747,25.599555067829915,2.0198192694535355,30.933294361051587,6.2615565730409415,1.116196566719222,9.40681465646612,0.0973321118870354,27.467528458903814,75.88780815356671,8.617937134092186e-09,0.9999999999989999,0.06666666666666667,0.461044777787883,1.276470628862254,0.9994904934936579,0.9339198160560931,0.99247908779724,0.9981070569350246,0.1711517768943729,0.19154149497327633,0.7303171869500192,0.266117521198291,0.002165848309185694,0.0012535144637554323,0.0006978527001161243,0.0004117016205701238,0.0002785689743931103,0.00014820316833096174,0.0007432913446435494,0.10125401596020313,0.000625332057570838,0.15100010363768265,1.5B,16384
3,9,lenshift_16384,lenshift,9649,9.174609562020384,15.44606676898599,25.599555067829915,2.0198192694535355,30.933294361051587,6.2615565730409415,1.116196566719222,9.40681465646612,0.0973321118870354,28.811374899219064,50.07305269040893,8.61793713409696e-09,0.9999999999989999,0.06666666666666667,0.46636570680219563,1.8846479348510856,0.9992732945353805,0.962291960826646,0.9921188579590452,0.9976533270083715,0.5642673815870349,0.21273284611085685,0.05786357867865851,0.8919665011328738,0.0011103165413396134,0.0008636567663264036,0.0005492150264530067,0.0003330163066895736,0.00023154092665736303,0.0001339588034028205,0.0007735630480491651,0.10125401596020313,0.00065260204347548,0.15100010363768265,1.5B,16384
3,10,lenshift_16384,lenshift,9649,9.174609562020384,23.1056379968244,25.599555067829915,2.0198192694535355,30.933294361051587,6.2615565730409415,1.116196566719222,9.40681465646612,0.0973321118870354,27.233741486773773,87.39342536623863,8.617937134092186e-09,0.9999999999989999,0.06666666666666667,0.30909340441441324,2.160536240210186,0.9991908784922353,0.8779600481131714,0.9794626747457907,0.9975543883709117,0.03402961836878715,0.04944883216225504,0.2918715879378759,0.7045747905143978,0.0013153972699641062,0.0007652382779933567,0.0003910636516680644,0.00020919921882429956,0.0001256482697345427,5.530741090079644e-05,0.0005470700822525257,0.10125401596020313,0.00040359188000163864,0.15100010363768265,1.5B,16384
3,11,lenshift_16384,lenshift,9649,9.174609562020384,16.317034750594857,25.599555067829915,2.0198192694535355,30.933294361051587,6.2615565730409415,1.116196566719222,9.40681465646612,0.0973321118870354,3.546422062551283,34.90636226935793,8.617956239408273e-09,0.9999999999989992,0.06666666666666667,0.3273341737137192,2.2439726626681633,0.9986860543729782,0.8253392811735759,0.9459897666472743,0.9901733831016565,0.3136315980216374,0.045204686664056415,0.4677342597282057,0.42386877121561206,0.004033596807471056,0.0031271584173163257,0.0020883800385146463,0.001321471918841483,0.0009056168646198662,0.00047770462527581736,0.002705915878100681,0.10125401596020313,0.002338960145916718,0.15100010363768265,1.5B,16384
4,0,lenshift_16384,lenshift,9649,9.174609562020384,16.054522416502827,25.695369748193702,2.2728972516145856,30.634728295665564,6.367137936310925,1.5519897386001922,10.969393169261314,0.14947018417369629,-50.0859746582368,17.768715172488164,3.68836841565356e-07,0.9999999808059034,0.06666666666666667,0.23115913101242835,1.972905528993751,0.9938124125243325,0.8623248234576484,0.9305829314432996,0.9634829924434091,0.14382730065518423,0.03830476287406537,0.6271541842978228,0.23096056852617483,0.045556986267786925,0.037024943266442865,0.027646017814442706,0.019406252571851683,0.014573263629712818,0.008945365605495114,0.02882262683014388,0.10125401596020313,0.02533275824077633,0.15100010363768265,1.5B,16384
4,1,lenshift_16384,lenshift,9649,9.174609562020384,19.45476138421293,25.695369748193702,2.2728972516145856,30.634728295665564,6.367137936310925,1.5519897386001922,10.969393169261314,0.14947018417369629,-49.79209509667228,40.409561071319764,8.617937209327995e-09,0.9999999999989999,0.06666666666666667,0.2784291065085863,1.1030731705078933,0.9976691670744634,0.9421942938795366,0.9697238087587775,0.9837669591125326,0.18498559483425492,0.0571409849953497,0.8084012511529924,0.1659279703600186,0.02487581017548432,0.01773604584683969,0.011686735265928625,0.007702324762436195,0.005635839386496793,0.00334760613747144,0.0117283699924661,0.10125401596020313,0.009763044775322567,0.15100010363768265,1.5B,16384
4,2,lenshift_16384,lenshift,9649,9.174609562020384,24.131115419950653,25.695369748193702,2.2728972516145856,30.634728295665564,6.367137936310925,1.5519897386001922,10.969393169261314,0.14947018417369629,-72.35771123801962,42.271896523142715,8.617937145857541e-09,0.9999999999989999,0.06666666666666667,0.3038844809161044,0.32043234730655523,0.9996713511105474,0.9913359023751704,0.9951450834532088,0.9970615957780046,0.095250802889983,0.043680530181357646,0.946696954952223,0.04843309701537205,0.0038108874557982847,0.002363594728725957,0.0011368387345846876,0.0005934404740173902,0.0003699333350252694,0.00016631521837912172,0.0012570032807262452,0.10322313193077003,0.0009416453841121909,0.15100010363768265,1.5B,16384
4,3,lenshift_16384,lenshift,9649,9.174609562020384,17.884834000307933,25.695369748193702,2.2728972516145856,30.634728295665564,6.367137936310925,1.5519897386001922,10.969393169261314,0.14947018417369629,-40.50602892917746,26.5898124267936,8.693889143383751e-09,0.9999999999961673,0.06666666666666667,0.2720658047725572,2.234799465195917,0.9958164230273933,0.8288159150275893,0.9088241124466852,0.9540058154249246,0.15604553506123464,0.00612552813216416,0.5094299125945972,0.37694085917523346,0.045758250730816956,0.03084646384429668,0.018364681654854376,0.010207946125560191,0.006815124348488047,0.003562498394010625,0.0263236337953528,0.10125401596020313,0.023531926306518496,0.15100010363768265,1.5B,16384
4,4,lenshift_16384,lenshift,9649,9.174609562020384,20.19154586050011,25.695369748193702,2.2728972516145856,30.634728295665564,6.367137936310925,1.5519897386001922,10.969393169261314,0.14947018417369629,-59.309355455286365,27.559760456894494,8.647170343139197e-09,0.9999999999979261,0.06666666666666667,0.2526219056915184,1.215620443395659,0.9994786656810289,0.9703539783779979,0.9867917993331885,0.9953260375796034,0.4337547023816395,0.06170692695028457,0.6926979576833252,0.28966987215426965,0.001909987158960068,0.0013897138416021824,0.0009206445958093071,0.0005905848026200865,0.00040414267068658214,0.0002164022765379733,0.0012663862051000856,0.10125401596020313,0.0010803650203093395,0.15100010363768265,1.5B,16384
4,5,lenshift_16384,lenshift,9649,9.174609562020384,18.231473899515258,25.695369748193702,2.2728972516145856,30.634728295665564,6.367137936310925,1.5519897386001922,10.969393169261314,0.14947018417369629,-54.64008624413434,34.16778747320025,8.61797728015236e-09,0.9999999999989984,0.06666666666666667,0.44679587329480613,1.2508156615649797,0.9977195962744164,0.969519929742549,0.981757440978394,0.9889120236478646,0.3657240622807789,0.11802948863618123,0.7193114938517318,0.25801792606241536,0.02291722928941708,0.017788441623033394,0.011014103301950679,0.0062428764204264815,0.004294749930853996,0.0024534493300427556,0.01894152702661828,0.10125401596020313,0.016217904325616383,0.15100010363768265,1.5B,16384
4,6,lenshift_16384,lenshift,9649,9.174609562020384,21.716814978593977,22.673889228908077,1.2688588010741804,25.29102209310429,7.0090399997182065,0.8108910975459197,9.654377215890605,0.06577061160087712,-53.811357280787306,70.20222093296401,8.617937134092186e-09,0.9999999999989999,0.06666666666666667,0.5665949993263973,1.1752590617538055,0.9993871268120137,0.9846791183785567,0.995828133380917,0.9976171488703618,0.1694495183665783,0.36157195496301675,0.7004098979226734,0.2971952805603618,0.005444075871600501,0.004329529381881428,0.0027587452852537073,0.001588218544739421,0.0010286896900460758,0.0005002236523999015,0.002883695751157335,0.10125401596020313,0.002029775880187689,0.15100010363768265,1.5B,16384
4,7,lenshift_16384,lenshift,9649,9.174609562020384,24.495659233228313,22.673889228908077,1.2688588010741804,25.29102209310429,7.0090399997182065,0.8108910975459197,9.654377215890605,0.06577061160087712,-105.31338604934075,38.50840566919857,8.617937717121452e-09,0.9999999999989999,0.06666666666666667,0.5341793692609621,0.05074847563632548,0.9998134076731419,0.9982587282959227,0.9988136036769603,0.9991519493682174,0.13010181814363087,0.04039160349198667,0.9948853580337491,0.003539589581885807,0.0025407173561131893,0.0018320672592905588,0.000985813673026606,0.0005067851069482547,0.0003067510261079514,0.00013069898304478292,0.0014328730998348228,0.10322313193077003,0.0009729628189873065,0.15296921960824955,1.5B,16384
4,8,lenshift_16384,lenshift,9649,9.174609562020384,22.19793297653518,22.673889228908077,1.2688588010741804,25.29102209310429,7.0090399997182065,0.8108910975459197,9.654377215890605,0.06577061160087712,-55.85609674278426,82.72231008770864,8.617937134092186e-09,0.9999999999989999,0.06666666666666667,0.5492591310852315,1.4404412340703967,0.9995777543473419,0.9881271775068423,0.9985614968170903,0.999383640058363,0.19096706503820915,0.1096168459645046,0.4934819068128159,0.5056874074030974,0.0007765826805114912,0.0006083312554616213,0.0003885348144146759,0.0002345494835852266,0.00015525048471505586,7.601246521549027e-05,0.00047999884613832876,0.10125401596020313,0.0003711308723317813,0.15100010363768265,1.5B,16384
4,9,lenshift_16384,lenshift,9649,9.174609562020384,22.253235340635,22.673889228908077,1.2688588010741804,25.29102209310429,7.0090399997182065,0.8108910975459197,9.654377215890605,0.06577061160087712,-57.878323355141816,75.07285743820316,8.617937134092186e-09,0.9999999999989999,0.06666666666666667,0.5648998848069416,0.7737199531465659,0.9994645607454542,0.9814633948314436,0.997135796811395,0.998097598041247,0.10989419856948679,0.6287136429562841,0.8399909514456327,0.15785813032522292,0.007159061619297182,0.005816881950117391,0.0038749014950477815,0.0024805351087763524,0.0017345569777329518,0.0009364809932942889,0.0052447003237026885,0.10125401596020313,0.004407016639762934,0.15100010363768265,1.5B,16384
4,10,lenshift_16384,lenshift,9649,9.174609562020384,22.62390740137974,22.673889228908077,1.2688588010741804,25.29102209310429,7.0090399997182065,0.8108910975459197,9.654377215890605,0.06577061160087712,-71.53772962494986,17.838157186979743,3.459441887985143e-07,0.9999999820923783,0.03333333333333333,0.4803801194549274,1.4544842288448314,0.9986433299576006,0.9781099968420647,0.9845021459648182,0.9890391094464334,0.0526059682905089,0.0013729335902423756,0.7396562584371804,0.18975042505775325,0.00799848085280515,0.005657799465584317,0.0029538144104138487,0.0015989256017927857,0.0010599595879407402,0.000569462898358375,0.005035752445377442,0.10322313193077003,0.003936881612648709,0.15296921960824955,1.5B,16384
4,11,lenshift_16384,lenshift,9649,9.174609562020384,23.883233799149377,22.673889228908077,1.2688588010741804,25.29102209310429,7.0090399997182065,0.8108910975459197,9.654377215890605,0.06577061160087712,-68.51646074126748,51.86517657120439,8.61793713409298e-09,0.9999999999989999,0.06666666666666667,0.5148951983782963,0.4057333376801757,0.9993616425812893,0.9878138961079882,0.994193385927391,0.9956858983752842,0.5686252708926514,0.22538518251985717,0.9370192942761809,0.05766884343335449,0.015595701455910263,0.011484993333583026,0.006750882487648461,0.003806554662406952,0.002410915066776555,0.001118875729865997,0.009757325174657213,0.10125401596020313,0.006912483571875708,0.15100010363768265,1.5B,16384
5,0,lenshift_16384,lenshift,9649,9.174609562020384,20.732471702469088,21.064912079092018,1.6591336391459328,25.54790571274178,6.468218329440956,1.1381804671962874,12.032559135480087,0.07965329677890741,-23.96704266351812,26.605886305997366,8.692701588013914e-09,0.9999999999962124,0.06666666666666667,0.3554676277811905,3.3942316515037674,0.9887881653711004,0.7575125195082582,0.819609921147407,0.8586377704339789,0.6455974808089305,0.1322529331171225,0.16743100749060116,0.5857547478127139,0.14547968144302953,0.09357992921532833,0.030446608213280636,0.011559810219600267,0.007143479249938918,0.003752610540154623,0.1379317861002612,0.10125401596020313,0.11411729330722277,0.15100010363768265,1.5B,16384
5,1,lenshift_16384,lenshift,9649,9.174609562020384,27.500745197516448,21.064912079092018,1.6591336391459328,25.54790571274178,6.468218329440956,1.1381804671962874,12.032559135480087,0.07965329677890741,-54.28990916644826,47.98106702167869,8.617937134130865e-09,0.9999999999989999,0.06666666666666667,0.3148517336149315,0.8926155958044948,0.9994314685431941,0.9879953468134116,0.9921942188371812,0.9947079577967,0.2250828473704205,0.03090147927230813,0.2671797005089354,0.7248419055010629,0.0034351007493659135,0.00228009018756872,0.001072343679778581,0.00046951766612037915,0.0002497480933268307,8.870596379223497e-05,0.0036990773220979553,0.10125401596020313,0.0031047470173880807,0.15100010363768265,1.5B,16384
5,2,lenshift_16384,lenshift,9649,9.174609562020384,23.017750485875034,21.064912079092018,1.6591336391459328,25.54790571274178,6.468218329440956,1.1381804671962874,12.032559135480087,0.07965329677890741,-36.87530181688422,40.040584721219005,8.617937242730446e-09,0.9999999999989999,0.06666666666666667,0.3526409848791478,1.751042788561278,0.9911302884146279,0.8710842882491394,0.9330204201815476,0.9540078611899588,0.03450508750355086,0.09903607457501984,0.713671759049593,0.23484369598885135,0.08489288730080852,0.06660576230010869,0.04323265521169171,0.027993716995759508,0.019980800127729223,0.011319528131781243,0.05864943021736535,0.10125401596020313,0.047175774746530716,0.15100010363768265,1.5B,16384
5,3,lenshift_16384,lenshift,9649,9.174609562020384,17.45771622815705,21.064912079092018,1.6591336391459328,25.54790571274178,6.468218329440956,1.1381804671962874,12.032559135480087,0.07965329677890741,-48.55981957386521,15.333173047655322,3.5892229390071885e-06,0.9999997807753215,0.06666666666666667,0.2239571221976362,2.189800441124576,0.973409484230986,0.8181371349473525,0.8742845089371453,0.9147903091617492,0.06422180832750568,0.06445029692999515,0.6787103379172995,0.18694481375062755,0.1383986536638762,0.12476443922936555,0.10460701227680735,0.08330254860318693,0.06822539889544446,0.04759195125145119,0.1033416789261353,0.10125401596020313,0.09226041023231718,0.15100010363768265,1.5B,16384
5,4,lenshift_16384,lenshift,9649,9.174609562020384,17.14243237280364,21.064912079092018,1.6591336391459328,25.54790571274178,6.468218329440956,1.1381804671962874,12.032559135480087,0.07965329677890741,-33.16974313820109,12.03428008686452,7.739473230484278e-05,0.9999940628768232,0.06666666666666667,0.34178125753135663,3.246370681765796,0.981194073857766,0.7166595049978455,0.8438416134184908,0.9027648123643465,0.19807792326828522,0.1818397329879775,0.24157649908492443,0.37151800175161764,0.09963504263751993,0.08531292373971423,0.052985712177341646,0.02957002919564038,0.020846893223818493,0.013078840610820324,0.08309033746047079,0.10125401596020313,0.0751696918277115,0.15100010363768265,1.5B,16384
5,5,lenshift_16384,lenshift,9649,9.174609562020384,15.492735056282983,21.064912079092018,1.6591336391459328,25.54790571274178,6.468218329440956,1.1381804671962874,12.032559135480087,0.07965329677890741,-38.57692916954264,15.99832582222436,1.9247317087247796e-06,0.9999998872748457,0.06666666666666667,0.1669948540189268,3.811154949843939,0.9469809859735049,0.5927565685795317,0.6862112537681633,0.7883770357884229,0.016330634124160248,0.02505475254304379,0.4217123219690617,0.2668438370271487,0.33829244879146864,0.2872594361931352,0.21770258377328577,0.16291487112135208,0.13024527076391562,0.08799828588096449,0.24618189020042536,0.10125401596020313,0.21699300797989615,0.15100010363768265,1.5B,16384
5,6,lenshift_16384,lenshift,9649,9.174609562020384,18.98528542709938,20.097128433461904,0.9181234476500322,21.86175504519962,8.194073784706287,0.5107579476730778,10.314792152181463,0.02284217387028224,-5.4407530602286815,25.656581538660895,8.806892597696757e-09,0.9999999999917972,0.06666666666666667,0.6898431491536304,1.8012799833533357,0.9886801413900341,0.9545607369347942,0.9631800522291568,0.9655406780686322,0.6016117442240819,0.26831057815315673,0.3417315296943388,0.6192505234528202,0.04604026041385375,0.0412783339017014,0.03307385420136329,0.025153847222241735,0.019973750072545052,0.013101101027885892,0.03842145181180327,0.10125401596020313,0.033732195862296956,0.15100010363768265,1.5B,16384
5,7,lenshift_16384,lenshift,9649,9.174609562020384,24.202291066706447,20.097128433461904,0.9181234476500322,21.86175504519962,8.194073784706287,0.5107579476730778,10.314792152181463,0.02284217387028224,20.567735089975244,58.68829929158913,8.617937134092186e-09,0.9999999999989999,0.06666666666666667,0.5264344042447319,2.3927709895013343,0.9925847596975383,0.8474093751461619,0.9401894778330556,0.9624362612898506,0.19893814044639258,0.1256501235357088,0.4538299521890589,0.5019313587387808,0.059779190903768716,0.04894037109330209,0.03365607130025969,0.02247841149963664,0.01609910454902383,0.009056190025759291,0.037166349905820704,0.10125401596020313,0.030079552928839466,0.15100010363768265,1.5B,16384
5,8,lenshift_16384,lenshift,9649,9.174609562020384,26.071082212124296,20.097128433461904,0.9181234476500322,21.86175504519962,8.194073784706287,0.5107579476730778,10.314792152181463,0.02284217387028224,13.302398920059204,82.5266982394096,8.617937134092186e-09,0.9999999999989999,0.06666666666666667,0.6665797687602786,1.122739686566567,0.9993648391900598,0.9896114265729418,0.9961851273087864,0.997397793342434,1.7675148726654253,0.04485912465311559,0.741781439401682,0.25520814718037665,0.009919148042784898,0.007763209514922752,0.004749904194703973,0.0027588952581220853,0.001801898940806323,0.000876916559711585,0.006710076484393699,0.10125401596020313,0.0047031465528812304,0.15100010363768265,1.5B,16384
5,9,lenshift_16384,lenshift,9649,9.174609562020384,29.720092302889174,20.097128433461904,0.9181234476500322,21.86175504519962,8.194073784706287,0.5107579476730778,10.314792152181463,0.02284217387028224,28.204746603965752,101.56478076102212,8.617937134092186e-09,0.9999999999989999,0.06666666666666667,0.6367465760073991,0.6076580509716946,0.999820059198718,0.9983611960326946,0.9996232929077958,0.9998140514014378,0.7511297545120552,0.0066793061114609545,0.08256784241650525,0.917187274779299,0.00013485020229397256,9.648558265149223e-05,4.978868690917117e-05,2.5508376298132086e-05,1.54105912089028e-05,6.51084451084862e-06,0.000134226478236368,0.10125401596020313,0.00010695340212259651,0.15100010363768265,1.5B,16384
5,10,lenshift_16384,lenshift,9649,9.174609562020384,28.306937106993537,20.097128433461904,0.9181234476500322,21.86175504519962,8.194073784706287,0.5107579476730778,10.314792152181463,0.02284217387028224,22.619930351481717,70.76461798916844,8.617937134092186e-09,0.9999999999989999,0.06666666666666667,0.6305440256065847,1.2678003414624142,0.9995947164220749,0.9807179758380342,0.9966004594889056,0.9987937626685794,0.5752233073434714,0.23143980911611411,0.6544013651265658,0.34438952244848486,0.00289838772239111,0.002097623503362791,0.0011482376972751286,0.0006191696781237229,0.0003786898804276664,0.0001678471423112448,0.0015774496303683,0.10125401596020313,0.0011559888600542428,0.15100010363768265,1.5B,16384
5,11,lenshift_16384,lenshift,9649,9.174609562020384,25.038590912089983,20.097128433461904,0.9181234476500322,21.86175504519962,8.194073784706287,0.5107579476730778,10.314792152181463,0.02284217387028224,-21.075254622627707,24.869568520502927,9.023474093097e-09,0.999999999983177,0.06666666666666667,0.5477915073148238,0.9086589056382659,0.9989518644241283,0.9867717267658374,0.9911930242804003,0.9931989828564942,0.1904053845248166,0.06677736141353918,0.7656303298933886,0.22060572861487718,0.0220993304779469,0.016839030054535818,0.010285132863591102,0.006056650250725633,0.004060122854555923,0.002082068203993069,0.009787054203198118,0.10125401596020313,0.0074776005551322995,0.15100010363768265,1.5B,16384
6,0,lenshift_16384,lenshift,9649,9.174609562020384,18.689316474657613,22.675445806831846,1.6932998974913291,26.242126987463596,6.038569971592321,0.7832987552503297,9.331008285464975,0.027516344423373394,1.6261216222363268,73.76172952349845,8.617937134092186e-09,0.9999999999989999,0.06666666666666667,0.49029757450276046,3.1445647947731277,0.9926409768168375,0.7338522820574267,0.89861918158641,0.9332798761413313,0.03319265571434543,0.3491083541172816,0.12969090126035296,0.7948954201796496,0.046061028016632234,0.0315582470755736,0.019006827745693837,0.01141625037252916,0.00770490920811266,0.004048169286429969,0.05453992569361603,0.10125401596020313,0.04030413680225937,0.15100010363768265,1.5B,16384
6,1,lenshift_16384,lenshift,9649,9.174609562020384,22.298068406928465,22.675445806831846,1.6932998974913291,26.242126987463596,6.038569971592321,0.7832987552503297,9.331008285464975,0.027516344423373394,-42.03408256348441,2.3905389134238035,0.28818553613564013,0.9161029973580644,0.03333333333333333,0.4318041295806574,3.097361845534561,0.9918678201755352,0.8048140019505767,0.8802049904000068,0.8949704372434292,0.28258871870675295,0.48311508938229375,0.33129964087088687,0.3353879859418877,0.10859263631290278,0.08095086043826318,0.029335130504624128,0.0035173313375736204,0.0020725317822326552,0.0010140195057516943,0.10912361492120062,0.10322313193077003,0.09851062414288628,0.15296921960824955,1.5B,16384
6,2,lenshift_16384,lenshift,9649,9.174609562020384,23.570984117386303,22.675445806831846,1.6932998974913291,26.242126987463596,6.038569971592321,0.7832987552503297,9.331008285464975,0.027516344423373394,-27.78871238582275,55.46992909743943,8.617937134092206e-09,0.9999999999989999,0.06666666666666667,0.4990741891131197,1.5992088132597697,0.9989342947211918,0.9528921900058449,0.9816873929640582,0.9900991533425686,0.6242776239302406,0.21893672523440255,0.5844984238205314,0.404151922536353,0.014879360625626304,0.009564678752149258,0.004539137127245018,0.0022363977618434783,0.001306271002745839,0.0005142100195169943,0.011706914731696983,0.10125401596020313,0.008881060080467238,0.15100010363768265,1.5B,16384
6,3,lenshift_16384,lenshift,9649,9.174609562020384,23.507488381930003,22.675445806831846,1.6932998974913291,26.242126987463596,6.038569971592321,0.7832987552503297,9.331008285464975,0.027516344423373394,-38.66695374601025,50.70238932244044,8.61793713409473e-09,0.9999999999989999,0.06666666666666667,0.5722128855553742,1.222035943575856,0.9980181937442908,0.9551678319705859,0.9629890483602203,0.9697104600150306,0.034488913650434494,0.06291643613542686,0.7713871396496428,0.19457883020086955,0.06121195020775387,0.030863666763100237,0.012146629945494364,0.006033969992227876,0.0036140577948351165,0.0014478576508240425,0.06090956231353097,0.10125401596020313,0.0440908520562978,0.15100010363768265,1.5B,16384
6,4,lenshift_16384,lenshift,9649,9.174609562020384,20.941912450864788,22.675445806831846,1.6932998974913291,26.242126987463596,6.038569971592321,0.7832987552503297,9.331008285464975,0.027516344423373394,-22.85990205231835,47.61490520265173,8.6179371341557e-09,0.9999999999989999,0.06666666666666667,0.5525324820671741,1.8000471088370291,0.9954598779866711,0.9172479417961829,0.9469766003090296,0.9576183870105148,0.3391733284232661,0.14741214300212668,0.3836543909280833,0.5708815118699526,0.0406909168721157,0.030407899647220307,0.017018763852670753,0.009079085898061647,0.005426283371501665,0.0022293020415813675,0.022487701972229837,0.10125401596020313,0.01622280320552068,0.15100010363768265,1.5B,16384
6,5,lenshift_16384,lenshift,9649,9.174609562020384,27.986212308804955,22.675445806831846,1.6932998974913291,26.242126987463596,6.038569971592321,0.7832987552503297,9.331008285464975,0.027516344423373394,-33.72820373142465,59.39772670359955,8.617937134092186e-09,0.9999999999989999,0.06666666666666667,0.528285888955986,1.0978379533815816,0.9996019104924421,0.9885704059763148,0.9951316752634085,0.9971127360309627,0.24613448697354334,0.022449244904812815,0.7150010573056319,0.2816368187221573,0.004674893209005055,0.0027347520358571805,0.0010785848256157924,0.00041890614504155367,0.00021023328391935915,6.865204424254415e-05,0.001930969610470734,0.10125401596020313,0.0011931524107604377,0.15100010363768265,1.5B,16384
6,6,lenshift_16384,lenshift,9649,9.174609562020384,24.056910928401702,22.925483890543408,2.0109522814650753,26.06880872743147,7.805592298689273,0.6876998257973345,9.652536823988516,0.021954081137774636,-55.60953043488891,69.73025146877288,8.617937134092186e-09,0.9999999999989999,0.06666666666666667,0.4603686374030526,1.6603895432213913,0.9992084037537813,0.9517140687701017,0.9702027879140734,0.9856264792723428,0.08600515409927034,0.01113825302309479,0.5411012798773677,0.42781010658732854,0.0071768563120844465,0.003482960779423237,0.0012398342174920341,0.0004384923126790308,0.00019835183508801706,6.284595521228323e-05,0.010156667750044784,0.10125401596020313,0.006593859106872475,0.15100010363768265,1.5B,16384
6,7,lenshift_16384,lenshift,9649,9.174609562020384,22.719513916358462,22.925483890543408,2.0109522814650753,26.06880872743147,7.805592298689273,0.6876998257973345,9.652536823988516,0.021954081137774636,-95.00155074806773,6.587001843905256,0.010442711998576994,0.9986237309941125,0.03333333333333333,0.5552311922135225,1.8513557991938194,0.9938451536691787,0.8213436119712266,0.839476827684422,0.8601247237196025,0.09916087139346086,0.003097793365550494,0.7685413103401865,0.03734507896281334,0.4545292311602552,0.24531574588828886,0.03701353425434449,0.003629693076420861,0.0023857060602830225,0.001291984801015819,0.6610990757185108,0.10322313193077003,0.5219923116335065,0.15296921960824955,1.5B,16384
6,8,lenshift_16384,lenshift,9649,9.174609562020384,23.128505787719043,22.925483890543408,2.0109522814650753,26.06880872743147,7.805592298689273,0.6876998257973345,9.652536823988516,0.021954081137774636,-68.18703049070692,65.8445028861889,8.617937134092186e-09,0.9999999999989999,0.06666666666666667,0.37978150143885375,0.5827153936349441,0.9993571610894135,0.9860631383618503,0.991710069067955,0.9937576227701441,0.8000136503168704,0.1038287191597389,0.902610354418971,0.08988295490108623,0.03456891056846966,0.02380454397798,0.011820253565356261,0.005472248901344791,0.00312428234414497,0.0012695702611295588,0.03578986904276959,0.10322313193077003,0.024749384753419874,0.15100010363768265,1.5B,16384
6,9,lenshift_16384,lenshift,9649,9.174609562020384,20.16087115733063,22.925483890543408,2.0109522814650753,26.06880872743147,7.805592298689273,0.6876998257973345,9.652536823988516,0.021954081137774636,-69.84121002920438,39.62625295575023,8.617938187312039e-09,0.9999999999989999,0.03333333333333333,0.5303493220757878,3.3657756648511983,0.9887237172393856,0.757796321148579,0.7729829284716264,0.7924784273503628,0.9791438572444919,0.08577738989573902,0.4047456835945128,0.004981920480443966,0.16047251847436175,0.10189135859825833,0.019302832076466162,0.0024229524685140786,0.0015100865723913918,0.0007725346845531305,0.21232407598033437,0.10322313193077003,0.18592881661157565,0.15296921960824955,1.5B,16384
6,10,lenshift_16384,lenshift,9649,9.174609562020384,19.261284469941526,22.925483890543408,2.0109522814650753,26.06880872743147,7.805592298689273,0.6876998257973345,9.652536823988516,0.021954081137774636,-27.821976160301894,65.97907806965796,8.617937134092186e-09,0.9999999999989999,0.06666666666666667,0.43779254802687756,2.6863326216441092,0.994251461228816,0.8581400286360015,0.9081147660303345,0.9327953463186187,1.0222778955829888,0.24553034351027625,0.23132492416928271,0.6872351426974154,0.04102871323022133,0.02911717582502661,0.017834820204096997,0.009678346145167984,0.005972916084457013,0.002639915109574125,0.0396846509849938,0.10125401596020313,0.03086518076617385,0.15100010363768265,1.5B,16384
6,11,lenshift_16384,lenshift,9649,9.174609562020384,21.164174111636292,22.925483890543408,2.0109522814650753,26.06880872743147,7.805592298689273,0.6876998257973345,9.652536823988516,0.021954081137774636,-63.88029615318072,73.9385079423185,8.617937134092186e-09,0.9999999999989999,0.06666666666666667,0.36081524583229263,0.6829485794108757,0.9991477941607327,0.9877958524371142,0.9934251798510556,0.9949399054951964,0.11916395535754898,0.2844878978475025,0.8535727289949039,0.1410021946502762,0.02447797779276355,0.01945196046119369,0.011976325874171766,0.006892441818805371,0.004408381298356327,0.0020547740931102453,0.018412553368072012,0.10125401596020313,0.015903037525755358,0.15100010363768265,1.5B,16384
7,0,lenshift_16384,lenshift,9649,9.174609562020384,16.123225442046543,23.19710709670705,1.8641553309229042,27.130805989507376,5.928577184215685,0.795455893871336,11.575706255419199,0.050962947457682144,-5.604718236362228,26.27053947328344,8.721760756145419e-09,0.9999999999951019,0.06666666666666667,0.3465479882195977,3.978186167070879,0.9634034190661391,0.620725621782282,0.6965490945899042,0.7351426844486023,0.13805503687052617,0.04022585310768423,0.3943371138109105,0.3165375403632357,0.43041066606586736,0.3156213098416388,0.1281847257425304,0.06412968937213527,0.04899620933001238,0.032669740164039604,0.41584671208513124,0.10125401596020313,0.3681082555951068,0.15100010363768265,1.5B,16384
7,1,lenshift_16384,lenshift,9649,9.174609562020384,20.731041204018062,23.19710709670705,1.8641553309229042,27.130805989507376,5.928577184215685,0.795455893871336,11.575706255419199,0.050962947457682144,-1.4169962125666018,52.153112453052444,8.617937134092781e-09,0.9999999999989999,0.06666666666666667,0.22290685234174515,2.6843695915472283,0.9951297519500253,0.8153092183072779,0.9151360597382739,0.9433753275394406,0.06826729465524785,0.03582831942268627,0.2767733651717222,0.6568568325149899,0.04456000314396936,0.030340401858453173,0.014286292843634507,0.0062107438013210324,0.0033914854925960873,0.0012993286916172257,0.03974114512064988,0.10125401596020313,0.030722236742044676,0.15100010363768265,1.5B,16384
7,2,lenshift_16384,lenshift,9649,9.174609562020384,20.570594032293727,23.19710709670705,1.8641553309229042,27.130805989507376,5.928577184215685,0.795455893871336,11.575706255419199,0.050962947457682144,-12.177356123924255,29.698923456831835,8.621423534498741e-09,0.9999999999988736,0.06666666666666667,0.20658212119730346,2.7046112098848623,0.9966949625663609,0.8323674318123835,0.9171569244576429,0.9435636893020722,0.21293763764777118,0.38661476941121986,0.29183080652809323,0.6153415538069544,0.05003766168873169,0.02931426381093525,0.006891060511498936,0.0012768435589791032,0.0006575829371458225,0.00028387402764757226,0.04686322476091272,0.10125401596020313,0.03990347995842065,0.15100010363768265,1.5B,16384
7,3,lenshift_16384,lenshift,9649,9.174609562020384,24.406836831123872,23.19710709670705,1.8641553309229042,27.130805989507376,5.928577184215685,0.795455893871336,11.575706255419199,0.050962947457682144,-28.79070868912865,44.685723783804434,8.617937135136002e-09,0.9999999999989999,0.06666666666666667,0.19373658503127764,0.9002348440586005,0.9986690071950262,0.9751748613794947,0.9784831333135501,0.9821644467991244,0.8984157098497405,0.007410216758336752,0.15079238439101217,0.8284840524841691,0.011421699998515113,0.007697861340246928,0.003223667669993603,0.001205029983384398,0.0005933646853772949,0.00020116349549754067,0.013191278721975272,0.10125401596020313,0.010414549365979573,0.15100010363768265,1.5B,16384
7,4,lenshift_16384,lenshift,9649,9.174609562020384,17.550136991721054,23.19710709670705,1.8641553309229042,27.130805989507376,5.928577184215685,0.795455893871336,11.575706255419199,0.050962947457682144,11.321112912367376,14.856609207826246,5.607040907526976e-06,0.9999996469325524,0.06666666666666667,0.25967861922287466,4.143188383475614,0.984137488899998,0.5755580321823789,0.7256279204746674,0.7832334398048586,0.2108433608275826,0.49059364725549115,0.046148898729899746,0.49804226818749553,0.192192459061567,0.13637998199892346,0.042052123779925975,0.009328565864002535,0.005002747647834801,0.0015409931629976755,0.18878281365890426,0.10125401596020313,0.16728998021215088,0.15100010363768265,1.5B,16384
7,5,lenshift_16384,lenshift,9649,9.174609562020384,17.38367742936881,23.19710709670705,1.8641553309229042,27.130805989507376,5.928577184215685,0.795455893871336,11.575706255419199,0.050962947457682144,-19.610161907532625,45.97978728960324,8.61793713437849e-09,0.9999999999989999,0.06666666666666667,0.22977202622997245,3.9999908597099285,0.9683010713223156,0.6191737198774127,0.6542113183513405,0.6919442947631936,0.26168044687719605,0.01086465675598669,0.35066732870664435,0.3203981973564133,0.303174523379969,0.19687888293111674,0.09366678568674401,0.05472565066522899,0.03633811071121911,0.01935391599054683,0.32759546921072386,0.10125401596020313,0.2778781043726844,0.15100010363768265,1.5B,16384
7,6,lenshift_16384,lenshift,9649,9.174609562020384,9.66404268444685,46.68316626805216,0.7362755625392582,51.359084542668796,6.128690009783173,0.6621704616873478,8.181314242706815,0.052904215792030494,199.92925678105917,42.72089031879682,8.617937141687292e-09,0.9999999999989999,0.06666666666666667,0.4557520010922618,5.631300270768156,0.8871205502860106,0.4254593705301112,0.5176151111982742,0.5691645945513304,0.3978127339819437,0.08359788943136692,0.1405085039875911,0.4112844900677374,0.4754814889130791,0.4158230190269708,0.3446788371260273,0.25960315565787045,0.20393545578641162,0.13687664713536932,0.3524040501094993,0.10125401596020313,0.29176181266486134,0.15100010363768265,1.5B,16384
7,7,lenshift_16384,lenshift,9649,9.174609562020384,14.600123090094502,46.68316626805216,0.7362755625392582,51.359084542668796,6.128690009783173,0.6621704616873478,8.181314242706815,0.052904215792030494,173.932170510292,66.47614671662444,8.617937134092186e-09,0.9999999999989999,0.03333333333333333,0.29173019640787046,2.96106282573108,0.9878873141477635,0.8130874417638639,0.8737683749294212,0.9001781376736531,0.2401786209800605,0.11163279821741057,0.031196457763310478,0.8178231952997348,0.08820130033674886,0.06534769288753332,0.04054729947094549,0.02375110601070645,0.015632399196474606,0.007763295256706733,0.07005943828937068,0.10322313193077003,0.04624935999545036,0.15296921960824955,1.5B,16384
7,8,lenshift_16384,lenshift,9649,9.174609562020384,16.520923690783814,46.68316626805216,0.7362755625392582,51.359084542668796,6.128690009783173,0.6621704616873478,8.181314242706815,0.052904215792030494,123.51468512854156,35.626407180988124,8.617958969479806e-09,0.999999999998999,0.06666666666666667,0.2527680928526574,3.078111939071051,0.979620836774088,0.7649494197585693,0.7933387295959587,0.8237503126056831,0.3699033727550791,0.04245217608657548,0.046081093885033377,0.687380817904907,0.1770512294485498,0.12616303185058805,0.06806369622557823,0.03607589342088616,0.022212398143724225,0.009360297273934117,0.1613757720523389,0.10322313193077003,0.12010104765657605,0.15296921960824955,1.5B,16384
7,9,lenshift_16384,lenshift,9649,9.174609562020384,8.43051601709869,46.68316626805216,0.7362755625392582,51.359084542668796,6.128690009783173,0.6621704616873478,8.181314242706815,0.052904215792030494,129.31844494272679,33.254693348097646,8.61803707730571e-09,0.9999999999989964,0.06666666666666667,0.34040484225704926,5.121850132828143,0.9255710241164462,0.42992626853189325,0.6069691063217354,0.6809912378788026,0.022460366404462917,0.1638494139213762,0.00739376794006469,0.7040838320906196,0.48401975245016576,0.3985347398418336,0.2756083918463721,0.18530495914086828,0.1354227040308878,0.07926744870288537,0.19476936049744653,0.10125401596020313,0.13965800538148795,0.15100010363768265,1.5B,16384
7,10,lenshift_16384,lenshift,9649,9.174609562020384,13.222833142724365,46.68316626805216,0.7362755625392582,51.359084542668796,6.128690009783173,0.6621704616873478,8.181314242706815,0.052904215792030494,141.07404355792437,49.580038171148544,8.617937134100003e-09,0.9999999999989999,0.03333333333333333,0.2852857118113412,2.853914886554309,0.9822798678624562,0.8456033270232106,0.8814635988205994,0.9018704188712924,0.16313879698205724,0.13091135678217114,0.025010485971620883,0.8568254743222539,0.09431264087533014,0.0764929766395989,0.05323836908034799,0.03513189694490071,0.025314452675455495,0.014389370727865662,0.062309837183743964,0.10322313193077003,0.047981233820727824,0.15296921960824955,1.5B,16384
7,11,lenshift_16384,lenshift,9649,9.174609562020384,9.992157750573808,46.68316626805216,0.7362755625392582,51.359084542668796,6.128690009783173,0.6621704616873478,8.181314242706815,0.052904215792030494,186.85711985037608,48.586527745732496,8.617937134136112e-09,0.9999999999989999,0.06666666666666667,0.40504796218875316,4.854512663166378,0.9317536955304575,0.49585874585785467,0.6489282769444651,0.7181513650202185,0.21184681925639381,0.0796857188538187,0.07092809369471925,0.6286840175183033,0.3606695186113056,0.30513732425929235,0.22155500527423092,0.1617900785394067,0.12494332571453091,0.08313054086051763,0.2168333513165304,0.10125401596020313,0.17900043343740996,0.15100010363768265,1.5B,16384
8,0,lenshift_16384,lenshift,9649,9.174609562020384,19.461094584954704,32.04705814858487,3.058475118548918,38.782769799711346,10.378664600857777,1.2379551144292944,13.550477349845236,0.023111078516959305,-22.08712541355806,42.765014394213836,8.617937141217073e-09,0.9999999999989999,0.06666666666666667,0.7343805940966462,1.6124821523006585,0.9988849266661214,0.9499539624321897,0.9788660414537511,0.989222598159264,0.39069201338931525,0.08679561824309179,0.5502311104098806,0.42344893661823374,0.017145921873653987,0.011760042908245304,0.00578567835495948,0.002642577880430742,0.0014529420105025318,0.0005631686855011216,0.013519985684831008,0.10125401596020313,0.010675140859365866,0.15100010363768265,1.5B,16384
8,1,lenshift_16384,lenshift,9649,9.174609562020384,17.33314214728836,32.04705814858487,3.058475118548918,38.782769799711346,10.378664600857777,1.2379551144292944,13.550477349845236,0.023111078516959305,-13.917961523813354,20.882714126081048,2.7267698006547756e-08,0.9999999991463859,0.03333333333333333,0.7404485468431937,2.5072786223254115,0.9979898987907145,0.8607462015905756,0.9582121184048407,0.9839228998156339,0.37845832162657345,0.5473917057350206,0.25607856764300974,0.6127976729143725,0.014257577485809384,0.012067081668567233,0.00791870274939079,0.003782984800154143,0.0016861894031783265,0.0005879455325340806,0.012975501921315604,0.10125401596020313,0.011794682255414765,0.15100010363768265,1.5B,16384
8,2,lenshift_16384,lenshift,9649,9.174609562020384,15.557573824261699,32.04705814858487,3.058475118548918,38.782769799711346,10.378664600857777,1.2379551144292944,13.550477349845236,0.023111078516959305,-14.528590959661145,17.439704929896195,5.004042709002548e-07,0.9999999733284253,0.06666666666666667,0.6888852115736405,3.0302136123531103,0.9934149740266928,0.7049559693583335,0.822762607839831,0.9252426902107432,0.3424317223550676,0.0642721948849001,0.3474914515434167,0.4184384757991579,0.06340597168750291,0.05141507260985319,0.034066362704061735,0.02121177035110008,0.01452262410675893,0.007812077743810363,0.042049914418886065,0.10125401596020313,0.035460308733000184,0.15100010363768265,1.5B,16384
8,3,lenshift_16384,lenshift,9649,9.174609562020384,28.208735915433344,32.04705814858487,3.058475118548918,38.782769799711346,10.378664600857777,1.2379551144292944,13.550477349845236,0.023111078516959305,-68.06302908237558,55.84234437171837,8.61793802227061e-09,0.9999999999989999,0.03333333333333333,0.5834569300128422,1.0200930278700164,0.9997761491624012,0.9976146608852514,0.9996843911940925,0.9999022398502572,0.45681165215841757,0.20554666619413542,0.26375835837190004,0.07271745473096776,6.275871035239764e-05,2.8239106434195426e-05,4.934137234364879e-06,9.16517809018108e-07,3.0230461327675436e-07,4.096575800296797e-08,8.124115845673239e-05,0.10322313193077003,6.926454624433459e-05,0.15296921960824955,1.5B,16384
8,4,lenshift_16384,lenshift,9649,9.174609562020384,21.46183037332566,32.04705814858487,3.058475118548918,38.782769799711346,10.378664600857777,1.2379551144292944,13.550477349845236,0.023111078516959305,-59.01921526123496,4.636928081608318,0.054129643287033555,0.9904055346259569,0.03333333333333333,0.7384260814226825,0.8397023278751365,0.9996675683063708,0.982974455461791,0.9942854686586,0.998198667113475,0.7249261526355895,0.21745013213043807,0.8134593341566289,0.14655774949565772,0.004563613742894154,0.0032450724488282856,0.0015396401735541926,0.0005857344196636328,0.0002583112816333211,6.790691171875758e-05,0.004211626558115242,0.10125401596020313,0.00354405180580316,0.15100010363768265,1.5B,16384
8,5,lenshift_16384,lenshift,9649,9.174609562020384,20.849121768797474,32.04705814858487,3.058475118548918,38.782769799711346,10.378664600857777,1.2379551144292944,13.550477349845236,0.023111078516959305,-13.643479505005999,50.39892465210356,8.617937134095632e-09,0.9999999999989999,0.06666666666666667,0.6927375685602949,1.8773605349403453,0.9992950086852495,0.9208058970748999,0.9851476714339177,0.9967310856274527,0.24758019763445205,0.1380326990408154,0.5143364744039037,0.4729147910795918,0.002946219765706012,0.0020257435001329862,0.001063370562320179,0.0005173774976294463,0.0003030033195116905,0.0001268826180157416,0.0016774926737913084,0.10125401596020313,0.0012618643718255978,0.15100010363768265,1.5B,16384
8,6,lenshift_16384,lenshift,9649,9.174609562020384,23.9331027848031,23.846262162509426,1.550817856554956,27.522572205211706,6.67657476715594,0.6225616009537419,11.227438751307455,0.059348768013948054,-9.83257061944287,71.40163495176411,8.617937134092186e-09,0.9999999999989999,0.06666666666666667,0.5347053736715467,2.4018347531776314,0.9948108930835712,0.8700348242373456,0.9630375624530657,0.9759285014965521,0.26829189656255437,0.3118681396356269,0.2710690034128041,0.703249043053947,0.024444549350184096,0.020514403671342576,0.014204621342858019,0.00911970146444454,0.006286328798970696,0.0032627679356704775,0.015845907505165503,0.10125401596020313,0.012441450933493317,0.15100010363768265,1.5B,16384
8,7,lenshift_16384,lenshift,9649,9.174609562020384,26.642628681086514,23.846262162509426,1.550817856554956,27.522572205211706,6.67657476715594,0.6225616009537419,11.227438751307455,0.059348768013948054,-10.016067053365987,8.179250616460418,0.0025732983285142006,0.9997196666102985,0.03333333333333333,0.7279255862209764,2.830566365067782,0.9982396612973002,0.7659046624009402,0.8793982513268722,0.9592284634562527,0.016151704947163115,0.08563886637557391,0.3515964000846368,0.08591795027795067,0.01217213177635791,0.0034683014797847397,0.0007350613106555468,0.00023934042905249782,0.00010245260406107056,2.6373270561491732e-05,0.017610894794126065,0.10125401596020313,0.012531708834163782,0.15100010363768265,1.5B,16384
8,8,lenshift_16384,lenshift,9649,9.174609562020384,20.592049598318933,23.846262162509426,1.550817856554956,27.522572205211706,6.67657476715594,0.6225616009537419,11.227438751307455,0.059348768013948054,-9.951943373855421,52.973583168035155,8.617937134092447e-09,0.9999999999989999,0.06666666666666667,0.6266557973885208,2.6982576712334683,0.9919281196244605,0.8036490061266168,0.9169986690002726,0.9475302580908264,0.02249726070197844,0.123613566742238,0.33642044704075214,0.6059619001405024,0.05285329122463283,0.04080485223619165,0.025610623295217096,0.015503723037673441,0.010593666364548822,0.0054440461150177324,0.02953343189553331,0.10125401596020313,0.023496603354271388,0.15100010363768265,1.5B,16384
8,9,lenshift_16384,lenshift,9649,9.174609562020384,20.421194087076472,23.846262162509426,1.550817856554956,27.522572205211706,6.67657476715594,0.6225616009537419,11.227438751307455,0.059348768013948054,-9.007371391443645,53.99582128292498,8.617937134092278e-09,0.9999999999989999,0.06666666666666667,0.6206625225032129,0.8024023631695354,0.9979463374336861,0.9714758093082707,0.9887770133009011,0.9909337906876226,0.20519633105260093,0.01769994835378652,0.039512599996888324,0.9517120780747614,0.007422369243074243,0.006294673175238154,0.004505009250979494,0.002987333045572016,0.0020905280629628276,0.0011128572527677706,0.004643980570271896,0.10125401596020313,0.0036305906616194163,0.15100010363768265,1.5B,16384
8,10,lenshift_16384,lenshift,9649,9.174609562020384,22.105333048418633,23.846262162509426,1.550817856554956,27.522572205211706,6.67657476715594,0.6225616009537419,11.227438751307455,0.059348768013948054,-46.3058847224011,55.215174250523845,8.617937134092225e-09,0.9999999999989999,0.06666666666666667,0.625433345711924,0.6120278830144439,0.9973590528015835,0.9696542506802812,0.983591678422063,0.9860005152408271,0.11728131885484006,0.5761784602978501,0.9116697483825317,0.07335659868723232,0.034525978948762547,0.02788237082016979,0.01891479855453882,0.012149505803595589,0.008453439947671103,0.004441691611411599,0.02225240020654355,0.10125401596020313,0.016741368879563845,0.15100010363768265,1.5B,16384
8,11,lenshift_16384,lenshift,9649,9.174609562020384,23.376470593245077,23.846262162509426,1.550817856554956,27.522572205211706,6.67657476715594,0.6225616009537419,11.227438751307455,0.059348768013948054,-12.08880862330688,74.97753541210415,8.617937134092186e-09,0.9999999999989999,0.06666666666666667,0.5682457442967062,2.1791491179510465,0.9977656724082639,0.8904949587312693,0.9775263919931088,0.9884031512925896,0.7761134474685101,0.3268152191637199,0.33703274261987637,0.6490509820791526,0.010863587739114456,0.008658160881538837,0.005545149689761645,0.0033019098667012416,0.0021507142405891005,0.001000486021940172,0.006091505077746452,0.10125401596020313,0.00488274360920388,0.15100010363768265,1.5B,16384
9,0,lenshift_16384,lenshift,9649,9.174609562020384,22.936758686840257,23.820222043408105,1.6713913047521392,27.5599628240891,6.462863362107615,0.8591986440780951,11.050403335004633,0.06857947482085158,-31.253033806295967,66.76448792525949,8.617937134092186e-09,0.9999999999989999,0.06666666666666667,0.5225626416266438,1.6346527712143928,0.9946289504345155,0.9470237637591818,0.9742069859185878,0.9775652939731456,0.5840929851720436,0.17282753559116593,0.18232209142069414,0.794817926350709,0.021767299388457305,0.018593114970561972,0.0133871500388687,0.009033865088990603,0.006581392961848048,0.003741471005788122,0.01344245577385044,0.10125401596020313,0.01054967790108774,0.15100010363768265,1.5B,16384
9,1,lenshift_16384,lenshift,9649,9.174609562020384,23.87355198887955,23.820222043408105,1.6713913047521392,27.5599628240891,6.462863362107615,0.8591986440780951,11.050403335004633,0.06857947482085158,-33.304699266658105,71.86807327323785,8.617937134092186e-09,0.9999999999989999,0.06666666666666667,0.6040194348745946,2.03436769378542,0.9966592768557087,0.8982753353825987,0.9690988353439649,0.9799768830958302,0.5092445654889413,0.6166771773711495,0.5128548810440949,0.46526498609226535,0.03655553116849626,0.02689765039184313,0.016287922433422815,0.009812698431022187,0.006665407315901344,0.003535527234605452,0.031900832702844904,0.10125401596020313,0.025541995337806354,0.15100010363768265,1.5B,16384
9,2,lenshift_16384,lenshift,9649,9.174609562020384,27.32611767249055,23.820222043408105,1.6713913047521392,27.5599628240891,6.462863362107615,0.8591986440780951,11.050403335004633,0.06857947482085158,-23.595378185019776,84.04560879305663,8.617937134092186e-09,0.9999999999989999,0.06666666666666667,0.6044458732335731,2.282201378709684,0.9983594015753419,0.8955901402662451,0.9839344682473975,0.9895337521047675,0.34915250096546324,0.6096247662832459,0.2850356059578554,0.7032102040573922,0.009335456802268528,0.006315721452900106,0.0033836685771100584,0.0017877653840021358,0.0010947230038852315,0.00047846727900237535,0.004842336659963139,0.10125401596020313,0.003354736433630234,0.15100010363768265,1.5B,16384
9,3,lenshift_16384,lenshift,9649,9.174609562020384,22.734320999028938,23.820222043408105,1.6713913047521392,27.5599628240891,6.462863362107615,0.8591986440780951,11.050403335004633,0.06857947482085158,-53.26174409950481,40.77307264834481,8.61793718631585e-09,0.9999999999989999,0.06666666666666667,0.5536678853880169,1.361747338829669,0.9981237065533658,0.953405271346928,0.9821450772468847,0.9886190395264325,0.22850609343181638,0.12395577281036552,0.7025885428543399,0.27919815316656155,0.02102497503310471,0.016451502358101694,0.010574026339068425,0.006526728152876314,0.004425551483254539,0.0022695688879820096,0.014864206224651252,0.10125401596020313,0.01281047908343631,0.15100010363768265,1.5B,16384
9,4,lenshift_16384,lenshift,9649,9.174609562020384,26.3154132843108,23.820222043408105,1.6713913047521392,27.5599628240891,6.462863362107615,0.8591986440780951,11.050403335004633,0.06857947482085158,-45.51302044531877,68.46356182852213,8.617937134092186e-09,0.9999999999989999,0.06666666666666667,0.6048164590309345,1.7804820245954411,0.998801670667625,0.9702011040729877,0.9904793682411982,0.9933402216163382,0.8010253011216775,0.08427742833826368,0.5006832290675254,0.49217090555927356,0.009297139795888254,0.006749793786856935,0.003865864164978918,0.002193652717577516,0.00143546510047068,0.0007053496868061374,0.0049629248449085265,0.10125401596020313,0.003497031554991268,0.15100010363768265,1.5B,16384
9,5,lenshift_16384,lenshift,9649,9.174609562020384,24.715530283475484,23.820222043408105,1.6713913047521392,27.5599628240891,6.462863362107615,0.8591986440780951,11.050403335004633,0.06857947482085158,-7.4894278505269085,93.5386675838929,8.617937134092186e-09,0.9999999999989999,0.06666666666666667,0.563879107298276,2.7336369731282657,0.9979955918367384,0.7112264930064047,0.9720821870856321,0.9931599495291288,0.047554626349629814,0.4162319288422802,0.14965505417305372,0.8428372963716045,0.005525153227304699,0.004328090213705659,0.0026474047396958067,0.0014989041469548046,0.0009640479572602789,0.0004502481616409178,0.003620497281969737,0.10125401596020313,0.0028033144107738463,0.15100010363768265,1.5B,16384
9,6,lenshift_16384,lenshift,9649,9.174609562020384,14.412468568648608,24.022687188956567,1.5766346309800887,27.113800897909698,9.18853047710244,0.7363497950191815,17.032230147786844,0.0261041914020182,-31.176751848446656,9.43358623989748,0.0008345465427721709,0.9999200145820886,0.03333333333333333,0.7629616627310447,3.394992705118929,0.9918577129625353,0.6447502875143298,0.8112939688181166,0.9232732205369452,0.2570580439503243,0.06058183263435435,0.1971912212411236,0.17699269074912188,0.0612054116382848,0.0480637122323519,0.029375510136159855,0.016543089364885563,0.010953514199535316,0.005770793444571399,0.051065446195384424,0.10322313193077003,0.044532446960680254,0.15100010363768265,1.5B,16384
9,7,lenshift_16384,lenshift,9649,9.174609562020384,19.034137106341845,24.022687188956567,1.5766346309800887,27.113800897909698,9.18853047710244,0.7363497950191815,17.032230147786844,0.0261041914020182,-33.58590769417145,51.39838162320581,8.617937134093453e-09,0.9999999999989999,0.06666666666666667,0.7003057159887218,2.209398202328534,0.9972506768149824,0.9110308019046465,0.9678734483413522,0.9793122754158979,0.13132835770133888,0.012377623250405811,0.3311625173136039,0.6396362309788409,0.032993539624285334,0.02415640541753049,0.01281353600349606,0.006519660448995844,0.004025390527417713,0.0018972544810580893,0.029181692484976762,0.10125401596020313,0.023617269652937044,0.15100010363768265,1.5B,16384
9,8,lenshift_16384,lenshift,9649,9.174609562020384,16.738860444567607,24.022687188956567,1.5766346309800887,27.113800897909698,9.18853047710244,0.7363497950191815,17.032230147786844,0.0261041914020182,-28.658708424332872,18.80169237440863,1.4388731753206272e-07,0.9999999931673005,0.03333333333333333,0.6778928865647312,2.9673366985533205,0.9971441134190158,0.7597698008773861,0.8852590720939513,0.9675156028875445,0.2900910684759347,0.07610794664071441,0.13996608100524388,0.10180815363381873,0.01768326754679084,0.011562270724546643,0.005960010689434771,0.0030927589902663127,0.0018265301204152744,0.00081402033009722,0.013772105274524075,0.10322313193077003,0.010555317333079614,0.15296921960824955,1.5B,16384
9,9,lenshift_16384,lenshift,9649,9.174609562020384,19.528347798540974,24.022687188956567,1.5766346309800887,27.113800897909698,9.18853047710244,0.7363497950191815,17.032230147786844,0.0261041914020182,-24.677180693430053,71.65076005295509,8.617937134092186e-09,0.9999999999989999,0.06666666666666667,0.6994475506781556,2.408580138903038,0.997792414869286,0.8713314476620541,0.9602043499968662,0.9781475840789395,0.5087274236577122,0.2126980117405628,0.2755149866645056,0.699739695238778,0.024468752280736725,0.016105418670966192,0.007826098589952897,0.003747149324128972,0.0021665203967893257,0.0009246281059061806,0.015827665985524132,0.10125401596020313,0.010929233860316877,0.15100010363768265,1.5B,16384
9,10,lenshift_16384,lenshift,9649,9.174609562020384,21.47157374016822,24.022687188956567,1.5766346309800887,27.113800897909698,9.18853047710244,0.7363497950191815,17.032230147786844,0.0261041914020182,-31.2827560200411,79.39099661474498,8.617937134092186e-09,0.9999999999989999,0.06666666666666667,0.6646110362667875,2.0274824234307802,0.9991052083219065,0.9084362446574507,0.9880922326066353,0.9959982682679341,0.01663723664200889,0.7605866643809303,0.4406404705583815,0.5549871220384288,0.005519308355572321,0.003851523189717658,0.001953177126399715,0.00099614742013352,0.0006075718926647251,0.0002709252057215994,0.003354547249421494,0.10125401596020313,0.0026727667175259024,0.15100010363768265,1.5B,16384
9,11,lenshift_16384,lenshift,9649,9.174609562020384,19.772043060666505,24.022687188956567,1.5766346309800887,27.113800897909698,9.18853047710244,0.7363497950191815,17.032230147786844,0.0261041914020182,-24.56204769190618,68.19146398838393,8.617937134092186e-09,0.9999999999989999,0.06666666666666667,0.5931255585127172,2.459829078144134,0.9970726852572929,0.804772692150572,0.9601670649307288,0.9829246987239787,0.02865581088995084,0.2613238634653694,0.3703566555432233,0.6129473809319735,0.02896330363160294,0.022219724955956116,0.013346172919865708,0.007556152671706831,0.00478199349955913,0.002209101182099878,0.013279649438099483,0.10125401596020313,0.009522931816919707,0.15100010363768265,1.5B,16384
10,0,lenshift_16384,lenshift,9649,9.174609562020384,16.96387500575,24.19464480142365,1.9046880608850545,28.839464154381062,9.831001111922745,1.0740036833900781,24.925580777037034,0.029862718547344007,-16.46937663239592,31.432547441387527,8.61855416084398e-09,0.9999999999989775,0.06666666666666667,0.45529459140106787,2.931217749127102,0.9981428375987854,0.7289654642475005,0.8946465674431243,0.9699030632463214,0.2558589134266287,0.010047301605726311,0.1537007755451134,0.6675199603924171,0.008470019087145137,0.0052216305727702935,0.002386459971660311,0.001133544064348355,0.0006913355712411014,0.00034094167234150635,0.006235972899693422,0.10125401596020313,0.00528545122430519,0.15100010363768265,1.5B,16384
10,1,lenshift_16384,lenshift,9649,9.174609562020384,21.723196044221485,24.19464480142365,1.9046880608850545,28.839464154381062,9.831001111922745,1.0740036833900781,24.925580777037034,0.029862718547344007,-15.796433476840768,82.62895714124124,8.617937134092186e-09,0.9999999999989999,0.06666666666666667,0.46943342530070525,2.313620430018312,0.9990993567054887,0.9051888148267345,0.9893729779285169,0.9983430317534858,0.2757921284525984,0.12837295746348243,0.16492669086041087,0.8327955437344157,0.0019406620069384217,0.0012861278898474448,0.0006187230078506346,0.0002900077830054338,0.00017022242638193216,7.733925523704501e-05,0.0015556117135676598,0.10125401596020313,0.001214933904123677,0.15100010363768265,1.5B,16384
10,2,lenshift_16384,lenshift,9649,9.174609562020384,21.243995057870123,24.19464480142365,1.9046880608850545,28.839464154381062,9.831001111922745,1.0740036833900781,24.925580777037034,0.029862718547344007,-23.435993292752432,41.22610724027105,8.617937167290567e-09,0.9999999999989999,0.06666666666666667,0.37764196899347713,2.3002634291663147,0.9991711000429601,0.8782204209165442,0.9596847099767266,0.9944454052627859,0.10670439863363734,0.1909748832786078,0.24909319190166612,0.7212670317925778,0.0003933660786067139,0.00022428581136111394,9.920194125501893e-05,4.6118414729637224e-05,2.606853735210049e-05,1.1601926677969065e-05,0.00019020087095832541,0.10125401596020313,0.00014980529968504686,0.15100010363768265,1.5B,16384
10,3,lenshift_16384,lenshift,9649,9.174609562020384,20.215755478205978,24.19464480142365,1.9046880608850545,28.839464154381062,9.831001111922745,1.0740036833900781,24.925580777037034,0.029862718547344007,-32.174254634801095,50.39623529728336,8.617937134095642e-09,0.9999999999989999,0.06666666666666667,0.460330692924188,1.7920714775596323,0.9992520409406472,0.8669219265711045,0.971120291540383,0.9962285512748467,0.15422413792941247,0.3723138800961401,0.6043447676399015,0.38010183645947526,0.003939203102475753,0.0023061944737642285,0.0010376245529399887,0.0004953861042583476,0.0002858208486954524,0.00013053331168366825,0.002357316061076311,0.10125401596020313,0.0018752573902545797,0.15100010363768265,1.5B,16384
10,4,lenshift_16384,lenshift,9649,9.174609562020384,21.019563528155583,24.19464480142365,1.9046880608850545,28.839464154381062,9.831001111922745,1.0740036833900781,24.925580777037034,0.029862718547344007,-40.164305240585236,9.026886430063925,0.0012044607749653773,0.9998798784667351,0.06666666666666667,0.40066508202939377,2.5247824869818065,0.9988672878059617,0.8103750305099545,0.8989886002084164,0.975968666173734,0.34469454977312486,0.08914161192997305,0.3543303079539467,0.21566215320597537,0.00012543939848636123,5.5965554371417875e-05,2.217253445855631e-05,8.654656802091e-06,4.9882156280693105e-06,2.616067252523981e-06,7.765788110024729e-05,0.10322313193077003,7.279141348875375e-05,0.15100010363768265,1.5B,16384
10,5,lenshift_16384,lenshift,9649,9.174609562020384,21.405445369160663,24.19464480142365,1.9046880608850545,28.839464154381062,9.831001111922745,1.0740036833900781,24.925580777037034,0.029862718547344007,-35.259595376603755,48.630530342171625,8.617937134112387e-09,0.9999999999989999,0.06666666666666667,0.4955758747203713,1.0212701392124925,0.9995091434032847,0.9812458208949932,0.9947828063519709,0.9977458878859499,0.18847189258102315,0.12429589260949303,0.12430679549845668,0.8702805099471397,0.002427939760672629,0.0017664986626037171,0.000998066386468548,0.0005509436755648481,0.0003545062076698652,0.0001692067014017172,0.0019402869280533966,0.10125401596020313,0.0015938040704462433,0.15100010363768265,1.5B,16384
10,6,lenshift_16384,lenshift,9649,9.174609562020384,18.519762381716752,28.684063553205217,2.2873490520212036,33.86709869267525,6.790553214792482,1.0958161219053466,11.807969273981122,0.09701297862703352,-36.79172764806188,15.20877432130166,4.032653943551098e-06,0.9999997517353546,0.06666666666666667,0.5114249180287918,2.2340613442828774,0.9986745997741475,0.8004985481899658,0.9074224837233135,0.9751353351181827,0.1734235289076027,0.03142551738162469,0.5521567851539857,0.3094565365760604,0.004840919574577015,0.0027624766434110803,0.0012508611851061793,0.0005761401645196445,0.0003356130246694144,0.00015147197059070297,0.0036112017754712854,0.10125401596020313,0.0022621317679249815,0.15100010363768265,1.5B,16384
10,7,lenshift_16384,lenshift,9649,9.174609562020384,19.966986694747135,28.684063553205217,2.2873490520212036,33.86709869267525,6.790553214792482,1.0958161219053466,11.807969273981122,0.09701297862703352,-17.330529039396964,21.42588858153013,1.9717928210202557e-08,0.9999999995037152,0.06666666666666667,0.5105185553924265,2.874715348958594,0.9986079874435717,0.7017505545276566,0.9160612376795192,0.9847729905619511,0.010750185915431185,0.05031136741703035,0.19940962956095948,0.5432582877946992,0.00015892412465534004,8.772439449275779e-05,3.3435290813907665e-05,1.3119385242569857e-05,7.28224496258485e-06,3.0305623356977524e-06,0.0002496324446294759,0.10125401596020313,0.00012604787878875792,0.15100010363768265,1.5B,16384
10,8,lenshift_16384,lenshift,9649,9.174609562020384,15.932400957347692,28.684063553205217,2.2873490520212036,33.86709869267525,6.790553214792482,1.0958161219053466,11.807969273981122,0.09701297862703352,-23.474079195190868,27.086627696685312,8.664555812068185e-09,0.9999999999972764,0.06666666666666667,0.5082098843992129,1.8804935810584005,0.9986366772452895,0.9062971192149105,0.9505146960215244,0.984589535398361,0.395811891374229,0.039620803487173895,0.16187071791310317,0.7887982472170619,0.004298456311549411,0.0031360681806713382,0.0020123798767396313,0.0012822051728907976,0.0009080500463133004,0.000526106188045401,0.002473223623951805,0.10125401596020313,0.002095489998524824,0.15100010363768265,1.5B,16384
10,9,lenshift_16384,lenshift,9649,9.174609562020384,14.603583519004717,28.684063553205217,2.2873490520212036,33.86709869267525,6.790553214792482,1.0958161219053466,11.807969273981122,0.09701297862703352,-22.46280838154695,14.839468310340578,5.697673741247867e-06,0.9999996408285139,0.06666666666666667,0.5937335495818998,3.0837354452615493,0.9977460996455099,0.6322143134546737,0.8401814575085159,0.954692997877644,0.08273789879256899,0.14156836128390204,0.26372682291318306,0.4762968274167161,0.004970010512594109,0.00359117839513078,0.0019610147633051275,0.0010365198800131674,0.0006501575500589364,0.0003005061669030421,0.0045922525071054,0.10125401596020313,0.003652026626279774,0.15100010363768265,1.5B,16384
10,10,lenshift_16384,lenshift,9649,9.174609562020384,17.804118947035764,28.684063553205217,2.2873490520212036,33.86709869267525,6.790553214792482,1.0958161219053466,11.807969273981122,0.09701297862703352,-3.1241414757335804,26.968814304947642,8.670286059797462e-09,0.9999999999970608,0.06666666666666667,0.45363988058514704,2.7791563363114498,0.9986225706449995,0.7373717107199065,0.8948470321372968,0.9788140786663715,0.02649448888817585,0.04565591082421405,0.06460653067496613,0.6821497771460974,0.0007115977556541225,0.0003706024079133994,0.00016806705336386052,8.459477766290474e-05,5.2393491003629205e-05,2.5049424265952523e-05,0.0006934043160582975,0.10125401596020313,0.0005050577711629694,0.15100010363768265,1.5B,16384
10,11,lenshift_16384,lenshift,9649,9.174609562020384,16.198904034993397,28.684063553205217,2.2873490520212036,33.86709869267525,6.790553214792482,1.0958161219053466,11.807969273981122,0.09701297862703352,-23.119956877301718,25.687264495310103,8.801334105075519e-09,0.999999999992015,0.06666666666666667,0.5602706458647356,2.8686631643395737,0.9980266119126173,0.7188334614035853,0.8840705619316866,0.9602670685903418,0.022295640715414455,0.608857473686482,0.3037039221368359,0.5403443970985067,0.005910446629285185,0.003549830787208927,0.0017446624386188762,0.0009564114104208553,0.0006370014404112245,0.0003337778253534618,0.004982773254549081,0.10125401596020313,0.00416125134242118,0.15100010363768265,1.5B,16384
11,0,lenshift_16384,lenshift,9649,9.174609562020384,17.03618611015539,24.188353116576017,2.0136247007329593,29.200258610558784,8.130499024103344,0.7537789754434567,10.376990891333941,0.03676067419006097,-28.67911379828172,28.989710886116995,8.625007851399313e-09,0.999999999998743,0.06666666666666667,0.5058784846402296,2.8953426648512366,0.9931338340695652,0.756658561119917,0.8557624155189197,0.9154146552927069,0.5010787189570765,0.06381398488460199,0.4256627654435876,0.4508981511626666,0.13757089278155626,0.09175614892754426,0.03773926303600424,0.016905426439551313,0.00969822567229222,0.004204194380516107,0.12937725638945044,0.10125401596020313,0.11407918820834913,0.15100010363768265,1.5B,16384
11,1,lenshift_16384,lenshift,9649,9.174609562020384,18.95505825043648,24.188353116576017,2.0136247007329593,29.200258610558784,8.130499024103344,0.7537789754434567,10.376990891333941,0.03676067419006097,-27.182275714681417,69.74479740527622,8.617937134092186e-09,0.9999999999989999,0.06666666666666667,0.5853998539107957,2.1788566644398903,0.9976627803078815,0.8748581952489591,0.9666484098574744,0.9824055159003668,0.6897019562612909,0.1437917550568213,0.4669459512042155,0.5139440928164951,0.025432870112054955,0.017410740474534378,0.009724784441453693,0.0056096474880366525,0.003823762452020901,0.0019936017608760395,0.022811471067328875,0.10125401596020313,0.01856992561195438,0.15100010363768265,1.5B,16384
11,2,lenshift_16384,lenshift,9649,9.174609562020384,23.185160056136155,24.188353116576017,2.0136247007329593,29.200258610558784,8.130499024103344,0.7537789754434567,10.376990891333941,0.03676067419006097,-38.41257356545504,72.86245631721721,8.617937134092186e-09,0.9999999999989999,0.06666666666666667,0.5742276037671875,1.6403474747388207,0.9992778193863864,0.9734392066197868,0.9919353469318908,0.995334402778009,0.8997835752814498,0.3893872312531146,0.543337825461024,0.45080003221748,0.0057288067533916,0.0037330003909394477,0.001780709056111523,0.0008608559314508943,0.000491283718923389,0.00019713478282031415,0.005642858549367826,0.10322313193077003,0.004702744334373104,0.15296921960824955,1.5B,16384
11,3,lenshift_16384,lenshift,9649,9.174609562020384,16.40045092752652,24.188353116576017,2.0136247007329593,29.200258610558784,8.130499024103344,0.7537789754434567,10.376990891333941,0.03676067419006097,-39.72867366189467,24.0329498035614,9.527722152144293e-09,0.9999999999624722,0.06666666666666667,0.506828841716057,2.3451134119860617,0.9933173767950249,0.8138521241097011,0.8882180308062971,0.9329490315078428,0.18642007336003585,0.3067301918479588,0.5767161275857927,0.30847883529158704,0.1286479116252254,0.09474490210981697,0.048057357332659194,0.02420894067836862,0.014387090463733052,0.006162890520403826,0.12026057191237627,0.10125401596020313,0.0988923300980397,0.15100010363768265,1.5B,16384
11,4,lenshift_16384,lenshift,9649,9.174609562020384,24.146023775610825,24.188353116576017,2.0136247007329593,29.200258610558784,8.130499024103344,0.7537789754434567,10.376990891333941,0.03676067419006097,-51.23445558810936,92.61648500075233,8.617937134092186e-09,0.9999999999989999,0.06666666666666667,0.5686309464262195,1.347241263244743,0.9995812470942226,0.9930444258204023,0.9973692320622898,0.9982637990864979,0.1612270370070279,0.2697080938927927,0.515717574122029,0.481985954768276,0.0019869457695224878,0.0013169152777367196,0.0006440343841830561,0.0002956723175134672,0.00016057077274152104,5.865392542973291e-05,0.0019776506798536227,0.10322313193077003,0.0014763599543249804,0.15296921960824955,1.5B,16384
11,5,lenshift_16384,lenshift,9649,9.174609562020384,18.74880573959567,24.188353116576017,2.0136247007329593,29.200258610558784,8.130499024103344,0.7537789754434567,10.376990891333941,0.03676067419006097,-33.78994349017739,45.67124060559945,8.617937134481786e-09,0.9999999999989999,0.06666666666666667,0.5119581224877696,2.047769065833089,0.9984750275528912,0.902337147368862,0.9724961912018677,0.9873962967787125,0.6209562836801876,0.27872362089063696,0.49384824936770105,0.48595727086974155,0.01978253006193195,0.013710698429648307,0.005843959064902983,0.002694481226903959,0.0015974626132629715,0.000695861380115009,0.01788529036859092,0.10125401596020313,0.015426488060843277,0.15100010363768265,1.5B,16384
11,6,lenshift_16384,lenshift,9649,9.174609562020384,21.872490258061674,24.30597464647814,3.1509798369045035,32.20977510940459,7.359365897226456,0.6778191148296693,10.925653844160509,0.029604290397072137,-38.12785549403634,18.443365211578026,1.9868042597049746e-07,0.9999999902232911,0.06666666666666667,0.4105953291545434,1.8474008033868743,0.9994251691915393,0.9171768584109389,0.9708819943585169,0.9985279983860732,0.4245014250113449,0.03868582570234236,0.07855049359302091,0.13921351798893022,0.00011880347383681144,5.6968229429511075e-05,8.427783814190457e-06,7.471793800799115e-07,3.253842618110249e-07,1.1597634242038838e-07,0.00020477954594010715,0.10125401596020313,0.00018700053421375932,0.15100010363768265,1.5B,16384
11,7,lenshift_16384,lenshift,9649,9.174609562020384,19.01827212945239,24.30597464647814,3.1509798369045035,32.20977510940459,7.359365897226456,0.6778191148296693,10.925653844160509,0.029604290397072137,-26.715121432262297,20.381527491906834,3.870187814394154e-08,0.9999999985916079,0.06666666666666667,0.4713762319106504,2.7010517716913296,0.9981897088162616,0.813439744095335,0.9235487737129541,0.9701488996564234,0.0842677134896812,0.11583567668256034,0.19065266295960506,0.6456716261142841,0.020951721195556765,0.011385884611473492,0.0013900712887331434,0.00014155176775570289,5.437248814308483e-05,1.8538113600737478e-05,0.02460936970649641,0.10125401596020313,0.022382886411232285,0.15100010363768265,1.5B,16384
11,8,lenshift_16384,lenshift,9649,9.174609562020384,28.845423640570218,24.30597464647814,3.1509798369045035,32.20977510940459,7.359365897226456,0.6778191148296693,10.925653844160509,0.029604290397072137,-46.250725055442125,34.513532570001736,8.61796555563661e-09,0.9999999999989988,0.06666666666666667,0.3721690338484087,0.4525230524722059,0.9997020340271727,0.9861342437820482,0.994425906720349,0.996600509827804,0.31353512651957427,0.8021638560873505,0.05705187738482376,0.9285774222982494,0.0019086068241465628,0.0010634120649552063,0.0003531875214616402,0.0001244018198616376,5.6869177766106747e-05,1.5792821707154844e-05,0.0029202687774921247,0.10125401596020313,0.002558649945285084,0.15100010363768265,1.5B,16384
11,9,lenshift_16384,lenshift,9649,9.174609562020384,17.933285671704652,24.30597464647814,3.1509798369045035,32.20977510940459,7.359365897226456,0.6778191148296693,10.925653844160509,0.029604290397072137,-15.66795037073248,30.81634890110067,8.61907939626805e-09,0.9999999999989586,0.06666666666666667,0.46725896825384255,3.1773134269625167,0.9975438559790573,0.6330616011964474,0.854308461765751,0.9546874143238941,0.11502673641402261,0.12546783841589915,0.153583052539152,0.6359306079351348,0.020310644674166017,0.010305675222756201,0.00167487686242462,0.00027562759503579404,0.0001221404679226372,3.823298436025334e-05,0.03605164264141423,0.10125401596020313,0.02970919223924521,0.15100010363768265,1.5B,16384
11,10,lenshift_16384,lenshift,9649,9.174609562020384,18.16326407533843,24.30597464647814,3.1509798369045035,32.20977510940459,7.359365897226456,0.6778191148296693,10.925653844160509,0.029604290397072137,2.206333771464415,11.284695706939702,0.00015434845760644583,0.9999874364173028,0.06666666666666667,0.3894761361712037,2.23770136310799,0.9990847851490452,0.8067238404670889,0.948771629944608,0.992552042056198,0.007206384062226068,0.38245515995442214,0.012518406656765051,0.13913753112388183,0.0006394842649810958,0.0002810705259860567,3.6254032025130685e-05,3.3650954201060346e-06,1.1180309308267195e-06,2.5509576201446916e-07,0.0016774411268195776,0.10125401596020313,0.0010111606264597759,0.15100010363768265,1.5B,16384
11,11,lenshift_16384,lenshift,9649,9.174609562020384,24.680052330484937,24.30597464647814,3.1509798369045035,32.20977510940459,7.359365897226456,0.6778191148296693,10.925653844160509,0.029604290397072137,-31.50337236418443,17.68907855151167,3.970422820416926e-07,0.9999999792149208,0.06666666666666667,0.43956596958008204,2.6643171195874285,0.9986837804253388,0.8064989436377098,0.9298777931043942,0.9843447418842912,0.5164081283530801,0.017954262437701374,0.2733820481294,0.5220303833502202,0.006902936316813777,0.0029665628302740746,0.00042314369650135416,4.940699978404815e-05,2.0529611700300455e-05,7.106018667484777e-06,0.010580350786894663,0.10125401596020313,0.008542564505596085,0.15100010363768265,1.5B,16384
12,0,lenshift_16384,lenshift,9649,9.174609562020384,20.34289513533649,21.61451118280212,1.4668726267292111,26.41010689191264,10.333033968226264,0.7477422537763622,13.445016063611963,0.0320381579305414,19.609737908138946,26.85104622034722,8.676711575463305e-09,0.9999999999968185,0.06666666666666667,0.5923244969058064,2.3664408044310994,0.9987906139823096,0.8682908995430249,0.96214743573786,0.9885945145408335,0.07310431987144916,0.2666315425388921,0.22537817504509702,0.6947103733308835,0.0056203439246729535,0.004043291395704123,0.0021744931107040787,0.0010424755434956241,0.0005390513707710265,0.00017926080050708663,0.005561771679732616,0.10125401596020313,0.004782321248560441,0.15100010363768265,1.5B,16384
12,1,lenshift_16384,lenshift,9649,9.174609562020384,19.19108551071056,21.61451118280212,1.4668726267292111,26.41010689191264,10.333033968226264,0.7477422537763622,13.445016063611963,0.0320381579305414,13.871736949362457,7.047905121160937,0.006989774863707406,0.9991315269214733,0.03333333333333333,0.5523617353249609,2.4693828402132008,0.9984985246274035,0.7873863622856772,0.9080684906552896,0.9660216517695153,0.18715571499065708,0.033701383980940136,0.08683660658826925,0.15211327710208192,0.007168646390949519,0.0034344996365633547,0.001413607279500348,0.0005259101651505722,0.0002531001443157897,7.094858351623148e-05,0.004755414120174768,0.10322313193077003,0.0036777296862939538,0.15296921960824955,1.5B,16384
12,2,lenshift_16384,lenshift,9649,9.174609562020384,20.04939372681211,21.61451118280212,1.4668726267292111,26.41010689191264,10.333033968226264,0.7477422537763622,13.445016063611963,0.0320381579305414,28.41717774727765,31.08594662330613,8.618809657524672e-09,0.9999999999989684,0.06666666666666667,0.6079479923651459,2.548596232994273,0.9988483886062051,0.865913171477693,0.9475261585762276,0.9868188958807479,1.0665696446298067,0.037040610299829524,0.18342349507445033,0.7132365408676052,0.00209122064580361,0.0013336069728008282,0.0006781121165730724,0.00032342372789064265,0.00017694756880277682,6.4372443945558e-05,0.0017391345223051599,0.10125401596020313,0.0013433209916969603,0.15100010363768265,1.5B,16384
12,3,lenshift_16384,lenshift,9649,9.174609562020384,16.44886442095877,21.61451118280212,1.4668726267292111,26.41010689191264,10.333033968226264,0.7477422537763622,13.445016063611963,0.0320381579305414,3.26647783552899,1.127316431830609,0.5563884180086194,0.755343316143967,0.03333333333333333,0.5765802063342925,3.1889817860881915,0.9965800689510733,0.7121640156004618,0.8258596145177788,0.9152935687855814,0.23415259102051778,0.010403019690068849,0.1666639608074904,0.3549750613094534,0.03306055753453164,0.019104815943175278,0.00854631981522108,0.0036913616752365097,0.0018642059465075588,0.0005712652687068316,0.023308302596022363,0.10322313193077003,0.019713373987860234,0.15296921960824955,1.5B,16384
12,4,lenshift_16384,lenshift,9649,9.174609562020384,17.787689960186523,21.61451118280212,1.4668726267292111,26.41010689191264,10.333033968226264,0.7477422537763622,13.445016063611963,0.0320381579305414,-24.65071511431597,9.302727767773078,0.0009392802495709332,0.9999088331239293,0.06666666666666667,0.5199164414865429,1.7237385357668389,0.9992201613837517,0.9659768263664119,0.9822404028458657,0.9895687861197919,0.47281340388693505,0.22384587424511837,0.15483783075495688,0.4942189872658735,0.008388137743481,0.005127253814953133,0.001500495497400029,0.000157056917264325,5.381560810330706e-05,1.687227021262611e-05,0.009198205348944586,0.10322313193077003,0.008389423435366639,0.15296921960824955,1.5B,16384
12,5,lenshift_16384,lenshift,9649,9.174609562020384,19.114360056169893,21.61451118280212,1.4668726267292111,26.41010689191264,10.333033968226264,0.7477422537763622,13.445016063611963,0.0320381579305414,24.884298906606787,29.13484987052267,8.62405582402934e-09,0.9999999999987776,0.06666666666666667,0.6052372974432452,2.5835825560241297,0.9985359823364811,0.8090500944351777,0.932849684000907,0.9830084752707549,0.3320328304219746,0.16027970229304822,0.2120112359797475,0.6633309963506302,0.006740114573941839,0.004720526627656035,0.0024156794954569506,0.0010694891657151066,0.0005554341824632954,0.00017992581306433227,0.006354483179825307,0.10125401596020313,0.005415604370766118,0.15100010363768265,1.5B,16384
12,6,lenshift_16384,lenshift,9649,9.174609562020384,24.12559217707687,23.892203391901074,1.328266872148819,28.00910319781956,9.27601522335864,0.6316859350823572,11.59160677489644,0.035562373150865224,-51.49344380287563,19.372743518699494,8.723607733248477e-08,0.9999999961395591,0.03333333333333333,0.728393654075745,0.8475179968585265,0.9996955772753433,0.9682740938923226,0.9861647092341099,0.9965257191974871,0.25980077909312893,0.2554154864334457,0.8360694183606677,0.13591920565563748,0.0007267349800273356,0.00037383118653900265,0.00014769402724699833,7.180642132027918e-05,4.338623718604322e-05,1.8468283252176146e-05,0.00030974793009823945,0.10322313193077003,0.0002585061279260563,0.15296921960824955,1.5B,16384
12,7,lenshift_16384,lenshift,9649,9.174609562020384,24.39759363113083,23.892203391901074,1.328266872148819,28.00910319781956,9.27601522335864,0.6316859350823572,11.59160677489644,0.035562373150865224,-55.55452495462754,51.42101013708367,8.617937134093425e-09,0.9999999999989999,0.06666666666666667,0.42768629478813663,0.875203364580051,0.9997546694888506,0.9900673466422059,0.9970985854947761,0.9993556840866781,0.5034760106269522,0.02732587762190164,0.8012193951893833,0.19614903744545686,0.0005271491776050048,0.00028788659024765674,0.00012152803973981203,5.2678861477552e-05,2.8732011794536236e-05,1.0768103203108693e-05,0.00031989445774348524,0.10125401596020313,0.00021819240770108597,0.15100010363768265,1.5B,16384
12,8,lenshift_16384,lenshift,9649,9.174609562020384,22.866500156030817,23.892203391901074,1.328266872148819,28.00910319781956,9.27601522335864,0.6316859350823572,11.59160677489644,0.035562373150865224,-26.83545083508772,41.76226050916183,8.617937153513048e-09,0.9999999999989999,0.06666666666666667,0.4033694899030675,2.2148488575000513,0.9992594189871771,0.8965753678785967,0.9800053230231391,0.9971273823612956,0.24511412230780683,0.11047770061369633,0.2808854004066821,0.6805715069048114,0.00038175292538089324,0.00018933141006680153,7.655597426037856e-05,3.278420289502111e-05,1.738692606892556e-05,6.71536893060385e-06,0.00024732545230810135,0.10125401596020313,0.00017489000114346155,0.15100010363768265,1.5B,16384
12,9,lenshift_16384,lenshift,9649,9.174609562020384,20.33941797932099,23.892203391901074,1.328266872148819,28.00910319781956,9.27601522335864,0.6316859350823572,11.59160677489644,0.035562373150865224,0.9750666057362398,70.05941604870812,8.617937134092186e-09,0.9999999999989999,0.06666666666666667,0.5136416495273608,2.3794718939962713,0.9989022397416778,0.8690619347994423,0.9762783791419419,0.9953469519402951,0.3777986602271052,0.19981599608060174,0.06768200355035758,0.9161053693098885,0.003059388742536711,0.002162001674797263,0.0011744870072780047,0.0005945883622099268,0.0003607834215766686,0.0001569936725303152,0.0025273014986332302,0.10125401596020313,0.001955517543326095,0.15100010363768265,1.5B,16384
12,10,lenshift_16384,lenshift,9649,9.174609562020384,17.577763731317003,23.892203391901074,1.328266872148819,28.00910319781956,9.27601522335864,0.6316859350823572,11.59160677489644,0.035562373150865224,-25.85083971829974,24.780201174264022,9.060106008999338e-09,0.999999999981698,0.06666666666666667,0.40829266074623055,2.0687106289211257,0.9983041324794008,0.8838430704449578,0.9669327125577342,0.9850116510754681,0.013058513490634138,0.19435711518804633,0.12656856141942854,0.7984563349623971,0.00902100508035794,0.0069415156570899,0.004008423442854464,0.002102557731521832,0.0013313439207931236,0.0006518618540514438,0.007698673708600518,0.10125401596020313,0.006601289239173451,0.15100010363768265,1.5B,16384
12,11,lenshift_16384,lenshift,9649,9.174609562020384,23.568756029681595,23.892203391901074,1.328266872148819,28.00910319781956,9.27601522335864,0.6316859350823572,11.59160677489644,0.035562373150865224,-57.27465259237215,4.4037158813820625,0.06537208592247662,0.9879160056220004,0.03333333333333333,0.39626658580489654,1.775194959903811,0.999459853151657,0.9308563827113816,0.9853271502517059,0.9982165835187371,0.3576086971367194,0.08389060456262953,0.23312299711868528,0.6494481026069242,0.0004378679118727302,0.0002598651824502422,0.00011069967143279245,4.89695261106775e-05,2.6426438238959117e-05,9.724614141978321e-06,0.00046837639379151936,0.10322313193077003,0.0004124522034507291,0.15296921960824955,1.5B,16384
13,0,lenshift_16384,lenshift,9649,9.174609562020384,24.798786019082733,22.501846182364297,1.2290604695051774,25.75737228927094,10.517448138831753,0.8348466393310543,12.915595211320746,0.029021192022243857,-13.968858820550594,93.7610055513899,8.617937134092186e-09,0.9999999999989999,0.06666666666666667,0.5605090595267503,2.105611075431831,0.9990116553485812,0.9134402249984107,0.9877204191705514,0.997512906575056,0.19124300572376607,0.121147912884078,0.3081776079479418,0.6891553881473098,0.003353982396860194,0.0025738209847187233,0.0016614222085346692,0.001025663467284684,0.0007055575311005909,0.00037494712977545084,0.0026338446237138295,0.10125401596020313,0.0020991951057855516,0.15100010363768265,1.5B,16384
13,1,lenshift_16384,lenshift,9649,9.174609562020384,20.585565122506416,22.501846182364297,1.2290604695051774,25.75737228927094,10.517448138831753,0.8348466393310543,12.915595211320746,0.029021192022243857,-16.601567093063792,25.64550885952572,8.808939274659886e-09,0.9999999999917171,0.06666666666666667,0.7607718851969939,2.811500698878307,0.9936654879785759,0.8256234140319375,0.8900898160372582,0.938196343294567,0.5052726886321228,0.07511538308992671,0.29739595095013194,0.5267596885323598,0.05167249430165074,0.03920731163333155,0.025054738023770347,0.01600945758602051,0.011258213048737838,0.006046128426909395,0.04336195887720386,0.10125401596020313,0.038811399235216544,0.15100010363768265,1.5B,16384
13,2,lenshift_16384,lenshift,9649,9.174609562020384,26.203094542115444,22.501846182364297,1.2290604695051774,25.75737228927094,10.517448138831753,0.8348466393310543,12.915595211320746,0.029021192022243857,-15.533838591154876,78.73936775923872,8.617937134092186e-09,0.9999999999989999,0.06666666666666667,0.45927177253838997,2.2488121525733797,0.9980258554907615,0.8437763909957336,0.9731997983306414,0.9926034847611944,0.04859037461507287,0.25281104300313917,0.40700935019113127,0.5855571862461775,0.014987180136176604,0.012393243718547437,0.008484736086679278,0.005250443549842706,0.0034931119676455545,0.0017220308245016682,0.01035092462350664,0.10125401596020313,0.00789017273580065,0.15100010363768265,1.5B,16384
13,3,lenshift_16384,lenshift,9649,9.174609562020384,27.39525597741152,22.501846182364297,1.2290604695051774,25.75737228927094,10.517448138831753,0.8348466393310543,12.915595211320746,0.029021192022243857,-23.075417613281914,92.42406080696075,8.617937134092186e-09,0.9999999999989999,0.06666666666666667,0.5078342944805575,1.704309893380465,0.9990665565996122,0.9159028661861905,0.9870169848067293,0.9963699831550664,0.4460533951214969,0.3067196017937257,0.5773698714434269,0.41870390333571317,0.006445380632305061,0.004863899339664507,0.003024565510724175,0.0017892048358010156,0.0011716523952408611,0.0005680754607037427,0.003579776010950841,0.10125401596020313,0.0026914135520311393,0.15100010363768265,1.5B,16384
13,4,lenshift_16384,lenshift,9649,9.174609562020384,34.28485930732437,22.501846182364297,1.2290604695051774,25.75737228927094,10.517448138831753,0.8348466393310543,12.915595211320746,0.029021192022243857,-60.93063089777439,77.88213615524859,8.617937134092186e-09,0.9999999999989999,0.06666666666666667,0.46485697887895805,1.1639756242075268,0.9994720708328382,0.9926702979794135,0.9945644561193915,0.9957457034016939,1.1057570889522355,0.06391352520407256,0.3106790030757809,0.6830793257727931,0.003798561934370559,0.002596461255887338,0.0011760687691584506,0.00046662666041086693,0.0002175865576961499,5.8996169668511014e-05,0.004246919561443939,0.10125401596020313,0.0029881704900512093,0.15100010363768265,1.5B,16384
13,5,lenshift_16384,lenshift,9649,9.174609562020384,18.625680145708532,22.501846182364297,1.2290604695051774,25.75737228927094,10.517448138831753,0.8348466393310543,12.915595211320746,0.029021192022243857,-18.914806607014988,43.80065698580139,8.617937136621507e-09,0.9999999999989999,0.06666666666666667,0.5635680754910224,3.436452284406365,0.9638492002115419,0.6792027427815078,0.8306802516093126,0.8593431881469192,0.07370636652900298,0.11813499800307214,0.3822508050979033,0.4730345783538207,0.2890270322839277,0.24582225215323497,0.18416231429165464,0.13411706425205192,0.1044862574277521,0.06821370645209897,0.1885950306007596,0.10125401596020313,0.1528607859103388,0.15100010363768265,1.5B,16384
13,6,lenshift_16384,lenshift,9649,9.174609562020384,21.220704656145344,23.270730897872603,1.5286296143892435,26.86804058099402,7.267213084557895,1.0273087256255702,10.27934949131569,0.0813746052346951,70.11187291495939,66.60669128477734,8.617937134092186e-09,0.9999999999989999,0.06666666666666667,0.44464701239354015,2.715193684364564,0.9987267532713284,0.722528260742941,0.958822027056393,0.9981200500715992,0.05398876424330279,0.29237612835658133,0.14483986124867332,0.8405488690851833,0.0008593001131134712,0.000581192891945683,0.00033186703537783544,0.00018523564804535301,0.00011749840465780781,5.437498481547092e-05,0.0006576392793748401,0.10125401596020313,0.0005201749340455665,0.15100010363768265,1.5B,16384
13,7,lenshift_16384,lenshift,9649,9.174609562020384,19.047984853677605,23.270730897872603,1.5286296143892435,26.86804058099402,7.267213084557895,1.0273087256255702,10.27934949131569,0.0813746052346951,45.967566041385425,26.99369441321366,8.669020582962504e-09,0.9999999999971085,0.06666666666666667,0.47025621125680733,2.4288034679623447,0.9981803600344511,0.8345101312820162,0.9143034477927975,0.9753114308562548,0.0451828124496787,0.143624110698513,0.2884407263750955,0.6238681760475773,0.005973213671156029,0.004344399071654813,0.002818928586789386,0.001829983576372089,0.0012875268484725296,0.0007096658708545682,0.004384845154472536,0.10125401596020313,0.0032152005331391397,0.15100010363768265,1.5B,16384
13,8,lenshift_16384,lenshift,9649,9.174609562020384,21.09293024801441,23.270730897872603,1.5286296143892435,26.86804058099402,7.267213084557895,1.0273087256255702,10.27934949131569,0.0813746052346951,55.817687639418764,38.59559145072639,8.617937594916393e-09,0.9999999999989999,0.06666666666666667,0.4477066762264393,1.871236590095456,0.999390389312663,0.9092621418400906,0.9697928102821921,0.9979411827303915,0.09721288620213553,0.11073023399326143,0.12699839343849353,0.8346945873463189,0.00015084017993518948,0.00011405773876998451,7.406103747313963e-05,4.7373141748891625e-05,3.295911341765898e-05,1.7339628420437762e-05,9.95483104113278e-05,0.10125401596020313,8.050366777210648e-05,0.15100010363768265,1.5B,16384
13,9,lenshift_16384,lenshift,9649,9.174609562020384,18.33875679150676,23.270730897872603,1.5286296143892435,26.86804058099402,7.267213084557895,1.0273087256255702,10.27934949131569,0.0813746052346951,74.43589034413591,71.06963869232706,8.617937134092186e-09,0.9999999999989999,0.06666666666666667,0.524273393727218,2.6946412125981674,0.9985001519013998,0.7415524141401115,0.9706975612529141,0.995233989577901,0.0550352704918291,0.4107863663538538,0.10864879237254751,0.8777056498137304,0.0027100641980550132,0.0019025967514956664,0.0011710856940622307,0.0007305549751058521,0.0005142280539892257,0.0002837559107718971,0.0015237642940547278,0.10125401596020313,0.0011565446811279485,0.15100010363768265,1.5B,16384
13,10,lenshift_16384,lenshift,9649,9.174609562020384,18.432347015624003,23.270730897872603,1.5286296143892435,26.86804058099402,7.267213084557895,1.0273087256255702,10.27934949131569,0.0813746052346951,51.87407310745296,53.39827174514615,8.617937134092356e-09,0.9999999999989999,0.06666666666666667,0.508684995023323,2.353465926924285,0.9986150324196877,0.8681370823395451,0.9623406054630929,0.9908319666369187,0.47257455242806845,0.08543094543515739,0.3227369712691447,0.6480834362904915,0.005575865426335282,0.0038143267767369437,0.0021412964547076856,0.0012037432098060314,0.0007952923789852958,0.0004041149358607784,0.0044684462008652,0.10125401596020313,0.0033363845453848007,0.15100010363768265,1.5B,16384
13,11,lenshift_16384,lenshift,9649,9.174609562020384,17.774279195117607,23.270730897872603,1.5286296143892435,26.86804058099402,7.267213084557895,1.0273087256255702,10.27934949131569,0.0813746052346951,56.3010016749887,57.5387287158793,8.617937134092187e-09,0.9999999999989999,0.06666666666666667,0.4972446829815718,2.6646806636547757,0.9978868730780758,0.747677044471679,0.9633546923658819,0.9887027118003946,0.13835845203295616,0.04685212267865024,0.25633034693807316,0.726836637830393,0.007026165578141713,0.005429337714281043,0.003625464410758387,0.0023895020335349734,0.0016956560521333456,0.0009154914525702304,0.004354471621768643,0.10125401596020313,0.003686717748166128,0.15100010363768265,1.5B,16384
14,0,lenshift_16384,lenshift,9649,9.174609562020384,19.532110777006743,26.992058924043548,2.604921482361054,38.13841907618458,12.642493487627906,0.7628492021697844,15.304807030730457,0.021109019700031446,-59.30562039683849,15.444293394588897,3.2344515324545e-06,0.9999998038308407,0.06666666666666667,0.6893779838423194,0.6062087079051401,0.9996904012403282,0.9846392129199761,0.9899544177342877,0.994516677330952,0.07546477519572559,0.20830162128883067,0.8658390900604318,0.09713503879744277,0.00935927978063376,0.004448861579861479,0.0017851263048016778,0.0008721867499318915,0.000528785248230595,0.0002295668034993291,0.0059325577795763485,0.10322313193077003,0.004834932553133306,0.15296921960824955,1.5B,16384
14,1,lenshift_16384,lenshift,9649,9.174609562020384,21.0347388237611,26.992058924043548,2.604921482361054,38.13841907618458,12.642493487627906,0.7628492021697844,15.304807030730457,0.021109019700031446,-55.792380143614395,8.091089600912852,0.0027834026908014698,0.9996938378843462,0.03333333333333333,0.6664198097655053,0.6169888363147615,0.9993199777371394,0.9688249663586531,0.9817764736554593,0.9906317990787205,0.1296933655437682,0.039840699400923274,0.9046894716745607,0.049037198207448056,0.03601807000896945,0.022978934393841768,0.012044692740846507,0.006460245132290135,0.004091072661284639,0.0019177704081632073,0.023337610115519554,0.10322313193077003,0.01953629571354186,0.15296921960824955,1.5B,16384
14,2,lenshift_16384,lenshift,9649,9.174609562020384,18.660562312399723,26.992058924043548,2.604921482361054,38.13841907618458,12.642493487627906,0.7628492021697844,15.304807030730457,0.021109019700031446,-34.77451254515083,16.34714397001906,1.3882067412921697e-06,0.9999999204699958,0.03333333333333333,0.6841731555448782,1.5427102021137413,0.9980196663776509,0.8872225010197281,0.9312172408417122,0.9601798839221949,0.11703244171438332,0.24960811432397811,0.7293078646778834,0.16499525011102623,0.07071899122900535,0.042921011713681886,0.020176054205015264,0.009021345067351942,0.005304305827427519,0.002136013935577785,0.05372399411424711,0.10322313193077003,0.04434341244434749,0.15296921960824955,1.5B,16384
14,3,lenshift_16384,lenshift,9649,9.174609562020384,22.812815805104346,26.992058924043548,2.604921482361054,38.13841907618458,12.642493487627906,0.7628492021697844,15.304807030730457,0.021109019700031446,-78.65112281800248,10.623526858152147,0.00028287978895652304,0.9999756639350463,0.03333333333333333,0.6045359544811515,0.8359778809696565,0.9997947630411583,0.9948916145907848,0.9976031891486902,0.9990695213568282,0.17438955048053995,0.03549639191723841,0.7303144217125622,0.17931049228912344,0.0004462691602120071,0.00010806180969278477,2.061891233691702e-05,6.949835152374142e-06,3.3536323930244408e-06,1.1065038479807947e-06,0.00040214848039253084,0.10322313193077003,0.0002498680003945121,0.15296921960824955,1.5B,16384
14,4,lenshift_16384,lenshift,9649,9.174609562020384,22.96682985869345,26.992058924043548,2.604921482361054,38.13841907618458,12.642493487627906,0.7628492021697844,15.304807030730457,0.021109019700031446,-92.99521769100102,7.186662574473345,0.006189722659839593,0.9992439619838054,0.03333333333333333,0.6357357547279833,0.20397547366764404,0.9998533850310072,0.9962638167092339,0.9973960178954003,0.9986777855543224,0.06782727102008224,0.06399967863078526,0.9658448426764156,0.009017920547042745,0.0028220053073586522,0.0008435148440241536,0.00022212276250644614,6.716210559708509e-05,3.082162988142232e-05,9.269841335468787e-06,0.0028422604771788018,0.10322313193077003,0.0020670222135416353,0.15296921960824955,1.5B,16384
14,5,lenshift_16384,lenshift,9649,9.174609562020384,22.979465313249253,26.992058924043548,2.604921482361054,38.13841907618458,12.642493487627906,0.7628492021697844,15.304807030730457,0.021109019700031446,-124.61220312782098,27.845520459053944,8.639972599050295e-09,0.999999999998193,0.03333333333333333,0.6091279836606874,0.02574621722722818,0.9998947237857742,0.9998461245210245,0.9999368671241414,0.9999732983830196,0.15993465658100092,0.23336034617234702,0.996640364140885,0.00031771082818983466,3.704668890818146e-05,1.1523650120310486e-05,1.6696677128571828e-06,4.692269498044689e-07,2.126060524128766e-07,6.96383067228369e-08,3.3804820946533725e-05,0.10322313193077003,2.3062849485147404e-05,0.15296921960824955,1.5B,16384
14,6,lenshift_16384,lenshift,9649,9.174609562020384,21.898673236355847,21.929597653728603,1.5327571480671311,28.593845137974625,9.317266391218809,0.7336969815043455,12.95149205030416,0.06050527030962257,-24.53866597834757,22.995624727429924,1.108549665505447e-08,0.9999999998959312,0.03333333333333333,0.6667490220301912,2.1439085235872883,0.998697334170763,0.7946496906818935,0.9006380828684155,0.982692865265363,0.14821564369302864,0.05672015398132424,0.5511607823956935,0.22918552326801722,0.0049471361787532695,0.003266526785467417,0.001992706213885717,0.0011868862693289227,0.0007899777419236042,0.00040771960765104045,0.0027318278475851427,0.10322313193077003,0.0023364615391104266,0.15296921960824955,1.5B,16384
14,7,lenshift_16384,lenshift,9649,9.174609562020384,19.194916195906355,21.929597653728603,1.5327571480671311,28.593845137974625,9.317266391218809,0.7336969815043455,12.95149205030416,0.06050527030962257,-1.6959568963331417,51.49838786149013,8.617937134093332e-09,0.9999999999989999,0.06666666666666667,0.749777342885125,2.868743152816249,0.9967540320392353,0.6960073661157173,0.9048445828573505,0.9632327219812787,0.0013035177307449321,0.0686439083568291,0.29256319155071137,0.6402400226468848,0.029137819108337133,0.017891138804423064,0.009988704161124372,0.005894650289856231,0.003977809218865869,0.0020652777759463323,0.012139247668403361,0.10125401596020313,0.009657446890438527,0.15100010363768265,1.5B,16384
14,8,lenshift_16384,lenshift,9649,9.174609562020384,22.325163885903503,21.929597653728603,1.5327571480671311,28.593845137974625,9.317266391218809,0.7336969815043455,12.95149205030416,0.06050527030962257,-11.533375087906325,52.02981796539184,8.617937134092859e-09,0.9999999999989999,0.06666666666666667,0.7529443389870341,2.079280713821145,0.9988911528696963,0.8682635354617149,0.9745216309338435,0.9890749591439024,0.10219224132575795,0.025344417296147004,0.48602047586038216,0.49476297146695414,0.008542423824475332,0.005112192195952148,0.002298346192755604,0.0011901464501184247,0.0007469296473413466,0.0003597475659626605,0.003350829163788801,0.10125401596020313,0.00236617072985069,0.15100010363768265,1.5B,16384
14,9,lenshift_16384,lenshift,9649,9.174609562020384,21.171067294940393,21.929597653728603,1.5327571480671311,28.593845137974625,9.317266391218809,0.7336969815043455,12.95149205030416,0.06050527030962257,-6.186291575431817,48.1656940302346,8.617937134124343e-09,0.9999999999989999,0.06666666666666667,0.7369718944673376,1.6274719705092733,0.9985958762877105,0.9348307101066918,0.9746661755161121,0.9910120031903473,0.6172934275166515,0.24654649349116164,0.1693858372551536,0.8108092367383058,0.006602047231015757,0.005009461470346794,0.0031713823718127476,0.0019534939197669576,0.0013424431068854124,0.0006948304777855001,0.003954069497766203,0.10125401596020313,0.003132005212065698,0.15100010363768265,1.5B,16384
14,10,lenshift_16384,lenshift,9649,9.174609562020384,19.356623578000097,21.929597653728603,1.5327571480671311,28.593845137974625,9.317266391218809,0.7336969815043455,12.95149205030416,0.06050527030962257,-18.274359149091392,25.448792293648953,8.849196677533321e-09,0.9999999999901339,0.06666666666666667,0.7398374892370498,2.4209113202065313,0.9963987639964519,0.8023882052238132,0.8968984970742484,0.9552547780158468,0.014143407615618941,0.2747530189759866,0.487463641514934,0.3963323912609521,0.03628176759287837,0.024626335653299213,0.014865337863828692,0.009258569003000806,0.006468537842631569,0.003608194325445108,0.023015814416978767,0.10125401596020313,0.019676171093754562,0.15100010363768265,1.5B,16384
14,11,lenshift_16384,lenshift,9649,9.174609562020384,21.46918610410287,21.929597653728603,1.5327571480671311,28.593845137974625,9.317266391218809,0.7336969815043455,12.95149205030416,0.06050527030962257,-15.403804048019268,14.633870388297325,6.905555297700619e-06,0.9999995588445646,0.03333333333333333,0.7056786667470314,2.775296179172074,0.9981866912642239,0.7174205667267327,0.860844273568042,0.966539896082924,0.14954520554197526,0.16042878623294343,0.3514581922488191,0.4235475794623497,0.007636238029588059,0.003922318242916951,0.0018189239857907733,0.0010043296224057498,0.0006797463429253871,0.0003680330839643281,0.0031751761097175662,0.10322313193077003,0.002569303210794665,0.15100010363768265,1.5B,16384
15,0,lenshift_16384,lenshift,9649,9.174609562020384,19.605704779457298,21.345985401383057,1.7508524088702995,28.866525248569495,7.883633513613239,1.2188166364267201,12.498141276850596,0.08035827204221395,-5.507741328547979,64.89625755012008,8.617937134092186e-09,0.9999999999989999,0.06666666666666667,0.36840550949928624,3.057067403541523,0.9941190213723912,0.665349837139044,0.9272730450416896,0.9629871556396827,0.008593110208643673,0.6299393576046786,0.08066095747737563,0.8381967368491833,0.025510278841833465,0.019681961163861398,0.0126406659539118,0.008128758856298164,0.0057004503592810295,0.003141025481688998,0.022819168705357412,0.10125401596020313,0.015812101545165626,0.15100010363768265,1.5B,16384
15,1,lenshift_16384,lenshift,9649,9.174609562020384,21.333746948150328,21.345985401383057,1.7508524088702995,28.866525248569495,7.883633513613239,1.2188166364267201,12.498141276850596,0.08035827204221395,-8.427826216115719,51.1869659733287,8.617937134093752e-09,0.9999999999989999,0.06666666666666667,0.4308129254104361,3.078650253328705,0.9945128635793774,0.7462016247439004,0.8898463992582758,0.9459818204893222,0.2294777521457425,0.08706405152125773,0.11039283233997774,0.7271615832092664,0.03250214475467206,0.022893201400629754,0.012154295356431158,0.006700752680430259,0.004553850309692718,0.0025204768005672082,0.02943661204615413,0.10322313193077003,0.026213803571343387,0.15296921960824955,1.5B,16384
15,2,lenshift_16384,lenshift,9649,9.174609562020384,19.127281680849926,21.345985401383057,1.7508524088702995,28.866525248569495,7.883633513613239,1.2188166364267201,12.498141276850596,0.08035827204221395,-3.698554608751742,57.46138750655604,8.617937134092187e-09,0.9999999999989999,0.06666666666666667,0.4258166908803567,3.978468782933593,0.9795473991795215,0.5775348496254545,0.725560002256896,0.816109549662769,0.23091538905098324,0.0005928164977299644,0.04748310355806805,0.659392607298352,0.12265969826020381,0.08428386077944677,0.04908425975306224,0.029569829059273075,0.020595669300529692,0.011391057478515878,0.10685595186157758,0.10322313193077003,0.08960672578023414,0.15100010363768265,1.5B,16384
15,3,lenshift_16384,lenshift,9649,9.174609562020384,16.86236508098437,21.345985401383057,1.7508524088702995,28.866525248569495,7.883633513613239,1.2188166364267201,12.498141276850596,0.08035827204221395,-16.828208581489672,29.950899754589262,8.620648264295398e-09,0.9999999999989015,0.06666666666666667,0.5214047924561298,4.002777205561767,0.9644644750258147,0.617492290754075,0.7242173302162812,0.8051167599871637,0.09602043595392884,0.09450553070447754,0.22744834019441046,0.5164791230942183,0.20162989679015877,0.16204733289095735,0.10953865587535272,0.07511934838570816,0.0573335588237981,0.037233798035802984,0.16722566550700413,0.10322313193077003,0.14117281545078567,0.15296921960824955,1.5B,16384
15,4,lenshift_16384,lenshift,9649,9.174609562020384,22.152528848650004,21.345985401383057,1.7508524088702995,28.866525248569495,7.883633513613239,1.2188166364267201,12.498141276850596,0.08035827204221395,-5.102911128717317,35.73158705726724,8.617945657119049e-09,0.9999999999989997,0.06666666666666667,0.3848815951607573,2.8926557194804703,0.9982489149472116,0.7121714776854691,0.9285767947561575,0.9863410938979723,0.2899836361590804,0.3564403338124366,0.07484367044174861,0.7665718006595924,0.003891762131957803,0.002522348760665126,0.001249869827554833,0.0006706753789885748,0.0004334427298397509,0.00022027382459680528,0.004150684476594915,0.10125401596020313,0.0036590735412169173,0.15100010363768265,1.5B,16384
15,5,lenshift_16384,lenshift,9649,9.174609562020384,28.9777460172832,21.345985401383057,1.7508524088702995,28.866525248569495,7.883633513613239,1.2188166364267201,12.498141276850596,0.08035827204221395,-46.963910804075354,65.15110482804833,8.617937134092186e-09,0.9999999999989999,0.06666666666666667,0.31828606254574415,0.34839663954634637,0.9998297830806678,0.9953939284738337,0.9987888929957236,0.9993461663773995,0.015011653768367328,0.748294957481213,0.05133796662428631,0.9459491430626148,0.000376751468414298,0.00024234180447174283,0.0001056257216739916,4.872779624602177e-05,2.680388661977748e-05,9.926364583761404e-06,0.0005613997036874366,0.10125401596020313,0.0004842986831459226,0.15100010363768265,1.5B,16384
15,6,lenshift_16384,lenshift,9649,9.174609562020384,14.716159519197518,94.17829129526362,0.7618884095207733,96.42841598592193,11.475428093564101,1.1170246028260198,15.785349479258196,0.03706809890000903,146.55064882601002,39.94197465684121,8.617937253989261e-09,0.9999999999989999,0.06666666666666667,0.12611935574320607,3.054583808732214,0.9947671112836932,0.7084674319686931,0.8906143453834342,0.9583560471141297,0.06552779164888811,0.0020747418382214278,0.08775540395482682,0.6854360250049171,0.0318547715008194,0.024842776371223577,0.01592612758742008,0.010710460214105077,0.007949579123263486,0.004909078122862318,0.02457542860038898,0.10322313193077003,0.021704677210046944,0.15296921960824955,1.5B,16384
15,7,lenshift_16384,lenshift,9649,9.174609562020384,91.45124013429061,94.17829129526362,0.7618884095207733,96.42841598592193,11.475428093564101,1.1170246028260198,15.785349479258196,0.03706809890000903,6573.438626611933,130.2017948053326,8.617937134092186e-09,0.9999999999989999,0.06666666666666667,0.7928394966486538,0.004097372232483774,0.9998962179169639,0.9999994154662449,0.9999999298910012,0.9999999953979644,0.0828725474368639,0.39299394781437513,3.927583462418245e-09,0.9999997284672787,3.0649602831982104e-10,3.4598089448271654e-11,1.5944067408467956e-12,6.718085898299221e-14,6.8432704899849765e-15,2.7053641574676396e-15,3.3892915382325452e-09,0.10125401596020313,3.0704761579958284e-09,0.15100010363768265,1.5B,16384
15,8,lenshift_16384,lenshift,9649,9.174609562020384,14.15010206824734,94.17829129526362,0.7618884095207733,96.42841598592193,11.475428093564101,1.1170246028260198,15.785349479258196,0.03706809890000903,23.313824317034552,39.392297722830655,8.61793734184316e-09,0.9999999999989999,0.06666666666666667,0.03776529658587361,3.798329745617985,0.9829443816096698,0.5877845062745876,0.7571024600912081,0.848875305179791,0.04826288306543125,0.1824766561626745,0.17898508096621493,0.5561440265095722,0.1738841641670067,0.13348954237966393,0.08008068942421731,0.04869760620884512,0.03419024378515406,0.019827718216292256,0.13256084128472082,0.10322313193077003,0.11481988979712704,0.15100010363768265,1.5B,16384
15,9,lenshift_16384,lenshift,9649,9.174609562020384,20.758940396388965,94.17829129526362,0.7618884095207733,96.42841598592193,11.475428093564101,1.1170246028260198,15.785349479258196,0.03706809890000903,137.9744832848801,58.14572258644242,8.617937134092186e-09,0.9999999999989999,0.06666666666666667,0.09574766005710152,1.8454839538429695,0.9975576037259227,0.9182168135964258,0.9690166434604262,0.977983383180537,0.32559811037495656,0.4138310968371304,0.5182604904780813,0.4562030017469402,0.040959895483031236,0.029069811241833245,0.015477935551583654,0.007791916287150171,0.004525490484638948,0.0017880287965030457,0.016732993513393364,0.10125401596020313,0.010333495277656923,0.15100010363768265,1.5B,16384
15,10,lenshift_16384,lenshift,9649,9.174609562020384,14.864974871575544,94.17829129526362,0.7618884095207733,96.42841598592193,11.475428093564101,1.1170246028260198,15.785349479258196,0.03706809890000903,164.96156879733596,52.74299354511592,8.617937134092517e-09,0.9999999999989999,0.06666666666666667,0.14279688829158485,2.959685246678473,0.9872691204787388,0.766726280409857,0.90776701626807,0.9309460478997253,0.20804811853174954,0.14613239609394135,0.28184721535447005,0.6333524186616443,0.11316927404120654,0.09260316531007648,0.06277420496505388,0.04178098211115667,0.030720473288111696,0.018025437519644586,0.08051382315465297,0.10125401596020313,0.06449438397662734,0.15100010363768265,1.5B,16384
15,11,lenshift_16384,lenshift,9649,9.174609562020384,16.810843296125682,94.17829129526362,0.7618884095207733,96.42841598592193,11.475428093564101,1.1170246028260198,15.785349479258196,0.03706809890000903,215.33516637367364,73.99664309845474,8.617937134092186e-09,0.9999999999989999,0.06666666666666667,0.16029657106574283,2.2839984465399246,0.9982835392849809,0.8802240823193651,0.9754722352994917,0.9900486993143763,0.03102257243643436,0.2677146427886363,0.11632495961300683,0.866671125784573,0.009321196477016515,0.006804487785244767,0.004020203315203285,0.002398715776831125,0.0016520436169777412,0.0009293489011800213,0.006783897369807265,0.10125401596020313,0.005110131864156249,0.15100010363768265,1.5B,16384
16,0,lenshift_16384,lenshift,9649,9.174609562020384,21.91127562728185,23.06054750925962,1.9707680055712915,28.61131494633636,10.631860751598568,1.017606124037257,13.494220822297923,0.04762959144757035,65.14244409869698,48.74217791515676,8.617937134110253e-09,0.9999999999989999,0.06666666666666667,0.726095996167406,2.553934540645598,0.9988935944583051,0.8024370129240201,0.9647796443072743,0.9960873743762224,0.12247591793380863,0.3127230199690425,0.04997739193599534,0.8617184246952287,0.0011995175796024307,0.0007911664498619364,0.00037430769197972525,0.00017793549130381084,9.928234064329837e-05,3.4495184032316866e-05,0.0009226954310231789,0.10322313193077003,0.0007251066666784513,0.15296921960824955,1.5B,16384
16,1,lenshift_16384,lenshift,9649,9.174609562020384,16.550733408207158,23.06054750925962,1.9707680055712915,28.61131494633636,10.631860751598568,1.017606124037257,13.494220822297923,0.04762959144757035,30.577910766005523,34.417227685917176,8.617968316608562e-09,0.9999999999989988,0.06666666666666667,0.7605706853341565,3.0711972440047384,0.9871110273064895,0.771524047036653,0.8583709283840735,0.9122557825006061,0.09507970775845331,0.11966079294450793,0.21966238036797417,0.6325567197623956,0.06560625128687445,0.052186130015190166,0.035699668017465276,0.02317530458990687,0.016370415634403186,0.009108172597259127,0.04686147794085824,0.10322313193077003,0.04136441927762582,0.15296921960824955,1.5B,16384
16,2,lenshift_16384,lenshift,9649,9.174609562020384,18.67371839028849,23.06054750925962,1.9707680055712915,28.61131494633636,10.631860751598568,1.017606124037257,13.494220822297923,0.04762959144757035,24.187631594784136,21.17355233239806,2.274491017868865e-08,0.9999999993615545,0.03333333333333333,0.7666407133188349,3.3224900095449748,0.987055567336268,0.6987138156762759,0.8112746272962338,0.8703919788799733,0.18846667164016395,0.0635724360274299,0.33799540710337805,0.3314107704463134,0.1307976463547813,0.09008314908523714,0.04941282172118635,0.026757481086862163,0.016596422413401802,0.007839819996299163,0.08743247593351888,0.10322313193077003,0.06491318415390582,0.15296921960824955,1.5B,16384
16,3,lenshift_16384,lenshift,9649,9.174609562020384,14.083199824233159,23.06054750925962,1.9707680055712915,28.61131494633636,10.631860751598568,1.017606124037257,13.494220822297923,0.04762959144757035,25.4177694531048,25.915135927231265,8.764827655774281e-09,0.9999999999934384,0.06666666666666667,0.7698100341093406,5.128496319995639,0.945013515267099,0.39647987371459575,0.530301915088357,0.6293642147386911,0.010424791171502967,0.031895238739922505,0.16524452606160944,0.3388947396345916,0.33113302158845825,0.24200456670186646,0.14783449823432168,0.0904933061607099,0.06377711312075283,0.03613684992954923,0.22085670638589852,0.10322313193077003,0.17443157566793507,0.15296921960824955,1.5B,16384
16,4,lenshift_16384,lenshift,9649,9.174609562020384,17.244530477555326,23.06054750925962,1.9707680055712915,28.61131494633636,10.631860751598568,1.017606124037257,13.494220822297923,0.04762959144757035,34.103935150539165,35.39066026137922,8.617957229372096e-09,0.9999999999989992,0.03333333333333333,0.7273748936050163,6.190211058779473,0.9078283086890028,0.292405740035376,0.37557206079542127,0.4435630377446349,0.2428240364154748,0.003100980720969204,0.04597311553505963,0.2895790656451884,0.4712501946709245,0.3464818156553795,0.18558041576860584,0.09839586113765168,0.06295946647944009,0.03111395103864519,0.34604026521000303,0.10322313193077003,0.2745167779090366,0.15296921960824955,1.5B,16384
16,5,lenshift_16384,lenshift,9649,9.174609562020384,19.991550533795625,23.06054750925962,1.9707680055712915,28.61131494633636,10.631860751598568,1.017606124037257,13.494220822297923,0.04762959144757035,57.66178841450634,37.36896540414924,8.617938927410585e-09,0.9999999999989999,0.06666666666666667,0.737695356725043,3.0353538947071996,0.9969504989748229,0.7066247992818849,0.8793180594640521,0.9547236781289533,0.009977865989893253,0.31991519527496326,0.07719723883309332,0.7575212743482205,0.014374143508651802,0.008877186841560972,0.0045463810405016085,0.0024176543916800113,0.001539402619973155,0.0007361351375323186,0.008148177468255538,0.10322313193077003,0.005972211410034535,0.15296921960824955,1.5B,16384
16,6,lenshift_16384,lenshift,9649,9.174609562020384,16.481279080639766,23.600986527526576,1.5061830899613753,27.536169229664583,8.903128061534833,1.2452026968952576,15.378565799276936,0.04356051555708347,-2.7193972012575927,43.34525700734572,8.61793713808043e-09,0.9999999999989999,0.06666666666666667,0.5269258482293231,2.0993936494703185,0.9948573364618919,0.8742912383661071,0.9388792302501787,0.9658980348338246,0.27165750154025536,0.03258039898273979,0.056949559923882655,0.8923345630342575,0.03010765030599851,0.022976025887581325,0.014330628593370054,0.008350429267747648,0.005699442905198933,0.00328562182365639,0.02112676135496983,0.10125401596020313,0.017432620449223984,0.15100010363768265,1.5B,16384
16,7,lenshift_16384,lenshift,9649,9.174609562020384,16.85993050304414,23.600986527526576,1.5061830899613753,27.536169229664583,8.903128061534833,1.2452026968952576,15.378565799276936,0.04356051555708347,-18.62490787225611,31.79510377962074,8.618377753611082e-09,0.9999999999989839,0.06666666666666667,0.6100476233874,4.765431797785582,0.9650226370195751,0.4368975407710448,0.5512019205526651,0.6752325756963576,0.1976082598619041,0.03862525804685424,0.17101328699356844,0.3495663495947688,0.31689137635478365,0.2419895945333059,0.13387673166112102,0.06619035992867128,0.039142034877600436,0.017912896701835768,0.2303410454062036,0.10125401596020313,0.19433783596266915,0.15100010363768265,1.5B,16384
16,8,lenshift_16384,lenshift,9649,9.174609562020384,19.973936846015707,23.600986527526576,1.5061830899613753,27.536169229664583,8.903128061534833,1.2452026968952576,15.378565799276936,0.04356051555708347,-7.247319147867312,30.3512123369694,8.619754935144929e-09,0.999999999998934,0.06666666666666667,0.4859667384105153,3.591268628802637,0.9943999838729338,0.5458271824904154,0.7789442174166606,0.900931611551771,0.09385320285665011,0.022107181082297922,0.1264012678751232,0.6242620570358548,0.043120137274556665,0.0257988991782094,0.011492425118048323,0.006410059249698354,0.004176844317166659,0.0020517148459834105,0.016720744821994822,0.10322313193077003,0.013726357971618327,0.15296921960824955,1.5B,16384
16,9,lenshift_16384,lenshift,9649,9.174609562020384,20.332418486822117,23.600986527526576,1.5061830899613753,27.536169229664583,8.903128061534833,1.2452026968952576,15.378565799276936,0.04356051555708347,-9.058680600979748,9.366170100898564,0.0008869745953166945,0.9999144368327061,0.06666666666666667,0.288389017289488,2.526554622445852,0.998634486479161,0.8062775879098645,0.9209488528899458,0.9753172258850722,0.2778143052681926,0.0199737286841008,0.029671621516768443,0.4910026436336013,0.004047689629487634,0.0021321501519406096,0.0010014370381597878,0.0005329179933394688,0.0003624018088075685,0.0002029770312981588,0.002167644160186757,0.10322313193077003,0.0019241026962758115,0.15100010363768265,1.5B,16384
16,10,lenshift_16384,lenshift,9649,9.174609562020384,19.41970423193098,23.600986527526576,1.5061830899613753,27.536169229664583,8.903128061534833,1.2452026968952576,15.378565799276936,0.04356051555708347,-17.01475256330827,30.960267123183307,8.618926397223667e-09,0.9999999999989642,0.06666666666666667,0.5600687764168985,4.153265132706286,0.9823402400770305,0.5602316830278268,0.6759984103905646,0.770114325633185,0.10791578335353735,0.05330665964700265,0.21155242198572238,0.4249484709800836,0.33909627698559724,0.23504706477027562,0.09788133155044107,0.029755666602106552,0.015092071909049359,0.0057884306339386835,0.2908612463309518,0.10125401596020313,0.2590641400912072,0.15100010363768265,1.5B,16384
16,11,lenshift_16384,lenshift,9649,9.174609562020384,18.935649967552354,23.600986527526576,1.5061830899613753,27.536169229664583,8.903128061534833,1.2452026968952576,15.378565799276936,0.04356051555708347,1.249730481820965,37.921033963724994,8.617938038765422e-09,0.9999999999989999,0.03333333333333333,0.5375884178148522,3.1752949025655783,0.9895178027973393,0.7332442364279472,0.8412754567851636,0.9089424350507963,0.23504240055463585,0.07235982740264058,0.06045131339949022,0.7770269969060744,0.07523928968452327,0.055055989893400825,0.03314357315320912,0.020213634661091023,0.013634539149697845,0.0070578347037300974,0.0474842682878531,0.10322313193077003,0.03617347440016576,0.15296921960824955,1.5B,16384
17,0,lenshift_16384,lenshift,9649,9.174609562020384,20.728886059598207,22.21664149795388,1.4907301959054287,26.700712411116868,8.886063697452222,0.9733820255559192,14.000683751290156,0.06872504565819364,4.51833846989798,58.20350079528767,8.617937134092186e-09,0.9999999999989999,0.06666666666666667,0.6962760726737678,1.979866383704855,0.9983859092026556,0.9213307905459691,0.9786784538019762,0.984974695517437,0.12247102889938044,0.29075744176102836,0.1148788129765587,0.8647595832689962,0.00895919921943544,0.005863544729157043,0.002927323334760315,0.0015638539265367636,0.0009865800366297068,0.0004586347438394993,0.0025790791138039404,0.10322313193077003,0.001956842639686303,0.15100010363768265,1.5B,16384
17,1,lenshift_16384,lenshift,9649,9.174609562020384,16.33360717038666,22.21664149795388,1.4907301959054287,26.700712411116868,8.886063697452222,0.9733820255559192,14.000683751290156,0.06872504565819364,-17.675056792357402,30.187106826315237,8.62007869155574e-09,0.9999999999989222,0.06666666666666667,0.7637162796637778,2.058592076544345,0.99199322113763,0.8404751386928945,0.9129375436980723,0.951454767574208,0.07253076448348861,0.19148468102148364,0.6385928740762985,0.25754509877156245,0.0636897265768299,0.0501895130222928,0.03314073911563508,0.021582559078819757,0.015694554059891112,0.009255151041350764,0.05016583437885894,0.10125401596020313,0.04098721523961895,0.15100010363768265,1.5B,16384
17,2,lenshift_16384,lenshift,9649,9.174609562020384,18.46473034855556,22.21664149795388,1.4907301959054287,26.700712411116868,8.886063697452222,0.9733820255559192,14.000683751290156,0.06872504565819364,8.352413826129006,53.82910680977682,8.617937134092297e-09,0.9999999999989999,0.06666666666666667,0.7326108024543826,2.4877248702893735,0.9982155577353775,0.8518509740858045,0.9670890475304819,0.9909620545461135,0.032823396637829294,0.1756561897188384,0.08491039277442439,0.847746601455003,0.004510341348796573,0.00359019085369317,0.0024513504407152626,0.0015961299880087494,0.0011164176391407956,0.0006087555137682794,0.002865436343924045,0.10125401596020313,0.002443821521152328,0.15100010363768265,1.5B,16384
17,3,lenshift_16384,lenshift,9649,9.174609562020384,15.327105065339389,22.21664149795388,1.4907301959054287,26.700712411116868,8.886063697452222,0.9733820255559192,14.000683751290156,0.06872504565819364,-5.485469148439503,39.501395637049654,8.617937320365056e-09,0.9999999999989999,0.06666666666666667,0.7328635879452814,2.567873294637913,0.9926670298848081,0.8333680563883569,0.9250991425682114,0.9634133399865712,0.046262425047710054,0.020825137170869423,0.3529096084292094,0.5907200016853931,0.03516998770064682,0.02894380538291883,0.020296773564267213,0.014236394969954215,0.010812326404375346,0.006775916045870868,0.024743308253655734,0.10125401596020313,0.021495730166721495,0.15100010363768265,1.5B,16384
17,4,lenshift_16384,lenshift,9649,9.174609562020384,19.42041579432436,22.21664149795388,1.4907301959054287,26.700712411116868,8.886063697452222,0.9733820255559192,14.000683751290156,0.06872504565819364,-5.965459451079373,45.48594356351531,8.6179371345611e-09,0.9999999999989999,0.06666666666666667,0.7591845540566122,2.034350684188132,0.9989090164029997,0.8727919972945383,0.9696047358426527,0.9943970167739286,0.06019914451823166,0.009454849941653576,0.5144089235673924,0.45602190306957896,0.003436348788998184,0.00257514572245631,0.001653510285648058,0.0010547630409471263,0.0007401989199989346,0.0003919891299133617,0.0019864563509294107,0.10125401596020313,0.0017004651258369996,0.15100010363768265,1.5B,16384
17,5,lenshift_16384,lenshift,9649,9.174609562020384,17.284301278042104,22.21664149795388,1.4907301959054287,26.700712411116868,8.886063697452222,0.9733820255559192,14.000683751290156,0.06872504565819364,-0.7213697249398514,48.59062530963189,8.617937134113211e-09,0.9999999999989999,0.06666666666666667,0.7456830176229673,2.554828163415001,0.9955174587285408,0.8311897361738176,0.9455570990462535,0.9717393687503944,0.05326686775365219,0.06893221387406778,0.30125926617514154,0.6537626139243058,0.02311776752048892,0.018029404029223723,0.012144166350816677,0.008103895450696522,0.005808143038456905,0.0032219351977845665,0.011989198752418353,0.10322313193077003,0.009868354433843185,0.15100010363768265,1.5B,16384
17,6,lenshift_16384,lenshift,9649,9.174609562020384,17.132924134868784,21.17200430116319,1.6493925861571819,25.813874852325252,11.609465804603552,1.0034380748618439,16.56451736528709,0.02448177485725565,-37.202991029795484,14.658079641556142,6.751014817643408e-06,0.9999995693963388,0.03333333333333333,0.6607906730554552,1.3417784307240956,0.9974569869374961,0.9002230981722208,0.9296902440768949,0.9592678946466912,0.15094825042130067,0.02300574135583844,0.7913027739785846,0.1299803009574424,0.05545930173279309,0.03865086545832429,0.024072501869538694,0.016030703194864777,0.011691796530583212,0.006909953929359448,0.035346645668855384,0.10322313193077003,0.03234814677574048,0.15100010363768265,1.5B,16384
17,7,lenshift_16384,lenshift,9649,9.174609562020384,16.89134432165686,21.17200430116319,1.6493925861571819,25.813874852325252,11.609465804603552,1.0034380748618439,16.56451736528709,0.02448177485725565,-34.62828406340936,36.98237599445479,8.617939668975189e-09,0.9999999999989999,0.06666666666666667,0.44089430814474284,1.5259739149664207,0.998267534328523,0.9150415147998431,0.9629844518662697,0.9869846033885551,0.057336909889008414,0.004706391059241977,0.6435577023005565,0.32211955391763764,0.019710818475551558,0.015341384057240644,0.010383346207783186,0.007132991764545652,0.005328221670700491,0.0032885451803841854,0.016933322419991632,0.10125401596020313,0.012188835415402822,0.15100010363768265,1.5B,16384
17,8,lenshift_16384,lenshift,9649,9.174609562020384,25.97987388786714,21.17200430116319,1.6493925861571819,25.813874852325252,11.609465804603552,1.0034380748618439,16.56451736528709,0.02448177485725565,-18.179394820157217,68.82304493578918,8.617937134092186e-09,0.9999999999989999,0.06666666666666667,0.4219671131502685,1.797807901966904,0.9989264478880732,0.8893921831677394,0.9677276541051627,0.9912938464260175,0.059506007984333475,0.14206863910737022,0.5665894477591908,0.4088283011341336,0.01471315479903828,0.00994496440043999,0.004869008315222299,0.002353502895452355,0.0013364241457876525,0.0004952103926263137,0.022572209362185063,0.10125401596020313,0.006406910859612076,0.15100010363768265,1.5B,16384
17,9,lenshift_16384,lenshift,9649,9.174609562020384,20.138458073235565,21.17200430116319,1.6493925861571819,25.813874852325252,11.609465804603552,1.0034380748618439,16.56451736528709,0.02448177485725565,-43.33250963161973,3.1324858121575687,0.1735822122964463,0.9582130403229824,0.03333333333333333,0.6310443455431802,1.498743838451618,0.9994757939527207,0.938183354387567,0.9808914425407692,0.9958253607225538,0.25031530683185443,0.30975968558695266,0.6595097972607007,0.1800937634460543,0.0014937789295374382,0.0008956441450012036,0.0005229942656147953,0.0003329760046929307,0.0002405365969375126,0.00014593073317291727,0.0011115147947383932,0.10322313193077003,0.001016596474601534,0.15296921960824955,1.5B,16384
17,10,lenshift_16384,lenshift,9649,9.174609562020384,14.693344984817,21.17200430116319,1.6493925861571819,25.813874852325252,11.609465804603552,1.0034380748618439,16.56451736528709,0.02448177485725565,-17.588531001525766,25.793971349255813,8.78323672931727e-09,0.9999999999927218,0.06666666666666667,0.5741003797167489,2.9103685459569304,0.9878345018356284,0.7199000019602723,0.8560084751503964,0.930191541349864,0.0023477006342462747,0.12596582450447968,0.41012481736384565,0.422313254868744,0.11649028822534489,0.09661361649503539,0.06967632223222611,0.048963359743410276,0.03745604916136839,0.023952284328431918,0.09787153187131527,0.10125401596020313,0.0755154802027569,0.15100010363768265,1.5B,16384
17,11,lenshift_16384,lenshift,9649,9.174609562020384,17.640340459807838,21.17200430116319,1.6493925861571819,25.813874852325252,11.609465804603552,1.0034380748618439,16.56451736528709,0.02448177485725565,-38.36897835661384,30.840460250017173,8.619052082497607e-09,0.9999999999989595,0.06666666666666667,0.6243833299203827,1.0551991829238234,0.9993930581549824,0.963988964947601,0.9834601349274887,0.9951656997838368,0.42890852603095464,0.01399928646713633,0.756294740921467,0.2210201534701733,0.00701293870633883,0.005262142952852627,0.003292082817325956,0.0019947969498206953,0.0013913621045437952,0.0008030593124550892,0.007065159426238211,0.10125401596020313,0.004101397347727798,0.15100010363768265,1.5B,16384
18,0,lenshift_16384,lenshift,9649,9.174609562020384,22.25845038884755,24.242466711592513,1.2886327171238,28.11910540328218,8.914878841088687,0.8979854498898453,12.392992258329159,0.09177018930973956,-15.234533604453603,61.01980022132834,8.617937134092186e-09,0.9999999999989999,0.06666666666666667,0.3997168083493482,2.658165709066972,0.9915234779919224,0.8255361555832625,0.9465405408647459,0.9604119484403661,0.04466651355542084,0.5265794167675022,0.24529494302770252,0.7151242992062021,0.04186659448180771,0.03495424306971866,0.024929722578621125,0.016610463032171365,0.011811378493918698,0.0064023121074792055,0.02286617170869325,0.10125401596020313,0.017036258209644252,0.15100010363768265,1.5B,16384
18,1,lenshift_16384,lenshift,9649,9.174609562020384,14.718788338265025,24.242466711592513,1.2886327171238,28.11910540328218,8.914878841088687,0.8979854498898453,12.392992258329159,0.09177018930973956,-20.69389413209524,25.136724241372345,9.068559178427454e-09,0.9999999999816873,0.03333333333333333,0.49264212116581085,5.660622687883014,0.8919576093285939,0.37194617351809883,0.4643279492089195,0.5594805053312072,0.09902724481025649,0.0524474381881912,0.14165536431459796,0.3048936557427596,0.4804842349562735,0.4100260029327857,0.2962275247085533,0.21394622701421404,0.16583387417787215,0.10869635357962705,0.3135459634745737,0.10322313193077003,0.267333909623168,0.15296921960824955,1.5B,16384
18,2,lenshift_16384,lenshift,9649,9.174609562020384,24.263618048496355,24.242466711592513,1.2886327171238,28.11910540328218,8.914878841088687,0.8979854498898453,12.392992258329159,0.09177018930973956,-20.580315337461535,52.24551340011775,8.617937134092738e-09,0.9999999999989999,0.06666666666666667,0.37781450837577135,2.497137888389833,0.9913149691802955,0.8757562866340434,0.9414319190539041,0.953993414005755,0.09335716605981337,0.09339562505907972,0.23631890418485693,0.7120777574945902,0.047954227008353015,0.038116045866135595,0.025891118193001446,0.01710843868762352,0.0123302335148725,0.0068581416476435385,0.025189982270308213,0.10125401596020313,0.0186814934895405,0.15100010363768265,1.5B,16384
18,3,lenshift_16384,lenshift,9649,9.174609562020384,16.377179445307725,24.242466711592513,1.2886327171238,28.11910540328218,8.914878841088687,0.8979854498898453,12.392992258329159,0.09177018930973956,-14.081299585454609,41.6267336158301,8.617937158921939e-09,0.9999999999989999,0.03333333333333333,0.426584607797235,5.3200048317030255,0.8970073941025856,0.47012502417713575,0.5593469661103412,0.6198567014171127,0.21557473434896146,0.09558090754423287,0.09918392194397073,0.45201540829847925,0.4051920156296044,0.3372285862681058,0.24981344557795,0.17566816759301504,0.133853913120803,0.08458867046889408,0.30074209490170284,0.10322313193077003,0.25584231082426295,0.15296921960824955,1.5B,16384
18,4,lenshift_16384,lenshift,9649,9.174609562020384,25.626150740685745,24.242466711592513,1.2886327171238,28.11910540328218,8.914878841088687,0.8979854498898453,12.392992258329159,0.09177018930973956,-26.88559867441657,67.66587117675223,8.617937134092186e-09,0.9999999999989999,0.06666666666666667,0.3959700007510522,1.8054638585951257,0.999150039522865,0.9631653204469719,0.9934953038096812,0.9957876407458337,0.015759781402860273,0.0032885500019101954,0.20749012267927958,0.7876222957322128,0.003364330139799886,0.0024213337315145012,0.0013342043615082648,0.000722954102910309,0.0004544165049501182,0.00020646317424174342,0.001367122815396487,0.10322313193077003,0.0010220777760414474,0.15100010363768265,1.5B,16384
18,5,lenshift_16384,lenshift,9649,9.174609562020384,18.198821435813425,24.242466711592513,1.2886327171238,28.11910540328218,8.914878841088687,0.8979854498898453,12.392992258329159,0.09177018930973956,-22.14540629527148,48.694235213534895,8.617937134115373e-09,0.9999999999989999,0.06666666666666667,0.4668670382481352,3.6643497831649023,0.9452511520991861,0.6650942708323501,0.7850809881046198,0.8189421948909165,0.010634197788329303,0.33874286158599975,0.40888721752684143,0.40495676135924547,0.3315958055014683,0.29197934581754575,0.22298487845142773,0.16076810310252193,0.12409083313026245,0.07827411755849396,0.19553831917146752,0.10125401596020313,0.15394724350097808,0.15100010363768265,1.5B,16384
18,6,lenshift_16384,lenshift,9649,9.174609562020384,14.025729631205618,25.531305330887747,0.8384971417925644,27.893632439210258,12.116153391955754,0.8927672655581599,17.51587818296256,0.02728426463361592,140.7632928175085,22.54763782407872,1.241055586360498e-08,0.9999999998376801,0.06666666666666667,0.6236512633111935,4.132841634823779,0.9153177141560285,0.5998844623934844,0.6339811264556414,0.6697183486969103,0.15222290019499418,0.11693008809277394,0.5071437301472089,0.1426727168695659,0.7564165581372965,0.6361409776947786,0.434652028251977,0.28972314000796595,0.21662608370555542,0.13613741295404883,0.5981526080364697,0.10125401596020313,0.5220462173662598,0.15100010363768265,1.5B,16384
18,7,lenshift_16384,lenshift,9649,9.174609562020384,18.664454832560164,25.531305330887747,0.8384971417925644,27.893632439210258,12.116153391955754,0.8927672655581599,17.51587818296256,0.02728426463361592,221.01163461629082,58.7783357461453,8.617937134092186e-09,0.9999999999989999,0.06666666666666667,0.6444725184301102,2.2900013090548716,0.9856726253889105,0.8496291543621277,0.9252352838899208,0.9415475308382368,0.05482651715115594,0.05750150913751284,0.5420493315841882,0.3930607154864646,0.14940780241123974,0.12994717313392862,0.09706112718229369,0.06760584611392918,0.050036085202468536,0.02948713945282701,0.09032954095183014,0.10125401596020313,0.07082785508464362,0.15100010363768265,1.5B,16384
18,8,lenshift_16384,lenshift,9649,9.174609562020384,30.893910143130597,25.531305330887747,0.8384971417925644,27.893632439210258,12.116153391955754,0.8927672655581599,17.51587818296256,0.02728426463361592,246.87680025311082,60.368780925226275,8.617937134092186e-09,0.9999999999989999,0.06666666666666667,0.4585415094380693,1.4401507877512842,0.9992492800947207,0.9766321478781226,0.983205525156169,0.9882014840969215,0.2216776717703226,0.002023688833784121,0.2006240615794953,0.7806449171142461,0.007928429407970379,0.004011938746477645,0.0013545688876939687,0.00042451200224879126,0.00016966402520614287,4.037700769620675e-05,0.007465833205442737,0.10125401596020313,0.004149009920235864,0.15100010363768265,1.5B,16384
18,9,lenshift_16384,lenshift,9649,9.174609562020384,21.973845540730927,25.531305330887747,0.8384971417925644,27.893632439210258,12.116153391955754,0.8927672655581599,17.51587818296256,0.02728426463361592,265.92950270807046,55.76386055459875,8.617937134092202e-09,0.9999999999989999,0.06666666666666667,0.6222823358444642,3.0516551580561977,0.9857633945531089,0.78368396722839,0.8706770587773253,0.8993036026333763,0.46145867938153273,0.21894841044815294,0.3307883173910828,0.5498321158631729,0.17206779077046805,0.13139391750703588,0.08080807228446403,0.04754773645589753,0.03132722418369497,0.015766494720515452,0.11457947184967114,0.10125401596020313,0.08527154554302888,0.15100010363768265,1.5B,16384
18,10,lenshift_16384,lenshift,9649,9.174609562020384,23.469464617540282,25.531305330887747,0.8384971417925644,27.893632439210258,12.116153391955754,0.8927672655581599,17.51587818296256,0.02728426463361592,356.16816280869875,75.44618937088285,8.617937134092186e-09,0.9999999999989999,0.06666666666666667,0.742938019588938,1.1252718393094567,0.9988879628797579,0.9689047372711833,0.9887059534178901,0.9928469899099349,0.05985096940268164,0.13372874716458227,0.05127846664291174,0.9403114067989846,0.007043713153214285,0.005275989709237156,0.003030171645237497,0.0017408463792385912,0.0011595044904070223,0.000586887409065412,0.00612147963712719,0.10125401596020313,0.00480641171405399,0.15100010363768265,1.5B,16384
18,11,lenshift_16384,lenshift,9649,9.174609562020384,20.63254025506091,25.531305330887747,0.8384971417925644,27.893632439210258,12.116153391955754,0.8927672655581599,17.51587818296256,0.02728426463361592,204.29926335110383,68.39186088377198,8.617937134092186e-09,0.9999999999989999,0.06666666666666667,0.5285597094419143,2.296271038215516,0.995516475048329,0.8833566780837566,0.964001797700921,0.9767528643579179,0.26110883024426457,0.6192044077749834,0.34100838726622834,0.6349675649330668,0.0355015891680863,0.029638271091956186,0.020121844234631137,0.012593244974235923,0.008463769560705315,0.0042617402621866205,0.021930360561941076,0.10125401596020313,0.01655312676991927,0.15100010363768265,1.5B,16384
19,0,lenshift_16384,lenshift,9649,9.174609562020384,22.855160496128796,24.227349430491593,1.7053244461256982,29.037419621360037,9.720311512801118,0.7712398962271958,15.516445825916028,0.07875054019140641,0.10955506212570754,58.0608418895726,8.617937134092186e-09,0.9999999999989999,0.06666666666666667,0.7383934073280589,0.9613014869800044,0.9996621979797309,0.9771188629623373,0.9939895136482945,0.9985404622913131,0.005903414240511773,0.04903978646074458,0.792025946445783,0.19960914183930945,0.002515357220717896,0.0017410824273808585,0.0009754097404933009,0.0005598038740861468,0.0003593032290401042,0.00016751568783248297,0.0019421854329692647,0.10125401596020313,0.001666439829768961,0.15100010363768265,1.5B,16384
19,1,lenshift_16384,lenshift,9649,9.174609562020384,21.09705448263581,24.227349430491593,1.7053244461256982,29.037419621360037,9.720311512801118,0.7712398962271958,15.516445825916028,0.07875054019140641,5.720852744929928,55.57434873904704,8.617937134092207e-09,0.9999999999989999,0.03333333333333333,0.6702444812660068,2.470158276872459,0.9955655740027964,0.8710916860955655,0.9190821072167235,0.9489513043724214,0.13439947211178227,0.06725208771009772,0.24692935965387966,0.6239540895467883,0.0440408468918249,0.029619734523132036,0.014361328590026343,0.0067828897990292215,0.0038287925623279205,0.0016374609249777852,0.03407407082019717,0.10125401596020313,0.026909265759125098,0.15100010363768265,1.5B,16384
19,2,lenshift_16384,lenshift,9649,9.174609562020384,19.53720154683799,24.227349430491593,1.7053244461256982,29.037419621360037,9.720311512801118,0.7712398962271958,15.516445825916028,0.07875054019140641,-35.77919025280896,29.908442402450262,8.620777234680298e-09,0.9999999999988969,0.06666666666666667,0.7680164685779906,0.2232166113130994,0.999724469221931,0.9931477333218042,0.9959081703772595,0.9979981179703413,0.09320105413292934,0.045791602602994974,0.9686888678167397,0.025875929966765618,0.004926619565351532,0.0035649091568001165,0.0021852845728201776,0.0013611203803299465,0.0009578575852435565,0.0005197353184830532,0.005978205712440668,0.10125401596020313,0.0055856561900229145,0.15100010363768265,1.5B,16384
19,3,lenshift_16384,lenshift,9649,9.174609562020384,23.892701801574624,24.227349430491593,1.7053244461256982,29.037419621360037,9.720311512801118,0.7712398962271958,15.516445825916028,0.07875054019140641,43.147567910306606,97.80263583471671,8.617937134092186e-09,0.9999999999989999,0.06666666666666667,0.6212250444699023,1.9982264321755865,0.99899766968487,0.9203241302495914,0.992510113596284,0.9959315341627148,0.1329331621786638,0.1365316390311,0.04049602285085373,0.952976858051605,0.0029170908299182784,0.0022421119843810044,0.0014178314909028286,0.0008390675377872562,0.000536920884749508,0.00024362318696544955,0.0025181327302311,0.10125401596020313,0.0017212804607807481,0.15100010363768265,1.5B,16384
19,4,lenshift_16384,lenshift,9649,9.174609562020384,17.04228472424421,24.227349430491593,1.7053244461256982,29.037419621360037,9.720311512801118,0.7712398962271958,15.516445825916028,0.07875054019140641,23.344632653629084,53.11799792211284,8.617937134092414e-09,0.9999999999989999,0.06666666666666667,0.6527149099270972,3.1940880387774224,0.9830277643790495,0.7583612999469111,0.8901028602763664,0.910331034599428,0.07682072360601877,0.0316355087859741,0.07175544840818773,0.8189794763148062,0.0959888702371771,0.07930793655150963,0.053625219634517406,0.033769392829373426,0.023062686087740498,0.01207445406906743,0.06520910376088465,0.10125401596020313,0.054303107894561095,0.15100010363768265,1.5B,16384
19,5,lenshift_16384,lenshift,9649,9.174609562020384,21.863327932878757,24.227349430491593,1.7053244461256982,29.037419621360037,9.720311512801118,0.7712398962271958,15.516445825916028,0.07875054019140641,-45.67656939695864,20.602746648618066,3.299109869192589e-08,0.9999999988704982,0.03333333333333333,0.7063541721960821,0.1457438019692275,0.9997967217477762,0.9938646042217553,0.9961092473585672,0.9981065113428519,0.7197661087040448,0.026864949149874473,0.9827428231952332,0.009309173470608048,0.0027263969629392685,0.001860743430209985,0.0011109828634859192,0.0006705830512869767,0.0004348465337474928,0.000203612143514764,0.003751583750394545,0.10322313193077003,0.0036428974474904357,0.15100010363768265,1.5B,16384
19,6,lenshift_16384,lenshift,9649,9.174609562020384,21.904432628141194,21.262690049624094,1.179641701259085,25.39866071667205,8.902794729439018,1.187760801201222,15.312727594267457,0.03681392068722944,-28.149870995212986,62.09655935711722,8.617937134092186e-09,0.9999999999989999,0.06666666666666667,0.4847340786425883,1.7717824030833098,0.9943571464312784,0.9255579852556336,0.9567176423096077,0.9679529966291129,0.2678862963659099,0.043187159172688006,0.2568795923619014,0.7094871667718358,0.026770991112818998,0.02177851483341781,0.014227140147709382,0.008687382553251131,0.0058393113483552455,0.002870393558798123,0.017013380580518687,0.10322313193077003,0.013343156226580727,0.15100010363768265,1.5B,16384
19,7,lenshift_16384,lenshift,9649,9.174609562020384,21.412924534853126,21.262690049624094,1.179641701259085,25.39866071667205,8.902794729439018,1.187760801201222,15.312727594267457,0.03681392068722944,-32.84035620268652,55.46514726161739,8.617937134092212e-09,0.9999999999989999,0.06666666666666667,0.4360905607750389,2.503514243833582,0.9741746972105694,0.8141835853109357,0.8863087350630587,0.9017886207402728,0.03585674747200729,0.10971267209295066,0.5906320945221879,0.30966103032868114,0.2118765555604241,0.18516324066608572,0.13691440273907776,0.09529142553610959,0.06993724571936903,0.04078475492909262,0.12769649483392428,0.10322313193077003,0.09954860367532979,0.15296921960824955,1.5B,16384
19,8,lenshift_16384,lenshift,9649,9.174609562020384,20.76525398544384,21.262690049624094,1.179641701259085,25.39866071667205,8.902794729439018,1.187760801201222,15.312727594267457,0.03681392068722944,-40.54528737857061,57.52084105967344,8.617937134092187e-09,0.9999999999989999,0.06666666666666667,0.3799140929855136,1.686002909568229,0.9939621548577176,0.9303220472875429,0.9708446916613414,0.9799679895365431,0.08296105581872215,0.007980990454295345,0.6167816303246402,0.35918490985489415,0.035214206662474615,0.03183773170720085,0.02526051320379691,0.019104771450468527,0.015007512481151902,0.009708263978302772,0.02511631855882584,0.10125401596020313,0.02156713907528125,0.15100010363768265,1.5B,16384
19,9,lenshift_16384,lenshift,9649,9.174609562020384,22.357361790188154,21.262690049624094,1.179641701259085,25.39866071667205,8.902794729439018,1.187760801201222,15.312727594267457,0.03681392068722944,-27.74450498118122,46.29606290749879,8.617937134300763e-09,0.9999999999989999,0.06666666666666667,0.3479761147479418,2.5684843117971536,0.9912589100884882,0.8264812689831459,0.9293512975057164,0.959126608265733,0.07002872735835153,0.03052733116136519,0.39189490041344505,0.5512971678228054,0.04563452369091346,0.03859417386874396,0.028657270616865394,0.02040167267040774,0.015417757701022612,0.00933424308672764,0.02689843759027814,0.10125401596020313,0.021950176193043514,0.15100010363768265,1.5B,16384
19,10,lenshift_16384,lenshift,9649,9.174609562020384,23.955390854110995,21.262690049624094,1.179641701259085,25.39866071667205,8.902794729439018,1.187760801201222,15.312727594267457,0.03681392068722944,-57.18559961634525,36.91600270848506,8.617939827694704e-09,0.9999999999989999,0.06666666666666667,0.48828018495965936,0.8888364559516417,0.9996405668330466,0.976684819380627,0.9956536487436632,0.9989322019025597,0.0026448517213162326,0.11251994723171599,0.818744832009333,0.17266412038736823,0.0011282000253468928,0.0009175391956559206,0.000630379086275452,0.0004216883235540037,0.00030449431852269817,0.00017308102206445967,0.0009068680608947789,0.10125401596020313,0.0007109366839301233,0.15100010363768265,1.5B,16384
19,11,lenshift_16384,lenshift,9649,9.174609562020384,25.98502573866108,21.262690049624094,1.179641701259085,25.39866071667205,8.902794729439018,1.187760801201222,15.312727594267457,0.03681392068722944,-32.8378754564944,82.72617913601815,8.617937134092186e-09,0.9999999999989999,0.06666666666666667,0.45960003291697876,1.7524055893006514,0.9990049268621664,0.9671684795693783,0.9915637186651242,0.995821369091156,0.7531973511423655,0.030096495539174484,0.43172853448587806,0.5639279501337434,0.004397920803960138,0.0035583944849307964,0.0022309519308820595,0.0012468891639198336,0.0007667258228783895,0.00032441842110939566,0.002337594388952702,0.10322313193077003,0.0015921657055090277,0.15296921960824955,1.5B,16384
20,0,lenshift_16384,lenshift,9649,9.174609562020384,15.361699592963678,23.326457943577292,1.1684842508719526,26.44048026491296,11.303823776501337,1.986295364505028,15.533358294848624,0.1192338481148771,-12.724055612788476,30.56491532330128,8.619420171144138e-09,0.9999999999989462,0.03333333333333333,0.5724694122074557,5.593475609993707,0.9215782126315966,0.32554679645164974,0.435918353334323,0.5555306173937445,0.04193957030991746,0.02577389368247296,0.12487089815215256,0.3080456076605727,0.37326655419940397,0.28853988734534264,0.19597672443648542,0.1319552773603788,0.09697496190094776,0.05752114751903305,0.2059468693071739,0.10322313193077003,0.16437445128455955,0.15296921960824955,1.5B,16384
20,1,lenshift_16384,lenshift,9649,9.174609562020384,23.028680049829553,23.326457943577292,1.1684842508719526,26.44048026491296,11.303823776501337,1.986295364505028,15.533358294848624,0.1192338481148771,11.366056000485159,65.29353992980633,8.617937134092186e-09,0.9999999999989999,0.06666666666666667,0.4632317064826664,1.8798839980018602,0.9991735328402526,0.9453920320988064,0.9863616115287761,0.9958543856669343,0.20894241143687808,0.37319528660233614,0.0094930557805303,0.9756248064212216,0.002253514495473969,0.0016757405812565492,0.0008999454895043422,0.0004239186462387903,0.00022377454583280174,6.553041684302867e-05,0.001980751302386933,0.10125401596020313,0.0015938471444757508,0.15100010363768265,1.5B,16384
20,2,lenshift_16384,lenshift,9649,9.174609562020384,16.33215329248485,23.326457943577292,1.1684842508719526,26.44048026491296,11.303823776501337,1.986295364505028,15.533358294848624,0.1192338481148771,-20.31898631067839,39.72187374806139,8.617937333149395e-09,0.9999999999989999,0.06666666666666667,0.6136966992409546,4.453360587905289,0.9621560354983766,0.5684465187719812,0.6571017312184084,0.713242960213231,0.4938514827415498,0.1757536332325953,0.19472059950128875,0.449465806163347,0.3181465550601419,0.23036812311951257,0.13752350873349578,0.07949963903683639,0.05063894392911463,0.023998129718952595,0.27133219468641234,0.10125401596020313,0.2024211999519035,0.15100010363768265,1.5B,16384
20,3,lenshift_16384,lenshift,9649,9.174609562020384,21.5552475646683,23.326457943577292,1.1684842508719526,26.44048026491296,11.303823776501337,1.986295364505028,15.533358294848624,0.1192338481148771,35.41084037282889,87.65696704671171,8.617937134092186e-09,0.9999999999989999,0.06666666666666667,0.5331020108068073,1.9096184213837264,0.9993753544343041,0.944693342774569,0.9969219930097322,0.9986065820498448,0.08426477111281994,0.36894381808920895,0.0007021881639583211,0.995097731731731,0.0007242483884110138,0.00048301980679131405,0.0002655631484699551,0.00014116725261159957,8.48730028878587e-05,3.555406469670135e-05,0.0005561746045894714,0.10125401596020313,0.0004608885834201844,0.15100010363768265,1.5B,16384
20,4,lenshift_16384,lenshift,9649,9.174609562020384,18.264314353199154,23.326457943577292,1.1684842508719526,26.44048026491296,11.303823776501337,1.986295364505028,15.533358294848624,0.1192338481148771,-4.91201062062207,32.394247118808224,8.61817313371005e-09,0.9999999999989915,0.06666666666666667,0.5549544942371427,4.383872677086291,0.9734247269622404,0.4975318746735587,0.6632886439788557,0.7735361600517358,0.33443934171496187,0.45189814094888137,0.14752067436752433,0.5309979106250515,0.21075223400330254,0.15031910544968433,0.08961749691060995,0.05374810872684312,0.03699968121732564,0.01979030071648604,0.1748916936258705,0.10125401596020313,0.14230551209738815,0.15100010363768265,1.5B,16384
20,5,lenshift_16384,lenshift,9649,9.174609562020384,17.084286239310416,23.326457943577292,1.1684842508719526,26.44048026491296,11.303823776501337,1.986295364505028,15.533358294848624,0.1192338481148771,-25.17288560727064,30.302308289525914,8.619878849230466e-09,0.9999999999989295,0.03333333333333333,0.5325394139631683,6.009998510308571,0.882922584739066,0.3510349311494388,0.4212570089058744,0.4774891707099071,0.30966435995233355,0.012349722036692157,0.15528449420405563,0.2549207285698342,0.4873520140431125,0.38654557247591903,0.26315541956836597,0.1882247933210881,0.1446352761464981,0.09218375809403699,0.4046822972676435,0.10322313193077003,0.3218153133469918,0.15296921960824955,1.5B,16384
20,6,lenshift_16384,lenshift,9649,9.174609562020384,20.41894629367755,20.99550796530413,1.478280239754099,25.355711986766117,10.709176776318825,1.650252040896035,18.673336433135226,0.0724413354808023,26.44601843111655,36.070288535614104,8.617943113966076e-09,0.9999999999989997,0.03333333333333333,0.7416303296504719,3.029726787011246,0.9963636222312775,0.7253018806558879,0.860425836257357,0.9439728973958625,0.13700997415156202,0.3291091456876223,0.20304501642781528,0.6247502347420517,0.01493061681649542,0.010692857897523911,0.006529763047029433,0.003766809022176412,0.0024153471727139564,0.001165469796136622,0.017040291689999928,0.10125401596020313,0.014880464788726216,0.15100010363768265,1.5B,16384
20,7,lenshift_16384,lenshift,9649,9.174609562020384,18.678198820086013,20.99550796530413,1.478280239754099,25.355711986766117,10.709176776318825,1.650252040896035,18.673336433135226,0.0724413354808023,37.2446606807849,51.76909155418124,8.617937134093061e-09,0.9999999999989999,0.06666666666666667,0.5194105135608444,1.5979835978627008,0.9785351736172684,0.8820933642896612,0.9158248089361354,0.9249854215348873,0.12200305943411038,0.2413749592750416,0.006241435060784883,0.9150307564357026,0.07036827553236283,0.06133765492936521,0.046352453199400095,0.03355567689977619,0.025966826920371822,0.016384390587869994,0.0574900129957625,0.10125401596020313,0.04911927124667381,0.15100010363768265,1.5B,16384
20,8,lenshift_16384,lenshift,9649,9.174609562020384,20.393490533700884,20.99550796530413,1.478280239754099,25.355711986766117,10.709176776318825,1.650252040896035,18.673336433135226,0.0724413354808023,47.307813200880496,83.59270315800592,8.617937134092186e-09,0.9999999999989999,0.06666666666666667,0.639335591575921,2.1207551136472786,0.9983931841913558,0.907188923640172,0.986280179192468,0.993297060138908,0.39659351575164337,0.5793457748900188,0.017577857001303012,0.9721681929946818,0.004514890605647489,0.003597496327357948,0.0024192468164893044,0.001559620541339267,0.0010961095239437493,0.0006019409664784462,0.003268272866238983,0.10125401596020313,0.002609925000481467,0.15100010363768265,1.5B,16384
20,9,lenshift_16384,lenshift,9649,9.174609562020384,21.436202742290217,20.99550796530413,1.478280239754099,25.355711986766117,10.709176776318825,1.650252040896035,18.673336433135226,0.0724413354808023,25.971684901153328,43.63087870191562,8.617937137360654e-09,0.9999999999989999,0.03333333333333333,0.782111345753235,4.5509339450461415,0.976137994096075,0.49033566244283766,0.6059843196531265,0.7116738301261534,0.2667368991234569,0.03445608125544419,0.10723001515058261,0.39817781195839697,0.1342010905960002,0.09802685477545083,0.05260657489938426,0.02662295566722971,0.016628383647212197,0.007918811715894368,0.10398788957798162,0.10322313193077003,0.08042425672848472,0.15296921960824955,1.5B,16384
20,10,lenshift_16384,lenshift,9649,9.174609562020384,17.815924127236684,20.99550796530413,1.478280239754099,25.355711986766117,10.709176776318825,1.650252040896035,18.673336433135226,0.0724413354808023,6.208276331643873,33.26810627141819,8.618059171968965e-09,0.9999999999989955,0.03333333333333333,0.7446140569720807,3.6882034251154168,0.9629502762361731,0.6388019777759383,0.7190033106272388,0.7990037941240961,0.18647989554314082,0.009036916523463279,0.41255029949755734,0.2946986368478264,0.21628341985983476,0.183637580744525,0.13526145541620188,0.09327334125974089,0.0692513480378218,0.04070371660116051,0.1579019261551025,0.10125401596020313,0.1351999726719741,0.15100010363768265,1.5B,16384
20,11,lenshift_16384,lenshift,9649,9.174609562020384,18.98258228589436,20.99550796530413,1.478280239754099,25.355711986766117,10.709176776318825,1.650252040896035,18.673336433135226,0.0724413354808023,-1.6970906073556407,18.97211136926402,1.4868600000279043e-07,0.9999999930781156,0.03333333333333333,0.8374351356343701,3.90354882085714,0.9602150887990833,0.6106080204823733,0.6761190064253745,0.7313729798748105,0.019404914816597785,0.062395996313301394,0.4269271749485863,0.17490259802734218,0.2874328266949151,0.20302757177372505,0.12210558018267707,0.07496748303538023,0.05154741228810101,0.02784476399452688,0.20488057689426972,0.10322313193077003,0.15136177682028762,0.15296921960824955,1.5B,16384
21,0,lenshift_16384,lenshift,9649,9.174609562020384,16.61323804869911,20.769537123864232,1.8187749398798256,26.449920144708727,7.930447418578803,0.8824443005352516,15.601212617587942,0.029535753867881164,-41.1442269718973,11.594344702665694,0.00012549796553807405,0.9999901692157839,0.06666666666666667,0.7229101092817656,5.101138312806986,0.9045546985245427,0.4433524299487434,0.4993423138725269,0.5655040912541076,0.13967548836536103,0.028622198778263552,0.355489237348796,0.03766086119068347,0.2644224656903346,0.20968323867718555,0.14540947261808315,0.09764327834737747,0.07023371970935115,0.037765229565093456,0.18594019253622598,0.10322313193077003,0.16023885056977122,0.15296921960824955,1.5B,16384
21,1,lenshift_16384,lenshift,9649,9.174609562020384,18.109373973092683,20.769537123864232,1.8187749398798256,26.449920144708727,7.930447418578803,0.8824443005352516,15.601212617587942,0.029535753867881164,-26.662616098628323,29.693693698870074,8.621464824489851e-09,0.999999999998872,0.06666666666666667,0.6060622833028874,3.593869946829554,0.9467607883893379,0.670093631892466,0.7264488041723217,0.7766598373016359,0.007252166076420874,0.009565790983646405,0.4806487107140079,0.25387687312908314,0.16847448766476258,0.13679145715370608,0.09613302532602507,0.06687497312361101,0.0503284452862667,0.030897794352099394,0.10461322953631474,0.10125401596020313,0.0865979630681985,0.15100010363768265,1.5B,16384
21,2,lenshift_16384,lenshift,9649,9.174609562020384,19.25264336810633,20.769537123864232,1.8187749398798256,26.449920144708727,7.930447418578803,0.8824443005352516,15.601212617587942,0.029535753867881164,-21.36793531740414,26.87170453874996,8.675530449387255e-09,0.9999999999968632,0.06666666666666667,0.7091991318106623,2.3360589309789113,0.9939135489782952,0.8659739969909246,0.9322777812618365,0.9678676176509302,0.07669713324111638,0.17390250149914888,0.4036562957570421,0.5120097794397053,0.015449138833036832,0.013069878800140733,0.01003091458802724,0.007554380580911656,0.0059951998404467535,0.003894223132480414,0.011715000020540009,0.10125401596020313,0.010097291382204773,0.15100010363768265,1.5B,16384
21,3,lenshift_16384,lenshift,9649,9.174609562020384,22.579971175958857,20.769537123864232,1.8187749398798256,26.449920144708727,7.930447418578803,0.8824443005352516,15.601212617587942,0.029535753867881164,-16.65893809234395,69.70918439591632,8.617937134092186e-09,0.9999999999989999,0.06666666666666667,0.49867278188511666,2.4103219212065268,0.9958391842323607,0.8672607689149158,0.9752544827712154,0.9807454073455993,0.8103252561266974,0.6339031528032946,0.32562648506732916,0.6547262219834358,0.013715471965656697,0.011076211199145154,0.007418877742994055,0.004785631810971336,0.0033812712387089336,0.0018272471636884416,0.00840883312294227,0.10125401596020313,0.006348642094416123,0.15100010363768265,1.5B,16384
21,4,lenshift_16384,lenshift,9649,9.174609562020384,19.471819871332514,20.769537123864232,1.8187749398798256,26.449920144708727,7.930447418578803,0.8824443005352516,15.601212617587942,0.029535753867881164,-28.321640890749052,34.81737130395521,8.617958275563579e-09,0.9999999999989992,0.06666666666666667,0.6311229756308557,3.4017205491184823,0.9563265705339808,0.7153208524021837,0.7737932789569898,0.8092375969880666,0.061170060393952896,0.007412711324933152,0.48946920020408663,0.28083474869335523,0.16037272181374657,0.13147294622000305,0.09052539883875733,0.06001089809961411,0.04325038835977923,0.024554939581612506,0.12322420351825711,0.10125401596020313,0.10190989283104998,0.15100010363768265,1.5B,16384
21,5,lenshift_16384,lenshift,9649,9.174609562020384,16.77959467728287,20.769537123864232,1.8187749398798256,26.449920144708727,7.930447418578803,0.8824443005352516,15.601212617587942,0.029535753867881164,-37.69391905297252,14.342938952942319,9.172878392716702e-06,0.9999994043817096,0.03333333333333333,0.8469037858704657,3.293752395097251,0.9515490583635838,0.6810060117822674,0.7319352958369842,0.7834935148464659,0.1839440382062516,0.010394982812893527,0.5753133536273988,0.11239392087653642,0.16193003608667803,0.13146124405106216,0.09480041273384976,0.06642651672948101,0.050224545664062085,0.030459107129487812,0.11884879363031195,0.10322313193077003,0.10117073131010462,0.15296921960824955,1.5B,16384
21,6,lenshift_16384,lenshift,9649,9.174609562020384,16.284227976691668,20.22927225070816,1.237673450853375,23.588452938219266,13.086388499769988,1.806212102083434,19.60467731794591,0.09236110139502686,6.169722683289475,40.24931035704333,8.617937239167447e-09,0.9999999999989999,0.06666666666666667,0.4730392751529638,5.541530070966955,0.900975249257242,0.4170551877926293,0.5237044964321115,0.5830540446151434,0.004279353921773255,0.03484824187577004,0.020378936664247706,0.5111902388737308,0.33486639998069595,0.2592672670513193,0.17555519824687277,0.12366884260158922,0.09512580453845199,0.061331742683509834,0.23054772534594895,0.10322313193077003,0.18569800293077965,0.15100010363768265,1.5B,16384
21,7,lenshift_16384,lenshift,9649,9.174609562020384,18.443566711498132,20.22927225070816,1.237673450853375,23.588452938219266,13.086388499769988,1.806212102083434,19.60467731794591,0.09236110139502686,-23.2056898334447,22.513461756341933,1.2536859503959484e-08,0.9999999998320723,0.03333333333333333,0.5113534323962461,4.771462640489455,0.9289067120754059,0.5169439494241037,0.6245465453668336,0.6956378949099715,0.15219827589875123,0.12376651897257318,0.24714599939074522,0.365901277761156,0.3867200398288668,0.3191824235416364,0.22100194478966553,0.1505743444658024,0.11196459605437177,0.06816743375504102,0.25851391314529754,0.10125401596020313,0.21260955705318021,0.15100010363768265,1.5B,16384
21,8,lenshift_16384,lenshift,9649,9.174609562020384,19.303350256404837,20.22927225070816,1.237673450853375,23.588452938219266,13.086388499769988,1.806212102083434,19.60467731794591,0.09236110139502686,4.186930141028244,42.04962251634639,8.617937148662496e-09,0.9999999999989999,0.03333333333333333,0.45882828146276244,4.451379398993405,0.9658602894005685,0.5503121248521801,0.6625299068290893,0.7229734242743454,0.17722245320810615,0.019488281282952297,0.02438630897828595,0.618390361141042,0.2075093645133925,0.14396964281277186,0.07374783350121972,0.03980180117868191,0.027089332920444555,0.014775603717267691,0.18080225290526367,0.10322313193077003,0.14753934408669125,0.15296921960824955,1.5B,16384
21,9,lenshift_16384,lenshift,9649,9.174609562020384,20.12053925378374,20.22927225070816,1.237673450853375,23.588452938219266,13.086388499769988,1.806212102083434,19.60467731794591,0.09236110139502686,-4.95381572667292,36.66345284623777,8.617940537781222e-09,0.9999999999989997,0.03333333333333333,0.49340856541241707,3.8459121406861136,0.9685826168850089,0.6436496372124327,0.736424372464842,0.7828451066621313,0.33564203364735656,0.031540594083127704,0.05102413463105274,0.6734592304659662,0.1765046190355866,0.1232423590138893,0.07064303702510989,0.04148402227802776,0.027744285115941285,0.014456987973930009,0.13914722572841845,0.10322313193077003,0.11784347302091785,0.15100010363768265,1.5B,16384
21,10,lenshift_16384,lenshift,9649,9.174609562020384,17.87622891424843,20.22927225070816,1.237673450853375,23.588452938219266,13.086388499769988,1.806212102083434,19.60467731794591,0.09236110139502686,-15.783356668318014,21.189242166882174,2.2534736009537963e-08,0.9999999993714777,0.03333333333333333,0.497279386089374,5.87808184998943,0.9061646639305375,0.34332208598958164,0.4279995598446082,0.5056885144076949,0.019684822574270733,0.04723852498579828,0.11114832954193582,0.3105550740629057,0.43081054647520145,0.316521689575371,0.1879781750418632,0.1242926374294258,0.09426025980804924,0.05855816115072784,0.273712946460006,0.10322313193077003,0.19455190422291024,0.15296921960824955,1.5B,16384
21,11,lenshift_16384,lenshift,9649,9.174609562020384,17.384286122812334,20.22927225070816,1.237673450853375,23.588452938219266,13.086388499769988,1.806212102083434,19.60467731794591,0.09236110139502686,-10.09249725236614,38.98571640459531,8.617937461314056e-09,0.9999999999989999,0.03333333333333333,0.40229299311083205,5.199220641005809,0.9534734381894379,0.3946169031352079,0.4661202509698069,0.5275461119720876,0.05298402552165171,0.04086502587042007,0.025320545507559102,0.37882577070165036,0.31400630907765487,0.20501542204863338,0.08713362749782161,0.040165299947946924,0.02908657601663966,0.018375111973501543,0.24907522125865877,0.10322313193077003,0.18088407985780217,0.15296921960824955,1.5B,16384
22,0,lenshift_16384,lenshift,9649,9.174609562020384,25.675637124494386,23.161292298131634,1.220388877330822,26.6461294623516,14.793690177489532,1.5199528856975395,20.716617702584333,0.0727393315327056,-48.061401947456226,61.37517571583502,8.617937134092186e-09,0.9999999999989999,0.06666666666666667,0.3904851374899944,1.1327859697360418,0.9994816185916763,0.9918096570253665,0.9949104965447895,0.9964572877653586,0.005816934175722821,0.03451505523322318,0.13676450743454308,0.8588083714835262,0.0024333394486956233,0.0016660711493321461,0.0008284286338023638,0.0004004419702516486,0.00023383336298447708,9.846627595108756e-05,0.001627050992418508,0.10125401596020313,0.00112161607501201,0.15100010363768265,1.5B,16384
22,1,lenshift_16384,lenshift,9649,9.174609562020384,19.9249045562971,23.161292298131634,1.220388877330822,26.6461294623516,14.793690177489532,1.5199528856975395,20.716617702584333,0.0727393315327056,-34.76169232410544,43.69341813548303,8.61793713690822e-09,0.9999999999989999,0.06666666666666667,0.4378311356135825,2.67896045927949,0.9839130393155046,0.8343272349942362,0.8979505182012266,0.9144798395138609,0.05863941082703317,0.07250506807678647,0.39970159883084033,0.5054285196346883,0.10655525093300683,0.08785281700138935,0.05928013542914792,0.03969061345231845,0.02877598351997803,0.016698444444525562,0.06963701208454676,0.10125401596020313,0.0584485351651935,0.15100010363768265,1.5B,16384
22,2,lenshift_16384,lenshift,9649,9.174609562020384,29.926898476096888,23.161292298131634,1.220388877330822,26.6461294623516,14.793690177489532,1.5199528856975395,20.716617702584333,0.0727393315327056,-110.00034839616103,52.54923225959817,8.61793713409278e-09,0.9999999999989999,0.06666666666666667,0.38184793780418896,0.7105322882085296,0.9989262959770459,0.9765883044681917,0.9804095782905508,0.9836156795944486,0.028202057918882417,0.03406190285474686,0.8614202918219004,0.11297686347717839,0.04299985419292013,0.026470519747924495,0.010823380852917446,0.0036547391334889414,0.0015354142576375152,0.00035496087289092683,0.05581003838906075,0.10322313193077003,0.04133087966373324,0.15296921960824955,1.5B,16384
22,3,lenshift_16384,lenshift,9649,9.174609562020384,21.14634325151785,23.161292298131634,1.220388877330822,26.6461294623516,14.793690177489532,1.5199528856975395,20.716617702584333,0.0727393315327056,-35.687892934855284,41.1912087615689,8.617937168650323e-09,0.9999999999989999,0.06666666666666667,0.4076892854497638,2.8491578911618003,0.9784369305776288,0.8149624158832884,0.8616059969467815,0.8823418219930118,0.15457837165443422,0.17321421185282926,0.41277557451004326,0.46063198057383176,0.17383907606584498,0.14197418704367618,0.09550182344101625,0.06189241426749034,0.04381408309051045,0.024357853555755368,0.10024911313344324,0.10125401596020313,0.07854656484747481,0.15100010363768265,1.5B,16384
22,4,lenshift_16384,lenshift,9649,9.174609562020384,27.211319075753064,23.161292298131634,1.220388877330822,26.6461294623516,14.793690177489532,1.5199528856975395,20.716617702584333,0.0727393315327056,-27.40095670784221,56.739073481225844,8.61793713409219e-09,0.9999999999989999,0.06666666666666667,0.465362435264611,2.2650172324809663,0.9989428432478882,0.9043262098340902,0.97772277475873,0.9905663126276387,0.19344638501199896,0.016203714158225857,0.2908087126821341,0.6913607831648758,0.003979290310433501,0.0023561518680883277,0.001047182030884106,0.0004980935431325587,0.0002892670261945585,0.00012918617628897297,0.0021928767070675706,0.10125401596020313,0.0016457492849936734,0.15100010363768265,1.5B,16384
22,5,lenshift_16384,lenshift,9649,9.174609562020384,18.074476717989135,23.161292298131634,1.220388877330822,26.6461294623516,14.793690177489532,1.5199528856975395,20.716617702584333,0.0727393315327056,-7.885784357786164,45.98576757930279,8.617937134377373e-09,0.9999999999989999,0.03333333333333333,0.46224230735049926,2.7032539022041506,0.9781575472413068,0.7684225694674294,0.8024281499271428,0.8217497755848489,0.022853391035183357,0.02444881257035858,0.021271218858206483,0.785094734558832,0.13409214915841675,0.09958868277139336,0.05598803260406878,0.028353670587302378,0.017528826356628873,0.008937862645538879,0.12648288349738213,0.10322313193077003,0.1055708695508778,0.15296921960824955,1.5B,16384
22,6,lenshift_16384,lenshift,9649,9.174609562020384,14.144513603985347,24.132838906289326,1.4306229017738814,27.509092233451074,11.408673689268225,3.158794410282344,22.5037656974012,0.22418676851552483,-44.672742633258615,23.845951971954044,9.70795315716918e-09,0.9999999999549385,0.06666666666666667,0.378631341283049,2.642884645309268,0.9727755652066613,0.7415395380152534,0.8268649909877497,0.8788473482657627,0.050572003528221554,0.10325977885169113,0.6132747490920392,0.20908896143508726,0.2445730625454334,0.21116040362988375,0.1619646647627987,0.12183228875285149,0.09604604058817975,0.06336995183224049,0.17268116088449856,0.10125401596020313,0.15169921515779222,0.15100010363768265,1.5B,16384
22,7,lenshift_16384,lenshift,9649,9.174609562020384,23.60421877702638,24.132838906289326,1.4306229017738814,27.509092233451074,11.408673689268225,3.158794410282344,22.5037656974012,0.22418676851552483,-19.3004747594104,62.29640354473583,8.617937134092186e-09,0.9999999999989999,0.03333333333333333,0.2899907892109599,1.455550675939748,0.9980299637211089,0.9298574099176794,0.948997717428049,0.961867052162085,0.5666039501849176,0.038282098406278386,0.035802881033890135,0.9127006934850985,0.02057379534888452,0.010673204242146165,0.0046987807283591886,0.001653543000581216,0.0005841641135839777,0.00012111213882266182,0.056300027539693445,0.10322313193077003,0.04273013071043961,0.15296921960824955,1.5B,16384
22,8,lenshift_16384,lenshift,9649,9.174609562020384,17.976493275379383,24.132838906289326,1.4306229017738814,27.509092233451074,11.408673689268225,3.158794410282344,22.5037656974012,0.22418676851552483,-43.86004551719216,39.52686751205201,8.617937315680255e-09,0.9999999999989999,0.06666666666666667,0.4826042852014653,1.4524290333222047,0.9933204749816746,0.9028892106485245,0.9534066052715953,0.9711955971432835,0.026299175123820184,0.06124578774401446,0.7507038589267955,0.21172665464069154,0.08257853872044077,0.06887023015658521,0.050985082583096426,0.03678056886258654,0.028399556218098677,0.017746123019549243,0.05893292064417826,0.10125401596020313,0.04996491183021848,0.15100010363768265,1.5B,16384
22,9,lenshift_16384,lenshift,9649,9.174609562020384,24.140280647661257,24.132838906289326,1.4306229017738814,27.509092233451074,11.408673689268225,3.158794410282344,22.5037656974012,0.22418676851552483,-9.312665714937104,86.09681876976151,8.617937134092186e-09,0.9999999999989999,0.06666666666666667,0.4243542542145505,2.5508838182681495,0.9988804280779621,0.8061728296820156,0.9849569122680754,0.997395370962879,0.11124211800513839,0.08276547336820705,0.1481193936262505,0.8481766641463092,0.0013457250463525649,0.0008278150239401323,0.0003911841891965641,0.00018199196106572567,0.00010503389253433531,4.257396386389256e-05,0.0005541690325764259,0.10125401596020313,0.0003983757728961992,0.15100010363768265,1.5B,16384
22,10,lenshift_16384,lenshift,9649,9.174609562020384,18.875857867394117,24.132838906289326,1.4306229017738814,27.509092233451074,11.408673689268225,3.158794410282344,22.5037656974012,0.22418676851552483,-33.52585084999309,39.52002246810726,8.617937316927508e-09,0.9999999999989999,0.03333333333333333,0.42408614763532393,3.6335794014005405,0.9831000584387306,0.7140716317850002,0.7895037874973732,0.8277931768668205,0.04736877982112109,0.11402345175864514,0.16682343612094283,0.6057381570440048,0.14934448208209158,0.10966325834631073,0.06104389575828191,0.02911400728037909,0.014684941242500518,0.004961929855021367,0.17979664428220274,0.10322313193077003,0.1358926382291846,0.15296921960824955,1.5B,16384
22,11,lenshift_16384,lenshift,9649,9.174609562020384,19.16779529476726,24.132838906289326,1.4306229017738814,27.509092233451074,11.408673689268225,3.158794410282344,22.5037656974012,0.22418676851552483,-45.96468040697716,35.72591498550985,8.617945703073316e-09,0.9999999999989997,0.03333333333333333,0.29728921149532506,2.0751119146277617,0.9915515682787331,0.8706727828637276,0.9072431949325399,0.9357314342434669,0.2288492425356803,0.12941988518049286,0.3829792254245507,0.5157187460997225,0.06567042516071384,0.04852040844306552,0.028727283617095947,0.016462837424876017,0.010472583469916814,0.005189544643080621,0.062173396325297864,0.10125401596020313,0.05422400711992106,0.15100010363768265,1.5B,16384
23,0,lenshift_16384,lenshift,9649,9.174609562020384,23.535090084062062,23.86268890249431,1.6608676888716731,28.954624612740037,16.001753723844693,3.0199080513744754,27.439079609304564,0.11005972428999675,-10.8019201825647,40.92051450823952,8.617937179156643e-09,0.9999999999989999,0.03333333333333333,0.6395620579988025,2.509729470144518,0.9958337797911985,0.8678005944382199,0.9128353503990188,0.9390787265051462,0.5387890742898804,0.422345308145361,0.2352172861617686,0.6615378543503097,0.02485910391996229,0.016708498348314126,0.00677551846591571,0.0029242405494739215,0.0013765697326075233,0.0003107240401371624,0.03753807154586473,0.10322313193077003,0.03257422381814077,0.15296921960824955,1.5B,16384
23,1,lenshift_16384,lenshift,9649,9.174609562020384,21.083428443127488,23.86268890249431,1.6608676888716731,28.954624612740037,16.001753723844693,3.0199080513744754,27.439079609304564,0.11005972428999675,-18.558807183714464,31.995773226864173,8.618288620347188e-09,0.9999999999989873,0.03333333333333333,0.7179916127511502,2.2752492088990395,0.9921677634472286,0.8227751222333808,0.8585168631159124,0.8883621287309003,0.40178217685825957,0.060238783629256165,0.6390393682897004,0.21177246154238116,0.08307489243100323,0.04899194722856527,0.014972623481977036,0.005611972631341167,0.003025388126024855,0.0009665026449076695,0.0878057490347165,0.10322313193077003,0.07398967671769839,0.15296921960824955,1.5B,16384
23,2,lenshift_16384,lenshift,9649,9.174609562020384,18.734161372951267,23.86268890249431,1.6608676888716731,28.954624612740037,16.001753723844693,3.0199080513744754,27.439079609304564,0.11005972428999675,-26.15121092515834,21.841907779080103,1.6074127861605692e-08,0.9999999996722768,0.03333333333333333,0.6738410921752346,4.006527586028337,0.9784771712777898,0.5372218289010012,0.5838726497013306,0.6482537223589392,0.10785530262592413,0.1046534276179758,0.42613206010905835,0.12465342896101685,0.1475760778297043,0.10184129971159957,0.03818824360876615,0.011977101701430829,0.0060638209876890305,0.0025541149553316364,0.25832724220323844,0.10322313193077003,0.19699591957751425,0.15296921960824955,1.5B,16384
23,3,lenshift_16384,lenshift,9649,9.174609562020384,16.225014272486636,23.86268890249431,1.6608676888716731,28.954624612740037,16.001753723844693,3.0199080513744754,27.439079609304564,0.11005972428999675,-43.57028886227636,3.9494884129072574,0.1111968478841539,0.9788409844335283,0.03333333333333333,0.6645226337458465,5.140668869773355,0.9646019951012234,0.40436170967787843,0.48994035342222925,0.575430327454546,0.20781089499490601,0.01962363588694499,0.1363142445892368,0.007418520228942051,0.1280073805458873,0.11401426785331656,0.062310596659687044,0.028804272768619552,0.016939862058050193,0.00733232598923411,0.10828129784100245,0.10322313193077003,0.0921899509430733,0.15296921960824955,1.5B,16384
23,4,lenshift_16384,lenshift,9649,9.174609562020384,20.744917352284315,23.86268890249431,1.6608676888716731,28.954624612740037,16.001753723844693,3.0199080513744754,27.439079609304564,0.11005972428999675,-16.997901902479292,30.19525440755772,8.620061301476873e-09,0.9999999999989229,0.06666666666666667,0.5020996524465003,3.004045116625895,0.9895922203625109,0.7780656922864478,0.8471875035572611,0.8902303050303579,0.5415452779849625,0.08335261057810017,0.407585800399805,0.4296157701494605,0.06348103529325151,0.04397310828425644,0.021229307234533663,0.0080073928619425,0.0044333243746029795,0.0017490514694837754,0.06323918028380732,0.10125401596020313,0.05527603164676887,0.15100010363768265,1.5B,16384
23,5,lenshift_16384,lenshift,9649,9.174609562020384,16.568679074394982,23.86268890249431,1.6608676888716731,28.954624612740037,16.001753723844693,3.0199080513744754,27.439079609304564,0.11005972428999675,-44.849713788313025,11.973495046080856,8.320905185148443e-05,0.9999936135734486,0.03333333333333333,0.6754753010019302,2.4059992775102197,0.9686949864733635,0.7716392949705287,0.8004355135645764,0.8365015804268995,0.03174783013725557,0.03791992000031241,0.7195067648964051,0.03523997381200213,0.10665968339830938,0.08376145340378,0.05403863159867472,0.03427514526588589,0.02406027618543947,0.013241133637273923,0.0859708162518628,0.10322313193077003,0.0725043004971284,0.15296921960824955,1.5B,16384
23,6,lenshift_16384,lenshift,9649,9.174609562020384,24.387379230865513,21.429647926410873,1.4202579182277981,25.21619852180627,12.289264889919195,1.8310338591134223,18.388236700713815,0.07819455992297256,-18.391773697207963,54.61268157117506,8.617937134092244e-09,0.9999999999989999,0.06666666666666667,0.40456003840769367,1.4011127036396092,0.9962621978637333,0.9143763992699804,0.9403455576518709,0.9626442545066886,0.10771290949823031,0.009339067280438318,0.7579736088488644,0.19039468027523876,0.07392783653062551,0.048073293258512104,0.025914340194576724,0.015438887702695978,0.010531471956786225,0.005600238989399336,0.08281061871995772,0.10125401596020313,0.06295884351097163,0.15100010363768265,1.5B,16384
23,7,lenshift_16384,lenshift,9649,9.174609562020384,16.887407771041516,21.429647926410873,1.4202579182277981,25.21619852180627,12.289264889919195,1.8310338591134223,18.388236700713815,0.07819455992297256,6.733528792858122,50.43913864181377,8.617937134097442e-09,0.9999999999989999,0.06666666666666667,0.5541014087610587,4.2674714191925025,0.9366059889058405,0.6318867696801007,0.7038802606760459,0.7392276394260969,0.16326593821894675,0.023939747128975897,0.20286286796346725,0.5290967262470345,0.252649485041244,0.2206159747213031,0.16441029269778648,0.11530664909078157,0.0854648163137439,0.05042559898931366,0.18427563611058081,0.10125401596020313,0.1585755337878031,0.15100010363768265,1.5B,16384
23,8,lenshift_16384,lenshift,9649,9.174609562020384,20.082527700723645,21.429647926410873,1.4202579182277981,25.21619852180627,12.289264889919195,1.8310338591134223,18.388236700713815,0.07819455992297256,6.785379381740793,34.11806974325694,8.617979247292577e-09,0.9999999999989984,0.03333333333333333,0.6042061252782417,4.301391360139512,0.9780247725522039,0.538355646217526,0.6295948630190931,0.6873302338933602,0.02193814060963284,0.09251941315196233,0.22949146215155472,0.37426918695720846,0.23233229416538606,0.1389486707011623,0.0655965944984259,0.028788917997409333,0.014176852742170114,0.004976014624349219,0.40666799394273573,0.10322313193077003,0.3251818595636626,0.15296921960824955,1.5B,16384
23,9,lenshift_16384,lenshift,9649,9.174609562020384,27.74289389779562,21.429647926410873,1.4202579182277981,25.21619852180627,12.289264889919195,1.8310338591134223,18.388236700713815,0.07819455992297256,-19.790647759157064,55.95187486982083,8.617937134092202e-09,0.9999999999989999,0.06666666666666667,0.3752435005588879,1.4663981205320933,0.9962665181714583,0.9554366004539635,0.9673493987359385,0.9725767241331909,0.23012023343608634,0.04342229644053042,0.6084200170526843,0.362270442207329,0.03290239877208776,0.02509421219565493,0.015121442959177745,0.008553929072425092,0.005419474085104789,0.0024726321133166944,0.022804988276286103,0.10125401596020313,0.017028106927698194,0.15100010363768265,1.5B,16384
23,10,lenshift_16384,lenshift,9649,9.174609562020384,23.127016386840058,21.429647926410873,1.4202579182277981,25.21619852180627,12.289264889919195,1.8310338591134223,18.388236700713815,0.07819455992297256,-2.3827663940541974,73.60625837499494,8.617937134092186e-09,0.9999999999989999,0.06666666666666667,0.41979747724740085,2.0333623988154406,0.9952467117896804,0.9166295976954193,0.9691487716706451,0.9773469822534304,0.04684394619003913,0.04739440510501569,0.3954927793173195,0.580836097810103,0.023590451093320072,0.01957973125241962,0.013299099818855502,0.008577309841480023,0.0061037101058606606,0.0034307293504270515,0.015691815521813972,0.10125401596020313,0.012173230105694864,0.15100010363768265,1.5B,16384
23,11,lenshift_16384,lenshift,9649,9.174609562020384,26.490998741214383,21.429647926410873,1.4202579182277981,25.21619852180627,12.289264889919195,1.8310338591134223,18.388236700713815,0.07819455992297256,5.859000220018278,63.458892655613674,8.617937134092186e-09,0.9999999999989999,0.06666666666666667,0.4363788191209885,1.810239493094638,0.9988294030783941,0.9597758138343202,0.9899287716409054,0.9939778990321804,0.3911274746281298,0.57118416411643,0.2478390521972811,0.7463838249142933,0.003949469476977202,0.0029688546937043985,0.0018617704523794373,0.001146477626626814,0.0007869909485023948,0.00041038169040108404,0.0025382926797504943,0.10125401596020313,0.0018428599859062276,0.15100010363768265,1.5B,16384
24,0,lenshift_16384,lenshift,9649,9.174609562020384,21.478953692221797,21.447789840159903,1.2756103717137222,26.25196479301571,9.532983975954458,1.3027456939816902,18.502059245603057,0.021227899082265987,116.52634744433792,34.321379455682944,8.617971669940363e-09,0.9999999999989986,0.06666666666666667,0.6301470449132995,2.033168605922593,0.9840347673277602,0.8468111426859746,0.8855332462269903,0.9023366610942647,0.04252404173164237,0.4596879164198384,0.6995953194719544,0.19412872998414865,0.0722222606763826,0.05732941295482241,0.03613272421188444,0.02209886052699451,0.014933287101555132,0.0076531701809382565,0.03291132745104518,0.10322313193077003,0.024789358354756107,0.15100010363768265,1.5B,16384
24,1,lenshift_16384,lenshift,9649,9.174609562020384,20.501459372143103,21.447789840159903,1.2756103717137222,26.25196479301571,9.532983975954458,1.3027456939816902,18.502059245603057,0.021227899082265987,123.41261968980818,52.281030057326845,8.61793713409272e-09,0.9999999999989999,0.06666666666666667,0.6408782891396839,1.9806127035554872,0.9917570469998467,0.924344286475153,0.945985669679973,0.9541256695413949,0.10609635658688177,0.13880472525550402,0.24132053751269886,0.7104288390036002,0.02827948216063982,0.023364195738580177,0.015512942481523783,0.009554214912273953,0.006435858690912295,0.003256176485148509,0.015073361566493427,0.10322313193077003,0.010389142263528679,0.15296921960824955,1.5B,16384
24,2,lenshift_16384,lenshift,9649,9.174609562020384,20.229210961238035,21.447789840159903,1.2756103717137222,26.25196479301571,9.532983975954458,1.3027456939816902,18.502059245603057,0.021227899082265987,104.16437105264734,29.657007631969037,8.621572358156249e-09,0.999999999998868,0.06666666666666667,0.6696240390659602,0.877555601979558,0.9968153067737711,0.96245869158184,0.9762322571626776,0.9840937943281292,0.010667830973440928,0.0056649368349237506,0.8541141299492733,0.12332456443671705,0.011613527545996646,0.009479610822664707,0.006609062869575604,0.0045386419924983755,0.0033873790572107104,0.00207010881132086,0.00603283246169526,0.10125401596020313,0.004803526189678695,0.15100010363768265,1.5B,16384
24,3,lenshift_16384,lenshift,9649,9.174609562020384,20.5076423377289,21.447789840159903,1.2756103717137222,26.25196479301571,9.532983975954458,1.3027456939816902,18.502059245603057,0.021227899082265987,113.86480533726078,52.68266412433965,8.617937134092821e-09,0.9999999999989999,0.06666666666666667,0.643269179907251,1.8720847422714306,0.994238346653787,0.9483273890863312,0.9619133130825555,0.9710720604886001,0.6653462612258156,0.05074902029196693,0.4907671403251272,0.47674966698054644,0.017135677913881438,0.014068059683347938,0.009784779968068806,0.006565333640852592,0.004786758236402607,0.002746890549227788,0.008594190266528315,0.10125401596020313,0.006965860986809571,0.15100010363768265,1.5B,16384
24,4,lenshift_16384,lenshift,9649,9.174609562020384,25.807104313411244,21.447789840159903,1.2756103717137222,26.25196479301571,9.532983975954458,1.3027456939816902,18.502059245603057,0.021227899082265987,135.02919234949002,40.642998856108875,8.617937195414451e-09,0.9999999999989999,0.06666666666666667,0.6424634586157698,0.9077991860225145,0.998050487069555,0.9726962244887699,0.9779513588608599,0.9821773870296557,0.12466435089588757,0.0019891837357448594,0.8320462303498828,0.14618038718008125,0.01179037544083146,0.008547046952795536,0.004752108301232825,0.0025333852394790646,0.0015278487476262396,0.0006493318933871915,0.005729662574100355,0.10322313193077003,0.004029326948737281,0.15100010363768265,1.5B,16384
24,5,lenshift_16384,lenshift,9649,9.174609562020384,20.277909963393228,21.447789840159903,1.2756103717137222,26.25196479301571,9.532983975954458,1.3027456939816902,18.502059245603057,0.021227899082265987,110.90212658222981,17.473652703577955,5.781071491876847e-07,0.999999969630607,0.06666666666666667,0.6491037539415301,4.296166170543984,0.939570336385513,0.5917762188701862,0.6619809867791476,0.7036565842573888,0.020435299895567027,0.09407633880937993,0.36151440992356215,0.21972040470947257,0.14705208623587368,0.11913538454621066,0.0833824030273633,0.0578259310440944,0.04326344871164086,0.02614816186524665,0.0982133920659747,0.10322313193077003,0.07859036615207549,0.15296921960824955,1.5B,16384
24,6,lenshift_16384,lenshift,9649,9.174609562020384,19.388909451522128,21.148577846456796,1.361613441293801,24.605298153288434,22.376725560127543,7.172616897638794,56.87146481240235,0.23732247190795305,-36.68021048342479,39.09542894729685,8.617937413644809e-09,0.9999999999989999,0.06666666666666667,0.40339025621216634,2.639884459884588,0.989468453922692,0.7643000059836077,0.8581515512690164,0.9026693111260655,0.1000084497853706,0.22179505074342654,0.5484936630241305,0.30679944179738,0.12511322522778748,0.08801560401342375,0.046806969950350025,0.02184286273047721,0.012734695273560975,0.00579717966003878,0.129626633900162,0.10125401596020313,0.10930565296117832,0.15100010363768265,1.5B,16384
24,7,lenshift_16384,lenshift,9649,9.174609562020384,19.826056111696484,21.148577846456796,1.361613441293801,24.605298153288434,22.376725560127543,7.172616897638794,56.87146481240235,0.23732247190795305,-37.225610852241516,32.46745700633619,8.618161175878593e-09,0.9999999999989917,0.06666666666666667,0.40332247041404723,3.006526733567614,0.9729294996663803,0.7802752095657027,0.8209295645933801,0.847851544682784,0.013445350437157444,0.0720700994292649,0.4964167477750832,0.3405530623767466,0.2349396944427444,0.1914373478557269,0.12066561956150891,0.0775427870993765,0.05750895806670405,0.035032305551045716,0.17278804873727924,0.10125401596020313,0.1476877948126941,0.15100010363768265,1.5B,16384
24,8,lenshift_16384,lenshift,9649,9.174609562020384,15.123915193507466,21.148577846456796,1.361613441293801,24.605298153288434,22.376725560127543,7.172616897638794,56.87146481240235,0.23732247190795305,-30.63537318741574,23.432887983256744,1.0485378252709035e-08,0.9999999999229765,0.06666666666666667,0.46720233344327267,5.691928808115577,0.8935358262818549,0.3730077787488742,0.42958128087451564,0.48819045553521356,0.1632590630142836,0.12094807887021952,0.25886114988768344,0.18583750604372645,0.5181094087467047,0.38347822042662755,0.24568730720282855,0.18931359791716867,0.1384227769267439,0.08018748196434604,0.3981867918013438,0.10125401596020313,0.33220622482019296,0.15100010363768265,1.5B,16384
24,9,lenshift_16384,lenshift,9649,9.174609562020384,18.946166857794303,21.148577846456796,1.361613441293801,24.605298153288434,22.376725560127543,7.172616897638794,56.87146481240235,0.23732247190795305,-48.332095797447586,26.873335383558548,8.698190280296565e-09,0.9999999999960332,0.03333333333333333,0.4065577094404974,2.734700185346778,0.9745526236894442,0.7566639295695696,0.8071312535374295,0.8506512012630657,0.49118299849201996,0.1308955095671318,0.6465749605354452,0.13911653463835966,0.2980512692099384,0.22899546025430728,0.16975960524872435,0.1129357579693209,0.08030824780431452,0.04139536094705727,0.3080766544939143,0.10322313193077003,0.22883816691784775,0.15296921960824955,1.5B,16384
24,10,lenshift_16384,lenshift,9649,9.174609562020384,18.350489881015516,21.148577846456796,1.361613441293801,24.605298153288434,22.376725560127543,7.172616897638794,56.87146481240235,0.23732247190795305,-56.68718682667787,23.988457409997125,9.573860903159794e-09,0.9999999999605822,0.03333333333333333,0.43961487603695176,2.8081966615207987,0.985601388327604,0.7130502604899639,0.7713235637416708,0.816630177806474,0.03796707178708392,0.022134766194648048,0.6126066058202981,0.06085660187187453,0.2827593895644052,0.15840028555688768,0.059486764023043405,0.02856043108483681,0.01680850819959171,0.005477460496620121,0.387162915629368,0.10322313193077003,0.3579105935362694,0.15296921960824955,1.5B,16384
24,11,lenshift_16384,lenshift,9649,9.174609562020384,19.44601955197365,21.148577846456796,1.361613441293801,24.605298153288434,22.376725560127543,7.172616897638794,56.87146481240235,0.23732247190795305,-51.72068359220731,25.05071965302767,8.969336551893042e-09,0.9999999999853937,0.03333333333333333,0.473487671398577,2.997172774075837,0.9809162104257787,0.6974680655817178,0.7486129786206013,0.7969213314877424,0.1550764683784922,0.023041044609821704,0.5962304139253999,0.10372010210429952,0.2680208352576357,0.16491531708836213,0.07565725896831754,0.03513143871346923,0.02194099458397542,0.011254065028107219,0.3673652420598319,0.10322313193077003,0.3075292825520196,0.15296921960824955,1.5B,16384
25,0,lenshift_16384,lenshift,9649,9.174609562020384,15.529627939791869,23.142092915983696,1.5556070717591228,26.636514878013774,22.250169212771965,6.661937580135667,52.86918599153799,0.22689307134089223,-42.19963815282374,34.019000942315486,8.618000955751229e-09,0.9999999999989977,0.06666666666666667,0.2852428770949224,3.755805856073209,0.9538141938601115,0.6164342668091904,0.6768258463650065,0.736972616614438,0.07478551551169987,0.013818012871690932,0.4977402771264729,0.1926319988888247,0.40892410086361425,0.3093961595343035,0.18721120407113245,0.12131884181153905,0.08625459954611812,0.05003419982683308,0.4455995640152652,0.10125401596020313,0.37622461907470833,0.15100010363768265,1.5B,16384
25,1,lenshift_16384,lenshift,9649,9.174609562020384,19.895806446772944,23.142092915983696,1.5556070717591228,26.636514878013774,22.250169212771965,6.661937580135667,52.86918599153799,0.22689307134089223,-65.188422383631,47.49015155445562,8.617937134155399e-09,0.9999999999989999,0.06666666666666667,0.17667701141650155,0.9269354199195434,0.9950523843509027,0.9474638178680584,0.9619843240972455,0.9673292189035484,0.0752438835626803,0.019465817012696007,0.8672475860377803,0.09954819214308772,0.12848136200600452,0.10115391120774982,0.06059291198580406,0.03344788590007538,0.021076885793366102,0.010389685895777252,0.1115046334837472,0.10125401596020313,0.09231653776076286,0.15100010363768265,1.5B,16384
25,2,lenshift_16384,lenshift,9649,9.174609562020384,16.994960830443567,23.142092915983696,1.5556070717591228,26.636514878013774,22.250169212771965,6.661937580135667,52.86918599153799,0.22689307134089223,-61.28916969018822,31.77413289764597,8.61837674967843e-09,0.9999999999989841,0.06666666666666667,0.17763470789111946,2.159340705385433,0.9750354132828734,0.8053295570176003,0.8287152558006039,0.8512509722841242,0.013789732336340066,0.07346094543012427,0.7492507272032626,0.0848659472833963,0.5245011718247755,0.40979597356666164,0.26015639670675905,0.15793468310498518,0.10721707850680294,0.05623620655031669,0.5424675499169251,0.10125401596020313,0.38748263930145715,0.15100010363768265,1.5B,16384
25,3,lenshift_16384,lenshift,9649,9.174609562020384,21.157744007311027,23.142092915983696,1.5556070717591228,26.636514878013774,22.250169212771965,6.661937580135667,52.86918599153799,0.22689307134089223,-31.029597881962246,45.413013690603265,8.617937134596576e-09,0.9999999999989999,0.06666666666666667,0.15939358083040267,0.5151211309531296,0.9978873945379414,0.9760862354637552,0.9830640299449563,0.9872532667553742,0.033455794294667385,0.009009731806173704,0.028836869230972735,0.956556578642016,0.010523227016567249,0.008345105067757043,0.005328076689920653,0.0032632908942975365,0.0022102779529130233,0.0011217526958421193,0.009325049984575761,0.10125401596020313,0.007989538182685699,0.15100010363768265,1.5B,16384
25,4,lenshift_16384,lenshift,9649,9.174609562020384,14.317623986058429,23.142092915983696,1.5556070717591228,26.636514878013774,22.250169212771965,6.661937580135667,52.86918599153799,0.22689307134089223,-29.749667731278088,32.84239114528035,8.618101416755368e-09,0.9999999999989939,0.06666666666666667,0.30066198732962235,6.055527937885296,0.9362014695831804,0.16965460612369646,0.2379249555954909,0.3385770983002605,0.03620823111516369,0.022173889006778635,0.06635943217229141,0.10272022565065872,0.4638261261627368,0.2732104749318781,0.1162082242554794,0.0726129063714386,0.0529448846236911,0.030858184245701442,0.3255775136127913,0.10125401596020313,0.2286205590306547,0.15100010363768265,1.5B,16384
25,5,lenshift_16384,lenshift,9649,9.174609562020384,19.552386279537544,23.142092915983696,1.5556070717591228,26.636514878013774,22.250169212771965,6.661937580135667,52.86918599153799,0.22689307134089223,-65.4964044059024,28.24470194098747,8.632909660110245e-09,0.9999999999984535,0.06666666666666667,0.4045825708660675,2.127380927220865,0.98846867605578,0.8255878967257656,0.8495987433063817,0.8699694249464706,0.2632693922856797,0.2553379573056098,0.6979665841928049,0.10156785856366798,0.23170426726208537,0.11857126882084268,0.061705098315538325,0.03089082264895293,0.018436013102475116,0.007681521597519267,0.42933442743329664,0.10125401596020313,0.39162146582244156,0.15100010363768265,1.5B,16384
25,6,lenshift_16384,lenshift,9649,9.174609562020384,18.37737329071425,19.552691627928848,1.9095102319356436,24.464970896398256,22.410922636090074,5.452701795231646,45.77509980146569,0.09983251152663827,-34.81441680824055,20.882843051581673,2.726788099923487e-08,0.9999999991464059,0.06666666666666667,0.6969846968411773,1.4900567703846495,0.9887441012571855,0.9061420999365821,0.926508346477222,0.943313764854152,0.2686987348228742,0.039632567726264334,0.7785694598317836,0.13938816128097029,0.04004642961397887,0.03497528213802899,0.02643953290583577,0.018786240907151516,0.014104299101008903,0.00794986229632165,0.03208341530832929,0.10125401596020313,0.028584420472992922,0.15100010363768265,1.5B,16384
25,7,lenshift_16384,lenshift,9649,9.174609562020384,19.00270875488401,19.552691627928848,1.9095102319356436,24.464970896398256,22.410922636090074,5.452701795231646,45.77509980146569,0.09983251152663827,-44.749756764839674,20.628900057475278,3.237926638276907e-08,0.9999999989000383,0.06666666666666667,0.5062858783772581,1.461569501589327,0.9981102805526068,0.9403737006222826,0.9666517512889962,0.9780569769402021,0.18208663976326633,0.010088564687507073,0.6384370542908352,0.3105409168269119,0.01679438352499267,0.01224463471539896,0.00505365477915505,0.0013601157102314844,0.0007138044057508439,0.00035185308817549155,0.016889809391684413,0.10125401596020313,0.014931566780412093,0.15100010363768265,1.5B,16384
25,8,lenshift_16384,lenshift,9649,9.174609562020384,20.40399480731032,19.552691627928848,1.9095102319356436,24.464970896398256,22.410922636090074,5.452701795231646,45.77509980146569,0.09983251152663827,-44.10928650813945,18.584341659943348,1.7488479959379453e-07,0.9999999915087013,0.06666666666666667,0.4347708388530275,1.4242423500303212,0.9938544719747784,0.920417074213022,0.9452690489842183,0.9604609067944909,0.26595335759950345,0.045464500911701844,0.7645942969778364,0.13943480356018595,0.02609407298619403,0.02151178911176953,0.014566769455782403,0.009485969301361507,0.006915418121838297,0.0037115217061147814,0.022542675743000635,0.10125401596020313,0.020542045226516092,0.15100010363768265,1.5B,16384
25,9,lenshift_16384,lenshift,9649,9.174609562020384,19.07994191221376,19.552691627928848,1.9095102319356436,24.464970896398256,22.410922636090074,5.452701795231646,45.77509980146569,0.09983251152663827,-47.67924524405423,31.8737617551986,8.61833414964404e-09,0.9999999999989855,0.06666666666666667,0.42558672967547106,1.3555832586392427,0.9926085528746137,0.9215124385348155,0.9466217084702439,0.9562457796314415,0.0466166166258839,0.09058329229849349,0.7932467337797844,0.1501445276679975,0.037389005110938484,0.03237649639956783,0.022748637742176947,0.013478731305191359,0.00838364999395275,0.0036564140284539937,0.032682910325422865,0.10125401596020313,0.029565183636629758,0.15100010363768265,1.5B,16384
25,10,lenshift_16384,lenshift,9649,9.174609562020384,20.394168176142667,19.552691627928848,1.9095102319356436,24.464970896398256,22.410922636090074,5.452701795231646,45.77509980146569,0.09983251152663827,-39.39111937144224,33.56306546352682,8.61801044861335e-09,0.9999999999989972,0.06666666666666667,0.4579176877104896,1.596055779982931,0.9981593044329953,0.9452168079661271,0.9757288133062462,0.9835833242855584,0.006422210335544243,0.657868514679453,0.5485384198642205,0.4092535631836448,0.011111675605263585,0.008304892944431506,0.004068534871997783,0.0017720210689727443,0.0010621677509398224,0.0005387835372377147,0.010271171539456588,0.10125401596020313,0.009172298793091045,0.15100010363768265,1.5B,16384
25,11,lenshift_16384,lenshift,9649,9.174609562020384,18.595454873634697,19.552691627928848,1.9095102319356436,24.464970896398256,22.410922636090074,5.452701795231646,45.77509980146569,0.09983251152663827,-50.538740359082375,14.43443128523787,8.320431759385421e-06,0.99999946147395,0.06666666666666667,0.6237265975808091,1.0628534856842649,0.996603909563578,0.9394805953868448,0.9588216343726805,0.9679366197581245,0.002261241642881995,0.05597053054529999,0.8524400271556402,0.09022578866261062,0.02794208047870796,0.02248657673153007,0.012225249457370482,0.003988022721906453,0.00181236860673436,0.0007408072082062251,0.02782454989661569,0.10125401596020313,0.025632138249984466,0.15100010363768265,1.5B,16384
26,0,lenshift_16384,lenshift,9649,9.174609562020384,15.78558992171518,22.273621301486166,1.8293059514089327,28.056889727210606,26.981133462356876,9.861370763783421,69.32408581585702,0.2045272669731147,-20.544966101646423,20.63825297402218,3.218594543349621e-08,0.9999999989096195,0.06666666666666667,0.5100973275235632,5.911633299008372,0.8953500000623495,0.35509347542338776,0.413935221981094,0.46118805859876677,0.061945478112856334,0.10309712362657475,0.22601551933298022,0.19344689810687085,0.2684325429710872,0.2198082465567504,0.15936398690419126,0.10929282055383402,0.07586053246283733,0.04579192595063937,0.19313917017266624,0.10125401596020313,0.16239258623187477,0.15100010363768265,1.5B,16384
26,1,lenshift_16384,lenshift,9649,9.174609562020384,15.770120263999681,22.273621301486166,1.8293059514089327,28.056889727210606,26.981133462356876,9.861370763783421,69.32408581585702,0.2045272669731147,-40.57504806974356,16.173805844346873,1.6333735012415094e-06,0.9999999054001946,0.03333333333333333,0.3655517863070573,4.420853261213605,0.9502679550889787,0.5607486113462193,0.6125145358125906,0.6686821153335678,0.19381137145174732,0.008420323934817286,0.3924217069094386,0.18781191710756384,0.1726267807361041,0.14107823023981275,0.10151855501784386,0.06879749774290629,0.05475750105448871,0.02470456778064735,0.14248132936176094,0.10322313193077003,0.12469552856448349,0.15296921960824955,1.5B,16384
26,2,lenshift_16384,lenshift,9649,9.174609562020384,15.479922073437493,22.273621301486166,1.8293059514089327,28.056889727210606,26.981133462356876,9.861370763783421,69.32408581585702,0.2045272669731147,-31.652574630344628,16.88655201519619,8.383773562903092e-07,0.9999999536137346,0.03333333333333333,0.5319792973524645,5.025324525904718,0.9502458367257648,0.44130752034692833,0.5024302702876385,0.5588808965103932,0.09674825934415132,0.07903959449525733,0.29223716319299187,0.15826221784121297,0.17980385354801212,0.20608176552813492,0.11478276090062463,0.06049562790173667,0.037096511250516884,0.01628325656163775,0.3397236247411359,0.10125401596020313,0.2546395773605674,0.15100010363768265,1.5B,16384
26,3,lenshift_16384,lenshift,9649,9.174609562020384,14.823288158093145,22.273621301486166,1.8293059514089327,28.056889727210606,26.981133462356876,9.861370763783421,69.32408581585702,0.2045272669731147,-27.817812217728203,19.52776309995403,7.668922476201482e-08,0.9999999966849005,0.03333333333333333,0.5375885565241468,5.343709316500215,0.9456546997505917,0.3766707884035441,0.45980049410956303,0.5308284756081697,0.041951352988254254,0.17144988748079104,0.23079811488357616,0.14179440870512727,0.17020718367929952,0.2216645295591239,0.1297603411734392,0.0705427969557946,0.04229525721514274,0.01615529324569885,0.3517634936022231,0.10125401596020313,0.2725511461257597,0.15100010363768265,1.5B,16384
26,4,lenshift_16384,lenshift,9649,9.174609562020384,16.757645764555107,22.273621301486166,1.8293059514089327,28.056889727210606,26.981133462356876,9.861370763783421,69.32408581585702,0.2045272669731147,-29.281879797577872,19.485134744085357,7.926579804846364e-08,0.9999999965498214,0.03333333333333333,0.5796240586988317,4.099466804437444,0.9688139031073317,0.6219675130918364,0.6897445892124908,0.7368642087795192,0.10911721285611031,0.002267558401802816,0.34326833034015913,0.30848020122750885,0.1546571786852849,0.11887475952407318,0.06633422345289046,0.031784853365502554,0.018650471639196153,0.007973669968060426,0.14904222245327808,0.10322313193077003,0.12756544243150209,0.15296921960824955,1.5B,16384
26,5,lenshift_16384,lenshift,9649,9.174609562020384,17.44268079246548,22.273621301486166,1.8293059514089327,28.056889727210606,26.981133462356876,9.861370763783421,69.32408581585702,0.2045272669731147,-34.74933168817969,30.68366301278858,8.619241489669178e-09,0.9999999999989526,0.06666666666666667,0.503951352501059,4.574180353333794,0.9393651755433347,0.549087950989315,0.5712928036526701,0.5956400708090323,0.20861729064746504,0.0022536341367258572,0.4006430762825404,0.17862435301827112,0.20382292267054863,0.16038339076471667,0.09943435377361279,0.06318372557582799,0.04334729237545579,0.02467812869931424,0.18044280200312093,0.10125401596020313,0.15064879914722978,0.15100010363768265,1.5B,16384
26,6,lenshift_16384,lenshift,9649,9.174609562020384,15.19096653724443,20.215020006843545,1.5371966760147828,24.940647065595382,28.752821009697588,10.459762805104196,73.91254519372981,0.21117337128315342,-30.64679191655971,18.865182292021085,1.360163247165461e-07,0.9999999935859454,0.06666666666666667,0.4570613886431222,4.928991512490693,0.9434410040183475,0.4720294315152035,0.551155524696107,0.6089169513029006,0.1454962210258064,0.07524467645026789,0.33038072388039674,0.18222654035751132,0.32880378224273654,0.2326537581744447,0.14603913331451537,0.09808336923678007,0.057097693501050456,0.02258695691464686,0.3751956855632682,0.10322313193077003,0.3228037371873337,0.15296921960824955,1.5B,16384
26,7,lenshift_16384,lenshift,9649,9.174609562020384,15.847479592895548,20.215020006843545,1.5371966760147828,24.940647065595382,28.752821009697588,10.459762805104196,73.91254519372981,0.21117337128315342,-24.490964611663532,15.301321650485459,3.697910391778658e-06,0.9999997736798888,0.06666666666666667,0.6484195091552374,4.121617080272464,0.9574808099042846,0.6033709361666796,0.6806445485711493,0.7456972113537267,0.05117263168090547,0.03261130579358862,0.4040656154348028,0.21040080552979007,0.2564759535270684,0.2071864228425206,0.14238653690711275,0.09408775641418383,0.07165473917990649,0.032071058890057784,0.20197982154128494,0.10322313193077003,0.17447878993350993,0.15296921960824955,1.5B,16384
26,8,lenshift_16384,lenshift,9649,9.174609562020384,15.651849250036541,20.215020006843545,1.5371966760147828,24.940647065595382,28.752821009697588,10.459762805104196,73.91254519372981,0.21117337128315342,-26.397427748231316,18.31122149156257,2.2405861494425053e-07,0.9999999888422321,0.03333333333333333,0.5687800470558183,4.471110889735871,0.9489467023642061,0.5675989768334986,0.627415001379847,0.672565651421039,0.12720438867331318,0.3197208561564797,0.3747089939621573,0.22383017592345994,0.3258366392797079,0.2732991802261178,0.17716237899601303,0.09979409800291965,0.0647735363653315,0.025177856276444515,0.26466961686928686,0.10322313193077003,0.229529053305687,0.15100010363768265,1.5B,16384
26,9,lenshift_16384,lenshift,9649,9.174609562020384,16.705697628287805,20.215020006843545,1.5371966760147828,24.940647065595382,28.752821009697588,10.459762805104196,73.91254519372981,0.21117337128315342,-22.143832311910735,19.37435354786816,8.711600307830626e-08,0.9999999961457602,0.03333333333333333,0.6316749987083294,4.568828902868024,0.9529647281203831,0.5335715541926248,0.6177372974495909,0.6674371146578196,0.035354278012416085,0.013218568782032314,0.3414453329637271,0.18252482353321392,0.26569798211818085,0.21858094984576326,0.14793044360962485,0.08390167422980424,0.04319149902539746,0.013942022724398744,0.2024773110750321,0.10322313193077003,0.1614387374177468,0.15296921960824955,1.5B,16384
26,10,lenshift_16384,lenshift,9649,9.174609562020384,17.532402257400722,20.215020006843545,1.5371966760147828,24.940647065595382,28.752821009697588,10.459762805104196,73.91254519372981,0.21117337128315342,-28.005847022813903,25.069197699715225,8.952179629143696e-09,0.9999999999860405,0.06666666666666667,0.6133355150935433,3.957637428929883,0.9264182271092811,0.6394750629195043,0.6742557948682572,0.6934394533989351,0.020744447029395374,0.2257017237914205,0.5152970582402734,0.16476233025643314,0.3994521816329043,0.33424740520914437,0.23194974888571113,0.15755911148964277,0.11406103094231321,0.06613259316832408,0.33266416384169034,0.10125401596020313,0.2889956743910506,0.15100010363768265,1.5B,16384
26,11,lenshift_16384,lenshift,9649,9.174609562020384,16.50132506924131,20.215020006843545,1.5371966760147828,24.940647065595382,28.752821009697588,10.459762805104196,73.91254519372981,0.21117337128315342,-19.902071225292534,23.336853350909873,1.0396722441925508e-08,0.9999999999256963,0.03333333333333333,0.5454149064937879,5.1906698278543475,0.9584984112604749,0.38312043963351955,0.45040525858792707,0.5231074411003583,0.143851872267866,0.01358601554406258,0.24426181754531362,0.1684735784302528,0.24535243345827218,0.20524752374552532,0.10622971829502216,0.05273212290376782,0.029716550135170255,0.01076626705442502,0.37574927822961884,0.10322313193077003,0.2871817356247171,0.15100010363768265,1.5B,16384
27,0,lenshift_16384,lenshift,9649,9.174609562020384,16.3281048295476,18.44038934707265,1.8004686884283936,24.6824747693097,27.562729294662713,9.880258674690245,61.35205173689012,0.18621729510872517,28.778223532087665,25.573671840665426,8.822768365337822e-09,0.9999999999911746,0.06666666666666667,0.2944737541443133,5.599580958409612,0.9233210702646374,0.4034704647586815,0.49080548064598484,0.5586325399922997,0.09784973561984733,0.012449399333420708,0.06633270474566505,0.3795984523919892,0.23812482636797438,0.17835201252432945,0.10956867071788538,0.07222126210189046,0.0455563161482067,0.02380058998154384,0.18974398484382768,0.10125401596020313,0.15920339379860293,0.15100010363768265,1.5B,16384
27,1,lenshift_16384,lenshift,9649,9.174609562020384,14.444170975853757,18.44038934707265,1.8004686884283936,24.6824747693097,27.562729294662713,9.880258674690245,61.35205173689012,0.18621729510872517,37.25035601153092,22.232074637869907,1.3752163413545234e-08,0.9999999997777429,0.06666666666666667,0.36478579237722,6.438132945388079,0.9137671085619797,0.21350039748204824,0.28158999692050257,0.34920109141380185,0.17092696297023835,0.21645229495523122,0.034158157902263224,0.2222928518144756,0.24506543640314288,0.3107836636799324,0.20319925191919122,0.1032776433561934,0.06319918220513289,0.022256461365959823,0.3876651163412318,0.10322313193077003,0.328488586403578,0.15296921960824955,1.5B,16384
27,2,lenshift_16384,lenshift,9649,9.174609562020384,12.6406229747681,18.44038934707265,1.8004686884283936,24.6824747693097,27.562729294662713,9.880258674690245,61.35205173689012,0.18621729510872517,31.447653234004974,23.275712120579556,1.0503493603085088e-08,0.9999999999211069,0.06666666666666667,0.352452003734231,5.708546809180131,0.9150277156272623,0.38845390046265427,0.49456110122801905,0.5562236961276255,0.01729275184525436,0.26803274876195093,0.10539663653104672,0.3478097793493624,0.27236847424933724,0.21615439286710605,0.14777152628501344,0.10478292934541249,0.0750143783797096,0.03691641649662959,0.24776474303500054,0.10125401596020313,0.2148978688522233,0.15100010363768265,1.5B,16384
27,3,lenshift_16384,lenshift,9649,9.174609562020384,14.221518763102099,18.44038934707265,1.8004686884283936,24.6824747693097,27.562729294662713,9.880258674690245,61.35205173689012,0.18621729510872517,36.13782020526773,23.184773454524787,1.067561404277503e-08,0.999999999913693,0.06666666666666667,0.33925015055204766,5.795571706834165,0.9154397114354949,0.35770061295471944,0.46889259308539255,0.54695201636531,0.0016000313467312566,0.07315596820012127,0.056210557099705176,0.3330946769614306,0.23018558744945586,0.19248206795363879,0.1412643523600763,0.0879567962380022,0.061890165719828645,0.03122389529475706,0.20955465721192873,0.10125401596020313,0.18792038366525401,0.15100010363768265,1.5B,16384
27,4,lenshift_16384,lenshift,9649,9.174609562020384,14.420779915580454,18.44038934707265,1.8004686884283936,24.6824747693097,27.562729294662713,9.880258674690245,61.35205173689012,0.18621729510872517,44.43000967011732,30.134495329954113,8.620194542606768e-09,0.9999999999989182,0.06666666666666667,0.3848239748680848,5.912226890287558,0.9401421387172075,0.26877561257529536,0.3812950718474572,0.4635452853969174,0.15519809891493797,0.14580812877821092,0.03218125225960572,0.2956461484760098,0.2957624389455409,0.2958585407332318,0.16584092808744372,0.07794487816603154,0.039264645685497035,0.014328766282955365,0.4545013947184929,0.10125401596020313,0.32815828734465635,0.15100010363768265,1.5B,16384
27,5,lenshift_16384,lenshift,9649,9.174609562020384,16.4308755212018,18.44038934707265,1.8004686884283936,24.6824747693097,27.562729294662713,9.880258674690245,61.35205173689012,0.18621729510872517,46.28594277448514,32.99490432125544,8.618066490818899e-09,0.9999999999989952,0.06666666666666667,0.3780328406903597,4.2108645922182655,0.9633019162895767,0.6418307442497309,0.7044191026707604,0.7381900594947821,0.3144225389516828,0.0986699817804979,0.03267897321226395,0.6608874976444852,0.2132807805262176,0.1715094164292519,0.09808265946551135,0.04752632981419192,0.02495627437208107,0.00822151130640483,0.17966282865775474,0.10125401596020313,0.15303596893971314,0.15100010363768265,1.5B,16384
27,6,lenshift_16384,lenshift,9649,9.174609562020384,12.328165076617333,19.839257938345412,1.5965942419177814,24.79397677242617,30.15211953803851,11.620049125597516,65.11479933695304,0.16595813117684108,69.08589759469031,25.250958696240545,8.898171160538606e-09,0.9999999999881943,0.03333333333333333,0.5003150732142031,6.041336325585147,0.917985998570464,0.3094328552821531,0.4091007545429314,0.4746654967543672,0.3366457450395748,0.11585192956101675,0.038273073903675944,0.3487024221182726,0.5416959487109977,0.44873022525943707,0.3232778514285818,0.1788626515742371,0.11448939170310005,0.05544759679145459,0.4580987201397623,0.10322313193077003,0.3899674768489374,0.15296921960824955,1.5B,16384
27,7,lenshift_16384,lenshift,9649,9.174609562020384,12.780095074600382,19.839257938345412,1.5965942419177814,24.79397677242617,30.15211953803851,11.620049125597516,65.11479933695304,0.16595813117684108,50.06311991460182,32.00742143915061,8.618284557776383e-09,0.9999999999989873,0.06666666666666667,0.3499280747025464,5.802548709813971,0.948301653550475,0.22754980677467557,0.31387403396579977,0.4303224945303105,0.15924591912441688,0.0015277547698913096,0.0145271057177099,0.1763967542355131,0.3276024574005445,0.253817806154425,0.15106382954444497,0.07197072059426884,0.03659292086725752,0.014337878231011725,0.2360607246232747,0.10322313193077003,0.144314151644828,0.15296921960824955,1.5B,16384
27,8,lenshift_16384,lenshift,9649,9.174609562020384,12.698181625259341,19.839257938345412,1.5965942419177814,24.79397677242617,30.15211953803851,11.620049125597516,65.11479933695304,0.16595813117684108,70.78537719740586,33.776790842852165,8.617996481343266e-09,0.9999999999989977,0.06666666666666667,0.4439359474847058,6.368576521789996,0.9218832183813458,0.2227891639597131,0.29406927094060054,0.3734385741585483,0.2504226350986771,0.026591173758659714,0.02309070809209273,0.2712731399864522,0.3536668953538756,0.3070482542359517,0.2520677827235273,0.10785895290333788,0.05655180431362157,0.02520083168098032,0.5481096271691427,0.10322313193077003,0.44961347691010245,0.15296921960824955,1.5B,16384
27,9,lenshift_16384,lenshift,9649,9.174609562020384,13.767461766788681,19.839257938345412,1.5965942419177814,24.79397677242617,30.15211953803851,11.620049125597516,65.11479933695304,0.16595813117684108,76.90861886526075,45.8810367715367,8.617937134505356e-09,0.9999999999989999,0.06666666666666667,0.4742122437919653,5.144947944194298,0.9276293660664368,0.45361316879493513,0.5335893170808701,0.5957907089441412,0.10015859266483496,0.07342348890023498,0.016667759316288607,0.5577998688714971,0.404501611363059,0.33930047126704915,0.26581370501279383,0.18477901833871258,0.12966657021874975,0.07574586698655886,0.2862681203652763,0.10125401596020313,0.23538002173788383,0.15100010363768265,1.5B,16384
27,10,lenshift_16384,lenshift,9649,9.174609562020384,14.776243328190272,19.839257938345412,1.5965942419177814,24.79397677242617,30.15211953803851,11.620049125597516,65.11479933695304,0.16595813117684108,72.37942604808245,38.88722967909757,8.617937479705554e-09,0.9999999999989999,0.06666666666666667,0.443053375267087,4.844324443479283,0.9343692460634705,0.49810024097921807,0.5593422322792498,0.6225303195450103,0.03200456766496007,0.0758999940901619,0.03793237244533495,0.552303723583,0.40271332784003566,0.3369464352238738,0.24860413742689252,0.17255341233742647,0.12297467897486498,0.06983201797631812,0.2741265701137886,0.10125401596020313,0.228944982535065,0.15100010363768265,1.5B,16384
27,11,lenshift_16384,lenshift,9649,9.174609562020384,11.40492695314694,19.839257938345412,1.5965942419177814,24.79397677242617,30.15211953803851,11.620049125597516,65.11479933695304,0.16595813117684108,65.0185867333237,28.04542839929107,8.636012392294069e-09,0.9999999999983391,0.06666666666666667,0.5184511136507688,6.207649124362806,0.9231067637584198,0.26541788503750685,0.3499696980556855,0.42269020999623885,0.04516681772066988,0.17040453434369862,0.022606621786146107,0.30747653788334356,0.5797039775146064,0.3716446402105871,0.18129622864854944,0.09280031157459973,0.06090436344712153,0.02898867189404712,0.5952036609302612,0.10125401596020313,0.49598062398664566,0.15100010363768265,1.5B,16384
0,0,agent_16384,agent,16384,9.704060527839234,18.150192226818543,821.6253715957314,1.4259785664577724,825.9221819635997,4.318764760697082,1.0791275305543913,6.690606725864675,0.03927295291087442,5580.005427415017,7.454457168001682,0.004912010224952414,0.999420056455392,0.0392156862745098,0.3760312000453428,7.655785506628825,0.8664896422557276,0.07682632072719105,0.11992278956977478,0.18017325640942214,0.09419898613856503,0.07391246461821765,0.0001447977254533686,0.16087061325031937,0.15831362199602458,0.1259821148194329,0.08441867786150335,0.05594004378144521,0.03831991286327051,0.020967080239194573,0.05168876870863379,0.1015625,0.04109048945141966,0.150390625,1.5B,16384
0,1,agent_16384,agent,16384,9.704060527839234,32.54955567497607,821.6253715957314,1.4259785664577724,825.9221819635997,4.318764760697082,1.0791275305543913,6.690606725864675,0.03927295291087442,-1432.0760581046343,37.30210316181183,1.4630453705554045e-08,0.9999999999989999,0.0392156862745098,-0.044601477567861904,0.0021624799245178804,0.9999389219785714,0.9999944867418288,0.9999974494006681,0.9999993140700433,0.3697811073817263,0.03208116956213303,8.629556529405442e-30,0.9999858383415908,2.003659692544558e-08,2.074451145532469e-09,5.7483445722673e-11,1.3573453698339816e-12,7.179959367051889e-14,4.212174504242935e-15,1.2606725866710646e-08,0.1015625,1.145190525833289e-09,0.150390625,1.5B,16384
0,2,agent_16384,agent,16384,9.704060527839234,14.93522501424468,821.6253715957314,1.4259785664577724,825.9221819635997,4.318764760697082,1.0791275305543913,6.690606725864675,0.03927295291087442,921.1021456979215,28.015316266566515,1.4649572493567506e-08,0.9999999999983007,0.0392156862745098,0.08097952787877877,1.5957287834985876,0.9973438046083313,0.9061306749700897,0.9307773613981957,0.952535741894023,0.007823045139502938,0.03512889247164708,8.922590124775162e-11,0.947893461651388,0.015864685409915612,0.010260337551097344,0.004760830967261445,0.001976944110647611,0.001016555485581388,0.00032150518541668204,0.0048449604713757324,0.1015625,0.0025788743031190217,0.150390625,1.5B,16384
0,3,agent_16384,agent,16384,9.704060527839234,183.1214900263025,821.6253715957314,1.4259785664577724,825.9221819635997,4.318764760697082,1.0791275305543913,6.690606725864675,0.03927295291087442,115802.60263166577,45.64044765383005,1.4630451803632662e-08,0.9999999999989999,0.0392156862745098,0.7745094694098662,4.6906357877394046e-07,0.99993896484375,0.9999999999989997,0.9999999999989999,0.9999999999989999,0.1085133835185843,0.9122470411257382,1.433166054190007e-66,0.9999999999989431,3.0044134806760915e-16,3.0044134806760915e-16,3.0044134806760915e-16,3.0044134806760915e-16,3.0044134806760915e-16,3.0044134806760915e-16,5.234321806864603e-15,0.1015625,6.701583614691914e-16,0.150390625,1.5B,16384
0,4,agent_16384,agent,16384,9.704060527839234,14.876843654254342,821.6253715957314,1.4259785664577724,825.9221819635997,4.318764760697082,1.0791275305543913,6.690606725864675,0.03927295291087442,2002.236374674365,17.372275102417916,5.389802328783037e-07,0.9999999714610875,0.0392156862745098,0.16569385470070527,7.206940335784425,0.8831354425541571,0.14545064202696,0.20784004743184983,0.28948528325976425,0.1474545005848995,0.01030983564220378,6.039631744476559e-05,0.31415262091767987,0.07931310090105206,0.0672039990143054,0.05452416660388509,0.038798488835698516,0.02907420208071594,0.01676258930970823,0.07287325967790348,0.1015625,0.058888961252822725,0.150390625,1.5B,16384
0,5,agent_16384,agent,16384,9.704060527839234,13.522223937678945,821.6253715957314,1.4259785664577724,825.9221819635997,4.318764760697082,1.0791275305543913,6.690606725864675,0.03927295291087442,1134.323478989303,21.45415879972279,2.6735346133788972e-08,0.9999999994645772,0.0392156862745098,0.10696294148851469,3.870251518033302,0.9917411113102677,0.6134420023721388,0.7206929729526516,0.7918139828376878,0.25120908343808424,0.13973409355821786,2.88420097036091e-11,0.7954990391544046,0.027816219735661007,0.01666166983478193,0.007365381065539975,0.002772265646885713,0.0012774630693150784,0.0003526386894345431,0.005400047510190884,0.1015625,0.0027679045833226253,0.150390625,1.5B,16384
0,6,agent_16384,agent,16384,9.704060527839234,34.22271509408219,736.0939484751916,0.6369354638537863,738.4858315394571,3.784693180276377,0.3642067831000116,5.5174707695973595,0.13801212117767295,449.15096498280764,16.727883882820606,9.78068711392336e-07,0.9999999456524048,0.0392156862745098,0.02923860557728725,0.0010753345867478398,0.9999389456715938,0.999998067978568,0.9999992921773204,0.9999997243648237,0.003250449250856491,0.047525460730462044,1.5426954713078405e-41,0.9999894129727557,8.409306225728637e-09,6.773437092652383e-10,6.028433692486367e-12,3.947726905941191e-14,1.518376462520918e-15,1.923140955226948e-15,4.052051499411603e-09,0.1015625,4.5743054968492004e-10,0.150390625,1.5B,16384
0,7,agent_16384,agent,16384,9.704060527839234,9.6726015438945,736.0939484751916,0.6369354638537863,738.4858315394571,3.784693180276377,0.3642067831000116,5.5174707695973595,0.13801212117767295,1783.0690683405846,19.46391582582146,8.878536376877277e-08,0.9999999963901622,0.0392156862745098,0.2545358747600908,5.714745985230834,0.9462837666268406,0.3732757414049894,0.4757067514492724,0.5463833025772794,0.09464565317068718,0.0877873757353882,1.1095425582679143e-06,0.5905696014607229,0.23723722877150025,0.1739875616299553,0.10886601244072866,0.061779527875743374,0.037560850209079545,0.014731116953378694,0.0608228459268769,0.1015625,0.038537688266182514,0.150390625,1.5B,16384
0,8,agent_16384,agent,16384,9.704060527839234,15.765962081515434,736.0939484751916,0.6369354638537863,738.4858315394571,3.784693180276377,0.3642067831000116,5.5174707695973595,0.13801212117767295,1105.1666717026383,7.976373799145222,0.0031762603880156792,0.9996493041682444,0.0392156862745098,0.10665222297872543,1.4393770106815569,0.9977840437520237,0.9073177474181662,0.9264175338203418,0.9419306075273228,0.1954694021303851,0.008882195442581065,8.57681628368461e-09,0.9024128116521665,0.0264373669183778,0.01418993281702787,0.004145113888258707,0.001064619719014462,0.00036808616911894465,5.9853969332319806e-05,0.027239246933328454,0.1015625,0.018705234008523648,0.150390625,1.5B,16384
0,9,agent_16384,agent,16384,9.704060527839234,13.93987560126406,736.0939484751916,0.6369354638537863,738.4858315394571,3.784693180276377,0.3642067831000116,5.5174707695973595,0.13801212117767295,1010.2920225225389,29.056106578558683,1.4637070049646758e-08,0.9999999999987594,0.0392156862745098,0.10254051505581363,3.8002752249056733,0.9893279774006062,0.6346802016289224,0.7444932557414367,0.8196007945995657,0.23610571812736225,0.029134346207939643,1.3823154815961168e-08,0.7818761487100959,0.0672765011452827,0.047150764149702394,0.02256141647035279,0.010721797931770817,0.005835190655276501,0.0020399834190195703,0.03711200720459393,0.1015625,0.021726391960335115,0.150390625,1.5B,16384
0,10,agent_16384,agent,16384,9.704060527839234,33.2630695814632,736.0939484751916,0.6369354638537863,738.4858315394571,3.784693180276377,0.3642067831000116,5.5174707695973595,0.13801212117767295,11811.276129230857,35.036414965987206,1.4630482457250902e-08,0.9999999999989988,0.0392156862745098,0.4917837261340484,0.0006442957349944726,0.9999389205244134,0.9999904399951927,0.9999958884147665,0.9999979870374949,0.0326849653138197,0.03264311349335003,6.456135717605089e-28,0.9999779831711348,2.2723575495547936e-07,3.654421794872735e-08,1.779027361668046e-09,6.907244098707172e-11,6.2429860784657284e-12,8.00384201608148e-14,1.7864155154130584e-06,0.1015625,3.344322912428177e-08,0.150390625,1.5B,16384
0,11,agent_16384,agent,16384,9.704060527839234,12.461193708847174,736.0939484751916,0.6369354638537863,738.4858315394571,3.784693180276377,0.3642067831000116,5.5174707695973595,0.13801212117767295,208.48804161138833,37.56888477317989,1.4630453089785049e-08,0.9999999999989999,0.0392156862745098,0.027172843350803083,2.8913628933074547,0.9966734207991375,0.7791461097656273,0.8971061345503619,0.9434344304190698,0.4128516146144463,0.16375580577083326,1.1313647757602585e-08,0.9546776499997236,0.020355393880327453,0.013346864730869629,0.006371190074680495,0.0027052717292667667,0.0013221197714943238,0.0004011023353968737,0.006929728429434102,0.1015625,0.003746335574361378,0.150390625,1.5B,16384
1,0,agent_16384,agent,16384,9.704060527839234,11.936622435084256,153.44130988935555,0.40496497833555656,154.71501057470124,4.491049798713232,0.5126541668910665,6.360428975842341,0.04073404709704346,377.21934208087623,46.89815612975508,1.463045180344219e-08,0.9999999999989999,0.0392156862745098,0.24150196288440834,2.0746455826793184,0.99945195400819,0.8909126496580593,0.9850872445950893,0.9907032304239654,0.013864500845592431,0.14901746377834968,2.5279161563800984e-14,0.9891397890245965,0.0013688015259717419,0.0005075950647771519,0.0001114925198832487,1.9875626939574462e-05,5.27900043633437e-06,6.300872916688421e-07,8.660275869805713e-05,0.1015625,1.9068439225457692e-05,0.150390625,1.5B,16384
1,1,agent_16384,agent,16384,9.704060527839234,16.639550012243337,153.44130988935555,0.40496497833555656,154.71501057470124,4.491049798713232,0.5126541668910665,6.360428975842341,0.04073404709704346,269.0830027423799,38.733639262616634,1.4630452209944767e-08,0.9999999999989999,0.0392156862745098,0.14675836692993952,1.5342388321935743,0.9997305676500473,0.9821464385616535,0.990330850510325,0.9953638454773729,1.1061382650501663,0.12801626868453653,3.826439132345998e-14,0.9859279811214838,0.0003905451676549736,0.00012959278347392418,1.8953182003201657e-05,2.9563755788329962e-06,7.175235686703092e-07,7.833652937591053e-08,0.0001005094115772617,0.1015625,4.228687552358125e-05,0.150390625,1.5B,16384
1,2,agent_16384,agent,16384,9.704060527839234,13.345148395748216,153.44130988935555,0.40496497833555656,154.71501057470124,4.491049798713232,0.5126541668910665,6.360428975842341,0.04073404709704346,1137.8927604928613,15.554661517962813,2.92277491205598e-06,0.999999824329211,0.0392156862745098,0.5637838468497556,4.097243630347601,0.9961458123353952,0.45033316749922225,0.6036110728592082,0.766340937513955,0.1374507775034317,0.018967725556990445,4.32171131837011e-14,0.8942660057266079,0.006257804908527562,0.0025407119719958503,0.0011484700255404074,0.0002251689469996599,5.453418229202195e-05,3.587287998886225e-06,0.00021010034200541925,0.1015625,4.880687275668254e-05,0.150390625,1.5B,16384
1,3,agent_16384,agent,16384,9.704060527839234,9.03728321947852,153.44130988935555,0.40496497833555656,154.71501057470124,4.491049798713232,0.5126541668910665,6.360428975842341,0.04073404709704346,358.0020912629552,41.190151940565556,1.4630451837644858e-08,0.9999999999989999,0.0392156862745098,0.27429119622018944,3.2821851632713575,0.9979635421286295,0.6207014097986961,0.8367295299899857,0.9559642686539334,0.11700049440321436,0.004038795515540983,3.2890601934015286e-11,0.9738879663093829,0.0037817994205081116,0.0021544839203070415,0.0006562506921202358,0.00016694287260172512,5.390290566283619e-05,9.020033471398821e-06,0.00019804607306293519,0.1015625,6.65941252733228e-05,0.150390625,1.5B,16384
1,4,agent_16384,agent,16384,9.704060527839234,18.478622081801934,153.44130988935555,0.40496497833555656,154.71501057470124,4.491049798713232,0.5126541668910665,6.360428975842341,0.04073404709704346,629.6897332444787,30.983655906282365,1.4631418155128242e-08,0.9999999999989648,0.0392156862745098,0.26684748242908524,0.9110404928279594,0.9998596845425511,0.9934244839761504,0.9968887398893347,0.9984534698261747,0.11683815527945995,0.4244852775000112,7.962806547795292e-16,0.9934127026484305,0.00011361233369436708,3.131695694795154e-05,3.309907131342199e-06,3.6576571576124015e-07,7.403796800743448e-08,5.442550685322351e-09,2.3593166817986663e-05,0.1015625,7.210711308319723e-06,0.150390625,1.5B,16384
1,5,agent_16384,agent,16384,9.704060527839234,16.554732212368116,153.44130988935555,0.40496497833555656,154.71501057470124,4.491049798713232,0.5126541668910665,6.360428975842341,0.04073404709704346,1454.5339284297079,9.326334282755852,0.0011028473500851912,0.9998958762485755,0.0392156862745098,0.5780361969425333,8.944928984031025,0.6088075568039699,0.0223371856595504,0.035341672357151306,0.05284811588684022,0.12110032909208712,0.056194856734919085,0.0010680412228263724,0.05792596118957026,0.2339633652046335,0.29225809647810586,0.3371272124897885,0.2965832308784127,0.2411176831856902,0.16356886017815164,0.11727696925865326,0.1015625,0.09109383662930197,0.150390625,1.5B,16384
1,6,agent_16384,agent,16384,9.704060527839234,12.053544267795377,30.778755777947175,1.4362654279829414,34.538065604522295,3.4856944029765575,0.5372188512220313,5.737157263627033,0.13094596363995833,71.04742741212249,15.524161765351892,3.0635566202696326e-06,0.9999998161768928,0.0392156862745098,0.2940140959637473,6.4940856997920235,0.8808904892454857,0.2819773368628455,0.34754854973662935,0.43056549671683203,0.047315685328709556,0.0035155740014154446,3.121128342207467e-05,0.47247715581708116,0.26828043313300637,0.24978502620778575,0.21376662755704953,0.16209793568468825,0.1288067731334947,0.08518709769212572,0.094730140960476,0.1015625,0.07641756398361521,0.150390625,1.5B,16384
1,7,agent_16384,agent,16384,9.704060527839234,13.047045616359176,30.778755777947175,1.4362654279829414,34.538065604522295,3.4856944029765575,0.5372188512220313,5.737157263627033,0.13094596363995833,98.69192177057266,18.62904561497271,2.4384923782250567e-07,0.9999999884741514,0.0392156862745098,0.3302350421083134,6.253241637358229,0.9317192668116897,0.24321939922483096,0.34511233179416817,0.43863632957062937,0.10059887971780412,0.11618356203852542,8.439197352381485e-06,0.3886918468656042,0.23674339284813656,0.22866011383249954,0.15501165368005462,0.09797413280324765,0.06911422750621264,0.0386635717815756,0.1165021574841182,0.1015625,0.06758662935462566,0.150390625,1.5B,16384
1,8,agent_16384,agent,16384,9.704060527839234,14.826130364166067,30.778755777947175,1.4362654279829414,34.538065604522295,3.4856944029765575,0.5372188512220313,5.737157263627033,0.13094596363995833,27.455888824537396,10.53773669525981,0.000346462177214958,0.9999705349549138,0.0392156862745098,0.11874814553659246,7.312773419493427,0.8603300088253861,0.13571735402866808,0.19810980105787024,0.2762524332493512,0.1464427444129517,0.07086528961773197,0.00014793889540718662,0.2804497196483606,0.3225873022984067,0.3312248808908565,0.2728292523576985,0.20055855214459342,0.15460812308561434,0.09747946316662141,0.1391801366345292,0.1015625,0.11081551325599255,0.150390625,1.5B,16384
1,9,agent_16384,agent,16384,9.704060527839234,13.617445257863897,30.778755777947175,1.4362654279829414,34.538065604522295,3.4856944029765575,0.5372188512220313,5.737157263627033,0.13094596363995833,95.49370494810864,26.033401885069907,1.4761376949053536e-08,0.9999999999940574,0.0392156862745098,0.3838117604862943,2.7891930922427774,0.9884401039950095,0.8363456867944722,0.8689599379387941,0.8869891827412898,0.08668542530766032,0.03246972135855053,1.8247976468299892e-06,0.8907745011971139,0.07570449123740405,0.05330377545466845,0.029714063481540248,0.01641213946941847,0.010298722207479245,0.004701069434894742,0.027010250142184816,0.1015625,0.018645659833225917,0.150390625,1.5B,16384
1,10,agent_16384,agent,16384,9.704060527839234,12.521097548844763,30.778755777947175,1.4362654279829414,34.538065604522295,3.4856944029765575,0.5372188512220313,5.737157263627033,0.13094596363995833,90.66065047308803,27.18548204936087,1.4673518790129054e-08,0.9999999999974105,0.0392156862745098,0.37692137218127125,3.9419738889532407,0.9698318646595522,0.7000483491911677,0.7446566855713029,0.779133531984759,0.78306075485294,0.04213681756094889,1.4615088720672789e-06,0.7850341321269205,0.15738756643089755,0.12042572573289184,0.07783913675925318,0.04749528306030393,0.03172670368125669,0.015641154003765617,0.06679151903318739,0.1015625,0.04642531827636807,0.150390625,1.5B,16384
1,11,agent_16384,agent,16384,9.704060527839234,13.50802724214167,30.778755777947175,1.4362654279829414,34.538065604522295,3.4856944029765575,0.5372188512220313,5.737157263627033,0.13094596363995833,83.39556572213769,28.803007043898106,1.4639044102637077e-08,0.9999999999986873,0.0392156862745098,0.34059181080070783,3.4383746222706657,0.9809440769771841,0.7652245458912484,0.8123411385796575,0.8386236331846042,0.10733521051530026,0.035203323806118014,7.04671287341667e-07,0.8379084295588349,0.10140202108559358,0.0784758277395887,0.04852942634782172,0.028358101416937072,0.01853433322628819,0.008660892575978378,0.04589842970957218,0.1015625,0.033966034294536464,0.150390625,1.5B,16384
2,0,agent_16384,agent,16384,9.704060527839234,21.70337510917478,24.957681364433228,2.1517853494870263,31.680811685919195,6.838724230960895,0.7700063338016315,9.434026931075913,0.08575833563750612,-59.69323785416782,28.958374481648207,1.463774696396492e-08,0.9999999999987348,0.0392156862745098,0.2317747170093019,2.39606295831938,0.9954262197806307,0.9035926650756585,0.9452855662778465,0.9523372371189187,0.3476450557081985,0.00889064588570676,0.30159375836521335,0.6493909046505191,0.02333919290723951,0.01699876828768232,0.008936467166258956,0.00448749878097963,0.0026334959092708223,0.0010671434364308348,0.009283696292313404,0.1015625,0.005908088963025263,0.150390625,1.5B,16384
2,1,agent_16384,agent,16384,9.704060527839234,21.45765591095308,24.957681364433228,2.1517853494870263,31.680811685919195,6.838724230960895,0.7700063338016315,9.434026931075913,0.08575833563750612,-42.610704947263,29.56866393983364,1.4634422714548307e-08,0.9999999999988558,0.0392156862745098,0.2579405819636038,2.8952925516060395,0.9950388477140092,0.7902885942343301,0.8959909213439056,0.9301595431996424,0.32132748875335904,0.3135018305092503,0.3161057950303657,0.6270320333877575,0.025361679562811865,0.018596649193054284,0.009926153461718445,0.004772891942294574,0.0025475526174816607,0.000898938897991141,0.007846673085567534,0.1015625,0.004511503718542665,0.150390625,1.5B,16384
2,2,agent_16384,agent,16384,9.704060527839234,14.36779114760345,24.957681364433228,2.1517853494870263,31.680811685919195,6.838724230960895,0.7700063338016315,9.434026931075913,0.08575833563750612,-57.182381411548704,1.0251798890531063,0.9303469959255551,0.616300153273796,0.0392156862745098,0.2693818564535814,7.064614943438156,0.8387886270454535,0.22908833868216696,0.25940946056634706,0.300436478663906,0.10320615225531649,0.0233062589224331,0.17879026192835437,0.08981445684277042,0.3802792368957545,0.29305001318296936,0.20705953067521501,0.1455911612940129,0.10989412566418372,0.07499995719091496,0.20266774253837908,0.1015625,0.16570352373030536,0.150390625,1.5B,16384
2,3,agent_16384,agent,16384,9.704060527839234,24.79796379453645,24.957681364433228,2.1517853494870263,31.680811685919195,6.838724230960895,0.7700063338016315,9.434026931075913,0.08575833563750612,-120.5457705669105,1.0265142899006605,0.7019235581341234,0.716104027872253,0.0392156862745098,0.08262302216908358,5.016285900903412,0.9915005621070344,0.233038419246484,0.3395904177152087,0.45718193500622606,0.03262552245242678,0.057090350825219405,0.047710396110230716,0.00018310590369742706,0.012135711028002334,0.006262522255330016,0.002261681599636652,0.0013846539598525542,0.0009441055495083568,0.0004942958278097269,0.050328052771366094,0.1015625,0.03677023169865514,0.150390625,1.5B,16384
2,4,agent_16384,agent,16384,9.704060527839234,17.887857544589146,24.957681364433228,2.1517853494870263,31.680811685919195,6.838724230960895,0.7700063338016315,9.434026931075913,0.08575833563750612,-62.40991361159831,13.12406156770885,5.6109632423295056e-05,0.9999960375804734,0.0392156862745098,0.24393526338527124,4.370013658830192,0.9236811347361799,0.6189075858578333,0.6485087435714234,0.6713867728381113,0.00452899497385939,0.12366734612093833,0.4102974950203754,0.25171873519963023,0.3520156074025767,0.2843968657096815,0.1989345317342748,0.1367829693902727,0.10292682742280884,0.062176695694930326,0.16998092238653406,0.1015625,0.1343673094126298,0.150390625,1.5B,16384
2,5,agent_16384,agent,16384,9.704060527839234,19.515256326948222,24.957681364433228,2.1517853494870263,31.680811685919195,6.838724230960895,0.7700063338016315,9.434026931075913,0.08575833563750612,-45.424920096062124,6.919443068094552,0.008190304187142925,0.9989799709264015,0.0392156862745098,0.30618599029191157,5.911970886922222,0.9526091447412737,0.30977300412484354,0.3699148510468326,0.4528370675911273,0.11126658425069857,0.08332153781403573,0.13161335719921727,0.21541349357232278,0.22606454567079245,0.14544784148751783,0.0748042135887809,0.03811616540772087,0.02346078560351638,0.010577873858079432,0.12047042036672001,0.1015625,0.09108962450499368,0.150390625,1.5B,16384
2,6,agent_16384,agent,16384,9.704060527839234,13.424829686272627,35.15093404521077,1.3168117705253868,38.43035204724402,5.178909800440152,0.7820503460246873,8.826343762702688,0.16225257322885434,35.609322967007756,9.765249940333888,0.0006190815135137953,0.9999425334085589,0.0392156862745098,0.26089026244418456,4.468086435511778,0.9163127263760298,0.596501866560554,0.6197565409110369,0.6418723089778395,0.1283197470672377,0.015310664585128198,0.46492703536615965,0.1760508821548875,0.36566672826164787,0.2925296982395817,0.1977740477133454,0.13348860156576015,0.09855971541003691,0.060627060078487435,0.2059680374492164,0.1015625,0.16223544096808756,0.150390625,1.5B,16384
2,7,agent_16384,agent,16384,9.704060527839234,16.068745152321746,35.15093404521077,1.3168117705253868,38.43035204724402,5.178909800440152,0.7820503460246873,8.826343762702688,0.16225257322885434,49.69917664304376,24.02088277414441,1.6490050004766092e-08,0.9999999999261495,0.0392156862745098,0.2648037447772293,2.5413800767268016,0.986918015174595,0.88864271479229,0.9004610479546395,0.9079275921667016,0.09773420057136661,0.21487056851164343,0.2366669773325768,0.6620345041181958,0.07334585573458348,0.05749277577159674,0.03464948405057177,0.01968758249681821,0.012454400969873866,0.005924226713142789,0.04885828990400115,0.1015625,0.03407230787650355,0.150390625,1.5B,16384
2,8,agent_16384,agent,16384,9.704060527839234,16.660496537868895,35.15093404521077,1.3168117705253868,38.43035204724402,5.178909800440152,0.7820503460246873,8.826343762702688,0.16225257322885434,42.42446911847219,22.543625385966152,1.9131506424550317e-08,0.999999999809998,0.0392156862745098,0.22726320848469453,3.3253143610526745,0.9802711479005894,0.7885266134628975,0.813655003888802,0.8326782748577806,0.0401722370480222,0.08323532643540688,0.2811185328705449,0.5309399718849482,0.1308379484889526,0.09668562091797281,0.05316587550879777,0.028220044472297607,0.017224584294828302,0.00775739070594307,0.08787457810579329,0.1015625,0.06401892584380457,0.150390625,1.5B,16384
2,9,agent_16384,agent,16384,9.704060527839234,13.53772689661331,35.15093404521077,1.3168117705253868,38.43035204724402,5.178909800440152,0.7820503460246873,8.826343762702688,0.16225257322885434,81.93676252290606,19.970294947735965,7.826257880096433e-08,0.9999999970055526,0.0392156862745098,0.3372514233246615,5.314906065745539,0.9133090366433915,0.5185996256959714,0.5573628552362349,0.5838693495535582,0.05037719025769327,0.02686178813623652,0.2493619826772303,0.3276236749214475,0.3388405093971685,0.2909075649792043,0.19537577797261768,0.12640003797126956,0.088231434065481,0.04853147965464027,0.1395288911794427,0.1015625,0.10163319217669496,0.150390625,1.5B,16384
2,10,agent_16384,agent,16384,9.704060527839234,15.342772444916273,35.15093404521077,1.3168117705253868,38.43035204724402,5.178909800440152,0.7820503460246873,8.826343762702688,0.16225257322885434,43.074607299640775,18.86873354576528,1.4966375976322857e-07,0.9999999932563515,0.0392156862745098,0.23594405061064422,3.342220181323363,0.9718079399000276,0.7924660422357197,0.8167503025932124,0.8296737923657925,0.23011376389484006,0.008416304179140077,0.23699041961539366,0.5814776239886466,0.1471704176494238,0.11781093518283753,0.07517549440683571,0.04508873749342235,0.029657674726490082,0.014712215828726056,0.08167906640465816,0.1015625,0.06075380716705061,0.150390625,1.5B,16384
2,11,agent_16384,agent,16384,9.704060527839234,16.34260601212102,35.15093404521077,1.3168117705253868,38.43035204724402,5.178909800440152,0.7820503460246873,8.826343762702688,0.16225257322885434,28.572498187422752,20.412700704298913,7.082069125461622e-08,0.9999999974400255,0.0392156862745098,0.21113628505674165,2.098369399069239,0.9898990403035623,0.9114234232743534,0.9215434919650934,0.9282151392369093,1.6655140201787555,0.004226939047294209,0.154265598084476,0.7653907268178592,0.05292268032489598,0.04222377776602959,0.026213892156354165,0.015114941983957204,0.009767595562404419,0.004569065703855888,0.03276652002361454,0.1015625,0.023937137565436823,0.150390625,1.5B,16384
3,0,agent_16384,agent,16384,9.704060527839234,23.64707625787286,25.08214105265374,1.1954539111938443,29.361893790967468,6.635551740982317,0.7204726736410144,9.303774314833479,0.1268548314220631,-97.4774555042386,23.135855382308364,1.685614373621798e-08,0.9999999999068827,0.0196078431372549,0.5852703973403417,1.6260099792807108,0.9985191145444248,0.9691971319017676,0.9805806681162004,0.9843281263282403,0.15267632652798557,0.14765345478327596,0.4674511028813646,0.5094006561064487,0.012033383657210643,0.008504995927469967,0.004420958915979278,0.0021248270709843765,0.0011955824490970529,0.0004522052228938008,0.010974237232867307,0.101806640625,0.008022335486116904,0.150634765625,1.5B,16384
3,1,agent_16384,agent,16384,9.704060527839234,23.28855082331469,25.08214105265374,1.1954539111938443,29.361893790967468,6.635551740982317,0.7204726736410144,9.303774314833479,0.1268548314220631,-76.19234650209546,28.422936998307705,1.464288127829515e-08,0.9999999999985469,0.0392156862745098,0.5534035038517056,2.0951070866014585,0.9951057505267352,0.9132949737468492,0.9402877912228714,0.9492856698473248,0.189530784734655,0.031291653722398394,0.5267119317791962,0.404882829334552,0.06103938418346801,0.04398495570845275,0.02361583325899842,0.01201534745866249,0.007140564913773551,0.0029163639976377688,0.05594109647363404,0.101806640625,0.0411351047937517,0.150634765625,1.5B,16384
3,2,agent_16384,agent,16384,9.704060527839234,24.85097486335762,25.08214105265374,1.1954539111938443,29.361893790967468,6.635551740982317,0.7204726736410144,9.303774314833479,0.1268548314220631,-103.39940026029944,7.897895912639797,0.003304647235212787,0.999628613298028,0.0392156862745098,0.5842104084236338,1.65884723912475,0.9983274528573743,0.9667613809149027,0.9712462218279506,0.9756687661036908,0.5894895414123642,0.23975107281205332,0.33817969842869666,0.6265005258854641,0.013808398465401788,0.00929087907542384,0.004056144303070523,0.0016810069649766451,0.0008821710853632778,0.0002939416442222586,0.01927961349021043,0.1015625,0.014517158990740141,0.150390625,1.5B,16384
3,3,agent_16384,agent,16384,9.704060527839234,22.537904862371057,25.08214105265374,1.1954539111938443,29.361893790967468,6.635551740982317,0.7204726736410144,9.303774314833479,0.1268548314220631,-91.11007156781852,16.764620763249695,9.513678771807186e-07,0.9999999473603772,0.0392156862745098,0.5787644938982792,1.866576965819298,0.9946954910525032,0.9360298734131642,0.9454908984310507,0.9511208251716324,0.3155858868009931,0.03262338876822035,0.5573475063794756,0.3815851059097112,0.056431681462909854,0.04184597700345008,0.022851583868441237,0.012035079224271954,0.007204994838768798,0.0030998115049981367,0.05245856622695041,0.101806640625,0.04230278626447152,0.150634765625,1.5B,16384
3,4,agent_16384,agent,16384,9.704060527839234,22.860011354612134,25.08214105265374,1.1954539111938443,29.361893790967468,6.635551740982317,0.7204726736410144,9.303774314833479,0.1268548314220631,-61.13910648971796,30.427400700747967,1.4632191859758245e-08,0.9999999999989369,0.0392156862745098,0.5488016025303419,2.390572420027688,0.9878469773950513,0.8292467869795004,0.869637109660253,0.8932319672214506,0.24910057143749764,0.001506707687416231,0.6271695983105179,0.23627443860988934,0.1824298851404407,0.134382125378708,0.07806743616230212,0.04385627220780709,0.028060480693353745,0.013049280012866567,0.15170344476438682,0.1015625,0.1021641874975897,0.150390625,1.5B,16384
3,5,agent_16384,agent,16384,9.704060527839234,21.323970640548623,25.08214105265374,1.1954539111938443,29.361893790967468,6.635551740982317,0.7204726736410144,9.303774314833479,0.1268548314220631,-76.07595259603113,6.286063741892576,0.013544711279791578,0.9981413301386536,0.0392156862745098,0.5866682766482545,2.210949761711889,0.9925902329290454,0.9181028000889474,0.9273018043631659,0.9364170049095887,0.8850393538035961,0.024323725992334566,0.3655604014486298,0.5582178748136487,0.05073738079987315,0.038522191529517816,0.021954112074163704,0.011869446494804764,0.007264139359681865,0.00314372668172004,0.03390307783479922,0.1015625,0.02644863906196036,0.150390625,1.5B,16384
3,6,agent_16384,agent,16384,9.704060527839234,17.736080527953437,25.1529345082315,2.0274513028675916,30.75694177939103,5.962786346455619,0.7641027374818393,9.432758302202737,0.10487545757305612,12.130268886685371,23.27677210047841,1.6514207655937045e-08,0.9999999999211848,0.0392156862745098,0.40394355911146174,4.095187023683472,0.9607090437475752,0.6893899283528,0.7474566454180981,0.7780472483702431,0.007922595995684123,0.12144873601532458,0.22240784509586695,0.5685905092971649,0.13505565736114578,0.10923943090409942,0.07569557463828559,0.04949470831969956,0.03434229323984525,0.01847760463435079,0.08150195511728336,0.1015625,0.06475401615109858,0.150390625,1.5B,16384
3,7,agent_16384,agent,16384,9.704060527839234,14.916702924505403,25.1529345082315,2.0274513028675916,30.75694177939103,5.962786346455619,0.7641027374818393,9.432758302202737,0.10487545757305612,-4.748511608690023,6.458216995932162,0.014422437965651604,0.9981419900214029,0.0392156862745098,0.41429654349340306,5.9489622726467495,0.9059868630030969,0.3426989122739508,0.38538026415960186,0.4413037348147041,0.11796092625036614,0.01135920787641359,0.2605524634560591,0.1657032681354997,0.2700862266858155,0.19692982420797056,0.12725051012499022,0.08770393022521643,0.06888429080783566,0.04468718355727967,0.13668417643252379,0.1015625,0.11017496280987887,0.150390625,1.5B,16384
3,8,agent_16384,agent,16384,9.704060527839234,21.259382070113766,25.1529345082315,2.0274513028675916,30.75694177939103,5.962786346455619,0.7641027374818393,9.432758302202737,0.10487545757305612,9.809196170419455,20.260874342173338,4.860850078711493e-08,0.9999999984024359,0.0392156862745098,0.34327026690633505,3.9175646447775003,0.981088852772086,0.6446195348734897,0.716277545318018,0.7695857047818868,0.12833277044342717,0.07094810817505603,0.1694013867723779,0.5641663689252664,0.07922948158621287,0.056726601160605614,0.0339434184207619,0.018871194776730875,0.011865032881470146,0.00543054388420278,0.038994014641810605,0.1015625,0.028692881103856007,0.150390625,1.5B,16384
3,9,agent_16384,agent,16384,9.704060527839234,16.134548236124516,25.1529345082315,2.0274513028675916,30.75694177939103,5.962786346455619,0.7641027374818393,9.432758302202737,0.10487545757305612,10.166703015565872,18.939107824116945,1.5128855435505188e-07,0.9999999932258339,0.0392156862745098,0.49442114997066267,4.68873393076088,0.9400596737650947,0.5801766603945293,0.635231634536556,0.6672573222062419,0.14141978837454516,0.021882538379734973,0.28862947029647407,0.36583825227718275,0.16287369784240582,0.15384662796611825,0.11482779535270318,0.08163609169683766,0.0601779834066643,0.03615608467642554,0.08750286392911286,0.1015625,0.07026615819887867,0.150390625,1.5B,16384
3,10,agent_16384,agent,16384,9.704060527839234,21.296355103313257,25.1529345082315,2.0274513028675916,30.75694177939103,5.962786346455619,0.7641027374818393,9.432758302202737,0.10487545757305612,6.9294998571276665,27.96316684037447,1.466739684265968e-08,0.999999999997649,0.0392156862745098,0.3773201111918864,2.757976457013178,0.9889179754237917,0.846983635949421,0.8878062960051466,0.901625804722601,0.48456758568581293,0.026216604179231426,0.3662853977221777,0.5369330725180194,0.06122249472668709,0.04592938081656219,0.026775967310038378,0.015194698735373338,0.009736357276691381,0.004584043848401368,0.03729820692518051,0.1015625,0.026069548448177226,0.150390625,1.5B,16384
3,11,agent_16384,agent,16384,9.704060527839234,13.855982121092232,25.1529345082315,2.0274513028675916,30.75694177939103,5.962786346455619,0.7641027374818393,9.432758302202737,0.10487545757305612,-14.130733191326726,6.70803085406078,0.016055509835747262,0.9980003843176798,0.0392156862745098,0.5104888726793512,5.348223067239868,0.8929491073106044,0.43910222677609206,0.4673617776666192,0.507891062094421,0.05917632479856927,0.03270161331905719,0.399770866347958,0.025729040487659723,0.5124850962552064,0.3903404989964464,0.2714057980889921,0.1998965674649882,0.1588537190607726,0.10192323711697202,0.3040009508944533,0.1015625,0.24240641840606864,0.150390625,1.5B,16384
4,0,agent_16384,agent,16384,9.704060527839234,20.156025549744154,24.8678906816059,1.9571813684757158,31.28508463325167,6.897790250822804,1.1911856245988717,11.092119140027455,0.14769316043955924,-76.28881042450666,17.424033279530704,5.15598703237062e-07,0.9999999728313852,0.0392156862745098,0.24529692944393852,1.354510035072703,0.9883065590857943,0.907841411423969,0.9223752775581602,0.9295186764278416,0.4346423466214149,0.014052012174623485,0.8367295919275347,0.0931724281979337,0.130860841745194,0.10293390516091185,0.06949330147980146,0.04577202311873033,0.03298486276623025,0.01871240865755098,0.06920742226018435,0.1015625,0.05485404797522339,0.150390625,1.5B,16384
4,1,agent_16384,agent,16384,9.704060527839234,17.887982127972503,24.8678906816059,1.9571813684757158,31.28508463325167,6.897790250822804,1.1911856245988717,11.092119140027455,0.14769316043955924,-81.48851485364139,5.070954340939352,0.06911150342275821,0.9888115612056974,0.0392156862745098,0.21622097656086567,2.1217584839622585,0.9761971390324441,0.8159539807528754,0.8383901396045753,0.8584795257403576,0.007405601678424745,0.129592244717478,0.7612848066704141,0.04314394231191583,0.2947561457821854,0.23094689044527056,0.15269316514676146,0.09975756105081393,0.07230528207644894,0.041828049164174604,0.15768841716294027,0.1015625,0.12055050432795372,0.150390625,1.5B,16384
4,2,agent_16384,agent,16384,9.704060527839234,23.56831702951459,24.8678906816059,1.9571813684757158,31.28508463325167,6.897790250822804,1.1911856245988717,11.092119140027455,0.14769316043955924,-66.9698132108897,31.444194491952658,1.4631075003255918e-08,0.9999999999989773,0.0392156862745098,0.2674764933859895,1.472006121847341,0.9984727610545767,0.9744984360563613,0.9837615163955012,0.9859391895679718,0.08356957201752202,0.06995820514408013,0.17321584055886216,0.810728546502445,0.008670263895388176,0.006508147858974239,0.0036359231102402407,0.0019161804008473574,0.0011588426680914764,0.0004823903888334379,0.0039342579415616065,0.1015625,0.0025958209832388107,0.150390625,1.5B,16384
4,3,agent_16384,agent,16384,9.704060527839234,20.070475164105456,24.8678906816059,1.9571813684757158,31.28508463325167,6.897790250822804,1.1911856245988717,11.092119140027455,0.14769316043955924,-68.87029555626214,9.174803467467427,0.001060518490265982,0.999896004708669,0.0392156862745098,0.204125873197637,3.8393130295042512,0.9581468370146837,0.6262680653154425,0.6569024721125934,0.6963465626487568,0.07179323678139582,0.007132469026649879,0.5289797727969775,0.12119110881027459,0.3466494585747918,0.25201526267375707,0.1547692751068201,0.09769583807345472,0.0692121086064385,0.03989380873265225,0.18068035401666613,0.1015625,0.13334227745152594,0.150390625,1.5B,16384
4,4,agent_16384,agent,16384,9.704060527839234,20.47254214503387,24.8678906816059,1.9571813684757158,31.28508463325167,6.897790250822804,1.1911856245988717,11.092119140027455,0.14769316043955924,-79.50066850334406,1.2029053010046482,0.6156579902744107,0.7580416157883859,0.0392156862745098,0.27832271836316236,5.453256025019218,0.9013358564115199,0.42574697309457077,0.43898736486693685,0.4598542996707421,0.027612402434791683,0.004365149100273413,0.40573196176947274,0.015417675554768317,0.6637649330641723,0.48766452270665217,0.2806533661252401,0.16292324147754594,0.1109494497004663,0.062347317845206134,0.38061474931929395,0.1015625,0.28336171354860623,0.150390625,1.5B,16384
4,5,agent_16384,agent,16384,9.704060527839234,20.17564302168151,24.8678906816059,1.9571813684757158,31.28508463325167,6.897790250822804,1.1911856245988717,11.092119140027455,0.14769316043955924,-58.01610948704183,0.34187683649361134,0.6787501135184303,0.5846462798898445,0.0392156862745098,0.38902323109255293,2.5358164983169904,0.984805311098145,0.8444545535634578,0.8677486648528917,0.8883383306830446,0.20502642130118565,0.000588643959727797,0.2185201442024273,0.649094150607884,0.06688988272293069,0.05148263902790504,0.032676163548113576,0.020516195353234755,0.014194896561081366,0.007324412985595388,0.033553544152430365,0.1015625,0.025246978704684453,0.150390625,1.5B,16384
4,6,agent_16384,agent,16384,9.704060527839234,22.23216294595129,22.807741853730054,1.1574983186421275,25.684729828166414,7.000696611748063,0.9226646775198382,10.100249655557596,0.06882515395009071,-72.25267893914133,31.227695862413384,1.463120882787444e-08,0.9999999999989726,0.0392156862745098,0.50431654522439,1.4930704587766275,0.9988524166465415,0.9508496337065568,0.9827185569719802,0.9893158343201959,0.037316882891818004,0.24194862003012396,0.650027953300127,0.3392783478494208,0.0111257398001794,0.008230393866453729,0.004653104847439602,0.002485098158690581,0.001523950853017283,0.0006851930151726056,0.006135694110763891,0.1015625,0.003853408034011052,0.150390625,1.5B,16384
4,7,agent_16384,agent,16384,9.704060527839234,23.9904668111612,22.807741853730054,1.1574983186421275,25.684729828166414,7.000696611748063,0.9226646775198382,10.100249655557596,0.06882515395009071,-95.6519718291238,29.41009277664125,1.4635114807886064e-08,0.9999999999988307,0.0392156862745098,0.5264581007745339,0.8286357429840663,0.9993388972459715,0.9863070194468669,0.9921505043542983,0.9937597822648827,0.10539944791004263,0.01440446519529548,0.8280416798448939,0.16188995133183462,0.012589383628757691,0.009163337988653068,0.00490607297360723,0.00244698464255589,0.0014041646910770054,0.0005779882552016953,0.006870442611043,0.1015625,0.0047121274662662825,0.150390625,1.5B,16384
4,8,agent_16384,agent,16384,9.704060527839234,24.110545332397017,22.807741853730054,1.1574983186421275,25.684729828166414,7.000696611748063,0.9226646775198382,10.100249655557596,0.06882515395009071,-62.55067157559097,45.877008392475545,1.4630451803643785e-08,0.9999999999989999,0.0392156862745098,0.48451540768955076,1.2100926184942804,0.9995533716053795,0.9817372955676265,0.9929048884648866,0.9948579415370874,0.8400678656523499,0.03405716133428882,0.10407485730093237,0.8891489958323712,0.0019414538582969887,0.0012515693873874098,0.0005931391379054773,0.00025927442597013046,0.0001381641913466324,4.917267306531233e-05,0.0008169117811459071,0.1015625,0.000567350284491614,0.150390625,1.5B,16384
4,9,agent_16384,agent,16384,9.704060527839234,24.384621569872913,22.807741853730054,1.1574983186421275,25.684729828166414,7.000696611748063,0.9226646775198382,10.100249655557596,0.06882515395009071,-82.95209765434265,38.790403090417385,1.4630452192462417e-08,0.9999999999989999,0.0392156862745098,0.5079499766570886,1.2916258484475382,0.9986689792335004,0.960771609234016,0.9823587793820568,0.9853618796674725,0.3962323852134664,0.19665719515183167,0.7268676283965465,0.25506614871565747,0.021967367935754597,0.015696471158721186,0.00813387221184394,0.0038616133000050077,0.0021764677779046726,0.0008504913666993817,0.011563111641131838,0.1015625,0.008203136876773823,0.150390625,1.5B,16384
4,10,agent_16384,agent,16384,9.704060527839234,20.880111324122694,22.807741853730054,1.1574983186421275,25.684729828166414,7.000696611748063,0.9226646775198382,10.100249655557596,0.06882515395009071,-80.47023081406951,0.35663432255387306,2.28209065602649,0.22596857228483827,0.0,0.4401692365680453,5.095094806469343,0.9880751017196697,0.1415415806647139,0.23865519607309496,0.4002583368661259,0.044050979906343546,5.449587512462717e-05,0.007395774325380836,0.0009878006454704306,0.02390151601040565,0.020566505090722605,0.01384387611611185,0.008455094055379751,0.0055736080925378835,0.0026593892362794425,0.015367595754368786,0.101806640625,0.009933846591813776,0.150634765625,1.5B,16384
4,11,agent_16384,agent,16384,9.704060527839234,24.113104496562507,22.807741853730054,1.1574983186421275,25.684729828166414,7.000696611748063,0.9226646775198382,10.100249655557596,0.06882515395009071,-88.12680558860302,30.574893049895763,1.4631906741559582e-08,0.9999999999989473,0.0392156862745098,0.5156451917217246,1.2185928193822997,0.9993272528183115,0.9868196413497555,0.9923215646814587,0.9934895895090565,0.028659730546862328,0.19625869669916085,0.37131170746529324,0.6204028062144518,0.0038005400324212066,0.0026433704116353564,0.0013637315477591197,0.0006788584246969183,0.0004015462081445449,0.00016626390154507863,0.001994679396790011,0.1015625,0.0014463219014899799,0.150390625,1.5B,16384
5,0,agent_16384,agent,16384,9.704060527839234,24.383197968689398,20.240265239619447,1.6884610307418246,25.82819805377245,6.8676493730531085,0.9326433571748418,11.961569643072314,0.11531232445895497,-56.66416106931865,10.041964116506279,0.0005280652414589574,0.9999529760309732,0.0392156862745098,0.2749380713689728,4.530792132569024,0.9297920214049072,0.5396191002113249,0.5802154809890725,0.6344468837965104,0.1852803909661649,0.0005070687344344016,0.4621272864722843,0.15214894989593072,0.48490769932459116,0.380545799217896,0.2527056443724847,0.1637965218008101,0.11849874004425755,0.06856697013694744,0.3006819451358151,0.1015625,0.23318713197653865,0.150390625,1.5B,16384
5,1,agent_16384,agent,16384,9.704060527839234,26.630615673971477,20.240265239619447,1.6884610307418246,25.82819805377245,6.8676493730531085,0.9326433571748418,11.961569643072314,0.11531232445895497,-82.82162201683968,20.006109768990427,5.7668176659291384e-08,0.9999999979499203,0.0392156862745098,0.2693044526379715,1.4244242191166065,0.995588337154398,0.9323600870982295,0.9389338911124484,0.9466378042151157,0.4023182004776209,0.03158592828705764,0.19605152287144376,0.7177526304371636,0.028455116561061658,0.0197110617521293,0.010219269068170994,0.0049519357276902355,0.0027826395240780023,0.001045202983542721,0.026236524538427206,0.1015625,0.020061600047639898,0.150390625,1.5B,16384
5,2,agent_16384,agent,16384,9.704060527839234,26.151324982062235,20.240265239619447,1.6884610307418246,25.82819805377245,6.8676493730531085,0.9326433571748418,11.961569643072314,0.11531232445895497,-39.93355770781636,11.211825504433364,0.00017073691837243612,0.9999861267887376,0.0392156862745098,0.2873561958357596,5.24430118537819,0.9166418083634313,0.49817552647936436,0.5517238313158739,0.5932907682067821,0.05290436797796616,0.034380954497973626,0.29161608953316215,0.3242047472965902,0.3355563577607008,0.2674312899982371,0.18007960872407547,0.1150375628266855,0.08149707394423075,0.044263663787224766,0.15826735574757408,0.1015625,0.11422478763360674,0.150390625,1.5B,16384
5,3,agent_16384,agent,16384,9.704060527839234,19.55015471690207,20.240265239619447,1.6884610307418246,25.82819805377245,6.8676493730531085,0.9326433571748418,11.961569643072314,0.11531232445895497,-73.94305903837085,5.575539303128608,0.035692693220534116,0.9949423144942884,0.0392156862745098,0.2970938132530465,5.525710390378924,0.8752535687952363,0.44041889839555043,0.46043917460850936,0.48605237944158564,0.024391329537345463,0.03391643300711067,0.4063316673977797,0.04396700294734134,0.8291327272359572,0.6599212014903133,0.43252929513589083,0.2783154111013031,0.2011661018711043,0.11632934493585613,0.6643725314812283,0.1015625,0.5426728880415904,0.150390625,1.5B,16384
5,4,agent_16384,agent,16384,9.704060527839234,18.11543695835241,20.240265239619447,1.6884610307418246,25.82819805377245,6.8676493730531085,0.9326433571748418,11.961569643072314,0.11531232445895497,-51.008982223807834,6.930443798308261,0.010293475931344463,0.9987630759869471,0.0392156862745098,0.22524655267145915,8.077817774911534,0.7375231579473338,0.13124545997373083,0.153685037636076,0.18272272504538134,0.1014550718718783,0.062159763227398024,0.09323863592521187,0.008174011886894459,0.6414590659057055,0.5360515663519215,0.3734612223287984,0.2815505637039313,0.2287626565404739,0.15649510486957055,0.3521298481895859,0.1015625,0.2747926399235937,0.150390625,1.5B,16384
5,5,agent_16384,agent,16384,9.704060527839234,16.09080829586343,20.240265239619447,1.6884610307418246,25.82819805377245,6.8676493730531085,0.9326433571748418,11.961569643072314,0.11531232445895497,-63.251747502421495,13.270998391439207,2.489347663147547e-05,0.9999982618948237,0.0392156862745098,0.12049040524855333,6.205310695867333,0.8083598223189599,0.37821071412231533,0.4071565844489922,0.44103383120294776,0.028943705475416692,0.04995329832879314,0.3373816733285643,0.014452061323917898,1.113992651240276,0.9413012145796558,0.681568141150973,0.47758317293047553,0.362676219494101,0.22366116733580046,0.7639120165524061,0.1015625,0.652324257995903,0.150390625,1.5B,16384
5,6,agent_16384,agent,16384,9.704060527839234,20.789364228752273,20.388360631384415,1.1145077032897555,23.550016726765797,8.347702936208506,0.6542596672825057,10.347294638254736,0.030537795418858624,7.389779215678573,22.093594098463655,2.139358467935893e-08,0.9999999997099605,0.0392156862745098,0.6586435451931977,2.2259092234133195,0.9750064331325117,0.8564512050618542,0.8701286725133632,0.8806282121418246,0.3654612450701782,0.07198287652627133,0.08656898193563375,0.783871139896155,0.06669902433791515,0.05523292335261177,0.03955804371951665,0.026912578150079247,0.01957792900917745,0.011206451987854056,0.03841740962534621,0.1015625,0.031080354693506007,0.150390625,1.5B,16384
5,7,agent_16384,agent,16384,9.704060527839234,26.7578611421491,20.388360631384415,1.1145077032897555,23.550016726765797,8.347702936208506,0.6542596672825057,10.347294638254736,0.030537795418858624,-2.5887629818171263,29.822335558012128,1.4633534705380177e-08,0.9999999999988882,0.0392156862745098,0.5680299603269362,1.2478642013181822,0.9974790377494117,0.9261297364747428,0.9583753110928481,0.970163699053459,0.06835314778566448,0.25156109391685155,0.7921313838090521,0.18059169896352975,0.08287435416923411,0.05980453951444762,0.034680082453083134,0.01878575270218105,0.01167426963803833,0.0050845946938553556,0.043186420040764326,0.1015625,0.02924164893874174,0.150390625,1.5B,16384
5,8,agent_16384,agent,16384,9.704060527839234,26.26140641391716,20.388360631384415,1.1145077032897555,23.550016726765797,8.347702936208506,0.6542596672825057,10.347294638254736,0.030537795418858624,1.9010825492441654,42.77981962263584,1.4630451817238892e-08,0.9999999999989999,0.0392156862745098,0.5313632865652645,2.3904092842967617,0.9958027903315614,0.9078825901260514,0.9385277599827841,0.9487445135669659,0.6919398057447053,0.06665831763992022,0.2545129857494645,0.6875837628470773,0.018849201420226693,0.01311156413932678,0.006796475105113594,0.003261758608565078,0.0018304430017960403,0.0007241844058889934,0.010841183083115876,0.1015625,0.006501774891436669,0.150390625,1.5B,16384
5,9,agent_16384,agent,16384,9.704060527839234,32.05376244720317,20.388360631384415,1.1145077032897555,23.550016726765797,8.347702936208506,0.6542596672825057,10.347294638254736,0.030537795418858624,-4.908706711605191,50.484832785092294,1.463045180323404e-08,0.9999999999989999,0.0392156862745098,0.6399506881645101,0.9776402883273483,0.9996983809719097,0.9769532063819584,0.9960302567449206,0.9969617156383972,0.011212916165232123,0.10700326193642806,0.7777026685836097,0.21819279576976647,0.006621026764428809,0.004159402793724856,0.001799493179517212,0.0007451711877643971,0.000384119614572365,0.00012843795174273404,0.006278402672849068,0.1015625,0.0045849696703800635,0.150390625,1.5B,16384
5,10,agent_16384,agent,16384,9.704060527839234,29.876813334733818,20.388360631384415,1.1145077032897555,23.550016726765797,8.347702936208506,0.6542596672825057,10.347294638254736,0.030537795418858624,6.364545792341232,32.40779173746705,1.46306845228207e-08,0.9999999999989915,0.0392156862745098,0.6193449342941865,0.8599506579796812,0.9994982575079108,0.9688197150869966,0.9830617109067147,0.9912865825924219,0.026950296518108985,0.05294596691744635,0.8404639527310586,0.14561270447212823,0.01670410657592113,0.011436313545703054,0.005647988785166484,0.0026563339800739637,0.0014468276988019587,0.0005251775557802055,0.00874034588195263,0.1015625,0.00591032049433022,0.150390625,1.5B,16384
5,11,agent_16384,agent,16384,9.704060527839234,28.229904720234792,20.388360631384415,1.1145077032897555,23.550016726765797,8.347702936208506,0.6542596672825057,10.347294638254736,0.030537795418858624,-14.826544307172298,13.476268585771322,4.036107946960254e-05,0.99999722517524,0.0392156862745098,0.5933375403289961,1.7950149051832973,0.9992033755234719,0.9667913129164385,0.9798059664610747,0.9862807027453431,0.15768080117332084,0.2922191050040982,0.2954400972197417,0.003596222183062531,0.00338685346081057,0.0019230804403886628,0.0009027146875658235,0.00046797922546030476,0.00028771887651510514,0.00012622611956966003,0.0008411493550002342,0.1015625,0.0006031558012304395,0.150390625,1.5B,16384
6,0,agent_16384,agent,16384,9.704060527839234,23.457832418031977,21.88250940808557,1.2602060115138183,25.557981400673043,5.910130417921346,0.5943417315884193,9.747866002161576,0.04571226768921433,-26.45964271761477,11.470897676423192,0.00013019032874156042,0.9999895652662713,0.0392156862745098,0.48008818182473245,4.229292117381182,0.9789955329654564,0.5310631107083269,0.5912060739637289,0.6581493621357455,0.011005595817407343,0.013355635601745686,0.4024302490000929,0.30369807200574034,0.18872793656809,0.11685527890138483,0.04846891175110618,0.02084846165649515,0.011020608122701118,0.003874080199729752,0.030939537454182812,0.1015625,0.017406361145261087,0.150390625,1.5B,16384
6,1,agent_16384,agent,16384,9.704060527839234,24.841745332894916,21.88250940808557,1.2602060115138183,25.557981400673043,5.910130417921346,0.5943417315884193,9.747866002161576,0.04571226768921433,-94.86670730216429,0.6466139373369515,0.9961057136775094,0.5832220234297989,0.0,0.44746005502655584,0.8241708167883488,0.993730395402895,0.9516582703705012,0.9561594790244436,0.9600443796071885,0.31039046585847885,0.14403650707448,0.8991881855772381,0.00013464269164305669,0.08695387393296237,0.07187146688645206,0.043796678986206046,0.022990622613642077,0.015323522789343057,0.00829408699461576,0.08156865177477457,0.101806640625,0.07352216221570877,0.150634765625,1.5B,16384
6,2,agent_16384,agent,16384,9.704060527839234,24.203469300453158,21.88250940808557,1.2602060115138183,25.557981400673043,5.910130417921346,0.5943417315884193,9.747866002161576,0.04571226768921433,-17.98591947183013,22.78904654458165,1.7639304519429496e-08,0.9999999998722746,0.0392156862745098,0.47225124800984813,2.9027670401093046,0.9967570715037153,0.7790255710928595,0.8523173725457571,0.9078446517809343,0.03784774352223741,0.07528082527540025,0.23957884448467898,0.6859813515347986,0.012812641787943942,0.009300600592819688,0.004516685118645778,0.0016760003191279233,0.000770056776915533,0.00021484659154313095,0.0026379974042378914,0.1015625,0.0011660351923281618,0.150390625,1.5B,16384
6,3,agent_16384,agent,16384,9.704060527839234,23.040493837899273,21.88250940808557,1.2602060115138183,25.557981400673043,5.910130417921346,0.5943417315884193,9.747866002161576,0.04571226768921433,-55.55806429684162,0.5744481720030308,0.919117561205592,0.5974134642412894,0.0392156862745098,0.5667791195264754,3.1443634267930354,0.9874943809423614,0.6470720571271303,0.6877232641775006,0.7428244235940585,0.009350425856111677,0.011535782098250014,0.5981277721672078,0.04169256848702378,0.3119201987438933,0.1815820424133394,0.0645579218403037,0.01971114190352616,0.008759005740670919,0.0031981253539373174,0.03638658654297988,0.1015625,0.01837519645702793,0.150390625,1.5B,16384
6,4,agent_16384,agent,16384,9.704060527839234,22.669550664154393,21.88250940808557,1.2602060115138183,25.557981400673043,5.910130417921346,0.5943417315884193,9.747866002161576,0.04571226768921433,-42.2504549594596,29.78101095277816,1.4634173037020924e-08,0.9999999999988649,0.0392156862745098,0.5221878228901238,2.1360747593468083,0.9946040457842771,0.8855398121609656,0.9046372355258092,0.9185281607211687,0.21267025804081818,0.16831664268874214,0.4323874100351072,0.48113905493192693,0.04765766841699577,0.03061183879085281,0.013651559306960007,0.005703610563796268,0.002846960867203301,0.0009398001987624743,0.0144815561106613,0.1015625,0.007387748782036209,0.150390625,1.5B,16384
6,5,agent_16384,agent,16384,9.704060527839234,28.772714995760026,21.88250940808557,1.2602060115138183,25.557981400673043,5.910130417921346,0.5943417315884193,9.747866002161576,0.04571226768921433,-29.49279774352908,45.2831162083894,1.4630451803805234e-08,0.9999999999989999,0.0392156862745098,0.4940559538099599,2.1980763505132876,0.999356579493253,0.8952472171400785,0.9862895814748637,0.9914873674798164,0.053593995786725634,0.3179905963162062,0.2924023102536821,0.7003322358665623,0.002093477170172488,0.0010464529559690322,0.00032263891367144404,9.24379944824855e-05,3.6962321840937245e-05,8.62945805563839e-06,0.0005310457467187744,0.1015625,0.00019362976512468018,0.150390625,1.5B,16384
6,6,agent_16384,agent,16384,9.704060527839234,27.3106998098173,22.18346068145711,1.98865302924788,26.34966232546705,7.2958038455270104,0.9101056095431863,10.481979426881152,0.030222637196028808,-56.715500799939036,6.599083475768566,0.01033561707925159,0.9986401357901824,0.0392156862745098,0.3596389075154698,2.192711022958157,0.99892905403413,0.8624859238688978,0.9157897943320567,0.9501945784703213,0.038411631476820585,0.20527754276132537,0.19597351377060024,0.07745984684705833,0.004227608435529473,0.001738284046730273,0.0004831109126352288,0.0001526989008572351,6.70756710836675e-05,1.8782430728395423e-05,0.0012881745955366352,0.1015625,0.0008161773362239269,0.150390625,1.5B,16384
6,7,agent_16384,agent,16384,9.704060527839234,26.76945464980701,22.18346068145711,1.98865302924788,26.34966232546705,7.2958038455270104,0.9101056095431863,10.481979426881152,0.030222637196028808,-83.03754575364292,7.40161680104211,0.012013116937751528,0.9986652408281573,0.0,0.39023309513983134,3.271730576789704,0.9979327766444313,0.6622826707414292,0.8608650564073088,0.9339223206264612,0.2888130074416903,0.04055229098611324,0.06657998330170091,0.00045496195949419496,0.009575858348936723,0.004312153433098404,0.0010949268242765274,0.0003108968012935603,0.00012842968863732612,2.7646462859618007e-05,0.002499797226415336,0.101806640625,0.0012494385468627377,0.150390625,1.5B,16384
6,8,agent_16384,agent,16384,9.704060527839234,22.660639737252882,22.18346068145711,1.98865302924788,26.34966232546705,7.2958038455270104,0.9101056095431863,10.481979426881152,0.030222637196028808,-76.43385932361707,39.743898077402264,1.4630452007974456e-08,0.9999999999989999,0.0392156862745098,0.38811506416424896,1.9066621190593092,0.9960650157925082,0.919390942111126,0.9395430744880247,0.95233495916278,0.5268450894270904,0.047887038543835914,0.6014677824238969,0.3368831064479077,0.03606355612792329,0.023538391174063887,0.01144526872113044,0.0056296116280971234,0.003342368798177131,0.0014643023619446381,0.03990710535948764,0.1015625,0.032245369177459716,0.150390625,1.5B,16384
6,9,agent_16384,agent,16384,9.704060527839234,21.854155026105616,22.18346068145711,1.98865302924788,26.34966232546705,7.2958038455270104,0.9101056095431863,10.481979426881152,0.030222637196028808,-107.62639745984052,12.78550889196049,0.00011669478359263195,0.9999919388665582,0.0,0.5055863120646831,4.9625887441157,0.9851874905417358,0.30093401266675396,0.3866668704905983,0.4976241190164464,0.004394883701897667,0.05419666937865131,0.19434814688213847,2.934372686137766e-05,0.08234083789835774,0.05931505351999165,0.023076234173688773,0.008251133317316897,0.004412765505804308,0.0014603177780365322,0.1807482016435612,0.101806640625,0.10640984059281457,0.150634765625,1.5B,16384
6,10,agent_16384,agent,16384,9.704060527839234,21.657852418041383,22.18346068145711,1.98865302924788,26.34966232546705,7.2958038455270104,0.9101056095431863,10.481979426881152,0.030222637196028808,-52.77489311993122,33.32122924737632,1.4630545361673745e-08,0.9999999999989966,0.0392156862745098,0.34235234097480144,2.745169714000984,0.9923559716305695,0.8372525812408577,0.8782140316292135,0.9017770284096817,0.09415985278970318,0.20910027640924245,0.3799908657929202,0.513568892357942,0.037078273390411816,0.02400928091274217,0.010886111496387229,0.004862607947181851,0.0026642965375812456,0.0010188933552064835,0.03495280026579092,0.1015625,0.02291641474992336,0.150390625,1.5B,16384
6,11,agent_16384,agent,16384,9.704060527839234,22.726254328332907,22.18346068145711,1.98865302924788,26.34966232546705,7.2958038455270104,0.9101056095431863,10.481979426881152,0.030222637196028808,-62.1276191174984,35.62482599169016,1.4630461038146876e-08,0.9999999999989995,0.0392156862745098,0.3864883972943306,1.8443314277103071,0.9982317343319205,0.9509402993455719,0.972456365622713,0.9784024808228966,0.12309301101628023,0.025919363530109152,0.26285989508454716,0.7139333626805835,0.007611305397464903,0.005015956588159287,0.0023852727564537537,0.0010337219943771625,0.0005525556031806694,0.00020808303982033878,0.00812741937196676,0.1015625,0.00610478727652226,0.150390625,1.5B,16384
7,0,agent_16384,agent,16384,9.704060527839234,19.004623023587648,22.12896717213868,1.7688414311221337,27.092231593543577,6.158843929491849,0.8598917929876951,11.433868757147655,0.06357626440479194,-30.20560832694173,8.82661113049835,0.002015204966320849,0.9998014832095197,0.0392156862745098,0.31017105729188815,6.264556344098715,0.8552242586766047,0.35045622265651716,0.3700470083811536,0.3958792469616719,0.07961463819380565,0.017244172333989782,0.30724702610137483,0.07488173371991838,0.684627330229751,0.5225648475673299,0.3323091174589396,0.23077286045869466,0.17084877149239985,0.10593449333820092,0.48000883343908635,0.1015625,0.4009461835888965,0.150390625,1.5B,16384
7,1,agent_16384,agent,16384,9.704060527839234,21.88415391127508,22.12896717213868,1.7688414311221337,27.092231593543577,6.158843929491849,0.8598917929876951,11.433868757147655,0.06357626440479194,-18.479712281376123,21.50122880190611,2.7971363778466506e-08,0.9999999994127831,0.0392156862745098,0.2431067128817047,3.48303056920926,0.9800307594087048,0.7570786020378061,0.8193315701699354,0.8456776605390771,0.4009787104116722,0.02780566680863772,0.27839035267781226,0.5725487419027102,0.07332043333257454,0.0553845272527504,0.03412347232410922,0.02045714940467253,0.013581355292042954,0.006771649052037172,0.03584592908404406,0.1015625,0.02623513157834477,0.150390625,1.5B,16384
7,2,agent_16384,agent,16384,9.704060527839234,23.136335538169845,22.12896717213868,1.7688414311221337,27.092231593543577,6.158843929491849,0.8598917929876951,11.433868757147655,0.06357626440479194,-32.106352139264345,6.7028978411108255,0.009497245110129508,0.9987701595990339,0.0392156862745098,0.1918833550773334,3.7879151687750676,0.9898377589864753,0.5954647366679731,0.6806304808053136,0.7702977146624661,0.004110750722661538,0.08252791265657566,0.35091763406492016,0.3479266106626792,0.0670094333080127,0.036943705747534646,0.016454174512592963,0.008219873554742145,0.005116812282905623,0.002360001215568381,0.023375891926298912,0.1015625,0.018580073961840127,0.150390625,1.5B,16384
7,3,agent_16384,agent,16384,9.704060527839234,22.783237116821415,22.12896717213868,1.7688414311221337,27.092231593543577,6.158843929491849,0.8598917929876951,11.433868757147655,0.06357626440479194,-64.0593691188842,23.170876495540142,1.700237768735849e-08,0.9999999999014693,0.0392156862745098,0.20419430713682996,1.4268835987926538,0.9928673917288033,0.933120740587996,0.9361997664518533,0.9406460316621333,0.16350560100464806,0.009746690525811452,0.36958310576914294,0.5666415612912046,0.04045525644325638,0.03083825781018234,0.01770921375201756,0.009562335786883865,0.005900627948319892,0.0026541072846770226,0.0358916583167464,0.1015625,0.0289986301596313,0.150390625,1.5B,16384
7,4,agent_16384,agent,16384,9.704060527839234,19.80818114232276,22.12896717213868,1.7688414311221337,27.092231593543577,6.158843929491849,0.8598917929876951,11.433868757147655,0.06357626440479194,2.0336946644820273,9.727508704643697,0.0009512200606823101,0.9999155308493389,0.0392156862745098,0.3022503474879955,6.553903371630845,0.9409240128753565,0.15344726134019543,0.214724811273338,0.29810402873290537,0.0732363317035194,0.03356569878760429,0.05573392182221379,0.10395890389566201,0.11155049752673656,0.05881784062124439,0.02938811830077015,0.019045859050484747,0.015440366392663071,0.010208096990827108,0.02029936446700438,0.1015625,0.017766231897697028,0.150390625,1.5B,16384
7,5,agent_16384,agent,16384,9.704060527839234,18.491609721470716,22.12896717213868,1.7688414311221337,27.092231593543577,6.158843929491849,0.8598917929876951,11.433868757147655,0.06357626440479194,-24.855952731333673,16.86809625569731,8.590214885386155e-07,0.9999999527478172,0.0392156862745098,0.2148651452630626,3.5318262424956632,0.9659339728897901,0.7033303887331426,0.7283868354969865,0.7557699774482736,0.01418315209376475,0.015968092201625428,0.15965575612949776,0.5994019108920159,0.13267288898261165,0.09800301087335826,0.05764853897102625,0.033262319609436236,0.022332825911984114,0.011793561891001099,0.08361090441374355,0.1015625,0.06786715236448015,0.150390625,1.5B,16384
7,6,agent_16384,agent,16384,9.704060527839234,11.879237933359327,46.63759641735142,0.8602414415996426,51.35918507788472,6.071948541090677,0.717161737956301,8.446556944364014,0.07051256237804929,159.50441835820675,3.126671312376857,0.18084485924878635,0.9572486784683029,0.0392156862745098,0.3248459008923077,6.114648395166364,0.9604319003140486,0.1588186609877455,0.22701219280306137,0.3292260383178915,0.16769973926708914,0.0067054266208259605,0.001005501386563382,0.28550584115492134,0.1684415977920606,0.04345416393777875,0.01923565829855628,0.01596907306778634,0.01282611134831823,0.008067927875331133,0.009769678587448446,0.1015625,0.007314350932139964,0.150390625,1.5B,16384
7,7,agent_16384,agent,16384,9.704060527839234,15.887656305888816,46.63759641735142,0.8602414415996426,51.35918507788472,6.071948541090677,0.717161737956301,8.446556944364014,0.07051256237804929,167.6594403423369,48.379190301988274,1.4630451803256854e-08,0.9999999999989999,0.0392156862745098,0.30444644716112695,2.243201502756225,0.9991796741242782,0.9001792650052649,0.9855338480325609,0.9916715930165628,0.1205287756794533,0.095044259624677,4.3000884996001834e-06,0.9892937288872663,0.002026539294752175,0.0013608505882500023,0.0006510699376768726,0.00029223219750026567,0.00015349377825817022,5.100918999674717e-05,0.0008927327642924526,0.1015625,0.0004931386712488024,0.150390625,1.5B,16384
7,8,agent_16384,agent,16384,9.704060527839234,22.01393148686978,46.63759641735142,0.8602414415996426,51.35918507788472,6.071948541090677,0.717161737956301,8.446556944364014,0.07051256237804929,165.5223210384138,51.11037158407271,1.4630451803233635e-08,0.9999999999989999,0.0392156862745098,0.2716166727362181,0.9992527761131447,0.9996949328479139,0.9902503865120906,0.993542012515127,0.9952624359076898,0.741192855258916,0.06365804154511423,4.969352283042411e-05,0.9917558337225236,0.0013663738135994757,0.0007578019951663208,0.00027738497842356524,9.876607903683975e-05,4.504674867329411e-05,1.2396351285522661e-05,0.0019564352034686983,0.1015625,0.0012628240336867162,0.150390625,1.5B,16384
7,9,agent_16384,agent,16384,9.704060527839234,11.76652651841509,46.63759641735142,0.8602414415996426,51.35918507788472,6.071948541090677,0.717161737956301,8.446556944364014,0.07051256237804929,148.64028778485954,46.31973072420806,1.4630451803434574e-08,0.9999999999989999,0.0392156862745098,0.31506328969876235,3.014652734218826,0.9967042028588883,0.7333102074900566,0.9063095607396653,0.9631568663135551,0.2556233915687933,0.12922137879236217,9.192840910734325e-06,0.9716411631997335,0.010247490986302685,0.007427876378667672,0.0038166232957876764,0.0018694913358386362,0.0010955277290314988,0.00042937125892357405,0.002442526988539499,0.1015625,0.001450363401948911,0.150390625,1.5B,16384
7,10,agent_16384,agent,16384,9.704060527839234,15.29884948495216,46.63759641735142,0.8602414415996426,51.35918507788472,6.071948541090677,0.717161737956301,8.446556944364014,0.07051256237804929,156.52872291207314,46.92476163059473,1.4630451803342128e-08,0.9999999999989999,0.0392156862745098,0.2772779376806093,2.7613520834552405,0.9964972441460189,0.8378801616539874,0.9384574265397188,0.9648882238436736,0.24661844869828187,0.07816694663101664,0.0003456871830611516,0.9689240556010874,0.010970556950112707,0.00786286392925214,0.004493977806698916,0.002417048323038585,0.0014882559042023104,0.0006573732025462773,0.005584050537348392,0.1015625,0.003957466220429861,0.150390625,1.5B,16384
7,11,agent_16384,agent,16384,9.704060527839234,12.35828672891362,46.63759641735142,0.8602414415996426,51.35918507788472,6.071948541090677,0.717161737956301,8.446556944364014,0.07051256237804929,146.13905761484057,18.294631992466748,2.755630749712431e-07,0.9999999866550757,0.0392156862745098,0.2969433313794377,4.483300537860192,0.9851900578701073,0.45631508215103356,0.5425473168699791,0.6576778680560667,0.15015202533012229,0.018158727336540892,0.0007436819142520678,0.7141545966683069,0.04748892463402562,0.020007302077086297,0.01090361145638336,0.007433061246720839,0.005399690718955725,0.0029992028683555015,0.0070144683231004945,0.1015625,0.0052987240859176995,0.150390625,1.5B,16384
8,0,agent_16384,agent,16384,9.704060527839234,21.436391528265364,30.800853383959875,2.5744579717794425,38.18878290297153,10.376187897079443,1.3559486338887932,15.319904135203036,0.027550709697348408,-18.2070060223341,6.982063110917807,0.0074045083220151305,0.9990724480056423,0.0392156862745098,0.6810270075835962,3.7329412698675863,0.9944565467545711,0.5512533776193832,0.6583888192315235,0.7854517611589296,0.19583355090151955,0.01451550106769739,0.2968493582479597,0.32396752184909794,0.013611911712352364,0.0077949192949685435,0.0039023817569352882,0.0019816809321800367,0.0011570536445147973,0.00045349031659939885,0.0034516324785576116,0.1015625,0.002140525879745938,0.150390625,1.5B,16384
8,1,agent_16384,agent,16384,9.704060527839234,17.418696885653315,30.800853383959875,2.5744579717794425,38.18878290297153,10.376187897079443,1.3559486338887932,15.319904135203036,0.027550709697348408,-11.776175513863564,19.735114466398954,1.2065726742787926e-07,0.9999999948984823,0.0392156862745098,0.6904085875062589,5.571771843930184,0.9629819156916203,0.344979272132096,0.44637974506903244,0.5564358210023004,0.00477106539828176,0.03896838607729347,0.0771053884855835,0.0454489597569155,0.0490316602956272,0.03820793490902967,0.024769727036271144,0.016504989931280294,0.011966016653578897,0.006687128150370306,0.021676238054243412,0.1015625,0.015265732745975,0.150390625,1.5B,16384
8,2,agent_16384,agent,16384,9.704060527839234,18.634787335696526,30.800853383959875,2.5744579717794425,38.18878290297153,10.376187897079443,1.3559486338887932,15.319904135203036,0.027550709697348408,-27.443874545395374,14.540760159492493,9.933206756996182e-06,0.9999993791237758,0.0392156862745098,0.6470957355426944,5.103761210283215,0.9707655388071492,0.37653446342045127,0.44689885879058044,0.541312183054482,0.14193499145074218,0.016484622903550683,0.25798686045641805,0.06875296963477935,0.162411815785028,0.11030393615350731,0.053678794272999916,0.02729799516965173,0.017397808440994394,0.008336575903137319,0.06456878220585573,0.1015625,0.04280172710984717,0.150390625,1.5B,16384
8,3,agent_16384,agent,16384,9.704060527839234,35.7810799248997,30.800853383959875,2.5744579717794425,38.18878290297153,10.376187897079443,1.3559486338887932,15.319904135203036,0.027550709697348408,-154.5649235919118,7.416025950165931,0.005061589586077896,0.999398714754455,0.0,0.5708535539062473,3.0997675632463424,0.9981448959507789,0.7282534658128411,0.7869049033193003,0.8523667224579822,0.3562177457687383,0.029947864677901226,0.006450457555837893,0.006194409799530965,0.0007973289605768494,6.254465380787837e-06,6.152421628477471e-07,5.9357431468110523e-08,4.913978286256928e-09,5.1250731353281323e-11,0.01585889068055416,0.1015625,0.01049630180479335,0.150390625,1.5B,16384
8,4,agent_16384,agent,16384,9.704060527839234,27.48424340157506,30.800853383959875,2.5744579717794425,38.18878290297153,10.376187897079443,1.3559486338887932,15.319904135203036,0.027550709697348408,-42.399505101144314,50.297929026186466,1.4630451803235091e-08,0.9999999999989999,0.0392156862745098,0.6207730740169893,1.3335554877725264,0.9997655842628772,0.9660580566525626,0.9884245039416822,0.996096691682674,0.01133750224943042,0.34623454820250843,0.24197806114244122,0.0010421624438255459,0.00013962619096950424,5.957226271910959e-05,1.3293226676362828e-05,2.8082288636434366e-06,8.951266706706318e-07,1.7157448581333063e-07,0.00015220015068960547,0.1015625,4.281651262599925e-05,0.150390625,1.5B,16384
8,5,agent_16384,agent,16384,9.704060527839234,23.80941168840723,30.800853383959875,2.5744579717794425,38.18878290297153,10.376187897079443,1.3559486338887932,15.319904135203036,0.027550709697348408,-39.100178092718124,6.685713090002537,0.009585391521737903,0.9987529330618464,0.0392156862745098,0.6241517348212535,2.0707953950006437,0.9991053138401369,0.8890575505430897,0.9484789525339363,0.9769156539120574,0.11297517534248208,0.23632766343161937,0.4732748753325476,0.4479297117405955,0.004706364806652848,0.0024222915725167827,0.0008405575630863678,0.0003208304885502918,0.00015778409893021548,4.822784575702565e-05,0.0007139985362020541,0.1015625,0.0004024097943153832,0.150390625,1.5B,16384
8,6,agent_16384,agent,16384,9.704060527839234,27.391607085235602,23.179927324367124,1.3477173915595866,26.98175558978869,7.078463590847572,1.0427254254052845,11.475701434174507,0.06754905220430814,-20.909337498247623,32.20528322830796,1.4630746729457433e-08,0.9999999999989893,0.0392156862745098,0.5343530164258916,2.8787929926582323,0.9958696040010439,0.7986069325860109,0.9191401105187489,0.9473717999499506,0.3119073309363862,0.05947851770239243,0.2466628479380231,0.7089419110345687,0.014865931324360504,0.010013650999752077,0.005908713568922366,0.0033330111140217654,0.0021693759789014814,0.0010557813553041789,0.005651130017327965,0.1015625,0.0037414683241361393,0.150390625,1.5B,16384
8,7,agent_16384,agent,16384,9.704060527839234,30.97430339238512,23.179927324367124,1.3477173915595866,26.98175558978869,7.078463590847572,1.0427254254052845,11.475701434174507,0.06754905220430814,-39.25144099222962,6.555960514000617,0.010750538309718921,0.9985787945042841,0.0,0.7049807979968244,4.764433174182544,0.9838314601594407,0.47762949220137585,0.5449579010465965,0.6137918734508085,0.1349588872320675,0.034433216590127325,0.030665434641643837,0.00233982057985755,0.08219963940326487,0.055758759284473616,0.023912648098044643,0.0074157319342522685,0.002533741673260832,0.000169481669864331,0.04103537217988533,0.1015625,0.03288818180308024,0.150390625,1.5B,16384
8,8,agent_16384,agent,16384,9.704060527839234,24.141522970442388,23.179927324367124,1.3477173915595866,26.98175558978869,7.078463590847572,1.0427254254052845,11.475701434174507,0.06754905220430814,-26.54190895706415,26.042768374085426,1.4765026402867045e-08,0.9999999999939275,0.0392156862745098,0.562080298365,2.7609059283814323,0.9965313303023409,0.8263545604286494,0.92349108505363,0.9456024852619144,0.6047879728747114,0.0038619157290531447,0.29240674935354577,0.6604039238318342,0.013784359924106728,0.008391884162188475,0.004730607365820696,0.002671909329773847,0.0017027956437982482,0.0008302898193401297,0.0038361645218119933,0.1015625,0.0025739256875973175,0.150390625,1.5B,16384
8,9,agent_16384,agent,16384,9.704060527839234,21.533619437831934,23.179927324367124,1.3477173915595866,26.98175558978869,7.078463590847572,1.0427254254052845,11.475701434174507,0.06754905220430814,-34.683085934259,17.377690457738936,5.370059589561443e-07,0.9999999715866098,0.0392156862745098,0.6118819476489891,2.5643201014357127,0.9899300864293612,0.8578714129238084,0.8913197518990247,0.9100341071737001,0.8232234561764862,0.003282238511346236,0.3202957863778637,0.5915301255299099,0.04230130547609295,0.031114610546593646,0.018735529809047868,0.011542493273343663,0.007898853777496377,0.004089942654974637,0.017690881840704737,0.1015625,0.012919006365708828,0.150390625,1.5B,16384
8,10,agent_16384,agent,16384,9.704060527839234,23.44601722048717,23.179927324367124,1.3477173915595866,26.98175558978869,7.078463590847572,1.0427254254052845,11.475701434174507,0.06754905220430814,-36.91972444951534,32.445656191557646,1.4630747521446081e-08,0.9999999999989893,0.0392156862745098,0.5788111959957118,2.5914853175331,0.9945901539331561,0.8353145204497726,0.9323175174401432,0.9492548877400186,0.13320764352959125,0.2325195692281148,0.3995939513347849,0.5477340852278619,0.026356365345409496,0.01946188074357785,0.011393962181387827,0.006527074601234546,0.00428207671717936,0.002143810258157192,0.010735297622010788,0.1015625,0.00763092125626638,0.150390625,1.5B,16384
8,11,agent_16384,agent,16384,9.704060527839234,27.737198219058715,23.179927324367124,1.3477173915595866,26.98175558978869,7.078463590847572,1.0427254254052845,11.475701434174507,0.06754905220430814,-40.95860917493701,44.78174550831318,1.4630451804195512e-08,0.9999999999989999,0.0392156862745098,0.5235231302004236,2.1242731863674433,0.9989194494748561,0.9070507451376807,0.9858083520747839,0.9903411511626412,0.0027299988920203577,0.15098445719834963,0.3777325462122318,0.612595999510877,0.004217863645225134,0.00300521024516971,0.001732369873285386,0.0009153979936986963,0.0005472923474453328,0.00023021311895628292,0.0018159092749641702,0.1015625,0.0012140029458531068,0.150390625,1.5B,16384
9,0,agent_16384,agent,16384,9.704060527839234,24.52517147320211,22.874116679694705,1.9273084958296305,28.43611751591435,6.625003248755063,0.8946623608370976,10.759535133566265,0.1062403669418503,-43.083562448620796,14.731314808130264,6.449738807534168e-06,0.9999995927456555,0.0392156862745098,0.5271058226962891,3.6666529263231746,0.9817581087969401,0.6991886682968464,0.7859089086831953,0.8381096700021384,0.1840025195927386,0.0010920459183414444,0.2787225414195153,0.5395979354877946,0.06840999070679672,0.0529344579429077,0.034408448877850856,0.02084915153163741,0.013965360570299765,0.007059058102843954,0.033712758716618496,0.1015625,0.025121035452059792,0.150390625,1.5B,16384
9,1,agent_16384,agent,16384,9.704060527839234,27.182970261580575,22.874116679694705,1.9273084958296305,28.43611751591435,6.625003248755063,0.8946623608370976,10.759535133566265,0.1062403669418503,-57.19148891419172,13.102205861359835,2.8793292924048333e-05,0.9999979592782148,0.0392156862745098,0.6227621403526477,2.537311290541924,0.9970934999311346,0.8086378785192254,0.8949691759174166,0.9442421457702328,0.2341069459835805,0.11081097681829588,0.46598555824458576,0.35369953557180955,0.02776851890880477,0.01750334115632952,0.007722721655654477,0.003482491158881213,0.001973490298697353,0.000766543177913824,0.010690188523111882,0.1015625,0.006976595029012215,0.150390625,1.5B,16384
9,2,agent_16384,agent,16384,9.704060527839234,29.398769420442456,22.874116679694705,1.9273084958296305,28.43611751591435,6.625003248755063,0.8946623608370976,10.759535133566265,0.1062403669418503,-69.25145568791777,13.746827454306185,1.5809878352372315e-05,0.9999989289034008,0.0392156862745098,0.6056347781933843,1.8842058466783578,0.9988244186759723,0.938789742306747,0.9707582230673089,0.9815924473810174,0.43452775460866966,0.012408790844880002,0.4226766030009623,0.5458035490373307,0.0078033584492358124,0.00512124379590132,0.0024101271591515667,0.0010728076485267935,0.0005843968831322686,0.00021371505825138344,0.0029319240742949225,0.1015625,0.001969729622383519,0.150390625,1.5B,16384
9,3,agent_16384,agent,16384,9.704060527839234,25.987939127945445,22.874116679694705,1.9273084958296305,28.43611751591435,6.625003248755063,0.8946623608370976,10.759535133566265,0.1062403669418503,-80.65472630411386,2.122643078369947,0.4142354203994158,0.8793560955590172,0.0392156862745098,0.5753969881063291,2.4025202911638472,0.9837797611162545,0.7801023806776068,0.8136107327222564,0.8375530061143862,0.0989762681969828,0.02644289982850978,0.7117474514852413,0.07842256799669592,0.31963964205802925,0.22863122542206976,0.1162929797186002,0.05248433923171627,0.02953565144510169,0.01249212285604654,0.20420426156397428,0.1015625,0.14599249210896684,0.150390625,1.5B,16384
9,4,agent_16384,agent,16384,9.704060527839234,30.52310060579289,22.874116679694705,1.9273084958296305,28.43611751591435,6.625003248755063,0.8946623608370976,10.759535133566265,0.1062403669418503,-71.79767121374607,23.174637477844954,1.670943877955038e-08,0.9999999999127815,0.0392156862745098,0.6197768360855632,1.6650807976614126,0.9990677972843707,0.9461499835357164,0.9727334566036762,0.9828478821535652,0.3134186747771386,0.2507062715353534,0.6002693772576067,0.3471030914518453,0.013422591994777569,0.008058291700444782,0.0031092026160089467,0.0011489312394416694,0.0005473882273966125,0.00016295992638061941,0.003824321831890117,0.1015625,0.00225322192815989,0.150390625,1.5B,16384
9,5,agent_16384,agent,16384,9.704060527839234,26.237424590287286,22.874116679694705,1.9273084958296305,28.43611751591435,6.625003248755063,0.8946623608370976,10.759535133566265,0.1062403669418503,-39.85275315493345,18.363068789243698,2.1973436450084468e-07,0.9999999894059451,0.0392156862745098,0.5455803953553495,2.971079293818765,0.9968516771366243,0.78310509319738,0.9166241732630379,0.9529886626223786,0.34118147824084044,0.015089414703870041,0.115456143873311,0.7655218960739265,0.011009113876000377,0.007449883908402114,0.0038789743565772004,0.001917696615325205,0.0011269213365700202,0.00044327600138618873,0.003925345432029132,0.1015625,0.002708559846745911,0.150390625,1.5B,16384
9,6,agent_16384,agent,16384,9.704060527839234,17.39788236618848,22.858756338709956,1.588982095809801,27.17105822928702,8.413482681518687,0.8578013082037148,18.252884600910566,0.03342251633547467,-66.96050688961986,10.666428701370023,0.0004636715046878543,0.9999609410181528,0.0196078431372549,0.6676382387076519,4.714345364736236,0.9447249989453965,0.4840117294410515,0.5110989803765427,0.5538289185114899,0.07057123105567165,0.04675247699205887,0.44969707630765793,0.008884234330518371,0.5418941712514949,0.3713276685503438,0.19669259606142112,0.10693657304124117,0.06986465605608956,0.03702594021419624,0.2600167274531112,0.1015625,0.1654065385033948,0.150390625,1.5B,16384
9,7,agent_16384,agent,16384,9.704060527839234,24.610745922837523,22.858756338709956,1.588982095809801,27.17105822928702,8.413482681518687,0.8578013082037148,18.252884600910566,0.03342251633547467,-39.661861784756184,24.561130613088608,1.5763541034058616e-08,0.9999999999548057,0.0392156862745098,0.6501124406274253,3.7850052260044666,0.9951828210295651,0.564857584397078,0.7064707219525377,0.8385327673600402,0.19429827818752532,0.028736954110046398,0.16518791146672424,0.018910391566235647,0.014903046912444342,0.007825924638653194,0.0027393057089242705,0.001200381928839682,0.0006853051395028773,0.0002870805042383388,0.006596649344398125,0.1015625,0.005071404091536714,0.150390625,1.5B,16384
9,8,agent_16384,agent,16384,9.704060527839234,19.488182676356185,22.858756338709956,1.588982095809801,27.17105822928702,8.413482681518687,0.8578013082037148,18.252884600910566,0.03342251633547467,-74.68191783502698,0.7147657386958599,0.8181328846233038,0.6491041148785339,0.0,0.6361891679770335,6.681938361644864,0.9301900820861972,0.18231476226094495,0.21772230150503946,0.2705111704253589,0.021268564164052428,0.02388950808555057,0.13207946191595382,0.0005051280140312467,0.2564967573295819,0.15661086989457268,0.06787640836790494,0.036202603966082096,0.024030149584274376,0.012500651461900141,0.12530060101422916,0.101806640625,0.07041469870497334,0.150634765625,1.5B,16384
9,9,agent_16384,agent,16384,9.704060527839234,21.66208389001444,22.858756338709956,1.588982095809801,27.17105822928702,8.413482681518687,0.8578013082037148,18.252884600910566,0.03342251633547467,-51.86447588913143,0.6018099505454302,0.651364277959944,0.645961756204821,0.0392156862745098,0.6318657235327577,3.0624378884101913,0.9951810858186778,0.6643320669406264,0.7612115413265006,0.8432261566702891,0.07482896891251478,0.18874968772791467,0.4690320594076497,0.23778791409386,0.04127618947065213,0.02160404353497697,0.010615534214267837,0.005695752959714185,0.0036217019319583483,0.0017053360776067318,0.014533535125248543,0.1015625,0.010129399160481872,0.150390625,1.5B,16384
9,10,agent_16384,agent,16384,9.704060527839234,25.879416549545713,22.858756338709956,1.588982095809801,27.17105822928702,8.413482681518687,0.8578013082037148,18.252884600910566,0.03342251633547467,-42.547166276723146,19.333993297070265,1.022840335532434e-07,0.999999995722872,0.0392156862745098,0.6387737607364186,2.755560135221099,0.9982557817874553,0.7686008861622357,0.8549932780689896,0.9323060763783413,0.017963745478616122,0.03445622876941412,0.28088967613121635,0.5372500781411256,0.005790573798664659,0.0030061571707637813,0.001196197600365062,0.0005389397844797634,0.00029883068043018375,0.0001138724245313673,0.0026417439376758144,0.1015625,0.001634649929798978,0.150390625,1.5B,16384
9,11,agent_16384,agent,16384,9.704060527839234,24.446901915275877,22.858756338709956,1.588982095809801,27.17105822928702,8.413482681518687,0.8578013082037148,18.252884600910566,0.03342251633547467,-56.48480077087879,40.1589387813583,1.4630451999626132e-08,0.9999999999989999,0.0392156862745098,0.5372010894152863,1.9290697670745607,0.9972809022949382,0.9022108980426535,0.9420008068476395,0.9574055840377124,0.0848380657171548,0.04885731168011631,0.5447244995743712,0.40969451376151933,0.034718076448401324,0.022385841577638572,0.01053326002255514,0.004719025238941475,0.002632070567459224,0.0010171652782148665,0.014963049022683578,0.1015625,0.009978043191702046,0.150390625,1.5B,16384
10,0,agent_16384,agent,16384,9.704060527839234,18.720218244232065,23.285956869677317,2.0971594714313824,28.486410117464544,9.826095903492707,1.367580310630632,28.09147248468389,0.044589471299956634,-58.891896437853575,5.098295526477159,0.040524133506249754,0.9935759538873563,0.0392156862745098,0.42061913895461445,5.22933840447833,0.9272039922103339,0.43100818851698236,0.45741133221610575,0.4940392474995114,0.014463051948903516,0.04311572026446164,0.3981917884968696,0.07350338826896283,0.4854517297899917,0.35902457554670897,0.20788590828650946,0.11514796324689494,0.0744267870199395,0.036630098398128697,0.35607953988448926,0.1015625,0.2725095317792183,0.150390625,1.5B,16384
10,1,agent_16384,agent,16384,9.704060527839234,25.20254128454768,23.285956869677317,2.0971594714313824,28.486410117464544,9.826095903492707,1.367580310630632,28.09147248468389,0.044589471299956634,-50.42970074992627,15.371820428408682,3.4678062747645317e-06,0.9999997890800855,0.0392156862745098,0.45123486562976356,3.241784217693632,0.9913550541655,0.7105866090185974,0.8105265904382163,0.8620483535197204,0.242433498448817,0.032053015467322865,0.40346661998083694,0.3915812984992917,0.05781064419204272,0.036461577871315216,0.01694082553957794,0.007389899590310148,0.003824736403524823,0.0013726520336676178,0.02741204797850382,0.1015625,0.014945302956076854,0.150390625,1.5B,16384
10,2,agent_16384,agent,16384,9.704060527839234,20.75722413104986,23.285956869677317,2.0971594714313824,28.486410117464544,9.826095903492707,1.367580310630632,28.09147248468389,0.044589471299956634,-26.597973311814712,21.09169576081331,3.4219317690571703e-08,0.9999999991228377,0.0392156862745098,0.4398523284096929,5.627034720419616,0.9579151316055209,0.32842875193899584,0.43162400239871485,0.5375110838655089,0.0017222993542612697,0.04155677682667336,0.13719841264077312,0.051567858472157,0.3176204329948967,0.22023627693206468,0.11695606312924513,0.06306194019888396,0.0383328374293668,0.01707719126991786,0.16277352796907454,0.1015625,0.11844491361544084,0.150390625,1.5B,16384
10,3,agent_16384,agent,16384,9.704060527839234,20.41547802660976,23.285956869677317,2.0971594714313824,28.486410117464544,9.826095903492707,1.367580310630632,28.09147248468389,0.044589471299956634,-47.96690093353391,13.802679233253002,2.3646580302020592e-05,0.9999984468718254,0.0392156862745098,0.3904449277844895,6.459863499557805,0.8673541957166139,0.32227285292257707,0.3560113300305656,0.3912666478355618,0.04256717903109308,0.027084913552252843,0.24176139763251256,0.1413664677251734,0.38548871649814326,0.3013274589751809,0.18447345202408327,0.11310341987157999,0.07728668541481776,0.043226432819662264,0.22296664936324115,0.1015625,0.17148539033864502,0.150390625,1.5B,16384
10,4,agent_16384,agent,16384,9.704060527839234,22.67225757594199,23.285956869677317,2.0971594714313824,28.486410117464544,9.826095903492707,1.367580310630632,28.09147248468389,0.044589471299956634,-30.80675509525463,28.703864828217775,1.4651360562289381e-08,0.9999999999982399,0.0,0.404370498411539,7.2899787425267135,0.9097211697078695,0.11594934556249413,0.15277696742589342,0.19616740650269618,0.024740916572319582,0.006059030941926169,0.03716244710818514,0.00047777890441229223,0.31774264167709904,0.22072762986556857,0.13228380849886148,0.07422131491184124,0.043410503466834775,0.016383702048071814,0.2387937969265742,0.1015625,0.1799262608970972,0.150390625,1.5B,16384
10,5,agent_16384,agent,16384,9.704060527839234,21.817521865720558,23.285956869677317,2.0971594714313824,28.486410117464544,9.826095903492707,1.367580310630632,28.09147248468389,0.044589471299956634,-37.197601499035954,25.147330986335874,1.501595823278346e-08,0.9999999999842211,0.0392156862745098,0.4839150677219738,2.012519355577517,0.9857059510621489,0.8573449977603858,0.8735474334742713,0.8878677621960192,0.4573932365210196,0.013284823627891296,0.04086214617217856,0.8396547149282575,0.06163141648003553,0.04765966713443971,0.029555977227535633,0.017038631121578038,0.010994037667388754,0.005020666428059294,0.03648943958260432,0.1015625,0.02755868066627129,0.150390625,1.5B,16384
10,6,agent_16384,agent,16384,9.704060527839234,20.95463491855197,27.17346678142936,2.81949980428475,33.98838685745652,7.437510283171457,1.211042016533656,11.97416382550092,0.07946929361033855,-50.550742868334055,5.876975353807211,0.019227964863828082,0.9972045833083464,0.0392156862745098,0.4847599432676636,4.3140121676540915,0.9834968261069446,0.5751592055597936,0.6729884969833043,0.7395725121969284,0.0027404302370268585,0.10133065437507405,0.19421189225625587,0.43788861161010073,0.051487872722530297,0.03624743365151036,0.01962174228419438,0.009321607087306574,0.005121838619472957,0.0019930556768634343,0.0242147766393414,0.1015625,0.015123101516190311,0.150390625,1.5B,16384
10,7,agent_16384,agent,16384,9.704060527839234,18.086449372399326,27.17346678142936,2.81949980428475,33.98838685745652,7.437510283171457,1.211042016533656,11.97416382550092,0.07946929361033855,-52.502972941845655,1.7092145448550582,0.4288923824010847,0.8466938676146535,0.0196078431372549,0.530025838975417,5.959596205746113,0.9621203482719676,0.2655124683954228,0.3413700144019642,0.4368303898420831,0.1580026766553988,0.048663994622709206,0.06368934810003617,0.10714317466371043,0.1196000805461061,0.0976955658631955,0.055775220926042535,0.027772300044139636,0.014946139301994935,0.005187179525475572,0.042683256401626936,0.1015625,0.03278500474347281,0.150390625,1.5B,16384
10,8,agent_16384,agent,16384,9.704060527839234,18.397665682273537,27.17346678142936,2.81949980428475,33.98838685745652,7.437510283171457,1.211042016533656,11.97416382550092,0.07946929361033855,-41.270565301179886,21.285449660383165,2.7458408199507127e-08,0.9999999994240736,0.0392156862745098,0.4522133076116074,3.3408714996585216,0.9821894775139353,0.7299266572735021,0.8043015652341059,0.8446606968947226,0.12297780260587543,0.1998765821753361,0.24975589510309887,0.5820865596904224,0.05222024702684148,0.04081503588304308,0.027064469273998134,0.01730760712275534,0.01213580015462917,0.0067767607719288435,0.023761856063903866,0.1015625,0.01786546808249161,0.150390625,1.5B,16384
10,9,agent_16384,agent,16384,9.704060527839234,17.386136224677525,27.17346678142936,2.81949980428475,33.98838685745652,7.437510283171457,1.211042016533656,11.97416382550092,0.07946929361033855,-38.15070545254275,4.529471546877176,0.05962420970163361,0.9892774410429068,0.0392156862745098,0.547734072836597,6.065160028681047,0.9462432075639842,0.3092740115533994,0.377894211581458,0.457729257472624,0.03733517462407199,0.03283631464689796,0.08654690049505133,0.22547417996538183,0.11756739241768323,0.09134220230221102,0.05309257984242503,0.03220501176565346,0.0209754167624172,0.01010964756561703,0.04481901774914951,0.1015625,0.03629854592762088,0.150390625,1.5B,16384
10,10,agent_16384,agent,16384,9.704060527839234,17.82446052141512,27.17346678142936,2.81949980428475,33.98838685745652,7.437510283171457,1.211042016533656,11.97416382550092,0.07946929361033855,-34.93676982494071,1.003941427450627,0.5863548516932855,0.7314016583244516,0.0392156862745098,0.4905826836021807,6.018518317136273,0.9569953665621547,0.29144535882632117,0.35777860417289153,0.4317769342044646,0.26377080543987974,0.06720542588044012,0.01281684265546238,0.08525455816856123,0.1353437437248168,0.11621648290391622,0.0689348728619217,0.03784433379754862,0.022585266863235993,0.008711508405766044,0.04968102122522008,0.1015625,0.03591190260983246,0.150390625,1.5B,16384
10,11,agent_16384,agent,16384,9.704060527839234,20.521328713921413,27.17346678142936,2.81949980428475,33.98838685745652,7.437510283171457,1.211042016533656,11.97416382550092,0.07946929361033855,-25.464076414704323,14.741154657676816,8.198529854045759e-06,0.9999994891265956,0.0392156862745098,0.47338389552522375,5.4478220126085475,0.967450085314109,0.3865863428792335,0.46029242361446043,0.5392025425374882,0.38158304682832256,0.014844330779779424,0.061346899236682025,0.397715539407534,0.09545108971026887,0.06791115564872711,0.03821236105201497,0.02073027201896758,0.012514146289580195,0.005289231416328047,0.0239527109654842,0.1015625,0.014214546483456448,0.150390625,1.5B,16384
11,0,agent_16384,agent,16384,9.704060527839234,18.93320645706918,24.35563892059517,2.160648105413109,28.98270619258914,8.47889735868607,0.8556890996702812,11.145617486930027,0.03356802073599018,-47.510261279996485,12.90791841322789,7.091470708383025e-05,0.9999949927886395,0.0392156862745098,0.46661690454309146,6.271294103268964,0.9506480707377031,0.22889551168794117,0.3027652460415829,0.3728555634419392,0.07818680833337766,0.026189925224124,0.12169314384796572,0.0709469244759651,0.14451962080496536,0.09029835185034828,0.05316628357488186,0.03032735985575663,0.018630427008212016,0.007720777916122651,0.06799630063863912,0.1015625,0.05128107116027677,0.150390625,1.5B,16384
11,1,agent_16384,agent,16384,9.704060527839234,21.05303895305137,24.35563892059517,2.160648105413109,28.98270619258914,8.47889735868607,0.8556890996702812,11.145617486930027,0.03356802073599018,-39.24579097679816,35.20287931920029,1.4630468610916488e-08,0.9999999999989995,0.0392156862745098,0.5569581210955707,2.9569719184268273,0.9957721423428878,0.7741286482714042,0.8803631040536253,0.923692443571967,0.07738441663142726,0.07007143265260529,0.2824946654564183,0.6224411171786417,0.01843473580634346,0.012058592275227152,0.0059833902437137826,0.0029558812151473336,0.0016738967205307187,0.0006472827899471831,0.007845325225515214,0.1015625,0.005407307615652645,0.150390625,1.5B,16384
11,2,agent_16384,agent,16384,9.704060527839234,26.18070052329103,24.35563892059517,2.160648105413109,28.98270619258914,8.47889735868607,0.8556890996702812,11.145617486930027,0.03356802073599018,-41.9712255243212,48.00968502368778,1.4630451803279077e-08,0.9999999999989999,0.0392156862745098,0.5369468753772766,1.9005880794900636,0.999503870364501,0.9583486761970967,0.9863144438146184,0.9919103568837881,0.6165626011634726,0.31734789902326366,0.055024298881523014,0.9329961323630782,0.0012795493416934748,0.0006509178573914571,0.00021717352675661346,7.226019486945529e-05,3.213766960255765e-05,8.404018440280218e-06,0.0006869354861019432,0.1015625,0.0003018467209769511,0.150390625,1.5B,16384
11,3,agent_16384,agent,16384,9.704060527839234,20.697022859510884,24.35563892059517,2.160648105413109,28.98270619258914,8.47889735868607,0.8556890996702812,11.145617486930027,0.03356802073599018,-45.945799593348056,8.953473633155227,0.001673975536360587,0.9998365023046479,0.0392156862745098,0.3973319199385512,6.557477026721573,0.9446507577532242,0.19090633269809834,0.25924167963825656,0.3260172858805032,0.05494230376363651,0.0024073226198209063,0.08030722808685396,0.08226866650550528,0.10666940833924958,0.07128995095343775,0.04343600124010085,0.025219519618174747,0.01627056354197203,0.007038460880601524,0.06261645182802146,0.1015625,0.05580911633582579,0.150390625,1.5B,16384
11,4,agent_16384,agent,16384,9.704060527839234,27.07115891689773,24.35563892059517,2.160648105413109,28.98270619258914,8.47889735868607,0.8556890996702812,11.145617486930027,0.03356802073599018,-73.32749341055751,53.37343262741342,1.4630451803231114e-08,0.9999999999989999,0.0392156862745098,0.5154164321013107,1.9935203622170945,0.9994839334778083,0.9564035604709751,0.9911759847605613,0.99393952481793,0.4062820694332222,0.09728150127151114,0.16538792388672985,0.8243289125361501,0.001389256401165212,0.0007408680235572791,0.0002435579267929201,7.718838856899975e-05,3.4370070117684545e-05,8.725739005790807e-06,0.001259808866140403,0.1015625,0.0008639875085769696,0.150390625,1.5B,16384
11,5,agent_16384,agent,16384,9.704060527839234,20.794334722208582,24.35563892059517,2.160648105413109,28.98270619258914,8.47889735868607,0.8556890996702812,11.145617486930027,0.03356802073599018,-57.042669950053096,2.942559475079179,0.19881488960057614,0.9499081294368079,0.0392156862745098,0.4690355863912003,5.276796690970824,0.9684417261777808,0.4030040863634948,0.4648898726921622,0.5395945744254015,0.020450733544656874,0.1000744043349342,0.21229924807993436,0.21422968025016167,0.12864816280014002,0.0847019716888314,0.041417511809780504,0.020160449081901035,0.011342388057375136,0.004390100246321689,0.07530357560024367,0.1015625,0.05608490020218271,0.150390625,1.5B,16384
11,6,agent_16384,agent,16384,9.704060527839234,21.91549661265035,23.495752089665146,3.4489085011263234,31.45409037860957,7.379056005500468,0.803466608305203,11.657340406545986,0.047711867931464445,-28.85879888164345,68.3203754745191,1.4630453135498482e-08,0.9999999999989999,0.0,0.4090613143495714,3.662007186750353,0.9923264372758922,0.6804121770247707,0.7898075667696144,0.842436403897513,0.48616988505982917,0.12048465846577461,0.21558352009690973,0.0021083995184725175,0.0814621860325552,0.04647570622163062,0.0163676652039932,0.005163647779932893,0.0023183976772018435,0.000667739716292679,0.07466376589722125,0.1015625,0.05143781189878423,0.150390625,1.5B,16384
11,7,agent_16384,agent,16384,9.704060527839234,21.67215255526566,23.495752089665146,3.4489085011263234,31.45409037860957,7.379056005500468,0.803466608305203,11.657340406545986,0.047711867931464445,-20.941486483963672,37.88658767513698,1.4630454079305543e-08,0.9999999999989999,0.0196078431372549,0.4135060865850578,4.906847414899197,0.9729529127831341,0.5009986137461796,0.5811078992074387,0.6409009095619062,0.1354776675220319,0.0068647522449087894,0.04198847124504402,0.031239953861511672,0.17730493589297788,0.11724151384268636,0.05269352432215991,0.02030369970206852,0.009198128899830248,0.002110947723875901,0.13255245639759866,0.1015625,0.09828428093349952,0.150390625,1.5B,16384
11,8,agent_16384,agent,16384,9.704060527839234,25.263431838421063,23.495752089665146,3.4489085011263234,31.45409037860957,7.379056005500468,0.803466608305203,11.657340406545986,0.047711867931464445,-62.425883028656244,11.813417324796319,9.791150861230768e-05,0.9999924211137111,0.0392156862745098,0.3915616036147776,2.4751248822562095,0.9880806296042431,0.7853825758876986,0.8110195642384732,0.836119432317532,0.10113810649765198,0.02145205639594483,0.0507508825301205,0.7178399071962703,0.05999579290140006,0.04192535691754488,0.020535592482270354,0.00977996379557336,0.005385475573480994,0.0017920349767233006,0.04865055602717736,0.1015625,0.03663980244241685,0.150390625,1.5B,16384
11,9,agent_16384,agent,16384,9.704060527839234,24.799759748087297,23.495752089665146,3.4489085011263234,31.45409037860957,7.379056005500468,0.803466608305203,11.657340406545986,0.047711867931464445,-42.15180450677872,4.660615260596387,0.05314186623874758,0.9906247973829246,0.0196078431372549,0.42952997763689327,6.373135140265948,0.9511432989604334,0.20775707640296057,0.2904839138373587,0.3832891444673898,0.10117074528055658,0.11547874029087779,0.04434757899091658,0.13267158461108902,0.12090940338386592,0.08166039815541294,0.04186678035119556,0.021028997819934416,0.011719130734460181,0.004300409441429381,0.06955688166350879,0.1015625,0.05447283646593902,0.150390625,1.5B,16384
11,10,agent_16384,agent,16384,9.704060527839234,21.225384434879306,23.495752089665146,3.4489085011263234,31.45409037860957,7.379056005500468,0.803466608305203,11.657340406545986,0.047711867931464445,9.876559327822179,53.27319211373106,1.4630453135498677e-08,0.9999999999989999,0.0,0.43786385836191755,5.251919869971834,0.971925745148123,0.4424122970279387,0.5175417602690996,0.5804078821006113,0.006611892227267546,0.07528548250216072,0.016158961599002687,0.0018020490673516078,0.18965566004429146,0.12902683836493645,0.05907366595925728,0.020248147514678565,0.006491938298921564,0.0007248478023010715,0.15960771732576312,0.1015625,0.12406661254476439,0.150390625,1.5B,16384
11,11,agent_16384,agent,16384,9.704060527839234,28.458549007661567,23.495752089665146,3.4489085011263234,31.45409037860957,7.379056005500468,0.803466608305203,11.657340406545986,0.047711867931464445,-77.43721191957593,4.029305225703865,0.08806784748309669,0.9825227254145033,0.0392156862745098,0.4231454652901516,2.310608577947641,0.9927021724628957,0.8447676775476985,0.8756876818684295,0.9006951755691607,0.30729031226941217,0.012367257759851036,0.6035387086433852,0.2574319934067427,0.0952249049168504,0.0639557860894529,0.030717557626389735,0.013327609883240481,0.006869161423007822,0.002390916972179048,0.06845135934357198,0.1015625,0.04465736666165662,0.150390625,1.5B,16384
12,0,agent_16384,agent,16384,9.704060527839234,25.133878960956125,21.932207813328322,1.7540032162005212,26.189062150461663,9.989621507335146,0.783991177887049,13.20519999163065,0.03260872604581856,-25.037623500684276,0.5694541388656944,0.6542002971802502,0.6386371351227292,0.0196078431372549,0.564464999533581,2.511765377672854,0.9883598390282221,0.74080186925639,0.7631196759874308,0.7909547657393992,0.06516960665681837,0.045241501936230666,0.704565833096197,0.008072277077819795,0.3365484162766114,0.2014375466913509,0.07885277971764411,0.028660125132854864,0.012684052387236733,0.003182492044737159,0.218641636548503,0.1015625,0.12276519441333093,0.150390625,1.5B,16384
12,1,agent_16384,agent,16384,9.704060527839234,24.03809392224973,21.932207813328322,1.7540032162005212,26.189062150461663,9.989621507335146,0.783991177887049,13.20519999163065,0.03260872604581856,13.071133316727355,26.259948040591553,1.4778824578979193e-08,0.999999999993455,0.0,0.5373271284747294,5.988767750522267,0.9783191809395687,0.09195658590435674,0.15928513187367732,0.2705731255985149,0.0720167309823374,0.02740788485239154,0.009618136766378765,0.00035600600781454233,0.10543828019731864,0.06691239495192444,0.028148975991239448,0.009141414163121564,0.0032619664067576526,0.0002239526783241819,0.14578312411858918,0.101806640625,0.09083727501802516,0.150390625,1.5B,16384
12,2,agent_16384,agent,16384,9.704060527839234,21.979974323879027,21.932207813328322,1.7540032162005212,26.189062150461663,9.989621507335146,0.783991177887049,13.20519999163065,0.03260872604581856,-13.564248845912516,1.0871350495144725,0.5646943312942172,0.7478418245583958,0.0196078431372549,0.5786548928610686,5.781342412654966,0.9531446453831274,0.32289415278725625,0.36806696006047324,0.43086604845639875,0.1747144078521501,0.0008541480319219641,0.24772751551450592,0.014618523156260395,0.2508761808980971,0.1691704585451213,0.07690602443159197,0.029378475146927117,0.013051011379051144,0.003300222826113208,0.18725807880537698,0.1015625,0.12720832551536895,0.150390625,1.5B,16384
12,3,agent_16384,agent,16384,9.704060527839234,17.92404270781503,21.932207813328322,1.7540032162005212,26.189062150461663,9.989621507335146,0.783991177887049,13.20519999163065,0.03260872604581856,0.7940167182823643,20.90019541734364,3.5922749107808077e-08,0.9999999990388115,0.0,0.5348845748250696,7.196307347266781,0.9262415101294549,0.06956589195616904,0.10683197745846144,0.16851871139288216,0.021467489386489902,0.0031412046195171683,0.03134099200145589,0.009753179158784396,0.2875151907057262,0.2380416828373327,0.13071326162166755,0.06162909994255909,0.029012113658764847,0.006022014866086735,0.09363643255616969,0.1015625,0.061379868236268155,0.150390625,1.5B,16384
12,4,agent_16384,agent,16384,9.704060527839234,16.132587259950874,21.932207813328322,1.7540032162005212,26.189062150461663,9.989621507335146,0.783991177887049,13.20519999163065,0.03260872604581856,-34.47367433918407,24.803975670656655,1.5064866986871866e-08,0.9999999999820213,0.0196078431372549,0.590561747645462,3.0252343519015725,0.9795564917603141,0.7163210665645774,0.740418363511048,0.768372493727809,0.024388674285889755,0.053103743644846935,0.6177745551706001,0.0026335551200075834,0.3390068636511696,0.22120988874831868,0.10809778840693243,0.05195409856431795,0.03123141169812336,0.015228142168747532,0.42368597070530656,0.1015625,0.35881104267983727,0.150390625,1.5B,16384
12,5,agent_16384,agent,16384,9.704060527839234,20.404156266753414,21.932207813328322,1.7540032162005212,26.189062150461663,9.989621507335146,0.783991177887049,13.20519999163065,0.03260872604581856,-22.587371793692,10.891822613659315,0.00022141826274736924,0.9999813854265778,0.0392156862745098,0.5608960356171767,3.2606639637876595,0.9782113634463022,0.665627162628033,0.7063435487374864,0.754454059359207,0.09533445384756556,0.019662495281272063,0.5992300874845958,0.045669447631033575,0.3017477733730534,0.2050846414319112,0.1033670851211475,0.05098098807161037,0.029634776167238967,0.012151312905938598,0.20650362364758068,0.1015625,0.15428109778380394,0.150390625,1.5B,16384
12,6,agent_16384,agent,16384,9.704060527839234,25.472342850012414,24.11319361837689,1.6226430008504746,29.356516688278397,9.04589122164278,0.7432074668417828,11.60672103103634,0.03901687276612899,-80.69590164255351,2.5862584196729586,0.4590892456712428,0.8874205983849243,0.0,0.6655064357868009,4.104685606302973,0.978319013393221,0.5422220684454319,0.5724402060888951,0.6106390270918224,0.051692898964368794,0.07811195553042216,0.4861979085203099,0.0007618908822252246,0.40629314637549657,0.24310703462697963,0.08482653472608476,0.019519551461445912,0.006531756907930176,0.0014445524857071787,0.6076231518313219,0.101806640625,0.4949101161816341,0.150634765625,1.5B,16384
12,7,agent_16384,agent,16384,9.704060527839234,25.450839582283237,24.11319361837689,1.6226430008504746,29.356516688278397,9.04589122164278,0.7432074668417828,11.60672103103634,0.03901687276612899,-66.44686590507627,20.912776792421937,3.277965761097277e-08,0.9999999991706432,0.0392156862745098,0.3382741698343228,2.349121805603475,0.9963198770939317,0.8815576747452183,0.9243458625175368,0.9385822542263007,0.02938554142506855,0.015866096828228926,0.38501100168135105,0.535056877097602,0.03239780405223604,0.019647911948982622,0.008307121573021404,0.003504412122393588,0.0018289623551635931,0.0006566230497758917,0.02515330799222285,0.1015625,0.018105627193447646,0.150390625,1.5B,16384
12,8,agent_16384,agent,16384,9.704060527839234,24.81593533907822,24.11319361837689,1.6226430008504746,29.356516688278397,9.04589122164278,0.7432074668417828,11.60672103103634,0.03901687276612899,-63.93023402988911,21.289089187979698,2.741987664159094e-08,0.9999999994258622,0.0392156862745098,0.3641414927205096,2.761246954972475,0.9934273464837305,0.8111511266323371,0.868657712303878,0.8938610689785528,0.07023603716946436,0.10996626968044065,0.4426522392269237,0.4060580640694328,0.07220284688356038,0.045226795287042806,0.019837208465431307,0.008154523023092473,0.004192559461878799,0.0014556614468218727,0.052964404623782504,0.1015625,0.03882740413332469,0.150390625,1.5B,16384
12,9,agent_16384,agent,16384,9.704060527839234,22.872779936491384,24.11319361837689,1.6226430008504746,29.356516688278397,9.04589122164278,0.7432074668417828,11.60672103103634,0.03901687276612899,-47.941093415021896,18.668347818776965,1.6815550294496232e-07,0.9999999921928021,0.0392156862745098,0.40404420725311746,2.8909325468215803,0.9947383228814629,0.8183793634550214,0.907447870645076,0.9259147453522328,0.3804821922186422,0.036055280201917395,0.26766736326850943,0.6413092702026613,0.02803737649848089,0.01822785226642712,0.00844036711825397,0.0037423250440706975,0.002086631017800945,0.0008376302528573653,0.013400512973667046,0.1015625,0.00907974939611789,0.150390625,1.5B,16384
12,10,agent_16384,agent,16384,9.704060527839234,19.692103306427573,24.11319361837689,1.6226430008504746,29.356516688278397,9.04589122164278,0.7432074668417828,11.60672103103634,0.03901687276612899,-33.84811946749687,15.642306931316853,2.6933108227022617e-06,0.99999983905207,0.0392156862745098,0.4030095720555878,3.7489954110205304,0.9845996920901349,0.6931437619686179,0.8122363299521117,0.8461513867695104,0.4370202085941267,0.2446434052302131,0.077379270028747,0.7182825007798832,0.03496676928024723,0.027958924016180893,0.017562492623136236,0.010270314755387398,0.00677292057319169,0.003252370208957852,0.01830801255112761,0.1015625,0.013653797833559337,0.150390625,1.5B,16384
12,11,agent_16384,agent,16384,9.704060527839234,25.434011848164076,24.11319361837689,1.6226430008504746,29.356516688278397,9.04589122164278,0.7432074668417828,11.60672103103634,0.03901687276612899,-60.001957312226295,20.92623344063759,3.8909491713804355e-08,0.9999999989153763,0.0196078431372549,0.5014404821634804,5.2374003827044415,0.9750968304603786,0.3984256780976731,0.46240261562462265,0.5293142508726046,0.03865734233528295,0.03523543970468346,0.1776796612985817,0.02526404701040262,0.10464817069458489,0.06845709303423182,0.03196997532381337,0.013116148952502717,0.005934275484571919,0.0013135304312588561,0.08191884215208853,0.1015625,0.06185795876156397,0.150390625,1.5B,16384
13,0,agent_16384,agent,16384,9.704060527839234,27.972395913945302,22.32833394636186,1.3310207796647986,26.07473729678809,11.222515317525472,0.9578336067475228,14.28900354153174,0.02453987596371777,-41.47489967942238,44.670299207791686,1.4630451804291814e-08,0.9999999999989999,0.0392156862745098,0.5009045697514758,2.2363408037994996,0.9986538791943104,0.8933648292043038,0.9799466619694052,0.9857730709023848,0.037381515084009775,0.0912928766400225,0.3537486387430345,0.6301212418479497,0.004767926107714102,0.003393348851833313,0.0018149112653130085,0.000964178187377726,0.000611476328307778,0.00027624002421412156,0.002738708239880193,0.1015625,0.0017719002015396282,0.150390625,1.5B,16384
13,1,agent_16384,agent,16384,9.704060527839234,25.24672509663706,22.32833394636186,1.3310207796647986,26.07473729678809,11.222515317525472,0.9578336067475228,14.28900354153174,0.02453987596371777,-50.61188374552876,7.063971587456763,0.012720383816480215,0.9984854913524459,0.0392156862745098,0.6212469853987598,6.146424054401244,0.9564164906417641,0.22512345929917504,0.29368558203226675,0.38089762045087694,0.14636753336178432,0.01358599447063813,0.11925917459192358,0.01255677242810271,0.1655500221852157,0.11787865532736923,0.057186819359375314,0.027212881391333862,0.01604621055871606,0.007436188293452502,0.09694771880369783,0.1015625,0.058562602855558234,0.150390625,1.5B,16384
13,2,agent_16384,agent,16384,9.704060527839234,30.11743782053227,22.32833394636186,1.3310207796647986,26.07473729678809,11.222515317525472,0.9578336067475228,14.28900354153174,0.02453987596371777,-36.13527421839535,42.17767792008817,1.4630451816049904e-08,0.9999999999989999,0.0392156862745098,0.46564538709090947,2.2463507540369694,0.9990395299133676,0.8993069583209458,0.9822346293024096,0.9894719269880234,0.1844886624168875,0.6219654056740844,0.15757584939877367,0.8225706832278254,0.0022465593484542984,0.0014846192779994873,0.0007470636406716543,0.00036253762712069144,0.0002066489776033574,8.013168366001962e-05,0.0014440978226657195,0.1015625,0.0010033237349266742,0.150390625,1.5B,16384
13,3,agent_16384,agent,16384,9.704060527839234,29.992988173302216,22.32833394636186,1.3310207796647986,26.07473729678809,11.222515317525472,0.9578336067475228,14.28900354153174,0.02453987596371777,-23.933330923318863,42.58864998910576,1.4630451811730031e-08,0.9999999999989999,0.0392156862745098,0.4597281878670208,2.699549711839323,0.9980053295632664,0.8399773048154555,0.9509197306881906,0.9717038009111552,0.010702770710856402,0.14593253573830323,0.12919866600883284,0.8292355875224442,0.004920479687421575,0.003300232224366065,0.0016059423137066633,0.0007912732712317705,0.00046266566423485377,0.0001809911370916503,0.0031776702294645685,0.1015625,0.0018667870687007425,0.150390625,1.5B,16384
13,4,agent_16384,agent,16384,9.704060527839234,35.794883346474435,22.32833394636186,1.3310207796647986,26.07473729678809,11.222515317525472,0.9578336067475228,14.28900354153174,0.02453987596371777,-86.9841140108183,22.524375301785767,1.8508599996230097e-08,0.9999999998338835,0.0392156862745098,0.43292520746987856,0.973740794194021,0.9995786625538704,0.9891923608654428,0.9909945339285865,0.9927182221749085,0.06673676346171131,0.005524103140625236,0.11850940810987493,0.8697603260437542,0.0019585227331408057,0.0011342940454952997,0.00043887774488609053,0.00016074825920152832,7.044880601605455e-05,1.706962892872536e-05,0.0023973178585741895,0.1015625,0.0016706057100627824,0.150390625,1.5B,16384
13,5,agent_16384,agent,16384,9.704060527839234,23.289736282752273,22.32833394636186,1.3310207796647986,26.07473729678809,11.222515317525472,0.9578336067475228,14.28900354153174,0.02453987596371777,-32.87846076488495,14.326180092990398,9.21181654670371e-06,0.9999993999033874,0.0392156862745098,0.4624428261547165,4.314037450241231,0.9646879561726849,0.5835094903425407,0.6864580089075052,0.7614257729063898,0.3038179177142961,0.0023098158857910445,0.2381103428841532,0.4227178243252155,0.08681233314136735,0.06985220782531887,0.05064583836663197,0.03577370874988621,0.02642203635378215,0.01491357620872276,0.04227747138101159,0.1015625,0.03100529821751694,0.150390625,1.5B,16384
13,6,agent_16384,agent,16384,9.704060527839234,22.812647987891644,23.68290669713611,2.274002685130404,29.347187937718342,7.322446421533203,1.039245038294065,11.448495920791562,0.06870953658675179,32.88770334050059,32.00326935201883,1.46308024574849e-08,0.9999999999989873,0.0392156862745098,0.4920212709712803,2.238198648739716,0.997001654286768,0.8867976025955843,0.9593915614267952,0.9673928551103582,0.15566576034601542,0.05900569328237282,0.44385912348946793,0.5170934129510504,0.011485111439149888,0.008520464342449506,0.004914479560868505,0.0028356890062135234,0.0017886046224438652,0.0007655311513800048,0.005518503369475353,0.1015625,0.00385273295822878,0.150390625,1.5B,16384
13,7,agent_16384,agent,16384,9.704060527839234,22.06099515326898,23.68290669713611,2.274002685130404,29.347187937718342,7.322446421533203,1.039245038294065,11.448495920791562,0.06870953658675179,28.649666219949722,21.012192264199257,3.111144638861576e-08,0.9999999992499327,0.0392156862745098,0.48741011981076326,2.132716524468185,0.9959136689206737,0.878890734357986,0.9414089482792771,0.9565333716331057,0.0027194832533163904,0.02478188330907205,0.5312837285150905,0.4081861120530434,0.01938018238342615,0.014292724006461852,0.008459124646308552,0.004811989453782055,0.0030481806640479886,0.0013856907823778608,0.010614603769650306,0.1015625,0.006983006695223202,0.150390625,1.5B,16384
13,8,agent_16384,agent,16384,9.704060527839234,20.16727073033372,23.68290669713611,2.274002685130404,29.347187937718342,7.322446421533203,1.039245038294065,11.448495920791562,0.06870953658675179,26.348826937377453,11.520971402525902,0.00014024635513223768,0.9999889923482381,0.0392156862745098,0.538794654011541,2.9545437187903207,0.9902325320920878,0.7757511653346206,0.8254045229012328,0.8674469883231094,0.47735718713626607,0.011861134695330122,0.4656671597113229,0.34192488392982956,0.04880991325755551,0.034077784704782906,0.01998618986557731,0.011289505000098711,0.0070579499945086525,0.003125069831256682,0.02677641553136856,0.1015625,0.019546765424728833,0.150390625,1.5B,16384
13,9,agent_16384,agent,16384,9.704060527839234,20.92607481691634,23.68290669713611,2.274002685130404,29.347187937718342,7.322446421533203,1.039245038294065,11.448495920791562,0.06870953658675179,41.02347492426634,21.904724875465035,2.181601751853294e-08,0.9999999996859255,0.0392156862745098,0.5035918962302778,3.094232846257074,0.9923036996749346,0.7700649241991423,0.8736724040729785,0.8999660219179243,0.0356429575829349,0.5304626798753267,0.22111667081856368,0.6353402583178165,0.027871040374193773,0.017312596520607283,0.010205730945928193,0.005783822485525517,0.003686309546308366,0.0016225065563385435,0.013397901941793503,0.1015625,0.007688916076645719,0.150390625,1.5B,16384
13,10,agent_16384,agent,16384,9.704060527839234,20.474595648926442,23.68290669713611,2.274002685130404,29.347187937718342,7.322446421533203,1.039245038294065,11.448495920791562,0.06870953658675179,35.191343404352665,20.478779854252934,4.2050631765796236e-08,0.9999999987220103,0.0392156862745098,0.49958763191774763,2.8026833752741234,0.9950044301985808,0.7905822452290555,0.8858019646385823,0.9223785003665086,0.2651007479275522,0.045510567417124115,0.40475932309231305,0.47885627785160584,0.021505440202100948,0.013840493591100058,0.00673005294658953,0.003685052192657978,0.0023261350995263095,0.0010523169137422964,0.007670416369482557,0.1015625,0.0055770493812187655,0.150390625,1.5B,16384
13,11,agent_16384,agent,16384,9.704060527839234,20.05892028245661,23.68290669713611,2.274002685130404,29.347187937718342,7.322446421533203,1.039245038294065,11.448495920791562,0.06870953658675179,37.13638776540756,23.02047933265567,1.7045331313358755e-08,0.9999999998982616,0.0392156862745098,0.5016331199576789,3.511283264133363,0.9848874415870591,0.6952316878923678,0.7945774170232632,0.8334741899723295,0.19652097653744427,0.19632754357620374,0.35085241726247207,0.4531260506637531,0.052555726299864075,0.03826711288567154,0.023525649478494542,0.013965441162483085,0.009212937220877739,0.004370351735827994,0.0259450369641526,0.1015625,0.017191395268416,0.150390625,1.5B,16384
14,0,agent_16384,agent,16384,9.704060527839234,28.399086518984753,26.701514794662646,2.9237307544486573,43.23514120624473,12.602502977111598,0.7497669541702353,18.0198254183961,0.01893320125479165,-89.17966559715569,11.532793184742332,0.00012716613280958753,0.9999899315300711,0.0392156862745098,0.550324678914639,2.6300851039849595,0.999160269417995,0.7854704458149052,0.8899689407261745,0.9639786136422633,0.11220789196534131,0.2634656820129961,0.17540136222269528,0.0010762837420369709,0.0005955903336777979,0.00021662253075144602,4.1168792255089206e-05,9.822381268440915e-06,3.477207576193919e-06,7.435068086935917e-07,0.005149084284146468,0.1015625,0.0018541047116053344,0.150390625,1.5B,16384
14,1,agent_16384,agent,16384,9.704060527839234,30.234891759906738,26.701514794662646,2.9237307544486573,43.23514120624473,12.602502977111598,0.7497669541702353,18.0198254183961,0.01893320125479165,-71.47374798357487,1.2054701447486877,0.5399199718727281,0.7694945082017655,0.0392156862745098,0.43459489166452814,3.8743956539280995,0.9941741524803568,0.542475499529421,0.6591409364017097,0.7801274761643556,0.03805354658351601,0.01716506269933471,0.26617806619700574,0.011087667880269762,0.029191714644499035,0.015210983410069084,0.004156097787032442,0.001409602109310438,0.0006714609245883235,0.0002136417471057398,0.03903026311861688,0.1015625,0.009447743692889076,0.150390625,1.5B,16384
14,2,agent_16384,agent,16384,9.704060527839234,20.184696826651834,26.701514794662646,2.9237307544486573,43.23514120624473,12.602502977111598,0.7497669541702353,18.0198254183961,0.01893320125479165,-51.56020602397621,1.1776214092969894,0.7478767620026433,0.7233559468003434,0.0196078431372549,0.38669480239059384,7.439974840291591,0.9000489138292868,0.07381351402759896,0.10447129698412916,0.15037962252375936,0.0055984501813991505,0.030306976900637994,0.03882058801675251,0.005176873377442392,0.1821283635256619,0.13011115843072585,0.08696534705775534,0.04979163843680102,0.03370012161990798,0.01895176371771641,0.07036166713473836,0.1015625,0.05135408176281123,0.150390625,1.5B,16384
14,3,agent_16384,agent,16384,9.704060527839234,29.893289219231857,26.701514794662646,2.9237307544486573,43.23514120624473,12.602502977111598,0.7497669541702353,18.0198254183961,0.01893320125479165,-57.77042426366825,22.573381620342843,1.8352098716001774e-08,0.9999999998409967,0.0,0.41707325104956144,4.53677109892394,0.994240697669753,0.32310814702382346,0.4193163192544518,0.5423551723684971,0.014820417711605138,0.00940329907756876,0.00021148186390794308,9.606965221253425e-08,0.009388052294614929,3.652282116844618e-05,1.0270572901490079e-05,3.6887751684875885e-06,1.3938327828880922e-06,3.036596553903732e-07,0.34757446309990464,0.101806640625,0.21059007642589975,0.150634765625,1.5B,16384
14,4,agent_16384,agent,16384,9.704060527839234,28.439660620091274,26.701514794662646,2.9237307544486573,43.23514120624473,12.602502977111598,0.7497669541702353,18.0198254183961,0.01893320125479165,-115.60084961308166,22.10066343517974,2.0464943282157825e-08,0.9999999997462461,0.0,0.5141813144059838,4.796543013164618,0.9944653320993592,0.1796442071555245,0.2969002428078805,0.4911972904738885,0.0804139795175951,0.000487301862483136,0.023612516723702535,4.09256377460992e-07,0.005269195928815749,9.918876649568122e-05,1.7336038226474847e-05,2.7213304300755165e-06,1.2243988767237715e-06,3.5132062881634685e-07,0.053959233786146144,0.101806640625,0.038804632858987415,0.150634765625,1.5B,16384
14,5,agent_16384,agent,16384,9.704060527839234,27.35658574387427,26.701514794662646,2.9237307544486573,43.23514120624473,12.602502977111598,0.7497669541702353,18.0198254183961,0.01893320125479165,-111.70958942733705,15.133584692608565,4.334760621751941e-06,0.9999997322685843,0.0,0.40838333749660954,4.74601802011066,0.9943578692318947,0.24713711602124513,0.35141021272683937,0.49650911268231074,0.0888921131235012,0.04016174248274296,0.01711273251759616,3.1175227116465424e-09,0.002402281181602545,4.6391631805529596e-05,1.131520077709165e-05,2.5789829230954765e-06,9.781608853169116e-07,1.9193447670511507e-07,0.1884749337406247,0.101806640625,0.08746652282934654,0.150634765625,1.5B,16384
14,6,agent_16384,agent,16384,9.704060527839234,25.57835295481813,21.803480227751912,1.8930630336159238,26.244419694583424,10.112929782188619,0.848633773568124,16.269953696370813,0.04380927280290485,-70.00168125750497,5.212252649012953,0.03597464683428921,0.9943363901436664,0.0,0.6067424470417382,5.086672586517879,0.9562292933638082,0.45599115284430763,0.47843605528715416,0.5085707668768804,0.07706311013180445,0.019393419263666445,0.3565921198730723,0.0005949404375726506,0.5713704108564459,0.38879438919224235,0.18096563772024649,0.06828496139235224,0.02799386229690441,0.00571223309572126,0.4912844748200453,0.1015625,0.3731807712317272,0.150390625,1.5B,16384
14,7,agent_16384,agent,16384,9.704060527839234,23.011585449547557,21.803480227751912,1.8930630336159238,26.244419694583424,10.112929782188619,0.848633773568124,16.269953696370813,0.04380927280290485,-43.69937807135284,14.928751358762383,5.247093879456185e-06,0.9999996715064177,0.0392156862745098,0.6901015040948069,2.2902750250877757,0.9932971353046592,0.8422537278056024,0.9092746466103117,0.9240265596541267,0.017909170578150668,0.35279623299648755,0.5792952763252678,0.33080894437393027,0.07190307295343493,0.04995254535432901,0.026927964718720145,0.013730609739024794,0.008083975034590619,0.003368726496753004,0.035804447546152585,0.1015625,0.025303504466712968,0.150390625,1.5B,16384
14,8,agent_16384,agent,16384,9.704060527839234,26.701456021137833,21.803480227751912,1.8930630336159238,26.244419694583424,10.112929782188619,0.848633773568124,16.269953696370813,0.04380927280290485,-29.05660095065832,30.001096211373806,1.4633043754771554e-08,0.999999999998906,0.0392156862745098,0.6902128004275652,2.628122499599013,0.9972974825121877,0.8550908363313052,0.936117798732227,0.9555808259878223,0.12994699474139437,0.3508590163249572,0.20654841871601834,0.7259646631312116,0.012907154288610717,0.0083604855393574,0.0034883217092550657,0.00139877972051644,0.000717164083523959,0.00024419686341401625,0.006384680316589865,0.1015625,0.004368952043764017,0.150390625,1.5B,16384
14,9,agent_16384,agent,16384,9.704060527839234,22.910152806690736,21.803480227751912,1.8930630336159238,26.244419694583424,10.112929782188619,0.848633773568124,16.269953696370813,0.04380927280290485,-22.491643730551004,17.355847673490644,5.485365944733096e-07,0.9999999709328355,0.0392156862745098,0.6826360130756415,2.960856808186216,0.9898503975632797,0.7914141205868287,0.8434743011660214,0.8665647901265362,0.04123949008272726,0.03274713191544887,0.10620026048562861,0.7334684385979418,0.0512455818603712,0.03444667508384555,0.016267385654831944,0.007472272454481711,0.004188524580514728,0.0016229802866449242,0.024029507572926927,0.1015625,0.017235716565253374,0.150390625,1.5B,16384
14,10,agent_16384,agent,16384,9.704060527839234,20.930824486697873,21.803480227751912,1.8930630336159238,26.244419694583424,10.112929782188619,0.848633773568124,16.269953696370813,0.04380927280290485,-42.20340336114168,0.7306835502386093,0.6306147039826138,0.6749552170315237,0.0392156862745098,0.7571760522318399,4.047432740005579,0.9743655999660482,0.5724740091329997,0.6294163087072876,0.6886655329806745,0.2967072807551747,0.10517585887869263,0.4541314780313493,0.12317152454342607,0.22772852508871055,0.14662541170454713,0.07331700926905653,0.03567264747371614,0.021095210811157995,0.008932958195879814,0.14163728641598095,0.1015625,0.098005198485403,0.150390625,1.5B,16384
14,11,agent_16384,agent,16384,9.704060527839234,22.647904657239003,21.803480227751912,1.8930630336159238,26.244419694583424,10.112929782188619,0.848633773568124,16.269953696370813,0.04380927280290485,-44.59599158167839,11.892568617244251,9.333084463971893e-05,0.9999928382137288,0.0392156862745098,0.7420214658945579,4.652355328246664,0.9694255527369349,0.5071616489934877,0.5571726956204521,0.6026481001125162,0.1235689964499378,0.02268996663008238,0.3716898916862,0.03607364170789365,0.2568762640825326,0.16578102252059776,0.07582555135658478,0.03402443116190128,0.01730073042037888,0.00534210570348284,0.17535053272998732,0.1015625,0.12853579917349922,0.150390625,1.5B,16384
15,0,agent_16384,agent,16384,9.704060527839234,24.852403278153023,22.220691867500875,2.211971881408371,27.965145526679894,8.156296360031247,1.4679643978488144,14.687356138081629,0.07852010295503346,-44.478833600878716,0.025582976639270782,0.6930695782427267,0.5063952611693073,0.0392156862745098,0.3101925317688017,6.280258787358914,0.938734347736644,0.278043916357505,0.3362988154975191,0.40361753904346986,0.0394862022580984,0.003590679685461229,0.12324121372606425,0.18675562624946979,0.1579895873883419,0.11501713411526426,0.07318143601505878,0.044185627053710944,0.02920532328205885,0.014385000732649847,0.13276397025537567,0.1015625,0.09212200174297656,0.150390625,1.5B,16384
15,1,agent_16384,agent,16384,9.704060527839234,25.64815716121124,22.220691867500875,2.211971881408371,27.965145526679894,8.156296360031247,1.4679643978488144,14.687356138081629,0.07852010295503346,-48.05088311689906,3.2473419674206525,0.18699654358017742,0.9583898805405128,0.0392156862745098,0.3691917131344937,6.042468761823048,0.9565303400075701,0.24701367730008297,0.33441808761811187,0.43246048487979116,0.04371218246458852,0.10049352313323845,0.1244290041272362,0.07387160995323808,0.20066369365986905,0.1322385994676004,0.06895246055380316,0.032380528573515706,0.019168948783019,0.008299076630097737,0.24926814303596753,0.1015625,0.0927768322916742,0.150390625,1.5B,16384
15,2,agent_16384,agent,16384,9.704060527839234,25.064567637889795,22.220691867500875,2.211971881408371,27.965145526679894,8.156296360031247,1.4679643978488144,14.687356138081629,0.07852010295503346,-53.223828464222606,0.11772441916400567,0.7289260596610498,0.5256117859529276,0.0392156862745098,0.34091099770007977,5.6259582335066405,0.9556900219158934,0.34366207047419367,0.42900470327031476,0.508542227295009,0.10622813924546426,0.1042562041074726,0.20488870700797315,0.05588979301797897,0.27355268272752314,0.18783199802725825,0.09364978270117164,0.04663009150511421,0.027815783205050366,0.012720091843117592,0.1907906316430606,0.1015625,0.1419374140395593,0.150390625,1.5B,16384
15,3,agent_16384,agent,16384,9.704060527839234,20.85332533872899,22.220691867500875,2.211971881408371,27.965145526679894,8.156296360031247,1.4679643978488144,14.687356138081629,0.07852010295503346,-59.17643971776124,8.089939646073617,0.003339106262820603,0.9996428157010558,0.0392156862745098,0.37685954179707387,5.994195297086767,0.9106641247278471,0.3355834967702449,0.3650566225735941,0.4065078351626631,0.061517245058561265,0.04076944735470933,0.2945644699191286,0.02990061066106497,0.6060710176905098,0.43673582247360926,0.24516846362394598,0.14279768571640478,0.09757902426998626,0.05230035158040776,0.375072593436811,0.1015625,0.25146537318848944,0.150390625,1.5B,16384
15,4,agent_16384,agent,16384,9.704060527839234,26.07142193485295,22.220691867500875,2.211971881408371,27.965145526679894,8.156296360031247,1.4679643978488144,14.687356138081629,0.07852010295503346,-53.240636395290494,0.5569209753011819,0.6605960342360672,0.6353481499014922,0.0392156862745098,0.3765168230832425,5.732570915648867,0.9520970311053883,0.33520107859840637,0.40597929120609133,0.4904709871500611,0.08534071956920775,0.037595199605959806,0.206337975388176,0.10428941758258975,0.2369244853789094,0.1727800768272881,0.09204023396206777,0.04357706798269516,0.025591282805252597,0.011058240658284927,0.21547422142803746,0.1015625,0.16726511297724764,0.150390625,1.5B,16384
15,5,agent_16384,agent,16384,9.704060527839234,22.47680538896174,22.220691867500875,2.211971881408371,27.965145526679894,8.156296360031247,1.4679643978488144,14.687356138081629,0.07852010295503346,-68.99311235547066,1.0847761922050267,0.5652204165268585,0.7473942889145243,0.0392156862745098,0.31643876869571314,2.4925786668220704,0.9837710027937309,0.824348285931963,0.8401082219047309,0.8563087278854378,0.10987277743373136,0.018176081301414015,0.26659928322763793,0.5570970205190793,0.07715052079123665,0.05766470302514801,0.034029258777805375,0.0189840907250928,0.012061862479265679,0.00572216164597814,0.04630512638666701,0.1015625,0.03647143498187278,0.150390625,1.5B,16384
15,6,agent_16384,agent,16384,9.704060527839234,19.2186178094303,94.95998860338398,0.8431250677585123,97.45136032231535,11.147905202747284,1.3548012088899561,15.621451667334936,0.0375985043341815,152.77649633213878,0.7859693034552038,0.6242240406690027,0.6867487877277132,0.0392156862745098,0.11630733792042322,6.294427634166603,0.9499335979268588,0.21354111720369254,0.29818230462085005,0.3834566471722751,0.03420799436839417,0.22574825654635333,0.08121683669511943,0.028675464544369315,0.23489516202045838,0.15994421178317525,0.08652613130363272,0.04506144494192376,0.02708914947447651,0.012477864100324025,0.10149575203791324,0.1015625,0.06948221475812998,0.150390625,1.5B,16384
15,7,agent_16384,agent,16384,9.704060527839234,98.03023818311364,94.95998860338398,0.8431250677585123,97.45136032231535,11.147905202747284,1.3548012088899561,15.621451667334936,0.0375985043341815,5388.861170090735,70.544703386724,1.4630451803230878e-08,0.9999999999989999,0.0392156862745098,0.6137121545960352,1.7555299048952067e-06,0.9999389648332381,0.9999999998432119,0.999999999971121,0.9999999999905498,0.15129553255047767,0.3637713882525304,1.7342754025821797e-13,0.9999999940171092,1.790065341267305e-14,1.1370284020791953e-15,5.923221652845346e-16,5.923221620286649e-16,6.955613680963608e-16,6.210271323490529e-16,7.781622797443958e-13,0.1015625,3.46809695847155e-13,0.150390625,1.5B,16384
15,8,agent_16384,agent,16384,9.704060527839234,18.134707968542653,94.95998860338398,0.8431250677585123,97.45136032231535,11.147905202747284,1.3548012088899561,15.621451667334936,0.0375985043341815,62.830415489152074,2.5035443138331175,0.3025398904373977,0.9189344320206201,0.0392156862745098,0.07702992219064765,6.2606075942488,0.9379077386740468,0.2566847350460548,0.2928550560739439,0.3409195355599806,0.010398386170910712,0.026526847131120412,0.20023422260140622,0.038243102098658104,0.2675120895164949,0.1761995524687652,0.08975406627878192,0.04637429687530779,0.028767850933321303,0.012500322499337416,0.11964754718692833,0.1015625,0.08198851983437927,0.150390625,1.5B,16384
15,9,agent_16384,agent,16384,9.704060527839234,25.40235979014287,94.95998860338398,0.8431250677585123,97.45136032231535,11.147905202747284,1.3548012088899561,15.621451667334936,0.0375985043341815,105.3195915594697,36.30958526581526,1.4630456561961963e-08,0.9999999999989997,0.0392156862745098,0.07575246647477855,2.0751238801048775,0.9989863719848905,0.8989823963057549,0.9702692392829377,0.9802626197266868,0.02908208411578883,0.14015972404461507,0.4449338716247725,0.5255530201308793,0.005548200042742584,0.003166639989169142,0.0010753454990173538,0.0003502568817953124,0.00015840392273691844,4.2907815571940414e-05,0.0024218337508095495,0.1015625,0.0015009615711386562,0.150390625,1.5B,16384
15,10,agent_16384,agent,16384,9.704060527839234,20.241271495889542,94.95998860338398,0.8431250677585123,97.45136032231535,11.147905202747284,1.3548012088899561,15.621451667334936,0.0375985043341815,223.2817413583398,12.103520353324711,7.261785300313673e-05,0.999994459590839,0.0392156862745098,0.1534658177149113,2.77676199026398,0.9937639332379109,0.7189044942314182,0.808438395911242,0.8728268443106877,0.02532835934686517,0.21713333534360402,0.5393368217973252,0.265716720838464,0.05870370709958758,0.03675332865932532,0.016364337062441853,0.0075895912090062695,0.0044550071249910145,0.001854832910164176,0.020897211476737978,0.1015625,0.015789637281060444,0.150390625,1.5B,16384
15,11,agent_16384,agent,16384,9.704060527839234,21.935419327673575,94.95998860338398,0.8431250677585123,97.45136032231535,11.147905202747284,1.3548012088899561,15.621451667334936,0.0375985043341815,250.643523812294,15.543500697240233,2.953603882708707e-06,0.9999998223510314,0.0392156862745098,0.13969791345174337,4.026901346808898,0.9946189522965792,0.5260092059994836,0.6666032834804025,0.8029132959113174,0.45132046570648043,0.00842966473011586,0.07451618595608149,0.606926624040052,0.018925988728079893,0.008785495359761013,0.0031398116992222115,0.0012780982464238233,0.0006308005347211448,0.00020819485416445215,0.009327451370588527,0.1015625,0.005695287910042531,0.150390625,1.5B,16384
16,0,agent_16384,agent,16384,9.704060527839234,26.662130335566992,22.785970689120987,1.6484828721084683,28.057761478574186,10.78720351965682,0.9465312320674235,14.096260160883485,0.04395535891775201,-1.9025298318592831,9.922663692501374,0.0005466862314439025,0.9999502308875838,0.0196078431372549,0.6884490253336156,5.034595093192772,0.9845040953301734,0.3759009670255129,0.4738542513445968,0.5969067811493415,0.06324084042841438,0.004111930834419297,0.0953984416830729,0.003517097872505554,0.09532501843428494,0.058523152479191924,0.01939658393949644,0.0042719200119659,0.001207232278994287,0.00016397577707935495,0.06204645985275355,0.1015625,0.04325088086376986,0.150390625,1.5B,16384
16,1,agent_16384,agent,16384,9.704060527839234,21.393598518425936,22.785970689120987,1.6484828721084683,28.057761478574186,10.78720351965682,0.9465312320674235,14.096260160883485,0.04395535891775201,2.6474697099765763,1.7870237039169297,0.4121592988641327,0.8564740303135697,0.0196078431372549,0.6592894433253389,5.645167739464776,0.9709237791064925,0.30830144898428924,0.39925341749665866,0.5026082307756617,0.14456187807788012,0.062268723367510326,0.052123792461921295,0.1460528673456782,0.12994499628460776,0.08970169177041651,0.041930831612960726,0.0161250773060268,0.007065728013523675,0.0015850802996633462,0.049207620488440004,0.1015625,0.04013405876422344,0.150390625,1.5B,16384
16,2,agent_16384,agent,16384,9.704060527839234,25.14648810947724,22.785970689120987,1.6484828721084683,28.057761478574186,10.78720351965682,0.9465312320674235,14.096260160883485,0.04395535891775201,14.806983831978869,17.771693700633477,7.466729610740454e-07,0.9999999613914393,0.0,0.6390553857285212,5.388769477174434,0.9884413470464406,0.1589663217052145,0.24727947998407257,0.38884095905215565,0.00044751523748942645,0.010157538005096,0.0007920229385765509,0.00014733795077308945,0.05672439086362645,0.028730054503161292,0.007418211532065355,0.001226735142421815,0.0003176348469848497,4.511767661933435e-05,0.05999713249465722,0.101806640625,0.036070592715288265,0.150634765625,1.5B,16384
16,3,agent_16384,agent,16384,9.704060527839234,17.05654540101438,22.785970689120987,1.6484828721084683,28.057761478574186,10.78720351965682,0.9465312320674235,14.096260160883485,0.04395535891775201,4.89256380754523,21.127896184800193,2.944826807237636e-08,0.9999999993295248,0.0196078431372549,0.6968123642550518,7.00845999272394,0.9146745248358092,0.16359404391208238,0.1896206174887841,0.2282781108531019,0.03811787321105564,0.06396990715066786,0.11945431087314873,0.008596564888845758,0.2919264154293858,0.1784720190770957,0.08702091158640578,0.0432471362595619,0.028543876838834664,0.013093242683123254,0.16361286591773558,0.1015625,0.10533789886055775,0.150390625,1.5B,16384
16,4,agent_16384,agent,16384,9.704060527839234,22.398868281223884,22.785970689120987,1.6484828721084683,28.057761478574186,10.78720351965682,0.9465312320674235,14.096260160883485,0.04395535891775201,3.930958397570066,6.164983063819818,0.0150452601536849,0.997901604103218,0.0196078431372549,0.6740231051171495,5.2873863887334505,0.9821889479020705,0.2888228493945597,0.39714825864400854,0.5386487871050766,0.003548006001343751,0.03808928711105253,0.02569033533410742,0.018483582651824145,0.08829912942797336,0.06124929658998027,0.02710785068202688,0.00927365178047035,0.003657931844520224,0.0007828678672103521,0.041163499929944995,0.1015625,0.03229776018680728,0.150390625,1.5B,16384
16,5,agent_16384,agent,16384,9.704060527839234,25.019538492265735,22.785970689120987,1.6484828721084683,28.057761478574186,10.78720351965682,0.9465312320674235,14.096260160883485,0.04395535891775201,9.382868377957493,13.522979615721852,1.947268489774182e-05,0.9999986601865832,0.0196078431372549,0.699826983901839,4.160807998741127,0.9778102067524693,0.5644044039947275,0.6222520869557167,0.6694388838489826,0.05944435768167455,0.07192190057318815,0.4298265910743245,0.08140269255762583,0.2181942473690781,0.1424900846515173,0.06465224107902771,0.024223255954409016,0.009688546492648374,0.0016555245093295245,0.2039794072331756,0.1015625,0.14578431046621362,0.150390625,1.5B,16384
16,6,agent_16384,agent,16384,9.704060527839234,18.945276935976608,24.196311779991184,1.73540469319026,29.05238248621585,8.896616167946949,1.284517091639681,14.705324626686378,0.049595262353532094,-29.620112903416157,12.623021598905325,4.4917875437286096e-05,0.9999967042094481,0.0392156862745098,0.5033387230127815,4.440388922227219,0.9436835934960031,0.6161643989661388,0.665689646155786,0.702467142910149,0.16906023953701976,0.04733348183549335,0.0866611520638463,0.5785379431035798,0.12239008333580743,0.1033060542176954,0.07540787461920345,0.0517306229585316,0.03840127069735591,0.02338107598215314,0.06644546688882311,0.1015625,0.05527066139823271,0.150390625,1.5B,16384
16,7,agent_16384,agent,16384,9.704060527839234,22.529376043305444,24.196311779991184,1.73540469319026,29.05238248621585,8.896616167946949,1.284517091639681,14.705324626686378,0.049595262353532094,-55.044338803738356,4.849059786647558,0.045505952513092855,0.9922251714709686,0.0392156862745098,0.6165271460482361,2.1580101828164446,0.985559122181033,0.8036283108039489,0.832302032416395,0.8613628937161184,0.10167092695652657,0.017450270423208014,0.7392454772897472,0.08727620022151614,0.22835397299724317,0.17226064928726065,0.0993499617880551,0.05133787584001783,0.03047668105640282,0.013520471967060922,0.12772255680865655,0.1015625,0.09966478118960846,0.150390625,1.5B,16384
16,8,agent_16384,agent,16384,9.704060527839234,24.3925264269241,24.196311779991184,1.73540469319026,29.05238248621585,8.896616167946949,1.284517091639681,14.705324626686378,0.049595262353532094,-39.856450953520834,22.545869539491832,1.843695612787918e-08,0.9999999998371238,0.0392156862745098,0.5079676282805172,2.605656868092693,0.9954804819220576,0.792174663936734,0.8795915766226401,0.9223612711612564,0.014588604776439418,0.0641956772814285,0.4638033337551168,0.4329351089553677,0.026175457613128592,0.01690122007546915,0.008981796745086888,0.004945015465949105,0.003232515797521281,0.0015389484378787667,0.01264899571267988,0.1015625,0.009490806074591386,0.150390625,1.5B,16384
16,9,agent_16384,agent,16384,9.704060527839234,18.189780716601906,24.196311779991184,1.73540469319026,29.05238248621585,8.896616167946949,1.284517091639681,14.705324626686378,0.049595262353532094,-44.686353170429356,14.681846772204153,6.615201610193314e-06,0.9999995792340531,0.0392156862745098,0.457184133332788,4.981445204488,0.928771627005245,0.48770009293714545,0.5356150337435106,0.5885634847585177,0.002654703547155801,0.12719841962589262,0.40469355239810106,0.02275380382529104,0.5507699933125393,0.42493334048378434,0.2629078240980469,0.15848306409309007,0.10990435029506389,0.06177152402447521,0.3395473712833938,0.1015625,0.26454726335774414,0.150390625,1.5B,16384
16,10,agent_16384,agent,16384,9.704060527839234,24.155040478744496,24.196311779991184,1.73540469319026,29.05238248621585,8.896616167946949,1.284517091639681,14.705324626686378,0.049595262353532094,-59.590216690674424,7.098206298425794,0.0066932545408383065,0.9991738171299438,0.0392156862745098,0.635654325903258,1.9693716417943463,0.9887636821933103,0.8167324721028717,0.8434855071020553,0.8706513487809711,0.06038623437877133,0.10923046999913799,0.7673104708250924,0.03966126450652841,0.22794290161659425,0.1649605592549518,0.08947723714237606,0.0422330631255021,0.022194783625083935,0.007526548741506599,0.14280792161540742,0.1015625,0.1038148348706006,0.150390625,1.5B,16384
16,11,agent_16384,agent,16384,9.704060527839234,26.74847622791773,24.196311779991184,1.73540469319026,29.05238248621585,8.896616167946949,1.284517091639681,14.705324626686378,0.049595262353532094,-44.18211856111884,20.852873854339123,4.817235833414141e-08,0.9999999985267409,0.0,0.5193701542073803,6.074260214958918,0.9604776671880315,0.27086859637827243,0.29849558254565156,0.3394085343906378,0.0064102827774159266,0.05281271965587918,0.023173693631785317,0.00047353217111222853,0.274062571761069,0.1753417120746583,0.061501081024014526,0.016104600470442553,0.006246765119061778,0.0016085017633181617,0.28678470197260164,0.101806640625,0.2812117954087275,0.150634765625,1.5B,16384
17,0,agent_16384,agent,16384,9.704060527839234,22.116629353295103,23.324763335387026,1.9670048963863922,28.25850167250114,9.019371714427743,1.1801818451881525,13.678197879283351,0.0596562639690726,-23.843773428350687,30.726980429142714,1.4631711520191625e-08,0.9999999999989542,0.0392156862745098,0.6476868710579302,2.500717005139704,0.9943644809855108,0.8185817174618053,0.870784098394204,0.9084005815553389,0.704968840148984,0.12818453997721435,0.5437954422563334,0.34867059592337546,0.04734459235028057,0.03141678808467109,0.016080647647741617,0.008262694734121985,0.004952467657445683,0.0021161248255694527,0.024570601548320813,0.1015625,0.01877204076973397,0.150390625,1.5B,16384
17,1,agent_16384,agent,16384,9.704060527839234,18.763942423911267,23.324763335387026,1.9670048963863922,28.25850167250114,9.019371714427743,1.1801818451881525,13.678197879283351,0.0596562639690726,-21.907291438430548,6.866257470101118,0.008191687607029504,0.9989587089907934,0.0392156862745098,0.6749040542618867,5.321096285814714,0.9636638389520316,0.4007279449599404,0.48828779820380774,0.5651305710702544,0.07693148552390511,0.2467703880871637,0.20440885880952625,0.25349258439671984,0.1296788960339271,0.09366514939414841,0.04972001810380054,0.025122659224510208,0.01541692075633134,0.007149823363636861,0.06436277520007035,0.1015625,0.04145377990647985,0.150390625,1.5B,16384
17,2,agent_16384,agent,16384,9.704060527839234,24.306975528897286,23.324763335387026,1.9670048963863922,28.25850167250114,9.019371714427743,1.1801818451881525,13.678197879283351,0.0596562639690726,-26.58992401463911,14.416548848617822,9.387435661869282e-06,0.9999994021938036,0.0,0.5193925833837878,5.422411091856622,0.982899833802613,0.23313575779643406,0.3240474432649916,0.44666353817499904,0.10251251522759253,0.060819419687766274,0.00714350292586381,0.0003701622367596306,0.09001581236083597,0.05745158346682442,0.021198190618146706,0.008639307563343615,0.004842860260919953,0.0017151789568183677,0.13536109967600482,0.101806640625,0.06779620184515751,0.150390625,1.5B,16384
17,3,agent_16384,agent,16384,9.704060527839234,18.1952668218502,23.324763335387026,1.9670048963863922,28.25850167250114,9.019371714427743,1.1801818451881525,13.678197879283351,0.0596562639690726,-27.977510258555412,11.161660069599748,0.0001728228299095841,0.9999857911199046,0.0392156862745098,0.6336609416370542,5.357675752104913,0.9514016874842643,0.4492861852536199,0.4946457867607685,0.5414583746851307,0.10717324017647245,0.04188098619048719,0.16607308246802782,0.3096668210893392,0.15398124971989105,0.11736385435591985,0.07124562744869752,0.03678660560845864,0.02236791536064517,0.010385728076210063,0.08399861064035166,0.1015625,0.05717709652951148,0.150390625,1.5B,16384
17,4,agent_16384,agent,16384,9.704060527839234,20.531200774669426,23.324763335387026,1.9670048963863922,28.25850167250114,9.019371714427743,1.1801818451881525,13.678197879283351,0.0596562639690726,-34.942103950394085,4.8929379451146815,0.04492641272975779,0.9924552984139607,0.0392156862745098,0.6730638328496975,4.72994953302577,0.9820887944767714,0.44922603435194547,0.5361458966397712,0.6272352353313745,0.08552666092812578,0.09450429395789148,0.26418410502592543,0.10356332249046662,0.1430739728874476,0.08648622317340078,0.038058803878512334,0.015378258376401782,0.007769007222021488,0.002385209065801482,0.0933308095919809,0.1015625,0.06454153601851878,0.150390625,1.5B,16384
17,5,agent_16384,agent,16384,9.704060527839234,20.27799864931111,23.324763335387026,1.9670048963863922,28.25850167250114,9.019371714427743,1.1801818451881525,13.678197879283351,0.0596562639690726,-17.946054715663195,15.811446966603398,2.2998336163784344e-06,0.9999998640821777,0.0392156862745098,0.6349439933143837,4.574738195198538,0.9772603992181559,0.5372498599851727,0.6406504365047289,0.7089495189492162,0.10749096419397186,0.2588050624312372,0.2021997922458285,0.41080946912731736,0.09284363582294229,0.06378614475076938,0.031349493153322416,0.01627076356269364,0.010431666386680307,0.004721243826450421,0.04772337876033012,0.1015625,0.03178569666318923,0.150390625,1.5B,16384
17,6,agent_16384,agent,16384,9.704060527839234,22.689233951408124,21.02256334853343,1.6325329814134129,24.9226609204776,11.107626793067347,0.8512200964767807,22.65879621338668,0.0372459190502774,-34.99910621147137,2.4299909389810637,0.29075530132076455,0.9178726245759403,0.0196078431372549,0.5514065569424331,6.969736066191678,0.904498024417429,0.19681791256847797,0.227744675946848,0.27073466118957756,0.0313703418885678,0.015631291466818797,0.060729609260532114,0.008585431000266635,0.35651036151356075,0.2573427464408922,0.14885386193548572,0.07948323806494384,0.05331312652149253,0.029150576079331376,0.25357407707949986,0.1015625,0.25263970051961954,0.150390625,1.5B,16384
17,7,agent_16384,agent,16384,9.704060527839234,18.302691870243038,21.02256334853343,1.6325329814134129,24.9226609204776,11.107626793067347,0.8512200964767807,22.65879621338668,0.0372459190502774,-51.09033524504048,15.061499373259721,5.036558025091144e-06,0.9999996908550756,0.0392156862745098,0.5041565708584469,2.523121054283484,0.9722372383102883,0.7671017892652209,0.7843644523454402,0.8069913796929754,0.0020134603204864376,0.05173879424821948,0.7266473369707204,0.01860919441173952,0.49341228010043403,0.38025515805744925,0.2432296285549598,0.1534711224330627,0.10850739907901732,0.060713814083446324,0.29727261986565756,0.1015625,0.23720217119620446,0.150390625,1.5B,16384
17,8,agent_16384,agent,16384,9.704060527839234,31.526022963636745,21.02256334853343,1.6325329814134129,24.9226609204776,11.107626793067347,0.8512200964767807,22.65879621338668,0.0372459190502774,-11.191216349601746,20.496451342478395,4.1616977320022935e-08,0.99999999874348,0.0392156862745098,0.3545944698705023,3.5851989815977343,0.9961847929874271,0.6344350047255602,0.7551667928115261,0.8475187612423433,0.28779764771421446,0.09943162274829438,0.0963150211847945,0.6869882056342662,0.020765284345088286,0.008370252529060467,0.0022264423647918963,0.0008240470408104856,0.0004173758523345174,0.00014475003580415098,0.004805966772802759,0.1015625,0.002599767505575188,0.150390625,1.5B,16384
17,9,agent_16384,agent,16384,9.704060527839234,26.265051493164535,21.02256334853343,1.6325329814134129,24.9226609204776,11.107626793067347,0.8512200964767807,22.65879621338668,0.0372459190502774,-21.321102127432823,1.7751692484598607,0.41597323598100944,0.8549093694428244,0.0196078431372549,0.6152013965204087,6.742294521732199,0.9474074785289734,0.12765566873097053,0.1898616045526563,0.25822569025766096,0.11611678035705975,0.021901272653897852,0.014259318421848131,0.008945057262017175,0.1478331125030201,0.12521231407666705,0.08301639692954209,0.039376260697324604,0.01988660459735343,0.006370718073620893,0.12958356083083974,0.1015625,0.10266081339459127,0.150390625,1.5B,16384
17,10,agent_16384,agent,16384,9.704060527839234,18.850433372706632,21.02256334853343,1.6325329814134129,24.9226609204776,11.107626793067347,0.8512200964767807,22.65879621338668,0.0372459190502774,-22.141503930091858,6.649249550886452,0.01065954933885902,0.9986346779486541,0.0392156862745098,0.5306193730097717,7.071348237707549,0.8828792153036438,0.2067151714482885,0.253529937000424,0.3070510423307852,0.049106789413164764,0.010756876727632259,0.05461141245739217,0.18997955446817907,0.18354066738700697,0.15365538702625883,0.12151508713784333,0.09059522681657277,0.06928807650729864,0.04269306478980261,0.12421357445162277,0.1015625,0.09526862362413209,0.150390625,1.5B,16384
17,11,agent_16384,agent,16384,9.704060527839234,17.817905237510608,21.02256334853343,1.6325329814134129,24.9226609204776,11.107626793067347,0.8512200964767807,22.65879621338668,0.0372459190502774,-42.30421880301583,16.184144495571672,1.8040578746516687e-06,0.9999998972834924,0.0392156862745098,0.62754031878312,4.517686304883254,0.925998720743242,0.5619453027168839,0.5874977888434552,0.6170218974122649,0.04075194587586539,0.01702917072302368,0.4870416194557687,0.017892312424727094,0.6437311620392216,0.5161308715829037,0.34758224222155965,0.22605572800709095,0.16214663322717585,0.09226888606374757,0.43315589766024726,0.1015625,0.36144712167514653,0.150390625,1.5B,16384
18,0,agent_16384,agent,16384,9.704060527839234,29.425887001948478,25.182324905146118,1.4850677069929312,28.475627085284035,8.643402771726235,0.8020320919442672,12.721574007774219,0.09236204088001973,-17.88234643638134,12.949767220765352,3.346477863777176e-05,0.9999976076988738,0.0392156862745098,0.3656859115949006,3.5475390728518694,0.9971518115305977,0.6035543967020032,0.7730707236886791,0.8828102724259571,0.33513639790577143,0.006700379535716394,0.08106008587503476,0.6576685560790515,0.009830348257352817,0.005416453175530456,0.002422616116661728,0.0011343132484526526,0.0006419778689598595,0.00025414932772038735,0.0021325120537690197,0.1015625,0.0014922345116273371,0.150390625,1.5B,16384
18,1,agent_16384,agent,16384,9.704060527839234,18.48421811144458,25.182324905146118,1.4850677069929312,28.475627085284035,8.643402771726235,0.8020320919442672,12.721574007774219,0.09236204088001973,-69.75589340180159,1.3109387401491404,0.674065720595339,0.7547039621376009,0.0196078431372549,0.33561989381683854,6.39389542623762,0.9355512591887974,0.2449212278329024,0.29071565187344667,0.3563532961348173,0.10618047115979845,0.003946251572923387,0.12928628801421527,0.005654219201393437,0.2894050777788334,0.22453076438314773,0.14669127816371097,0.07420188882533578,0.04348868867288949,0.019119277880184474,0.1889998098463321,0.1015625,0.1573388852459678,0.150390625,1.5B,16384
18,2,agent_16384,agent,16384,9.704060527839234,26.63717780745238,25.182324905146118,1.4850677069929312,28.475627085284035,8.643402771726235,0.8020320919442672,12.721574007774219,0.09236204088001973,-19.673162255436182,32.84430617466569,1.4630622525718403e-08,0.9999999999989937,0.0392156862745098,0.33979784915275346,2.9936240581696265,0.9973113376465349,0.7642979651978247,0.9075718628614935,0.9532050621360124,0.3574517833495783,0.13176306029688034,0.04515155752776504,0.8709942073159356,0.011939942495434829,0.007465669802993556,0.003618806838005776,0.0017017504433872032,0.0009790864314765844,0.00039401168188095035,0.004395492587028673,0.1015625,0.0027526256756316156,0.150390625,1.5B,16384
18,3,agent_16384,agent,16384,9.704060527839234,19.56933340642469,25.182324905146118,1.4850677069929312,28.475627085284035,8.643402771726235,0.8020320919442672,12.721574007774219,0.09236204088001973,-37.38118651229888,11.251441572792828,0.00022428338114152148,0.9999820867031932,0.0392156862745098,0.3623517862602804,5.8562046060273,0.9502750705095656,0.2989355457100827,0.39446162226791387,0.4979426858095593,0.033054008387812805,0.010623387121686312,0.12086279127437353,0.10683680264157877,0.1459636804066913,0.1173495887799246,0.07197081632706391,0.04397004327542005,0.030586317846112324,0.016369050558148336,0.0611612791185083,0.1015625,0.04547645972829975,0.150390625,1.5B,16384
18,4,agent_16384,agent,16384,9.704060527839234,28.117858246998477,25.182324905146118,1.4850677069929312,28.475627085284035,8.643402771726235,0.8020320919442672,12.721574007774219,0.09236204088001973,-34.61925683543086,24.99329504184425,1.52910890194579e-08,0.9999999999733915,0.0392156862745098,0.3817355958333575,2.7838245522923937,0.9979986308632158,0.7967643401899998,0.9206693486779863,0.9564288521629265,0.09713276504311619,0.091384819990049,0.06254450444521398,0.7836416696908334,0.010815761951600346,0.005856490747621306,0.002415995090973538,0.0009684954201971546,0.0005019023848968867,0.00017806710717613617,0.003939710038729059,0.1015625,0.002513328778587948,0.150390625,1.5B,16384
18,5,agent_16384,agent,16384,9.704060527839234,21.012613765719472,25.182324905146118,1.4850677069929312,28.475627085284035,8.643402771726235,0.8020320919442672,12.721574007774219,0.09236204088001973,-29.93041080236435,13.186006665229797,2.7853878071947383e-05,0.9999980537175498,0.0392156862745098,0.3676950995324755,4.411877045727576,0.9817813913642683,0.48490236778225243,0.6425357775025643,0.7613538838247693,0.08699851317182317,0.11257318923809723,0.15918029695726924,0.5063657003240782,0.0561366665965938,0.03862340771069326,0.024466410726752298,0.015317723286057188,0.01090720717321826,0.006130266001749632,0.024282854656735582,0.1015625,0.017737191268916038,0.150390625,1.5B,16384
18,6,agent_16384,agent,16384,9.704060527839234,15.618439397589475,26.566841856735273,0.9992686541261542,29.246541189625702,12.446000196896268,0.8537574158956445,16.879478418848613,0.02759003496055383,131.6692607300356,2.9019601633772254,0.2252161147606237,0.9453068674568138,0.0392156862745098,0.5748262575838625,7.5110913335902225,0.8145442583452325,0.17729301718491228,0.19396376816469288,0.21896131963218007,0.028582981135723884,0.036759554040534326,0.14863518235399387,0.02887428798637456,0.49682283012502737,0.3843796772241482,0.26307377341119714,0.1773348767917796,0.1310918769413629,0.08071982359514056,0.19529974423353477,0.1015625,0.15152494631848,0.150390625,1.5B,16384
18,7,agent_16384,agent,16384,9.704060527839234,23.076784318375346,26.566841856735273,0.9992686541261542,29.246541189625702,12.446000196896268,0.8537574158956445,16.879478418848613,0.02759003496055383,245.37703830190003,8.837646489962935,0.0014278928333536557,0.9998548569545945,0.0392156862745098,0.5597062954774283,4.60705591819453,0.9856621025198797,0.45099198059320583,0.609598519682989,0.7244753238572915,0.046030912408838276,0.00907908444539629,0.10364203214619072,0.4645462342796925,0.046946717073092455,0.027045500798279394,0.012521570856479286,0.006076084181766415,0.0033401480102707346,0.001219724130394395,0.022064399335429447,0.1015625,0.014227064618418061,0.150390625,1.5B,16384
18,8,agent_16384,agent,16384,9.704060527839234,35.366050734440854,26.566841856735273,0.9992686541261542,29.246541189625702,12.446000196896268,0.8537574158956445,16.879478418848613,0.02759003496055383,233.79855291731656,30.078364936169237,1.4632838738841979e-08,0.9999999999989133,0.0392156862745098,0.4273056256731271,1.0185695088222126,0.9997556500677381,0.9831678062211328,0.9907525103148027,0.9941553055677707,0.0781811817291036,0.16276874765213378,0.03308361859311531,0.9311254271970328,0.0009029549903479084,0.00037040603405697354,8.521648929243477e-05,1.9023106985416234e-05,6.1173963754963056e-06,9.255197693947134e-07,0.003843845605345081,0.1015625,0.0005858203171410395,0.150390625,1.5B,16384
18,9,agent_16384,agent,16384,9.704060527839234,23.8912999598561,26.566841856735273,0.9992686541261542,29.246541189625702,12.446000196896268,0.8537574158956445,16.879478418848613,0.02759003496055383,259.29761739075184,2.0732981748878956,0.35009497947331186,0.8882806848739122,0.0392156862745098,0.5826473686445649,6.348405182208241,0.9493654942251974,0.2066037509730225,0.28293757295594585,0.37453883050549325,0.0694894057480937,0.04311057834894427,0.06317857960713724,0.134926872745937,0.13501710856473562,0.10596306157717333,0.06389086977380598,0.03380928536163861,0.020359025226458674,0.009106500781048,0.05138907792819978,0.1015625,0.03961733677183179,0.150390625,1.5B,16384
18,10,agent_16384,agent,16384,9.704060527839234,21.730878337601478,26.566841856735273,0.9992686541261542,29.246541189625702,12.446000196896268,0.8537574158956445,16.879478418848613,0.02759003496055383,283.9513193955645,14.554987994022667,7.440789310621867e-06,0.9999995226041406,0.0392156862745098,0.6077496892896684,3.3543505715445283,0.9801780490487164,0.6889952681760037,0.7400258230157032,0.7854080485361634,0.19533359444777076,0.13298362249304319,0.0007569059724151552,0.608984481511306,0.0615206687868683,0.04573838297735621,0.027422275928005044,0.015156354423220776,0.009641145885778725,0.0045701927424835,0.030094679530233325,0.1015625,0.021482249546244832,0.150390625,1.5B,16384
18,11,agent_16384,agent,16384,9.704060527839234,26.25360185344257,26.566841856735273,0.9992686541261542,29.246541189625702,12.446000196896268,0.8537574158956445,16.879478418848613,0.02759003496055383,229.38298717141151,33.2560022380203,1.4630551521726585e-08,0.9999999999989964,0.0392156862745098,0.45063937530605264,2.882366195888342,0.9975698436372934,0.7939799434000628,0.8888595012221184,0.9403038055480758,0.32670315069352895,0.2509029708773518,0.049426980030941425,0.8505713659145113,0.009240391857592007,0.005441540648779895,0.0020439617943426064,0.0007807382387024491,0.000381659113765329,0.0001115003220714766,0.004335969725628644,0.1015625,0.0024678271533479343,0.150390625,1.5B,16384
19,0,agent_16384,agent,16384,9.704060527839234,28.089941447669904,24.932449674601607,1.4575070720324796,29.032882118952564,9.985688674917082,0.8475380005997875,15.35997623574634,0.0903101615600055,-24.70347902365029,1.062681409297511,0.8331124904707172,0.689463333853415,0.0196078431372549,0.6266524009687172,5.673433846257025,0.9860111780010204,0.1387995270983598,0.21604648573233054,0.3240249702835582,0.001028804572150932,0.06504645356546934,0.004356038257887986,0.0006923940905250534,0.1516032881205906,0.06066840243517834,0.005470020777872484,0.0006653460412179705,0.00018054581880549582,2.2406743422876104e-05,0.06755333813867023,0.1015625,0.04149505824313428,0.150390625,1.5B,16384
19,1,agent_16384,agent,16384,9.704060527839234,30.217277692177614,24.932449674601607,1.4575070720324796,29.032882118952564,9.985688674917082,0.8475380005997875,15.35997623574634,0.0903101615600055,-32.050861867610365,2.5589732013177127,0.4203720100930364,0.902899937762949,0.0,0.6801791398200001,5.173954206667407,0.991444397686174,0.16701950950641878,0.25407017385839414,0.39523695993084457,0.020863638316983568,0.0021513226619651604,0.007417111784421651,0.00042292169478445874,0.05502625526036807,0.015962730620645817,0.0022648155932731393,0.0004403803712299771,9.067833593352584e-05,1.4944232991304496e-05,0.06412900526585932,0.101806640625,0.03420761354342864,0.150634765625,1.5B,16384
19,2,agent_16384,agent,16384,9.704060527839234,20.18197155179703,24.932449674601607,1.4575070720324796,29.032882118952564,9.985688674917082,0.8475380005997875,15.35997623574634,0.0903101615600055,-52.661472264677286,7.030604625120759,0.00949207798947076,0.9988590904977367,0.0392156862745098,0.6588957199590181,4.098326030414495,0.9905878004727108,0.5060658866179729,0.5715742278704812,0.6488010276126552,0.03176641689744897,0.11701107326218829,0.3212819051361211,0.0034354489146715683,0.04629787838317916,0.026939564755907756,0.01332311130189721,0.006525358623299555,0.003908613868016311,0.0017965755114722121,0.3274193783114265,0.1015625,0.2574125123575384,0.150390625,1.5B,16384
19,3,agent_16384,agent,16384,9.704060527839234,32.75958592504246,24.932449674601607,1.4575070720324796,29.032882118952564,9.985688674917082,0.8475380005997875,15.35997623574634,0.0903101615600055,13.770063694566488,4.166802678257227,0.09121090829096928,0.98308958111517,0.0392156862745098,0.5985620002166642,1.6642843869644903,0.9995990134577015,0.93137475996354,0.9603733770334263,0.9808059858371875,0.3689926241397856,0.07387819923038208,1.8117210236150923e-05,0.00023227479400721008,0.000397489462952216,5.8875843890813574e-05,3.0347560735065375e-06,2.073757636140214e-07,3.222569591850433e-08,3.6668565979926755e-09,0.003419844712318952,0.1015625,0.0018914992818066477,0.150390625,1.5B,16384
19,4,agent_16384,agent,16384,9.704060527839234,21.654105932509175,24.932449674601607,1.4575070720324796,29.032882118952564,9.985688674917082,0.8475380005997875,15.35997623574634,0.0903101615600055,-3.2238997612148523,9.447863075882196,0.000842813957367553,0.9999198455739087,0.0392156862745098,0.6302094087103489,4.7689090217883185,0.9870841873807683,0.4490351437554773,0.5305096267364294,0.6057591432281032,0.09884659728484291,0.1406042363191471,0.019693230390002037,0.024033377091810505,0.10275895424399979,0.05237422868531534,0.015697670376222807,0.0053933293402229085,0.0023787493626748453,0.0006425468337954754,0.05117199506597439,0.1015625,0.03868688716975814,0.150390625,1.5B,16384
19,5,agent_16384,agent,16384,9.704060527839234,31.548415244669307,24.932449674601607,1.4575070720324796,29.032882118952564,9.985688674917082,0.8475380005997875,15.35997623574634,0.0903101615600055,-87.74876183550805,3.666038974071853,0.17887490780515303,0.9676700876573749,0.0,0.6251110687723327,5.166872788130417,0.9915364160221107,0.11834351222176903,0.1981655638422991,0.32520985131524943,0.01445306051162909,0.027849878852725496,0.002575530892021587,1.2583047612245163e-05,0.007884665794199752,0.0018415551045238455,0.0001812734910701842,3.9952826917162135e-06,2.3845453626802866e-07,2.5531983913584066e-08,0.05407312363123142,0.101806640625,0.02822320196544567,0.150634765625,1.5B,16384
19,6,agent_16384,agent,16384,9.704060527839234,22.259672132086365,22.808680740745956,1.6997191587983387,26.78004972890755,9.171897034863804,1.299000385880578,15.590515355473757,0.03899536318853699,-21.976644448935986,15.046733990311623,4.699370059998551e-06,0.999999708058281,0.0392156862745098,0.45917781039532785,1.7180942205084564,0.9926779254888084,0.8697705885630647,0.8964223700749343,0.9151420313135903,0.05666945132256562,0.08695387965925017,0.026114731501307845,0.8810952531602478,0.03635916512600977,0.025803091920281553,0.013725091950524586,0.0070410254137421415,0.004146993141491938,0.0016756205717627958,0.018431018784861683,0.1015625,0.013483984691612348,0.150390625,1.5B,16384
19,7,agent_16384,agent,16384,9.704060527839234,23.703082085245573,22.808680740745956,1.6997191587983387,26.78004972890755,9.171897034863804,1.299000385880578,15.590515355473757,0.03899536318853699,-41.22053502872586,17.122864799574018,6.796731720786375e-07,0.9999999633236931,0.0392156862745098,0.5073291540649806,2.7927490509234,0.993780595466632,0.7196377246632288,0.8182274841929252,0.8895433791324322,0.044366132966083605,0.002878081844263747,0.5184448953827648,0.34505020696932825,0.040762612784564355,0.02698571253732232,0.015146492514791093,0.008490298459136077,0.00534513876985084,0.002347218903565279,0.016854948557390698,0.1015625,0.011713886048213456,0.150390625,1.5B,16384
19,8,agent_16384,agent,16384,9.704060527839234,22.47181374674536,22.808680740745956,1.6997191587983387,26.78004972890755,9.171897034863804,1.299000385880578,15.590515355473757,0.03899536318853699,-51.38267445191741,6.976549480110407,0.0074397637990986495,0.9990673518651046,0.0392156862745098,0.4495216261131837,3.6501185793815427,0.9862457422635936,0.7006349715498338,0.78164082799063,0.8205298672133803,0.3040404952212823,0.18687122376320797,0.29987489924026856,0.4667375537401513,0.06647534083135065,0.04123480760942875,0.019160589870840294,0.009176561631405027,0.005481238300246008,0.0024062487208330215,0.05588828287244282,0.1015625,0.038528456046344736,0.150390625,1.5B,16384
19,9,agent_16384,agent,16384,9.704060527839234,26.50143603491568,22.808680740745956,1.6997191587983387,26.78004972890755,9.171897034863804,1.299000385880578,15.590515355473757,0.03899536318853699,-39.2563561052084,1.058863777667284,0.5704540236905287,0.7424733493132344,0.0392156862745098,0.44135623664663887,4.655730555242496,0.980504081289904,0.467395979162059,0.5775216159034599,0.6759326927857453,0.143011801283347,0.058219865291887274,0.21900220669448336,0.24684933534416076,0.08580284248443507,0.05674678776964195,0.030732606872260662,0.015243976449596455,0.00912258086794438,0.004127049445309689,0.03845957125960755,0.1015625,0.027045373464006043,0.150390625,1.5B,16384
19,10,agent_16384,agent,16384,9.704060527839234,24.445569903541532,22.808680740745956,1.6997191587983387,26.78004972890755,9.171897034863804,1.299000385880578,15.590515355473757,0.03899536318853699,-52.026958238333464,8.020056203007698,0.0029649021935784134,0.9996713065312195,0.0392156862745098,0.47715304232017863,3.8489504164936164,0.9904309401693713,0.6074539017081719,0.7149898500727045,0.8021795929842183,0.03246590706876007,0.05383034477646276,0.28081842297871407,0.35884451196043887,0.05601126204247287,0.03145585586920406,0.013210063076533066,0.005767805092781601,0.0030629589933952187,0.0011156344758900736,0.06159508278507071,0.1015625,0.047520196731964254,0.150390625,1.5B,16384
19,11,agent_16384,agent,16384,9.704060527839234,28.186696055888543,22.808680740745956,1.6997191587983387,26.78004972890755,9.171897034863804,1.299000385880578,15.590515355473757,0.03899536318853699,-25.098775953054428,34.46789567545056,1.4630481500358704e-08,0.9999999999989988,0.0392156862745098,0.4968402480881514,2.7111788147609497,0.9984886249859403,0.8128116277013209,0.9549194927037707,0.9755227412523986,0.07671147370632214,0.10537158884317721,0.06465481380995648,0.894873305330871,0.005780964375819839,0.00316424095533199,0.00121931910083046,0.0004470050044535106,0.00021383796380275557,5.986683974247833e-05,0.003667374587282955,0.1015625,0.0021607871273591856,0.150390625,1.5B,16384
20,0,agent_16384,agent,16384,9.704060527839234,20.44474544474895,24.398098710272734,1.5859383821318418,29.642764740699764,10.55050099321932,1.8882491402235508,15.745632424946471,0.13636074603227147,-37.05821057409048,26.218339517712593,1.4756926133396311e-08,0.9999999999942673,0.0392156862745098,0.5059720576700647,3.5002542791922524,0.9880448310002845,0.745526149949702,0.8313657014401524,0.8556381390961129,0.057774141295460324,0.013412813070107,0.0551764161570011,0.7700486443001873,0.03888114183167768,0.03016203054226802,0.018398845302315166,0.00986106974214965,0.005850473895105912,0.0024090728926442714,0.022718172124333743,0.1015625,0.01380233907077081,0.150390625,1.5B,16384
20,1,agent_16384,agent,16384,9.704060527839234,22.664020289763442,24.398098710272734,1.5859383821318418,29.642764740699764,10.55050099321932,1.8882491402235508,15.745632424946471,0.13636074603227147,-42.63763369584922,22.686935216537677,1.794879067513591e-08,0.9999999998586575,0.0392156862745098,0.4548535316331615,4.659009782471858,0.9733304250013387,0.5429109741100837,0.5947496226679265,0.6561658810169273,0.26509046409651527,0.1441934724750471,0.23024000794511593,0.008293395447603864,0.25135876703738047,0.18415612941376783,0.09616064605673187,0.040140622725901305,0.016842554404489972,0.003891000519282392,0.16953738408476338,0.1015625,0.12716960728893778,0.150390625,1.5B,16384
20,2,agent_16384,agent,16384,9.704060527839234,17.749390742766003,24.398098710272734,1.5859383821318418,29.642764740699764,10.55050099321932,1.8882491402235508,15.745632424946471,0.13636074603227147,-61.70252429693937,0.26858886890113354,0.6953638500262226,0.5658051695442479,0.0392156862745098,0.5908150704363028,4.565747102052322,0.9678889136924036,0.5211672796698796,0.5732495202219119,0.6292814066544161,0.12540350125164723,0.012813253076615183,0.37090167982018424,0.08579665066756761,0.17166022871755607,0.1255905753683079,0.07032341898645801,0.03586356878959761,0.020725730902685945,0.009421261137280692,0.1344259195489395,0.1015625,0.0828810314871541,0.150390625,1.5B,16384
20,3,agent_16384,agent,16384,9.704060527839234,23.038301737977157,24.398098710272734,1.5859383821318418,29.642764740699764,10.55050099321932,1.8882491402235508,15.745632424946471,0.13636074603227147,-29.126692093908787,13.255486469715834,2.4973460893815974e-05,0.9999982492218663,0.0392156862745098,0.5099602428861014,5.162976297413377,0.9821974839900345,0.39464455573987967,0.4931794875479334,0.578062259864265,0.2656039542984472,0.09808482020412868,0.018822958685784326,0.11416359835925441,0.07156955278523053,0.04931583060064678,0.02244621197563232,0.007202620669951236,0.0022524104510462804,0.0003454004714126262,0.06697289076986576,0.1015625,0.053798467474445985,0.150390625,1.5B,16384
20,4,agent_16384,agent,16384,9.704060527839234,17.611140521445204,24.398098710272734,1.5859383821318418,29.642764740699764,10.55050099321932,1.8882491402235508,15.745632424946471,0.13636074603227147,-60.94492766854819,19.24982015939895,1.5896179370479537e-07,0.9999999929348662,0.0196078431372549,0.5995336282797701,4.669750012171681,0.9593457765118432,0.4895908801891383,0.5212213685158852,0.5632440484202528,0.033729743541631496,0.021690201236555406,0.4300658363997808,0.008238433279871435,0.32845675820725606,0.2552941017141938,0.1336343800058745,0.06086391683784698,0.03235308121535367,0.012126511771072296,0.3280769203959578,0.1015625,0.2293168915291323,0.150390625,1.5B,16384
20,5,agent_16384,agent,16384,9.704060527839234,18.35645952491557,24.398098710272734,1.5859383821318418,29.642764740699764,10.55050099321932,1.8882491402235508,15.745632424946471,0.13636074603227147,-48.637584218755364,10.376988487318158,0.0003608051879830595,0.9999684464092001,0.0392156862745098,0.5942171802675305,4.897779748524096,0.9611975344240579,0.4626816046066265,0.5174836161205704,0.5941093141125319,0.23234052941564043,0.017010088737360096,0.3233672646234819,0.06809911042824304,0.16903956315894442,0.13507932645132326,0.08328113337687344,0.043117871871415754,0.025761910410908504,0.013129563419157551,0.09418820375692494,0.1015625,0.06987450879234708,0.150390625,1.5B,16384
20,6,agent_16384,agent,16384,9.704060527839234,21.495264619298528,22.688760667711023,2.0397076441510102,28.530531616191816,11.258665210042812,2.0599269736336616,24.779413507583506,0.0846300906832223,-0.3457253537781071,34.36557460392942,1.4630486649875701e-08,0.9999999999989988,0.0392156862745098,0.7263420750074464,3.8507956955879594,0.9750768468515886,0.6154492236155321,0.6665710939619123,0.7157915635327753,0.1490240406623473,0.032558124373301744,0.5490635314470278,0.02257835777794003,0.345588073991684,0.2507108636613271,0.13373489394701585,0.060279989702921755,0.02948488265303703,0.00896160409354335,0.22585705030687875,0.1015625,0.17404784114169128,0.150390625,1.5B,16384
20,7,agent_16384,agent,16384,9.704060527839234,21.021665161739104,22.688760667711023,2.0397076441510102,28.530531616191816,11.258665210042812,2.0599269736336616,24.779413507583506,0.0846300906832223,17.71267467737198,13.105306252837181,2.8711072765118465e-05,0.9999979655737274,0.0392156862745098,0.4546430951437939,2.7521883760689287,0.9776187613458776,0.7672361385115578,0.7887081763798135,0.8100432111434042,0.020422466180196164,0.022197227824141574,0.0048658542135697445,0.7905026812187024,0.09369554001968249,0.0715952619544119,0.04392394850198038,0.02456821462006206,0.015595628227710236,0.007190175649879102,0.04455194488137077,0.1015625,0.031605558920921546,0.150390625,1.5B,16384
20,8,agent_16384,agent,16384,9.704060527839234,24.32590568087495,22.688760667711023,2.0397076441510102,28.530531616191816,11.258665210042812,2.0599269736336616,24.779413507583506,0.0846300906832223,-5.199940472841263,1.7463947236537933,0.42010307439321654,0.8514974785091759,0.0392156862745098,0.5865786548545299,4.025448397468593,0.9875749452985223,0.5729590576347302,0.6639391721215999,0.7408489221399841,0.003212095618712274,0.01876048950286613,0.3207141283376862,0.24453331971898662,0.07713947092101915,0.04674571908059287,0.01891673815249971,0.008124166203079906,0.004579739509536754,0.0019557333163908817,0.022773201815261046,0.1015625,0.014780874237630571,0.150390625,1.5B,16384
20,9,agent_16384,agent,16384,9.704060527839234,21.96670615136029,22.688760667711023,2.0397076441510102,28.530531616191816,11.258665210042812,2.0599269736336616,24.779413507583506,0.0846300906832223,-0.9482322502881289,18.037991104647517,3.079319200381542e-07,0.9999999847202667,0.0196078431372549,0.6872340231959151,6.820314460302269,0.9295513077088813,0.19039463114999605,0.22962575388505335,0.2813625424416737,0.09529699056759533,0.04457706872325762,0.08046781143618414,0.003774879679998301,0.237860326083111,0.17633569689154222,0.1072615541751686,0.054095760203783046,0.02738414357452326,0.009674299105170509,0.24117976108391995,0.1015625,0.185321393944411,0.150390625,1.5B,16384
20,10,agent_16384,agent,16384,9.704060527839234,18.94166096409653,22.688760667711023,2.0397076441510102,28.530531616191816,11.258665210042812,2.0599269736336616,24.779413507583506,0.0846300906832223,-13.222713997849496,15.523200785479276,4.32767138496433e-06,0.9999997429849082,0.0392156862745098,0.6891628052662903,5.035218576043539,0.9483363387998676,0.4425159743295363,0.4850964878320582,0.542250890576548,0.018406361144965522,0.020601653506640324,0.39279986110910026,0.047941549787410845,0.39790691757377794,0.2911037390768954,0.15365135817241665,0.07515644053673506,0.041713844032639995,0.0195391745582662,0.21505784472363512,0.1015625,0.1475616087966844,0.150390625,1.5B,16384
20,11,agent_16384,agent,16384,9.704060527839234,19.178404628402085,22.688760667711023,2.0397076441510102,28.530531616191816,11.258665210042812,2.0599269736336616,24.779413507583506,0.0846300906832223,-10.404150575050153,8.444923606119119,0.0020865722631036553,0.9997808397733136,0.0392156862745098,0.7271489721644873,4.538436120202168,0.9613994141816468,0.4833478326249372,0.5392149172756436,0.620773119357829,0.0492377818183366,0.004972369283481881,0.42718789969319165,0.06481962165663492,0.27987777222555865,0.1995826583657868,0.10967545108378292,0.059109258472134725,0.037762927174930065,0.018947052976373033,0.14781421385780072,0.1015625,0.10966391540267997,0.150390625,1.5B,16384
21,0,agent_16384,agent,16384,9.704060527839234,19.9655409011825,22.516313729721155,2.1582656616397755,30.138600777324694,8.230507765423678,0.8218884872852613,15.75772398204444,0.03018713391211024,-66.58959332853556,1.7486842945218086,0.5639140798194829,0.8222114287638164,0.0392156862745098,0.6922276973265162,1.543075203425127,0.9861159238953887,0.8573380813884022,0.8697147575226614,0.8839637981695729,0.15177556408161097,0.008418980504020901,0.843788322381225,0.02683702463873778,0.0851013930082933,0.06452454146467955,0.040597716253536954,0.024204269271848267,0.015942273432268915,0.007784191593096427,0.04822984352836559,0.1015625,0.03727465989518486,0.150390625,1.5B,16384
21,1,agent_16384,agent,16384,9.704060527839234,20.697525159578852,22.516313729721155,2.1582656616397755,30.138600777324694,8.230507765423678,0.8218884872852613,15.75772398204444,0.03018713391211024,-45.552571684122086,8.728522215038538,0.0015942271205769496,0.9998367898713837,0.0392156862745098,0.565746837361963,3.6916500489546618,0.9577336066577856,0.6468291913545492,0.6883155858966603,0.723279670935424,0.09762187922008492,0.09584505238056273,0.5503498181165121,0.15122459188253795,0.17942559429367805,0.13394355598766036,0.08368076030890252,0.052345948894647464,0.03621960293399983,0.01946343173786696,0.09423317481133234,0.1015625,0.0691719090141015,0.150390625,1.5B,16384
21,2,agent_16384,agent,16384,9.704060527839234,20.873415270863553,22.516313729721155,2.1582656616397755,30.138600777324694,8.230507765423678,0.8218884872852613,15.75772398204444,0.03018713391211024,-25.985458475537598,7.710652058944106,0.003970774949555521,0.9995468663576408,0.0392156862745098,0.6099359489028554,5.687316161002736,0.9392530261818602,0.3707736638222325,0.4613671427396037,0.5444524633168355,0.20725502020989586,0.019574977350339196,0.18295718379146053,0.2057384080527635,0.11257376923467753,0.08647414154177333,0.05469218073612252,0.03743389610838768,0.027855685860598604,0.016522754686617906,0.051179167015761876,0.1015625,0.03815604394947795,0.150390625,1.5B,16384
21,3,agent_16384,agent,16384,9.704060527839234,26.87379231068168,22.516313729721155,2.1582656616397755,30.138600777324694,8.230507765423678,0.8218884872852613,15.75772398204444,0.03018713391211024,-45.00746210105717,13.575806187465787,1.8661519784113855e-05,0.9999987229556947,0.0392156862745098,0.41625772846661696,2.6220254302290673,0.9948747251248712,0.8220587315327113,0.8750152853335125,0.9163126310080499,0.17393035002930213,0.0022247635454961667,0.43869254131963764,0.44911849082250016,0.023147263570229726,0.015370556768103158,0.008050064567800589,0.004103960127081306,0.002370391373492191,0.0009555607014918726,0.009213872737406948,0.1015625,0.006935636006162141,0.150390625,1.5B,16384
21,4,agent_16384,agent,16384,9.704060527839234,21.829197353121632,22.516313729721155,2.1582656616397755,30.138600777324694,8.230507765423678,0.8218884872852613,15.75772398204444,0.03018713391211024,-51.322527412325144,0.09183447435498238,0.6927536838653896,0.5229078164770983,0.0392156862745098,0.5491154713186208,4.02759392469882,0.9629370328926182,0.5700526396206842,0.6175985952333537,0.6694746547877627,0.08187832435390163,0.16772045444313166,0.5127716500315085,0.06591290232292812,0.18267442686789112,0.13219494911515622,0.07271774825259199,0.04081214082582302,0.026965979147233626,0.013666946438978578,0.07786871832019351,0.1015625,0.05612096866490015,0.150390625,1.5B,16384
21,5,agent_16384,agent,16384,9.704060527839234,17.37040441958329,22.516313729721155,2.1582656616397755,30.138600777324694,8.230507765423678,0.8218884872852613,15.75772398204444,0.03018713391211024,-34.175469717913074,21.61537860755925,2.6599314070169678e-08,0.999999999477905,0.0392156862745098,0.7690497943580182,5.265632214430813,0.8867066960079573,0.4771809284923823,0.5264454548187515,0.5696283557654435,0.012168048046186097,0.021395389299577516,0.4227515325216267,0.007290215482814611,0.2962743831369548,0.24576658407933724,0.17676024167600218,0.12211347436176428,0.09186242552219942,0.059071370452831375,0.20542294889966958,0.1015625,0.16998627931971433,0.150390625,1.5B,16384
21,6,agent_16384,agent,16384,9.704060527839234,18.345694412884043,21.499354098566684,1.501729181476725,26.01574415574838,12.696316492814917,1.3486500046978507,20.71963398401168,0.07812941692238905,-46.15263721346855,0.27482176676858217,0.6838286326672642,0.5682747978976336,0.0392156862745098,0.6259228424919392,5.792656806446335,0.9344978796570924,0.34537379655634753,0.39500423492591435,0.4550407178134082,0.0069707094220654575,0.02133705279288245,0.26746253376568546,0.02236785140288195,0.34025960002978983,0.24756561999734983,0.1381665980476674,0.07178544209686397,0.04404286289099051,0.02277957259464763,0.18240098013227096,0.1015625,0.13734219159567465,0.150390625,1.5B,16384
21,7,agent_16384,agent,16384,9.704060527839234,21.560565383478835,21.499354098566684,1.501729181476725,26.01574415574838,12.696316492814917,1.3486500046978507,20.71963398401168,0.07812941692238905,-60.57125567831099,0.7980585874756798,0.6194694696399187,0.6895582502987383,0.0392156862745098,0.5654618018292202,3.133009315393888,0.9825299232729259,0.6944426060837269,0.7557736494861831,0.8102577188145318,0.060875706803952934,0.01544790526059181,0.5623566407894967,0.16267784202001512,0.21853581004044892,0.15415315238343388,0.08598921440062536,0.04630759251053121,0.029126098746447206,0.013818904876780138,0.12322978791608293,0.1015625,0.09744521219262306,0.150390625,1.5B,16384
21,8,agent_16384,agent,16384,9.704060527839234,20.474897112430668,21.499354098566684,1.501729181476725,26.01574415574838,12.696316492814917,1.3486500046978507,20.71963398401168,0.07812941692238905,-50.09788930416107,6.167088894173503,0.015051355948839527,0.9979034597982991,0.0392156862745098,0.6126998012867284,3.9313560604215696,0.974524875624224,0.573294532645384,0.6284427174889529,0.6938290975496247,0.05518965439792378,0.015957724076892,0.48038113312486674,0.10049688267240511,0.2675623211567927,0.1897316386990991,0.10050956514309857,0.04781374679692829,0.027369215154222578,0.01227861020191335,0.16197568863983255,0.1015625,0.11273705914625512,0.150390625,1.5B,16384
21,9,agent_16384,agent,16384,9.704060527839234,20.59639556285097,21.499354098566684,1.501729181476725,26.01574415574838,12.696316492814917,1.3486500046978507,20.71963398401168,0.07812941692238905,-56.669412449002266,6.250800626352429,0.01414802449155289,0.9980593492675839,0.0392156862745098,0.6768414445094951,2.9091990436842243,0.9825799644999518,0.7020666103758186,0.7387092364523047,0.7819177780037389,0.07966104187401601,0.08913826652387291,0.6425246410285547,0.04876839086116549,0.3377396198848448,0.24022057229541524,0.12459080146417867,0.05561418867204674,0.028961200117466116,0.011572286514164701,0.19338010929359262,0.1015625,0.14707474136347334,0.150390625,1.5B,16384
21,10,agent_16384,agent,16384,9.704060527839234,22.512055415201544,21.499354098566684,1.501729181476725,26.01574415574838,12.696316492814917,1.3486500046978507,20.71963398401168,0.07812941692238905,-45.704228945076466,14.443438508082181,1.7780895974954022e-05,0.9999988654602168,0.0392156862745098,0.5503371195346861,4.232153378291615,0.9761276660299858,0.5867475540163092,0.6964861900466331,0.7530797351770596,0.1372928532620552,0.17697777791088232,0.2491565489738533,0.4153406345004188,0.08153383154918882,0.057385420530600854,0.033759483327784126,0.020634482816024584,0.014258434246648952,0.007650690827900845,0.07613420347853096,0.1015625,0.056321672964708684,0.150390625,1.5B,16384
21,11,agent_16384,agent,16384,9.704060527839234,20.412502747492887,21.499354098566684,1.501729181476725,26.01574415574838,12.696316492814917,1.3486500046978507,20.71963398401168,0.07812941692238905,-64.97421891562408,3.150104536267463,0.1714139253194027,0.9589108629492793,0.0392156862745098,0.6882796813906772,4.2079436931375716,0.9577299521829566,0.5617617816390675,0.5981273164996604,0.6346509682601915,0.10096513583136302,0.16554704156418953,0.5134639193034551,0.021435432468588506,0.5336370558687085,0.4038373119165932,0.22520128352604013,0.09647995654800917,0.04958805370592192,0.019276904078507198,0.38852447235775145,0.1015625,0.29371002449744693,0.150390625,1.5B,16384
22,0,agent_16384,agent,16384,9.704060527839234,25.658124606638204,23.75709430158232,1.265713717550805,27.266158621739002,15.151841165699377,1.4401753552427399,18.86046627683136,0.08101192160931227,-70.74430998670869,32.439238594146445,1.4630677802438365e-08,0.9999999999989917,0.0392156862745098,0.36164521106347386,1.6143448035940389,0.9981044928678212,0.9643157898482444,0.9764514031020712,0.9801553499503667,0.1285961039529231,0.36863513457071484,0.4662093344124785,0.5116377627354971,0.011911191086638313,0.008639509016698299,0.004657041152343641,0.0023938028202934486,0.0014011210934836856,0.0005692553692126274,0.005991038219383305,0.1015625,0.004153136379154637,0.150390625,1.5B,16384
22,1,agent_16384,agent,16384,9.704060527839234,22.102811382306456,23.75709430158232,1.265713717550805,27.266158621739002,15.151841165699377,1.4401753552427399,18.86046627683136,0.08101192160931227,-82.49377625109628,9.989746938925236,0.0005787074080594001,0.9999484320943672,0.0392156862745098,0.3788796639763741,1.8201035320874668,0.9892962957938853,0.8812176132686386,0.8974059697974575,0.9114534106200114,0.24100339265856974,0.08107169689367577,0.6792616675122497,0.213272988343375,0.0990596507903899,0.07590155590022554,0.0473464658047823,0.028115654564786603,0.018691974810309306,0.009347278246714205,0.05957281317823347,0.1015625,0.045984272373234415,0.150390625,1.5B,16384
22,2,agent_16384,agent,16384,9.704060527839234,36.95295975710677,23.75709430158232,1.265713717550805,27.266158621739002,15.151841165699377,1.4401753552427399,18.86046627683136,0.08101192160931227,-144.38440295960754,28.31728573841974,1.4645534627655746e-08,0.9999999999984501,0.0392156862745098,0.3655875783773373,1.178007115736802,0.9996734562624793,0.9773351295880534,0.9860477297023847,0.9914715197299315,0.1954747653168578,0.05971032536920173,0.392421081272119,0.5803105932960516,0.0020004858362088875,0.0008971381198622103,0.00020433837075571658,3.664786789020102e-05,1.0269128938641888e-05,1.1462325965173438e-06,0.004407516785617843,0.1015625,0.0026826863826562284,0.150390625,1.5B,16384
22,3,agent_16384,agent,16384,9.704060527839234,25.065418826155216,23.75709430158232,1.265713717550805,27.266158621739002,15.151841165699377,1.4401753552427399,18.86046627683136,0.08101192160931227,-50.82933120569214,30.56379918428138,1.4632627679517828e-08,0.9999999999989211,0.0392156862745098,0.38274636354429115,2.186451834273449,0.9947860439713051,0.9106609526925646,0.9303858414526495,0.9421735389256419,0.1109522016880331,0.030033633514620295,0.1529242386051791,0.7844281168040071,0.028337650354775045,0.02010817584303821,0.011094900359192823,0.005556997157037009,0.003193033533634173,0.0012877419569185592,0.015778812321551424,0.1015625,0.009714044990664897,0.150390625,1.5B,16384
22,4,agent_16384,agent,16384,9.704060527839234,25.468385857629304,23.75709430158232,1.265713717550805,27.266158621739002,15.151841165699377,1.4401753552427399,18.86046627683136,0.08101192160931227,-78.85203652264317,9.429135939164553,0.001303989448783813,0.9998799047429985,0.0196078431372549,0.38463950919652834,4.6041811916786255,0.9800719858442356,0.48078371826041993,0.553116156842806,0.6232260477020738,0.10665108287027092,0.059534952332548574,0.3108023715895618,0.0023884690178650825,0.15976288557892954,0.09710341162707796,0.04229649411556171,0.017270131192194036,0.009618615523969788,0.004122992862237922,0.20451108859601747,0.1015625,0.1350244982847568,0.150390625,1.5B,16384
22,5,agent_16384,agent,16384,9.704060527839234,21.96767126883349,23.75709430158232,1.265713717550805,27.266158621739002,15.151841165699377,1.4401753552427399,18.86046627683136,0.08101192160931227,-68.84846378094517,4.853457912104204,0.04535007625098748,0.9922584870815924,0.0392156862745098,0.28953807735779546,5.262872151100735,0.9571244647284798,0.43161572616864047,0.48271499625869285,0.5482523248001425,0.07362244161690557,0.04947873535127334,0.21641631778721693,0.17710534281782878,0.1910965078074378,0.15991167550550014,0.09003526553560345,0.048112732549505766,0.02965537962923267,0.01352083942218804,0.0999731720108624,0.1015625,0.06506939960825932,0.150390625,1.5B,16384
22,6,agent_16384,agent,16384,9.704060527839234,14.51716054384847,25.075036359795625,1.64915941882484,30.167652425326384,11.11449413165461,2.6701666291340804,22.567801654767198,0.18763387366220585,-72.4282086675521,9.766340312780812,0.0006220060019049311,0.9999423831273642,0.0392156862745098,0.47449482252846287,2.095794911650371,0.9647274003456227,0.8153971594503449,0.8294018821289645,0.8464581935860114,0.3121229410424782,0.08452475658203618,0.7941401063343058,0.012562512233240345,0.48556157725390736,0.41359025015651696,0.30162810011827657,0.21445432957961844,0.16037071114596427,0.10044528286854436,0.3133880868358315,0.1015625,0.2586113788376483,0.150390625,1.5B,16384
22,7,agent_16384,agent,16384,9.704060527839234,25.733983002707223,25.075036359795625,1.64915941882484,30.167652425326384,11.11449413165461,2.6701666291340804,22.567801654767198,0.18763387366220585,-16.84997044876218,30.08659198321402,1.4632829591289708e-08,0.9999999999989138,0.0392156862745098,0.46041862918129867,1.9791745294773704,0.998682893851823,0.869588138277729,0.9175642141676212,0.9539861644453314,0.11104811474435383,0.05621365422934449,0.00836530705676399,0.014115509852517735,0.00830771226511613,0.004906733857956741,0.0015470316500335714,0.0003482871573642884,9.741647442887233e-05,1.6273375936842642e-05,0.002909221590158301,0.1015625,0.0016904524766182358,0.150390625,1.5B,16384
22,8,agent_16384,agent,16384,9.704060527839234,18.29557779732108,25.075036359795625,1.64915941882484,30.167652425326384,11.11449413165461,2.6701666291340804,22.567801654767198,0.18763387366220585,-70.0299645010382,3.553085454448592,0.12849444959102557,0.9720269550858947,0.0392156862745098,0.4463579582705613,4.192591171408864,0.9631917447093775,0.5475399272902371,0.5882660960395397,0.6413468263111599,0.021542181504584867,0.025770226906652205,0.49014411344984515,0.07118948787132462,0.24534158243827786,0.18922007208710756,0.10992849614672255,0.057578901264393335,0.035366076102142305,0.017281741438265406,0.21258382278723367,0.1015625,0.13290742654955603,0.150390625,1.5B,16384
22,9,agent_16384,agent,16384,9.704060527839234,24.772956264829812,25.075036359795625,1.64915941882484,30.167652425326384,11.11449413165461,2.6701666291340804,22.567801654767198,0.18763387366220585,-16.947295834310353,1.7916418621316552,0.41014316492978076,0.8571284059875529,0.0392156862745098,0.4359790649599827,4.500672032885479,0.9936972045914615,0.40016327541485286,0.5111263514514104,0.6563972537183569,0.32870403017973576,0.011968019103153371,0.05480354502004995,0.29979245658145875,0.03505971651484012,0.011738402244970837,0.0036392097730459203,0.0012796226102871305,0.0006768254170390525,0.00025167756130145915,0.0037701191383183283,0.1015625,0.0019886104831577794,0.150390625,1.5B,16384
22,10,agent_16384,agent,16384,9.704060527839234,20.677217232937625,25.075036359795625,1.64915941882484,30.167652425326384,11.11449413165461,2.6701666291340804,22.567801654767198,0.18763387366220585,-78.23801595135592,4.4739525152835995,0.06177540055220407,0.9887263783871628,0.0392156862745098,0.5309008470319062,3.4349491142850717,0.9799694186519948,0.6412335636151458,0.6775050701976447,0.7177616924663722,0.04992505994029184,0.0392264090838772,0.5812417962813855,0.015846838449767423,0.2511638869901919,0.16971367788150712,0.07782164359933251,0.031202735749869655,0.016636872663162577,0.006475012032828622,0.27428308860112227,0.1015625,0.20336245759966023,0.150390625,1.5B,16384
22,11,agent_16384,agent,16384,9.704060527839234,19.83293442982804,25.075036359795625,1.64915941882484,30.167652425326384,11.11449413165461,2.6701666291340804,22.567801654767198,0.18763387366220585,-74.1072158627212,9.362164951860905,0.0008902704959650664,0.9999140898299594,0.0392156862745098,0.39539269052716475,2.464223314588411,0.9814812673182493,0.7838730926393279,0.8072953996486444,0.8291100941947175,0.5246802165533282,0.3134915097997215,0.7505347699045393,0.01257562357137888,0.3377354280440402,0.2543929862934777,0.14735704911628525,0.07386538035275927,0.04100411262510973,0.015308450289424805,0.2670479457250174,0.1015625,0.21092924449859662,0.150390625,1.5B,16384
23,0,agent_16384,agent,16384,9.704060527839234,31.27615467382508,24.97313566864608,2.161426080401042,33.79519486891631,15.285076644386196,2.6314219340526126,28.397346627011146,0.09076131870191602,-72.02235496649519,11.974870783742517,8.176317307273751e-05,0.9999936994707841,0.0392156862745098,0.6460553454836034,2.7029945774491386,0.9974136181300234,0.7703079112195779,0.8183942970494306,0.864256462934214,0.05031440199012316,0.00952687363740249,0.46862586182641724,0.0032457683978094377,0.022169774508772992,0.0048685237130379035,0.0010445399340218145,0.00026840288230994597,0.00010209785098627787,1.4853850363974238e-05,0.06811504377458094,0.1015625,0.04284134657913227,0.150390625,1.5B,16384
23,1,agent_16384,agent,16384,9.704060527839234,28.724776927573192,24.97313566864608,2.161426080401042,33.79519486891631,15.285076644386196,2.6314219340526126,28.397346627011146,0.09076131870191602,-44.73148899525404,2.911333641037345,0.20318843189345298,0.94840386392763,0.0392156862745098,0.6844247489904208,2.3801989938491315,0.9982076956599315,0.7907593168210401,0.8358778539272471,0.8873580664194144,0.15854659754050004,0.002150205770480529,0.008708537022733946,0.0005169046388606511,0.011783376194619158,0.003011833303331292,0.00034048630859430005,9.10286613903042e-05,3.0812593303166974e-05,4.1003354095895124e-06,0.015405923394502793,0.1015625,0.007915665276055287,0.150390625,1.5B,16384
23,2,agent_16384,agent,16384,9.704060527839234,26.34799941103147,24.97313566864608,2.161426080401042,33.79519486891631,15.285076644386196,2.6314219340526126,28.397346627011146,0.09076131870191602,-37.70940851047635,21.248775291256607,2.787463036155238e-08,0.9999999994041351,0.0392156862745098,0.7064702750087279,2.2840394404226507,0.9985841813883404,0.8058869835700437,0.859043097835815,0.9075682868214062,0.019172685681303037,0.05686278945339662,0.0006606847776817091,0.011497033447949041,0.007661703389336114,0.0006621496562542675,6.388129476809616e-05,2.251839179968066e-05,8.909214429237023e-06,1.5544617705457648e-06,0.01101898956838982,0.1015625,0.009062034662500365,0.150390625,1.5B,16384
23,3,agent_16384,agent,16384,9.704060527839234,19.65637232464934,24.97313566864608,2.161426080401042,33.79519486891631,15.285076644386196,2.6314219340526126,28.397346627011146,0.09076131870191602,-44.425792790949345,6.148309174343012,0.015247355284548427,0.9978674060617957,0.0392156862745098,0.6413107274350659,3.69521264011905,0.9805986973308792,0.6508134053223101,0.6986583313369655,0.7418935499735106,0.04927801098524032,0.1418373372027424,0.41126321696427853,0.01432741725407958,0.07201878357849888,0.05905884869732717,0.03324460124839266,0.017042250469420192,0.010457474637669766,0.00489656444391366,0.06467759603976439,0.1015625,0.04125147184990194,0.150390625,1.5B,16384
23,4,agent_16384,agent,16384,9.704060527839234,26.60485030819126,24.97313566864608,2.161426080401042,33.79519486891631,15.285076644386196,2.6314219340526126,28.397346627011146,0.09076131870191602,-71.17224853299558,8.3464250061661,0.002216892111494425,0.9997628131222558,0.0392156862745098,0.4798675237864585,0.95004564749405,0.9967833050123527,0.9284796735198362,0.9376239421321916,0.9467779884754566,0.03740258850826539,0.014946494740569527,0.8883685587501593,0.001082608545942825,0.02353438927913696,0.015452859752168072,0.007071467374563849,0.002641664699263216,0.0011988972019603607,0.00043015850063901086,0.02898000301788606,0.1015625,0.021293788370885962,0.150390625,1.5B,16384
23,5,agent_16384,agent,16384,9.704060527839234,18.703911518985127,24.97313566864608,2.161426080401042,33.79519486891631,15.285076644386196,2.6314219340526126,28.397346627011146,0.09076131870191602,-53.5889720779378,16.0557374979835,2.5476650403224443e-06,0.9999998551463009,0.0392156862745098,0.6421706503997833,1.1469258731122898,0.9925120734759241,0.9103741138930492,0.9229012078986092,0.9366765869948627,0.005958436951242874,0.008053904502219655,0.8738331883107898,0.008623427309294447,0.03205831765270303,0.02388707199902299,0.014035101217925462,0.008234584105165739,0.005541302190223647,0.002912359898154129,0.02149712736459253,0.1015625,0.016906867412657716,0.150390625,1.5B,16384
23,6,agent_16384,agent,16384,9.704060527839234,26.44556367605543,22.143179605242054,1.589146770904195,26.574965956989995,12.719495244457638,2.005746150729444,19.459568494886625,0.07802279421375766,-20.492148749530315,19.67793656885624,7.343782560002595e-08,0.9999999971546161,0.0392156862745098,0.3535885487280984,2.9345586668606045,0.9961978471398785,0.7617917459379534,0.8606627566689584,0.9162347909146671,0.04883496331369375,0.08682217075765358,0.2632168654375393,0.48156533929143136,0.01932618048766961,0.012620761418138735,0.006741030689483439,0.003508294766102988,0.0020750738388643883,0.000849459161476188,0.014191953704119064,0.1015625,0.007810815910231156,0.150390625,1.5B,16384
23,7,agent_16384,agent,16384,9.704060527839234,19.65268946726278,22.143179605242054,1.589146770904195,26.574965956989995,12.719495244457638,2.005746150729444,19.459568494886625,0.07802279421375766,-28.512191217392683,15.408217934891582,3.3541638419056934e-06,0.9999997965209712,0.0392156862745098,0.43941187170351276,4.441367079806403,0.9281924956288354,0.5866787921626049,0.6297500983278848,0.6586223781329873,0.009861435320881906,0.014934398595046972,0.46068056080238823,0.1900321172695121,0.3365530212533605,0.27417055831562714,0.19068585894426784,0.12880413961491485,0.0949648805014788,0.05790398994355524,0.1951186049199029,0.1015625,0.1524265594943301,0.150390625,1.5B,16384
23,8,agent_16384,agent,16384,9.704060527839234,26.89347984569232,22.143179605242054,1.589146770904195,26.574965956989995,12.719495244457638,2.005746150729444,19.459568494886625,0.07802279421375766,-39.58013172866049,3.308882020886813,0.15260165563005218,0.964732252784903,0.0196078431372549,0.48697107907263487,4.451455485094193,0.9904686608631801,0.48519629755522486,0.5582125789938411,0.63579640921518,0.1407327525969686,0.03758571656504506,0.05463616600915814,0.00305152997124123,0.09233146786855585,0.055063826042715855,0.013219833290521059,0.0016168487318847912,0.0004964309804873263,8.778883932983871e-05,0.045752560959148154,0.1015625,0.03355687584023078,0.150390625,1.5B,16384
23,9,agent_16384,agent,16384,9.704060527839234,24.648009739956052,22.143179605242054,1.589146770904195,26.574965956989995,12.719495244457638,2.005746150729444,19.459568494886625,0.07802279421375766,-26.949470084160566,33.817733936943114,1.4630512631598427e-08,0.9999999999989977,0.0392156862745098,0.38526100724041445,1.8931717941634423,0.9974454253793337,0.9137098886262532,0.9542924616468301,0.9673529458120911,0.09413649289891612,0.08244808652549596,0.4672906585191774,0.4935338546471839,0.016587907928773016,0.011928147803786416,0.0066089193826211045,0.0033009068284044632,0.0019197020308577475,0.0007703113416448144,0.006262960397204474,0.1015625,0.004291042849435361,0.150390625,1.5B,16384
23,10,agent_16384,agent,16384,9.704060527839234,27.43786809409322,22.143179605242054,1.589146770904195,26.574965956989995,12.719495244457638,2.005746150729444,19.459568494886625,0.07802279421375766,-21.054572012275457,26.502468472346663,1.4713232374491853e-08,0.9999999999959073,0.0392156862745098,0.3920284602796908,1.860220211804999,0.998794327684705,0.8866980408431244,0.9484921017625497,0.9695022897332986,0.04571643369867573,0.2355956569666824,0.6177004992598774,0.32738096611281714,0.013021391880774252,0.007715210421427136,0.0033020201047374315,0.001350302252941932,0.0006791946429168987,0.00021735997464284164,0.00451534474088961,0.1015625,0.0025302796600138837,0.150390625,1.5B,16384
23,11,agent_16384,agent,16384,9.704060527839234,21.634279130433693,22.143179605242054,1.589146770904195,26.574965956989995,12.719495244457638,2.005746150729444,19.459568494886625,0.07802279421375766,-41.716825410723686,13.61682746745646,1.7844147897843173e-05,0.9999987802045842,0.0392156862745098,0.37951628708211393,2.0615394716413022,0.9844232705734887,0.8432484299436815,0.8640856920478657,0.8811418005652296,0.07251365286299327,0.0725257911553645,0.7261998289896874,0.14385924365630534,0.20893004369879137,0.158104433089099,0.10096225106495695,0.0637398595358189,0.04502366528504485,0.025143905657759397,0.12208790935248237,0.1015625,0.08961810397035355,0.150390625,1.5B,16384
24,0,agent_16384,agent,16384,9.704060527839234,23.31829188808622,23.38601542609498,1.9479077279840085,28.641987009123497,10.588932525539892,1.3013746196690963,20.170719759280612,0.02942840437730097,115.69798406213522,31.747599240392447,1.4631001568190734e-08,0.9999999999989799,0.0392156862745098,0.6228408255661886,2.388801675752319,0.9948395932410914,0.8212227412530069,0.8682324833237297,0.9011130420961683,0.10461029031852576,0.005283613223022954,0.5780286242839241,0.2882748273826335,0.028340993123860424,0.017589398451308493,0.008049628177215057,0.0035446983874395308,0.001869162197468472,0.0006271320290690396,0.02334488822696711,0.1015625,0.013811008509407682,0.150390625,1.5B,16384
24,1,agent_16384,agent,16384,9.704060527839234,21.101250045592874,23.38601542609498,1.9479077279840085,28.641987009123497,10.588932525539892,1.3013746196690963,20.170719759280612,0.02942840437730097,110.93075601942837,25.877577671781182,1.4784837269920172e-08,0.9999999999931524,0.0392156862745098,0.6524274734336135,2.5599777185147445,0.9932978470920714,0.8211677253397166,0.8561046996431142,0.8819043726775724,0.3370434163603431,0.08954869253467024,0.48827255901845784,0.38467645792425714,0.029241573205413554,0.018301615450956744,0.00885422170098285,0.004190387149683594,0.002244768056849012,0.00081357293733944,0.015311902879108398,0.1015625,0.01041958153054195,0.150390625,1.5B,16384
24,2,agent_16384,agent,16384,9.704060527839234,19.973201583857293,23.38601542609498,1.9479077279840085,28.641987009123497,10.588932525539892,1.3013746196690963,20.170719759280612,0.02942840437730097,103.81355114281178,20.66214857250452,3.871824414746555e-08,0.9999999988928185,0.0392156862745098,0.5589582847036438,4.259654394745585,0.9876731060803519,0.5574934497222567,0.6920133522715151,0.7629577809781676,0.39061716058636087,0.1317888963150171,0.09275276862053813,0.5972387479229759,0.02545510968316198,0.016287513563038855,0.009010342148700126,0.004692758344752297,0.0027678696131903345,0.0010572623420993235,0.02420207168049262,0.1015625,0.014499722113942152,0.150390625,1.5B,16384
24,3,agent_16384,agent,16384,9.704060527839234,22.647721815167323,23.38601542609498,1.9479077279840085,28.641987009123497,10.588932525539892,1.3013746196690963,20.170719759280612,0.02942840437730097,98.87241729348898,20.380687652155757,4.473932817374529e-08,0.9999999985903953,0.0392156862745098,0.5791522485093789,2.157757777290651,0.995957501966334,0.8804486373196059,0.9094986292043643,0.925018822392407,0.31231276254563767,0.03517527507843354,0.38140138354589465,0.5316394310812441,0.017027622545100835,0.010589788516991645,0.005001551672275311,0.0022238135373519544,0.001174335375526343,0.00039789125508635573,0.010718201405321674,0.1015625,0.0068444326264050104,0.150390625,1.5B,16384
24,4,agent_16384,agent,16384,9.704060527839234,22.15319347046796,23.38601542609498,1.9479077279840085,28.641987009123497,10.588932525539892,1.3013746196690963,20.170719759280612,0.02942840437730097,112.09079799614847,25.12314018048346,1.498013081536917e-08,0.9999999999855307,0.0392156862745098,0.6216237324963231,2.899663231185176,0.9875788167557116,0.7870703492785109,0.8101923110613988,0.8316978347279956,0.011674929918608967,0.016914331097543922,0.3380944539468541,0.4838806714949344,0.050660858385845886,0.034356829963537144,0.017412104005452157,0.00809522453407015,0.004405926161882827,0.001587219538960261,0.02533381979852511,0.1015625,0.016251938590968008,0.150390625,1.5B,16384
24,5,agent_16384,agent,16384,9.704060527839234,20.845829049302562,23.38601542609498,1.9479077279840085,28.641987009123497,10.588932525539892,1.3013746196690963,20.170719759280612,0.02942840437730097,95.32540959864855,4.99029435198463,0.04150343065052527,0.9931448331240836,0.0392156862745098,0.5979643576280665,4.1384882821025,0.984462449225763,0.5821991234148826,0.661783604043378,0.7374836457651737,0.0029580344158883776,0.10669407265575259,0.2924416152064274,0.056058149340222935,0.060051631723817486,0.04214252571086738,0.02149966281314074,0.009887052660207769,0.005632853753525977,0.0022386442927737706,0.031295627229509994,0.1015625,0.022577877638350573,0.150390625,1.5B,16384
24,6,agent_16384,agent,16384,9.704060527839234,25.099254448616215,21.81696674822592,1.6314493468802305,26.265698252978,21.219143433851915,5.3292339126174015,56.99559331715666,0.19300525486097905,-58.68960004299879,16.35188337163345,1.3924947379427338e-06,0.9999999206614497,0.0392156862745098,0.4090771828325049,4.57981197152769,0.9925189259967028,0.38652973150313236,0.49802649539907784,0.6202812901422866,0.05131209165136086,0.04524628560353666,0.026931049338259336,0.0009946716997808209,0.036492249701146666,0.02182223765861785,0.008443748378551559,0.002959307326559883,0.0013935621976297408,0.0004628785620321352,0.04321511407238352,0.1015625,0.035814716457292846,0.150390625,1.5B,16384
24,7,agent_16384,agent,16384,9.704060527839234,25.761302718475505,21.81696674822592,1.6314493468802305,26.265698252978,21.219143433851915,5.3292339126174015,56.99559331715666,0.19300525486097905,-58.282626278698444,31.336637628090102,1.4631241905295483e-08,0.9999999999989713,0.0392156862745098,0.40800829275143236,1.6908240131825383,0.9955057713607866,0.9183815131073252,0.946060796266965,0.9575005787759794,0.059208946459316625,0.15004130555908546,0.670648970440215,0.28266916287239763,0.042986514471082184,0.031634807454724585,0.01815207086953414,0.010046539543175765,0.006305031160325583,0.002959138874951429,0.02449770920697097,0.1015625,0.01933810798804104,0.150390625,1.5B,16384
24,8,agent_16384,agent,16384,9.704060527839234,21.314997693081168,21.81696674822592,1.6314493468802305,26.265698252978,21.219143433851915,5.3292339126174015,56.99559331715666,0.19300525486097905,-47.048459615558386,22.739317307597958,2.119522662126268e-08,0.9999999997252851,0.0196078431372549,0.4083302553929545,4.849895632452995,0.9548656536971807,0.5590031964941891,0.6289725142935538,0.6625170512737121,0.20072377597725377,0.10180145574636512,0.18068416785800137,0.43575671888768724,0.1657629756103503,0.12744823543556053,0.08288435850450289,0.05161216035585471,0.03503480233715949,0.018704134039337118,0.1325869826013555,0.1015625,0.08873046174270081,0.150390625,1.5B,16384
24,9,agent_16384,agent,16384,9.704060527839234,23.374623049537252,21.81696674822592,1.6314493468802305,26.265698252978,21.219143433851915,5.3292339126174015,56.99559331715666,0.19300525486097905,-71.07046006247401,8.38459695225174,0.0021428008369300507,0.9997716840141975,0.0392156862745098,0.4625329453276026,4.806055016003681,0.9782312956277848,0.45379705311699675,0.5096180772872625,0.5754652007051615,0.07891023791464313,0.03756527534351717,0.31363239831378126,0.005441909259340849,0.10503945894649797,0.06207020593388609,0.042031396682812416,0.0159281804139112,0.008468258159939214,0.003529942765181328,0.15263749304441204,0.1015625,0.10799078905208612,0.150390625,1.5B,16384
24,10,agent_16384,agent,16384,9.704060527839234,21.72027557284289,21.81696674822592,1.6314493468802305,26.265698252978,21.219143433851915,5.3292339126174015,56.99559331715666,0.19300525486097905,-65.59662801027298,16.668300070836267,1.047496857503138e-06,0.999999941698314,0.0392156862745098,0.4145978624790647,3.5215284139528866,0.9863900906039729,0.6450892146549692,0.7003053086205281,0.7521614183618629,0.0657120155237294,0.0015173708400890717,0.4629800012492053,0.009073091282048584,0.09844266665399598,0.08261467449394953,0.037551128506461,0.0148000094884033,0.007624171905753803,0.0030420224484828556,0.1470668141413992,0.1015625,0.10841515540843567,0.150390625,1.5B,16384
24,11,agent_16384,agent,16384,9.704060527839234,23.299274674062495,21.81696674822592,1.6314493468802305,26.265698252978,21.219143433851915,5.3292339126174015,56.99559331715666,0.19300525486097905,-69.01756403129548,11.412268256288371,0.00013750025505895216,0.9999889301465766,0.0392156862745098,0.5113503459755426,3.915124131502566,0.9804384267373525,0.6013331809393794,0.6448249156656397,0.694001158219491,0.38464730183917073,0.012165982850609325,0.45312805184897587,0.002828982699645933,0.14598711971639297,0.11449313211454436,0.056958198559162225,0.021279744234627168,0.010538265853717109,0.0038683460783397556,0.17347617527182346,0.1015625,0.12531387914216005,0.150390625,1.5B,16384
25,0,agent_16384,agent,16384,9.704060527839234,19.703849113644388,23.73547854251236,1.6434112154746048,27.63128658327633,21.441141837809212,5.194043659560429,52.99874743295043,0.1791455309275522,-77.05639520287514,19.105969093739986,1.163234761267442e-07,0.9999999949448193,0.0392156862745098,0.13033139818896775,1.057028769959196,0.993734208615371,0.9215177829170415,0.9392341795427839,0.9503263144556885,0.10916560599928005,0.06297502025485624,0.8724454729755472,0.07492212761105364,0.14113268140025298,0.1098895816520757,0.07238826174653662,0.04587838042675271,0.03186632543860787,0.016757896582157723,0.07923794578993032,0.1015625,0.059953796930263675,0.150390625,1.5B,16384
25,1,agent_16384,agent,16384,9.704060527839234,20.708082765723763,23.73547854251236,1.6434112154746048,27.63128658327633,21.441141837809212,5.194043659560429,52.99874743295043,0.1791455309275522,-71.2494332715869,26.049927637912333,1.4851968456072118e-08,0.9999999999907188,0.0392156862745098,0.14403439176816152,2.4084915627699672,0.9849047110903658,0.8230267518185187,0.8553251808471847,0.8737139471346771,0.2885549001414094,0.0021093233274251943,0.6453409858107839,0.21176868665383003,0.17018207024882612,0.12830021439171224,0.07552642795702919,0.04296045855069823,0.02772621823936711,0.013464347934355771,0.09339594471601317,0.1015625,0.06637418337480919,0.150390625,1.5B,16384
25,2,agent_16384,agent,16384,9.704060527839234,27.92210674910173,23.73547854251236,1.6434112154746048,27.63128658327633,21.441141837809212,5.194043659560429,52.99874743295043,0.1791455309275522,-106.56514963135123,1.0372905153781176,0.5748689936479354,0.7383227989282207,0.0392156862745098,0.06487250646208523,0.9990862374531427,0.9980729481016033,0.9420915907804509,0.9565075215812153,0.9651253119518374,0.3580652107263651,0.0158663971245252,0.8580724529123707,0.09339002621277939,0.07205664910645417,0.046206463174931746,0.019232857814704424,0.00792346347224527,0.00404538130435574,0.0013680774833318308,0.0400006431665269,0.1015625,0.025165972331673107,0.150390625,1.5B,16384
25,3,agent_16384,agent,16384,9.704060527839234,20.956283782114888,23.73547854251236,1.6434112154746048,27.63128658327633,21.441141837809212,5.194043659560429,52.99874743295043,0.1791455309275522,-67.79160350188613,22.992658726871014,1.7111012562388608e-08,0.999999999895409,0.0392156862745098,0.14692666293551435,2.0244359614979626,0.9922910627628678,0.8972793933141775,0.9155808855521405,0.9273466400702388,0.6271635450883268,0.08739612654067486,0.43759871692721364,0.48364024611301737,0.04823658047072011,0.03461101867217658,0.020303190659896317,0.011601595319148754,0.007413067030286901,0.003519405003267243,0.024313341541072855,0.1015625,0.01763218909517048,0.150390625,1.5B,16384
25,4,agent_16384,agent,16384,9.704060527839234,19.381398268941023,23.73547854251236,1.6434112154746048,27.63128658327633,21.441141837809212,5.194043659560429,52.99874743295043,0.1791455309275522,-100.99154264293611,3.630252780392766,0.12024880847402995,0.9741474069667849,0.0392156862745098,0.026835549205487155,4.0001034975616845,0.9878722273551003,0.538814294927208,0.6027578551493509,0.6852529168595559,0.0790090512009769,0.005919071794733721,0.3285401563311113,0.00918743248223141,0.07535680905934043,0.05097276652482464,0.02429847768502284,0.012057365549908923,0.007553822772752303,0.0036725930106659794,0.17334697804038482,0.1015625,0.11522037412374145,0.150390625,1.5B,16384
25,5,agent_16384,agent,16384,9.704060527839234,18.477397156265184,23.73547854251236,1.6434112154746048,27.63128658327633,21.441141837809212,5.194043659560429,52.99874743295043,0.1791455309275522,-82.73704028781503,3.4223807671805844,0.15793762505111514,0.9659748575636427,0.0392156862745098,0.28265320051726966,3.3108889349750497,0.959575069655344,0.6732003797242813,0.6956606993539904,0.7253252169487264,0.045761083016317095,0.047084941869823815,0.6370401294058036,0.03127323414267326,0.4865103862737936,0.3673762284155399,0.21838259341588445,0.119136817646044,0.07453920385060442,0.03647079597391012,0.33258931683884957,0.1015625,0.254691088393778,0.150390625,1.5B,16384
25,6,agent_16384,agent,16384,9.704060527839234,21.01843465437483,20.473550879295843,1.8493480169672596,25.74200060230997,21.700281720484227,4.358090838314255,45.87435774457522,0.08387509460627464,-55.261176593601704,7.570287509821355,0.006298683567100141,0.9992941801244245,0.0392156862745098,0.6271800472769321,4.650410745095018,0.9741302678735513,0.46602654853141895,0.5192408593550327,0.5733013174207775,0.06202197464290349,0.002493560340230516,0.38197151623246395,0.020263155456101033,0.12423552585517943,0.08479535287768063,0.04035862814129312,0.01790679722572578,0.010279440969064198,0.003942582623853594,0.18827124994711525,0.1015625,0.14319946722013568,0.150390625,1.5B,16384
25,7,agent_16384,agent,16384,9.704060527839234,22.49545075898111,20.473550879295843,1.8493480169672596,25.74200060230997,21.700281720484227,4.358090838314255,45.87435774457522,0.08387509460627464,-49.529697253834456,4.671857524488587,0.07304229363494032,0.9877370292148289,0.0392156862745098,0.3938274849109272,5.067669162485593,0.9861049911149805,0.34825103329070917,0.4414280600559211,0.5472664132586021,0.15183286272216168,0.139640517017809,0.10282959198844688,0.05051384336971852,0.06136480459566108,0.03861824620109512,0.014771168545318852,0.006964081617307039,0.004291129962410761,0.0019656724530861844,0.13221352800155936,0.1015625,0.09747906445150512,0.150390625,1.5B,16384
25,8,agent_16384,agent,16384,9.704060527839234,21.08516158598186,20.473550879295843,1.8493480169672596,25.74200060230997,21.700281720484227,4.358090838314255,45.87435774457522,0.08387509460627464,-62.35149095905945,1.1539768078364432,0.5535418849239887,0.7599920272905306,0.0392156862745098,0.3498623275296939,3.4027602843831346,0.9752005716169626,0.6920742681726834,0.7239025543672377,0.7573586174129401,0.2353956174869376,0.06439034303798863,0.5245157016516976,0.0248959549305051,0.1226805048806572,0.08893793500416856,0.0521055957651361,0.027959517257043487,0.016989505139008595,0.007514716228402868,0.10260141890057133,0.1015625,0.0804993368618484,0.150390625,1.5B,16384
25,9,agent_16384,agent,16384,9.704060527839234,21.99044563618204,20.473550879295843,1.8493480169672596,25.74200060230997,21.700281720484227,4.358090838314255,45.87435774457522,0.08387509460627464,-59.78044257359579,12.423306457232684,5.774421433476454e-05,0.9999957544365798,0.0392156862745098,0.26764096506612955,4.858046434935215,0.9876354921408587,0.3762893667303382,0.4588692881692593,0.5542655965558929,0.034373452358938794,0.02461953364860811,0.03975490203258752,0.002635285980851141,0.06727295900152112,0.043919129957145114,0.02130658576770502,0.00850537842447072,0.00390583344125358,0.001360083483460262,0.06002535022814186,0.1015625,0.05128516563131065,0.150390625,1.5B,16384
25,10,agent_16384,agent,16384,9.704060527839234,20.55081791630664,20.473550879295843,1.8493480169672596,25.74200060230997,21.700281720484227,4.358090838314255,45.87435774457522,0.08387509460627464,-60.16275177709758,1.0034117203904316,0.5831076936867547,0.7316039997160616,0.0392156862745098,0.3949029316401805,2.755403521985132,0.9799401062932296,0.7626543319125388,0.7860720028772362,0.8135224259399708,0.2920146084951232,0.0144857980762092,0.684044762690249,0.09890552467617983,0.0974929365943325,0.07058833780059028,0.0392116502540694,0.02133464021662295,0.0139922830112721,0.007296960985034227,0.0907044399399759,0.1015625,0.07138446778104146,0.150390625,1.5B,16384
25,11,agent_16384,agent,16384,9.704060527839234,19.65789997721748,20.473550879295843,1.8493480169672596,25.74200060230997,21.700281720484227,4.358090838314255,45.87435774457522,0.08387509460627464,-54.705266217235476,3.277822222793475,0.157906309711279,0.963483965865314,0.0392156862745098,0.4679007659512704,4.8048567980776,0.965077481844141,0.5058332997790925,0.5415373263549231,0.5875801631681855,0.15313572717675483,0.010649586656391818,0.3968701646992846,0.02033241924642068,0.15999322661872958,0.11537607437067668,0.06420086347441947,0.03193332980784301,0.019720435427450115,0.009156584802722061,0.19674787375007635,0.1015625,0.14772067633827965,0.150390625,1.5B,16384
26,0,agent_16384,agent,16384,9.704060527839234,29.704517081046074,23.200208526756175,2.113270248693677,30.0066068854519,23.94979543595304,9.239005832855545,69.57886663609597,0.1571163121624756,-40.77469602972269,7.76450704690069,0.0037194843330209866,0.9995756373401451,0.0392156862745098,0.33452931769455696,4.614738092446622,0.9710876312254275,0.5151806660123615,0.6087929429768398,0.678892681809607,0.13611590251738848,0.2727769323734168,0.26339446992837395,0.16280446562466996,0.11485009950796224,0.09159694345469263,0.055527036865484054,0.030014340221221954,0.01894177278069633,0.00844904294016042,0.03984709455219482,0.1015625,0.020048664043496128,0.150390625,1.5B,16384
26,1,agent_16384,agent,16384,9.704060527839234,19.941747674812017,23.200208526756175,2.113270248693677,30.0066068854519,23.94979543595304,9.239005832855545,69.57886663609597,0.1571163121624756,-59.94258621148765,1.1360356658697128,0.5545697055653012,0.7569510095916719,0.0392156862745098,0.343821419450588,5.186494549106683,0.9703462669083298,0.4052340334322969,0.45424738486008226,0.5145317736740533,0.14221547872758222,0.01888190403671386,0.25141116465154617,0.013571549776082669,0.1810167390585916,0.1727186496693764,0.07393110061505422,0.026991969961275588,0.01409428820578003,0.005935225063705648,0.15371555006521398,0.1015625,0.11441826621586759,0.150390625,1.5B,16384
26,2,agent_16384,agent,16384,9.704060527839234,20.908770892484647,23.200208526756175,2.113270248693677,30.0066068854519,23.94979543595304,9.239005832855545,69.57886663609597,0.1571163121624756,-59.58439800608903,1.8850260389735922,0.38982489159565625,0.8681869845836383,0.0392156862745098,0.49633522819785847,4.283018118829765,0.9693243546615035,0.5558378140670306,0.5913004647842027,0.628019655504638,0.045169536192398274,0.023187086074090146,0.4596681691413873,0.010426253880613051,0.1316377762624979,0.13243028857960906,0.07162535997717867,0.030015513774165285,0.0165130839438314,0.00697047130526703,0.1827061955676511,0.1015625,0.14341176949540596,0.150390625,1.5B,16384
26,3,agent_16384,agent,16384,9.704060527839234,19.624160176503388,23.200208526756175,2.113270248693677,30.0066068854519,23.94979543595304,9.239005832855545,69.57886663609597,0.1571163121624756,-58.168040168471634,3.219045447418466,0.16303600174666522,0.9615424728113787,0.0392156862745098,0.49870611798991155,4.429805896898081,0.9644155901900934,0.5283607489840543,0.5649839014473448,0.6079012920161208,0.08034765618310713,0.003762659900810039,0.46704492335437214,0.02105867841359382,0.14076661705425617,0.10204804849703723,0.05278713278662935,0.020327490961181353,0.014449226341160333,0.007591920050721165,0.14978162466977024,0.1015625,0.10325504828425781,0.150390625,1.5B,16384
26,4,agent_16384,agent,16384,9.704060527839234,21.61751010489997,23.200208526756175,2.113270248693677,30.0066068854519,23.94979543595304,9.239005832855545,69.57886663609597,0.1571163121624756,-51.61932395864278,10.469973471015692,0.00032861463525107545,0.9999714402517389,0.0392156862745098,0.5355367112671563,5.218268757971735,0.9641485437516978,0.4191271805772521,0.46826788611548503,0.5195940346640078,0.14297751482208332,0.054438845170194705,0.3094955139186029,0.012514579687588435,0.15888057027177313,0.11387275414799114,0.0683245748250045,0.026995900237116476,0.01361272961126529,0.005406387008482947,0.14912601614154344,0.1015625,0.11253336073210855,0.150390625,1.5B,16384
26,5,agent_16384,agent,16384,9.704060527839234,30.26694941343109,23.200208526756175,2.113270248693677,30.0066068854519,23.94979543595304,9.239005832855545,69.57886663609597,0.1571163121624756,-48.297986302524805,20.584102477878332,6.85314860499561e-08,0.9999999975567015,0.0392156862745098,0.33124048659607497,4.386059686751051,0.9811427362139182,0.5607088982876439,0.6279843247289797,0.6952980035204125,0.16639421956103895,0.022622531672464863,0.24027459872441798,0.35479838091967586,0.1014682012250348,0.06153611898479474,0.025741325511585256,0.011628237543868292,0.006720164211161224,0.0026638620417911494,0.08638372958277929,0.1015625,0.0637782196017152,0.150390625,1.5B,16384
26,6,agent_16384,agent,16384,9.704060527839234,20.25096830949267,20.984255883275665,1.7669915871038875,26.689735806947017,25.53039756716982,9.211979544778766,74.28216162039134,0.16732673809017118,-55.48613756382838,9.122555605892558,0.001191432873383763,0.9998841616093201,0.0392156862745098,0.38802709270269636,4.284579599369485,0.9612285219343242,0.5506443318471795,0.5868539506733025,0.6252531631892615,0.28296948387291243,0.006596234673045931,0.49139723365975996,0.025745258548974664,0.313747136040571,0.21797853165294329,0.10876166826566504,0.04990237541194274,0.031168343735415605,0.015651999144310053,0.25251131927215575,0.1015625,0.1840388085275614,0.150390625,1.5B,16384
26,7,agent_16384,agent,16384,9.704060527839234,20.51998406510973,20.984255883275665,1.7669915871038875,26.689735806947017,25.53039756716982,9.211979544778766,74.28216162039134,0.16732673809017118,-38.24899364961311,9.57400199631229,0.0007365289488587697,0.9999304068077041,0.0392156862745098,0.5745158317292989,5.228905634115267,0.9761776110245961,0.3756411836544788,0.42843874498756623,0.5051257805240321,0.1537652193352233,0.007672559816892938,0.121976995862017,0.011866552096909866,0.18207765816017935,0.1233283130234673,0.050616245372381685,0.021783048269910475,0.013131255133042892,0.006009951109488157,0.08475849362139,0.1015625,0.06259458490588483,0.150390625,1.5B,16384
26,8,agent_16384,agent,16384,9.704060527839234,20.789592033732532,20.984255883275665,1.7669915871038875,26.689735806947017,25.53039756716982,9.211979544778766,74.28216162039134,0.16732673809017118,-46.846144447801635,9.317674760939553,0.0009353493260679842,0.9999096442986828,0.0392156862745098,0.4839252974595244,5.160364288706724,0.9525134306618315,0.4461624001220336,0.4804302383190682,0.5272964099117596,0.008206412873556168,0.08835741712986733,0.3355652324196969,0.019958084041301456,0.2653408042992967,0.2314076207210002,0.12896893063560316,0.06063655898483469,0.0349574617001353,0.015759304508744413,0.1852211898815464,0.1015625,0.1381458518389572,0.150390625,1.5B,16384
26,9,agent_16384,agent,16384,9.704060527839234,20.789832575776646,20.984255883275665,1.7669915871038875,26.689735806947017,25.53039756716982,9.211979544778766,74.28216162039134,0.16732673809017118,-46.2116417796351,6.720933286240324,0.009299871891083401,0.9987958338136902,0.0392156862745098,0.5649050905073258,4.534857724783992,0.9599766899901059,0.5213570679043454,0.5536751126502515,0.5889234222313127,0.09043651589855384,0.0696738403571775,0.4560037934008549,0.018389661388076413,0.27566987789677705,0.1996886178911988,0.10849995069117338,0.048136314968374644,0.029813229843247104,0.015225714804381847,0.2890402926862721,0.1015625,0.21135057451283695,0.150390625,1.5B,16384
26,10,agent_16384,agent,16384,9.704060527839234,29.53590824989671,20.984255883275665,1.7669915871038875,26.689735806947017,25.53039756716982,9.211979544778766,74.28216162039134,0.16732673809017118,-47.23324219882488,13.71934317983687,1.7333130086813275e-05,0.9999988406395938,0.0392156862745098,0.41598364450825887,4.776782306460855,0.9627163078714069,0.5124078879101072,0.5626629629150689,0.6102570263006293,0.011263650434127304,0.032258923895722935,0.3531099957198749,0.18105561875098286,0.19901681531197685,0.12506026583166133,0.06253426618823726,0.03174788929267066,0.019940723781623294,0.009631794123053447,0.17617921633411457,0.1015625,0.1348431959200836,0.150390625,1.5B,16384
26,11,agent_16384,agent,16384,9.704060527839234,20.44886445883515,20.984255883275665,1.7669915871038875,26.689735806947017,25.53039756716982,9.211979544778766,74.28216162039134,0.16732673809017118,-49.828589390497655,1.0405516889877617,0.5741476710385929,0.7389563522522306,0.0392156862745098,0.49504657887540754,4.611567598417267,0.9584802195146088,0.5086516956806466,0.5490024485811711,0.5982704116316038,0.005446821625525011,0.03700361590354895,0.45491448389587374,0.019540370801060247,0.30098874871119835,0.2147293238970828,0.11825705765237161,0.05293024346588544,0.02749209742315947,0.011832435965665043,0.22157899077814242,0.1015625,0.16728624523435373,0.150390625,1.5B,16384
27,0,agent_16384,agent,16384,9.704060527839234,22.585088343773712,18.490780446633423,1.8721779890993755,24.93330209338259,23.741136697962958,9.029166507593008,61.66312147531895,0.15586098424216138,34.42923370748758,10.637331785168499,0.00028354362752091124,0.9999757514175728,0.0392156862745098,0.3259425407969994,5.283362988432433,0.9773083207421076,0.32857516070700216,0.3952697239974007,0.4844254101209459,0.04603495850629624,0.10289421816113187,0.006748444261435901,0.007420392142268424,0.148336126212834,0.10323925967786718,0.04885285198798653,0.02187990346297253,0.012287525617703627,0.005294701394939192,0.06328644632491204,0.1015625,0.05147118697734316,0.150390625,1.5B,16384
27,1,agent_16384,agent,16384,9.704060527839234,18.47952682071757,18.490780446633423,1.8721779890993755,24.93330209338259,23.741136697962958,9.029166507593008,61.66312147531895,0.15586098424216138,39.50345550151542,5.012890533078462,0.03976387025992201,0.993391647749463,0.0392156862745098,0.39475062521725474,7.367123980924186,0.8996123651653465,0.10227164480343921,0.14550944971156315,0.1935744115113226,0.11361991675757732,0.18080803081999175,0.02430712192098742,0.03669322223423397,0.19839734308991916,0.18730289751092016,0.12123058151647917,0.06808079412520339,0.04398809443558862,0.022024254174385933,0.05415786228176437,0.1015625,0.04965535579792007,0.150390625,1.5B,16384
27,2,agent_16384,agent,16384,9.704060527839234,17.63059122260501,18.490780446633423,1.8721779890993755,24.93330209338259,23.741136697962958,9.029166507593008,61.66312147531895,0.15586098424216138,29.825913466513157,0.8761861519888043,0.6057278881299227,0.7060279090665416,0.0392156862745098,0.38078037333574805,7.10773237080971,0.9111414876707806,0.13817637183069914,0.19078501923506835,0.2460496467108217,0.012424680206769345,0.056983685054172284,0.03709806014288052,0.04106391228678464,0.2633341951793398,0.20835563854148545,0.11615302693355056,0.05748966405274958,0.038318836225486284,0.019578264466549714,0.15000627859657692,0.1015625,0.10833660091358921,0.150390625,1.5B,16384
27,3,agent_16384,agent,16384,9.704060527839234,18.653718920439413,18.490780446633423,1.8721779890993755,24.93330209338259,23.741136697962958,9.029166507593008,61.66312147531895,0.15586098424216138,40.20789477229118,7.735886715352535,0.003906023640601895,0.9995564571379012,0.0392156862745098,0.391221898057346,7.272155692101148,0.902839931305013,0.11239723464512609,0.16661396442865523,0.22260839713670005,0.015502432745852168,0.04167986142939384,0.026405029295305495,0.04341875065132976,0.1330067034373108,0.1224489451744839,0.08842293438552981,0.06471573514400061,0.04319191180580315,0.0251008133263707,0.06989623202496893,0.1015625,0.05887945354644339,0.150390625,1.5B,16384
27,4,agent_16384,agent,16384,9.704060527839234,18.872861264569615,18.490780446633423,1.8721779890993755,24.93330209338259,23.741136697962958,9.029166507593008,61.66312147531895,0.15586098424216138,48.49013642966747,6.783316334709525,0.00921976646186959,0.9988328699401812,0.0392156862745098,0.412104938423138,7.368486185086013,0.902893616671641,0.09876237696348898,0.14793978600435473,0.20636362776025788,0.1061734326360968,0.11350351506452494,0.014271436477540402,0.041105395421103724,0.23126451937117326,0.20940401034548076,0.17207859062940942,0.09884189250383453,0.05708336018956829,0.02448959300410044,0.04996706590788901,0.1015625,0.045433549821251765,0.150390625,1.5B,16384
27,5,agent_16384,agent,16384,9.704060527839234,22.40272763496217,18.490780446633423,1.8721779890993755,24.93330209338259,23.741136697962958,9.029166507593008,61.66312147531895,0.15586098424216138,40.215350314974785,5.125309877097607,0.03624504690271372,0.9940885723633758,0.0392156862745098,0.3454457509219281,7.032279857416414,0.9246182191866652,0.13168962215835436,0.1785074106438822,0.2367111118690884,0.14698144435719396,0.0007466103479458752,0.021180812756291717,0.031491149342967706,0.33013912450004235,0.24927883779189183,0.14817906102289813,0.06556904466728698,0.038999045903133994,0.018575621777490274,0.07096450534974046,0.1015625,0.0539183185921222,0.150390625,1.5B,16384
27,6,agent_16384,agent,16384,9.704060527839234,16.993346444431427,19.485557719468012,1.6865913407321411,25.682102271167977,25.99687717919806,10.658036104003964,65.44693713725644,0.1403920796745981,59.904575841501355,11.811400389298797,0.0001155003516969256,0.999991265989852,0.0392156862745098,0.3754163469117421,7.054677264142324,0.9281293003395565,0.11723698279767668,0.17866609166079955,0.24201758960257602,0.003007430522343313,0.0727322685662184,0.008718177575927662,0.03213260595793209,0.21677596945000197,0.22883609438852992,0.15837348389615943,0.05927334924904686,0.03278075847297823,0.012732574579571517,0.08903658543495342,0.1015625,0.061144772342316064,0.150390625,1.5B,16384
27,7,agent_16384,agent,16384,9.704060527839234,17.505497002673525,19.485557719468012,1.6865913407321411,25.682102271167977,25.99687717919806,10.658036104003964,65.44693713725644,0.1403920796745981,33.05125684849918,11.010936946142465,0.00024580909771025844,0.9999800566508154,0.0392156862745098,0.2519577114491488,6.637596007443348,0.9381114714366897,0.19706946187666938,0.24632401405439186,0.3103324954905438,0.22760170635646926,0.12140637843257185,0.006767859991350684,0.02129002971147575,0.38483693614383335,0.31097534089138534,0.1513334728830127,0.06696629593134729,0.03768982351491683,0.01591397380981854,0.06555848723927013,0.1015625,0.04982194578406175,0.150390625,1.5B,16384
27,8,agent_16384,agent,16384,9.704060527839234,16.19717121499244,19.485557719468012,1.6865913407321411,25.682102271167977,25.99687717919806,10.658036104003964,65.44693713725644,0.1403920796745981,56.46759610064328,12.60406351275742,6.817512823440671e-05,0.999995176628299,0.0392156862745098,0.3531057795565801,6.374723617454933,0.9473802704988793,0.2246305290035643,0.2779452789973587,0.3495190760801036,0.13233115766795844,0.030089857410533938,0.006221760613953685,0.023576853005157182,0.3616494854763329,0.2829289597616312,0.1336699303365787,0.05551379538532666,0.029101959308819255,0.012925585646963637,0.05197450671646972,0.1015625,0.042529386583171735,0.150390625,1.5B,16384
27,9,agent_16384,agent,16384,9.704060527839234,23.297815934540246,19.485557719468012,1.6865913407321411,25.682102271167977,25.99687717919806,10.658036104003964,65.44693713725644,0.1403920796745981,61.27643275260925,19.28301654011011,1.0068352522257866e-07,0.9999999957608816,0.0392156862745098,0.2523465293150236,6.465613285689679,0.9213855182147858,0.28557486989541936,0.3519035793082886,0.4052970379121442,0.22436900092883505,0.020730433202264642,0.007597552945550187,0.3518137815657395,0.21581998082465656,0.14423304914816337,0.08168662961050221,0.047032356061211186,0.03192657935213548,0.016843390029465558,0.17571083768504295,0.1015625,0.13649052644267648,0.150390625,1.5B,16384
27,10,agent_16384,agent,16384,9.704060527839234,23.627859099334515,19.485557719468012,1.6865913407321411,25.682102271167977,25.99687717919806,10.658036104003964,65.44693713725644,0.1403920796745981,56.50041082687676,20.192151503637433,5.090677988214936e-08,0.9999999982891914,0.0392156862745098,0.30079918319847376,2.746169119275444,0.9677463188460366,0.7656735698280264,0.7919731129482764,0.8050716614288794,0.14632266804154437,0.07027340035066931,0.0005481045616108918,0.7919557603530537,0.14009948978631706,0.11258824532872555,0.07228598974606584,0.043003603062827085,0.028345654440830592,0.013859175072047565,0.07914897141237351,0.1015625,0.059710568223514254,0.150390625,1.5B,16384
27,11,agent_16384,agent,16384,9.704060527839234,15.379529768377076,19.485557719468012,1.6865913407321411,25.682102271167977,25.99687717919806,10.658036104003964,65.44693713725644,0.1403920796745981,36.772771406918764,4.4104253221303225,0.06506816704573991,0.9879925385242054,0.0392156862745098,0.38729892559545875,7.17510008515041,0.9116627093007457,0.1297130700820218,0.18500737024109573,0.2497763854417881,0.06159900994467282,0.16926688553526859,0.02725997608557556,0.03864463335395035,0.20513453469699003,0.17668286294850813,0.14397899781815016,0.08675939423437974,0.04896864455951697,0.022095893352715387,0.09335113878909475,0.1015625,0.0652763617318866,0.150390625,1.5B,16384
